Index,Index_list
109776,"[47258, 54730, 29734, 94371, 82668, 19894, 83368, 88353, 5332, 52778]"
109777,"[106992, 67136, 94927, 5906, 10444, 28477, 47208, 8286, 34244, 105353]"
109778,"[98603, 38098, 31137, 34689, 50126, 105233, 12594, 96231, 101241, 29235]"
109779,"[37568, 48556, 4566, 72850, 103603, 70377, 50655, 33163, 32984, 35290]"
109780,"[106819, 96443, 9305, 3221, 84688, 41948, 62790, 24801, 106673, 68308]"
109781,"[102931, 90249, 58815, 46344, 51183, 38767, 36781, 63049, 39372, 51049]"
109782,"[87823, 18186, 56862, 80772, 58012, 80052, 54184, 87025, 82203, 3853]"
109783,"[12766, 42607, 14109, 80403, 58438, 49936, 42740, 22443, 79150, 101323]"
109784,"[84520, 105943, 51951, 22105, 49360, 18822, 95925, 69783, 91316, 104820]"
109785,"[12082, 79813, 19538, 31022, 9247, 88554, 38471, 30053, 22677, 101062]"
109786,"[40971, 802, 41681, 32487, 28447, 21983, 3040, 42519, 47911, 15735]"
109787,"[74337, 81404, 83800, 95311, 8810, 19953, 64219, 19879, 104274, 89976]"
109788,"[98268, 7291, 102449, 35844, 99821, 18777, 53349, 66796, 104160, 41142]"
109789,"[8660, 40067, 17036, 5455, 67752, 86273, 16118, 39645, 87618, 13467]"
109790,"[13407, 25403, 80926, 22956, 29227, 91795, 39452, 1365, 49843, 91225]"
109791,"[74038, 30987, 80044, 6492, 30616, 26002, 55335, 61520, 64490, 19323]"
109792,"[80661, 27365, 64489, 31903, 26788, 90934, 83467, 77202, 19438, 13198]"
109793,"[52385, 27363, 109644, 4383, 21434, 18517, 29836, 42976, 35331, 16168]"
109794,"[4441, 93782, 35412, 45230, 26579, 57694, 35963, 29743, 109107, 14140]"
109795,"[15187, 80487, 16728, 52636, 18858, 2168, 18598, 43133, 73212, 15888]"
109796,"[6342, 43271, 17482, 19115, 82204, 14222, 69691, 50294, 28479, 9688]"
109797,"[94401, 68214, 15944, 108338, 78194, 7812, 98098, 76109, 97737, 98125]"
109798,"[5326, 56095, 70616, 109122, 69551, 56898, 92730, 66636, 78308, 108395]"
109799,"[60252, 17841, 26899, 80731, 53019, 96339, 79755, 82917, 96882, 55656]"
109800,"[46465, 27454, 50932, 46070, 97692, 50665, 70072, 81477, 57139, 99654]"
109801,"[100361, 90925, 10089, 28497, 85051, 74139, 29125, 6346, 27020, 10031]"
109802,"[38958, 84713, 29294, 36890, 26000, 90602, 67865, 64587, 23955, 18895]"
109803,"[77486, 16062, 57636, 8471, 31172, 57129, 41441, 5794, 105490, 71662]"
109804,"[31025, 96601, 69269, 61312, 91757, 52110, 87847, 12234, 107337, 4238]"
109805,"[20161, 5400, 44305, 23904, 32741, 73335, 61476, 74124, 44064, 33212]"
109806,"[9765, 42127, 71614, 33956, 23011, 61491, 23674, 108948, 46122, 92585]"
109807,"[22276, 16387, 27659, 16587, 70528, 70296, 3887, 58849, 10391, 78771]"
109808,"[10343, 5758, 65598, 16492, 585, 54753, 86386, 29091, 89639, 29030]"
109809,"[56714, 31005, 24869, 28603, 78747, 5925, 11018, 6495, 17698, 84919]"
109810,"[27286, 9766, 16688, 83138, 95198, 36518, 14610, 61191, 98217, 58423]"
109811,"[31619, 6973, 89627, 45754, 56651, 48171, 74965, 108497, 61790, 107949]"
109812,"[71738, 36876, 103645, 71374, 70400, 87146, 49815, 50649, 2252, 9541]"
109813,"[82012, 24787, 10579, 19257, 46156, 84720, 88275, 30169, 19444, 69776]"
109814,"[65204, 108126, 75626, 2165, 43930, 86943, 93376, 79063, 85624, 39243]"
109815,"[101382, 27992, 65622, 41776, 101091, 52604, 48709, 31315, 27879, 69969]"
109816,"[17908, 69701, 63738, 28628, 7273, 84470, 103783, 14941, 29119, 53205]"
109817,"[95107, 43556, 13833, 12077, 34980, 6913, 77570, 92897, 78210, 27451]"
109818,"[60389, 7726, 66348, 32134, 92275, 108003, 75368, 94915, 97230, 24921]"
109819,"[22473, 87273, 97032, 90983, 78890, 100933, 58666, 3960, 74648, 92956]"
109820,"[78980, 40670, 33284, 1493, 104946, 80602, 57369, 7573, 45795, 97355]"
109821,"[35474, 40662, 52763, 107150, 97269, 20553, 33098, 54170, 86759, 28489]"
109822,"[109658, 3048, 79226, 30030, 94923, 94389, 50320, 52900, 85889, 68921]"
109823,"[19383, 91059, 39434, 46069, 13409, 12536, 48065, 12595, 79448, 43942]"
109824,"[102042, 26438, 43635, 27750, 32444, 31373, 41460, 29693, 86330, 53811]"
109825,"[10589, 80509, 98059, 47653, 41240, 107260, 88784, 39193, 42390, 69333]"
109826,"[55094, 30745, 17993, 65587, 59965, 108848, 5114, 44199, 31849, 52298]"
109827,"[32800, 23591, 23740, 82444, 36767, 17024, 14364, 67570, 106833, 8284]"
109828,"[96879, 23273, 41300, 34065, 1862, 88535, 88578, 86829, 73719, 68128]"
109829,"[71430, 14106, 55961, 34322, 62848, 108742, 97403, 70778, 93327, 93203]"
109830,"[63875, 42584, 32622, 67879, 70168, 43565, 100881, 76743, 106530, 34415]"
109831,"[96007, 92397, 89431, 13132, 7189, 36614, 98544, 89877, 78038, 56870]"
109832,"[89632, 102381, 2921, 63597, 27498, 84686, 100179, 92202, 18546, 24734]"
109833,"[89764, 104106, 67379, 48884, 2851, 13676, 26747, 92613, 73442, 91662]"
109834,"[43073, 80332, 25685, 45930, 54613, 36402, 93502, 26647, 92885, 95558]"
109835,"[54543, 72293, 38323, 3888, 101185, 47852, 83769, 38704, 88851, 27670]"
109836,"[91688, 42125, 30505, 54023, 46271, 96534, 3356, 46937, 37776, 82682]"
109837,"[95753, 94190, 34839, 81523, 66826, 28999, 31335, 74577, 33969, 74140]"
109838,"[56692, 67503, 94244, 19389, 77092, 12584, 42147, 68787, 103272, 44621]"
109839,"[55561, 62486, 13548, 90062, 100800, 104174, 91759, 55781, 24503, 45678]"
109840,"[28903, 90153, 90137, 4488, 27220, 38301, 20073, 91105, 46228, 25631]"
109841,"[22676, 61552, 5360, 90984, 62855, 4506, 54038, 35475, 59181, 21730]"
109842,"[33690, 17765, 74729, 9181, 57106, 104712, 21084, 11622, 89328, 97713]"
109843,"[47442, 11158, 104637, 83216, 27012, 94219, 68068, 35714, 100432, 30243]"
109844,"[23610, 109331, 43170, 52765, 17111, 51300, 84672, 14173, 5831, 103631]"
109845,"[29832, 99743, 74981, 50836, 56843, 35811, 104400, 55761, 12116, 85819]"
109846,"[22645, 16549, 94917, 47755, 36449, 66415, 66745, 18565, 9453, 107200]"
109847,"[59316, 20800, 75160, 90520, 9787, 75760, 96484, 101747, 80745, 91003]"
109848,"[66917, 70342, 11829, 92508, 92914, 67532, 108901, 48088, 31763, 86632]"
109849,"[17608, 59707, 84284, 31275, 35399, 55545, 16479, 89994, 24854, 55926]"
109850,"[3765, 56994, 30070, 25588, 41674, 73854, 23515, 97157, 20729, 89059]"
109851,"[78759, 59725, 11938, 71470, 70686, 88604, 29563, 94545, 82477, 51350]"
109852,"[22515, 19527, 41219, 88398, 98484, 57539, 7834, 88241, 24368, 21880]"
109853,"[98531, 109283, 23062, 54222, 19236, 77534, 46551, 89779, 79930, 96411]"
109854,"[100548, 58718, 55241, 15891, 31229, 35358, 54508, 8906, 18480, 82655]"
109855,"[105176, 33751, 16047, 10319, 22203, 83757, 53230, 67111, 97447, 103713]"
109856,"[7340, 103118, 86327, 79854, 47913, 23754, 67681, 23546, 18523, 28815]"
109857,"[5586, 88343, 15125, 54142, 30620, 33371, 50493, 18715, 97234, 46112]"
109858,"[30299, 51450, 85262, 73606, 100228, 80414, 44188, 65543, 52332, 76148]"
109859,"[96052, 47946, 72296, 18505, 82531, 57232, 34205, 84606, 42749, 28658]"
109860,"[8488, 30546, 2063, 30242, 57646, 17767, 21117, 99966, 26274, 31394]"
109861,"[7114, 54104, 34933, 28794, 6717, 29327, 25495, 16751, 42877, 104893]"
109862,"[21615, 50469, 39212, 39686, 93641, 25232, 9769, 106272, 92266, 67768]"
109863,"[82917, 55656, 13030, 35067, 97419, 79755, 96882, 82103, 55734, 17841]"
109864,"[10780, 34614, 909, 48376, 40856, 35194, 38824, 30602, 28277, 35939]"
109865,"[34235, 9795, 39986, 12600, 12713, 54901, 19224, 87807, 8121, 5753]"
109866,"[101052, 109266, 28917, 87291, 101214, 212, 735, 79766, 87757, 40860]"
109867,"[82480, 55406, 26977, 14043, 86180, 71817, 101741, 12544, 40095, 84265]"
109868,"[74747, 59820, 46530, 5128, 18441, 3374, 8556, 47669, 25326, 37812]"
109869,"[87766, 23746, 58868, 71446, 60089, 29833, 14391, 21351, 69383, 86333]"
109870,"[20901, 31910, 57271, 20014, 37100, 103583, 43665, 45650, 66334, 74709]"
109871,"[2901, 69563, 23414, 100415, 46844, 83489, 9100, 6376, 103495, 31608]"
109872,"[59247, 70772, 98546, 73567, 106522, 98891, 29503, 50138, 69340, 70257]"
109873,"[9295, 56503, 49614, 494, 81939, 43978, 47199, 72476, 53145, 23854]"
109874,"[50977, 66622, 45449, 81578, 54424, 28870, 4170, 77273, 105850, 29370]"
109875,"[87663, 43069, 27882, 69146, 88694, 49803, 74654, 76225, 109311, 2932]"
109876,"[38106, 75049, 20164, 61920, 29442, 24633, 46579, 94722, 100014, 36737]"
109877,"[95920, 24567, 62989, 60395, 105026, 41926, 54301, 45636, 9095, 18960]"
109878,"[63665, 40117, 58655, 95885, 97867, 23167, 14744, 12090, 108980, 69709]"
109879,"[75952, 77468, 54267, 93467, 37549, 9224, 39552, 28995, 85463, 34067]"
109880,"[17941, 63475, 35368, 32984, 104550, 46888, 101776, 61183, 49333, 27888]"
109881,"[34051, 71813, 49856, 42736, 16654, 90210, 108148, 11836, 102534, 84917]"
109882,"[48912, 82602, 10713, 99741, 58879, 37824, 32573, 47044, 43432, 7464]"
109883,"[48360, 21349, 99446, 17156, 57424, 65153, 2232, 103238, 18576, 101187]"
109884,"[109007, 64283, 42113, 81702, 1772, 28992, 45487, 42288, 65904, 95003]"
109885,"[23869, 42403, 61288, 48960, 16685, 12716, 57247, 16806, 109476, 92788]"
109886,"[108718, 95272, 90325, 52448, 95571, 263, 46421, 22575, 56972, 102280]"
109887,"[101146, 68827, 66810, 52776, 85705, 23133, 90179, 17595, 101083, 45466]"
109888,"[96959, 84508, 34660, 38707, 32090, 7162, 46837, 61870, 12726, 50077]"
109889,"[89707, 73715, 40889, 107776, 54132, 23572, 82960, 20510, 37146, 79147]"
109890,"[79826, 66587, 66139, 56955, 104528, 51529, 93462, 100947, 22030, 36181]"
109891,"[65506, 21643, 80249, 92768, 107198, 70683, 99876, 61208, 68477, 10125]"
109892,"[68262, 65190, 70660, 79213, 46098, 48732, 77604, 66978, 89073, 70536]"
109893,"[47715, 31376, 52577, 77129, 6813, 82865, 55356, 15743, 95066, 53638]"
109894,"[78480, 62976, 31438, 59035, 106701, 93256, 11684, 53162, 22647, 27276]"
109895,"[18225, 107330, 96362, 65929, 35093, 22790, 103731, 3956, 52907, 105191]"
109896,"[109006, 74703, 85790, 45522, 9302, 86043, 23073, 105192, 29874, 46849]"
109897,"[96801, 24246, 10810, 32193, 88038, 103842, 29273, 45705, 12023, 48160]"
109898,"[40476, 49705, 22283, 10915, 3770, 43364, 55614, 16802, 36828, 99170]"
109899,"[23544, 88866, 74651, 15216, 53668, 76736, 66016, 41186, 101422, 74108]"
109900,"[70092, 97880, 46918, 98916, 48851, 98575, 20025, 61390, 92126, 82967]"
109901,"[98576, 51533, 27307, 97781, 21415, 57870, 74951, 22114, 94405, 23983]"
109902,"[3522, 48137, 36451, 37832, 53149, 7883, 625, 78444, 89401, 15790]"
109903,"[10300, 37828, 33985, 5203, 50450, 40541, 2099, 70582, 106173, 27248]"
109904,"[55390, 62093, 55591, 34089, 31739, 92053, 89174, 36496, 97923, 90483]"
109905,"[50524, 101758, 68320, 12450, 61702, 36393, 100334, 82314, 97429, 100172]"
109906,"[55259, 65123, 91130, 78245, 76249, 57588, 106054, 59104, 87875, 63663]"
109907,"[21471, 64376, 38043, 49558, 38975, 15045, 18282, 95765, 51035, 1416]"
109908,"[84618, 93320, 1761, 17289, 54967, 67645, 19678, 2681, 81640, 41980]"
109909,"[62064, 22193, 4735, 40314, 42883, 99174, 36237, 42122, 100399, 35565]"
109910,"[29375, 22270, 92737, 50161, 77, 10728, 93504, 90961, 38650, 87243]"
109911,"[74105, 92170, 71331, 39949, 40449, 24343, 5629, 59281, 31246, 16465]"
109912,"[5954, 86675, 50810, 56197, 80419, 79526, 34552, 33852, 47038, 90373]"
109913,"[95384, 44731, 82630, 2435, 102350, 44513, 98947, 108426, 48487, 40954]"
109914,"[61230, 36428, 31774, 81943, 38854, 64037, 106176, 61392, 53852, 3659]"
109915,"[98388, 43907, 21613, 35657, 109657, 21054, 101463, 99406, 81880, 9659]"
109916,"[93449, 1448, 96046, 46185, 37116, 13763, 14123, 107146, 46869, 105795]"
109917,"[68712, 20293, 72140, 79835, 39037, 85404, 74297, 57209, 60169, 29420]"
109918,"[89948, 22705, 72575, 57078, 101314, 57508, 30319, 98419, 52010, 35917]"
109919,"[108310, 69524, 27829, 13756, 60569, 63643, 52980, 5644, 10965, 86142]"
109920,"[105597, 107813, 105831, 9012, 34096, 64153, 86074, 59006, 15981, 16738]"
109921,"[31378, 108602, 43923, 27148, 89940, 62611, 87206, 28121, 10921, 55653]"
109922,"[98992, 11910, 33791, 99749, 103269, 76762, 38139, 16164, 79684, 37645]"
109923,"[72249, 56767, 96252, 6830, 4686, 7357, 18873, 94928, 71636, 79912]"
109924,"[58758, 7026, 57840, 61017, 61749, 36761, 15746, 518, 17730, 92548]"
109925,"[81252, 96724, 50565, 6209, 52753, 36570, 51821, 37271, 11057, 5231]"
109926,"[567, 40491, 40687, 64045, 89876, 101318, 58411, 48144, 76484, 28341]"
109927,"[103098, 109497, 75424, 89021, 8368, 11071, 103082, 37794, 33679, 103507]"
109928,"[16756, 7331, 7566, 95293, 59806, 34774, 72748, 98114, 1405, 38123]"
109929,"[34026, 87958, 31804, 55833, 100043, 9639, 42672, 32638, 2, 4367]"
109930,"[41300, 34065, 104755, 5064, 96468, 96879, 57861, 15509, 21645, 73878]"
109931,"[50179, 8775, 38808, 26123, 107325, 4859, 3657, 86168, 94081, 66081]"
109932,"[33108, 11169, 97716, 55830, 94869, 17147, 83102, 4708, 87010, 28085]"
109933,"[22347, 18532, 98993, 94696, 76618, 88539, 95501, 7536, 53738, 37966]"
109934,"[66508, 105618, 71270, 72319, 86365, 34266, 107147, 30529, 99208, 81239]"
109935,"[24464, 13282, 66141, 59303, 15275, 73183, 191, 76217, 3287, 71327]"
109936,"[21433, 71708, 38382, 35351, 41714, 109356, 67607, 94122, 75268, 4904]"
109937,"[50716, 102189, 41012, 80784, 63166, 21592, 9432, 5416, 45211, 62426]"
109938,"[32231, 108216, 22359, 82205, 103142, 74241, 4255, 97171, 24158, 82517]"
109939,"[41591, 69005, 25212, 105635, 95605, 88354, 5141, 11306, 108239, 47696]"
109940,"[68351, 29173, 95510, 17331, 37653, 2170, 85455, 93887, 18717, 12549]"
109941,"[22452, 29048, 96190, 32886, 67552, 18683, 76386, 56891, 7974, 28947]"
109942,"[85628, 29257, 35100, 23358, 24501, 107788, 6753, 38331, 45423, 76129]"
109943,"[98165, 72068, 56014, 49203, 30701, 80138, 76602, 66497, 36303, 76343]"
109944,"[70828, 95265, 47285, 49091, 63381, 72240, 77855, 24540, 1014, 4529]"
109945,"[107538, 61234, 23365, 61170, 59671, 1091, 16909, 42585, 15675, 44103]"
109946,"[97492, 54805, 60617, 72291, 95431, 25008, 105007, 12854, 102684, 26289]"
109947,"[106617, 59666, 71995, 82293, 60759, 2707, 108874, 85267, 109238, 33497]"
109948,"[39906, 79010, 1220, 22907, 67549, 109682, 16686, 89380, 69848, 62466]"
109949,"[104247, 11246, 19366, 8492, 2493, 15947, 49019, 68748, 23632, 64975]"
109950,"[86401, 8095, 41023, 39475, 15206, 40451, 109183, 83981, 1183, 80920]"
109951,"[106793, 31061, 85994, 6517, 23048, 95451, 104807, 37469, 31732, 22486]"
109952,"[49173, 94586, 52065, 100144, 98033, 43914, 61189, 84515, 97262, 74617]"
109953,"[12512, 47421, 33080, 50976, 3962, 87300, 78507, 39469, 4751, 99439]"
109954,"[105340, 57481, 72357, 34852, 29995, 78863, 61350, 46862, 81275, 42599]"
109955,"[91347, 99373, 371, 95392, 105951, 1120, 99111, 92180, 59711, 106050]"
109956,"[102253, 97322, 11618, 10849, 18238, 10069, 44956, 79241, 53522, 10302]"
109957,"[61950, 23643, 83752, 69566, 64705, 101380, 90094, 82919, 55187, 97961]"
109958,"[39429, 99565, 53381, 72101, 44221, 23582, 50912, 80807, 105168, 3258]"
109959,"[100960, 23187, 70799, 75988, 59396, 64815, 107219, 81391, 98495, 46319]"
109960,"[25351, 4453, 26106, 57982, 76508, 19, 5353, 87099, 66234, 52274]"
109961,"[81669, 27490, 34170, 15305, 20008, 95715, 66740, 12308, 72909, 17501]"
109962,"[104092, 68183, 75238, 57851, 66441, 96524, 95658, 66653, 44476, 7878]"
109963,"[71966, 104690, 79060, 96730, 13436, 26907, 82664, 29997, 3953, 36810]"
109964,"[99661, 11744, 36686, 29311, 18159, 82224, 20935, 10363, 22587, 92976]"
109965,"[63406, 62009, 38823, 14085, 86418, 17335, 61327, 100307, 49343, 3196]"
109966,"[13409, 12536, 79448, 19383, 91059, 63268, 54820, 44932, 74684, 39434]"
109967,"[19006, 109142, 46619, 29768, 98116, 89668, 14747, 35347, 44074, 2146]"
109968,"[26561, 27792, 92838, 69997, 70959, 91117, 6416, 108280, 68163, 91199]"
109969,"[80068, 84923, 32551, 99529, 44447, 108284, 100006, 53085, 31209, 2245]"
109970,"[21952, 60759, 2707, 24028, 102937, 80760, 93976, 28967, 96824, 44651]"
109971,"[49734, 33773, 6300, 38290, 52278, 3707, 29490, 18352, 66418, 99450]"
109972,"[82388, 107257, 31605, 74626, 90056, 49778, 102551, 57833, 23694, 55228]"
109973,"[8056, 26439, 20103, 90932, 97501, 76343, 18055, 66497, 105162, 79475]"
109974,"[54183, 70979, 78682, 15936, 9580, 39568, 109459, 71952, 77352, 17899]"
109975,"[108825, 36500, 97969, 3603, 3365, 33466, 62177, 66745, 48504, 43331]"
109976,"[2995, 11061, 75223, 38945, 76509, 43234, 2737, 6473, 85774, 6566]"
109977,"[93850, 43516, 31830, 9579, 102770, 63748, 100440, 88646, 6726, 54967]"
109978,"[34690, 80981, 81477, 37034, 17162, 64126, 28807, 74853, 50898, 93789]"
109979,"[29620, 48215, 44057, 99288, 42335, 73385, 22709, 41297, 54091, 49833]"
109980,"[105099, 50554, 103367, 9515, 73279, 88749, 1885, 81228, 96285, 17645]"
109981,"[13903, 61288, 41524, 16379, 7774, 60140, 84602, 10686, 59956, 84930]"
109982,"[48776, 25235, 72568, 62905, 13151, 19540, 83512, 106397, 38807, 49880]"
109983,"[39319, 61763, 39820, 98907, 102017, 6750, 61347, 46166, 45157, 59632]"
109984,"[22647, 49227, 5383, 89903, 4046, 62373, 106701, 11684, 78480, 62976]"
109985,"[1513, 102850, 73767, 63215, 73004, 78617, 65374, 12432, 76628, 35865]"
109986,"[12700, 53143, 81025, 19373, 18952, 9654, 79631, 5117, 109259, 26838]"
109987,"[13321, 74045, 43241, 45617, 7418, 23180, 54994, 71947, 46851, 33559]"
109988,"[50935, 21578, 27788, 24612, 16835, 68542, 47216, 97187, 48861, 103090]"
109989,"[8885, 61952, 58309, 82489, 13208, 70537, 38638, 12053, 13222, 47898]"
109990,"[21367, 85833, 9743, 34274, 11187, 91864, 58146, 107533, 12560, 30464]"
109991,"[48676, 97192, 29419, 8858, 108685, 102094, 8946, 4886, 37691, 35122]"
109992,"[25922, 9558, 64875, 16174, 9811, 23489, 33424, 87619, 25829, 65011]"
109993,"[65207, 80894, 73818, 26894, 72272, 7628, 88399, 76641, 40433, 8814]"
109994,"[101876, 8808, 32666, 103724, 42103, 88676, 2159, 61983, 78874, 273]"
109995,"[101712, 32508, 73163, 65693, 69722, 75731, 74290, 62222, 10271, 50284]"
109996,"[47715, 31376, 52577, 100183, 50575, 37631, 93072, 33970, 30898, 53638]"
109997,"[27766, 15755, 39456, 50671, 80556, 25866, 52986, 87575, 47205, 4049]"
109998,"[71231, 33467, 2384, 19846, 107428, 2079, 30195, 96146, 81664, 27094]"
109999,"[24790, 53819, 61891, 78757, 38024, 54601, 44480, 57225, 80506, 31535]"
110000,"[46832, 2076, 53580, 34780, 17905, 56887, 8576, 22302, 14133, 2254]"
110001,"[72647, 44041, 64166, 105290, 61587, 108333, 4541, 37581, 3694, 67250]"
110002,"[19982, 6954, 41644, 95139, 72036, 99323, 41256, 41352, 81916, 74745]"
110003,"[2412, 30591, 100557, 86572, 45382, 56448, 48143, 21069, 90762, 66507]"
110004,"[30901, 90088, 12143, 24973, 31913, 27125, 7074, 26952, 4068, 84284]"
110005,"[44119, 56247, 30000, 57109, 103362, 93535, 64783, 102922, 44765, 82028]"
110006,"[65878, 10452, 30174, 98063, 32272, 1614, 63358, 85424, 10712, 18550]"
110007,"[68043, 35751, 82717, 4093, 41274, 25246, 1780, 75596, 97950, 97891]"
110008,"[78156, 54382, 61446, 54134, 82409, 64456, 108836, 76419, 17333, 91702]"
110009,"[67356, 42985, 34172, 22791, 5638, 104429, 56679, 101736, 61146, 18699]"
110010,"[68115, 69577, 82945, 42620, 90708, 42621, 56365, 39515, 20925, 7152]"
110011,"[38793, 71996, 101016, 29136, 23287, 107293, 88400, 18798, 55738, 6059]"
110012,"[22402, 30934, 54706, 4465, 72578, 88988, 103785, 38999, 93424, 30442]"
110013,"[92679, 45037, 47414, 12535, 98979, 96344, 101701, 93430, 97791, 42872]"
110014,"[15931, 48234, 36355, 69630, 42797, 14024, 105245, 35131, 20481, 100789]"
110015,"[32273, 30516, 37880, 13391, 55100, 105666, 67421, 84694, 100822, 15539]"
110016,"[94326, 66216, 69731, 91116, 103622, 77920, 60544, 84271, 7320, 6392]"
110017,"[24153, 27573, 98328, 90101, 99421, 1122, 95354, 91907, 105990, 25125]"
110018,"[42525, 14248, 106768, 19640, 92960, 6981, 69421, 6817, 6548, 48781]"
110019,"[47684, 77939, 35143, 43352, 89745, 99578, 71853, 61087, 95988, 38611]"
110020,"[24750, 93974, 101286, 11282, 59330, 29842, 86730, 32930, 83237, 80101]"
110021,"[77577, 34246, 106111, 40491, 13647, 89876, 28341, 98888, 55845, 39585]"
110022,"[82354, 103525, 70607, 85993, 78169, 101567, 818, 49163, 56088, 11025]"
110023,"[60820, 20402, 82962, 58720, 29416, 99663, 9846, 52970, 3930, 47524]"
110024,"[15036, 75073, 65155, 99593, 17383, 30009, 9015, 109069, 30030, 40461]"
110025,"[87539, 97298, 39315, 10272, 81646, 386, 38010, 97759, 5363, 49429]"
110026,"[41102, 46587, 69236, 49831, 68932, 80163, 33171, 11499, 47945, 37840]"
110027,"[43487, 105982, 15207, 109325, 73538, 6284, 79807, 79199, 108582, 65963]"
110028,"[29833, 86333, 13093, 100843, 87766, 71446, 60089, 23746, 14391, 21351]"
110029,"[82980, 68310, 41565, 63676, 64152, 88127, 82168, 86911, 44442, 39013]"
110030,"[106462, 62090, 51820, 32804, 42498, 2804, 70308, 10622, 92996, 1260]"
110031,"[105678, 74039, 60190, 16501, 91078, 95006, 33710, 10969, 83383, 3049]"
110032,"[58794, 24076, 50890, 237, 92822, 97351, 72576, 106332, 56034, 67402]"
110033,"[39048, 88606, 50246, 42623, 44371, 67642, 87973, 61758, 51357, 42331]"
110034,"[47364, 1211, 77128, 81905, 98157, 66262, 26125, 87542, 4848, 23194]"
110035,"[20548, 61482, 64746, 46948, 42190, 72593, 74733, 100350, 48688, 11130]"
110036,"[80740, 59630, 59005, 27402, 72971, 3882, 7126, 78930, 81574, 19190]"
110037,"[50377, 46498, 104389, 89917, 97541, 13707, 84225, 105655, 83772, 12912]"
110038,"[108590, 23289, 65540, 108893, 93538, 54912, 2757, 28223, 79505, 20531]"
110039,"[68847, 107985, 80549, 57066, 94243, 16038, 90344, 101897, 39132, 60329]"
110040,"[255, 92916, 100490, 58658, 61947, 85616, 4957, 8939, 60107, 24448]"
110041,"[35573, 13270, 51610, 36700, 95140, 77274, 65099, 7885, 17008, 26202]"
110042,"[37849, 108421, 32045, 67899, 60839, 37981, 7419, 67032, 78403, 27438]"
110043,"[36498, 14997, 28641, 20381, 72404, 59236, 16684, 72770, 49221, 104364]"
110044,"[42689, 79245, 77412, 3666, 54948, 57726, 42000, 30493, 25329, 91622]"
110045,"[59648, 21387, 80403, 19517, 11215, 91025, 80830, 87480, 18935, 11188]"
110046,"[104890, 16679, 79683, 82936, 24395, 56929, 44186, 58905, 79647, 85408]"
110047,"[94538, 76745, 98416, 62065, 86477, 92621, 66816, 73762, 40076, 46800]"
110048,"[72603, 99187, 83559, 108431, 99973, 19016, 48532, 82901, 6524, 16591]"
110049,"[30541, 99845, 94018, 50336, 53612, 46569, 19708, 87808, 21177, 83747]"
110050,"[60967, 26137, 48946, 43775, 81322, 76257, 64367, 23179, 62779, 40217]"
110051,"[76126, 4220, 49842, 61574, 52125, 21141, 92654, 9911, 99719, 55501]"
110052,"[1514, 56840, 3009, 9613, 37581, 95959, 4541, 12458, 72398, 42750]"
110053,"[16977, 84442, 51558, 14000, 23552, 101819, 74250, 14435, 27270, 4267]"
110054,"[73114, 94905, 834, 18091, 39254, 86870, 28620, 31096, 29256, 63539]"
110055,"[57693, 87638, 72332, 60838, 7231, 10646, 20462, 92766, 73761, 103943]"
110056,"[53432, 68225, 20795, 64799, 20023, 77895, 7029, 21841, 44742, 23941]"
110057,"[101953, 55052, 19873, 8070, 72880, 16843, 21408, 15225, 82052, 73520]"
110058,"[47075, 30832, 24414, 43795, 6356, 102405, 9214, 20690, 28056, 25595]"
110059,"[25191, 81854, 24405, 47527, 79790, 73670, 99891, 23700, 58303, 89844]"
110060,"[55616, 21671, 34677, 107945, 90541, 85240, 9651, 80710, 64277, 85602]"
110061,"[56067, 31375, 36432, 11185, 16520, 25506, 4544, 50950, 7588, 41757]"
110062,"[25349, 13189, 101378, 96640, 74015, 6773, 40326, 43700, 85277, 101783]"
110063,"[13226, 19149, 41599, 26645, 94839, 69277, 8157, 31997, 46791, 46854]"
110064,"[39033, 14508, 8374, 93054, 3948, 20868, 81344, 10142, 96206, 6811]"
110065,"[58702, 20310, 97561, 71389, 50364, 73133, 8242, 36995, 25362, 42392]"
110066,"[16322, 1605, 54937, 77041, 9772, 47601, 63231, 1029, 71778, 35782]"
110067,"[12624, 87648, 690, 15261, 12800, 69882, 99976, 92497, 79654, 101123]"
110068,"[7505, 5618, 79047, 18506, 27807, 36178, 81843, 16395, 55273, 68417]"
110069,"[18685, 106511, 22279, 98845, 59899, 51623, 103724, 90865, 74844, 21522]"
110070,"[80328, 21632, 57950, 35449, 9476, 42237, 59435, 6311, 61610, 51402]"
110071,"[27970, 47986, 10700, 44833, 34791, 59403, 60242, 98243, 63593, 17615]"
110072,"[1878, 109533, 40755, 1662, 31387, 61976, 15470, 13584, 57354, 2345]"
110073,"[56406, 79550, 42960, 76610, 81088, 42142, 40004, 63100, 51168, 37725]"
110074,"[48456, 79396, 69449, 102844, 43668, 38317, 62565, 75680, 10247, 70988]"
110075,"[52519, 3417, 93010, 18951, 14228, 31730, 27266, 16078, 88875, 57756]"
110076,"[43422, 26948, 64994, 1770, 72350, 83882, 39290, 983, 41320, 29080]"
110077,"[54118, 21005, 62583, 36517, 17490, 28889, 105144, 47739, 15793, 40609]"
110078,"[89812, 9790, 45262, 20479, 29253, 100937, 42397, 95154, 84972, 80673]"
110079,"[51376, 62510, 11145, 20000, 105513, 20211, 98178, 4810, 16089, 74843]"
110080,"[25356, 24986, 91016, 26200, 97326, 85014, 68197, 83020, 106412, 92802]"
110081,"[106632, 79874, 97760, 5527, 79934, 62934, 65681, 61716, 7696, 6339]"
110082,"[1991, 64987, 12430, 73699, 98282, 12566, 60036, 43169, 45708, 16342]"
110083,"[70481, 92179, 1084, 63312, 61642, 37643, 101185, 54543, 95080, 27329]"
110084,"[91414, 44701, 93011, 22548, 65034, 102989, 13361, 78995, 2642, 84014]"
110085,"[101535, 85002, 49389, 91372, 35621, 90991, 76277, 46128, 102769, 39888]"
110086,"[38980, 35979, 62124, 94660, 100368, 72201, 78898, 96857, 15260, 109074]"
110087,"[17879, 74874, 69315, 105674, 94471, 53099, 82870, 28855, 51480, 17149]"
110088,"[12397, 64161, 96417, 66673, 48805, 50889, 20693, 57623, 57426, 89436]"
110089,"[64565, 86631, 103441, 84240, 72103, 38336, 90253, 98609, 108505, 69390]"
110090,"[18035, 61603, 86976, 32009, 82395, 64617, 99770, 73672, 101096, 62458]"
110091,"[63886, 13480, 65228, 73500, 59169, 87170, 56233, 43176, 9932, 56206]"
110092,"[64818, 72216, 89008, 5549, 103630, 78938, 62882, 70507, 17758, 8804]"
110093,"[48221, 62612, 22310, 47242, 66270, 44926, 99745, 31039, 89518, 94571]"
110094,"[106100, 60821, 80396, 24791, 105080, 23045, 49340, 13063, 6749, 59919]"
110095,"[97461, 10180, 103799, 96733, 48490, 12328, 38733, 69663, 35352, 9695]"
110096,"[15191, 84817, 95867, 70735, 102683, 101761, 108843, 37456, 52683, 89424]"
110097,"[75579, 85049, 22871, 88386, 47847, 48795, 94720, 15089, 6121, 65070]"
110098,"[12979, 3478, 15331, 57286, 59662, 86697, 73109, 79193, 84551, 25998]"
110099,"[25327, 86661, 73539, 59916, 3796, 17642, 39719, 104399, 28699, 13366]"
110100,"[79490, 10268, 100912, 24048, 68574, 10175, 2158, 70883, 6822, 38275]"
110101,"[26661, 8461, 177, 93584, 26639, 52355, 51369, 47183, 51337, 24225]"
110102,"[87439, 86242, 1671, 67206, 59302, 34916, 56178, 74255, 3898, 59242]"
110103,"[70990, 87836, 48211, 59764, 9658, 75669, 35406, 85253, 18659, 66809]"
110104,"[57429, 58557, 102397, 22305, 104973, 100111, 36595, 105347, 63861, 375]"
110105,"[82643, 49889, 40956, 4067, 102837, 61163, 66578, 33719, 50425, 69229]"
110106,"[24913, 23371, 74705, 106780, 100275, 19265, 78929, 6764, 69325, 9490]"
110107,"[41193, 25687, 30531, 88982, 51272, 101466, 5042, 36405, 81123, 33142]"
110108,"[35810, 107076, 104079, 85351, 6364, 71993, 2282, 106130, 103872, 41641]"
110109,"[44669, 82692, 85467, 43702, 55947, 28714, 96719, 35268, 107654, 20427]"
110110,"[54477, 41917, 41440, 65269, 11830, 42729, 61049, 44807, 21143, 44334]"
110111,"[8934, 85559, 2160, 29663, 14181, 98220, 1397, 14971, 11292, 17354]"
110112,"[1385, 17971, 12074, 23825, 9659, 19355, 8426, 33308, 52098, 48225]"
110113,"[10864, 95317, 9001, 37281, 63970, 94821, 16507, 6793, 83051, 51777]"
110114,"[107131, 8449, 40495, 107235, 56344, 1012, 49900, 105285, 24584, 68308]"
110115,"[66961, 29915, 49405, 105766, 18039, 74623, 600, 73444, 105966, 40648]"
110116,"[27761, 11730, 100512, 4766, 1988, 1205, 41049, 8818, 30189, 68981]"
110117,"[17166, 49368, 26756, 36192, 97924, 47620, 62964, 34078, 64813, 35413]"
110118,"[90469, 22216, 11743, 8124, 43484, 2057, 95254, 85454, 61553, 68403]"
110119,"[100553, 24356, 47937, 19657, 45335, 98626, 33312, 43667, 88563, 44753]"
110120,"[52623, 53191, 4851, 8910, 69334, 17823, 84800, 36512, 83945, 13911]"
110121,"[73281, 34164, 78639, 36507, 34939, 2695, 83141, 29803, 46897, 22053]"
110122,"[76379, 76636, 63116, 36838, 44711, 35260, 33247, 6870, 48113, 71012]"
110123,"[46181, 59339, 14297, 88486, 103050, 23272, 39256, 52132, 75797, 109545]"
110124,"[38774, 62609, 13963, 109407, 18452, 34033, 24948, 107629, 1527, 93614]"
110125,"[7693, 4669, 49853, 89848, 9344, 94793, 19074, 26081, 2138, 90385]"
110126,"[51194, 81661, 68588, 102846, 88685, 65310, 106975, 8226, 108467, 57592]"
110127,"[103213, 66058, 80121, 72418, 97347, 36339, 18067, 96113, 89304, 20645]"
110128,"[67927, 60269, 82542, 73846, 933, 56, 28740, 7395, 5347, 18564]"
110129,"[66412, 90151, 47535, 103437, 35634, 75776, 17165, 66298, 82253, 65274]"
110130,"[36503, 101350, 72022, 17761, 94694, 3005, 73323, 42200, 45890, 94208]"
110131,"[47951, 106343, 41082, 88523, 28671, 32778, 25699, 19685, 66423, 92655]"
110132,"[15817, 79407, 77670, 63075, 85822, 41376, 15076, 44928, 56273, 27432]"
110133,"[34954, 28026, 23915, 100920, 9566, 13662, 52245, 26994, 6678, 28738]"
110134,"[12015, 46487, 33786, 93112, 69862, 2155, 33391, 20177, 97446, 6937]"
110135,"[27294, 16195, 90447, 17208, 69911, 72968, 1629, 103782, 63205, 46248]"
110136,"[26589, 67899, 11754, 62602, 41947, 42090, 49682, 44284, 90464, 37486]"
110137,"[13626, 31733, 7792, 31794, 23083, 32068, 98903, 17003, 2409, 67752]"
110138,"[4818, 54027, 54914, 8213, 89060, 59533, 49486, 84118, 94879, 43196]"
110139,"[61808, 28184, 54727, 5111, 36687, 109045, 43472, 65696, 98655, 80117]"
110140,"[13790, 104565, 25803, 45286, 42798, 23946, 103840, 12768, 73442, 64653]"
110141,"[8071, 5719, 30884, 107843, 40968, 76990, 105270, 77649, 36616, 37187]"
110142,"[102384, 84860, 102049, 89303, 73801, 26037, 47762, 20010, 58865, 46651]"
110143,"[5311, 105262, 98599, 34687, 10565, 23601, 85965, 57753, 103440, 87990]"
110144,"[7515, 38552, 3230, 83973, 77858, 80671, 25464, 74671, 13943, 87247]"
110145,"[16434, 107362, 3929, 19493, 81594, 28733, 5118, 76463, 63435, 71307]"
110146,"[99808, 82624, 33567, 10207, 102465, 80500, 101615, 3934, 83230, 51254]"
110147,"[62766, 89222, 73343, 104834, 26935, 88760, 41664, 34257, 30952, 104431]"
110148,"[44948, 38190, 52530, 12698, 98293, 84830, 81836, 28378, 86520, 42843]"
110149,"[76579, 26815, 76428, 32601, 63532, 71509, 44637, 71905, 80355, 28198]"
110150,"[25717, 3141, 96658, 32360, 64990, 18412, 82954, 51800, 82707, 62076]"
110151,"[87394, 57258, 78962, 63929, 75056, 18850, 60032, 19970, 25458, 70087]"
110152,"[59447, 68787, 8175, 26320, 103500, 38805, 86771, 61014, 101552, 56692]"
110153,"[83069, 56950, 29828, 42790, 69038, 77312, 95707, 5254, 89929, 100291]"
110154,"[39731, 52608, 50696, 63921, 11799, 42792, 53612, 6976, 106105, 27461]"
110155,"[69412, 81264, 108810, 47677, 94788, 86190, 76173, 63067, 104108, 85278]"
110156,"[31977, 80160, 56066, 61139, 37045, 13196, 15154, 31420, 55069, 18468]"
110157,"[26443, 46588, 30207, 50379, 46505, 10878, 86510, 63292, 100894, 58912]"
110158,"[104866, 26119, 85008, 32889, 108133, 96698, 61138, 33765, 30886, 88713]"
110159,"[107853, 59692, 88107, 524, 40849, 75497, 53499, 29812, 96722, 80341]"
110160,"[93229, 24858, 14638, 61080, 1025, 49924, 94305, 103583, 32494, 78285]"
110161,"[57505, 34699, 77752, 101312, 59811, 39477, 70785, 24198, 58567, 98650]"
110162,"[68745, 101166, 6408, 45312, 106697, 106984, 5209, 46644, 1855, 75275]"
110163,"[29309, 54384, 34275, 82334, 79957, 15914, 17114, 36913, 16289, 60726]"
110164,"[94048, 53080, 76992, 14061, 61490, 96106, 39065, 34735, 79422, 14384]"
110165,"[36235, 108597, 27705, 1126, 38176, 75218, 87064, 71510, 345, 52946]"
110166,"[20202, 12100, 30297, 92017, 72159, 61838, 11318, 78079, 95815, 79774]"
110167,"[62581, 9468, 106801, 2022, 85411, 74519, 47552, 11776, 107583, 80352]"
110168,"[60233, 103254, 63450, 45814, 45107, 33842, 94517, 91685, 93362, 91308]"
110169,"[99246, 17586, 91082, 76621, 80967, 27916, 107856, 97011, 49520, 40671]"
110170,"[57835, 3349, 21649, 16859, 15084, 42386, 97266, 43076, 109559, 100725]"
110171,"[105912, 100411, 79708, 65892, 74954, 102517, 68656, 4407, 91897, 105012]"
110172,"[42236, 6933, 92952, 31940, 29382, 59040, 103970, 108073, 70491, 47140]"
110173,"[53897, 76313, 17252, 3798, 32048, 37491, 73599, 50884, 39309, 36928]"
110174,"[54031, 103265, 36383, 68155, 47980, 62353, 22403, 84037, 93914, 104693]"
110175,"[29371, 40590, 40350, 38160, 56940, 48305, 38862, 81153, 41220, 40357]"
110176,"[5564, 105038, 99978, 81261, 40919, 40567, 98052, 17544, 84787, 101339]"
110177,"[79189, 47339, 105615, 14809, 52699, 49198, 43813, 22770, 28599, 108329]"
110178,"[90095, 2393, 51003, 92529, 32173, 8368, 59992, 5480, 24835, 96479]"
110179,"[89973, 37141, 72440, 66528, 67530, 36232, 102984, 2027, 43317, 73742]"
110180,"[56513, 83558, 91248, 60396, 32324, 32941, 97407, 61533, 78740, 71514]"
110181,"[27293, 77283, 77329, 9788, 12935, 107346, 35724, 11490, 16652, 102937]"
110182,"[64174, 19191, 46047, 41513, 102816, 12073, 89244, 31324, 25497, 34600]"
110183,"[103112, 41884, 25968, 61992, 16616, 23096, 75638, 65158, 100933, 17752]"
110184,"[51376, 62510, 60392, 66555, 11145, 105513, 20211, 98178, 4810, 16089]"
110185,"[31944, 17601, 2011, 4380, 65943, 85778, 9439, 32695, 70870, 34239]"
110186,"[73592, 78285, 92457, 87762, 47241, 37474, 313, 42118, 79745, 71528]"
110187,"[9211, 97162, 63714, 35537, 7918, 99436, 101725, 92983, 86797, 2553]"
110188,"[78066, 93431, 22128, 76857, 105528, 30513, 97288, 46684, 20667, 21648]"
110189,"[25908, 55177, 98671, 68020, 10256, 55751, 89386, 89228, 104322, 32225]"
110190,"[67768, 21324, 53790, 37617, 77688, 9757, 40929, 61404, 32903, 4304]"
110191,"[24407, 2452, 5772, 738, 62819, 18525, 92640, 73269, 4177, 68671]"
110192,"[4161, 17247, 29147, 55658, 91708, 11852, 16733, 49146, 107035, 105117]"
110193,"[53451, 74674, 63390, 89556, 75454, 95945, 96499, 11675, 91586, 97724]"
110194,"[96424, 21593, 7938, 27182, 70721, 69810, 24902, 28995, 12519, 67195]"
110195,"[7729, 45812, 102276, 94755, 99661, 36686, 29311, 18708, 38481, 98286]"
110196,"[101803, 88598, 6138, 76468, 72739, 82074, 6576, 50174, 5853, 50069]"
110197,"[53316, 103810, 7534, 88364, 32713, 62601, 82905, 70549, 24276, 109439]"
110198,"[79074, 30125, 76317, 1718, 62737, 38713, 18475, 25613, 102794, 86486]"
110199,"[71349, 45084, 100063, 102996, 68693, 29149, 84712, 1204, 11440, 97409]"
110200,"[94777, 76502, 26035, 8807, 32553, 24208, 13438, 109354, 35503, 91954]"
110201,"[39354, 69696, 99618, 13111, 107104, 69490, 96931, 77520, 10682, 12950]"
110202,"[43057, 70840, 6231, 58184, 91277, 20790, 35778, 11994, 35065, 33939]"
110203,"[9244, 69663, 35352, 48490, 12328, 73838, 57170, 7222, 17120, 38733]"
110204,"[103533, 23782, 68449, 106470, 65536, 88647, 27019, 28731, 10210, 3038]"
110205,"[100716, 39322, 78372, 64034, 48311, 107935, 89516, 308, 86164, 4843]"
110206,"[47486, 79368, 64777, 41922, 94761, 97549, 46186, 83080, 108683, 2674]"
110207,"[89232, 77187, 30206, 72502, 74497, 51346, 55787, 26064, 109334, 105781]"
110208,"[24060, 90155, 51371, 49750, 24557, 104861, 7658, 79972, 57039, 22609]"
110209,"[50150, 25769, 58972, 69605, 21898, 17384, 91448, 107645, 15534, 106396]"
110210,"[34027, 24548, 7682, 47963, 52914, 77567, 50249, 28378, 18098, 43964]"
110211,"[24582, 25372, 63801, 11633, 104910, 99090, 73380, 103601, 59972, 71472]"
110212,"[94019, 2231, 14164, 57316, 11574, 35860, 34863, 84216, 69416, 74097]"
110213,"[32845, 35768, 30322, 38706, 47198, 81679, 33353, 66801, 3304, 43294]"
110214,"[26429, 13030, 60252, 26899, 35275, 91989, 55734, 98156, 70530, 82917]"
110215,"[42855, 57610, 88705, 17605, 7932, 15473, 6497, 88879, 58689, 78532]"
110216,"[76735, 86161, 62730, 65939, 8385, 79992, 10595, 104015, 42515, 30406]"
110217,"[81447, 69583, 82486, 6346, 55276, 85174, 100332, 2557, 84104, 83133]"
110218,"[92912, 86717, 21604, 38760, 85325, 98543, 73105, 72936, 7999, 90668]"
110219,"[90508, 73106, 28624, 93812, 32265, 29986, 28377, 67113, 56844, 12640]"
110220,"[53827, 74699, 15949, 3376, 80000, 45143, 86725, 19743, 11011, 31106]"
110221,"[32726, 49744, 36975, 3462, 1147, 109194, 20863, 105032, 13351, 34825]"
110222,"[74564, 92558, 74806, 76304, 108824, 95810, 24819, 29165, 48024, 28899]"
110223,"[65214, 80711, 83968, 21135, 12464, 79642, 49491, 15960, 16836, 107931]"
110224,"[14896, 30201, 71783, 46274, 70561, 78738, 89107, 83665, 2228, 101315]"
110225,"[109459, 41367, 51681, 9428, 98426, 13895, 41708, 77934, 42719, 39568]"
110226,"[45079, 2849, 53596, 46301, 7672, 34864, 18270, 53987, 6071, 20762]"
110227,"[87650, 41542, 75708, 22908, 1291, 104100, 59355, 12193, 7629, 35922]"
110228,"[61871, 55802, 108677, 39710, 21917, 32262, 18471, 17244, 55042, 98780]"
110229,"[70086, 4579, 88315, 60888, 89432, 40632, 18863, 76837, 69278, 63735]"
110230,"[86908, 55307, 2911, 55245, 35292, 9015, 105656, 30009, 6017, 89221]"
110231,"[57396, 26690, 97703, 70648, 6353, 94787, 108702, 33517, 97737, 15210]"
110232,"[87224, 12445, 6179, 83463, 3427, 89238, 22343, 41062, 98289, 80972]"
110233,"[53140, 102123, 45345, 81368, 14095, 40600, 1441, 22118, 58038, 71156]"
110234,"[4654, 52688, 39337, 43220, 103586, 76503, 14258, 104644, 99656, 23207]"
110235,"[56598, 91635, 12111, 37888, 9783, 8934, 42491, 26545, 65560, 26151]"
110236,"[40968, 4566, 5719, 37187, 56926, 21348, 8071, 105270, 77649, 36616]"
110237,"[80034, 66535, 30384, 63310, 96636, 11341, 54635, 63762, 94001, 7718]"
110238,"[25659, 58384, 78172, 34595, 71546, 1154, 99991, 17923, 57041, 100162]"
110239,"[37441, 92178, 3468, 88696, 33660, 65547, 21646, 102400, 95607, 84616]"
110240,"[107795, 107749, 75485, 32069, 65466, 61129, 15653, 103079, 86874, 4013]"
110241,"[33541, 14554, 84009, 13908, 87935, 25370, 91160, 39478, 3188, 42523]"
110242,"[85832, 101617, 99598, 57912, 8281, 41781, 11560, 69477, 101762, 83801]"
110243,"[13228, 89436, 97318, 21345, 65121, 57426, 67400, 38277, 47392, 86823]"
110244,"[36913, 81399, 81820, 107261, 106157, 82334, 101291, 3195, 40122, 104023]"
110245,"[44831, 70546, 82804, 75281, 109433, 68590, 50477, 23032, 47043, 42181]"
110246,"[100789, 90647, 73484, 96475, 90139, 20481, 67952, 57389, 60989, 53727]"
110247,"[62841, 58479, 40746, 108971, 54564, 19791, 45696, 32902, 108903, 8422]"
110248,"[53869, 32185, 98085, 36739, 4304, 47391, 9757, 40929, 105993, 60742]"
110249,"[40792, 100964, 8308, 24672, 90991, 103931, 45808, 59874, 19935, 80911]"
110250,"[79537, 2456, 30710, 64059, 45972, 36709, 26159, 65179, 104100, 22908]"
110251,"[102958, 34675, 57546, 9008, 92484, 32746, 15918, 30550, 7463, 85913]"
110252,"[49069, 92929, 76297, 48312, 23426, 7989, 100462, 28768, 83510, 27291]"
110253,"[46934, 85544, 23018, 41946, 26729, 80132, 65819, 14017, 29122, 47912]"
110254,"[10324, 61416, 95788, 100102, 40948, 27052, 8052, 3751, 94730, 89782]"
110255,"[83723, 3964, 86237, 22196, 160, 19755, 20046, 61114, 298, 72506]"
110256,"[95159, 88687, 17677, 93051, 36987, 59174, 46573, 62795, 61353, 73600]"
110257,"[77749, 1878, 20640, 107420, 41938, 86032, 97009, 70665, 32720, 72832]"
110258,"[37145, 69454, 31523, 56030, 61592, 59553, 42903, 98816, 87062, 68063]"
110259,"[43488, 11074, 79515, 1480, 6934, 33289, 49116, 4961, 63627, 104429]"
110260,"[94048, 53080, 76992, 14061, 61490, 96106, 39065, 34735, 79422, 95436]"
110261,"[26943, 17462, 50911, 19909, 69306, 100353, 26100, 81337, 26120, 66881]"
110262,"[46245, 5892, 34231, 76371, 79097, 99435, 42766, 19283, 6249, 106181]"
110263,"[48569, 40705, 102724, 91179, 15663, 12688, 38380, 57811, 89255, 40436]"
110264,"[107311, 32854, 2527, 50899, 81423, 8548, 40865, 41011, 83962, 25818]"
110265,"[71510, 44942, 75895, 50491, 43678, 79028, 82461, 14, 345, 37162]"
110266,"[94157, 6977, 97107, 55577, 27431, 1212, 73115, 72383, 95727, 72344]"
110267,"[66575, 92990, 69505, 77583, 36967, 105958, 12012, 42486, 51637, 81488]"
110268,"[77290, 2708, 15275, 24464, 54113, 63464, 18461, 65962, 12537, 68624]"
110269,"[64025, 86022, 13722, 87848, 108426, 24798, 99757, 14084, 2658, 90396]"
110270,"[86948, 50313, 49586, 22772, 22095, 94017, 88296, 58965, 19046, 33822]"
110271,"[23797, 73675, 79188, 21145, 33798, 89579, 10651, 29236, 84468, 94272]"
110272,"[20810, 52794, 15938, 28732, 104196, 104017, 28608, 69881, 94325, 77718]"
110273,"[62225, 22313, 24897, 6774, 13567, 6452, 50083, 70029, 95724, 88216]"
110274,"[21172, 9236, 62021, 62373, 98975, 56123, 41005, 41069, 10029, 62439]"
110275,"[6461, 71158, 45288, 30735, 50882, 81827, 82971, 41922, 11461, 4729]"
110276,"[45954, 5870, 4860, 39857, 16363, 31538, 60848, 45683, 28213, 37113]"
110277,"[35233, 74498, 23499, 83617, 10561, 881, 101757, 34080, 93454, 74366]"
110278,"[15062, 51932, 100244, 58889, 30060, 73842, 83948, 50708, 69880, 89755]"
110279,"[8858, 105986, 21402, 104135, 97957, 37691, 94528, 102094, 81942, 108685]"
110280,"[64432, 106613, 62323, 55158, 79858, 46132, 56648, 7606, 97744, 108419]"
110281,"[58558, 41471, 98316, 107476, 52873, 94913, 15266, 6310, 106857, 56356]"
110282,"[88042, 35950, 109729, 76929, 29527, 17519, 5471, 89537, 58053, 38151]"
110283,"[47225, 91997, 46414, 76160, 81501, 109065, 27677, 65920, 46253, 72960]"
110284,"[44347, 37878, 86449, 39674, 24852, 17187, 96018, 90219, 43235, 81691]"
110285,"[77918, 21516, 29226, 74418, 81694, 50374, 45046, 4003, 84319, 49709]"
110286,"[12723, 85772, 55600, 41157, 98602, 42010, 65224, 74868, 19596, 104073]"
110287,"[26390, 42092, 62707, 81265, 64048, 107427, 69951, 101276, 82923, 11907]"
110288,"[80993, 7014, 8630, 1473, 99933, 74977, 61824, 14399, 36872, 58436]"
110289,"[17632, 94965, 95551, 69445, 65056, 26873, 69671, 27415, 1956, 91819]"
110290,"[102437, 54931, 68419, 95361, 13025, 107290, 68706, 65743, 25518, 28504]"
110291,"[18003, 61518, 101193, 1339, 88107, 43981, 103746, 74272, 108629, 40849]"
110292,"[46120, 81106, 20749, 16482, 66658, 8776, 76772, 94704, 7662, 49561]"
110293,"[91585, 106309, 62947, 37689, 105402, 33068, 35408, 97137, 47582, 59036]"
110294,"[11595, 79792, 38470, 98131, 107743, 93033, 84959, 91552, 85843, 35700]"
110295,"[87729, 55411, 30579, 529, 77747, 14031, 100463, 32977, 104758, 32290]"
110296,"[66363, 83034, 1209, 25749, 73053, 88545, 53054, 89787, 88998, 73126]"
110297,"[83713, 46712, 34619, 82490, 95603, 34338, 54060, 77269, 8275, 20562]"
110298,"[85584, 5581, 304, 93421, 22535, 33048, 93067, 22872, 25102, 39601]"
110299,"[14342, 36775, 103936, 47665, 15756, 13487, 34425, 55719, 43695, 91430]"
110300,"[65972, 90071, 70019, 74456, 61688, 105688, 65088, 97948, 47993, 57890]"
110301,"[90338, 91489, 51245, 79727, 106537, 94348, 82617, 62253, 56358, 45892]"
110302,"[54862, 21357, 102710, 47823, 63036, 72557, 26550, 106736, 69584, 99]"
110303,"[21606, 108300, 33381, 75599, 62393, 108856, 40628, 62934, 54196, 86642]"
110304,"[7987, 83666, 97562, 95207, 74367, 12490, 64842, 51546, 52438, 107644]"
110305,"[11456, 29879, 7111, 97490, 59267, 6747, 6453, 26887, 4782, 46549]"
110306,"[78178, 78739, 100563, 56132, 104914, 7143, 86472, 92648, 53931, 87685]"
110307,"[7500, 88835, 76045, 56151, 89125, 31083, 65094, 104067, 57971, 90844]"
110308,"[57260, 91986, 55062, 58253, 66157, 88960, 95118, 92847, 48349, 71294]"
110309,"[40104, 92726, 79625, 96119, 35883, 78037, 5100, 93683, 2146, 38324]"
110310,"[101400, 61, 14340, 106668, 13252, 12499, 75359, 83493, 17934, 75443]"
110311,"[54113, 87149, 75934, 49265, 36967, 63464, 18461, 65962, 12537, 77290]"
110312,"[103049, 49728, 65160, 105300, 33892, 65945, 92140, 86448, 78059, 37461]"
110313,"[18791, 8451, 98802, 66074, 39959, 98259, 64671, 94654, 95075, 22340]"
110314,"[91171, 17085, 10020, 20416, 70458, 55160, 24324, 106944, 90166, 49138]"
110315,"[43068, 64498, 45042, 43042, 102373, 107502, 104667, 43557, 35363, 37868]"
110316,"[80632, 29224, 90799, 28363, 71083, 85574, 63107, 51458, 92465, 84788]"
110317,"[81830, 65743, 42874, 62555, 45918, 107375, 14931, 8188, 66339, 48107]"
110318,"[51059, 106208, 5006, 21268, 3025, 53439, 74081, 53663, 103718, 90239]"
110319,"[74393, 21200, 22369, 109032, 62588, 95147, 16238, 67479, 56057, 44352]"
110320,"[9612, 10054, 26589, 82105, 49682, 44284, 97203, 90464, 61673, 2519]"
110321,"[59419, 15570, 11066, 2016, 80703, 74682, 105082, 83231, 74215, 45919]"
110322,"[15021, 37179, 69986, 32215, 24615, 75875, 70983, 29295, 103998, 95118]"
110323,"[100587, 72955, 97548, 20809, 52593, 71690, 8910, 11052, 79830, 3475]"
110324,"[33355, 77101, 106194, 869, 9222, 20007, 107590, 47465, 17126, 10877]"
110325,"[11173, 36142, 95149, 65357, 46707, 20455, 59919, 49340, 106832, 56437]"
110326,"[54771, 66415, 21401, 91057, 60015, 52769, 75793, 36084, 10449, 64849]"
110327,"[39208, 90346, 36317, 46813, 19348, 35568, 54088, 63059, 96631, 2660]"
110328,"[74371, 101485, 88115, 87950, 76258, 80033, 486, 8751, 79179, 63073]"
110329,"[19567, 86705, 71364, 73589, 41590, 9563, 25970, 59522, 89083, 26075]"
110330,"[83233, 7222, 45598, 33666, 66818, 75154, 73838, 57566, 2319, 65753]"
110331,"[37407, 35730, 11503, 11243, 7577, 3942, 11956, 84426, 23350, 54339]"
110332,"[723, 22554, 54928, 85078, 6681, 50810, 100375, 81070, 108294, 60123]"
110333,"[49726, 91794, 88685, 65310, 77962, 20799, 28111, 107920, 24811, 79740]"
110334,"[72791, 7680, 99447, 7777, 4432, 18998, 64397, 63726, 90409, 4109]"
110335,"[108117, 31239, 14436, 15803, 90791, 74988, 10237, 224, 98701, 79693]"
110336,"[71043, 84278, 87535, 44677, 92941, 65170, 73098, 109715, 98500, 37393]"
110337,"[28311, 75086, 76179, 42936, 24185, 63185, 25514, 19696, 30789, 57209]"
110338,"[109534, 75706, 61614, 105491, 105533, 109449, 39532, 29910, 88071, 104749]"
110339,"[67626, 83477, 94920, 16062, 87478, 71662, 12989, 105490, 97573, 14167]"
110340,"[48780, 83838, 107295, 47675, 6128, 33528, 75098, 89472, 40424, 53151]"
110341,"[62331, 75324, 37884, 12334, 66052, 63344, 24266, 62475, 26087, 7220]"
110342,"[19329, 41027, 34433, 6630, 25795, 75316, 980, 54697, 38007, 45848]"
110343,"[7255, 95287, 82707, 82954, 64990, 51800, 25717, 3141, 96658, 39827]"
110344,"[19515, 81333, 18556, 44818, 85349, 99217, 91431, 6716, 53868, 47324]"
110345,"[67444, 36990, 59438, 66163, 103, 30807, 24196, 66878, 9129, 21083]"
110346,"[1073, 67108, 69401, 99614, 38463, 108864, 101311, 89462, 59161, 71414]"
110347,"[49273, 67557, 86080, 67464, 33364, 20404, 23923, 33885, 50778, 4989]"
110348,"[93631, 89300, 80050, 48025, 60120, 13108, 86391, 79499, 108866, 6550]"
110349,"[93642, 91211, 43417, 42167, 20555, 448, 53845, 12556, 107411, 39083]"
110350,"[13202, 76608, 76477, 83835, 79222, 70926, 56898, 77597, 58738, 40915]"
110351,"[35384, 108641, 22434, 67026, 97079, 30040, 96697, 86764, 59901, 31272]"
110352,"[3335, 17084, 101928, 87931, 91957, 93452, 25736, 72849, 99584, 44728]"
110353,"[99748, 50505, 48209, 8761, 28351, 8571, 1064, 19024, 108941, 40051]"
110354,"[32903, 53503, 17695, 95257, 28795, 67768, 102825, 81438, 92051, 67465]"
110355,"[76370, 53995, 98312, 93522, 71371, 67172, 17346, 72062, 100940, 35911]"
110356,"[33377, 59848, 14659, 36926, 80877, 89571, 87770, 58796, 20964, 53407]"
110357,"[86831, 78148, 100955, 71847, 99811, 94279, 77554, 8869, 57943, 100280]"
110358,"[68824, 83473, 67630, 50891, 70533, 80314, 54678, 52129, 33595, 24848]"
110359,"[52293, 3007, 64240, 102929, 75759, 37355, 12441, 99215, 73196, 33437]"
110360,"[13571, 101059, 95909, 97373, 92558, 20519, 98566, 56200, 63470, 101900]"
110361,"[23708, 32619, 61674, 52250, 33884, 68851, 80112, 49592, 41492, 73977]"
110362,"[94273, 16264, 13180, 106498, 77647, 7031, 43947, 30350, 81507, 104957]"
110363,"[99030, 31485, 2533, 17035, 88093, 45275, 34649, 97070, 68041, 69433]"
110364,"[11445, 30275, 81004, 109381, 22240, 11904, 64866, 61963, 82878, 108617]"
110365,"[70947, 28209, 9709, 91310, 48208, 96480, 55278, 66604, 73258, 83179]"
110366,"[85337, 31937, 11297, 70297, 53008, 61695, 106917, 109525, 60938, 39819]"
110367,"[84839, 91581, 15447, 73533, 81874, 67159, 54363, 97817, 47011, 87640]"
110368,"[98006, 9761, 3961, 44226, 42957, 108482, 7367, 108309, 86444, 57413]"
110369,"[10553, 52180, 51466, 15020, 78700, 61210, 80910, 65402, 78229, 82592]"
110370,"[9957, 13618, 103171, 74715, 14010, 49517, 26281, 75573, 107914, 44752]"
110371,"[39682, 34398, 68466, 77051, 17251, 41467, 97377, 9835, 84013, 85142]"
110372,"[50238, 34355, 17152, 89634, 57644, 106553, 19747, 32420, 34344, 24524]"
110373,"[70891, 37178, 77777, 52269, 60158, 107023, 21685, 12072, 93663, 97482]"
110374,"[83714, 19256, 12274, 50709, 17963, 98821, 56035, 78407, 56524, 5021]"
110375,"[68267, 36467, 107798, 20342, 94203, 53040, 36367, 30676, 94699, 82373]"
110376,"[59399, 13333, 106658, 85705, 104761, 101056, 19600, 105257, 28131, 67317]"
110377,"[49532, 101987, 28977, 38339, 44481, 34327, 81497, 97997, 20379, 107534]"
110378,"[58614, 85829, 14683, 76267, 58164, 3532, 61105, 3829, 52881, 74390]"
110379,"[7264, 3553, 95304, 37522, 71972, 75750, 48686, 19087, 45867, 23609]"
110380,"[99644, 8361, 74942, 82805, 21188, 87413, 14467, 101239, 2873, 11426]"
110381,"[14457, 37989, 67593, 6297, 9255, 29615, 22616, 77417, 89972, 54048]"
110382,"[109748, 69894, 40091, 7224, 84031, 8894, 8938, 78931, 52654, 70910]"
110383,"[12719, 79626, 104187, 53872, 66272, 56169, 30306, 56051, 48686, 104060]"
110384,"[8560, 4954, 41218, 59442, 65083, 145, 73474, 89529, 46626, 46751]"
110385,"[54712, 94559, 103067, 56665, 45156, 93085, 53144, 103077, 49353, 70586]"
110386,"[78032, 79782, 97749, 39324, 7200, 69591, 31351, 45707, 80618, 31406]"
110387,"[56844, 48124, 79682, 19730, 96903, 20871, 67113, 87836, 76152, 54970]"
110388,"[97373, 29361, 28103, 6335, 65462, 6135, 81727, 43751, 29650, 75243]"
110389,"[18886, 81135, 74754, 21015, 13106, 3006, 29877, 94703, 38713, 18475]"
110390,"[44275, 106376, 7723, 109707, 57512, 5241, 83544, 46592, 26857, 64424]"
110391,"[104529, 85141, 19740, 15552, 7380, 107504, 86220, 23103, 40497, 89691]"
110392,"[61088, 64839, 106039, 61238, 59251, 45438, 3052, 68552, 99063, 25355]"
110393,"[97935, 905, 22825, 67115, 29185, 29881, 91076, 81761, 11176, 11411]"
110394,"[10743, 56449, 70955, 92674, 78036, 40428, 33294, 50142, 40729, 103190]"
110395,"[54188, 70472, 13465, 16408, 15415, 86291, 79079, 76369, 73164, 35381]"
110396,"[93336, 74670, 22532, 51501, 46069, 70859, 576, 20173, 69224, 82226]"
110397,"[68965, 76506, 71194, 35659, 5363, 86996, 28968, 82316, 76450, 11494]"
110398,"[7659, 24460, 13134, 35463, 37665, 49675, 98145, 34609, 89892, 51153]"
110399,"[57622, 43599, 63356, 46895, 87522, 37713, 34550, 87670, 72100, 38361]"
110400,"[34338, 84443, 87583, 8275, 58220, 40050, 7645, 78339, 77707, 83713]"
110401,"[65709, 6253, 40195, 60246, 5692, 75738, 96027, 50818, 47918, 24300]"
110402,"[18423, 27546, 74555, 2540, 70835, 107055, 103637, 38083, 24861, 29774]"
110403,"[102041, 35545, 104302, 26588, 68014, 57527, 102690, 25435, 70673, 64758]"
110404,"[30456, 71699, 92712, 91335, 34077, 98433, 50941, 67325, 46267, 106439]"
110405,"[81216, 88114, 66709, 35856, 70203, 106311, 102032, 75444, 3163, 46339]"
110406,"[60847, 99089, 80376, 104559, 7948, 74782, 94218, 64594, 6759, 53587]"
110407,"[105646, 87448, 79028, 50996, 43678, 65326, 5669, 66621, 98636, 98943]"
110408,"[41927, 55453, 38376, 13782, 100358, 78694, 33753, 76684, 39933, 50787]"
110409,"[48529, 10772, 77262, 9909, 22715, 14500, 67141, 76148, 92232, 106485]"
110410,"[23528, 74910, 17047, 39798, 106327, 105640, 99729, 72707, 81515, 58945]"
110411,"[30779, 95084, 34230, 29096, 94580, 95691, 95098, 91193, 65624, 74712]"
110412,"[46045, 81377, 88964, 70411, 46756, 16243, 37965, 44798, 75719, 100938]"
110413,"[8446, 61199, 40536, 30360, 74557, 74522, 64087, 53029, 75360, 44178]"
110414,"[38431, 35276, 29062, 2545, 69159, 41924, 95050, 24721, 61810, 23179]"
110415,"[79167, 79639, 99386, 54893, 46488, 109686, 95145, 68108, 92401, 81449]"
110416,"[84277, 52830, 8828, 9259, 20024, 28270, 20525, 709, 2629, 72759]"
110417,"[82667, 99390, 51804, 30556, 35915, 105842, 85856, 24217, 105299, 30864]"
110418,"[51154, 68545, 37386, 33023, 105557, 109506, 66532, 83259, 77640, 10923]"
110419,"[12431, 57132, 155, 73186, 3851, 102662, 58296, 42274, 62422, 12809]"
110420,"[45730, 56857, 34341, 98268, 108860, 28910, 27654, 37542, 12235, 63155]"
110421,"[36507, 26183, 95812, 106729, 30917, 22008, 81629, 73610, 70575, 22053]"
110422,"[93710, 46375, 18878, 20296, 89468, 47162, 4012, 87299, 75894, 102172]"
110423,"[108964, 43155, 37636, 94575, 83610, 55976, 5232, 55414, 4457, 42250]"
110424,"[61298, 44058, 79007, 97358, 55813, 87797, 73026, 27618, 32543, 58783]"
110425,"[53560, 65071, 39439, 15244, 70927, 59651, 29660, 74616, 20257, 102811]"
110426,"[88443, 39730, 57598, 90420, 82384, 60822, 34884, 45321, 30062, 61193]"
110427,"[86058, 84955, 37552, 102156, 61650, 11873, 107891, 27849, 98717, 84400]"
110428,"[63437, 8793, 65423, 98085, 88550, 44106, 83803, 102540, 81438, 12660]"
110429,"[68019, 90279, 34755, 82450, 108627, 24307, 67331, 12438, 89284, 37736]"
110430,"[9437, 43737, 104168, 88029, 84808, 15980, 8351, 4111, 29304, 35207]"
110431,"[98506, 59100, 80892, 1128, 50271, 83988, 51710, 32142, 17213, 106791]"
110432,"[62774, 40830, 80203, 38770, 5233, 24082, 47177, 70307, 66288, 12689]"
110433,"[37389, 74327, 76539, 61924, 53909, 83082, 4153, 48697, 47013, 103260]"
110434,"[74348, 63973, 4425, 108029, 83449, 51442, 8025, 64917, 13891, 49188]"
110435,"[104368, 77616, 42896, 104971, 22370, 32035, 60874, 96492, 23126, 50372]"
110436,"[15610, 77913, 59538, 73295, 51836, 108936, 100680, 17485, 108360, 27054]"
110437,"[48116, 26426, 42190, 5137, 50321, 65146, 48688, 2415, 90911, 27850]"
110438,"[103439, 35098, 52813, 13143, 60590, 50914, 97912, 20192, 97629, 69035]"
110439,"[9494, 8546, 39030, 93966, 58776, 5623, 4100, 8300, 107601, 2926]"
110440,"[18326, 48229, 53833, 79995, 22222, 37369, 86099, 10250, 6923, 63429]"
110441,"[35547, 108498, 5426, 88587, 99300, 99248, 44392, 50471, 31107, 11996]"
110442,"[48126, 44007, 90202, 27164, 97380, 9433, 108356, 89688, 41048, 76691]"
110443,"[72035, 51118, 35906, 72481, 40967, 66989, 89290, 11782, 70379, 77941]"
110444,"[43765, 77509, 43604, 41617, 92569, 13061, 508, 80284, 69872, 80334]"
110445,"[72549, 82832, 28515, 23944, 5827, 45365, 4658, 76272, 86409, 38070]"
110446,"[24708, 31782, 582, 104765, 31179, 93760, 42853, 40549, 35299, 77680]"
110447,"[73217, 43053, 46222, 20974, 39129, 1235, 71310, 109249, 96284, 77271]"
110448,"[22693, 9044, 93901, 26555, 18320, 44363, 11294, 2671, 106585, 15855]"
110449,"[64853, 50059, 912, 27462, 14236, 63176, 92516, 90211, 17560, 46162]"
110450,"[92975, 60784, 25688, 106220, 29276, 81645, 51367, 80927, 21354, 90010]"
110451,"[27374, 45547, 33972, 82417, 100068, 42322, 26730, 109227, 90352, 55480]"
110452,"[64735, 76468, 72739, 14637, 106899, 84819, 72485, 6127, 71923, 4296]"
110453,"[79281, 84235, 27116, 59651, 13349, 69479, 105155, 107057, 33245, 34202]"
110454,"[12370, 94960, 42650, 38441, 33128, 65229, 54000, 28781, 90662, 32280]"
110455,"[42216, 47303, 86260, 2677, 103430, 63076, 90700, 18536, 7448, 66656]"
110456,"[41751, 87116, 25804, 81226, 44072, 4140, 4266, 24167, 18711, 5503]"
110457,"[87911, 77489, 48265, 106040, 76356, 50194, 52959, 41727, 98239, 58417]"
110458,"[10882, 66004, 18169, 72043, 96923, 65439, 45947, 1705, 88846, 103431]"
110459,"[21624, 45445, 7447, 727, 97089, 95908, 66466, 57736, 107409, 60919]"
110460,"[7761, 18157, 48535, 16057, 99197, 103995, 29562, 12303, 4546, 11100]"
110461,"[109391, 6060, 20514, 9392, 62771, 44171, 23890, 7188, 5833, 14980]"
110462,"[45997, 32611, 54914, 59533, 63965, 84118, 8018, 4653, 53408, 103639]"
110463,"[33820, 21768, 45834, 6757, 98867, 41627, 18078, 61950, 24346, 3883]"
110464,"[78084, 61945, 59331, 53609, 26031, 77884, 1232, 75047, 822, 2584]"
110465,"[17339, 17065, 39878, 13586, 71446, 14391, 107317, 69383, 16680, 37800]"
110466,"[82048, 37971, 81935, 5246, 18164, 80670, 61669, 63178, 79048, 91735]"
110467,"[93159, 104637, 47442, 100432, 83216, 8002, 80576, 94801, 46602, 85033]"
110468,"[52054, 18026, 100473, 89135, 73817, 67306, 21350, 49166, 17396, 42225]"
110469,"[102123, 45345, 53140, 77990, 22533, 14095, 40600, 1441, 22118, 58038]"
110470,"[83523, 73823, 105594, 18341, 50843, 88210, 7181, 100466, 47888, 50694]"
110471,"[63024, 13365, 46618, 107279, 38456, 33116, 17723, 36257, 66951, 58465]"
110472,"[44946, 47417, 14734, 4774, 14055, 34920, 64713, 17901, 52684, 84491]"
110473,"[77397, 86573, 68230, 25195, 93042, 66195, 26178, 32774, 88208, 87270]"
110474,"[79546, 4008, 22877, 69212, 106993, 93097, 24605, 69013, 88555, 38]"
110475,"[5686, 26651, 10389, 2283, 95669, 15233, 428, 57452, 31664, 54255]"
110476,"[8947, 23329, 47385, 68157, 8207, 105501, 91828, 1118, 15503, 61252]"
110477,"[95754, 51661, 107142, 9308, 10074, 75590, 83026, 96108, 5999, 28328]"
110478,"[42499, 107484, 64792, 42324, 41962, 74486, 25066, 74582, 33055, 4559]"
110479,"[35429, 15876, 46880, 84591, 95057, 66378, 79620, 61693, 41207, 77087]"
110480,"[1817, 46244, 34960, 85045, 99070, 98576, 8039, 40771, 22114, 69223]"
110481,"[95397, 36810, 75477, 80861, 26907, 36766, 5723, 87658, 99628, 29997]"
110482,"[26384, 73294, 69225, 12973, 6005, 67003, 39145, 54911, 49523, 37830]"
110483,"[76395, 88443, 89170, 59119, 60822, 4009, 101379, 34884, 104899, 4626]"
110484,"[23221, 67193, 13416, 17912, 81715, 37059, 57812, 10927, 21117, 57646]"
110485,"[95030, 93939, 29930, 28958, 93197, 31691, 17694, 62434, 60214, 46374]"
110486,"[66096, 31910, 69500, 93139, 61970, 35556, 3634, 10218, 78262, 14638]"
110487,"[79962, 60382, 58595, 33746, 19639, 47192, 100713, 96387, 95594, 13379]"
110488,"[4101, 43883, 47863, 18621, 48587, 33888, 23034, 55143, 26587, 62358]"
110489,"[74742, 65475, 34577, 70805, 99831, 90423, 49039, 57076, 77856, 73932]"
110490,"[105576, 60865, 16853, 98929, 91407, 62327, 91505, 77004, 52208, 107466]"
110491,"[94777, 76502, 74528, 8807, 32553, 24208, 13438, 109354, 35503, 92504]"
110492,"[29291, 1353, 46093, 41564, 99768, 21358, 85733, 28554, 33345, 75983]"
110493,"[44065, 61180, 38428, 106818, 3439, 95368, 70411, 29661, 55396, 65567]"
110494,"[78024, 100039, 13978, 85581, 1488, 55058, 42068, 13704, 32838, 84611]"
110495,"[81572, 89071, 103506, 53471, 66431, 44676, 49264, 11501, 31393, 15594]"
110496,"[40181, 108340, 105831, 87192, 67187, 67689, 34096, 405, 83902, 88259]"
110497,"[38176, 75218, 87064, 107637, 85303, 95043, 46984, 93845, 24044, 73731]"
110498,"[35820, 22704, 81732, 79192, 32395, 91239, 49130, 98018, 74333, 897]"
110499,"[44589, 108559, 64745, 4948, 59345, 37470, 79235, 90604, 19630, 92501]"
110500,"[46814, 104022, 103242, 65023, 61171, 27409, 49307, 34785, 46486, 26565]"
110501,"[8614, 148, 21022, 109117, 28564, 48231, 43131, 31436, 77646, 78126]"
110502,"[48131, 42566, 4174, 59201, 30123, 71991, 72331, 49033, 26716, 92719]"
110503,"[30707, 1295, 58394, 35871, 1712, 21449, 62768, 37389, 53909, 83082]"
110504,"[82521, 2389, 97412, 49269, 19843, 50349, 79190, 53243, 28538, 1600]"
110505,"[90816, 9004, 79468, 93000, 73666, 104218, 35056, 63583, 21263, 69441]"
110506,"[58969, 80164, 47021, 82211, 99095, 39767, 36605, 34665, 16015, 29572]"
110507,"[98859, 17304, 96678, 60187, 22260, 88445, 14938, 16796, 35297, 59197]"
110508,"[81569, 16142, 11380, 43584, 41426, 16411, 19684, 10026, 86183, 20278]"
110509,"[78837, 43056, 72389, 52230, 48328, 22667, 45547, 34740, 23826, 46426]"
110510,"[31073, 31777, 18995, 12442, 2225, 37128, 61003, 35682, 44591, 54629]"
110511,"[49483, 68841, 16284, 12518, 51401, 71587, 99979, 10541, 67809, 100470]"
110512,"[106051, 95625, 57226, 43692, 62154, 48093, 88446, 95744, 71652, 95620]"
110513,"[15916, 30882, 106600, 19133, 28219, 36994, 94779, 1502, 80533, 33873]"
110514,"[36533, 67081, 93474, 38720, 57387, 45701, 57135, 27994, 96887, 102101]"
110515,"[27117, 17051, 11522, 69131, 16795, 19710, 22144, 70340, 84577, 43282]"
110516,"[79433, 93824, 14702, 65875, 101210, 31171, 19444, 95329, 385, 33028]"
110517,"[72744, 101030, 91795, 42477, 38825, 45442, 49098, 20758, 42474, 36377]"
110518,"[49864, 54573, 6197, 50415, 5670, 73972, 103873, 20771, 66824, 106655]"
110519,"[90022, 85064, 67437, 44236, 74762, 77952, 28317, 43061, 103912, 100886]"
110520,"[4280, 80140, 18978, 57977, 20961, 64330, 55522, 75668, 9603, 18139]"
110521,"[59472, 104944, 86130, 9531, 107634, 32779, 12332, 10708, 80283, 19247]"
110522,"[19442, 52943, 35044, 71512, 90504, 105631, 61283, 17006, 100201, 101219]"
110523,"[54322, 54745, 95466, 58679, 104398, 46508, 11831, 56655, 79718, 35144]"
110524,"[66442, 76178, 62632, 38513, 24769, 99484, 66877, 85596, 70107, 35496]"
110525,"[15467, 8887, 45199, 4559, 61303, 90327, 64923, 67525, 9947, 56661]"
110526,"[69539, 103386, 62145, 92648, 53931, 102624, 103596, 74453, 20136, 103212]"
110527,"[97282, 57528, 33713, 10526, 41275, 29401, 23602, 43265, 38686, 75849]"
110528,"[80411, 84208, 22582, 38081, 27281, 18731, 9879, 10426, 32952, 100052]"
110529,"[95597, 102929, 64471, 29489, 105504, 107625, 24673, 100236, 781, 105035]"
110530,"[27097, 80416, 9747, 15694, 70841, 33402, 59459, 94529, 49070, 31544]"
110531,"[7842, 44601, 27410, 63937, 78325, 35527, 89088, 84128, 44738, 75]"
110532,"[67909, 16047, 33751, 1779, 45720, 10319, 67111, 82011, 56470, 22203]"
110533,"[53738, 102498, 81119, 106278, 70331, 81097, 11660, 92944, 37087, 82759]"
110534,"[62067, 20871, 77138, 66151, 103781, 47292, 65299, 27794, 93812, 32265]"
110535,"[93577, 39084, 54615, 31827, 94669, 76626, 92550, 83777, 28820, 36729]"
110536,"[54815, 36757, 75825, 100471, 106000, 104569, 73870, 80297, 97999, 103922]"
110537,"[47153, 41751, 81226, 44072, 4266, 24167, 18711, 5503, 65613, 84944]"
110538,"[38099, 72571, 91647, 87226, 25456, 36998, 22076, 72, 95648, 59297]"
110539,"[37347, 71195, 70378, 12697, 108905, 108109, 7113, 84593, 98387, 71032]"
110540,"[66106, 28147, 37343, 75487, 64332, 89747, 41191, 16590, 14504, 4739]"
110541,"[104808, 72391, 35827, 56167, 99715, 82063, 10091, 24696, 96386, 20791]"
110542,"[64723, 100518, 52167, 41761, 247, 22148, 101031, 45207, 57771, 72105]"
110543,"[103652, 65829, 71869, 58701, 13665, 56447, 66675, 31013, 35944, 7257]"
110544,"[55683, 8790, 1413, 78029, 35136, 99123, 58123, 43277, 35048, 14005]"
110545,"[51937, 38661, 99400, 81282, 25011, 64982, 65552, 106807, 66704, 15445]"
110546,"[97559, 69816, 72367, 68749, 20167, 51160, 29550, 61167, 39133, 99882]"
110547,"[63253, 82206, 41976, 104024, 82322, 94110, 53335, 94264, 96525, 90020]"
110548,"[64209, 10616, 13256, 97479, 88482, 65382, 37494, 51485, 104061, 16507]"
110549,"[20076, 31119, 7157, 87796, 75422, 78594, 66174, 107137, 42909, 76640]"
110550,"[19780, 49145, 50685, 15863, 103822, 32820, 82732, 91964, 62061, 55891]"
110551,"[11111, 19996, 45385, 84007, 88702, 108136, 63603, 68335, 109663, 81453]"
110552,"[65988, 23399, 73363, 86906, 76314, 57855, 62601, 89316, 1590, 87877]"
110553,"[706, 4798, 28811, 99349, 26848, 54422, 100175, 57826, 80625, 41956]"
110554,"[34251, 48672, 14243, 81827, 71482, 80465, 44101, 71158, 4729, 11461]"
110555,"[5732, 98964, 8718, 11604, 81964, 48251, 42992, 22803, 1277, 67481]"
110556,"[23463, 59696, 108171, 102888, 21374, 12648, 43105, 28808, 65126, 45382]"
110557,"[4303, 81738, 18030, 81219, 48748, 89755, 108639, 69571, 34566, 75421]"
110558,"[41188, 39483, 79898, 106739, 8529, 104277, 95784, 80645, 76269, 64976]"
110559,"[104259, 31243, 36204, 98929, 107466, 35711, 99971, 88954, 97394, 70388]"
110560,"[60843, 49653, 56374, 16166, 102160, 58841, 8710, 50712, 6037, 34163]"
110561,"[55252, 19450, 107460, 82, 80715, 55878, 55127, 74953, 96115, 37485]"
110562,"[71357, 74916, 52667, 107940, 83703, 77454, 25011, 50529, 42205, 86963]"
110563,"[20196, 68500, 53906, 39028, 62000, 11091, 67560, 34461, 55951, 47424]"
110564,"[101119, 93232, 9170, 93697, 13668, 88742, 9029, 85401, 55086, 10425]"
110565,"[36513, 69778, 16936, 3475, 8910, 13911, 97548, 72955, 108008, 22654]"
110566,"[74927, 64783, 96627, 40737, 30000, 74662, 25471, 14700, 19351, 37194]"
110567,"[61673, 12761, 84523, 8403, 37159, 57927, 962, 58923, 98854, 9612]"
110568,"[85210, 73414, 71345, 104348, 44028, 10445, 54642, 82900, 65031, 101978]"
110569,"[10256, 44263, 78926, 56603, 19352, 43044, 109225, 25033, 82937, 30435]"
110570,"[93767, 31587, 56606, 8551, 109086, 29661, 49822, 78585, 21784, 55308]"
110571,"[96986, 105139, 47710, 3057, 31985, 97278, 36165, 336, 81471, 3598]"
110572,"[99701, 94246, 89110, 11476, 67171, 109304, 83265, 45213, 33386, 77403]"
110573,"[2009, 47093, 40198, 51266, 31385, 53463, 100858, 66913, 97518, 86736]"
110574,"[24650, 71693, 31720, 1430, 53514, 31778, 38147, 83219, 104159, 71316]"
110575,"[107205, 49528, 88431, 77611, 66859, 90380, 32685, 23706, 109386, 43912]"
110576,"[8611, 14685, 49322, 10379, 39181, 4955, 65284, 48783, 102655, 103471]"
110577,"[57982, 22585, 3769, 15798, 80645, 87099, 66234, 24997, 77729, 12317]"
110578,"[75536, 73267, 67932, 49944, 76063, 46655, 44695, 87847, 69354, 63523]"
110579,"[67222, 50953, 43994, 94082, 79570, 101189, 89336, 51946, 98512, 108005]"
110580,"[25417, 82380, 41971, 76835, 2238, 30771, 51819, 32988, 27018, 105721]"
110581,"[8958, 34951, 49318, 107090, 48430, 19485, 40913, 94949, 54751, 38325]"
110582,"[99481, 13348, 79509, 27076, 62483, 101101, 20141, 65132, 101543, 83428]"
110583,"[104409, 74567, 68399, 87364, 71846, 86081, 60318, 100165, 80428, 106727]"
110584,"[47763, 96911, 37729, 89320, 5192, 25775, 51694, 57578, 60650, 3169]"
110585,"[2968, 75980, 99451, 91690, 65758, 106928, 16559, 24951, 24099, 24708]"
110586,"[38882, 67667, 23275, 18897, 89445, 34705, 86626, 62776, 20304, 69396]"
110587,"[38570, 20468, 17158, 73963, 22922, 104551, 22266, 977, 70243, 5649]"
110588,"[58830, 34676, 19360, 95200, 88886, 76639, 27785, 87332, 70733, 17183]"
110589,"[50043, 44822, 1251, 106781, 57299, 61163, 40718, 50425, 39093, 82643]"
110590,"[52581, 11147, 9955, 103476, 7982, 53946, 47352, 96794, 52196, 52372]"
110591,"[35959, 108961, 14325, 82853, 11985, 64036, 6437, 86627, 4428, 63033]"
110592,"[40666, 1543, 47538, 23321, 102743, 91480, 76670, 94206, 42768, 24576]"
110593,"[3281, 59989, 75756, 4246, 92955, 44505, 21295, 75192, 13886, 1062]"
110594,"[48652, 48822, 101082, 80984, 44654, 58272, 36452, 90336, 56320, 42437]"
110595,"[26706, 103307, 77715, 12209, 57512, 27330, 10723, 83544, 27844, 44475]"
110596,"[7589, 66929, 80053, 39879, 97301, 97992, 74928, 43165, 97917, 39437]"
110597,"[5343, 102577, 68243, 66791, 20118, 43778, 17469, 72583, 105286, 22214]"
110598,"[83251, 12231, 76468, 72739, 14637, 106899, 84819, 104782, 24899, 17614]"
110599,"[78584, 87809, 77624, 49406, 6015, 64401, 6224, 22932, 69665, 61190]"
110600,"[104072, 22230, 32945, 37947, 43569, 52303, 8689, 80575, 69835, 64646]"
110601,"[17692, 37201, 91919, 45420, 8931, 73215, 20286, 81925, 8141, 19380]"
110602,"[93320, 56494, 19449, 102513, 333, 8674, 28387, 96384, 17289, 58520]"
110603,"[99966, 31394, 2063, 72209, 13121, 61430, 89596, 26274, 104967, 11321]"
110604,"[86856, 90648, 45499, 76493, 38887, 32078, 101954, 102521, 52575, 22029]"
110605,"[53908, 82118, 92930, 89016, 23800, 105708, 36253, 30694, 64601, 40851]"
110606,"[80074, 24656, 106897, 102000, 92418, 12607, 14900, 51410, 76483, 3238]"
110607,"[98010, 52589, 57419, 106140, 66760, 37334, 11295, 69008, 96365, 55197]"
110608,"[99845, 30541, 94018, 50336, 53612, 21177, 46569, 19708, 87808, 83747]"
110609,"[10967, 70187, 97832, 84758, 95182, 45868, 72250, 34512, 20036, 60943]"
110610,"[194, 65976, 59540, 64193, 54330, 103883, 89611, 37817, 74419, 105086]"
110611,"[98346, 9528, 61883, 37281, 19238, 63768, 77122, 33026, 26165, 52128]"
110612,"[22589, 41070, 101915, 101062, 88554, 38471, 22677, 80221, 66406, 73904]"
110613,"[102256, 47293, 18026, 44605, 80942, 19193, 91015, 66522, 68033, 97902]"
110614,"[24145, 20805, 21930, 36972, 53406, 17721, 1503, 96608, 102054, 40908]"
110615,"[91670, 59709, 79527, 24296, 87747, 108012, 72714, 58564, 40320, 90031]"
110616,"[8855, 33942, 25881, 100721, 79102, 30430, 4088, 31784, 1723, 370]"
110617,"[70291, 36327, 104331, 5785, 111, 82295, 5147, 16003, 31544, 653]"
110618,"[27076, 103874, 61506, 70453, 83365, 74889, 70746, 63009, 546, 70392]"
110619,"[13487, 59973, 3556, 92151, 4016, 43695, 36775, 91430, 38029, 59835]"
110620,"[48104, 70939, 105701, 45026, 50486, 106613, 68586, 28008, 69168, 102993]"
110621,"[78443, 84078, 60748, 103295, 47211, 69967, 98522, 18242, 15024, 57966]"
110622,"[78104, 95687, 54446, 103128, 71061, 94616, 82977, 17536, 41283, 4811]"
110623,"[32959, 73236, 76048, 103873, 73972, 88632, 59215, 49063, 106655, 54573]"
110624,"[43853, 60342, 9160, 85113, 26234, 1998, 36994, 27795, 79940, 30139]"
110625,"[30133, 46636, 99479, 41566, 78610, 68551, 10554, 36708, 6062, 83857]"
110626,"[85730, 82178, 79006, 10472, 44497, 105885, 105397, 15487, 81717, 56801]"
110627,"[93697, 87534, 3444, 87657, 18405, 48860, 37599, 56822, 104801, 27471]"
110628,"[29853, 66065, 19085, 69533, 69760, 7671, 5711, 20522, 86673, 11788]"
110629,"[18959, 19954, 91661, 44096, 47255, 104590, 15951, 72483, 89440, 81540]"
110630,"[66921, 10809, 54948, 29250, 57726, 42000, 79245, 7231, 77412, 17181]"
110631,"[28303, 16842, 70186, 11571, 15762, 74066, 68307, 57931, 49914, 36824]"
110632,"[10498, 3844, 78458, 57056, 37946, 81279, 105331, 105435, 60403, 78103]"
110633,"[25544, 95816, 19246, 7578, 55747, 86193, 44721, 57235, 97883, 105872]"
110634,"[15712, 492, 2455, 68548, 2818, 20074, 71173, 18990, 76415, 99365]"
110635,"[104111, 68026, 35218, 86829, 62417, 50025, 24307, 67331, 71984, 5263]"
110636,"[59673, 9164, 30292, 79186, 3770, 47840, 41876, 39897, 49705, 10946]"
110637,"[71451, 74092, 91845, 17851, 108422, 105896, 19882, 1224, 67698, 8046]"
110638,"[18182, 59216, 75062, 22796, 104824, 65946, 31621, 12359, 108281, 47950]"
110639,"[48943, 20102, 57377, 5606, 41084, 22404, 63679, 43803, 10674, 108578]"
110640,"[7554, 4035, 36001, 3837, 721, 106732, 23646, 37052, 4125, 18638]"
110641,"[76743, 64963, 79544, 70168, 43565, 8047, 2462, 45327, 28708, 88342]"
110642,"[101594, 5033, 75238, 2192, 76302, 106855, 42752, 74997, 71864, 46053]"
110643,"[50010, 48115, 82276, 98, 46745, 71064, 37663, 15575, 25617, 69126]"
110644,"[1814, 105124, 10362, 28397, 13065, 45532, 94183, 9927, 88040, 45515]"
110645,"[46920, 25718, 15213, 25819, 49764, 104796, 21586, 28817, 55521, 12938]"
110646,"[12667, 30725, 52840, 109052, 24268, 101321, 15623, 18089, 26869, 52367]"
110647,"[80210, 69750, 33762, 36715, 92874, 23749, 31302, 6518, 49866, 92176]"
110648,"[51003, 104494, 106814, 3580, 34544, 29400, 99655, 84983, 17853, 36199]"
110649,"[68188, 27182, 12519, 67195, 55572, 21593, 100263, 68657, 72841, 86807]"
110650,"[48195, 35990, 63225, 48765, 33267, 54567, 47434, 40580, 43930, 108727]"
110651,"[92060, 64296, 77685, 89671, 71351, 65415, 74178, 107497, 67492, 75161]"
110652,"[75457, 77968, 38897, 90755, 45445, 97678, 21624, 86600, 74712, 59456]"
110653,"[21055, 7393, 59052, 52638, 79823, 54067, 1512, 25388, 12509, 796]"
110654,"[64378, 25221, 105012, 93709, 96520, 100405, 55692, 71837, 3746, 105651]"
110655,"[40780, 26156, 68703, 46769, 94637, 95093, 21520, 37647, 59288, 20406]"
110656,"[105959, 75998, 71165, 18500, 7073, 104195, 85502, 104242, 101973, 48588]"
110657,"[97507, 59067, 27088, 39975, 92275, 71753, 25228, 14602, 97914, 25966]"
110658,"[32927, 24210, 5662, 99930, 40711, 36136, 50373, 87003, 60704, 67887]"
110659,"[23205, 60671, 96541, 101911, 84844, 1931, 23725, 60024, 105030, 72323]"
110660,"[89742, 93482, 74385, 86702, 76522, 86252, 55420, 3177, 103632, 36802]"
110661,"[6770, 56330, 98751, 72208, 21998, 72495, 81522, 100289, 62570, 47444]"
110662,"[30421, 6578, 60030, 63247, 57040, 41474, 4208, 67727, 28444, 352]"
110663,"[48916, 63577, 7669, 41586, 73, 47145, 55463, 102468, 49301, 36262]"
110664,"[31271, 75585, 45798, 76103, 16846, 59634, 1764, 7572, 64179, 18962]"
110665,"[81914, 68962, 51312, 91954, 91205, 75693, 74528, 18949, 1559, 64460]"
110666,"[34008, 56800, 5548, 107983, 49923, 69935, 105057, 3234, 64804, 38234]"
110667,"[15865, 89386, 43052, 94276, 95292, 16852, 66991, 28395, 55751, 78926]"
110668,"[88587, 99248, 31107, 9294, 47242, 72977, 52275, 46538, 99453, 76392]"
110669,"[98702, 29054, 9782, 35755, 58929, 53190, 72287, 78150, 1214, 42184]"
110670,"[89867, 89327, 40666, 49600, 1543, 92596, 47538, 23321, 50961, 78347]"
110671,"[8117, 84488, 6631, 61098, 67790, 99228, 91207, 16534, 2752, 48690]"
110672,"[56769, 53927, 12545, 80987, 47376, 43631, 67831, 48628, 72757, 59903]"
110673,"[59828, 24628, 90774, 98621, 30979, 53741, 103972, 25434, 38938, 14456]"
110674,"[42379, 35347, 108185, 62125, 715, 66543, 22135, 2146, 70495, 18893]"
110675,"[105937, 41853, 7703, 29118, 101127, 66766, 12956, 28597, 89750, 102785]"
110676,"[9998, 97809, 49227, 7204, 105309, 92141, 103218, 3776, 62054, 52099]"
110677,"[45004, 79313, 60746, 49161, 49513, 105203, 10795, 52921, 107955, 107762]"
110678,"[58886, 77253, 77948, 104173, 88670, 71079, 16636, 72708, 64579, 16979]"
110679,"[69289, 33843, 5211, 47880, 43931, 58669, 88963, 47056, 54527, 71942]"
110680,"[105837, 80815, 27672, 50185, 16901, 89803, 58642, 72828, 6039, 80084]"
110681,"[56157, 87312, 56220, 72248, 81412, 94185, 51150, 103912, 108443, 32767]"
110682,"[61616, 20581, 59645, 88422, 72605, 43046, 26430, 71204, 25825, 9466]"
110683,"[47922, 2953, 548, 51545, 41027, 34433, 96560, 70401, 61876, 5552]"
110684,"[87418, 99205, 17798, 35582, 14183, 61044, 23690, 49976, 108187, 50267]"
110685,"[64878, 30484, 71001, 25079, 84566, 27432, 9051, 87824, 41046, 18491]"
110686,"[42500, 53893, 48661, 1402, 6751, 24524, 28956, 100107, 9814, 51970]"
110687,"[71239, 76070, 72028, 78570, 54966, 33902, 37626, 45156, 85376, 49454]"
110688,"[58355, 7039, 95152, 35177, 54907, 73577, 63191, 99380, 95270, 32015]"
110689,"[61652, 102075, 6575, 73167, 82724, 57504, 82795, 47996, 95663, 59624]"
110690,"[4895, 793, 86430, 48264, 1833, 33403, 106282, 82106, 72263, 46866]"
110691,"[22242, 49544, 17524, 23867, 88990, 92326, 86761, 99977, 105822, 23084]"
110692,"[46390, 34623, 20177, 54963, 100687, 57649, 45250, 89405, 103063, 26114]"
110693,"[77353, 6528, 95018, 46673, 60910, 4800, 44008, 55902, 49188, 39461]"
110694,"[108152, 107021, 75125, 9890, 29918, 72213, 97680, 10386, 32258, 58623]"
110695,"[62020, 104057, 20819, 98399, 109651, 40679, 11412, 60740, 23034, 20403]"
110696,"[6667, 74923, 50386, 73013, 69077, 95610, 47327, 45072, 54785, 8982]"
110697,"[59094, 28237, 1374, 79719, 48725, 16759, 76279, 74679, 99296, 72663]"
110698,"[32964, 95701, 45317, 12937, 31180, 88780, 94168, 2570, 61038, 86875]"
110699,"[71540, 2525, 33789, 106391, 21472, 16, 87687, 10583, 42742, 34510]"
110700,"[90159, 63028, 3760, 9360, 86898, 22994, 76509, 103698, 37728, 72343]"
110701,"[19153, 99863, 39499, 101903, 20314, 55582, 63818, 84571, 67111, 86678]"
110702,"[83292, 33523, 40460, 51271, 91861, 88287, 7265, 71773, 47409, 90318]"
110703,"[68048, 14520, 70508, 11631, 8544, 47974, 34841, 103915, 2856, 89369]"
110704,"[106765, 10394, 90097, 18161, 36703, 60415, 73627, 108805, 31033, 30257]"
110705,"[25262, 73367, 44771, 98810, 53139, 57233, 23589, 98677, 21453, 91628]"
110706,"[56444, 42516, 45634, 56440, 48694, 108643, 40263, 42490, 29626, 5575]"
110707,"[23442, 7006, 79868, 50874, 65169, 60578, 61665, 59265, 108444, 62673]"
110708,"[4711, 818, 64225, 78169, 91162, 24896, 47350, 22195, 8581, 65798]"
110709,"[21661, 86062, 45906, 49542, 49776, 50140, 5876, 6859, 20648, 92014]"
110710,"[77255, 3410, 90171, 9553, 31845, 25401, 70043, 83008, 92137, 21233]"
110711,"[20035, 102193, 31459, 44783, 72544, 72896, 10643, 65606, 15398, 49439]"
110712,"[9978, 40722, 48651, 99950, 71527, 94369, 59805, 49093, 62110, 100302]"
110713,"[108191, 79676, 34890, 9094, 63265, 53418, 48878, 83450, 44273, 88294]"
110714,"[13308, 54208, 75842, 42944, 71192, 8196, 15449, 18750, 31765, 35017]"
110715,"[78654, 6181, 102588, 91913, 20740, 15572, 106772, 64250, 17821, 103383]"
110716,"[24756, 91101, 66617, 75633, 82930, 22730, 97197, 103093, 38942, 47416]"
110717,"[46284, 6748, 19029, 101325, 69213, 42881, 17820, 67352, 25118, 21278]"
110718,"[71383, 17730, 49657, 41913, 55174, 74846, 37394, 50793, 44855, 1857]"
110719,"[30986, 99693, 23296, 90186, 339, 53210, 48952, 26495, 74104, 16354]"
110720,"[25544, 95816, 99582, 7578, 55747, 86193, 44721, 97883, 57235, 105872]"
110721,"[105581, 107599, 72230, 93924, 87674, 83455, 7638, 7481, 80227, 97103]"
110722,"[90820, 102886, 105048, 89581, 78348, 14851, 78127, 70526, 20469, 95314]"
110723,"[106612, 77092, 12584, 26285, 32453, 4342, 108391, 61981, 5882, 53541]"
110724,"[28316, 90282, 28843, 20280, 11135, 58412, 157, 71139, 44165, 75314]"
110725,"[34967, 104153, 36232, 26134, 20991, 37141, 72440, 498, 54070, 66528]"
110726,"[80924, 105592, 50470, 63633, 98028, 25980, 107921, 89032, 66781, 26990]"
110727,"[108896, 53388, 14865, 108922, 64949, 1171, 89291, 106806, 53352, 63267]"
110728,"[61492, 104643, 45612, 7330, 28077, 40828, 86468, 10888, 32096, 67657]"
110729,"[42573, 41254, 18913, 70199, 70786, 85649, 62854, 15636, 38634, 351]"
110730,"[11516, 19682, 90637, 40584, 32614, 93764, 79925, 11576, 91265, 108510]"
110731,"[94400, 90574, 107391, 16493, 20442, 14306, 3142, 30142, 60935, 36328]"
110732,"[106266, 104000, 67004, 47825, 106023, 95157, 51250, 91039, 10930, 95210]"
110733,"[54446, 29649, 34038, 95687, 55011, 53976, 50691, 92500, 77034, 37514]"
110734,"[46887, 7038, 23437, 53306, 38348, 106331, 26906, 76385, 93921, 82190]"
110735,"[9125, 107016, 54501, 92704, 9835, 84013, 17493, 75539, 29019, 52031]"
110736,"[97617, 80557, 29679, 25030, 70277, 28662, 41093, 28193, 88305, 12049]"
110737,"[91336, 63858, 42762, 16446, 90100, 30928, 64293, 8645, 76167, 5654]"
110738,"[45115, 73975, 19654, 13833, 86132, 29633, 46615, 55898, 109284, 50786]"
110739,"[58800, 108456, 53450, 92755, 101409, 890, 88445, 35297, 38259, 91062]"
110740,"[77860, 77338, 4527, 108949, 32537, 59290, 100073, 51341, 45360, 29771]"
110741,"[10028, 57223, 89261, 38675, 50115, 93856, 15523, 18673, 60693, 60572]"
110742,"[25408, 24028, 68209, 60759, 2707, 21952, 93976, 28967, 96824, 44651]"
110743,"[64086, 11839, 108878, 67732, 4881, 6658, 76934, 11366, 66821, 108707]"
110744,"[96297, 97971, 65766, 74984, 30588, 40563, 106752, 72828, 13253, 98533]"
110745,"[58518, 57433, 53884, 73776, 2942, 37824, 17325, 63005, 1823, 77318]"
110746,"[40615, 94171, 64446, 102886, 57820, 78296, 33683, 34999, 109613, 31500]"
110747,"[53040, 20342, 94203, 30676, 94699, 82373, 61703, 36367, 46516, 33835]"
110748,"[25897, 53250, 4059, 69269, 60021, 3353, 68871, 12234, 84150, 80132]"
110749,"[74582, 33055, 64792, 42324, 61303, 41962, 74486, 25066, 42499, 57688]"
110750,"[72456, 109076, 70540, 28108, 48627, 21508, 47335, 20671, 9939, 56619]"
110751,"[84941, 90206, 29243, 46032, 55971, 48911, 106234, 20714, 92925, 60176]"
110752,"[57853, 103489, 57003, 44167, 72107, 35245, 52686, 12475, 7218, 7456]"
110753,"[89963, 25081, 33618, 58791, 28382, 61156, 55727, 38404, 28625, 113]"
110754,"[53200, 65393, 109575, 76850, 105650, 30987, 36580, 26498, 20651, 31806]"
110755,"[3693, 99540, 29859, 57965, 60601, 101841, 66340, 59706, 46659, 100372]"
110756,"[107232, 101823, 84774, 5139, 69130, 66601, 80100, 102913, 13787, 68522]"
110757,"[17451, 106454, 82814, 105221, 41814, 29044, 86387, 104391, 31304, 10612]"
110758,"[45003, 32109, 102441, 43246, 103373, 99954, 52204, 89110, 103133, 74446]"
110759,"[79817, 25028, 21540, 100458, 66078, 13034, 10018, 25935, 14707, 109720]"
110760,"[41692, 68642, 70085, 102487, 76895, 14669, 41848, 108929, 85817, 36159]"
110761,"[90384, 9791, 12204, 48445, 27335, 69959, 64879, 55218, 13761, 89835]"
110762,"[42237, 2965, 72089, 21632, 9476, 55633, 88506, 98082, 55152, 76748]"
110763,"[106386, 36188, 102188, 107808, 14723, 43483, 95875, 78153, 64807, 18613]"
110764,"[51599, 52558, 44004, 94540, 32153, 48782, 64007, 22533, 62112, 90825]"
110765,"[31815, 93615, 97267, 51601, 31661, 23012, 39119, 96880, 54992, 4561]"
110766,"[53170, 47974, 59520, 53246, 89369, 43777, 8544, 16720, 103561, 91337]"
110767,"[61701, 47055, 55615, 11639, 5985, 31986, 37784, 106896, 89125, 7500]"
110768,"[3541, 51907, 61480, 17094, 2501, 21500, 17222, 108182, 93802, 108076]"
110769,"[99495, 62791, 91995, 39818, 103989, 8266, 14446, 36678, 1144, 107491]"
110770,"[25010, 79998, 54858, 60714, 85230, 96950, 25527, 103117, 96625, 17221]"
110771,"[27314, 16657, 96954, 49585, 15508, 7734, 78206, 89239, 34017, 25311]"
110772,"[90522, 9606, 93087, 24050, 33453, 80617, 36127, 82979, 85924, 8424]"
110773,"[52530, 57943, 38190, 44948, 12698, 24489, 35293, 41765, 46090, 92191]"
110774,"[39571, 18826, 76580, 48961, 36186, 92308, 79281, 62530, 32202, 52743]"
110775,"[36995, 25362, 58702, 42023, 31358, 42392, 97023, 102544, 42663, 88132]"
110776,"[94252, 92871, 29729, 3531, 29084, 78324, 96966, 74830, 100292, 81818]"
110777,"[89597, 81946, 6930, 39522, 54563, 101643, 44316, 90576, 50782, 58215]"
110778,"[6061, 31278, 27557, 6739, 106301, 65166, 62513, 56855, 86187, 69889]"
110779,"[56695, 101228, 34243, 60250, 53405, 26464, 96605, 91582, 104904, 94440]"
110780,"[894, 19602, 14116, 101673, 104823, 50454, 41766, 103214, 101573, 71645]"
110781,"[81803, 84615, 9632, 37402, 24765, 73560, 33176, 28145, 57372, 35013]"
110782,"[66518, 15936, 63522, 108976, 26903, 36292, 19875, 86201, 17899, 68277]"
110783,"[78577, 37633, 22770, 54471, 57669, 86754, 2798, 99363, 18987, 43682]"
110784,"[84583, 65794, 105428, 61041, 30285, 24124, 40571, 15067, 94136, 58333]"
110785,"[22975, 60131, 62982, 875, 29707, 57745, 101804, 73946, 107697, 68684]"
110786,"[1868, 91170, 14279, 107343, 96433, 99758, 58117, 58644, 101063, 22873]"
110787,"[28879, 57874, 40623, 28546, 97885, 85784, 86207, 71500, 6669, 109218]"
110788,"[106042, 77520, 10682, 16539, 9155, 34012, 62101, 51162, 69696, 68719]"
110789,"[46967, 42061, 5865, 46599, 7531, 84086, 92139, 9984, 6886, 73001]"
110790,"[16611, 52132, 75797, 80476, 109545, 69481, 6688, 32834, 7134, 48187]"
110791,"[86229, 66028, 52995, 102119, 92759, 20693, 53389, 35083, 96469, 22069]"
110792,"[79514, 25841, 48435, 37265, 43740, 41250, 52716, 58014, 8908, 73262]"
110793,"[36907, 73319, 38597, 94347, 12463, 84285, 43113, 99430, 37451, 948]"
110794,"[63226, 94135, 14484, 28818, 25358, 74316, 27332, 83264, 79506, 71151]"
110795,"[46182, 9063, 65411, 49971, 18918, 83427, 1257, 45386, 9901, 48306]"
110796,"[2646, 35019, 758, 105598, 75082, 104312, 12013, 52529, 83579, 23220]"
110797,"[18671, 61216, 1967, 7757, 90409, 72092, 10307, 44058, 86769, 100310]"
110798,"[5653, 30559, 102812, 89794, 83476, 95401, 57468, 84768, 83178, 74352]"
110799,"[89373, 7833, 11272, 66275, 95616, 12146, 34368, 107923, 88363, 59221]"
110800,"[34025, 92756, 39323, 5457, 78060, 58399, 17519, 26623, 89537, 5220]"
110801,"[91374, 92670, 63202, 58594, 29201, 38689, 78185, 60054, 48514, 85597]"
110802,"[36755, 22385, 67188, 63410, 45982, 79317, 52798, 54300, 96422, 33967]"
110803,"[56012, 4937, 25608, 23074, 184, 8687, 78595, 26864, 1053, 98995]"
110804,"[79612, 51366, 30947, 23997, 25000, 93225, 106398, 20675, 45745, 55050]"
110805,"[96428, 6995, 95301, 46935, 1520, 48825, 83167, 31253, 86210, 36095]"
110806,"[51776, 23403, 13297, 5676, 55192, 38908, 9177, 50056, 50503, 95995]"
110807,"[54131, 25575, 98259, 64671, 48571, 22340, 108951, 101915, 67946, 18791]"
110808,"[70594, 100915, 94664, 92490, 40799, 78908, 107358, 37163, 68071, 50626]"
110809,"[28422, 108444, 1367, 46499, 72577, 21724, 68430, 44545, 95136, 74584]"
110810,"[22106, 103010, 3871, 23859, 25479, 26650, 19517, 80830, 3212, 13757]"
110811,"[52826, 60231, 91440, 80362, 26317, 88545, 101599, 23934, 101347, 34762]"
110812,"[44988, 95899, 41896, 22994, 69423, 36350, 30967, 23117, 19292, 65226]"
110813,"[101528, 102402, 15381, 89151, 76301, 87629, 62418, 63288, 17774, 59888]"
110814,"[396, 34036, 40130, 94525, 20896, 108105, 1462, 52489, 50920, 109530]"
110815,"[47846, 100642, 98563, 83382, 27131, 77772, 66728, 106671, 8313, 36617]"
110816,"[73152, 8378, 106507, 70126, 21462, 73491, 25768, 106364, 61551, 9943]"
110817,"[10157, 23407, 90038, 1116, 43334, 67792, 32916, 93980, 14149, 47668]"
110818,"[17789, 101784, 35755, 81531, 80853, 53361, 83358, 81604, 4079, 39748]"
110819,"[101257, 53340, 78278, 75964, 33683, 56507, 88939, 84656, 98804, 11089]"
110820,"[100040, 55540, 44662, 5438, 76224, 42791, 39105, 66763, 69847, 98083]"
110821,"[30253, 1120, 55021, 77621, 94646, 91347, 2535, 92180, 59711, 100943]"
110822,"[39133, 52772, 38420, 43414, 29550, 88348, 90979, 95346, 47720, 72367]"
110823,"[69669, 54021, 24347, 99702, 77500, 49248, 35367, 51880, 88448, 55981]"
110824,"[45024, 104274, 107591, 67103, 22839, 26781, 65142, 71697, 27685, 56387]"
110825,"[58476, 87237, 24562, 108157, 92213, 83883, 12617, 22353, 50819, 58871]"
110826,"[102141, 43847, 38723, 59778, 23177, 19007, 88724, 24772, 18190, 88616]"
110827,"[104641, 29549, 22339, 73156, 38020, 19381, 72315, 99498, 67522, 87009]"
110828,"[20682, 90204, 58428, 100000, 82974, 74826, 39224, 31852, 96425, 94018]"
110829,"[88773, 94900, 72389, 14830, 106241, 55745, 97382, 84040, 97302, 45534]"
110830,"[90982, 55928, 79265, 103747, 35931, 66366, 9700, 25172, 69751, 4135]"
110831,"[67539, 35201, 64636, 52180, 62218, 35872, 40958, 50834, 2873, 40177]"
110832,"[1878, 40755, 77749, 32720, 72832, 61942, 11626, 75602, 32840, 4802]"
110833,"[32686, 89273, 66472, 21017, 81525, 42079, 53247, 16484, 32676, 29217]"
110834,"[33808, 79415, 28760, 98264, 43768, 61670, 57567, 70445, 71998, 28870]"
110835,"[15234, 81596, 34435, 65732, 87733, 16779, 33134, 83866, 67270, 22583]"
110836,"[16514, 93836, 107499, 65243, 52150, 16403, 13562, 38487, 97263, 65729]"
110837,"[45487, 42288, 65904, 8140, 29534, 85188, 93065, 95003, 81702, 29670]"
110838,"[109765, 27063, 74388, 28032, 28970, 62389, 102550, 29518, 90970, 86453]"
110839,"[26620, 63764, 32364, 64408, 45241, 54253, 98747, 16340, 73369, 26724]"
110840,"[82641, 19715, 45899, 9083, 80626, 79144, 46001, 97439, 40845, 854]"
110841,"[1394, 55246, 57008, 1841, 82228, 61681, 89114, 84125, 64887, 70374]"
110842,"[108643, 43274, 37994, 109676, 64065, 24773, 45485, 21087, 40263, 29626]"
110843,"[102634, 6720, 79451, 88138, 21831, 34912, 3837, 73777, 721, 14800]"
110844,"[17565, 63520, 71452, 92796, 72370, 51251, 54045, 13000, 96054, 58298]"
110845,"[26830, 32695, 101553, 4380, 82799, 57763, 65943, 58130, 55763, 11770]"
110846,"[22968, 103009, 56069, 12260, 18487, 48859, 70077, 10301, 28297, 27347]"
110847,"[53120, 36448, 6616, 52137, 4953, 69597, 61228, 70710, 72712, 19397]"
110848,"[92224, 101129, 63154, 69492, 84785, 67746, 20090, 45333, 95593, 17545]"
110849,"[5332, 82698, 105811, 56032, 127, 63781, 28857, 33383, 40544, 25348]"
110850,"[85808, 83790, 19892, 22247, 11021, 20090, 50193, 83466, 76099, 35202]"
110851,"[87240, 21321, 54285, 65376, 678, 70831, 83441, 35940, 41138, 40719]"
110852,"[49896, 71427, 69757, 169, 36584, 13958, 91151, 36245, 34841, 20784]"
110853,"[31174, 39717, 81357, 45800, 97683, 21686, 24310, 71008, 26044, 42884]"
110854,"[95428, 2444, 87903, 19028, 59560, 52523, 43302, 3675, 103083, 65522]"
110855,"[46072, 64695, 48088, 1397, 99672, 38482, 66954, 10026, 81569, 19418]"
110856,"[74503, 22346, 42374, 93661, 22274, 51982, 106320, 68886, 58005, 84159]"
110857,"[109095, 97928, 4045, 51381, 40151, 92003, 25979, 79528, 41366, 73780]"
110858,"[53307, 49628, 12109, 99172, 41372, 62668, 96956, 106565, 71607, 28178]"
110859,"[7652, 32189, 52790, 9820, 77559, 64459, 302, 9362, 101123, 9096]"
110860,"[104815, 23250, 57306, 47883, 23598, 96424, 52542, 66062, 86807, 42101]"
110861,"[55733, 36597, 14573, 19455, 82136, 93188, 43727, 39405, 69705, 37891]"
110862,"[99119, 40235, 83810, 37311, 1807, 18680, 37358, 7381, 7627, 81146]"
110863,"[16118, 39645, 64245, 86273, 17036, 87618, 13467, 16992, 58845, 8660]"
110864,"[42682, 23377, 104646, 12304, 38500, 15661, 97017, 28842, 98766, 27612]"
110865,"[21552, 79042, 98677, 28102, 73367, 106751, 35962, 104672, 21453, 44771]"
110866,"[21418, 46464, 28575, 33635, 39095, 48230, 86212, 61806, 80590, 77829]"
110867,"[33246, 105342, 74885, 15928, 87492, 19175, 49266, 19573, 13116, 6441]"
110868,"[94348, 14100, 77800, 88822, 58711, 106537, 13615, 6384, 4241, 82617]"
110869,"[94682, 84264, 84803, 104197, 107607, 86325, 1892, 105192, 90694, 86043]"
110870,"[89802, 24241, 55176, 61278, 42278, 95738, 2532, 83779, 67589, 7961]"
110871,"[25880, 28912, 72669, 38107, 42091, 43344, 38907, 47389, 99375, 32677]"
110872,"[60546, 17675, 28260, 67484, 91784, 75645, 82434, 36680, 107592, 31173]"
110873,"[61528, 63675, 50080, 93998, 74886, 9822, 51042, 7287, 23884, 75362]"
110874,"[103325, 89106, 6329, 53522, 42227, 47619, 44956, 14908, 92597, 26667]"
110875,"[30291, 88808, 104580, 1542, 83697, 104908, 104282, 96860, 74007, 37560]"
110876,"[78431, 80504, 54954, 15038, 19448, 14791, 86428, 32450, 76926, 78650]"
110877,"[86391, 93631, 19234, 98465, 104325, 71037, 103707, 64897, 51, 97516]"
110878,"[28549, 71682, 66695, 67341, 67878, 68149, 57964, 20453, 46521, 93871]"
110879,"[81783, 92984, 63805, 85345, 82027, 29465, 75358, 8579, 26147, 40392]"
110880,"[63035, 93135, 83218, 87541, 74369, 101510, 96528, 33898, 17892, 35113]"
110881,"[39154, 34654, 26981, 94367, 98308, 59455, 29954, 77949, 106098, 7156]"
110882,"[60609, 91325, 70233, 93538, 61244, 30762, 87365, 3494, 108590, 98409]"
110883,"[39148, 66444, 26542, 87301, 1094, 77948, 74989, 78550, 4501, 65862]"
110884,"[93332, 32411, 71652, 30313, 56780, 23470, 1410, 80475, 99801, 109397]"
110885,"[1517, 51465, 75795, 36455, 76947, 78686, 9217, 99063, 35014, 99417]"
110886,"[3117, 41159, 65187, 67941, 41771, 90091, 65454, 106569, 91781, 24232]"
110887,"[96970, 1756, 27348, 101, 97113, 87493, 93728, 60494, 96046, 30963]"
110888,"[20052, 73701, 65154, 4369, 91743, 19794, 101580, 5820, 99383, 3906]"
110889,"[74076, 95923, 26856, 92129, 74402, 27212, 66222, 19000, 105373, 25135]"
110890,"[103169, 62247, 52650, 63640, 67001, 36900, 74010, 2587, 15072, 43560]"
110891,"[48695, 19642, 24316, 51488, 94847, 59714, 66028, 21216, 63193, 31058]"
110892,"[56866, 27057, 24834, 88450, 18077, 19099, 29850, 85968, 105865, 102775]"
110893,"[2240, 15399, 38106, 35769, 29442, 24633, 75049, 34186, 13898, 104882]"
110894,"[78511, 7311, 44696, 94192, 74302, 83654, 34442, 36479, 57788, 34638]"
110895,"[43029, 8090, 74986, 21898, 107959, 59312, 46315, 20674, 21947, 61149]"
110896,"[44942, 63686, 66039, 34748, 31238, 72510, 101731, 102527, 104785, 42956]"
110897,"[61251, 81416, 21712, 44639, 63874, 43158, 87105, 29511, 93571, 3890]"
110898,"[62441, 17180, 94913, 87632, 39363, 8550, 77162, 87865, 24931, 106857]"
110899,"[10339, 77029, 2461, 25986, 36770, 100024, 73557, 24174, 17885, 60829]"
110900,"[48954, 8015, 45113, 25793, 10834, 4510, 107100, 52707, 56317, 89671]"
110901,"[30846, 77886, 51672, 84284, 55545, 89994, 96442, 35399, 24854, 438]"
110902,"[94483, 92174, 85899, 31066, 41034, 35203, 21912, 63008, 48408, 104520]"
110903,"[68581, 102711, 83907, 53862, 21595, 65924, 94927, 87118, 48184, 58573]"
110904,"[35573, 13270, 39931, 77274, 31070, 10982, 53484, 12790, 101337, 85998]"
110905,"[23838, 102108, 21517, 101427, 71425, 44524, 59213, 92129, 34826, 85400]"
110906,"[88267, 80208, 42508, 42594, 4470, 14534, 57671, 23193, 71678, 66559]"
110907,"[101937, 56417, 53411, 57051, 34734, 31556, 71143, 101867, 100759, 92868]"
110908,"[62536, 9671, 26502, 8327, 34722, 60417, 31495, 18953, 73192, 80223]"
110909,"[21299, 13422, 33796, 9393, 90212, 76835, 62694, 82380, 27018, 41971]"
110910,"[19019, 76188, 7698, 45612, 72158, 7330, 36783, 90812, 46830, 101997]"
110911,"[38081, 27281, 18731, 9879, 10426, 57246, 10483, 83140, 52403, 35147]"
110912,"[75085, 87860, 84760, 68257, 2618, 108168, 71960, 104632, 10464, 104303]"
110913,"[7074, 30901, 4068, 995, 108465, 87635, 59707, 74641, 21672, 11182]"
110914,"[21823, 99952, 39948, 14565, 55515, 78407, 19256, 10582, 58894, 17963]"
110915,"[55697, 2703, 3560, 4144, 41394, 52758, 83462, 43109, 64475, 101597]"
110916,"[1834, 102895, 42959, 99210, 44593, 49991, 16208, 38893, 95523, 55388]"
110917,"[55930, 84353, 102950, 53932, 97942, 86968, 46455, 18156, 50086, 99442]"
110918,"[81784, 93849, 50762, 88840, 1328, 50100, 84152, 16396, 93729, 32789]"
110919,"[103966, 42748, 21429, 34604, 57128, 56218, 2546, 66569, 65808, 68479]"
110920,"[65296, 37690, 21690, 51492, 102548, 32084, 15088, 66281, 13261, 61037]"
110921,"[2346, 29982, 21888, 58317, 1704, 7872, 33165, 85328, 7964, 38036]"
110922,"[93862, 63499, 60542, 31371, 52628, 68075, 8796, 63068, 16622, 3914]"
110923,"[10451, 4426, 84196, 99131, 64426, 33609, 29862, 109171, 108435, 15178]"
110924,"[7707, 26051, 83326, 87883, 98269, 13442, 38217, 12374, 7760, 49121]"
110925,"[91497, 60163, 98187, 25784, 67383, 71641, 103486, 53944, 104078, 38466]"
110926,"[81535, 69191, 86446, 59665, 87, 71473, 72592, 26752, 94350, 40404]"
110927,"[72857, 40435, 95950, 21222, 80761, 31359, 8542, 28687, 37797, 26195]"
110928,"[39533, 73732, 73957, 100890, 94073, 81709, 270, 83912, 69027, 82241]"
110929,"[27616, 58491, 53383, 29192, 9203, 28195, 24925, 95600, 37886, 104935]"
110930,"[25323, 2706, 16574, 84090, 31647, 41505, 49481, 74587, 71324, 84357]"
110931,"[100483, 40811, 45563, 31012, 98816, 24322, 64863, 78766, 59553, 69952]"
110932,"[73177, 27581, 78175, 34127, 37758, 92834, 53520, 68295, 99221, 36988]"
110933,"[4571, 36491, 11532, 6252, 30148, 36309, 16947, 99777, 51504, 3414]"
110934,"[29950, 59496, 48939, 20520, 53653, 76843, 17698, 2960, 9047, 5313]"
110935,"[100394, 97632, 91307, 45144, 84092, 60116, 971, 25020, 58920, 54953]"
110936,"[104808, 72391, 86882, 8000, 35827, 11288, 12844, 105931, 99715, 82063]"
110937,"[4266, 24167, 18711, 41751, 5503, 62468, 67376, 45945, 87116, 73617]"
110938,"[62258, 7556, 78182, 48800, 15124, 43186, 3703, 71180, 24459, 160]"
110939,"[37449, 91365, 31367, 12396, 25658, 100000, 27461, 24691, 75553, 88517]"
110940,"[31419, 92009, 66802, 57544, 68193, 73969, 24404, 78651, 17902, 57153]"
110941,"[103930, 19679, 95212, 78367, 91655, 95330, 102714, 47952, 55590, 102196]"
110942,"[6532, 74979, 47786, 44340, 52177, 62465, 95855, 85122, 5562, 30998]"
110943,"[98560, 105216, 62026, 66489, 9944, 72877, 64573, 74693, 34986, 89963]"
110944,"[101539, 94029, 60699, 109600, 50466, 11323, 105267, 93106, 68111, 98870]"
110945,"[105909, 67729, 29279, 108763, 20781, 38305, 31626, 101667, 12247, 26763]"
110946,"[9875, 94395, 67953, 75046, 85773, 55372, 27106, 67061, 99115, 49167]"
110947,"[17835, 77205, 63816, 36641, 29172, 94885, 49318, 105057, 88933, 39386]"
110948,"[79266, 59946, 99432, 72607, 15052, 59795, 55083, 102090, 21743, 21457]"
110949,"[25264, 58737, 69471, 76074, 54532, 86261, 108127, 2617, 86415, 109720]"
110950,"[100758, 16613, 109712, 51294, 102400, 85804, 66126, 105217, 31892, 23347]"
110951,"[3683, 92118, 27543, 55181, 76343, 40475, 10989, 82922, 80138, 8056]"
110952,"[9937, 103679, 80907, 38897, 68291, 35773, 58270, 22746, 62262, 95266]"
110953,"[69671, 96551, 26873, 94965, 17632, 1956, 27415, 21235, 60933, 43990]"
110954,"[45680, 97430, 95286, 63427, 83526, 95297, 39628, 54581, 78144, 20620]"
110955,"[17379, 12801, 84318, 31052, 109468, 4249, 29314, 27359, 16957, 75978]"
110956,"[102569, 30470, 108474, 53284, 41532, 91292, 97918, 72581, 30660, 59740]"
110957,"[2982, 103768, 32670, 60892, 45792, 109177, 57548, 27900, 45964, 59815]"
110958,"[44141, 77343, 103069, 10036, 59303, 83887, 825, 29902, 80540, 15820]"
110959,"[75344, 52321, 44515, 71973, 9901, 51718, 29405, 47243, 26736, 25782]"
110960,"[13516, 81001, 74181, 10377, 12618, 25112, 100384, 101132, 75721, 68638]"
110961,"[76806, 10382, 35171, 101206, 57533, 32583, 83027, 88409, 47789, 13762]"
110962,"[108457, 94644, 38371, 63338, 32457, 17511, 75357, 46081, 74278, 40837]"
110963,"[76009, 20264, 86831, 105093, 50263, 25971, 80919, 4361, 39865, 76326]"
110964,"[56084, 41356, 49148, 58219, 99139, 27385, 53476, 22466, 91334, 84536]"
110965,"[106620, 3520, 13651, 20903, 78028, 76340, 37525, 6719, 33405, 85514]"
110966,"[36878, 60841, 29770, 32032, 19520, 61979, 7514, 59950, 69161, 73404]"
110967,"[92114, 99985, 53245, 94414, 11036, 72756, 11051, 36833, 65993, 2657]"
110968,"[96648, 259, 56025, 17946, 15211, 39669, 96867, 67515, 56163, 23971]"
110969,"[90307, 6486, 43960, 62753, 37939, 26809, 108427, 64614, 76613, 88817]"
110970,"[17405, 54505, 1967, 10307, 63307, 86769, 58783, 43933, 72054, 24621]"
110971,"[57865, 74827, 32380, 105248, 36756, 105747, 1519, 48730, 25689, 61398]"
110972,"[23236, 7450, 33799, 77027, 349, 5489, 12436, 88896, 109191, 93381]"
110973,"[81311, 85873, 104546, 39365, 97994, 82015, 78031, 11710, 56078, 2935]"
110974,"[106568, 11820, 79204, 19777, 4563, 23968, 50066, 6304, 61320, 51697]"
110975,"[88223, 70857, 31741, 14915, 74009, 40359, 64986, 96160, 15711, 60934]"
110976,"[65576, 20560, 92592, 77681, 85431, 22186, 656, 23220, 84917, 102320]"
110977,"[34331, 19712, 89486, 71952, 39568, 76810, 109459, 41367, 80550, 84638]"
110978,"[59658, 79580, 7636, 89007, 3400, 61562, 88708, 69802, 3671, 90333]"
110979,"[71789, 42872, 71647, 57537, 7697, 32474, 27784, 102652, 99420, 107437]"
110980,"[97656, 4183, 37264, 41685, 54268, 71111, 47555, 84837, 58466, 19649]"
110981,"[108403, 1700, 107997, 20905, 97513, 63546, 30157, 78902, 83808, 17457]"
110982,"[37374, 92911, 100498, 72656, 37935, 23030, 57147, 30149, 38391, 77915]"
110983,"[79541, 47381, 45077, 2044, 33936, 11677, 51955, 11348, 72162, 21843]"
110984,"[93112, 86253, 46487, 59168, 26972, 59758, 96711, 43436, 88403, 62590]"
110985,"[38528, 74475, 92095, 72974, 93855, 74114, 23122, 101870, 31749, 25459]"
110986,"[70693, 11430, 84822, 54169, 45396, 60265, 56505, 28865, 101254, 61887]"
110987,"[73795, 63038, 97295, 31355, 83147, 74011, 90538, 67540, 66399, 38876]"
110988,"[50918, 95226, 9624, 82520, 34608, 69462, 25482, 32292, 94639, 108804]"
110989,"[52990, 83074, 40432, 92986, 78675, 98026, 57465, 99052, 105241, 89326]"
110990,"[69866, 104725, 30533, 76275, 62662, 15709, 59869, 61632, 1647, 22988]"
110991,"[88396, 14419, 100373, 103503, 104463, 13952, 97026, 22222, 43691, 56799]"
110992,"[15961, 103156, 97544, 67154, 89463, 102778, 92411, 64150, 83996, 44366]"
110993,"[17308, 73940, 58853, 67215, 18366, 14311, 89091, 64997, 107671, 51975]"
110994,"[86876, 35336, 4921, 36834, 66956, 56074, 43459, 26452, 63093, 109182]"
110995,"[1534, 32377, 18927, 79330, 94794, 24315, 39481, 65788, 51721, 95958]"
110996,"[70753, 81043, 102935, 68722, 14639, 90193, 85172, 84180, 81220, 17864]"
110997,"[81586, 108474, 36586, 103235, 85892, 90591, 84547, 23831, 68550, 56255]"
110998,"[50533, 13272, 109570, 40272, 35528, 4459, 103935, 41108, 25216, 94231]"
110999,"[58705, 51380, 90434, 22332, 98225, 71049, 108163, 26466, 108572, 55507]"
111000,"[87747, 90031, 58564, 40320, 104473, 58954, 100845, 82083, 74546, 97210]"
111001,"[90326, 52010, 32971, 53905, 38754, 79952, 38535, 38869, 19087, 21668]"
111002,"[27936, 35466, 72268, 2615, 8885, 40772, 11288, 64673, 70625, 55681]"
111003,"[23560, 65663, 38410, 100681, 8114, 28839, 39335, 56376, 18714, 44590]"
111004,"[6921, 94481, 54613, 20905, 47289, 35928, 26647, 3074, 107505, 95558]"
111005,"[103395, 53420, 47407, 43606, 31837, 3295, 104897, 70035, 26276, 16667]"
111006,"[45652, 5415, 27185, 27089, 26922, 82399, 4460, 92539, 73842, 18030]"
111007,"[10985, 65443, 76198, 45741, 99403, 3862, 82849, 101349, 74516, 97176]"
111008,"[26786, 25127, 52677, 36564, 62708, 30667, 90857, 39329, 41834, 21065]"
111009,"[47344, 2083, 101059, 6335, 97373, 29353, 102068, 88380, 64844, 31390]"
111010,"[99160, 82511, 90245, 78076, 64698, 44902, 101079, 74842, 54445, 87721]"
111011,"[37769, 19736, 1844, 637, 3572, 2298, 57657, 20808, 64054, 43262]"
111012,"[43845, 106647, 53509, 78121, 22254, 35944, 100073, 61803, 97311, 14485]"
111013,"[25717, 3141, 96658, 32360, 30722, 82954, 64990, 51800, 82707, 55447]"
111014,"[1746, 33277, 29280, 66267, 21365, 89748, 102201, 81909, 17156, 5718]"
111015,"[24750, 14160, 21153, 86730, 32930, 66937, 83237, 80101, 8078, 93974]"
111016,"[37634, 26468, 70105, 64337, 27401, 2320, 94919, 47231, 72677, 61393]"
111017,"[66291, 28526, 74388, 24904, 97853, 28186, 90970, 75061, 85055, 33233]"
111018,"[9878, 16748, 92021, 76849, 51068, 44933, 102712, 4070, 50729, 7568]"
111019,"[46822, 61085, 48111, 50877, 76094, 76905, 14642, 89740, 59607, 12993]"
111020,"[90289, 64538, 3704, 29556, 95733, 20109, 57540, 89188, 25111, 50924]"
111021,"[103583, 59754, 35701, 48098, 32494, 7608, 7985, 57993, 24858, 31910]"
111022,"[88968, 104806, 107127, 42162, 54250, 14961, 29525, 94288, 66661, 99382]"
111023,"[32943, 29659, 49433, 976, 20496, 5702, 69045, 80866, 21936, 86385]"
111024,"[88550, 227, 59493, 1984, 11535, 89675, 37149, 64871, 93641, 26434]"
111025,"[69204, 70792, 75717, 106189, 6795, 97015, 17613, 109423, 39623, 94993]"
111026,"[75833, 29095, 25284, 75806, 22359, 97171, 83712, 108433, 106983, 43807]"
111027,"[17470, 49196, 27436, 105584, 68056, 7611, 30352, 84890, 24969, 82544]"
111028,"[69314, 73093, 74544, 71129, 53157, 93813, 5859, 50678, 57643, 106720]"
111029,"[2309, 66734, 84077, 107734, 55569, 42636, 82790, 34178, 79842, 98797]"
111030,"[18536, 792, 13988, 89440, 47255, 102419, 16098, 33623, 88246, 91661]"
111031,"[39347, 76030, 97886, 72898, 54246, 79153, 43280, 78022, 75922, 54164]"
111032,"[12758, 32669, 72076, 52673, 99712, 97335, 35806, 12474, 89663, 8910]"
111033,"[71216, 75484, 78242, 3988, 29756, 22554, 44875, 70935, 73865, 46394]"
111034,"[102248, 25752, 66830, 93257, 37750, 102311, 55879, 103207, 10501, 27818]"
111035,"[8891, 13453, 37598, 46326, 1054, 89054, 35786, 1296, 12426, 27996]"
111036,"[48351, 85736, 39387, 98222, 68601, 16315, 38092, 20472, 98697, 30455]"
111037,"[40822, 28182, 93903, 42208, 103376, 100578, 55210, 53631, 70608, 82215]"
111038,"[884, 278, 43651, 7941, 101793, 49450, 45178, 26131, 104332, 67125]"
111039,"[78411, 15908, 52425, 32245, 21754, 75147, 89897, 102800, 80634, 41781]"
111040,"[34660, 96959, 97888, 72191, 47388, 44022, 14344, 45545, 948, 19592]"
111041,"[19882, 18754, 91715, 13557, 76910, 72568, 24662, 33937, 4222, 105360]"
111042,"[21095, 76563, 12613, 89209, 58674, 50283, 91236, 96345, 91647, 6097]"
111043,"[87014, 63819, 25115, 41810, 21541, 78407, 19088, 47078, 2802, 96583]"
111044,"[68690, 24378, 78838, 44328, 10017, 83033, 37122, 108604, 62333, 46978]"
111045,"[83127, 51300, 62226, 9424, 70068, 54160, 30398, 27525, 53136, 100192]"
111046,"[100496, 18950, 38780, 17150, 49279, 13363, 45099, 88933, 28168, 66147]"
111047,"[41911, 102787, 45307, 50027, 39391, 3384, 94379, 108566, 9110, 43486]"
111048,"[94474, 73654, 23394, 93669, 98917, 21136, 27576, 2867, 23510, 101560]"
111049,"[52288, 27964, 85676, 91451, 38399, 68843, 41478, 80060, 59790, 33867]"
111050,"[109480, 41765, 91937, 95858, 35293, 105808, 77377, 86520, 29573, 61166]"
111051,"[28876, 35093, 86387, 41814, 51991, 39523, 54377, 28748, 17451, 94922]"
111052,"[9670, 54351, 75028, 72895, 87988, 33712, 10479, 73942, 25912, 58283]"
111053,"[48992, 63756, 109096, 20556, 73736, 76535, 41326, 74310, 44817, 71284]"
111054,"[57588, 59104, 63663, 43075, 55259, 106054, 39073, 52791, 91130, 87875]"
111055,"[25279, 90469, 48503, 22216, 2149, 48969, 98804, 85454, 105138, 11089]"
111056,"[56485, 64642, 21865, 65244, 67448, 4837, 61481, 86335, 87879, 30743]"
111057,"[96681, 10521, 95836, 75292, 32206, 23735, 23137, 36323, 33191, 13951]"
111058,"[22529, 24010, 2836, 105088, 98474, 102491, 109745, 23765, 54644, 101343]"
111059,"[36902, 11056, 87503, 51159, 60585, 35625, 66588, 71159, 92977, 20497]"
111060,"[98521, 80253, 80605, 52165, 66885, 9991, 41090, 66525, 53651, 3305]"
111061,"[54930, 78840, 97290, 106364, 28452, 83857, 60131, 78610, 44158, 84144]"
111062,"[82641, 23561, 94189, 19715, 89820, 4823, 68257, 2618, 92312, 12135]"
111063,"[101499, 85492, 39553, 28159, 13566, 108554, 70749, 63674, 99651, 2041]"
111064,"[107184, 63693, 4692, 14420, 84549, 52941, 96768, 16057, 53156, 18157]"
111065,"[43596, 52035, 35696, 40592, 43385, 60900, 46111, 44923, 4386, 21531]"
111066,"[66522, 33634, 47293, 87235, 97902, 8955, 34910, 24863, 67306, 18026]"
111067,"[109352, 45983, 41390, 98699, 73087, 84029, 95, 6592, 38265, 57651]"
111068,"[18211, 80453, 75298, 63103, 44014, 99805, 58669, 89341, 36826, 19482]"
111069,"[20799, 88685, 77962, 104237, 22449, 52253, 49033, 91794, 106975, 65310]"
111070,"[77267, 22271, 27716, 65454, 46881, 100222, 55400, 712, 98899, 106569]"
111071,"[44776, 16510, 79589, 19625, 109275, 99857, 80231, 3565, 56691, 87532]"
111072,"[65184, 38312, 85176, 92643, 54050, 94744, 105889, 17105, 72441, 54388]"
111073,"[6056, 104605, 81611, 100286, 5214, 8197, 95834, 37471, 35947, 88132]"
111074,"[95778, 62919, 57624, 40990, 43539, 26347, 12980, 40227, 38744, 79738]"
111075,"[1463, 102413, 77572, 27988, 30794, 21595, 109646, 27391, 72736, 65924]"
111076,"[105179, 57952, 4695, 103971, 51795, 79361, 65757, 11637, 7566, 94328]"
111077,"[96743, 92468, 79352, 56247, 44431, 63629, 91856, 109189, 58096, 26066]"
111078,"[18033, 34504, 32612, 58061, 82130, 18321, 11676, 68289, 66114, 45090]"
111079,"[98418, 50521, 4993, 22656, 88642, 76724, 89273, 51356, 32686, 75151]"
111080,"[86797, 2553, 9211, 38769, 101725, 92983, 77120, 65211, 87238, 102740]"
111081,"[87663, 43069, 27882, 11590, 33282, 57757, 92292, 104759, 13983, 55362]"
111082,"[55403, 101024, 77287, 97750, 21023, 9812, 65366, 2870, 29068, 75033]"
111083,"[71293, 102993, 17042, 77016, 97005, 18120, 45026, 79858, 48104, 8856]"
111084,"[15709, 100659, 76275, 37230, 62662, 59869, 69866, 61632, 85915, 1647]"
111085,"[11108, 95577, 18371, 54761, 74345, 40976, 74949, 40271, 31356, 16667]"
111086,"[81353, 66855, 28922, 84058, 69069, 12371, 46294, 19477, 97161, 109350]"
111087,"[60117, 2231, 11574, 62678, 53079, 35860, 77700, 98438, 14164, 5871]"
111088,"[29070, 45014, 61002, 46666, 65942, 17302, 70122, 16828, 99153, 23851]"
111089,"[58584, 21996, 47272, 8534, 42035, 21314, 80968, 54947, 34727, 42872]"
111090,"[52031, 81724, 75539, 84641, 44269, 2069, 25214, 27096, 96494, 2941]"
111091,"[82189, 76549, 53728, 24108, 67132, 21101, 22707, 82694, 54227, 40622]"
111092,"[61970, 3634, 14638, 93229, 63184, 35556, 32494, 74162, 20108, 93527]"
111093,"[982, 32923, 2990, 63000, 55893, 61580, 41144, 52600, 50413, 48096]"
111094,"[48409, 38292, 75588, 51324, 105020, 12844, 96780, 95811, 14812, 54756]"
111095,"[61301, 74631, 78146, 81024, 36785, 104703, 49207, 100511, 65409, 50501]"
111096,"[109562, 29797, 45089, 97999, 93156, 78071, 76319, 17999, 80297, 21112]"
111097,"[99718, 107811, 33432, 60244, 73657, 81238, 36389, 16707, 8391, 12652]"
111098,"[100741, 46898, 97800, 14059, 10847, 83488, 11372, 67783, 63346, 34342]"
111099,"[95438, 49528, 37014, 3957, 38432, 73559, 29895, 59930, 69790, 107205]"
111100,"[104490, 108886, 16234, 78584, 13691, 61319, 99168, 102112, 11902, 85901]"
111101,"[2559, 42029, 5884, 18954, 32852, 94980, 84957, 39667, 64664, 18816]"
111102,"[103457, 98839, 81206, 13205, 10688, 27903, 45567, 11270, 26000, 38132]"
111103,"[92484, 107998, 64656, 58483, 109546, 86738, 49072, 74443, 22584, 107717]"
111104,"[38171, 80560, 66811, 28267, 104066, 69675, 70164, 29380, 63901, 89902]"
111105,"[89458, 97498, 54660, 23719, 80377, 74109, 5075, 76336, 8719, 51387]"
111106,"[88036, 29774, 92630, 3443, 25610, 18423, 15082, 70835, 2540, 97193]"
111107,"[43266, 54147, 80006, 92309, 56772, 26116, 37371, 60576, 77134, 4677]"
111108,"[30862, 71391, 2035, 98890, 74780, 74512, 97956, 56729, 58964, 68968]"
111109,"[98495, 59396, 64196, 66905, 103723, 53750, 103108, 5057, 2227, 32568]"
111110,"[22848, 46195, 97641, 12703, 85686, 98670, 95730, 31443, 37444, 10638]"
111111,"[69611, 106268, 107489, 24455, 2076, 78632, 107136, 52966, 84161, 12217]"
111112,"[85703, 68880, 93618, 34688, 624, 30535, 65085, 58257, 107636, 56048]"
111113,"[73208, 103551, 70545, 104030, 42943, 108255, 75781, 26440, 68129, 76766]"
111114,"[57559, 33389, 84611, 85581, 15416, 41861, 96375, 42934, 8969, 85015]"
111115,"[35934, 63425, 34370, 81736, 49683, 101514, 89921, 61461, 72013, 67468]"
111116,"[60991, 24534, 96675, 86839, 34320, 18323, 55455, 46881, 65535, 30170]"
111117,"[62895, 48224, 53842, 85375, 71978, 81259, 25133, 26269, 68256, 45675]"
111118,"[70384, 30114, 102589, 82857, 15620, 14209, 102017, 6750, 75173, 77889]"
111119,"[4657, 107699, 359, 27249, 10709, 77938, 54398, 5477, 101831, 19990]"
111120,"[106194, 73427, 75779, 10877, 31635, 34376, 69853, 55502, 33355, 77101]"
111121,"[46374, 26551, 68441, 22576, 68494, 31078, 107471, 21092, 95030, 29930]"
111122,"[44493, 68243, 9081, 81845, 29558, 3433, 49316, 19387, 25738, 48899]"
111123,"[56117, 4812, 32259, 37699, 96085, 10939, 39165, 35344, 22690, 64348]"
111124,"[97675, 58581, 32776, 16384, 44246, 54918, 35966, 94724, 40170, 16059]"
111125,"[39412, 29784, 44509, 15237, 84931, 39400, 71501, 43337, 51562, 69791]"
111126,"[67817, 62187, 44087, 79398, 63058, 70572, 43508, 23172, 98724, 68191]"
111127,"[21102, 16567, 39507, 45521, 67848, 83585, 47068, 106309, 8922, 77126]"
111128,"[69884, 66780, 91613, 28250, 47743, 19091, 30408, 12634, 46360, 79535]"
111129,"[51858, 20237, 55938, 86433, 48774, 79354, 66220, 54561, 88883, 1359]"
111130,"[40669, 104943, 19751, 8019, 33039, 36946, 26154, 96451, 78767, 91313]"
111131,"[16755, 42852, 16412, 32391, 15691, 5880, 5962, 83732, 84133, 104377]"
111132,"[95281, 46932, 106851, 12959, 87653, 43457, 30044, 4215, 15752, 93877]"
111133,"[65078, 101238, 46216, 41794, 36811, 23128, 76861, 99572, 26418, 60393]"
111134,"[104222, 21538, 89217, 56480, 40715, 52252, 48429, 96839, 78933, 2744]"
111135,"[12355, 17206, 76628, 35865, 25377, 61104, 36772, 16555, 23178, 47214]"
111136,"[2568, 8232, 23999, 31233, 2566, 26153, 88470, 60309, 48467, 65706]"
111137,"[6438, 10594, 3467, 36753, 99657, 7626, 40540, 24033, 85751, 82744]"
111138,"[74013, 45139, 102423, 32112, 53377, 28148, 58299, 101627, 88383, 41511]"
111139,"[33472, 98392, 39416, 45659, 49929, 23443, 96124, 19658, 39049, 91831]"
111140,"[3687, 48306, 471, 93920, 41141, 89822, 72493, 60129, 96939, 80291]"
111141,"[43981, 18003, 106999, 27587, 96065, 74272, 20055, 103746, 42067, 70279]"
111142,"[83447, 71260, 82251, 11109, 82537, 22241, 77949, 68982, 42012, 77280]"
111143,"[47529, 30924, 59179, 65595, 29369, 105969, 15785, 84834, 12920, 98210]"
111144,"[107874, 60700, 51908, 97525, 97539, 47871, 17347, 20658, 51342, 61554]"
111145,"[78466, 28207, 19172, 75701, 58112, 93162, 38966, 109203, 99292, 54370]"
111146,"[102268, 58047, 27350, 104441, 44689, 2640, 6335, 95388, 47123, 22252]"
111147,"[67638, 107177, 3899, 33377, 41150, 71640, 44724, 84178, 20964, 36269]"
111148,"[99210, 64861, 18284, 102895, 43679, 24804, 25247, 74992, 100303, 101292]"
111149,"[18376, 79651, 79345, 64243, 32429, 44297, 4018, 29963, 104734, 93162]"
111150,"[61613, 34548, 55913, 51132, 101945, 69758, 69285, 38444, 103636, 81624]"
111151,"[41580, 19294, 98145, 94176, 11148, 52391, 43552, 27832, 11899, 29538]"
111152,"[43607, 1827, 62464, 77497, 58290, 42044, 29052, 74717, 95157, 79609]"
111153,"[106796, 49580, 92758, 49688, 29378, 74513, 65769, 74523, 76191, 90692]"
111154,"[48490, 12328, 84275, 96733, 97461, 9244, 69663, 35352, 2319, 100086]"
111155,"[70717, 8004, 62244, 42678, 95454, 42545, 53193, 92519, 98634, 69323]"
111156,"[87976, 51569, 8224, 68551, 10554, 46636, 95217, 51540, 99479, 72363]"
111157,"[24917, 62815, 42158, 70581, 42150, 77042, 106151, 39419, 103762, 30708]"
111158,"[102384, 102049, 1888, 69123, 56852, 73725, 20255, 84455, 99970, 22461]"
111159,"[80792, 91237, 13469, 79294, 45386, 75115, 14086, 40130, 19555, 78784]"
111160,"[83450, 44258, 34890, 2172, 57077, 97432, 48878, 44882, 4667, 47416]"
111161,"[29808, 60007, 68226, 103864, 48334, 71253, 77185, 81381, 108653, 60540]"
111162,"[39860, 53327, 71210, 86997, 69196, 5521, 76518, 60976, 107633, 3116]"
111163,"[57833, 27855, 84908, 90056, 49778, 102551, 82388, 23694, 107257, 105339]"
111164,"[26598, 60743, 101120, 99463, 105115, 25050, 24320, 27241, 95366, 37807]"
111165,"[56780, 75329, 20297, 16636, 56826, 1389, 48093, 57115, 95775, 16605]"
111166,"[40181, 108340, 105831, 87192, 67187, 67689, 34096, 23059, 70250, 88259]"
111167,"[6009, 89204, 8241, 103685, 67929, 94486, 49551, 64082, 19207, 50337]"
111168,"[13748, 36557, 72188, 64443, 4621, 73723, 51908, 64575, 87322, 87749]"
111169,"[7017, 17550, 6652, 23605, 68845, 65846, 22525, 87136, 13388, 72956]"
111170,"[79039, 58880, 39495, 108831, 66762, 75944, 676, 38813, 50807, 35976]"
111171,"[47417, 61258, 79283, 78126, 85698, 14995, 48348, 38763, 49335, 86862]"
111172,"[42501, 87841, 1591, 72553, 61354, 46985, 57550, 101280, 78015, 21678]"
111173,"[14791, 22950, 80504, 19448, 54954, 78431, 90911, 27850, 11859, 12701]"
111174,"[89221, 248, 827, 55245, 40374, 48463, 15036, 82108, 71556, 90014]"
111175,"[63654, 31291, 70438, 88416, 72931, 60403, 32658, 22612, 22190, 6065]"
111176,"[29755, 79453, 2700, 90607, 79032, 10462, 8172, 48002, 30117, 4976]"
111177,"[44117, 44463, 7375, 55313, 105382, 88919, 31298, 12035, 27911, 27311]"
111178,"[5771, 64181, 40836, 89327, 100498, 72656, 50961, 42175, 56761, 12636]"
111179,"[35836, 80160, 19585, 82015, 85873, 106845, 60619, 61139, 68925, 69155]"
111180,"[62058, 54908, 35112, 23464, 49280, 58902, 14429, 60953, 64811, 65828]"
111181,"[75430, 39130, 34858, 8080, 41466, 54577, 43175, 42605, 45895, 82411]"
111182,"[98380, 102559, 6119, 80657, 80003, 64769, 39957, 93367, 50826, 61606]"
111183,"[56551, 3772, 56942, 29980, 55156, 59629, 59475, 20376, 71483, 37987]"
111184,"[17280, 67864, 93321, 54509, 70174, 59810, 100580, 48129, 46856, 27880]"
111185,"[72110, 15106, 66408, 77196, 80862, 71068, 6844, 65264, 85941, 77835]"
111186,"[106843, 24636, 53288, 29899, 74285, 63866, 71814, 64810, 43812, 22691]"
111187,"[86166, 3237, 53856, 80530, 60706, 16682, 79942, 49225, 16619, 106898]"
111188,"[58684, 84619, 82737, 4121, 58639, 89038, 49627, 18015, 95133, 11362]"
111189,"[29138, 4084, 49696, 39154, 34654, 98308, 18123, 4176, 106098, 13961]"
111190,"[34154, 74647, 78317, 73813, 27579, 10724, 29267, 87142, 70096, 94891]"
111191,"[86771, 61014, 74675, 32453, 6213, 74364, 94785, 94944, 41290, 38091]"
111192,"[77218, 75886, 78425, 88229, 46707, 20455, 67153, 14296, 58931, 29347]"
111193,"[46675, 60801, 82912, 98483, 3249, 38352, 43153, 52775, 57585, 59071]"
111194,"[108053, 63354, 50097, 109612, 63338, 27327, 60157, 105255, 3091, 75357]"
111195,"[67587, 16527, 100436, 2464, 3658, 60279, 95914, 81483, 57500, 91351]"
111196,"[60024, 13086, 83951, 62158, 13866, 51575, 22078, 80384, 19344, 860]"
111197,"[9237, 96261, 36920, 69179, 68137, 12026, 5963, 102565, 102466, 6001]"
111198,"[90346, 32942, 61861, 80492, 56189, 5684, 97323, 80067, 58919, 34624]"
111199,"[55930, 102950, 106602, 44146, 84595, 68861, 20626, 35162, 84353, 33940]"
111200,"[102262, 60608, 31872, 65893, 94718, 15201, 72389, 48328, 11454, 1997]"
111201,"[86213, 18658, 16138, 33094, 43801, 98946, 86406, 31444, 43393, 14582]"
111202,"[38672, 62223, 92231, 92919, 47758, 22115, 82931, 64589, 41607, 76665]"
111203,"[65666, 7485, 74668, 79387, 79532, 97239, 37294, 83331, 64708, 14594]"
111204,"[17157, 2827, 8669, 32842, 99883, 27371, 99589, 26901, 16770, 108407]"
111205,"[20813, 78827, 38079, 58286, 30877, 56981, 46809, 46894, 29581, 32533]"
111206,"[54902, 45771, 14910, 32745, 59674, 16761, 14958, 30648, 108551, 12415]"
111207,"[27540, 15446, 73065, 30711, 61712, 77669, 63798, 54602, 45970, 57571]"
111208,"[2635, 22062, 33318, 60313, 84781, 32046, 12851, 19723, 23421, 86918]"
111209,"[60743, 33997, 95366, 107364, 88785, 16155, 4892, 24665, 32345, 24305]"
111210,"[90770, 59433, 3101, 101076, 90249, 58815, 46344, 3668, 71699, 102362]"
111211,"[98573, 76164, 81614, 11568, 10454, 19661, 48343, 7054, 100836, 86041]"
111212,"[49512, 63556, 64903, 61296, 99678, 60735, 18753, 71626, 67653, 57546]"
111213,"[74880, 30721, 18633, 64411, 31643, 21682, 22980, 107771, 47365, 92960]"
111214,"[77323, 78941, 85560, 55282, 29619, 80894, 100796, 68936, 94710, 76215]"
111215,"[35543, 9438, 50689, 78090, 14615, 105329, 71709, 89621, 10144, 100433]"
111216,"[86193, 57235, 99098, 25544, 97883, 105872, 68558, 59125, 19286, 80693]"
111217,"[8950, 43992, 88407, 18602, 35642, 48066, 40572, 31247, 97117, 38089]"
111218,"[39190, 82135, 35501, 24674, 2393, 101467, 58605, 1735, 64965, 96174]"
111219,"[14402, 22958, 104231, 49550, 18233, 52137, 17588, 63539, 44087, 95537]"
111220,"[107416, 29622, 67520, 38790, 12765, 100278, 71075, 86755, 53622, 61387]"
111221,"[84247, 43393, 14582, 84761, 70405, 103322, 91564, 98660, 64123, 30489]"
111222,"[62269, 61859, 102883, 91851, 16065, 100571, 55882, 96365, 10739, 71521]"
111223,"[102888, 21374, 85629, 26888, 29465, 7365, 41608, 99395, 70692, 33654]"
111224,"[105339, 23694, 5430, 82388, 90056, 49778, 102551, 57833, 107257, 25780]"
111225,"[23365, 97045, 86057, 25156, 105039, 78775, 89498, 62212, 24109, 95764]"
111226,"[27428, 68692, 54979, 81585, 1628, 11958, 21401, 17346, 68056, 30724]"
111227,"[18431, 77638, 23102, 11860, 25015, 82924, 13913, 19206, 24604, 3092]"
111228,"[76360, 91305, 10775, 16661, 6579, 108375, 58455, 80197, 2994, 23534]"
111229,"[83815, 96839, 56480, 40715, 34423, 71406, 37708, 16989, 81915, 3818]"
111230,"[98648, 12609, 68242, 95687, 106873, 63435, 16434, 28733, 5118, 80916]"
111231,"[14931, 45918, 8188, 81830, 48107, 16131, 13025, 107375, 85461, 2304]"
111232,"[108815, 105477, 101510, 96528, 57557, 40332, 55618, 57030, 65026, 41689]"
111233,"[77704, 15246, 41699, 43939, 47696, 9974, 105635, 48587, 98140, 73993]"
111234,"[85301, 82328, 27494, 87030, 102299, 64092, 97452, 78207, 55045, 21375]"
111235,"[107482, 109616, 47365, 64411, 31643, 93454, 8500, 22033, 106415, 39646]"
111236,"[92428, 33072, 42086, 85678, 73663, 24873, 89007, 87124, 6185, 62548]"
111237,"[82239, 75859, 39344, 5470, 69639, 51698, 15267, 30300, 54360, 35992]"
111238,"[89528, 27514, 11449, 19858, 9403, 103219, 5334, 84986, 8879, 97580]"
111239,"[65187, 90091, 41771, 65454, 99524, 3117, 62795, 91781, 18323, 93269]"
111240,"[33407, 55986, 4974, 13258, 85478, 55549, 43864, 103019, 66273, 81240]"
111241,"[12857, 70889, 25315, 64780, 67097, 81344, 10142, 66357, 84483, 58435]"
111242,"[3022, 69970, 106230, 91482, 81336, 47590, 43372, 57297, 38627, 65980]"
111243,"[14469, 91008, 63145, 95533, 93685, 64372, 69527, 25424, 48683, 14184]"
111244,"[91416, 534, 56929, 79139, 60950, 29618, 16679, 72878, 76617, 76953]"
111245,"[27499, 87677, 30618, 39208, 69165, 22246, 90346, 28973, 69068, 101416]"
111246,"[88409, 101630, 47789, 25774, 10382, 687, 64020, 52898, 44124, 35171]"
111247,"[109772, 52758, 60444, 96796, 22026, 50483, 108408, 11589, 16305, 94386]"
111248,"[96452, 84492, 35885, 21221, 103357, 34733, 107664, 91301, 19474, 17123]"
111249,"[3346, 71379, 81692, 7907, 109546, 79197, 83035, 63389, 99998, 70797]"
111250,"[67500, 47272, 62724, 94573, 80968, 92874, 47414, 12535, 29721, 46024]"
111251,"[63539, 28620, 44711, 28423, 54972, 34542, 108819, 60508, 82491, 73039]"
111252,"[48765, 108126, 43642, 24152, 35990, 64430, 48071, 96622, 47591, 48195]"
111253,"[103073, 93297, 43762, 88527, 80290, 101857, 103527, 56588, 69868, 55199]"
111254,"[14737, 16724, 92228, 62384, 45803, 77394, 36802, 33968, 65882, 60728]"
111255,"[41773, 94489, 31835, 76298, 33877, 12887, 33366, 28838, 91261, 102818]"
111256,"[36718, 14660, 55831, 109145, 94589, 100657, 48896, 64993, 101765, 101439]"
111257,"[18363, 14577, 50311, 105602, 92645, 51000, 21550, 37664, 53142, 78852]"
111258,"[34840, 39895, 28492, 95501, 14416, 39767, 34665, 16015, 21995, 54971]"
111259,"[82712, 104776, 55779, 63376, 102668, 49020, 6649, 38469, 25559, 40379]"
111260,"[85881, 52877, 85377, 33071, 62265, 34322, 3206, 92724, 53167, 109763]"
111261,"[2815, 74823, 95884, 55370, 49444, 71114, 93771, 78656, 104094, 47570]"
111262,"[12677, 83445, 59093, 50883, 52653, 67778, 36758, 93632, 37061, 16831]"
111263,"[107864, 92716, 44128, 77002, 90359, 967, 69951, 95586, 40997, 42504]"
111264,"[65397, 4660, 72029, 12929, 54001, 5753, 61745, 71186, 139, 65701]"
111265,"[80259, 64112, 57494, 21551, 67519, 98719, 87308, 54786, 41990, 16603]"
111266,"[63024, 46618, 38456, 82586, 13365, 107279, 51339, 76444, 41770, 17723]"
111267,"[17247, 107035, 53486, 62521, 19960, 4161, 10316, 17495, 24764, 89142]"
111268,"[17251, 39682, 85142, 49575, 18450, 34340, 34398, 38143, 68466, 77051]"
111269,"[16484, 81247, 47238, 89273, 51902, 4993, 94813, 21566, 55565, 66472]"
111270,"[37045, 61139, 60182, 80160, 65831, 99986, 2935, 99266, 58575, 45703]"
111271,"[20004, 76004, 39464, 86863, 82889, 87132, 91603, 31074, 12997, 96152]"
111272,"[26243, 94657, 6716, 21148, 89709, 47411, 4970, 85349, 99217, 37708]"
111273,"[58022, 42953, 21814, 8196, 15449, 18750, 42944, 35017, 31765, 13308]"
111274,"[347, 65339, 108738, 51580, 83310, 78023, 36564, 102495, 34526, 91621]"
111275,"[106256, 13179, 59715, 7954, 52141, 35687, 32394, 49982, 72277, 1755]"
111276,"[8753, 30668, 14714, 80896, 1273, 53679, 27548, 37808, 43168, 30090]"
111277,"[76292, 37260, 21073, 9189, 107578, 33326, 48207, 29499, 44042, 10609]"
111278,"[19693, 83696, 17957, 42978, 17969, 17663, 72131, 65474, 69171, 51239]"
111279,"[88479, 83247, 10945, 87061, 104366, 4076, 36939, 94450, 14499, 11489]"
111280,"[44398, 40249, 103439, 72963, 35098, 54777, 47469, 52813, 60590, 60864]"
111281,"[12096, 52867, 100111, 2059, 101483, 86564, 76263, 95023, 22698, 33453]"
111282,"[65359, 91377, 61277, 79706, 40000, 37602, 72302, 83017, 37097, 79800]"
111283,"[5367, 96813, 87275, 25213, 108418, 55031, 98613, 11327, 61321, 13426]"
111284,"[42317, 108891, 48540, 55693, 69708, 53950, 51803, 56163, 23971, 20417]"
111285,"[70404, 58089, 69885, 64689, 81896, 86646, 9462, 23868, 27567, 80103]"
111286,"[31262, 105118, 95162, 21436, 71199, 97060, 53311, 68043, 75596, 82717]"
111287,"[39883, 103608, 53488, 47352, 51435, 46547, 24319, 7982, 107039, 9867]"
111288,"[1700, 107997, 35279, 92784, 22127, 79798, 78902, 77199, 6921, 97513]"
111289,"[33524, 46288, 42962, 102592, 76117, 46085, 96040, 15900, 23149, 18933]"
111290,"[82577, 15521, 34847, 18558, 23798, 81006, 84993, 85564, 96833, 106292]"
111291,"[11503, 37407, 35730, 11243, 45025, 86468, 63367, 38215, 35149, 42479]"
111292,"[30759, 36902, 1097, 27937, 48296, 92977, 20497, 97489, 47037, 61720]"
111293,"[90277, 3959, 37060, 13115, 39730, 104858, 68700, 88839, 70665, 79866]"
111294,"[50894, 19468, 66098, 99477, 46027, 24484, 16442, 22338, 31054, 91925]"
111295,"[43426, 46286, 58876, 22266, 543, 55533, 58971, 65277, 97722, 63220]"
111296,"[92210, 107523, 63476, 3496, 4455, 22655, 75316, 980, 53492, 98608]"
111297,"[83069, 56950, 58059, 32719, 100978, 33648, 27274, 86981, 99554, 94275]"
111298,"[91933, 37385, 48357, 22518, 39558, 49296, 27741, 23389, 98921, 101280]"
111299,"[96374, 17062, 18175, 222, 15044, 61653, 103947, 45045, 104068, 37544]"
111300,"[11672, 39001, 78453, 39032, 21985, 78620, 16697, 54317, 98031, 92427]"
111301,"[36902, 15906, 70681, 11056, 87503, 30759, 56152, 91912, 1097, 47037]"
111302,"[69525, 74057, 44366, 108994, 87817, 42653, 73449, 12722, 103156, 97544]"
111303,"[102447, 46940, 39536, 95487, 63618, 53019, 25816, 82917, 97419, 40787]"
111304,"[51501, 46069, 12301, 57971, 57154, 2278, 3084, 97857, 74670, 22532]"
111305,"[92892, 94949, 10523, 7957, 41183, 33874, 81124, 18380, 64405, 105367]"
111306,"[75938, 59273, 29866, 95392, 101975, 89146, 76666, 41577, 108546, 8375]"
111307,"[102198, 65062, 87718, 84600, 44089, 19483, 64921, 58264, 65787, 39588]"
111308,"[25568, 49868, 34969, 81246, 26530, 35614, 55280, 89512, 3367, 81602]"
111309,"[32475, 29590, 81298, 17799, 31547, 46194, 100490, 55843, 52805, 63242]"
111310,"[64563, 94310, 88125, 49914, 92061, 11571, 80664, 70484, 87368, 35591]"
111311,"[83790, 100374, 49559, 19892, 11021, 3123, 85816, 93999, 87937, 46558]"
111312,"[34387, 31705, 24695, 77349, 31595, 65592, 25249, 98656, 35517, 53952]"
111313,"[99320, 97693, 45861, 24669, 14687, 83641, 49229, 89593, 92402, 61699]"
111314,"[95336, 83769, 38704, 22447, 73836, 29334, 4960, 6814, 72954, 7166]"
111315,"[55123, 54798, 7857, 52913, 66023, 1900, 8980, 59200, 101406, 100650]"
111316,"[91995, 14446, 103989, 8266, 30419, 107724, 51866, 11124, 95104, 32080]"
111317,"[3731, 11767, 76734, 12092, 30328, 95891, 72537, 39321, 107718, 72010]"
111318,"[79583, 2181, 79018, 1757, 93739, 64522, 25285, 44326, 52912, 8]"
111319,"[33528, 89472, 70543, 88981, 78781, 18220, 6128, 75098, 48780, 40424]"
111320,"[49606, 17456, 22351, 76780, 83654, 34442, 44526, 74302, 34638, 44696]"
111321,"[45891, 7259, 108108, 11767, 95026, 37321, 98951, 55780, 95229, 27868]"
111322,"[45516, 57295, 92303, 94837, 10085, 58536, 56872, 48092, 65586, 7502]"
111323,"[10297, 86231, 47202, 82907, 101434, 28262, 58202, 98177, 39826, 76235]"
111324,"[28577, 108427, 80245, 51807, 51702, 53018, 43288, 95216, 26219, 9352]"
111325,"[60408, 76091, 88861, 37962, 30991, 2920, 66927, 79911, 92545, 109025]"
111326,"[11200, 109358, 87839, 57107, 58280, 104035, 76947, 103074, 80928, 55598]"
111327,"[11871, 15472, 30256, 64360, 99041, 11285, 25394, 81904, 9705, 84665]"
111328,"[25677, 24641, 25249, 4461, 105880, 98656, 77995, 36962, 7410, 79603]"
111329,"[28778, 1835, 16519, 74832, 9071, 81171, 38434, 70780, 23587, 59331]"
111330,"[59071, 3249, 93595, 28696, 31573, 74046, 527, 15546, 45507, 57264]"
111331,"[66768, 47487, 19717, 101486, 85457, 82612, 28791, 12056, 62820, 46687]"
111332,"[87359, 96199, 14385, 107092, 108475, 61882, 28367, 85441, 78983, 99469]"
111333,"[89179, 96823, 74663, 52931, 28500, 49909, 67311, 87897, 26825, 39859]"
111334,"[102907, 94631, 81289, 66790, 69212, 35568, 45032, 35995, 39208, 41071]"
111335,"[15922, 106182, 78344, 25120, 7213, 91454, 71565, 81640, 23157, 47312]"
111336,"[107742, 63422, 52187, 23340, 47222, 89606, 105676, 18632, 15029, 69355]"
111337,"[61914, 36943, 82811, 37214, 28369, 14018, 13564, 32724, 64055, 102637]"
111338,"[109434, 88775, 21057, 52473, 50883, 52318, 30416, 10196, 46816, 93995]"
111339,"[67522, 13981, 54847, 77585, 27174, 18462, 87009, 89558, 29549, 36005]"
111340,"[77417, 107609, 14457, 104314, 42408, 71229, 19453, 24767, 92154, 104261]"
111341,"[93507, 17669, 10817, 13541, 29736, 91935, 34444, 14503, 97751, 82371]"
111342,"[103357, 85039, 83593, 63409, 62753, 75216, 35885, 21221, 82992, 35627]"
111343,"[102185, 59115, 45765, 106346, 31274, 85747, 81139, 7041, 78489, 88909]"
111344,"[12816, 34695, 21068, 28193, 27435, 12049, 73584, 69706, 56640, 83969]"
111345,"[104348, 12809, 71345, 73414, 16991, 42274, 12431, 62422, 155, 85210]"
111346,"[97185, 10674, 12876, 18786, 61379, 83941, 88106, 24593, 2209, 72406]"
111347,"[50548, 77716, 83238, 39722, 97794, 65315, 13807, 10856, 93554, 103033]"
111348,"[18649, 23823, 88181, 65884, 87642, 7695, 20658, 90349, 107308, 45305]"
111349,"[94466, 98587, 9623, 20208, 50592, 22657, 24251, 64702, 85087, 96254]"
111350,"[3297, 42175, 12636, 106821, 98747, 73369, 26724, 87374, 65435, 100720]"
111351,"[52230, 72389, 48328, 78837, 22667, 34740, 106241, 82417, 97382, 94900]"
111352,"[59210, 54782, 14523, 24474, 92677, 49747, 42030, 63119, 23793, 62122]"
111353,"[5898, 7167, 23169, 101106, 20139, 99570, 25541, 9076, 53376, 85569]"
111354,"[70607, 44396, 62587, 33280, 13262, 62591, 76940, 85993, 79185, 7631]"
111355,"[66748, 30280, 72980, 103741, 33423, 32055, 64437, 64501, 41877, 66860]"
111356,"[69259, 42488, 13962, 10791, 47539, 104985, 4247, 51055, 97364, 105370]"
111357,"[48666, 71900, 105570, 44792, 90718, 51932, 82399, 46109, 15595, 18598]"
111358,"[97916, 31542, 106379, 39721, 82964, 28431, 1473, 99724, 44983, 56713]"
111359,"[108368, 91899, 91006, 101363, 83226, 39584, 28278, 50563, 58344, 60553]"
111360,"[107496, 63936, 66340, 32526, 60601, 12060, 44049, 77689, 89053, 41786]"
111361,"[86300, 27278, 90356, 98555, 85608, 30918, 106595, 63976, 67998, 81467]"
111362,"[84134, 48428, 80048, 87785, 30107, 23773, 66138, 105636, 49824, 8436]"
111363,"[59506, 33092, 42555, 18442, 52660, 102948, 52163, 71732, 70649, 4765]"
111364,"[25582, 84554, 109735, 68207, 24118, 88205, 66677, 24625, 90080, 55691]"
111365,"[37641, 1082, 86789, 43799, 23826, 44579, 105926, 11387, 52101, 94900]"
111366,"[24670, 4945, 94563, 14855, 59561, 23295, 5272, 71873, 77234, 53456]"
111367,"[67644, 19262, 84707, 54562, 32257, 6862, 56473, 13823, 62578, 92603]"
111368,"[52426, 6490, 74947, 69078, 3466, 42850, 24552, 33831, 12388, 36047]"
111369,"[81926, 26649, 17267, 98411, 9093, 65779, 67202, 52206, 82614, 1419]"
111370,"[8735, 90523, 81634, 61268, 70771, 34277, 32580, 43502, 60175, 65291]"
111371,"[34346, 73666, 63583, 78691, 5680, 16773, 41623, 97855, 17472, 46435]"
111372,"[72037, 59437, 47800, 67477, 58659, 40369, 37624, 97780, 13842, 76535]"
111373,"[95964, 73380, 101844, 82569, 15724, 25372, 63801, 11633, 97795, 21929]"
111374,"[84255, 103330, 41077, 52244, 65478, 50167, 77643, 26178, 223, 56274]"
111375,"[7355, 60498, 53498, 59186, 49738, 84323, 93093, 102084, 1069, 105462]"
111376,"[10834, 4510, 107100, 52707, 56317, 65993, 98503, 47596, 25529, 57499]"
111377,"[56403, 2998, 40859, 99611, 105144, 31460, 99686, 1529, 99107, 36985]"
111378,"[51475, 73485, 5083, 38530, 43750, 81625, 75294, 84655, 12862, 84480]"
111379,"[91124, 57615, 76356, 89079, 104070, 65306, 86682, 95928, 27536, 31857]"
111380,"[21055, 7393, 59052, 52638, 79823, 77987, 19701, 98586, 44448, 25388]"
111381,"[7547, 18772, 103904, 29043, 13579, 78688, 65206, 82245, 59210, 54782]"
111382,"[38794, 106457, 137, 99943, 38673, 103469, 35841, 75290, 78873, 66133]"
111383,"[78155, 25118, 61993, 79068, 43020, 69108, 66639, 38243, 31181, 108807]"
111384,"[293, 77228, 74428, 33800, 42639, 80290, 90012, 83282, 65280, 93177]"
111385,"[3043, 39098, 41048, 29296, 94024, 69966, 105769, 93945, 92727, 89723]"
111386,"[47507, 37691, 79847, 8858, 88429, 4886, 75441, 36275, 18937, 35122]"
111387,"[67933, 87916, 11517, 29928, 86258, 61737, 49046, 7823, 106478, 80983]"
111388,"[88240, 94099, 23728, 55594, 69484, 109299, 5426, 82034, 7519, 71844]"
111389,"[92793, 97737, 16503, 71570, 9068, 72040, 22505, 103237, 19821, 18956]"
111390,"[17659, 68313, 95743, 20763, 14524, 66382, 45193, 38346, 71925, 15983]"
111391,"[107637, 85303, 95043, 46984, 108088, 77498, 87623, 50996, 38176, 24044]"
111392,"[6859, 15319, 107937, 6371, 49776, 108090, 45155, 16797, 4615, 73964]"
111393,"[11652, 57787, 67107, 23641, 49415, 40614, 70935, 15976, 103520, 57896]"
111394,"[41647, 57996, 18181, 7359, 41427, 65422, 104425, 105851, 98813, 105312]"
111395,"[40999, 32178, 9226, 77255, 79834, 9553, 31845, 25401, 70043, 83008]"
111396,"[665, 18938, 35645, 20899, 106961, 1804, 38097, 31050, 60584, 75828]"
111397,"[2192, 47979, 42660, 56241, 101594, 106855, 42752, 74997, 46053, 2154]"
111398,"[79607, 46822, 98756, 31959, 17038, 28570, 106519, 63749, 89740, 106493]"
111399,"[21535, 100438, 52300, 103214, 101673, 42586, 894, 77389, 22061, 25337]"
111400,"[42152, 106438, 15239, 24265, 8477, 95687, 61432, 80758, 106873, 89133]"
111401,"[49513, 105203, 80428, 104409, 55315, 12511, 19127, 48729, 35196, 100962]"
111402,"[57021, 65319, 71684, 15618, 96902, 46281, 82722, 27628, 62546, 52029]"
111403,"[38933, 3255, 13659, 93600, 84506, 456, 23366, 46330, 40301, 14481]"
111404,"[88701, 27464, 71404, 68566, 105923, 78107, 79446, 21230, 11365, 59700]"
111405,"[36248, 89447, 71064, 24646, 59237, 97010, 69126, 87982, 72817, 91677]"
111406,"[77139, 14414, 95562, 23841, 4791, 100870, 97488, 41323, 71862, 52499]"
111407,"[16299, 48127, 7653, 36936, 8347, 25660, 72723, 99506, 33637, 5550]"
111408,"[34515, 22847, 83856, 65211, 50991, 49867, 88055, 99865, 20272, 4673]"
111409,"[6865, 34080, 106415, 17411, 74880, 83617, 10561, 55017, 101757, 30010]"
111410,"[89523, 48534, 88997, 75021, 103381, 74637, 76627, 97849, 32787, 4356]"
111411,"[35957, 4841, 83763, 13141, 6664, 4116, 34851, 72610, 8026, 66582]"
111412,"[30046, 36960, 21194, 59535, 77028, 80628, 26714, 59381, 98516, 71150]"
111413,"[25927, 78056, 99027, 19906, 33883, 57956, 44423, 97858, 70680, 93691]"
111414,"[63290, 103787, 1737, 36228, 78814, 25065, 65240, 84068, 31828, 21482]"
111415,"[68664, 12790, 92019, 35508, 29834, 45454, 13914, 74614, 106607, 37244]"
111416,"[26157, 28882, 25118, 79068, 31181, 64088, 31823, 29932, 108807, 617]"
111417,"[29516, 71164, 428, 51877, 90951, 97896, 47939, 37675, 104020, 79820]"
111418,"[25752, 31658, 66830, 63793, 27818, 113, 103207, 10501, 93257, 73020]"
111419,"[101562, 2808, 9126, 83811, 100630, 109421, 1879, 95507, 23712, 69533]"
111420,"[109627, 14845, 83704, 58425, 45832, 34265, 19046, 11523, 84106, 59269]"
111421,"[68662, 4553, 28913, 46436, 24490, 7197, 30363, 85727, 73460, 18739]"
111422,"[24957, 96750, 86337, 65886, 68232, 108412, 39691, 42332, 57033, 89715]"
111423,"[83338, 78682, 99424, 39752, 9580, 39568, 34419, 63445, 49369, 38950]"
111424,"[109739, 72272, 107903, 41083, 79203, 72466, 26894, 107332, 10459, 56752]"
111425,"[41719, 42576, 89881, 92190, 59556, 85767, 42117, 32399, 74488, 70365]"
111426,"[10673, 11071, 10843, 75424, 103507, 89021, 101467, 59992, 5480, 86145]"
111427,"[8111, 36278, 22610, 33466, 99973, 19016, 68955, 14006, 55798, 37614]"
111428,"[54821, 6566, 54050, 43234, 94868, 85774, 96496, 86785, 4205, 75223]"
111429,"[36810, 80861, 61363, 71966, 6588, 40101, 35374, 47135, 79060, 58374]"
111430,"[96135, 98654, 45834, 75616, 90774, 25792, 18400, 63623, 73536, 50692]"
111431,"[26007, 22952, 82059, 3782, 11752, 107803, 99278, 44893, 98430, 40764]"
111432,"[54124, 38595, 23532, 47617, 57729, 75429, 383, 101328, 49452, 76489]"
111433,"[79093, 33850, 34042, 69551, 107577, 106892, 5326, 107726, 96588, 28363]"
111434,"[3044, 98740, 74845, 107511, 87876, 60035, 90634, 14987, 65993, 75556]"
111435,"[99344, 43680, 86375, 77765, 68766, 12551, 48094, 70962, 59834, 85648]"
111436,"[101523, 93420, 97467, 69726, 88860, 13322, 63844, 37743, 10980, 81266]"
111437,"[52105, 29020, 81970, 35350, 97804, 84534, 6139, 22750, 98606, 33931]"
111438,"[4713, 38718, 50355, 53851, 107658, 42684, 13535, 95749, 57054, 91783]"
111439,"[72073, 40830, 28567, 80203, 9693, 1874, 70307, 47177, 44934, 59995]"
111440,"[38080, 3963, 49033, 71991, 4638, 92719, 15263, 22469, 23570, 48131]"
111441,"[38450, 77029, 2461, 25986, 36770, 100024, 14396, 42368, 16376, 34806]"
111442,"[6124, 55195, 43065, 45663, 52532, 70938, 13168, 79191, 100351, 72684]"
111443,"[102405, 47075, 6356, 30832, 9214, 20690, 28056, 17747, 97188, 49393]"
111444,"[69042, 14618, 28983, 50647, 11384, 78188, 81638, 22878, 61851, 55846]"
111445,"[83793, 46501, 31672, 107141, 807, 81056, 69797, 52535, 75052, 31907]"
111446,"[41448, 69890, 82172, 53203, 45653, 106826, 3618, 107119, 10629, 86903]"
111447,"[52904, 5626, 11059, 88077, 43837, 107248, 58401, 82087, 19056, 53771]"
111448,"[68332, 54039, 101666, 26951, 32207, 3457, 51090, 5951, 7310, 92622]"
111449,"[42039, 71546, 41963, 58384, 49724, 66112, 26391, 25103, 101331, 95751]"
111450,"[1523, 66333, 11286, 66564, 96881, 87549, 83139, 86042, 42790, 77258]"
111451,"[69464, 86404, 35457, 75084, 54316, 21058, 90567, 54264, 70782, 98689]"
111452,"[55535, 54302, 62608, 78920, 92213, 13942, 88193, 86437, 82284, 22036]"
111453,"[75685, 33619, 74395, 75508, 26896, 109742, 107499, 106690, 64332, 41191]"
111454,"[93824, 33028, 91284, 30842, 95329, 14702, 385, 65875, 79338, 92851]"
111455,"[11864, 14021, 91687, 4665, 39681, 26300, 100714, 102726, 67057, 65901]"
111456,"[102815, 71911, 32001, 3310, 52807, 52611, 8737, 2292, 17117, 83339]"
111457,"[50911, 100353, 26367, 104337, 71765, 105708, 30645, 60626, 36253, 40851]"
111458,"[105556, 83229, 33930, 24692, 48707, 68885, 6532, 28209, 83123, 107917]"
111459,"[33919, 12006, 70177, 94013, 15997, 36751, 21680, 86138, 96872, 51833]"
111460,"[71847, 40840, 41982, 100280, 75610, 18691, 104929, 93395, 69438, 23261]"
111461,"[34451, 61529, 84961, 12493, 6490, 56040, 33531, 22487, 98510, 83958]"
111462,"[67854, 58781, 15113, 59161, 60093, 91501, 12456, 70110, 41733, 37509]"
111463,"[39253, 57456, 100365, 70173, 54637, 91934, 76066, 41801, 7765, 3593]"
111464,"[98480, 71014, 2816, 82901, 16591, 63743, 4233, 99187, 46780, 31599]"
111465,"[8296, 49199, 21160, 57219, 719, 85932, 88908, 109623, 40712, 88041]"
111466,"[58955, 77657, 79680, 63503, 54182, 54499, 53517, 59699, 48394, 9864]"
111467,"[18194, 43090, 71850, 6093, 64644, 72496, 91858, 44278, 8854, 81350]"
111468,"[56257, 99874, 105131, 109747, 22513, 85100, 49484, 40876, 97372, 97500]"
111469,"[49091, 106262, 20169, 7417, 63381, 77855, 57939, 46817, 63456, 107340]"
111470,"[87930, 64910, 5496, 74667, 55941, 10009, 86649, 87287, 102434, 51078]"
111471,"[105671, 25390, 2472, 8572, 13204, 62506, 16536, 21305, 100497, 44757]"
111472,"[79223, 14469, 74313, 40063, 64372, 48683, 14184, 23462, 39757, 13673]"
111473,"[96938, 83692, 37560, 54304, 76059, 1373, 39324, 9418, 63097, 34431]"
111474,"[48182, 27625, 39949, 95070, 73245, 87116, 5276, 32104, 100656, 30916]"
111475,"[62350, 10993, 79688, 2686, 99483, 19690, 61399, 37495, 99753, 51838]"
111476,"[56601, 90316, 25709, 107980, 86079, 76892, 40738, 1352, 78625, 71452]"
111477,"[29190, 47228, 62832, 95165, 1881, 38968, 70297, 61695, 84169, 92225]"
111478,"[61233, 70559, 103703, 76529, 106381, 93886, 91043, 13039, 76997, 106891]"
111479,"[62333, 15862, 1303, 30275, 9449, 85053, 33040, 38619, 11314, 35395]"
111480,"[104145, 20493, 73966, 51532, 39607, 9914, 63703, 26254, 80867, 80302]"
111481,"[17168, 75014, 17373, 35761, 5038, 61716, 36525, 23032, 48028, 82804]"
111482,"[5332, 82698, 105811, 56032, 22294, 90425, 60091, 63781, 28857, 33383]"
111483,"[61940, 18817, 81183, 47116, 98377, 65513, 55586, 100025, 13453, 102387]"
111484,"[45322, 61380, 56753, 79751, 96460, 72627, 18445, 32699, 101952, 10807]"
111485,"[4266, 30621, 32551, 64899, 41751, 24167, 18711, 5503, 67376, 105954]"
111486,"[106115, 100100, 35898, 80462, 18820, 51140, 74006, 44578, 98121, 68475]"
111487,"[62022, 30736, 22630, 42135, 28433, 59824, 26876, 13495, 66609, 39194]"
111488,"[35771, 101825, 34679, 5743, 12532, 38898, 27172, 62853, 34078, 100665]"
111489,"[7846, 44536, 87371, 8974, 18839, 96957, 41537, 69695, 23646, 57325]"
111490,"[85778, 17094, 63463, 90415, 9585, 57449, 80986, 37928, 9520, 12673]"
111491,"[68675, 9010, 34207, 88759, 41544, 94509, 63880, 51397, 60045, 75083]"
111492,"[70314, 102682, 95353, 107436, 44572, 85700, 33103, 39256, 89434, 109545]"
111493,"[27912, 36416, 25551, 67890, 30156, 84619, 36546, 107185, 22508, 32517]"
111494,"[82922, 5294, 64700, 81096, 6270, 64197, 40475, 99641, 10989, 80138]"
111495,"[42953, 75842, 65343, 96216, 58022, 16343, 54208, 30324, 7650, 90685]"
111496,"[90345, 38747, 86703, 56540, 95612, 10217, 8565, 63928, 40793, 51243]"
111497,"[53800, 70868, 98939, 68306, 2497, 49891, 49379, 76120, 44570, 54479]"
111498,"[98391, 83733, 47979, 5033, 2678, 106855, 27910, 56604, 33327, 45176]"
111499,"[73856, 9969, 76930, 7969, 75794, 74272, 23689, 39401, 59584, 59212]"
111500,"[108771, 62053, 36858, 58771, 97202, 36132, 44615, 94585, 25504, 5786]"
111501,"[79083, 26158, 84850, 85018, 108928, 62518, 103751, 11721, 27495, 8773]"
111502,"[56402, 91838, 28174, 35000, 97738, 42241, 35944, 17925, 47749, 56447]"
111503,"[37507, 66365, 72412, 74990, 7557, 91993, 85966, 33301, 85327, 91081]"
111504,"[28346, 93344, 92361, 36359, 29896, 96888, 1953, 24942, 24512, 99197]"
111505,"[79998, 51550, 83130, 93652, 25010, 44885, 23191, 54858, 25527, 96625]"
111506,"[103804, 85821, 77330, 74274, 72974, 80809, 23122, 72687, 30400, 106972]"
111507,"[103519, 48580, 93994, 74018, 49783, 5735, 33943, 57762, 40412, 13535]"
111508,"[32511, 16517, 52781, 63776, 18333, 12904, 4763, 96458, 61776, 106492]"
111509,"[18704, 9078, 94955, 10349, 42912, 66237, 92794, 36446, 82079, 96461]"
111510,"[38878, 91222, 52909, 89099, 81186, 89404, 40808, 18046, 45013, 65431]"
111511,"[98790, 5611, 27947, 37185, 107056, 75642, 93491, 73520, 64960, 16807]"
111512,"[46187, 69295, 52328, 26485, 72718, 53831, 58827, 46729, 10053, 47817]"
111513,"[52902, 91131, 61501, 91249, 43940, 109576, 59872, 104188, 87995, 5868]"
111514,"[32944, 70853, 59075, 19009, 70042, 109392, 82530, 77379, 49377, 95158]"
111515,"[85013, 45608, 36891, 18076, 106839, 20676, 104072, 70464, 83379, 57307]"
111516,"[95002, 34502, 24135, 53690, 43708, 34396, 81349, 62900, 66539, 45288]"
111517,"[46109, 27458, 88549, 24747, 71900, 48748, 34566, 99620, 26922, 82399]"
111518,"[66310, 18458, 91037, 17856, 12466, 64418, 96319, 106562, 68794, 74726]"
111519,"[80294, 52397, 38178, 60941, 70915, 11580, 42177, 95688, 74919, 56120]"
111520,"[66716, 21949, 21696, 100345, 10911, 6348, 99165, 61119, 73689, 6754]"
111521,"[56852, 36503, 59455, 41825, 46651, 13324, 99970, 99640, 63671, 99401]"
111522,"[9452, 79725, 82271, 2477, 19871, 83337, 50508, 26055, 71651, 101255]"
111523,"[50179, 8775, 38808, 26123, 77635, 90045, 17246, 38960, 107372, 107325]"
111524,"[103675, 3618, 89201, 84503, 51181, 2585, 76352, 20584, 8969, 17239]"
111525,"[83333, 27278, 62665, 96969, 106595, 98555, 101163, 104878, 60640, 107762]"
111526,"[35104, 51596, 102042, 46302, 2133, 5599, 15529, 92449, 4852, 88432]"
111527,"[49316, 3681, 3433, 37553, 99014, 9081, 29558, 19387, 44493, 48899]"
111528,"[82884, 105479, 54539, 28003, 30727, 46125, 86112, 100329, 90867, 106783]"
111529,"[79144, 86248, 69221, 88284, 23536, 38948, 79850, 56517, 41400, 85786]"
111530,"[63228, 89582, 54932, 56245, 44157, 104174, 91759, 55781, 45678, 13548]"
111531,"[50247, 97058, 27768, 89871, 1483, 96673, 56380, 75780, 61158, 104007]"
111532,"[13618, 15157, 101391, 14010, 26281, 24195, 25303, 50506, 9957, 74715]"
111533,"[40777, 75949, 43932, 94454, 14127, 51827, 74368, 33522, 29947, 29484]"
111534,"[77481, 97464, 53880, 12831, 36827, 58926, 76536, 22382, 37207, 31549]"
111535,"[65615, 93174, 63853, 4726, 15083, 25420, 16270, 108318, 63498, 23670]"
111536,"[37627, 85377, 32198, 33071, 62265, 64094, 44282, 36673, 49829, 14996]"
111537,"[80817, 67501, 3033, 72716, 77089, 22083, 83320, 89339, 1198, 45278]"
111538,"[45314, 14130, 34996, 42015, 100926, 37657, 45590, 82964, 12117, 58552]"
111539,"[35987, 18553, 103081, 77614, 47748, 85924, 8424, 81563, 97505, 77971]"
111540,"[101480, 57755, 64050, 25513, 88196, 50667, 70623, 68073, 45379, 103136]"
111541,"[3269, 92410, 79537, 63548, 81170, 5188, 50832, 98612, 30710, 60455]"
111542,"[42440, 102514, 81055, 29395, 1989, 87439, 90473, 96325, 81631, 49930]"
111543,"[24455, 100480, 98775, 59173, 2076, 34780, 71719, 53580, 73492, 94009]"
111544,"[57953, 20858, 2869, 105601, 34907, 78638, 58408, 70705, 22776, 18086]"
111545,"[40248, 28940, 44092, 23776, 86968, 32752, 75653, 72039, 38226, 48652]"
111546,"[54292, 79124, 79250, 73747, 11420, 5511, 95251, 4292, 21091, 4944]"
111547,"[14868, 50556, 3731, 109203, 101089, 95891, 89063, 10408, 72537, 39321]"
111548,"[102807, 65128, 88365, 25664, 20482, 77261, 67059, 3919, 62592, 11031]"
111549,"[93415, 40949, 70843, 20446, 11824, 43009, 4401, 74131, 22665, 4354]"
111550,"[16203, 53953, 31884, 41907, 84756, 59652, 63648, 17327, 109549, 97853]"
111551,"[45682, 57623, 84204, 97318, 32757, 21345, 84664, 56689, 7869, 47063]"
111552,"[95884, 53644, 60622, 61841, 75632, 65637, 76867, 28933, 74823, 5874]"
111553,"[85332, 19968, 76039, 50004, 54481, 97892, 82604, 96398, 78494, 14886]"
111554,"[95318, 44364, 87824, 41046, 1561, 11160, 61663, 105105, 81033, 33990]"
111555,"[80846, 75494, 27219, 88167, 51113, 88944, 6634, 41829, 31770, 18764]"
111556,"[79781, 52228, 59743, 64187, 85149, 7922, 90745, 31180, 69260, 70324]"
111557,"[39990, 70253, 101482, 19472, 49216, 109618, 24951, 99451, 58183, 78354]"
111558,"[74786, 91902, 56119, 68580, 62387, 84080, 55724, 76685, 4287, 44635]"
111559,"[7317, 77907, 57215, 87107, 79996, 66974, 22636, 51360, 44918, 89105]"
111560,"[10289, 16820, 100226, 61993, 93147, 57006, 28882, 89344, 37020, 64088]"
111561,"[83765, 60557, 11105, 105507, 37633, 2701, 99363, 18987, 65338, 68732]"
111562,"[66141, 100669, 15275, 24464, 191, 76217, 71327, 87149, 103162, 6679]"
111563,"[3170, 63834, 99969, 38821, 107867, 22074, 93133, 105725, 19419, 71663]"
111564,"[24843, 54244, 70754, 65937, 43769, 65522, 24100, 25956, 95169, 75057]"
111565,"[93327, 93203, 93532, 97874, 55961, 46671, 62848, 89853, 21670, 80623]"
111566,"[54183, 70979, 28826, 51518, 26903, 76810, 34419, 36292, 99817, 106902]"
111567,"[8647, 45366, 14068, 92393, 18290, 85973, 84581, 27042, 40388, 1710]"
111568,"[73157, 70871, 40078, 96976, 27315, 108585, 20926, 28766, 60540, 107424]"
111569,"[54211, 15111, 78510, 52379, 82331, 14804, 17959, 32065, 44110, 46820]"
111570,"[79702, 5093, 43111, 51393, 6456, 39699, 65005, 50288, 51241, 76419]"
111571,"[25844, 14039, 18856, 68314, 102538, 64763, 73007, 30437, 46789, 8271]"
111572,"[1079, 24312, 37226, 68165, 31818, 50121, 80768, 41572, 57566, 62503]"
111573,"[61270, 73722, 28775, 91337, 49291, 81544, 36274, 38923, 79556, 82928]"
111574,"[69482, 89293, 69179, 25902, 102565, 102466, 23921, 68137, 77470, 80218]"
111575,"[44356, 58620, 28824, 73224, 68323, 45884, 73031, 42715, 23138, 42835]"
111576,"[88832, 44063, 24241, 45998, 4973, 105270, 77649, 50702, 90141, 49758]"
111577,"[48053, 82623, 43851, 85349, 33670, 89307, 84906, 4209, 44395, 714]"
111578,"[37929, 80105, 45278, 47449, 101399, 78384, 108673, 84224, 10802, 105645]"
111579,"[20009, 77942, 39645, 63489, 58319, 34590, 1867, 9681, 24868, 64111]"
111580,"[29330, 412, 56610, 92806, 24333, 52507, 48508, 84269, 80041, 74890]"
111581,"[86836, 88480, 101626, 45876, 61215, 87441, 95983, 78094, 92302, 32483]"
111582,"[98006, 57413, 32240, 92467, 70953, 44226, 96994, 9761, 108124, 31475]"
111583,"[65653, 45378, 94891, 53548, 11350, 99272, 30772, 90859, 75124, 10724]"
111584,"[97296, 85436, 34058, 7800, 53594, 62957, 13177, 107801, 19274, 71615]"
111585,"[90927, 77058, 72879, 35872, 75059, 740, 36712, 19082, 72780, 98265]"
111586,"[102198, 17067, 3194, 37565, 69788, 12680, 74548, 92711, 88836, 76781]"
111587,"[12388, 11496, 79353, 90969, 58831, 24725, 56626, 106378, 27968, 49908]"
111588,"[46144, 62783, 17620, 21721, 27271, 26358, 22626, 84482, 36874, 55576]"
111589,"[58664, 18814, 52560, 82151, 101480, 19049, 45290, 80095, 66803, 90729]"
111590,"[89981, 59184, 73803, 73028, 38542, 1081, 42514, 105438, 11927, 98143]"
111591,"[38740, 23106, 1902, 2168, 579, 96334, 2002, 84749, 9815, 80487]"
111592,"[43327, 87806, 64678, 22753, 35721, 43524, 40173, 74792, 40340, 76272]"
111593,"[30536, 71973, 36016, 8198, 72249, 63758, 12292, 1340, 18758, 72448]"
111594,"[59025, 90334, 33234, 58289, 10480, 33419, 97252, 81580, 7829, 27465]"
111595,"[81080, 28983, 84607, 82180, 7965, 26928, 83224, 27108, 1638, 25629]"
111596,"[52733, 26318, 103869, 85093, 27470, 63604, 50251, 69991, 88658, 26017]"
111597,"[35761, 6457, 68660, 82718, 20704, 24766, 68811, 28248, 95694, 67422]"
111598,"[93558, 66327, 8366, 74432, 85233, 33765, 88495, 98155, 66571, 16875]"
111599,"[46312, 4053, 28582, 74193, 33479, 58270, 90931, 39633, 50534, 78601]"
111600,"[15897, 94962, 74551, 14144, 87802, 77644, 24709, 19933, 27800, 65974]"
111601,"[27239, 20810, 34001, 67008, 58961, 40458, 73154, 16285, 106274, 86447]"
111602,"[27470, 104757, 93842, 44161, 70065, 63604, 62362, 9850, 13712, 78593]"
111603,"[106767, 28229, 106377, 33425, 79483, 59465, 42202, 107915, 64637, 85999]"
111604,"[108718, 56073, 24836, 52312, 39220, 61771, 54497, 28614, 106677, 14041]"
111605,"[102977, 16802, 99170, 85067, 88939, 82364, 10915, 21490, 7739, 105388]"
111606,"[61847, 1071, 63197, 14562, 91214, 19573, 13116, 52817, 74860, 23549]"
111607,"[53386, 23158, 9481, 327, 92477, 79206, 74767, 97497, 2704, 88213]"
111608,"[96463, 9419, 87066, 70243, 5649, 40339, 59598, 55575, 22922, 977]"
111609,"[45577, 99315, 94730, 101132, 66931, 48518, 15418, 89391, 81677, 18075]"
111610,"[20381, 24508, 72404, 59236, 64067, 92980, 32618, 38403, 14997, 36498]"
111611,"[68453, 103812, 66185, 76873, 80964, 29601, 99840, 51737, 28946, 30906]"
111612,"[42562, 78790, 93307, 46572, 47713, 58553, 79566, 68941, 67490, 12269]"
111613,"[14593, 43310, 93833, 26417, 28020, 13773, 78988, 8742, 64112, 57494]"
111614,"[1178, 72183, 17275, 71530, 6466, 63132, 3826, 59492, 64192, 45295]"
111615,"[76981, 91086, 17177, 70712, 38600, 103015, 18152, 84467, 31765, 35017]"
111616,"[83782, 27631, 16276, 9179, 58733, 101107, 7724, 13456, 85786, 69612]"
111617,"[94219, 39333, 9877, 70116, 29022, 66657, 103075, 36573, 26374, 51928]"
111618,"[434, 59425, 27591, 21587, 62472, 7848, 31590, 47747, 42743, 14976]"
111619,"[7503, 103651, 52628, 96144, 99301, 36776, 25596, 80723, 41525, 0]"
111620,"[45224, 101951, 1098, 89922, 13760, 52779, 17909, 106330, 109055, 99282]"
111621,"[38836, 86725, 27021, 42775, 71019, 19743, 11011, 8425, 20389, 81140]"
111622,"[96669, 87234, 14421, 106273, 51646, 17657, 66185, 72919, 41446, 41816]"
111623,"[14723, 94223, 107808, 65575, 106386, 43483, 95875, 78153, 102188, 64807]"
111624,"[72717, 72952, 87771, 38827, 97247, 57733, 38664, 49692, 13015, 105845]"
111625,"[9293, 39526, 31966, 48509, 60994, 19906, 41693, 70261, 97020, 76619]"
111626,"[54803, 6608, 96883, 62594, 11539, 49685, 5472, 8102, 6850, 30029]"
111627,"[32698, 98897, 98184, 14578, 2410, 88504, 83676, 64822, 92619, 1920]"
111628,"[63435, 41333, 3929, 71307, 93113, 61419, 46782, 76463, 107362, 16434]"
111629,"[19952, 66722, 21539, 58310, 77868, 93057, 25960, 17596, 6140, 93597]"
111630,"[5703, 58243, 62730, 95439, 51764, 74280, 76244, 20064, 5086, 5685]"
111631,"[3154, 55170, 38423, 34990, 11221, 1642, 47616, 17256, 29597, 14663]"
111632,"[55673, 8420, 14357, 73079, 59149, 33714, 104335, 64291, 53694, 59948]"
111633,"[23236, 7450, 77027, 349, 88896, 65839, 109191, 16844, 93381, 33799]"
111634,"[99661, 11744, 27661, 18159, 20935, 36686, 29311, 10363, 22587, 92976]"
111635,"[49234, 77763, 64836, 33691, 60657, 41190, 15871, 103382, 88582, 52465]"
111636,"[57133, 32555, 56936, 68026, 97944, 36392, 25745, 19641, 75228, 84042]"
111637,"[68350, 77634, 28660, 21286, 4007, 18125, 76110, 86571, 57826, 62368]"
111638,"[35319, 97128, 96377, 108241, 65918, 81519, 55550, 93990, 104052, 27861]"
111639,"[57095, 106256, 71581, 35687, 76789, 78445, 61448, 60230, 93649, 87174]"
111640,"[33849, 17211, 53577, 47894, 51576, 18359, 57206, 43368, 93633, 79875]"
111641,"[47543, 4665, 66331, 26321, 90194, 29655, 26300, 100714, 67057, 91687]"
111642,"[65126, 151, 93847, 94229, 70309, 72146, 23463, 12648, 59696, 71836]"
111643,"[67521, 60325, 89101, 72868, 60886, 58403, 85753, 107264, 76560, 92906]"
111644,"[57438, 16377, 29715, 7237, 1263, 64974, 92085, 61483, 43700, 49988]"
111645,"[19919, 36459, 34665, 16015, 5347, 39074, 48256, 31572, 83119, 3347]"
111646,"[80903, 74802, 55582, 63818, 48715, 1424, 61543, 69836, 39499, 43032]"
111647,"[17892, 11468, 65347, 87541, 59981, 37341, 13339, 56672, 45527, 1904]"
111648,"[24310, 70731, 81357, 97683, 45800, 21686, 26044, 71008, 42884, 39717]"
111649,"[94181, 85627, 55283, 105857, 4326, 107410, 22053, 95626, 95812, 93241]"
111650,"[13887, 57638, 12633, 51654, 25580, 58161, 27629, 85781, 101013, 30272]"
111651,"[14843, 77656, 11429, 8837, 83565, 60852, 106958, 59498, 78477, 10081]"
111652,"[104391, 81829, 29220, 5094, 74845, 83353, 29044, 49737, 41199, 75556]"
111653,"[77411, 52894, 85853, 108001, 81091, 7277, 50600, 95965, 25974, 32870]"
111654,"[79365, 101970, 90052, 28375, 93135, 55811, 68835, 52883, 11772, 5265]"
111655,"[32810, 23863, 107049, 49488, 71558, 96659, 49270, 91030, 31814, 49714]"
111656,"[58127, 44907, 102601, 109553, 61123, 45001, 100675, 867, 35129, 41132]"
111657,"[66394, 56052, 75433, 40886, 31418, 40593, 76106, 31501, 96532, 59260]"
111658,"[56847, 30210, 86142, 102476, 32036, 92951, 90436, 11026, 97596, 99214]"
111659,"[87907, 91637, 1644, 36699, 100313, 86476, 63806, 100232, 103875, 107508]"
111660,"[7850, 15019, 28757, 13708, 47249, 24898, 57751, 41512, 9213, 20140]"
111661,"[91761, 22154, 94624, 76842, 90048, 26987, 20731, 87337, 54177, 101762]"
111662,"[31958, 50964, 103262, 9915, 39817, 13814, 93826, 62767, 14537, 77753]"
111663,"[57375, 61459, 8093, 64591, 38100, 16652, 15675, 105756, 4226, 96143]"
111664,"[46038, 82078, 108283, 42546, 23189, 1740, 10745, 60160, 9338, 64817]"
111665,"[78733, 50656, 100906, 70984, 18121, 75473, 28421, 516, 74104, 66695]"
111666,"[108274, 49126, 78906, 66778, 101827, 20234, 96194, 22422, 60075, 94057]"
111667,"[42873, 35899, 9201, 45992, 17198, 52479, 95191, 37079, 108231, 70554]"
111668,"[81541, 22803, 49669, 11685, 10549, 44947, 6212, 42630, 29363, 98228]"
111669,"[88902, 30654, 107756, 10072, 81037, 103389, 98895, 100673, 83061, 33356]"
111670,"[73015, 69957, 24851, 19905, 29566, 62082, 28859, 40641, 55655, 27239]"
111671,"[92884, 41086, 87483, 19161, 107507, 91160, 9903, 36349, 80434, 2563]"
111672,"[45728, 82729, 34570, 74103, 18761, 86513, 91697, 22188, 8962, 5973]"
111673,"[74507, 77318, 57433, 19596, 98602, 30923, 1823, 15411, 53442, 43579]"
111674,"[74654, 46520, 55362, 65199, 107262, 26680, 69146, 88694, 49803, 76225]"
111675,"[98279, 87871, 85281, 43254, 77972, 71958, 66965, 37863, 6685, 86292]"
111676,"[81132, 45206, 84589, 68230, 66805, 38516, 25195, 95988, 38611, 15098]"
111677,"[19657, 21719, 89399, 24356, 45335, 98626, 33312, 8470, 36279, 72360]"
111678,"[83621, 101430, 15660, 57854, 50367, 40753, 56650, 17662, 38340, 108661]"
111679,"[27965, 26045, 55128, 30288, 38822, 6013, 67521, 38337, 68743, 45639]"
111680,"[54026, 90216, 38613, 36723, 15000, 57496, 23616, 68125, 49384, 47845]"
111681,"[13141, 35957, 4841, 63753, 73614, 34851, 14242, 53336, 29247, 17986]"
111682,"[72493, 34294, 29473, 102062, 83427, 49971, 25540, 101721, 77738, 85363]"
111683,"[21842, 53468, 48309, 102458, 101414, 99094, 51748, 53057, 36887, 76582]"
111684,"[21790, 30409, 7557, 37619, 50370, 58293, 18496, 64222, 106012, 45920]"
111685,"[45827, 69872, 71034, 40380, 109044, 106996, 81094, 2797, 74476, 80334]"
111686,"[128, 85994, 53244, 78113, 77839, 76327, 91758, 94155, 13874, 66829]"
111687,"[47245, 39085, 81064, 19899, 50080, 43737, 49106, 71749, 45085, 86376]"
111688,"[106756, 56502, 99662, 33677, 84925, 2978, 9810, 99345, 55334, 49625]"
111689,"[8832, 91881, 47251, 63454, 16066, 27177, 84517, 65097, 13581, 100945]"
111690,"[18199, 6949, 72184, 53150, 107767, 12856, 78149, 6477, 72342, 88325]"
111691,"[38237, 8322, 38150, 105617, 63796, 23213, 59203, 18836, 34676, 97747]"
111692,"[16340, 29984, 62049, 64702, 41095, 49981, 57778, 19835, 25449, 19856]"
111693,"[79315, 67586, 3275, 1197, 18754, 24515, 76060, 18718, 98059, 103764]"
111694,"[56177, 80287, 25060, 9629, 99477, 33426, 11090, 55429, 39399, 16442]"
111695,"[3606, 49129, 107547, 15683, 18379, 38988, 30773, 22177, 37747, 97387]"
111696,"[85026, 145, 14795, 88887, 8601, 53332, 4954, 9928, 95338, 65083]"
111697,"[70763, 32509, 56139, 18096, 67283, 43955, 31684, 40093, 36031, 103624]"
111698,"[53882, 48444, 95857, 49463, 108355, 38183, 81052, 17220, 6986, 82702]"
111699,"[30940, 59987, 57061, 36357, 42387, 71740, 102800, 80634, 41781, 11560]"
111700,"[37202, 28262, 89404, 40808, 38878, 91222, 74357, 4502, 81186, 18046]"
111701,"[10606, 48393, 62208, 60844, 21804, 100266, 53211, 18198, 10611, 45777]"
111702,"[104616, 33825, 24937, 81193, 61948, 74207, 96975, 73003, 58366, 1697]"
111703,"[89567, 65154, 66138, 1581, 3243, 27373, 61336, 24840, 23773, 31708]"
111704,"[59723, 5044, 82926, 99234, 41898, 30050, 51872, 39640, 106263, 104384]"
111705,"[99082, 95269, 30576, 3614, 46431, 44162, 41642, 103666, 54604, 79369]"
111706,"[97078, 106689, 82739, 61292, 68343, 81896, 83359, 56481, 108984, 56586]"
111707,"[103395, 60885, 47185, 63169, 70035, 26305, 104374, 15963, 56778, 12124]"
111708,"[54301, 18960, 79037, 98570, 78880, 45636, 95920, 9095, 24567, 56185]"
111709,"[77404, 18024, 100167, 107804, 81455, 55471, 58804, 99096, 74026, 12337]"
111710,"[62232, 23563, 70750, 86278, 13784, 39932, 104114, 29081, 26954, 40138]"
111711,"[68890, 55589, 91125, 93907, 4105, 14369, 106075, 108879, 89922, 13760]"
111712,"[41656, 108790, 12018, 54000, 88098, 98846, 12370, 28781, 83037, 106660]"
111713,"[10560, 100210, 107156, 1906, 68967, 31105, 22511, 84474, 44270, 45654]"
111714,"[67485, 51625, 9938, 28162, 75487, 67305, 3171, 100573, 55894, 103025]"
111715,"[87382, 70285, 2205, 3547, 87472, 90301, 33033, 74472, 92623, 47424]"
111716,"[22835, 24282, 97341, 48529, 10772, 36420, 25334, 72341, 96544, 43986]"
111717,"[28615, 26482, 4132, 73687, 28247, 19184, 92150, 8613, 12644, 56565]"
111718,"[44128, 108851, 58641, 109184, 72741, 91828, 74773, 95193, 33329, 101384]"
111719,"[24265, 89133, 77313, 52198, 108918, 42152, 106438, 15239, 66612, 61432]"
111720,"[4111, 63333, 32285, 3845, 105607, 98581, 54923, 53743, 81519, 31543]"
111721,"[48316, 75574, 65957, 96775, 12572, 80451, 3273, 84250, 101178, 50687]"
111722,"[103840, 45286, 23946, 104565, 25803, 13790, 73442, 12768, 64653, 6838]"
111723,"[82340, 68336, 27932, 36009, 46453, 58291, 21472, 85073, 91165, 12]"
111724,"[3919, 90403, 67954, 67059, 45333, 84313, 26721, 108471, 106683, 102807]"
111725,"[53207, 105810, 82193, 13058, 74106, 76174, 34756, 43107, 12561, 15347]"
111726,"[38922, 2064, 100371, 101269, 19860, 81805, 83092, 19876, 59841, 33870]"
111727,"[63910, 47227, 101314, 101618, 29159, 12977, 3887, 89948, 95304, 23609]"
111728,"[57675, 105365, 4884, 77706, 51152, 90611, 16129, 92309, 52597, 5698]"
111729,"[74349, 53353, 29269, 26814, 33810, 79979, 42135, 106146, 101810, 102052]"
111730,"[55801, 90472, 102746, 45970, 29557, 50941, 25443, 22292, 48008, 76656]"
111731,"[95719, 49833, 12061, 87190, 89872, 22709, 1721, 87812, 54091, 7223]"
111732,"[28475, 10381, 806, 39370, 78136, 47881, 66851, 54593, 34465, 82968]"
111733,"[30367, 86467, 51456, 80187, 75215, 31509, 83897, 63902, 57219, 109168]"
111734,"[107262, 9241, 4584, 46520, 96513, 61331, 33282, 49589, 49803, 71516]"
111735,"[46183, 23841, 109501, 40239, 9836, 4791, 52499, 14414, 67173, 100643]"
111736,"[86371, 556, 10747, 53577, 10577, 68786, 23905, 54831, 22670, 25039]"
111737,"[100100, 35898, 65259, 80462, 18820, 51140, 74006, 44578, 98121, 68475]"
111738,"[66290, 67497, 50973, 59517, 28701, 56195, 19252, 88190, 12369, 78074]"
111739,"[19981, 47499, 12401, 3178, 10440, 62653, 52283, 62568, 15754, 104358]"
111740,"[25373, 36009, 71540, 2525, 82340, 4161, 34510, 19960, 27280, 101034]"
111741,"[38112, 34351, 51960, 66300, 51786, 10051, 71625, 86151, 33131, 53876]"
111742,"[69210, 27840, 71669, 37431, 45194, 92644, 49839, 87463, 86912, 31327]"
111743,"[91553, 107673, 37686, 96865, 47340, 80075, 46722, 64215, 82694, 50508]"
111744,"[2386, 33546, 74167, 59375, 1277, 107418, 49859, 35000, 81964, 93396]"
111745,"[14300, 50159, 101341, 7713, 49557, 27976, 87439, 90473, 21043, 34916]"
111746,"[95896, 21576, 98627, 38146, 37271, 51821, 71199, 64175, 44523, 15238]"
111747,"[42907, 103568, 103193, 67914, 18567, 108410, 50078, 25154, 41837, 58170]"
111748,"[54566, 64000, 85894, 15137, 49626, 24469, 36732, 28072, 70647, 89935]"
111749,"[52879, 93817, 68548, 63838, 71423, 80096, 59505, 47260, 43165, 39437]"
111750,"[79015, 61507, 49798, 94766, 1499, 59683, 54677, 64677, 71604, 104447]"
111751,"[16022, 38495, 7975, 33114, 64966, 31558, 77235, 109640, 21748, 59772]"
111752,"[32764, 51068, 27339, 2200, 28880, 4772, 58873, 35105, 1209, 5031]"
111753,"[14229, 70726, 36867, 38194, 17686, 85362, 58075, 42389, 5436, 9064]"
111754,"[1319, 39136, 106122, 55220, 98845, 22382, 52806, 50007, 87091, 91000]"
111755,"[5927, 107717, 81628, 32433, 30200, 72579, 70797, 22584, 3346, 64538]"
111756,"[94652, 6338, 3875, 39904, 82994, 59002, 33436, 98577, 61605, 26564]"
111757,"[1107, 58872, 105258, 6563, 18924, 2049, 29517, 28588, 3321, 105783]"
111758,"[7835, 9789, 35450, 76058, 39977, 39182, 103470, 26916, 87369, 6746]"
111759,"[20112, 7513, 64856, 67776, 79370, 3500, 68221, 24005, 74053, 7901]"
111760,"[52790, 9820, 77559, 24444, 96868, 78485, 720, 27632, 73639, 12624]"
111761,"[83755, 7033, 27119, 61705, 60168, 104326, 701, 5672, 17151, 48253]"
111762,"[105328, 61232, 25288, 22930, 4004, 37434, 89817, 30835, 32395, 63964]"
111763,"[51608, 85743, 27977, 78340, 82583, 2450, 63172, 87244, 105015, 15957]"
111764,"[43674, 57410, 54304, 67268, 69591, 60189, 83692, 45707, 79782, 80618]"
111765,"[23047, 51137, 79949, 90186, 66079, 86740, 2781, 38491, 21078, 13968]"
111766,"[25824, 82862, 105246, 53676, 105856, 60669, 97133, 70671, 22377, 82130]"
111767,"[53049, 74473, 16811, 67971, 2179, 42925, 66169, 80911, 85239, 57244]"
111768,"[53540, 5194, 52595, 101826, 41930, 22146, 91938, 98306, 73180, 95893]"
111769,"[15249, 6660, 56144, 93261, 34975, 36492, 33589, 9860, 3946, 28858]"
111770,"[108221, 88541, 67873, 29933, 2531, 41852, 94394, 38994, 101944, 68750]"
111771,"[6817, 25056, 6548, 48781, 82608, 14248, 57822, 63397, 42525, 91719]"
111772,"[74050, 35362, 59109, 40902, 31941, 43818, 23713, 20634, 36855, 47403]"
111773,"[90777, 96025, 38945, 94496, 85774, 53404, 73760, 28532, 76133, 108195]"
111774,"[27798, 74897, 19773, 13150, 89594, 19226, 94776, 62242, 5977, 26983]"
111775,"[38443, 102309, 15175, 5466, 60283, 49503, 78689, 88873, 92113, 13738]"
111776,"[60640, 18393, 35196, 96969, 66972, 9140, 71948, 30904, 49545, 14121]"
111777,"[73379, 58868, 92098, 89801, 45227, 83616, 37210, 23239, 90734, 15110]"
111778,"[41399, 11118, 71561, 61009, 6895, 92033, 83047, 56783, 31133, 101561]"
111779,"[107000, 25551, 64858, 44759, 64785, 5716, 98754, 81716, 93894, 36416]"
111780,"[63675, 37204, 29883, 32344, 45568, 82987, 9600, 63961, 100706, 80999]"
111781,"[17006, 101219, 61283, 59445, 12090, 19442, 100201, 10435, 101798, 436]"
111782,"[33366, 28838, 61005, 59911, 77675, 83841, 37512, 76298, 12887, 52780]"
111783,"[72667, 93075, 31306, 104352, 43890, 61819, 22789, 3362, 11660, 80691]"
111784,"[27406, 36304, 15235, 79936, 36120, 14177, 51953, 107310, 5683, 21007]"
111785,"[80015, 48224, 44816, 97199, 75548, 67408, 93112, 65493, 56500, 33786]"
111786,"[10052, 98452, 14881, 89757, 5658, 38224, 54868, 50650, 102613, 44921]"
111787,"[13898, 92599, 36737, 6006, 103023, 2240, 46579, 89093, 3392, 78748]"
111788,"[57616, 21310, 86587, 31568, 102557, 44929, 26807, 74575, 65104, 44877]"
111789,"[9590, 99983, 103991, 90973, 28104, 37127, 95715, 56385, 104996, 86193]"
111790,"[50479, 24782, 94712, 48256, 30799, 102664, 50212, 83263, 81278, 60487]"
111791,"[90985, 103437, 46000, 70103, 34010, 70133, 75370, 47535, 35634, 21227]"
111792,"[88424, 97850, 80858, 39880, 70119, 30340, 105580, 26964, 30040, 71586]"
111793,"[57269, 45383, 37094, 86950, 84419, 12654, 107702, 39255, 86383, 64099]"
111794,"[51744, 71957, 36095, 95301, 46935, 48825, 83167, 26070, 31253, 86210]"
111795,"[48568, 14633, 53734, 58129, 58429, 60395, 104517, 64609, 79862, 97176]"
111796,"[32321, 81074, 15083, 108404, 32459, 50362, 26388, 88485, 21909, 85206]"
111797,"[106810, 96535, 43149, 45417, 89416, 90778, 31381, 81526, 44431, 91856]"
111798,"[8450, 63995, 16469, 39035, 106288, 100536, 101654, 61867, 67776, 57246]"
111799,"[37108, 12057, 109335, 93903, 28130, 7415, 30473, 86409, 38070, 54844]"
111800,"[26071, 101684, 39175, 39448, 47919, 21203, 82588, 86813, 71589, 106863]"
111801,"[76330, 1282, 11162, 90383, 32464, 10056, 96644, 77384, 108400, 8237]"
111802,"[77921, 44973, 49942, 465, 82196, 11720, 61343, 56681, 86938, 84783]"
111803,"[7276, 22540, 75358, 8579, 106604, 71836, 29465, 92100, 58708, 99889]"
111804,"[61102, 11391, 104485, 37729, 76384, 6351, 47763, 51445, 25775, 5192]"
111805,"[54743, 16911, 10600, 73892, 29174, 35433, 85791, 63432, 77189, 98871]"
111806,"[100665, 7679, 42009, 94838, 89919, 49699, 80652, 97709, 108514, 71432]"
111807,"[7401, 68498, 25343, 82703, 10820, 59265, 25114, 101372, 33639, 70557]"
111808,"[1364, 17453, 62266, 21161, 85691, 60711, 96166, 107162, 16625, 23119]"
111809,"[85197, 88272, 38332, 20957, 32512, 44501, 61750, 11657, 36484, 70353]"
111810,"[108217, 83482, 100857, 95128, 52083, 14163, 54317, 71695, 78453, 6904]"
111811,"[97226, 47167, 102401, 10442, 73976, 54625, 51898, 58590, 63458, 105738]"
111812,"[29431, 55543, 66380, 73424, 40416, 59137, 32286, 51742, 7840, 70354]"
111813,"[95449, 34244, 24323, 94989, 98313, 19824, 17017, 34081, 26924, 102711]"
111814,"[89307, 51085, 61689, 77648, 94657, 33670, 80568, 5393, 55047, 5013]"
111815,"[81437, 37678, 101358, 12440, 55075, 31237, 106726, 15826, 72805, 87415]"
111816,"[58778, 13894, 46255, 67846, 53552, 81752, 25654, 51295, 6205, 61239]"
111817,"[80959, 29314, 12433, 48836, 17510, 13010, 62834, 95424, 9735, 18775]"
111818,"[64089, 72195, 48519, 20319, 6271, 95686, 59704, 59936, 35031, 23473]"
111819,"[78046, 100742, 103128, 71061, 53483, 8662, 91374, 33197, 42080, 92670]"
111820,"[39829, 51411, 14076, 14702, 94257, 76439, 97018, 9346, 3440, 101210]"
111821,"[57943, 58957, 84830, 25176, 108656, 88869, 100974, 44948, 739, 108614]"
111822,"[64279, 40920, 77005, 20548, 64864, 33041, 92988, 91445, 61482, 64746]"
111823,"[36804, 18637, 14000, 76288, 64685, 11974, 41346, 44353, 14379, 7246]"
111824,"[77481, 63173, 98221, 104359, 36827, 58926, 37207, 31549, 103914, 97464]"
111825,"[108472, 66409, 22606, 91830, 102274, 47003, 19187, 63462, 65327, 71358]"
111826,"[71628, 108866, 10913, 66033, 93832, 13132, 7189, 88758, 86482, 13108]"
111827,"[47574, 23066, 27389, 64364, 96686, 30635, 94739, 832, 59788, 43723]"
111828,"[84862, 77930, 101475, 97486, 23176, 45319, 37616, 52213, 23313, 84891]"
111829,"[61831, 57009, 40703, 36352, 16861, 24600, 104077, 2558, 51457, 56518]"
111830,"[78638, 108926, 58408, 35353, 27013, 27138, 34907, 105601, 20858, 19690]"
111831,"[48078, 88621, 97989, 19547, 24040, 47160, 97593, 82705, 7632, 28661]"
111832,"[24111, 89485, 54492, 66918, 60974, 73659, 105764, 17842, 9662, 100568]"
111833,"[99921, 54599, 4789, 93479, 102971, 78523, 60281, 43699, 32884, 60979]"
111834,"[22086, 2164, 88440, 7471, 60466, 73464, 7647, 6427, 79166, 43743]"
111835,"[62616, 68866, 56360, 1780, 1742, 69193, 37292, 83909, 31255, 35751]"
111836,"[56977, 67130, 80629, 65034, 75340, 93785, 20839, 82443, 62862, 101465]"
111837,"[59114, 60778, 5894, 93015, 109541, 105276, 54050, 55776, 72392, 17105]"
111838,"[31137, 74183, 74269, 15448, 92520, 12594, 68755, 96231, 99344, 101241]"
111839,"[73273, 33476, 79830, 9018, 104652, 96916, 89591, 59970, 4851, 15616]"
111840,"[3820, 5610, 44702, 11433, 79024, 76011, 55238, 1608, 23153, 65074]"
111841,"[49620, 11865, 38204, 103576, 99058, 21075, 25868, 47338, 90432, 70714]"
111842,"[94742, 74609, 82836, 37493, 108600, 7487, 92836, 32095, 66220, 76250]"
111843,"[90178, 65076, 83574, 36516, 56333, 20703, 1023, 57519, 88184, 26039]"
111844,"[89968, 107672, 71905, 85475, 94724, 89091, 22172, 49697, 89310, 40418]"
111845,"[36822, 98746, 26905, 48363, 13807, 98217, 94970, 58102, 84644, 63394]"
111846,"[15082, 106029, 25610, 70835, 92630, 18629, 13218, 6891, 84107, 80036]"
111847,"[83651, 8082, 56082, 87118, 12883, 94989, 83907, 13999, 10444, 4443]"
111848,"[86609, 7516, 88674, 21031, 83335, 57202, 13778, 95394, 36127, 109429]"
111849,"[69460, 66544, 107994, 101063, 27029, 26132, 58644, 13737, 91734, 67450]"
111850,"[86788, 95683, 83446, 20271, 95871, 90222, 73770, 96561, 36429, 91253]"
111851,"[48452, 67513, 86542, 52456, 7408, 94422, 67350, 48427, 61371, 88214]"
111852,"[8254, 61998, 37408, 41251, 36609, 39839, 20951, 46156, 86723, 23742]"
111853,"[61923, 93737, 108099, 47563, 33697, 40907, 62095, 77544, 83507, 9799]"
111854,"[36871, 78812, 82892, 68701, 21291, 54718, 97925, 14993, 64447, 49451]"
111855,"[1079, 24312, 8603, 37226, 68165, 31818, 75470, 66887, 20089, 104039]"
111856,"[82250, 33317, 2521, 27997, 46522, 24893, 41385, 5637, 7567, 78265]"
111857,"[45209, 20997, 69884, 14407, 64835, 15027, 39406, 15776, 108271, 6880]"
111858,"[58766, 21132, 47305, 17766, 27874, 60156, 46765, 70025, 24620, 14710]"
111859,"[39042, 1538, 42270, 28389, 48883, 12222, 62742, 11418, 95712, 81101]"
111860,"[59975, 43768, 1293, 80947, 66240, 57567, 32154, 56996, 79415, 21300]"
111861,"[21530, 88074, 40503, 4202, 66977, 28823, 20206, 6910, 37735, 17360]"
111862,"[107033, 65731, 10232, 92141, 35971, 74281, 75900, 53706, 28832, 108207]"
111863,"[109593, 45311, 64518, 99517, 67652, 27934, 66458, 45719, 30705, 94529]"
111864,"[58767, 99342, 50120, 46436, 22960, 58828, 53024, 69626, 85894, 91206]"
111865,"[85088, 12233, 70647, 14767, 16117, 85894, 28072, 2401, 53024, 67244]"
111866,"[88211, 28156, 13697, 87665, 76746, 65568, 16952, 23142, 96979, 4830]"
111867,"[10511, 8554, 71056, 72104, 93205, 97751, 46346, 87380, 87041, 29822]"
111868,"[70323, 5921, 39118, 27550, 65114, 108097, 59471, 32618, 92980, 68373]"
111869,"[74366, 51823, 18633, 14718, 18896, 39052, 105604, 25950, 64411, 31643]"
111870,"[16001, 47480, 57619, 43041, 16503, 30549, 12429, 7334, 53072, 54788]"
111871,"[85977, 43774, 79932, 48445, 46699, 23929, 19643, 13761, 74665, 69266]"
111872,"[12060, 107496, 60601, 44049, 7441, 63936, 4856, 46682, 1376, 55005]"
111873,"[60879, 57859, 42834, 52643, 106943, 19214, 102472, 41408, 49299, 51060]"
111874,"[39928, 51448, 106721, 76149, 36216, 69588, 63044, 506, 23486, 82091]"
111875,"[88252, 44412, 71236, 43128, 1032, 71523, 81656, 36669, 46690, 27495]"
111876,"[11779, 109503, 85768, 46691, 90540, 84835, 67802, 65916, 99635, 62775]"
111877,"[71020, 55867, 101281, 61863, 79470, 97978, 61848, 27893, 25576, 90923]"
111878,"[10459, 68935, 26894, 107332, 108734, 72272, 56752, 51024, 79562, 11181]"
111879,"[12367, 21763, 12574, 65376, 88761, 54285, 38819, 63734, 85835, 83441]"
111880,"[66564, 3387, 1523, 90563, 43481, 71627, 96881, 53886, 101879, 14887]"
111881,"[70762, 33699, 5352, 79466, 96760, 29816, 4223, 16270, 97313, 43633]"
111882,"[41443, 42422, 97877, 24085, 101444, 1427, 50871, 99165, 90724, 55371]"
111883,"[13998, 9882, 37797, 26195, 21222, 71747, 84425, 24616, 102576, 95233]"
111884,"[38673, 66671, 584, 91785, 38920, 31024, 50799, 106457, 137, 38060]"
111885,"[89303, 73801, 26037, 99970, 22342, 63771, 72081, 5804, 102384, 100993]"
111886,"[31069, 39060, 56190, 7381, 7627, 46760, 79670, 57607, 89398, 555]"
111887,"[27475, 13910, 13192, 69882, 92865, 105372, 15994, 84938, 93409, 29522]"
111888,"[91310, 12364, 28209, 83123, 94220, 10010, 2915, 29519, 105556, 65405]"
111889,"[46297, 45636, 99359, 34594, 86429, 24567, 58429, 44248, 33932, 37738]"
111890,"[27690, 5721, 32664, 74218, 91661, 12788, 83555, 3815, 53826, 84337]"
111891,"[29537, 40587, 82344, 25859, 15123, 81161, 86263, 7155, 18689, 14689]"
111892,"[28212, 82468, 69211, 11397, 103573, 34891, 84935, 65831, 88099, 103681]"
111893,"[69217, 51851, 24239, 82197, 46759, 81893, 56063, 85341, 95235, 34651]"
111894,"[25989, 26042, 69204, 97015, 99155, 52429, 62196, 92487, 108199, 26669]"
111895,"[85008, 32519, 71861, 108133, 30886, 34115, 47440, 70931, 46829, 26119]"
111896,"[88999, 940, 48488, 98932, 1849, 91134, 73850, 65004, 75572, 60148]"
111897,"[96812, 76401, 103299, 14026, 86650, 24148, 84293, 59548, 24298, 22904]"
111898,"[104100, 50832, 14254, 44095, 26159, 107073, 88187, 97158, 92353, 78788]"
111899,"[8134, 62810, 64235, 76332, 23330, 105324, 95482, 18149, 72086, 22528]"
111900,"[5091, 89522, 37803, 38986, 25756, 43356, 18081, 26030, 101215, 71605]"
111901,"[73625, 71215, 82792, 11379, 68153, 69683, 54519, 12933, 97153, 44406]"
111902,"[27554, 101273, 86926, 12361, 8363, 101220, 57038, 35723, 26920, 14493]"
111903,"[85088, 12233, 70647, 14767, 16117, 85894, 28072, 2401, 53024, 67244]"
111904,"[91944, 66353, 53611, 31157, 91393, 59393, 78610, 101804, 85638, 18666]"
111905,"[85254, 94954, 2971, 50728, 13130, 86655, 54218, 74538, 20353, 46249]"
111906,"[92304, 83793, 34064, 57920, 6464, 100096, 95882, 56965, 49431, 22867]"
111907,"[49940, 89825, 18870, 43493, 2360, 53228, 70907, 39487, 21916, 28307]"
111908,"[108198, 48216, 10053, 45480, 92578, 66857, 88809, 53920, 51069, 80180]"
111909,"[6247, 76879, 88140, 24699, 14591, 10039, 12282, 66003, 10901, 104465]"
111910,"[33807, 89964, 24535, 25735, 16986, 83401, 61509, 30269, 39230, 97676]"
111911,"[71213, 25413, 31545, 63281, 105254, 42578, 78517, 29412, 31203, 18312]"
111912,"[72004, 91438, 80678, 102069, 97958, 59183, 102100, 59428, 31063, 26018]"
111913,"[66040, 83127, 93262, 90987, 104897, 93242, 103442, 12124, 109692, 103395]"
111914,"[101630, 101206, 83027, 6500, 98049, 32583, 29017, 16309, 44212, 104141]"
111915,"[42475, 79834, 11230, 94298, 64223, 13991, 70002, 27600, 9288, 76135]"
111916,"[72132, 105160, 58685, 92067, 346, 79038, 54476, 19777, 4563, 96676]"
111917,"[66750, 66251, 88014, 69906, 93872, 50089, 49532, 99930, 107946, 36136]"
111918,"[26917, 18789, 69231, 102928, 72769, 25014, 50711, 94748, 25644, 94542]"
111919,"[62687, 50103, 72530, 35095, 72661, 80612, 42146, 24822, 38338, 107178]"
111920,"[51392, 106659, 106372, 46445, 15435, 60108, 87331, 78590, 92817, 9557]"
111921,"[1557, 81986, 10484, 66073, 82402, 99327, 2724, 19181, 19167, 99136]"
111922,"[49043, 4852, 26780, 108989, 44160, 23253, 8453, 21948, 101050, 97682]"
111923,"[96987, 66546, 51505, 39989, 31663, 75196, 5035, 81489, 79, 98876]"
111924,"[53324, 59769, 76401, 105180, 15188, 11258, 85161, 3051, 56130, 28864]"
111925,"[50621, 106698, 22750, 34922, 9889, 42037, 59044, 37007, 90330, 60502]"
111926,"[72682, 48167, 28119, 27790, 78744, 5461, 64061, 87049, 7017, 79364]"
111927,"[21588, 76710, 44683, 35559, 9912, 43817, 43936, 8468, 103239, 92856]"
111928,"[78127, 20469, 95314, 78348, 41667, 105048, 89581, 90820, 70526, 14851]"
111929,"[11358, 34371, 24268, 52840, 24329, 43396, 103793, 60761, 20527, 3544]"
111930,"[105567, 7983, 36841, 26572, 62182, 35913, 71906, 104217, 52060, 18007]"
111931,"[108007, 86491, 63675, 84510, 40779, 29883, 32344, 45568, 9600, 82987]"
111932,"[102641, 12697, 108109, 37347, 7113, 84593, 21834, 71032, 36, 11319]"
111933,"[67430, 13143, 32234, 23410, 54814, 105779, 43413, 107159, 103439, 86904]"
111934,"[90957, 29352, 85272, 90319, 22523, 63904, 105492, 54452, 24249, 102344]"
111935,"[8087, 13542, 8878, 44027, 23567, 97776, 30978, 94131, 18175, 53100]"
111936,"[16938, 94700, 68904, 71548, 26772, 82422, 11457, 99136, 4515, 32491]"
111937,"[51744, 71957, 95301, 46935, 48825, 83167, 31253, 86210, 6995, 36095]"
111938,"[77196, 15106, 76668, 94035, 60519, 22307, 80862, 72110, 71068, 6844]"
111939,"[87815, 2975, 28811, 30736, 22630, 99349, 98090, 106538, 53010, 108862]"
111940,"[42192, 87944, 21352, 57405, 72265, 92250, 40537, 14825, 68634, 68052]"
111941,"[20049, 23921, 4986, 77470, 9267, 15032, 82227, 56943, 67833, 101636]"
111942,"[92251, 8730, 86802, 40757, 85725, 71590, 26675, 86289, 27301, 51669]"
111943,"[10697, 95182, 65817, 108151, 85, 10967, 86844, 45743, 17865, 82401]"
111944,"[59679, 53518, 108849, 64424, 96269, 24679, 27844, 106278, 25472, 101998]"
111945,"[88891, 20091, 21297, 51556, 89109, 92783, 3557, 65658, 12834, 96015]"
111946,"[77659, 8959, 7931, 7563, 52868, 1961, 66679, 85004, 97083, 99967]"
111947,"[71537, 107391, 51662, 3346, 4950, 44289, 13024, 87755, 89349, 1536]"
111948,"[26879, 27224, 58933, 23860, 71318, 13387, 30518, 66578, 50540, 49889]"
111949,"[89806, 54114, 33579, 104620, 98554, 24058, 102117, 78546, 85140, 49365]"
111950,"[23615, 74942, 82805, 87413, 90927, 2873, 65402, 1323, 10608, 70908]"
111951,"[89259, 68244, 48651, 10758, 8388, 56043, 98383, 107139, 55002, 65978]"
111952,"[36965, 7906, 65368, 13231, 61286, 88678, 40045, 77799, 51883, 50541]"
111953,"[69895, 12150, 45272, 82423, 19990, 78514, 101099, 34819, 24302, 25625]"
111954,"[9211, 97162, 63714, 77120, 25864, 106567, 35537, 31202, 84833, 34879]"
111955,"[30698, 47020, 34085, 64214, 27139, 96410, 74303, 105596, 28835, 71016]"
111956,"[83938, 62367, 105264, 28772, 10958, 34524, 90002, 11312, 19570, 45874]"
111957,"[94834, 99929, 38989, 52399, 9871, 100030, 54366, 14920, 53123, 17629]"
111958,"[74550, 29487, 19226, 72414, 20219, 95656, 28418, 89594, 70735, 47921]"
111959,"[13974, 82657, 54579, 47879, 21335, 44291, 68347, 41296, 62809, 44242]"
111960,"[44906, 39441, 86662, 932, 68318, 79642, 86978, 12330, 16614, 59920]"
111961,"[99356, 39181, 104662, 62499, 21579, 43204, 85426, 51010, 22658, 94211]"
111962,"[58518, 25024, 1823, 57433, 62547, 53884, 2942, 17325, 47044, 63005]"
111963,"[5868, 57716, 47701, 15469, 57637, 20358, 22038, 109576, 59872, 58539]"
111964,"[28295, 106714, 26444, 82588, 77108, 42598, 108030, 106863, 27537, 93428]"
111965,"[12482, 92180, 59711, 50030, 76504, 92110, 45293, 87073, 109486, 24807]"
111966,"[125, 69943, 46333, 31155, 68189, 72577, 68430, 102996, 53866, 65827]"
111967,"[108153, 46836, 101889, 40424, 107295, 47675, 18220, 2458, 53874, 50]"
111968,"[38687, 49325, 35373, 13234, 57398, 17927, 25573, 47822, 55173, 39610]"
111969,"[83898, 78497, 28131, 67018, 12662, 80975, 80151, 2542, 5206, 55797]"
111970,"[84993, 85564, 102477, 97085, 82577, 10647, 56550, 65984, 85734, 109294]"
111971,"[21670, 70478, 108742, 18859, 55961, 85881, 93327, 60962, 90212, 8622]"
111972,"[34114, 107469, 71122, 51009, 20692, 91469, 12044, 20341, 31190, 64340]"
111973,"[60587, 16249, 19005, 58172, 101734, 31886, 20451, 49031, 96572, 88755]"
111974,"[54666, 94302, 39662, 37629, 35880, 44300, 104563, 10138, 39303, 80449]"
111975,"[40170, 35460, 80058, 55756, 35620, 86884, 54918, 5379, 73940, 41499]"
111976,"[43525, 87385, 46767, 39573, 60127, 2478, 61262, 108316, 12219, 42457]"
111977,"[70494, 94841, 109521, 102215, 102092, 9239, 38361, 84687, 106879, 34550]"
111978,"[38261, 105836, 34202, 73345, 28187, 27498, 54789, 61767, 43063, 82077]"
111979,"[67534, 73103, 64854, 21231, 92475, 91566, 77270, 1400, 8720, 20845]"
111980,"[67001, 29608, 89198, 102334, 47093, 97518, 86736, 40198, 52444, 53463]"
111981,"[73983, 98584, 14725, 109301, 9922, 16768, 39235, 40394, 71243, 58060]"
111982,"[21159, 2770, 59054, 10288, 79746, 57661, 71866, 67427, 21144, 95670]"
111983,"[12376, 33286, 9945, 68341, 88393, 88168, 1663, 20266, 62351, 16239]"
111984,"[82637, 21114, 43688, 21960, 48460, 94921, 57783, 57195, 31224, 29218]"
111985,"[63355, 55134, 109023, 16162, 58682, 65544, 60266, 42653, 65392, 72748]"
111986,"[59178, 18183, 96513, 27531, 3379, 44304, 1111, 91232, 88907, 21434]"
111987,"[21129, 27078, 81290, 29505, 79927, 93463, 19876, 39572, 68407, 25137]"
111988,"[42737, 61789, 109093, 64288, 58006, 172, 92483, 16424, 93682, 75463]"
111989,"[57726, 42000, 29129, 66921, 10809, 54901, 7231, 12753, 65799, 30823]"
111990,"[1806, 17057, 54871, 57257, 68112, 36801, 100631, 29108, 85510, 72542]"
111991,"[69106, 57062, 8051, 350, 33409, 16088, 9876, 43447, 37656, 65480]"
111992,"[6928, 69409, 31091, 72368, 42610, 93356, 80452, 77547, 104609, 6930]"
111993,"[91956, 69313, 65035, 74580, 57680, 46676, 62857, 48857, 71, 16860]"
111994,"[36853, 82768, 10091, 17920, 77099, 34420, 63942, 9103, 27214, 49508]"
111995,"[103938, 72824, 89914, 72238, 93555, 81233, 101447, 56571, 93959, 70300]"
111996,"[54898, 32008, 43704, 67398, 57002, 25082, 8144, 77653, 60993, 21821]"
111997,"[13903, 6871, 76193, 86669, 41524, 16379, 60140, 84602, 10686, 59956]"
111998,"[36359, 106922, 28346, 84159, 95455, 52487, 97623, 74503, 10767, 86434]"
111999,"[35095, 48143, 2412, 30591, 25874, 7063, 11702, 26235, 105676, 18632]"
112000,"[74704, 40124, 8174, 91485, 63677, 107561, 61376, 38215, 75434, 30904]"
112001,"[15650, 64859, 29484, 27696, 12952, 107280, 5318, 102050, 85081, 55430]"
112002,"[98351, 79533, 37024, 67472, 46432, 14380, 86129, 39102, 79453, 75917]"
112003,"[13983, 106446, 69146, 88694, 49803, 74654, 76225, 2932, 46520, 21402]"
112004,"[97338, 45305, 31059, 12177, 24156, 20155, 38654, 65867, 1716, 105684]"
112005,"[41570, 87037, 60366, 25696, 10790, 72094, 69799, 109337, 89970, 2469]"
112006,"[56976, 15630, 49903, 25877, 57822, 37711, 82608, 25056, 60863, 23527]"
112007,"[35573, 13270, 51610, 36700, 95140, 81934, 1436, 4821, 89035, 85998]"
112008,"[64814, 20781, 56807, 64543, 21176, 41264, 14323, 57351, 26763, 10649]"
112009,"[57631, 37522, 48686, 95304, 35946, 7131, 75750, 61956, 80433, 30306]"
112010,"[58324, 69079, 38184, 106371, 21315, 20857, 100682, 60443, 73923, 82323]"
112011,"[83064, 78999, 76724, 62931, 22656, 88642, 89273, 32672, 34836, 54279]"
112012,"[65223, 7232, 19343, 18498, 57932, 73775, 57635, 92947, 92650, 3937]"
112013,"[58697, 76542, 53806, 12767, 6096, 26709, 81796, 64635, 22855, 461]"
112014,"[82032, 47634, 108859, 61837, 2310, 13706, 96272, 67458, 10884, 94507]"
112015,"[83721, 82108, 71556, 33652, 107329, 91111, 2060, 24426, 71903, 29944]"
112016,"[63435, 41333, 16434, 28733, 94282, 76463, 107362, 3929, 71307, 105959]"
112017,"[49518, 19826, 14406, 100216, 81414, 107661, 91096, 48215, 42890, 77673]"
112018,"[72929, 14827, 51896, 60782, 75987, 23975, 42289, 19125, 55902, 66248]"
112019,"[11051, 83661, 94414, 92114, 95047, 99328, 85209, 12628, 40149, 81758]"
112020,"[35832, 63373, 21077, 81878, 92699, 43418, 15703, 85392, 63975, 29848]"
112021,"[83408, 24200, 86324, 96779, 99902, 559, 62599, 58206, 48207, 101290]"
112022,"[106595, 83333, 70556, 11842, 62665, 63976, 90356, 24086, 27596, 99166]"
112023,"[24358, 20446, 11824, 27422, 42290, 69844, 43009, 40139, 34523, 70637]"
112024,"[8923, 91672, 35909, 95790, 85352, 84320, 58159, 60184, 79060, 68614]"
112025,"[57942, 75386, 8772, 63814, 94809, 94999, 32149, 68547, 46126, 100219]"
112026,"[67480, 28260, 97371, 71891, 82956, 60546, 17675, 67484, 89845, 93573]"
112027,"[55711, 23691, 46480, 102142, 104853, 71224, 24078, 109345, 1858, 53910]"
112028,"[51173, 101617, 22154, 20731, 11405, 85832, 57912, 8281, 94624, 91761]"
112029,"[57588, 39073, 52791, 17680, 12506, 27767, 61125, 6166, 59104, 63663]"
112030,"[57050, 19311, 40668, 3612, 10672, 74300, 22021, 18639, 26660, 33411]"
112031,"[99326, 73743, 72909, 46224, 74448, 101415, 27490, 27407, 22851, 9335]"
112032,"[25687, 107428, 33142, 81123, 36740, 2263, 37329, 87281, 7159, 97138]"
112033,"[93451, 59992, 5480, 9763, 44716, 38971, 96217, 101467, 54130, 39190]"
112034,"[69889, 56642, 6061, 31278, 72548, 106573, 108749, 89935, 27466, 61834]"
112035,"[55715, 57096, 33782, 95327, 56487, 57921, 107741, 10564, 45596, 80929]"
112036,"[23385, 90681, 95525, 76130, 109340, 101040, 62239, 48734, 61939, 93809]"
112037,"[73670, 99891, 37132, 79790, 25191, 81854, 38201, 19288, 24405, 107820]"
112038,"[3089, 55755, 690, 9362, 39692, 17949, 103125, 72381, 44779, 66953]"
112039,"[13172, 34155, 67713, 13836, 35398, 58100, 28323, 70923, 52363, 32445]"
112040,"[4323, 99890, 96404, 2008, 62099, 88050, 11750, 58085, 61722, 90053]"
112041,"[102779, 82431, 73904, 12671, 4261, 18791, 30626, 22589, 49015, 97947]"
112042,"[48618, 104983, 39233, 16061, 21692, 47500, 32990, 104556, 24370, 10201]"
112043,"[35768, 108652, 104839, 30322, 81679, 1982, 32845, 7208, 33353, 33258]"
112044,"[100361, 90925, 10089, 28497, 87303, 102547, 27020, 10031, 93433, 67979]"
112045,"[74912, 104926, 50472, 97901, 51076, 15403, 54332, 50334, 29291, 82827]"
112046,"[2960, 21530, 79756, 43088, 37533, 46491, 36938, 17468, 47557, 86035]"
112047,"[46729, 81637, 25469, 56860, 45211, 9106, 37746, 43252, 96098, 12380]"
112048,"[83805, 86413, 96129, 6343, 20554, 45902, 88953, 64796, 4211, 23044]"
112049,"[83521, 90111, 64672, 105901, 91748, 33644, 60574, 89140, 31325, 63090]"
112050,"[3465, 27033, 96036, 54525, 91157, 13693, 5331, 65617, 81240, 63573]"
112051,"[72698, 19482, 92873, 78930, 29951, 55827, 89341, 18211, 44200, 26294]"
112052,"[20948, 50917, 88521, 56960, 102438, 57164, 87053, 98690, 86461, 44667]"
112053,"[34929, 2333, 4346, 29658, 107696, 16970, 83590, 90224, 44238, 89641]"
112054,"[9090, 41599, 91528, 56135, 77185, 99085, 46854, 5582, 62157, 81984]"
112055,"[87431, 101587, 82119, 49363, 38000, 18877, 75515, 62336, 95321, 17783]"
112056,"[91984, 4786, 105231, 32350, 43073, 63325, 55785, 44037, 54342, 1610]"
112057,"[12795, 85689, 2596, 103271, 67490, 79964, 67040, 52920, 86012, 85726]"
112058,"[12815, 19279, 76192, 109254, 52208, 35569, 83633, 61462, 4237, 29596]"
112059,"[50339, 89344, 96220, 34296, 2891, 6748, 40891, 57006, 81201, 19029]"
112060,"[48596, 88962, 27929, 102018, 94279, 102720, 4725, 37440, 49818, 96222]"
112061,"[49418, 83654, 87852, 47828, 102164, 32606, 21720, 34225, 47598, 49606]"
112062,"[39543, 60873, 95929, 59245, 73548, 95776, 31103, 30958, 74222, 62116]"
112063,"[34615, 55605, 20107, 25710, 99843, 63848, 35228, 4593, 10347, 94104]"
112064,"[25774, 88409, 47789, 47008, 35972, 58817, 17513, 108501, 48789, 29769]"
112065,"[92992, 9734, 31188, 92255, 10781, 105468, 49951, 23195, 49525, 108335]"
112066,"[43935, 35964, 35881, 43173, 85402, 7906, 96534, 63513, 9804, 54973]"
112067,"[104756, 54750, 26375, 69365, 37593, 13779, 38972, 7084, 35169, 30342]"
112068,"[54585, 22573, 288, 65537, 65472, 10657, 38944, 38422, 58442, 50311]"
112069,"[101988, 86166, 79942, 39179, 80774, 105553, 49225, 30804, 16682, 49912]"
112070,"[41536, 24342, 105838, 36754, 103277, 81176, 78595, 18794, 94, 64272]"
112071,"[79816, 71725, 62489, 20437, 97815, 14230, 36784, 79597, 35194, 44470]"
112072,"[95815, 79774, 83439, 87799, 108364, 29710, 1809, 14607, 14978, 47343]"
112073,"[92435, 50292, 20138, 29875, 109334, 67235, 74497, 2207, 76702, 29606]"
112074,"[37812, 37547, 43647, 17855, 40224, 7336, 8207, 75256, 33742, 26354]"
112075,"[108486, 58313, 33039, 26154, 65098, 51692, 81059, 40243, 9297, 91313]"
112076,"[96924, 81230, 54396, 100410, 52561, 11931, 53593, 42869, 83834, 42588]"
112077,"[14507, 3443, 31641, 71039, 1057, 84232, 17831, 64516, 42042, 57618]"
112078,"[1971, 22136, 66015, 36474, 42923, 44886, 58360, 105994, 81793, 50082]"
112079,"[25979, 91369, 50661, 73780, 15886, 61987, 17737, 72623, 21246, 41424]"
112080,"[25505, 24612, 50935, 78621, 59446, 104109, 68107, 36121, 16835, 79302]"
112081,"[83653, 49476, 58234, 109441, 102242, 25441, 23978, 45525, 34657, 76852]"
112082,"[6951, 71572, 77764, 64713, 5631, 80260, 5559, 94773, 81323, 44946]"
112083,"[61298, 79007, 27375, 7300, 55813, 27618, 107422, 32543, 58783, 55516]"
112084,"[45471, 78273, 78777, 42799, 81956, 84624, 23644, 3114, 1958, 92405]"
112085,"[63637, 20001, 105220, 76459, 89304, 26310, 67487, 53213, 107106, 72418]"
112086,"[33924, 94507, 6833, 2714, 29651, 66947, 68627, 50611, 65029, 27915]"
112087,"[33772, 86592, 98994, 79649, 38141, 71609, 66120, 88890, 27753, 27310]"
112088,"[106058, 48146, 53934, 93368, 101500, 76707, 97756, 45116, 83546, 27956]"
112089,"[8297, 54634, 19110, 43123, 88540, 3578, 11385, 102309, 15175, 19126]"
112090,"[45984, 70542, 51171, 64721, 104460, 42976, 66771, 85500, 83664, 100387]"
112091,"[90963, 108166, 52118, 76831, 94853, 24463, 100347, 46384, 98835, 46104]"
112092,"[16755, 42852, 16412, 32391, 95314, 15691, 6510, 5880, 5962, 83732]"
112093,"[26383, 24454, 1022, 69623, 106894, 86855, 51185, 74266, 107911, 64804]"
112094,"[7381, 36518, 14610, 16688, 61191, 83138, 46668, 87067, 94104, 27286]"
112095,"[49945, 15715, 9442, 98598, 40074, 58688, 89417, 63269, 24394, 7694]"
112096,"[12905, 67112, 89991, 14731, 103464, 50997, 27895, 23382, 63147, 90055]"
112097,"[11302, 62872, 71504, 46251, 32256, 82056, 10752, 3805, 70512, 74024]"
112098,"[103095, 95996, 2246, 75909, 87810, 51388, 103174, 95870, 43982, 97731]"
112099,"[60148, 52128, 102826, 39945, 80545, 69168, 26732, 40716, 85568, 108419]"
112100,"[67590, 66829, 62058, 45762, 73484, 60989, 53727, 100789, 37445, 26359]"
112101,"[97662, 88816, 53903, 93278, 28135, 60902, 45709, 104258, 91780, 13217]"
112102,"[70440, 101858, 62288, 24072, 105661, 38341, 61165, 44653, 83199, 29781]"
112103,"[35572, 77049, 63639, 105691, 81117, 15725, 55370, 68304, 64090, 27944]"
112104,"[59030, 58800, 25085, 92755, 45303, 38219, 106479, 17304, 30094, 72056]"
112105,"[5417, 8476, 91114, 29130, 106152, 80254, 38580, 103361, 73152, 61551]"
112106,"[57023, 15226, 84586, 93925, 68643, 60200, 68067, 34578, 23108, 32740]"
112107,"[59393, 51656, 34565, 1042, 84144, 48273, 48843, 49997, 76062, 62982]"
112108,"[98778, 91516, 18831, 55126, 8882, 25555, 76614, 96932, 99450, 21018]"
112109,"[96938, 63097, 31351, 53726, 49268, 97210, 91962, 51958, 48634, 21452]"
112110,"[88053, 27038, 78354, 71388, 20202, 12100, 11717, 78079, 4037, 52151]"
112111,"[20773, 8561, 70856, 23092, 33607, 53160, 89389, 22965, 96814, 79410]"
112112,"[101926, 2967, 71150, 78465, 102491, 22529, 34100, 47495, 98516, 36960]"
112113,"[86616, 71901, 5946, 17649, 101543, 97004, 49189, 83669, 74889, 30162]"
112114,"[16454, 77471, 86177, 7496, 4219, 21270, 49987, 69141, 60905, 49957]"
112115,"[54603, 53068, 44005, 102603, 94093, 8957, 28594, 102130, 64064, 18059]"
112116,"[48377, 66387, 1349, 64433, 749, 93277, 93649, 87796, 21633, 75163]"
112117,"[48946, 95702, 43775, 60967, 90711, 108500, 87923, 56616, 58994, 3592]"
112118,"[41038, 103916, 104175, 23158, 74767, 97497, 2704, 88213, 327, 38186]"
112119,"[63414, 70826, 10995, 83021, 53707, 48185, 23711, 16666, 25132, 24030]"
112120,"[51534, 104583, 72760, 15512, 49645, 74613, 12485, 5308, 93556, 29763]"
112121,"[84960, 26915, 43292, 18502, 8303, 56918, 3516, 30344, 43190, 74360]"
112122,"[84234, 43489, 8395, 15472, 45097, 30256, 64360, 46718, 27441, 36693]"
112123,"[5266, 38267, 19803, 101833, 16167, 17319, 29731, 54631, 108709, 91537]"
112124,"[28759, 13808, 33361, 47851, 63794, 13735, 85157, 11196, 2450, 63172]"
112125,"[53418, 65057, 94469, 105997, 38477, 67599, 54260, 4662, 66617, 99551]"
112126,"[49826, 102816, 87028, 14286, 15804, 41513, 64174, 43358, 52641, 28773]"
112127,"[79170, 95741, 75600, 17200, 103000, 1421, 91549, 44761, 26477, 89932]"
112128,"[20846, 10607, 5697, 77735, 55483, 22184, 6872, 38118, 32420, 49808]"
112129,"[75200, 66768, 53993, 101702, 72346, 39894, 2045, 64786, 2211, 95083]"
112130,"[107549, 104840, 71728, 41462, 57913, 88413, 89166, 65115, 16226, 35006]"
112131,"[57087, 6128, 18350, 2458, 69338, 13281, 88981, 62650, 67686, 56645]"
112132,"[20077, 105242, 29793, 58049, 86741, 63478, 63474, 55258, 68279, 79148]"
112133,"[26150, 67927, 82542, 45690, 85570, 59151, 39058, 79158, 85397, 73626]"
112134,"[9799, 63250, 52461, 24971, 98608, 87476, 104751, 17370, 36784, 85870]"
112135,"[92200, 16569, 22181, 47750, 25207, 39308, 5738, 84721, 18310, 97475]"
112136,"[67359, 76492, 104434, 84498, 87610, 72310, 38692, 49448, 5882, 54754]"
112137,"[78956, 32841, 32146, 85911, 59272, 71088, 97640, 6587, 104665, 95433]"
112138,"[40258, 68005, 66455, 90311, 20576, 75365, 78661, 5069, 51494, 77985]"
112139,"[29665, 101169, 18414, 104524, 13322, 37743, 12678, 63844, 93420, 10980]"
112140,"[87221, 62200, 53089, 9686, 7550, 40041, 59049, 10759, 94479, 64102]"
112141,"[48553, 65629, 49055, 54022, 43160, 91501, 41733, 52248, 93772, 61856]"
112142,"[23480, 19158, 108024, 93456, 29178, 96396, 99132, 61273, 73018, 74447]"
112143,"[3060, 91599, 93818, 36406, 51523, 55886, 54595, 92040, 59504, 19293]"
112144,"[14199, 81018, 7081, 27407, 92381, 73952, 66435, 50178, 41791, 10101]"
112145,"[8357, 47423, 62433, 18730, 29901, 3534, 48664, 34663, 27395, 88032]"
112146,"[95333, 30134, 102494, 49317, 40465, 24453, 15787, 34977, 54591, 58063]"
112147,"[23696, 95323, 31676, 85422, 83966, 21766, 38534, 50176, 85781, 84269]"
112148,"[107506, 15859, 60235, 75420, 38802, 83790, 14909, 68431, 34144, 62231]"
112149,"[35575, 108290, 105427, 14852, 38484, 40753, 23254, 107003, 45169, 63457]"
112150,"[30342, 10742, 74339, 101962, 3623, 92694, 62444, 53883, 16752, 104756]"
112151,"[29425, 38835, 12657, 88973, 45594, 82282, 79267, 59713, 5987, 90543]"
112152,"[1242, 10961, 18036, 37203, 68, 29376, 62730, 45900, 104670, 31332]"
112153,"[7356, 109529, 8346, 4225, 85721, 69931, 69036, 77351, 80979, 28422]"
112154,"[51521, 82649, 99851, 91569, 81120, 25094, 46529, 46708, 16716, 105699]"
112155,"[93430, 43075, 96182, 58878, 67461, 44411, 104388, 54809, 59118, 97618]"
112156,"[102543, 42181, 21284, 54240, 68053, 66708, 8671, 103917, 95694, 38548]"
112157,"[64945, 29049, 104642, 11201, 27151, 91694, 85125, 26248, 50720, 59012]"
112158,"[30751, 6333, 29103, 62121, 92761, 100412, 7876, 97655, 75130, 60255]"
112159,"[16723, 47717, 50158, 105366, 99135, 71399, 103342, 37785, 58602, 99282]"
112160,"[74317, 14888, 15144, 81522, 58030, 26707, 78913, 34395, 31916, 104317]"
112161,"[80328, 37346, 87001, 21632, 9476, 42237, 59435, 6311, 51402, 41344]"
112162,"[54443, 83823, 53153, 41810, 108437, 96583, 28726, 54530, 64838, 81274]"
112163,"[94666, 35500, 15115, 85798, 82224, 97337, 88466, 23159, 26245, 52648]"
112164,"[71208, 87655, 36727, 89244, 31532, 95821, 55142, 46047, 60243, 2958]"
112165,"[68336, 41546, 27932, 91165, 12, 13038, 99083, 55658, 101034, 34347]"
112166,"[100861, 54473, 97310, 31902, 85937, 4166, 38084, 104400, 38419, 39785]"
112167,"[96911, 18490, 26242, 94351, 391, 13358, 2290, 73659, 66495, 47763]"
112168,"[81934, 1436, 108979, 30389, 96580, 10955, 97503, 100556, 68664, 42357]"
112169,"[3728, 109584, 63189, 59366, 104368, 62911, 28140, 102063, 11910, 50372]"
112170,"[60675, 25743, 98546, 47433, 68593, 49044, 5092, 62829, 94607, 63149]"
112171,"[18895, 103048, 107299, 2048, 26000, 63043, 52922, 90602, 52918, 77256]"
112172,"[77115, 64271, 65092, 57461, 76917, 13582, 71877, 102555, 79212, 18943]"
112173,"[73988, 39331, 96636, 11341, 11254, 2103, 54635, 91324, 80937, 31731]"
112174,"[92971, 74514, 72042, 42330, 97963, 44359, 98489, 37914, 79702, 71044]"
112175,"[34437, 66592, 40406, 104869, 83970, 71721, 43669, 31186, 1794, 39877]"
112176,"[70622, 102890, 53368, 38139, 42388, 104622, 98877, 76762, 10751, 81546]"
112177,"[59026, 89375, 4444, 1979, 15589, 6332, 97755, 34404, 24051, 58]"
112178,"[65933, 98455, 29971, 8882, 75159, 76614, 103642, 21657, 4034, 102688]"
112179,"[90866, 90501, 85700, 33103, 15441, 44572, 88130, 86093, 79852, 56630]"
112180,"[83585, 45521, 1651, 47068, 79001, 7246, 24657, 39507, 21102, 67848]"
112181,"[104155, 60899, 13341, 92214, 6819, 37943, 109083, 14538, 69915, 86287]"
112182,"[71892, 52081, 92900, 105863, 48631, 61711, 34142, 2331, 18264, 79914]"
112183,"[24689, 52472, 49053, 59576, 101405, 100522, 24114, 29565, 120, 106291]"
112184,"[83880, 28610, 98012, 68814, 97319, 22102, 85001, 25255, 95645, 43527]"
112185,"[103945, 100927, 51555, 62446, 60939, 99009, 38229, 56043, 69962, 60604]"
112186,"[84875, 97874, 101222, 88863, 104962, 60014, 56092, 77119, 2238, 14273]"
112187,"[55340, 24202, 42931, 28573, 26415, 66287, 96768, 38569, 41527, 84509]"
112188,"[50745, 83091, 40103, 20837, 90625, 90592, 42249, 88333, 38761, 93404]"
112189,"[69028, 36153, 64327, 97417, 34703, 63689, 8597, 14859, 61120, 102959]"
112190,"[21413, 9393, 71689, 29564, 48968, 1790, 16084, 56302, 67223, 84058]"
112191,"[64551, 2938, 79301, 83863, 81398, 48536, 99211, 100764, 12363, 54610]"
112192,"[71148, 26123, 57355, 86168, 99848, 13481, 46314, 31276, 107372, 8185]"
112193,"[22790, 34554, 103731, 3956, 52907, 18225, 107330, 66813, 6759, 106133]"
112194,"[16189, 58568, 13080, 11797, 60909, 65571, 41846, 51082, 2112, 96726]"
112195,"[64557, 77486, 30865, 32210, 16062, 94920, 82586, 31172, 57129, 41441]"
112196,"[71985, 78054, 106918, 32607, 36464, 83115, 45849, 51480, 6260, 71629]"
112197,"[60517, 29152, 91629, 106399, 108145, 8925, 84084, 106197, 19194, 104307]"
112198,"[67547, 58780, 31384, 15915, 5101, 82216, 45878, 85743, 27977, 57243]"
112199,"[46565, 57559, 86505, 31342, 33389, 78024, 73455, 100140, 65574, 39726]"
112200,"[8937, 10602, 5792, 102278, 86720, 90547, 79139, 97422, 55944, 46675]"
112201,"[56255, 54522, 51846, 90591, 36586, 23831, 68550, 105393, 103235, 91450]"
112202,"[87422, 32487, 37472, 89674, 85634, 82709, 85687, 107890, 72217, 67158]"
112203,"[70759, 104866, 63810, 93096, 76495, 45135, 60127, 20770, 4868, 108699]"
112204,"[46951, 8430, 55107, 8988, 45718, 109667, 55352, 93979, 83725, 101788]"
112205,"[103830, 13007, 11654, 88456, 67712, 805, 89614, 86556, 60817, 91410]"
112206,"[55345, 57589, 69454, 109110, 76285, 44666, 97253, 1137, 5532, 62802]"
112207,"[90701, 30791, 71300, 43661, 34382, 88031, 4468, 33871, 100251, 39770]"
112208,"[15361, 11983, 66594, 54034, 58926, 24327, 65631, 95550, 63717, 74454]"
112209,"[6277, 95570, 48982, 60937, 37010, 43706, 53030, 36301, 32306, 51190]"
112210,"[106110, 80495, 2840, 107091, 63282, 92766, 30493, 18947, 80655, 77844]"
112211,"[22540, 84463, 7276, 52475, 85629, 28370, 90449, 27029, 26132, 23340]"
112212,"[23443, 98392, 45659, 44100, 96124, 49929, 19658, 5571, 104028, 63094]"
112213,"[89579, 10651, 69018, 21306, 109056, 39114, 16692, 65081, 61686, 20239]"
112214,"[5297, 32677, 51375, 4770, 28866, 26653, 81166, 13885, 56805, 43344]"
112215,"[16991, 34865, 51449, 70530, 3061, 54915, 90673, 72407, 74970, 26899]"
112216,"[44524, 59213, 17868, 30020, 10889, 75440, 82516, 85400, 108226, 36046]"
112217,"[85301, 82328, 27494, 97452, 80360, 87030, 102299, 64092, 78207, 55045]"
112218,"[40082, 93025, 91007, 14917, 86820, 62140, 24685, 53298, 23998, 39996]"
112219,"[28529, 30336, 25678, 62537, 53557, 84074, 63201, 66754, 60727, 53235]"
112220,"[57254, 36705, 20062, 69090, 47840, 71157, 73077, 39897, 10063, 68639]"
112221,"[4075, 71647, 71219, 101344, 57786, 42035, 57537, 13863, 94573, 52791]"
112222,"[64882, 106020, 33421, 29249, 89226, 53808, 79169, 60958, 92144, 49344]"
112223,"[56128, 33207, 76127, 33192, 12582, 8995, 19626, 9782, 80853, 100155]"
112224,"[5580, 21914, 40779, 19487, 7287, 72795, 83456, 21208, 29932, 26036]"
112225,"[107558, 78843, 59150, 60500, 80607, 74353, 105983, 102621, 93426, 47404]"
112226,"[88057, 99791, 107115, 17531, 45586, 16883, 21906, 100, 59798, 2324]"
112227,"[96375, 85960, 81899, 59092, 43627, 17709, 67550, 68272, 90620, 82970]"
112228,"[31821, 34377, 57660, 75660, 56602, 105998, 92746, 108156, 98642, 13754]"
112229,"[99412, 33848, 38991, 46104, 68536, 71274, 53169, 49848, 94064, 65182]"
112230,"[104909, 42327, 84893, 43097, 52844, 999, 20404, 82808, 74080, 53779]"
112231,"[91720, 12453, 65513, 61940, 28245, 99626, 87290, 55586, 100025, 82913]"
112232,"[58539, 57637, 4368, 67706, 93275, 15469, 50846, 990, 5764, 39614]"
112233,"[23130, 50210, 87588, 90499, 15058, 90250, 109123, 38756, 109775, 55081]"
112234,"[97888, 72191, 61756, 101412, 96282, 71513, 82459, 37011, 90399, 71696]"
112235,"[101280, 102994, 42501, 66641, 74335, 56018, 87841, 28792, 36561, 100312]"
112236,"[37779, 9007, 108763, 20781, 60562, 25076, 68156, 15704, 80056, 72874]"
112237,"[28258, 68354, 100196, 91304, 11889, 43001, 56348, 46547, 81083, 89914]"
112238,"[66674, 49285, 2251, 103589, 71442, 60959, 3355, 59204, 78789, 75515]"
112239,"[94468, 20082, 96314, 54355, 10149, 10405, 77602, 54975, 56464, 33519]"
112240,"[41229, 45499, 91594, 47414, 12535, 59444, 49910, 68865, 47272, 29721]"
112241,"[89675, 95135, 60165, 109120, 3420, 108872, 106272, 24748, 54046, 34310]"
112242,"[13239, 31015, 80872, 79306, 41013, 5409, 77966, 61999, 73387, 10003]"
112243,"[67445, 34388, 38406, 10161, 12400, 77980, 98358, 106952, 42890, 522]"
112244,"[29361, 28103, 43751, 29650, 75243, 69440, 65462, 6135, 81727, 97373]"
112245,"[5954, 86675, 56197, 83879, 38280, 97510, 91590, 76458, 50810, 32770]"
112246,"[103574, 88305, 21966, 35487, 11500, 80557, 29679, 25030, 7173, 44560]"
112247,"[25571, 55773, 90693, 49395, 86364, 59917, 57885, 8464, 18976, 101620]"
112248,"[80093, 11773, 84477, 34375, 31928, 8634, 107451, 71440, 90730, 35539]"
112249,"[37129, 104196, 104017, 100057, 93292, 95907, 58631, 15938, 54804, 51412]"
112250,"[52801, 11463, 58346, 59941, 88845, 83691, 86559, 23004, 38773, 44342]"
112251,"[58720, 9846, 99663, 39856, 100389, 102297, 57028, 86011, 28782, 89534]"
112252,"[36308, 28985, 40969, 70352, 43736, 66383, 65179, 37283, 9215, 34307]"
112253,"[61271, 93218, 28905, 66648, 76540, 88630, 26955, 63885, 271, 102556]"
112254,"[104531, 78151, 59388, 35427, 85762, 69523, 2979, 26836, 106795, 5182]"
112255,"[108258, 85801, 69660, 56656, 50022, 3235, 98645, 9298, 108593, 87957]"
112256,"[67318, 9419, 20913, 73963, 41554, 99127, 70243, 5649, 71652, 98949]"
112257,"[43458, 11227, 11549, 74360, 20478, 68712, 96311, 76179, 106513, 64206]"
112258,"[73444, 49405, 65437, 19764, 44661, 29915, 66961, 74623, 600, 105766]"
112259,"[81612, 64781, 10402, 104648, 72273, 13157, 10317, 74621, 66379, 5641]"
112260,"[91866, 32651, 98842, 99837, 63732, 13661, 64395, 16450, 101259, 59811]"
112261,"[43766, 52195, 5589, 9009, 108610, 36626, 66684, 62526, 59708, 9532]"
112262,"[65013, 99142, 60020, 73297, 67092, 91428, 7750, 77104, 20499, 80409]"
112263,"[53283, 19854, 106169, 6992, 59636, 32479, 79880, 53710, 44910, 4817]"
112264,"[62339, 65708, 42310, 91178, 26385, 96911, 3124, 66209, 13022, 61990]"
112265,"[72927, 44286, 83131, 109137, 69794, 81075, 99826, 87502, 12343, 51349]"
112266,"[7264, 3553, 95304, 37522, 75750, 13178, 48686, 19087, 45867, 35917]"
112267,"[54612, 8450, 63995, 34911, 31904, 64420, 38015, 45576, 7343, 57246]"
112268,"[13152, 85446, 104069, 17315, 38293, 108071, 97817, 190, 90033, 97021]"
112269,"[56182, 91400, 50541, 57530, 40045, 54993, 44501, 88272, 5901, 108817]"
112270,"[6270, 107263, 64700, 109574, 26868, 92118, 88648, 5788, 31374, 84259]"
112271,"[82325, 37275, 102873, 72803, 74170, 53912, 2849, 84879, 16660, 50937]"
112272,"[33160, 89141, 53670, 14606, 45453, 16585, 67289, 65401, 26166, 54655]"
112273,"[76425, 9538, 34885, 100777, 72123, 44864, 7823, 63125, 25142, 37955]"
112274,"[102215, 96645, 49905, 38361, 31666, 39649, 105853, 44195, 2054, 107162]"
112275,"[67488, 69308, 10774, 26828, 40462, 49788, 1362, 29763, 1172, 105384]"
112276,"[70287, 10906, 24529, 86243, 77485, 59666, 109238, 68209, 77283, 82293]"
112277,"[41318, 85557, 30646, 5030, 17873, 32059, 18228, 49134, 11835, 15536]"
112278,"[30925, 7546, 79605, 96624, 71010, 99634, 91445, 62953, 95951, 11888]"
112279,"[82743, 29478, 68500, 53906, 47424, 70578, 92623, 93176, 93439, 14495]"
112280,"[99342, 50120, 53024, 54279, 7197, 75963, 2401, 94813, 14401, 69626]"
112281,"[68077, 88442, 55044, 83904, 33174, 104585, 38690, 55772, 88257, 106477]"
112282,"[24839, 73160, 89317, 107338, 12021, 5236, 76715, 49521, 78432, 63087]"
112283,"[44493, 68243, 25738, 38838, 9081, 81845, 29558, 49316, 3433, 62231]"
112284,"[60505, 16609, 64186, 37751, 13598, 85263, 99788, 74122, 30394, 76868]"
112285,"[72487, 85372, 39195, 25408, 47109, 87756, 35007, 72520, 12935, 95004]"
112286,"[51356, 83064, 78999, 46906, 21017, 15814, 54279, 28312, 725, 98418]"
112287,"[38858, 89185, 27724, 85076, 32661, 45955, 19575, 72914, 8741, 56535]"
112288,"[11391, 391, 61102, 46864, 57578, 28108, 3169, 78798, 31646, 5192]"
112289,"[73726, 72576, 50890, 58794, 108959, 91107, 237, 106332, 14975, 97351]"
112290,"[54926, 26197, 75940, 89757, 21194, 59535, 107710, 10052, 5404, 21297]"
112291,"[69550, 107605, 23362, 9554, 65130, 45214, 51961, 62300, 2301, 97818]"
112292,"[95502, 30662, 45466, 26671, 30149, 34123, 109731, 39557, 59427, 64902]"
112293,"[25570, 109063, 102159, 48926, 56700, 9752, 93167, 75630, 35667, 14349]"
112294,"[40926, 364, 67067, 47070, 27633, 24945, 61758, 71551, 1285, 56627]"
112295,"[44160, 23253, 8453, 95273, 3949, 18090, 25641, 32444, 61590, 107602]"
112296,"[4603, 20045, 78139, 72981, 9345, 64120, 77388, 108959, 14272, 66858]"
112297,"[61299, 86927, 47791, 105494, 82214, 62561, 62302, 81636, 40567, 8335]"
112298,"[33382, 100420, 41664, 84938, 82779, 2265, 74944, 103949, 76513, 50202]"
112299,"[33463, 79105, 107627, 64373, 44741, 63782, 4503, 12723, 87108, 55051]"
112300,"[28948, 47658, 97923, 92053, 101904, 96009, 81213, 89460, 101361, 31695]"
112301,"[34986, 70498, 105216, 30586, 104450, 6982, 81557, 37570, 93919, 100697]"
112302,"[101319, 55995, 18512, 48898, 6353, 47934, 66828, 86935, 103237, 8418]"
112303,"[65681, 21284, 102543, 62934, 98256, 67422, 79934, 70348, 7696, 75531]"
112304,"[73611, 77352, 86593, 86840, 108976, 78682, 15936, 70625, 55681, 20732]"
112305,"[1561, 11160, 61663, 105105, 57789, 52225, 257, 43188, 85406, 58660]"
112306,"[87319, 48904, 86998, 54971, 31572, 99095, 83119, 3347, 29602, 55585]"
112307,"[60522, 60185, 106816, 64703, 97385, 43997, 42281, 5939, 83062, 11903]"
112308,"[89301, 107111, 18317, 44836, 61302, 41767, 82481, 79672, 15833, 64081]"
112309,"[43042, 57902, 55392, 29051, 71395, 11683, 64595, 106299, 67609, 43068]"
112310,"[54837, 34985, 83379, 27731, 70464, 57307, 85013, 45608, 88550, 34271]"
112311,"[86170, 13690, 6970, 82952, 22060, 34671, 75783, 98827, 103357, 3105]"
112312,"[90778, 92468, 3462, 96743, 79352, 44431, 91856, 63629, 109189, 58096]"
112313,"[95090, 512, 1117, 32750, 102694, 15747, 74379, 32855, 58171, 82872]"
112314,"[61808, 28184, 5111, 43472, 53084, 3809, 107447, 54727, 36687, 109045]"
112315,"[44389, 95961, 48147, 98042, 86407, 20915, 99126, 5513, 23518, 100698]"
112316,"[105342, 74885, 15928, 87492, 33246, 19175, 10841, 44156, 6441, 56408]"
112317,"[88517, 76790, 6571, 25658, 63037, 79821, 91365, 88216, 55634, 62225]"
112318,"[104792, 46997, 40817, 106564, 40034, 24548, 81836, 56432, 70458, 55101]"
112319,"[100801, 52028, 98421, 33177, 38440, 10167, 59211, 66119, 37078, 12516]"
112320,"[65473, 57294, 52384, 24057, 102768, 52263, 32678, 84409, 42305, 36372]"
112321,"[36379, 53101, 11964, 48753, 97875, 92915, 31706, 49125, 100893, 22680]"
112322,"[13553, 37293, 45402, 37820, 27457, 76211, 97724, 11115, 93587, 14273]"
112323,"[23575, 27797, 15923, 93877, 15967, 27589, 102744, 100011, 81974, 39905]"
112324,"[106325, 63941, 15349, 33189, 33340, 47770, 49124, 62754, 107213, 26878]"
112325,"[96501, 19398, 82954, 25717, 64990, 51800, 3141, 82707, 96658, 75627]"
112326,"[62555, 46132, 106613, 97821, 84667, 97744, 102228, 59573, 96358, 80595]"
112327,"[39042, 99538, 106060, 81101, 10641, 76402, 82883, 1959, 105681, 103670]"
112328,"[13411, 51046, 55161, 25864, 4664, 68435, 42451, 62014, 24067, 88055]"
112329,"[47069, 49343, 92772, 72588, 50925, 16147, 80610, 33391, 56500, 41289]"
112330,"[68896, 47229, 7643, 91257, 83873, 73623, 56661, 54098, 57584, 61303]"
112331,"[14058, 58966, 94346, 23658, 87576, 64182, 93201, 9539, 37473, 86175]"
112332,"[78867, 82557, 46468, 104319, 28, 93546, 3572, 2298, 85219, 72614]"
112333,"[46290, 108037, 49376, 104302, 19141, 100726, 55809, 35545, 13523, 106635]"
112334,"[81730, 15507, 83532, 54811, 60732, 11682, 46849, 46424, 71551, 48542]"
112335,"[14034, 77110, 31780, 101361, 19172, 64688, 76734, 62955, 29445, 56147]"
112336,"[18289, 44507, 56371, 77294, 45315, 2516, 45863, 101111, 17787, 44174]"
112337,"[95741, 79170, 75600, 17200, 18677, 9404, 50800, 46979, 9810, 36571]"
112338,"[72858, 72161, 25109, 19544, 106040, 4125, 2452, 5772, 58028, 105792]"
112339,"[45089, 85113, 87406, 106000, 75825, 59780, 109562, 80297, 54815, 76319]"
112340,"[36517, 54118, 21005, 17490, 62583, 95336, 48120, 107121, 38279, 109085]"
112341,"[51277, 81971, 60348, 87270, 70879, 49984, 86544, 18597, 1433, 8848]"
112342,"[70400, 87146, 49815, 71738, 98436, 3452, 33665, 23663, 25732, 98076]"
112343,"[59629, 59475, 52366, 36166, 13684, 26496, 107435, 54959, 39525, 95888]"
112344,"[94704, 22936, 19741, 25400, 62698, 60797, 66775, 60241, 75171, 3460]"
112345,"[35268, 48919, 46398, 20856, 1925, 43702, 13906, 11937, 96719, 80753]"
112346,"[50014, 69671, 50872, 11869, 97043, 54950, 91819, 96318, 96396, 104454]"
112347,"[10146, 54178, 74693, 11640, 59102, 48669, 87574, 33600, 105127, 106221]"
112348,"[30452, 70589, 31534, 72064, 87208, 46768, 88746, 14967, 54940, 70722]"
112349,"[5150, 43367, 81834, 104339, 77000, 13521, 21215, 53392, 106244, 93064]"
112350,"[55527, 55128, 96131, 96984, 2633, 38822, 4903, 51644, 103853, 49746]"
112351,"[90455, 40596, 64522, 41054, 97770, 80255, 85849, 20435, 46449, 52853]"
112352,"[41390, 45730, 73087, 98268, 34341, 51434, 109352, 45983, 84029, 95]"
112353,"[99059, 105766, 43142, 76581, 18039, 61652, 95663, 59624, 7589, 79371]"
112354,"[109094, 44315, 45166, 49314, 107191, 43970, 47353, 3411, 39657, 25078]"
112355,"[16063, 9650, 47614, 14929, 59537, 89862, 82806, 109026, 51274, 64667]"
112356,"[16619, 23098, 64505, 44786, 25512, 62840, 6569, 3828, 8912, 56103]"
112357,"[41553, 4082, 10845, 105251, 76404, 69702, 88157, 105932, 276, 93503]"
112358,"[60575, 90062, 107287, 27341, 78441, 66964, 60781, 99760, 55561, 27337]"
112359,"[38488, 78371, 10135, 87145, 26053, 98235, 17610, 27524, 82594, 23807]"
112360,"[68900, 69395, 24006, 76690, 91194, 56467, 1779, 106200, 668, 13407]"
112361,"[91406, 34862, 1744, 34541, 17216, 98036, 8067, 14853, 77786, 50718]"
112362,"[27865, 75849, 104338, 33587, 8789, 14069, 37392, 57528, 41275, 88522]"
112363,"[94067, 57898, 28237, 69992, 30746, 59094, 49469, 101471, 101418, 52644]"
112364,"[51202, 55164, 64180, 44966, 2510, 79541, 106628, 42719, 8248, 47381]"
112365,"[47696, 9974, 18481, 77704, 15246, 8853, 95605, 109437, 3673, 51671]"
112366,"[77556, 10762, 24631, 79479, 68934, 87708, 37755, 157, 34267, 48200]"
112367,"[94474, 73654, 23394, 93669, 98917, 21136, 35978, 188, 45098, 22129]"
112368,"[62375, 2935, 81311, 56078, 23569, 91132, 88941, 43731, 82015, 61139]"
112369,"[790, 31306, 92476, 53007, 29821, 54971, 102879, 28482, 22007, 29672]"
112370,"[17328, 108539, 49865, 39545, 22624, 87554, 3074, 78902, 1700, 35279]"
112371,"[87058, 102442, 57347, 95410, 230, 53751, 92899, 20755, 95322, 57669]"
112372,"[67142, 91013, 78003, 38030, 101393, 103400, 108308, 4032, 42717, 66732]"
112373,"[1053, 98995, 74937, 10551, 25608, 26695, 62028, 108497, 61790, 48171]"
112374,"[11453, 2711, 77256, 96322, 52922, 90602, 24278, 102101, 85006, 9505]"
112375,"[32331, 44453, 97346, 7066, 50439, 88525, 24400, 102493, 87684, 27030]"
112376,"[93325, 82169, 43082, 97895, 46529, 96906, 24712, 108779, 23763, 86259]"
112377,"[2869, 42580, 15280, 74239, 18921, 26444, 51572, 96251, 64068, 70705]"
112378,"[29300, 42862, 9839, 60754, 29931, 10121, 13949, 54724, 30553, 31251]"
112379,"[93275, 50846, 41635, 5764, 990, 20358, 40706, 63138, 21100, 104476]"
112380,"[61398, 57865, 48730, 83418, 36756, 14963, 30858, 53102, 11528, 32380]"
112381,"[64099, 33857, 65316, 106222, 12654, 107702, 84419, 65448, 39255, 37094]"
112382,"[78529, 19345, 108677, 68744, 16017, 88111, 108859, 60471, 92927, 92566]"
112383,"[67458, 85201, 52942, 64874, 97130, 81549, 104330, 2310, 8298, 23492]"
112384,"[86385, 49263, 104279, 75515, 65935, 103416, 82416, 30880, 30523, 33361]"
112385,"[7137, 3574, 74151, 46162, 82844, 12252, 1018, 18258, 17629, 4375]"
112386,"[18523, 49553, 30804, 65308, 87688, 22002, 3908, 53407, 22376, 17237]"
112387,"[26134, 66535, 10575, 63762, 80034, 94001, 7718, 34967, 54070, 993]"
112388,"[74971, 64572, 70515, 6067, 98248, 92134, 75044, 13283, 34077, 39666]"
112389,"[70487, 10243, 44012, 89813, 101581, 15265, 61471, 108451, 98376, 97632]"
112390,"[54718, 21291, 86244, 36871, 40986, 97925, 14993, 77049, 15725, 89010]"
112391,"[35474, 40662, 83099, 107150, 97269, 20553, 33098, 54170, 52763, 86759]"
112392,"[10708, 47166, 92097, 66574, 68387, 21964, 19300, 78168, 82885, 59486]"
112393,"[54763, 104274, 14486, 65142, 90123, 71697, 510, 55093, 27685, 76684]"
112394,"[25829, 37492, 81081, 41445, 94805, 107110, 77146, 16160, 22071, 94374]"
112395,"[4269, 103962, 42696, 95467, 57073, 32815, 66431, 35879, 59313, 100217]"
112396,"[17442, 42591, 58452, 9370, 69857, 49208, 44261, 43299, 59920, 92490]"
112397,"[95459, 103267, 57934, 12072, 56744, 93663, 55274, 85109, 77777, 26973]"
112398,"[88576, 75598, 21542, 1157, 77092, 12584, 4342, 51818, 59090, 49765]"
112399,"[87196, 45992, 42873, 52479, 95191, 35899, 37079, 45289, 30402, 38946]"
112400,"[78230, 91818, 42756, 79545, 71522, 5841, 90046, 10962, 27505, 27936]"
112401,"[12733, 27368, 37988, 86074, 59006, 70521, 103034, 89886, 107813, 108978]"
112402,"[94664, 44159, 80507, 92490, 40799, 78908, 70594, 6235, 105074, 37833]"
112403,"[58293, 18496, 46362, 88783, 51228, 48593, 105333, 42371, 73686, 64222]"
112404,"[8933, 38908, 9177, 104011, 50056, 67568, 45641, 44003, 51776, 13297]"
112405,"[540, 35702, 96149, 47131, 29761, 51908, 83118, 6276, 101878, 89705]"
112406,"[65347, 23222, 30845, 27323, 66982, 50387, 103954, 68685, 66579, 73756]"
112407,"[77625, 5965, 70598, 62884, 30517, 76508, 19, 68681, 54569, 59633]"
112408,"[95276, 81019, 99192, 89681, 58981, 109322, 89887, 86152, 37990, 58092]"
112409,"[62473, 96020, 98706, 44388, 82381, 17990, 42073, 93342, 37572, 60851]"
112410,"[84521, 3369, 23332, 29960, 24530, 85956, 45907, 82026, 78117, 4810]"
112411,"[58104, 1720, 104680, 42983, 9582, 62035, 79378, 5317, 22786, 60439]"
112412,"[80214, 24351, 68769, 38867, 68611, 54957, 4129, 73228, 42134, 92993]"
112413,"[25188, 65823, 72087, 70657, 31512, 105322, 24886, 51995, 88235, 98013]"
112414,"[51496, 89745, 76637, 75973, 15692, 32717, 42655, 66168, 26022, 89999]"
112415,"[91686, 8445, 68617, 5235, 40027, 1815, 15801, 87485, 25779, 40844]"
112416,"[106871, 101265, 10552, 34084, 71345, 104348, 102896, 62105, 39081, 32120]"
112417,"[32844, 26843, 42926, 77796, 59669, 57047, 46598, 64304, 48998, 49912]"
112418,"[91390, 64058, 106719, 56443, 52342, 44100, 40530, 104922, 41260, 39914]"
112419,"[14804, 54211, 53560, 15244, 58511, 103908, 58535, 29627, 46811, 74616]"
112420,"[20451, 50135, 31886, 49031, 60587, 79452, 40888, 96572, 16249, 39237]"
112421,"[83459, 53969, 101947, 47891, 63144, 66699, 18946, 1407, 109349, 84436]"
112422,"[63195, 60274, 96264, 107118, 77750, 14390, 55065, 101807, 14442, 13401]"
112423,"[105383, 80201, 36186, 46099, 76580, 47707, 29955, 20258, 40061, 91530]"
112424,"[41038, 103916, 104175, 327, 92477, 61066, 74767, 97497, 2704, 88213]"
112425,"[46119, 108513, 39651, 109412, 10762, 2908, 100289, 48775, 11135, 66309]"
112426,"[82739, 36312, 39016, 52954, 106021, 72387, 10938, 8414, 92700, 51552]"
112427,"[97713, 104712, 11622, 58522, 59424, 74220, 93061, 1000, 24867, 22625]"
112428,"[72569, 66584, 105406, 97259, 44233, 105591, 65037, 106287, 108956, 14711]"
112429,"[46469, 36318, 75679, 4902, 82861, 16191, 7921, 24024, 602, 7991]"
112430,"[93458, 7828, 13446, 26305, 102182, 104374, 69341, 24895, 42170, 42049]"
112431,"[109723, 31962, 74844, 51557, 82035, 86015, 107240, 52329, 14699, 98639]"
112432,"[104957, 55866, 27161, 41378, 895, 46083, 9496, 19532, 17686, 7623]"
112433,"[61451, 68388, 90876, 88862, 107168, 89701, 83336, 89393, 216, 8722]"
112434,"[21815, 29124, 67473, 103538, 66423, 38375, 38779, 17054, 40521, 39342]"
112435,"[65917, 53524, 9379, 34875, 205, 22530, 57837, 6560, 2287, 18278]"
112436,"[41390, 105848, 53739, 105315, 97812, 45983, 41452, 102656, 107204, 597]"
112437,"[59331, 61945, 78084, 53609, 26031, 70645, 16283, 11330, 28778, 38434]"
112438,"[90485, 11130, 38191, 46948, 33851, 28938, 64864, 64746, 43917, 94416]"
112439,"[15696, 37137, 98067, 103899, 100999, 11463, 58346, 33893, 82355, 102273]"
112440,"[59837, 18923, 41464, 41415, 45217, 38486, 76925, 74900, 101299, 38865]"
112441,"[90340, 11256, 55884, 81378, 50751, 83516, 38252, 22653, 40295, 44849]"
112442,"[46244, 34960, 15069, 1817, 101707, 8039, 42379, 65269, 41440, 60631]"
112443,"[107495, 85748, 21875, 60626, 38328, 90603, 34329, 68862, 55026, 104337]"
112444,"[10633, 98535, 88651, 759, 85276, 17857, 102153, 51622, 43790, 26436]"
112445,"[42011, 78043, 38085, 43051, 17251, 78536, 89734, 40754, 108621, 18554]"
112446,"[47940, 4171, 79486, 5581, 64264, 57857, 54614, 32675, 17705, 26247]"
112447,"[83489, 95153, 31608, 107492, 86456, 97570, 49664, 100178, 60858, 19711]"
112448,"[4545, 54074, 20393, 50345, 88721, 89263, 85315, 71681, 59357, 72373]"
112449,"[36085, 67536, 7623, 24872, 52353, 94273, 58393, 41538, 16264, 5436]"
112450,"[11981, 26288, 95656, 83576, 95638, 86820, 72801, 73706, 58001, 24218]"
112451,"[46887, 7038, 23437, 58244, 14623, 7837, 93684, 41509, 106331, 26906]"
112452,"[47149, 19539, 18911, 30933, 40434, 4718, 50211, 101370, 106213, 18034]"
112453,"[68985, 95688, 74919, 89058, 11716, 91821, 105072, 61834, 34060, 60733]"
112454,"[98890, 91731, 89317, 40321, 30862, 74512, 30750, 5519, 58964, 108479]"
112455,"[30019, 4, 93414, 3083, 71000, 7423, 12925, 109025, 54136, 39425]"
112456,"[92856, 104709, 2246, 59631, 82082, 20544, 36295, 43936, 39289, 57122]"
112457,"[84725, 98388, 43907, 21613, 40311, 7434, 88792, 81880, 9659, 64537]"
112458,"[12202, 86391, 98792, 64897, 94336, 59319, 90314, 67830, 100294, 36629]"
112459,"[56844, 91362, 30871, 48124, 8785, 79682, 74502, 18488, 77138, 3056]"
112460,"[1988, 16030, 87760, 100512, 97708, 77563, 1205, 41049, 27761, 30189]"
112461,"[46561, 32510, 34836, 42177, 9550, 24688, 107954, 21063, 30706, 83064]"
112462,"[53473, 75830, 27991, 31525, 60632, 20134, 30374, 108919, 36276, 51679]"
112463,"[37915, 94642, 47370, 26521, 102497, 20151, 87457, 24314, 108716, 92262]"
112464,"[33924, 94507, 6833, 21963, 58446, 69371, 82246, 27915, 47634, 10240]"
112465,"[64287, 40172, 50480, 63409, 62753, 56499, 6292, 61892, 95556, 86303]"
112466,"[48618, 104983, 34066, 56494, 16061, 21692, 47500, 24370, 95194, 4949]"
112467,"[70947, 28209, 92455, 55278, 66604, 6779, 73258, 83179, 84798, 88319]"
112468,"[59400, 47862, 106713, 73135, 54646, 88104, 3190, 62661, 47874, 2018]"
112469,"[16183, 22535, 64947, 90539, 54614, 19920, 66436, 2015, 54601, 52773]"
112470,"[6169, 19676, 70237, 79995, 86099, 29951, 92636, 85458, 31338, 48229]"
112471,"[101473, 96477, 72463, 74149, 33847, 71981, 5273, 55319, 86902, 45688]"
112472,"[52061, 41136, 88452, 71055, 72560, 62764, 7678, 38055, 90973, 38022]"
112473,"[35476, 8001, 89515, 94765, 61040, 95134, 22003, 72822, 19505, 41523]"
112474,"[103240, 22914, 63837, 58669, 102284, 71942, 15974, 88963, 102372, 83375]"
112475,"[59325, 23212, 35766, 93078, 11460, 45618, 13045, 97281, 32153, 12748]"
112476,"[65658, 100066, 96015, 95047, 88891, 65107, 92783, 89109, 3557, 12834]"
112477,"[17736, 436, 11497, 4603, 92293, 97689, 93111, 59445, 42738, 40452]"
112478,"[99217, 47324, 5013, 47222, 4970, 85349, 4390, 18556, 6716, 53868]"
112479,"[53438, 19501, 78152, 107844, 14573, 66072, 43587, 93612, 83787, 32560]"
112480,"[70667, 22962, 56109, 64509, 9615, 15452, 68297, 11427, 96195, 29204]"
112481,"[87724, 12168, 25187, 432, 46887, 53306, 38348, 4948, 63797, 81056]"
112482,"[85964, 58047, 21726, 32586, 66883, 88056, 108192, 108598, 2326, 6335]"
112483,"[26268, 89641, 51594, 80445, 23060, 107696, 16970, 65483, 10450, 99873]"
112484,"[39374, 2550, 68515, 94799, 75640, 55730, 47698, 20605, 99376, 42507]"
112485,"[81169, 78444, 56912, 29876, 35314, 40202, 47520, 93694, 63041, 44031]"
112486,"[71964, 18635, 85796, 100853, 77070, 87527, 104629, 78272, 17814, 86470]"
112487,"[80219, 82256, 58585, 26462, 14945, 24928, 17728, 7507, 19132, 5322]"
112488,"[82736, 53342, 25948, 31649, 3340, 36944, 31641, 105341, 42402, 57767]"
112489,"[109137, 96271, 38114, 80232, 4761, 56238, 51349, 48869, 78764, 69680]"
112490,"[76509, 94444, 84991, 63028, 5026, 22037, 2995, 86585, 17105, 41979]"
112491,"[77735, 55483, 106235, 77734, 22184, 75587, 49808, 64406, 100107, 10607]"
112492,"[68878, 21115, 60583, 29636, 72855, 9668, 75149, 70039, 104541, 1109]"
112493,"[57686, 12122, 1456, 103256, 40861, 21012, 94457, 61248, 31247, 43643]"
112494,"[54323, 99854, 50399, 77942, 36831, 70351, 106838, 8865, 68539, 40606]"
112495,"[74529, 109007, 75589, 42113, 4767, 95430, 94421, 94992, 26929, 65650]"
112496,"[64254, 4724, 36734, 66011, 56813, 83549, 799, 4601, 44991, 31445]"
112497,"[12979, 3478, 73109, 108055, 56120, 92610, 38906, 71534, 25998, 67901]"
112498,"[57932, 64835, 18455, 92947, 54345, 3265, 94516, 47447, 48048, 7967]"
112499,"[35371, 64373, 44741, 33463, 63782, 107627, 4503, 94420, 103322, 71571]"
112500,"[86292, 72540, 49976, 69229, 95398, 1732, 106781, 74669, 58933, 87418]"
112501,"[103125, 28744, 60338, 94975, 84352, 69924, 103949, 89953, 1827, 92865]"
112502,"[105398, 55542, 66331, 2392, 97777, 26321, 14021, 86845, 100714, 91687]"
112503,"[32305, 23523, 69389, 880, 105619, 13858, 33899, 73312, 12050, 103268]"
112504,"[63889, 107405, 46609, 109734, 10819, 71963, 67624, 30388, 96253, 38359]"
112505,"[87246, 92284, 92779, 95363, 76712, 65376, 25860, 17341, 54362, 7332]"
112506,"[26538, 103891, 77231, 93607, 14661, 79465, 24335, 53428, 44435, 77204]"
112507,"[52761, 69676, 35615, 69506, 29386, 51924, 5967, 52341, 33935, 89629]"
112508,"[106433, 79692, 47848, 44893, 45508, 47911, 70359, 98437, 51631, 107563]"
112509,"[100955, 69438, 18691, 86831, 25971, 80919, 23261, 99913, 29511, 60496]"
112510,"[85332, 97892, 78494, 91789, 67278, 80279, 30692, 31960, 96050, 19968]"
112511,"[40421, 36469, 51564, 25324, 81897, 97970, 104073, 17325, 63772, 57516]"
112512,"[49955, 58790, 72755, 26802, 89305, 42302, 95753, 99203, 33969, 76659]"
112513,"[55317, 77117, 50264, 95441, 6224, 93723, 34803, 17171, 91204, 84360]"
112514,"[13493, 27573, 98873, 75241, 61465, 19166, 49836, 105379, 7790, 31947]"
112515,"[16667, 42170, 18371, 81249, 54761, 74345, 11108, 95577, 40976, 74949]"
112516,"[62698, 60797, 94016, 3460, 952, 88160, 46120, 94704, 36702, 90834]"
112517,"[93710, 46375, 18878, 20296, 89468, 47162, 4012, 87299, 75894, 102172]"
112518,"[78193, 30654, 81146, 33356, 64625, 99579, 15396, 81037, 108012, 72714]"
112519,"[46778, 93164, 33610, 738, 39626, 51785, 59775, 24407, 2452, 72858]"
112520,"[7158, 83599, 45759, 98753, 19516, 84064, 86530, 42155, 33175, 86580]"
112521,"[55670, 90184, 52732, 94008, 22142, 3690, 31733, 39758, 52160, 88628]"
112522,"[105364, 11251, 20567, 100783, 79135, 78444, 102815, 366, 96172, 42628]"
112523,"[107846, 93692, 28846, 11950, 59594, 36933, 82454, 78543, 15347, 54632]"
112524,"[27304, 74791, 18059, 34588, 9932, 89988, 67, 87170, 56233, 86349]"
112525,"[99523, 32724, 64055, 25871, 30610, 60474, 49178, 52924, 17141, 44216]"
112526,"[96984, 48030, 85753, 109592, 18830, 99706, 66796, 90588, 34191, 66329]"
112527,"[74774, 81903, 78586, 9309, 63845, 103145, 11403, 31487, 73707, 25405]"
112528,"[105266, 1150, 85552, 101574, 54150, 84147, 17028, 94969, 97665, 73191]"
112529,"[35170, 48338, 24799, 84349, 108047, 97560, 82425, 71350, 73259, 16330]"
112530,"[94540, 32208, 108186, 44004, 52417, 94602, 87481, 72904, 14095, 40600]"
112531,"[86172, 4411, 59791, 37450, 44993, 15962, 83939, 31308, 31567, 80712]"
112532,"[3475, 108008, 62015, 8910, 72955, 13911, 97548, 22654, 36513, 69778]"
112533,"[35989, 21313, 30098, 40628, 16849, 10714, 109233, 24766, 47043, 92691]"
112534,"[31888, 44437, 13608, 101692, 84744, 28106, 94186, 106633, 41937, 32718]"
112535,"[109538, 81728, 84514, 101421, 16505, 51922, 32153, 32810, 16070, 12748]"
112536,"[11040, 32626, 80840, 75637, 14224, 31147, 18301, 108100, 84675, 25683]"
112537,"[28082, 2167, 42252, 7191, 48215, 19826, 42890, 17701, 103236, 107904]"
112538,"[46597, 98123, 22843, 48890, 45738, 96268, 59223, 53756, 90998, 62405]"
112539,"[5055, 20011, 29912, 8016, 92787, 36223, 39500, 85769, 23370, 93890]"
112540,"[75240, 66526, 17258, 15787, 49317, 102298, 37720, 4976, 93290, 90607]"
112541,"[74560, 43568, 90435, 76197, 98467, 67857, 81889, 96732, 12923, 81461]"
112542,"[30633, 88252, 67981, 26614, 22579, 106380, 30956, 1032, 52999, 34555]"
112543,"[63887, 83463, 87224, 3427, 22343, 89238, 41062, 80972, 64409, 90719]"
112544,"[20893, 31279, 97779, 86382, 80741, 108278, 13455, 707, 49434, 108778]"
112545,"[24594, 94090, 70333, 32895, 78085, 2402, 66414, 109020, 57218, 82345]"
112546,"[83656, 45018, 48244, 65232, 98519, 44596, 90928, 109332, 53700, 93400]"
112547,"[81585, 27428, 1628, 11958, 62478, 99238, 100940, 50465, 29992, 36583]"
112548,"[47186, 915, 1667, 107500, 106662, 18, 107625, 56195, 108816, 82755]"
112549,"[66697, 14721, 23202, 56221, 101737, 29031, 9851, 86892, 93530, 7717]"
112550,"[21610, 60418, 63322, 35807, 87939, 11507, 38853, 52056, 108722, 77911]"
112551,"[65452, 49171, 103569, 80580, 30343, 95512, 38669, 60914, 40879, 62803]"
112552,"[46851, 11441, 35687, 10540, 7954, 94527, 32394, 51988, 18844, 96576]"
112553,"[63039, 61827, 91759, 35309, 58586, 12161, 77439, 31950, 18442, 52660]"
112554,"[3446, 4432, 5365, 3501, 79228, 100310, 37186, 1810, 60249, 63726]"
112555,"[78267, 30907, 69983, 42272, 54058, 6498, 69633, 92434, 84466, 50506]"
112556,"[49446, 25000, 76663, 6135, 3509, 63470, 47100, 30947, 75176, 107197]"
112557,"[23051, 85418, 88435, 95225, 79596, 48181, 82684, 60453, 59842, 11970]"
112558,"[94242, 43444, 95645, 43527, 99754, 83880, 54604, 85001, 20953, 108855]"
112559,"[76995, 16099, 58578, 33415, 70744, 47970, 39450, 84317, 74480, 8639]"
112560,"[7685, 66032, 48684, 89529, 73474, 50260, 82339, 58866, 31264, 75303]"
112561,"[98674, 17735, 48428, 68247, 38655, 9460, 1003, 101580, 42949, 19794]"
112562,"[38924, 84745, 45992, 95849, 52479, 93408, 4784, 83113, 18869, 38946]"
112563,"[84269, 94091, 52507, 56506, 53268, 48416, 20127, 90126, 6282, 8908]"
112564,"[92120, 83337, 91254, 42690, 98215, 93410, 28819, 73233, 30144, 71392]"
112565,"[33929, 99841, 89292, 31859, 76351, 47144, 55227, 63283, 16552, 55383]"
112566,"[74124, 93485, 90058, 60144, 19605, 32741, 44173, 11180, 3679, 70289]"
112567,"[52646, 16603, 58054, 39463, 78988, 67100, 104873, 38210, 104345, 25584]"
112568,"[75892, 27002, 55677, 12318, 49395, 107855, 108111, 5979, 94589, 51628]"
112569,"[4004, 3842, 23486, 25288, 37434, 89817, 59693, 30835, 74150, 61232]"
112570,"[30662, 95502, 45466, 109731, 26671, 64902, 58563, 39557, 59427, 16984]"
112571,"[63699, 57557, 40332, 84160, 3135, 39408, 90924, 101989, 68685, 66579]"
112572,"[16961, 45352, 58640, 103965, 93922, 36597, 30881, 13295, 76827, 29012]"
112573,"[106021, 97152, 7245, 52954, 58848, 76924, 8414, 92700, 28519, 78932]"
112574,"[44307, 89170, 79866, 58449, 58419, 26616, 82384, 30062, 107464, 72226]"
112575,"[73624, 85282, 32761, 1609, 35396, 54358, 964, 62451, 41453, 13146]"
112576,"[50358, 47499, 19532, 49377, 15754, 62568, 27823, 46226, 46080, 109392]"
112577,"[71872, 13873, 103321, 90424, 97098, 4867, 1627, 48536, 19545, 69990]"
112578,"[98979, 34284, 108382, 98146, 5531, 92679, 45037, 96344, 43199, 55941]"
112579,"[2274, 41827, 64024, 38395, 94330, 12774, 55089, 72159, 61838, 2964]"
112580,"[41013, 108481, 50261, 15344, 5409, 13239, 27869, 77966, 61999, 73387]"
112581,"[2778, 34480, 61548, 40445, 7005, 68897, 88428, 32397, 51481, 57921]"
112582,"[346, 10835, 2819, 15566, 14074, 92067, 79038, 54476, 19777, 4563]"
112583,"[18427, 81293, 23197, 97723, 8072, 17022, 93397, 93224, 10878, 1380]"
112584,"[50775, 104670, 105410, 58141, 72749, 10961, 76799, 81026, 42515, 30406]"
112585,"[79822, 86425, 95399, 46812, 104442, 4001, 34151, 39104, 72797, 83502]"
112586,"[11229, 55870, 78069, 10283, 56176, 105950, 106856, 35544, 11908, 100809]"
112587,"[80442, 70221, 23500, 65380, 106461, 103369, 48471, 39563, 4479, 80726]"
112588,"[89927, 23279, 43303, 26801, 74497, 92435, 57696, 26537, 40536, 29875]"
112589,"[40263, 42516, 45634, 21680, 96872, 784, 109676, 64065, 24773, 88217]"
112590,"[109744, 60653, 23695, 25136, 32547, 87758, 26397, 38327, 107573, 31526]"
112591,"[65144, 52685, 13200, 45257, 93998, 74886, 77442, 16060, 68633, 82987]"
112592,"[33766, 66045, 28888, 57182, 70613, 44865, 39116, 7824, 78455, 74098]"
112593,"[50281, 68570, 63725, 109630, 36598, 34447, 30065, 101300, 614, 101822]"
112594,"[35525, 61020, 54433, 57487, 63434, 31267, 57138, 60271, 50220, 67538]"
112595,"[38570, 20468, 17158, 2307, 51716, 73963, 96691, 16562, 32111, 56780]"
112596,"[42768, 74397, 1690, 20458, 2183, 67987, 97486, 45071, 78347, 72425]"
112597,"[59254, 80573, 24600, 20702, 101893, 74859, 35866, 52594, 25322, 44553]"
112598,"[66038, 46783, 57459, 27497, 56584, 107610, 47530, 31216, 88813, 28000]"
112599,"[28846, 82454, 26314, 93692, 11950, 59594, 78543, 36933, 57059, 104333]"
112600,"[49491, 96634, 28548, 82075, 13056, 54740, 56215, 27479, 27698, 109353]"
112601,"[106184, 44604, 17068, 93891, 82941, 17879, 35651, 74874, 53745, 22485]"
112602,"[90329, 47338, 70714, 92613, 12526, 41355, 88079, 93133, 60867, 25868]"
112603,"[18071, 30561, 78881, 41417, 28584, 45978, 10291, 104721, 98557, 41865]"
112604,"[94882, 38043, 84887, 19067, 62812, 66666, 20930, 40545, 91346, 73987]"
112605,"[47687, 86654, 44913, 13094, 26885, 107508, 85068, 4459, 103935, 24980]"
112606,"[21779, 3279, 70358, 102817, 40926, 81708, 28895, 39582, 44648, 49045]"
112607,"[50131, 8194, 8825, 34257, 30952, 54482, 23080, 46661, 43614, 75675]"
112608,"[94449, 63098, 100511, 44145, 67285, 331, 78986, 85490, 24339, 29232]"
112609,"[43461, 32759, 73468, 51589, 37005, 51350, 33817, 37114, 37410, 3316]"
112610,"[75631, 84110, 83889, 79470, 62358, 55143, 54684, 57635, 80538, 70809]"
112611,"[47507, 11234, 54728, 66995, 31867, 73866, 24420, 24075, 61311, 8447]"
112612,"[37514, 25482, 1482, 62092, 55011, 77034, 92500, 105529, 34038, 56932]"
112613,"[16754, 81053, 38168, 72653, 1977, 7966, 100171, 100659, 37230, 81487]"
112614,"[77113, 29722, 108945, 38596, 107968, 84993, 74119, 42589, 76725, 66523]"
112615,"[88448, 78246, 88639, 40467, 67993, 73431, 17301, 28906, 86535, 85842]"
112616,"[11211, 16881, 38984, 98489, 37914, 90195, 14516, 92971, 74514, 81992]"
112617,"[77479, 22507, 47841, 43361, 100083, 94274, 24599, 24487, 62491, 28322]"
112618,"[7084, 79649, 80091, 68212, 88890, 27753, 41294, 41381, 64046, 101999]"
112619,"[102311, 55879, 37750, 66830, 85294, 55727, 20511, 108027, 66489, 9944]"
112620,"[108977, 100941, 16819, 27050, 103534, 99039, 34609, 51153, 21395, 93951]"
112621,"[31187, 26518, 63728, 103264, 42464, 5201, 60815, 36636, 90133, 15200]"
112622,"[22231, 28645, 91378, 54265, 41579, 49185, 2798, 80285, 71675, 53751]"
112623,"[79046, 19593, 57893, 11555, 14762, 103433, 46710, 47392, 82365, 89666]"
112624,"[54321, 75475, 71392, 28936, 32906, 64311, 32609, 46956, 17303, 4836]"
112625,"[89159, 62346, 6423, 80936, 56479, 36370, 93481, 61091, 36839, 74113]"
112626,"[62358, 101173, 80538, 70809, 75631, 31896, 84110, 13675, 83889, 79470]"
112627,"[34902, 6046, 93196, 359, 49858, 36899, 64369, 46750, 65654, 23777]"
112628,"[63267, 17220, 3100, 89291, 82702, 87033, 53911, 81052, 58598, 48563]"
112629,"[65441, 101715, 76374, 86547, 85150, 31167, 54292, 44147, 58577, 59333]"
112630,"[32284, 17760, 88458, 52166, 88291, 79008, 104369, 96978, 23961, 88556]"
112631,"[28183, 1205, 99825, 35180, 82441, 84004, 71302, 78409, 62614, 41008]"
112632,"[89243, 55885, 37499, 68331, 14178, 103762, 94086, 63297, 29390, 42150]"
112633,"[46441, 52228, 69182, 32964, 14776, 95701, 79090, 86110, 40168, 60478]"
112634,"[20885, 49527, 42340, 106261, 95193, 10315, 15503, 50605, 6469, 96721]"
112635,"[3139, 86478, 34788, 19994, 16108, 32816, 26768, 7923, 90264, 9916]"
112636,"[85574, 9163, 16105, 63107, 51458, 53624, 80632, 50087, 54232, 29224]"
112637,"[68179, 58565, 108775, 88209, 60232, 48514, 74850, 95831, 9628, 17784]"
112638,"[81626, 6462, 105677, 88494, 18751, 98104, 99516, 86519, 8694, 12783]"
112639,"[56305, 275, 13742, 72021, 16893, 70245, 85300, 13868, 36624, 14250]"
112640,"[49687, 32073, 88569, 67309, 80036, 17583, 13100, 65843, 41505, 108485]"
112641,"[72311, 42271, 105225, 83590, 85850, 85499, 103686, 44238, 3750, 95802]"
112642,"[39117, 87134, 35901, 37897, 13816, 44661, 11577, 16684, 60579, 17575]"
112643,"[55919, 87531, 6303, 78072, 39178, 96983, 8813, 61485, 28383, 82036]"
112644,"[78282, 73857, 14763, 52036, 96238, 98364, 25684, 240, 10634, 107459]"
112645,"[94392, 44836, 98578, 57268, 1375, 97284, 86270, 49470, 37945, 20028]"
112646,"[97351, 91107, 46211, 237, 106332, 14975, 50890, 73726, 72576, 58794]"
112647,"[54221, 84052, 64947, 82654, 90696, 85947, 58469, 72049, 67263, 100743]"
112648,"[52711, 71052, 37186, 1810, 60249, 99447, 63726, 18998, 64397, 72791]"
112649,"[46868, 22342, 101438, 66360, 66264, 22461, 92491, 102384, 99970, 17263]"
112650,"[16725, 89758, 22578, 12232, 42284, 17425, 80274, 42710, 78162, 105334]"
112651,"[104751, 52461, 75096, 63250, 16945, 36773, 87476, 17370, 48191, 85870]"
112652,"[48825, 83167, 36095, 46935, 95301, 73950, 31253, 86210, 55011, 66177]"
112653,"[65650, 22947, 1772, 65904, 95003, 26929, 35059, 85525, 45487, 42288]"
112654,"[31103, 30958, 74222, 62116, 95929, 39543, 101283, 56192, 35405, 23571]"
112655,"[2455, 68548, 43165, 80096, 39437, 93817, 77478, 52879, 63838, 71423]"
112656,"[90084, 27936, 22792, 35258, 2615, 69195, 87617, 57925, 56523, 26405]"
112657,"[77643, 15627, 103330, 62649, 52244, 84255, 65478, 48398, 20108, 61762]"
112658,"[105039, 78775, 7153, 25156, 74067, 102899, 74591, 42585, 24109, 95764]"
112659,"[48270, 2363, 106283, 8259, 61310, 41212, 46780, 31599, 43306, 18283]"
112660,"[78680, 91024, 59701, 102968, 1678, 77727, 108062, 25080, 9401, 62784]"
112661,"[94814, 11954, 81748, 10002, 90105, 27136, 30010, 55800, 30721, 601]"
112662,"[43227, 5005, 4423, 96897, 102484, 99443, 45418, 8992, 30182, 88513]"
112663,"[34342, 12528, 70172, 19645, 18833, 89613, 59462, 19112, 91421, 605]"
112664,"[104250, 66585, 81521, 81707, 93721, 96240, 12885, 66635, 12132, 72987]"
112665,"[33196, 62523, 50125, 42014, 21530, 88074, 66977, 104031, 44313, 20206]"
112666,"[84516, 71285, 108443, 32767, 87896, 96741, 103511, 21989, 106550, 94185]"
112667,"[101059, 61903, 57315, 75247, 103146, 88380, 23732, 77269, 9272, 71247]"
112668,"[35038, 98755, 42997, 34958, 41324, 102941, 79766, 24510, 72275, 89664]"
112669,"[15847, 64984, 41420, 10966, 30936, 79138, 50248, 76822, 106388, 90999]"
112670,"[59559, 55072, 17257, 101013, 37649, 32890, 58009, 15786, 3358, 101549]"
112671,"[48146, 33156, 51749, 22452, 9506, 95189, 26509, 7974, 25668, 78875]"
112672,"[28060, 75728, 23219, 8526, 63598, 28159, 93981, 20125, 129, 92843]"
112673,"[17907, 77312, 93504, 75146, 20738, 33648, 27274, 31456, 27897, 32400]"
112674,"[42286, 86537, 49538, 19617, 52401, 49840, 103534, 67568, 1522, 8933]"
112675,"[84442, 74250, 73075, 101566, 27115, 99086, 22674, 16977, 78630, 51041]"
112676,"[72758, 65512, 64640, 17509, 73044, 74836, 65816, 49178, 58726, 99523]"
112677,"[64272, 109701, 102970, 14626, 21190, 100990, 45754, 106199, 28932, 95141]"
112678,"[15076, 108666, 38417, 79407, 77670, 63075, 38951, 85822, 41376, 15817]"
112679,"[30424, 16062, 78981, 57636, 77486, 75821, 34407, 41441, 103481, 71662]"
112680,"[86954, 53364, 50773, 90866, 28598, 100692, 10584, 71976, 67162, 82619]"
112681,"[17075, 104864, 1553, 50214, 69662, 28790, 86075, 23179, 52568, 36477]"
112682,"[99105, 15459, 56917, 81294, 82605, 21019, 101172, 11193, 14973, 92643]"
112683,"[53077, 108829, 48753, 8458, 57130, 48637, 36379, 10337, 51489, 7217]"
112684,"[103196, 100833, 87216, 64104, 94898, 78979, 61736, 23810, 44766, 6048]"
112685,"[69939, 9665, 106204, 32998, 15642, 92238, 12750, 21943, 102973, 2068]"
112686,"[33180, 69914, 2582, 48216, 63543, 66857, 9611, 67131, 103955, 22617]"
112687,"[89727, 30619, 87326, 49228, 49799, 8942, 30840, 103673, 69922, 31036]"
112688,"[75315, 11357, 98289, 12445, 59356, 47178, 105078, 3427, 36747, 99201]"
112689,"[104987, 37489, 44131, 121, 98867, 41627, 5299, 85674, 37704, 1321]"
112690,"[54532, 108127, 12657, 88973, 58550, 29425, 66078, 33419, 5987, 25264]"
112691,"[80728, 42516, 45634, 56444, 56440, 104865, 43274, 62304, 21680, 107258]"
112692,"[36161, 27860, 88320, 90415, 9520, 50946, 72173, 37734, 109522, 101693]"
112693,"[41018, 89764, 92816, 39915, 102705, 25178, 92633, 86608, 105219, 43868]"
112694,"[22398, 43867, 99540, 3649, 57679, 89053, 109166, 22921, 29859, 59213]"
112695,"[16259, 108062, 102968, 1678, 61103, 100317, 14168, 13979, 78680, 99251]"
112696,"[83902, 87917, 91706, 33889, 94646, 10104, 48591, 103278, 90049, 5431]"
112697,"[22913, 101495, 103858, 33079, 89411, 64912, 20154, 30453, 25724, 4614]"
112698,"[108451, 97632, 99504, 84092, 60116, 70487, 116, 27608, 82881, 19916]"
112699,"[17738, 102542, 66633, 73909, 83721, 71903, 32520, 55307, 60832, 91116]"
112700,"[56672, 85757, 37320, 16810, 33003, 89890, 87745, 35994, 7705, 54148]"
112701,"[18716, 96754, 83673, 39561, 107341, 8162, 60571, 72752, 2247, 19243]"
112702,"[58245, 18759, 75966, 73897, 46193, 7426, 21364, 1962, 68697, 93831]"
112703,"[42132, 75990, 60730, 94695, 5359, 81500, 25206, 100554, 91626, 43349]"
112704,"[84550, 55521, 12938, 39809, 36821, 90245, 46920, 108415, 108272, 36456]"
112705,"[38838, 69751, 44698, 1725, 25738, 43658, 85280, 92143, 78611, 34044]"
112706,"[12667, 30725, 52840, 109052, 103793, 60761, 43396, 10427, 26933, 92921]"
112707,"[96210, 15677, 18591, 76877, 29946, 79657, 88720, 33504, 9258, 28516]"
112708,"[49564, 17845, 57071, 65091, 58150, 72406, 72151, 59047, 93770, 55113]"
112709,"[94136, 13158, 67544, 81079, 99462, 40571, 61041, 30285, 24124, 58333]"
112710,"[58294, 56888, 88495, 72654, 75485, 38067, 50137, 32069, 85340, 107795]"
112711,"[1272, 35510, 53249, 15896, 49474, 104125, 98717, 64706, 46600, 71485]"
112712,"[103670, 106060, 70505, 38777, 76402, 13757, 92867, 105681, 81101, 39042]"
112713,"[67572, 49445, 24956, 51224, 75079, 8598, 60835, 47299, 83375, 15974]"
112714,"[82956, 60546, 17675, 53127, 100798, 43132, 13669, 67480, 71891, 28260]"
112715,"[104174, 58145, 4765, 91759, 55781, 25393, 45678, 88772, 24503, 35302]"
112716,"[27906, 75176, 98551, 41301, 47523, 47066, 49446, 25000, 50949, 73423]"
112717,"[6802, 83372, 31840, 97296, 104635, 57103, 62957, 36110, 16783, 76042]"
112718,"[20677, 35001, 43033, 108626, 7708, 89997, 2608, 106769, 94797, 91014]"
112719,"[4256, 55524, 43144, 74963, 56386, 39609, 92646, 43475, 103168, 57761]"
112720,"[37359, 627, 99010, 50146, 35051, 48500, 32248, 2919, 10941, 26258]"
112721,"[27110, 106096, 70121, 33014, 30129, 70902, 60295, 81232, 83092, 29045]"
112722,"[48275, 69820, 97686, 23816, 31974, 41491, 56869, 79400, 8851, 13635]"
112723,"[93142, 74086, 36537, 49228, 49500, 17555, 66190, 17502, 84789, 13680]"
112724,"[4537, 27794, 46640, 104235, 90508, 93727, 90752, 96903, 20871, 76152]"
112725,"[38966, 94116, 75701, 58112, 32650, 70965, 3801, 75226, 78466, 88739]"
112726,"[5426, 88587, 99300, 99248, 31107, 52275, 35547, 108498, 44392, 50471]"
112727,"[19749, 39690, 48900, 52030, 98107, 40499, 24292, 83198, 82842, 38097]"
112728,"[104053, 51912, 53250, 2130, 12234, 65494, 33111, 29852, 69269, 65089]"
112729,"[84390, 98532, 39899, 65347, 41613, 87147, 50387, 96528, 96884, 22659]"
112730,"[46984, 108088, 57272, 15182, 4345, 101395, 107637, 85303, 95043, 64540]"
112731,"[62125, 64170, 98116, 14747, 25023, 52185, 22135, 67722, 57723, 92214]"
112732,"[58736, 24485, 104910, 99090, 82569, 71756, 5166, 97391, 3585, 103601]"
112733,"[99127, 12305, 26542, 73963, 87301, 85427, 102582, 70283, 22922, 95775]"
112734,"[108505, 64565, 101593, 65456, 36969, 98609, 38336, 84240, 108889, 98108]"
112735,"[35679, 83100, 63346, 64105, 9649, 44013, 28978, 89566, 109342, 94063]"
112736,"[23225, 88634, 41065, 38610, 55921, 37932, 31972, 96364, 20122, 60340]"
112737,"[66462, 25905, 73043, 43844, 77830, 63527, 46093, 52962, 60484, 102638]"
112738,"[36578, 91082, 95649, 80967, 72409, 18636, 62460, 83911, 75696, 58560]"
112739,"[12160, 60586, 50786, 94467, 39999, 74799, 27451, 60202, 90675, 56433]"
112740,"[572, 42220, 9513, 37392, 43074, 96727, 108478, 18968, 99867, 94741]"
112741,"[5533, 72834, 1213, 62174, 12003, 47090, 74979, 50209, 19324, 52247]"
112742,"[14105, 82792, 24661, 81524, 12933, 108427, 44406, 105743, 73625, 15909]"
112743,"[86773, 66930, 56560, 100871, 29626, 49993, 14901, 104417, 48694, 12875]"
112744,"[7593, 12645, 64877, 91767, 33311, 32396, 106203, 109563, 107051, 39589]"
112745,"[39056, 54606, 78400, 22518, 96547, 53615, 27741, 48357, 65830, 48570]"
112746,"[37660, 72904, 108186, 52558, 82076, 44004, 15335, 98833, 75897, 35796]"
112747,"[62637, 95441, 104910, 24582, 99090, 73380, 15724, 25372, 63801, 89249]"
112748,"[3377, 92384, 24827, 1265, 37003, 14741, 95052, 90829, 45667, 93698]"
112749,"[80289, 44860, 31045, 92400, 89779, 67793, 71734, 1453, 26094, 40525]"
112750,"[82307, 66773, 107042, 10821, 52433, 100790, 53841, 24458, 51163, 3799]"
112751,"[47399, 94961, 90368, 47193, 106671, 77772, 99851, 8763, 100642, 44737]"
112752,"[33977, 88834, 64139, 16865, 67313, 83893, 52554, 64106, 6781, 30892]"
112753,"[2204, 63195, 46419, 27892, 70794, 10178, 975, 43028, 24528, 60253]"
112754,"[92900, 14834, 52081, 71892, 105863, 29384, 58509, 73372, 74708, 105583]"
112755,"[28825, 12164, 79902, 98109, 17466, 61841, 75871, 68721, 107001, 84131]"
112756,"[85795, 61807, 49624, 66885, 27835, 101649, 108925, 41090, 98760, 76525]"
112757,"[105707, 33685, 30223, 89410, 98378, 27362, 36404, 52217, 99677, 66006]"
112758,"[23832, 60808, 85325, 98543, 79889, 72936, 13610, 102872, 49361, 13854]"
112759,"[50574, 20910, 33695, 3709, 9701, 72706, 13827, 85069, 13852, 36169]"
112760,"[18912, 24878, 85864, 77184, 80479, 13201, 69789, 49287, 47481, 98927]"
112761,"[86437, 82284, 77759, 40871, 45048, 6545, 81352, 17793, 91198, 82213]"
112762,"[36476, 72811, 13480, 92458, 26361, 53983, 80039, 21630, 76220, 8512]"
112763,"[83301, 43600, 75774, 66229, 7474, 29500, 17011, 99643, 3045, 34901]"
112764,"[66072, 61721, 37891, 78152, 20700, 14573, 19455, 55733, 82136, 77787]"
112765,"[49008, 31748, 90387, 33325, 69996, 31443, 48001, 31160, 70084, 39871]"
112766,"[1468, 72771, 56465, 35130, 433, 67669, 70695, 39917, 24540, 1014]"
112767,"[59785, 7673, 74714, 82367, 10794, 84066, 63760, 19688, 100805, 64500]"
112768,"[94402, 13996, 48008, 86842, 104215, 94044, 21369, 33021, 95829, 100098]"
112769,"[19153, 99863, 39499, 103812, 68892, 78410, 9409, 768, 68383, 13009]"
112770,"[44346, 45298, 92352, 5848, 101905, 757, 9837, 76763, 30356, 13020]"
112771,"[103995, 51503, 11100, 57455, 4526, 50021, 51920, 57579, 41007, 67060]"
112772,"[86524, 63317, 58395, 47819, 46702, 35257, 27614, 74986, 83350, 62180]"
112773,"[1149, 41228, 43963, 50752, 66765, 86313, 26592, 52462, 28683, 102642]"
112774,"[40054, 40986, 98984, 47459, 70160, 109072, 87803, 37958, 16845, 11422]"
112775,"[71017, 35472, 102708, 98470, 40393, 59072, 53630, 103051, 4864, 40115]"
112776,"[83224, 1638, 10633, 84607, 82180, 7965, 26928, 81080, 27108, 25629]"
112777,"[58517, 21990, 39363, 54982, 58558, 29941, 38485, 87865, 18974, 2746]"
112778,"[109594, 109324, 36628, 80597, 23087, 11357, 21741, 12029, 83618, 85365]"
112779,"[4281, 39544, 107781, 17151, 57114, 51514, 89508, 109144, 40942, 69652]"
112780,"[19918, 32972, 56252, 3336, 6989, 99405, 80268, 57990, 98172, 3856]"
112781,"[89671, 78670, 963, 99651, 53063, 62627, 53400, 49497, 92843, 29044]"
112782,"[88730, 81648, 60430, 11576, 79277, 48017, 57683, 49295, 20709, 57435]"
112783,"[28073, 28764, 32808, 88025, 58998, 85607, 47261, 60597, 82137, 50783]"
112784,"[12114, 82417, 55015, 82050, 45547, 19275, 72389, 45476, 48888, 15506]"
112785,"[76367, 65723, 46361, 44778, 29496, 2443, 50808, 42129, 54049, 30401]"
112786,"[93523, 48007, 21437, 107443, 86131, 81201, 64088, 31823, 78258, 79963]"
112787,"[66138, 3243, 8788, 4369, 26768, 87219, 89567, 27373, 100486, 13136]"
112788,"[59048, 28460, 33612, 95039, 43483, 82595, 64807, 102188, 107808, 70165]"
112789,"[36256, 42478, 38639, 40216, 48035, 30740, 77455, 44196, 8230, 99828]"
112790,"[23728, 88240, 71844, 106757, 50471, 19415, 31054, 71750, 82034, 55594]"
112791,"[72966, 22736, 99180, 34546, 27102, 86499, 40884, 20470, 67596, 10207]"
112792,"[66296, 2264, 30703, 49907, 33629, 12686, 73893, 42318, 46988, 75048]"
112793,"[83998, 30859, 44090, 67867, 65657, 2144, 60256, 4337, 89722, 97127]"
112794,"[30094, 3601, 45303, 38219, 106479, 59030, 34746, 17304, 14877, 33801]"
112795,"[95543, 90441, 72586, 58675, 37488, 30585, 2577, 57467, 32590, 15491]"
112796,"[105374, 22388, 13623, 86165, 71691, 55472, 35778, 66821, 14866, 35065]"
112797,"[33293, 39826, 64740, 1361, 58063, 47202, 58202, 32588, 95992, 63850]"
112798,"[56565, 87435, 34262, 66206, 28083, 21341, 80639, 18568, 91815, 73317]"
112799,"[80958, 109015, 87700, 54606, 28792, 60194, 83984, 74478, 64464, 30305]"
112800,"[12193, 7629, 35922, 98612, 104100, 5188, 64251, 42323, 41542, 26159]"
112801,"[40999, 44001, 29287, 98695, 60580, 32178, 9226, 65791, 42994, 86205]"
112802,"[53469, 4008, 103141, 72133, 106993, 93097, 44911, 88555, 97512, 10821]"
112803,"[35775, 11701, 105874, 96367, 6019, 20260, 36633, 23780, 36459, 100159]"
112804,"[65650, 22947, 1772, 32811, 102797, 29534, 2483, 45487, 42288, 18303]"
112805,"[101220, 21900, 19665, 14958, 55398, 30648, 56466, 9384, 54656, 60798]"
112806,"[68667, 86634, 45735, 104600, 68237, 75989, 93739, 55710, 9768, 11870]"
112807,"[94691, 66812, 35196, 43269, 5856, 102554, 99816, 25951, 44576, 81467]"
112808,"[13815, 27958, 3213, 27762, 75573, 28285, 101250, 62192, 43534, 41147]"
112809,"[106467, 28232, 65407, 1050, 7657, 102657, 73853, 8650, 61731, 18892]"
112810,"[13244, 30015, 21686, 3246, 109173, 15749, 56074, 27749, 96577, 88408]"
112811,"[24080, 103288, 6960, 38105, 108331, 64720, 68798, 26601, 46970, 104376]"
112812,"[27218, 24160, 74981, 94438, 50836, 57772, 82509, 79988, 106978, 57160]"
112813,"[30136, 83536, 57186, 14326, 75023, 63369, 62208, 50428, 11769, 46200]"
112814,"[109084, 12433, 44483, 48836, 29314, 71562, 9735, 21158, 66302, 2241]"
112815,"[30671, 40406, 46172, 5879, 76893, 88833, 50072, 48032, 56318, 95661]"
112816,"[80436, 103816, 9840, 38408, 103937, 98070, 94593, 26632, 12238, 71330]"
112817,"[54511, 85932, 28203, 43517, 8340, 84765, 80945, 109623, 53762, 105940]"
112818,"[23837, 13918, 16428, 70313, 84945, 78329, 5799, 26512, 67491, 29536]"
112819,"[67547, 58780, 31384, 15915, 5101, 82216, 45878, 85743, 27977, 57243]"
112820,"[9723, 63271, 34470, 64402, 77045, 61382, 64439, 99869, 10193, 37825]"
112821,"[8707, 34811, 35482, 3956, 74782, 58435, 70284, 103731, 52907, 56899]"
112822,"[34875, 10195, 63140, 22530, 98469, 104237, 9379, 27521, 95659, 102341]"
112823,"[23922, 52891, 38262, 63412, 50627, 97493, 104390, 57087, 35493, 58143]"
112824,"[15690, 93380, 15053, 84659, 74996, 92198, 98360, 35682, 77891, 83377]"
112825,"[16185, 54256, 35562, 44255, 77047, 65014, 53716, 4364, 70930, 34945]"
112826,"[87658, 5976, 66916, 47135, 5723, 61363, 87748, 60184, 36810, 29997]"
112827,"[99658, 12193, 7629, 64371, 106794, 67297, 97158, 32513, 82617, 60729]"
112828,"[24203, 108577, 68776, 13686, 25817, 64214, 96410, 68265, 16423, 93413]"
112829,"[16866, 18894, 88444, 54022, 43160, 109158, 103375, 52248, 60964, 84044]"
112830,"[38313, 47356, 54552, 39807, 32175, 63601, 29315, 2379, 16645, 42794]"
112831,"[88576, 75598, 21542, 59090, 49119, 49765, 22478, 26285, 6213, 1157]"
112832,"[36071, 74590, 28478, 8438, 73566, 13772, 83814, 2629, 43115, 80961]"
112833,"[27633, 24945, 108277, 69664, 40926, 61758, 1928, 70963, 50568, 3732]"
112834,"[79108, 37449, 62512, 63037, 80750, 91365, 31367, 26046, 90283, 106105]"
112835,"[66180, 6165, 3300, 25993, 47671, 76166, 51351, 61875, 47588, 49991]"
112836,"[84551, 33433, 91821, 59662, 25998, 12744, 15331, 57286, 12979, 3478]"
112837,"[94241, 65620, 36482, 28016, 82695, 87813, 28127, 17861, 105393, 55208]"
112838,"[56611, 25804, 104574, 62310, 40292, 95800, 108139, 98487, 31209, 16978]"
112839,"[41927, 55453, 38376, 13782, 100358, 78694, 33753, 76684, 39933, 50787]"
112840,"[79381, 2826, 22508, 53004, 108920, 81099, 8344, 9592, 66176, 5750]"
112841,"[80448, 55205, 61387, 34683, 34700, 65894, 67843, 46371, 29622, 36325]"
112842,"[94183, 104614, 56552, 11327, 1814, 61321, 13426, 61040, 48772, 96813]"
112843,"[108126, 43642, 79063, 39787, 48765, 107277, 96622, 96584, 78403, 64205]"
112844,"[97095, 34281, 53641, 14223, 42285, 104357, 47213, 51929, 1940, 62464]"
112845,"[50769, 89601, 98897, 32898, 2410, 3970, 24612, 45603, 79517, 28361]"
112846,"[85682, 58944, 37968, 84738, 47030, 107633, 3116, 60391, 89061, 80797]"
112847,"[109654, 85853, 57042, 81091, 34003, 74957, 42745, 19637, 37169, 49086]"
112848,"[71333, 9048, 28976, 109635, 78820, 1939, 5282, 8493, 5338, 24639]"
112849,"[60466, 60915, 59081, 38152, 73464, 9909, 100211, 16315, 19854, 33583]"
112850,"[82578, 104245, 7540, 13731, 42347, 102930, 65468, 60296, 72818, 66196]"
112851,"[66391, 5118, 51105, 93113, 73708, 78019, 48382, 66205, 84384, 46782]"
112852,"[51151, 12591, 16770, 41368, 108017, 65061, 2827, 10154, 63418, 73135]"
112853,"[57232, 45845, 98072, 65855, 17333, 88727, 66770, 107777, 38896, 99746]"
112854,"[36071, 74590, 68042, 22134, 43984, 13734, 86090, 57535, 20525, 709]"
112855,"[51416, 102250, 67402, 104745, 34837, 38716, 13768, 54618, 18216, 50230]"
112856,"[90774, 76375, 74579, 98654, 37704, 50692, 60159, 65412, 107488, 75616]"
112857,"[91431, 49556, 8583, 102047, 71406, 30163, 68384, 27502, 93488, 28210]"
112858,"[80301, 25729, 40042, 43015, 24022, 20903, 45698, 49437, 6789, 84755]"
112859,"[85695, 87188, 25882, 46164, 93605, 7738, 76371, 79097, 108390, 48970]"
112860,"[17520, 99057, 39911, 46605, 23686, 103109, 107240, 100189, 101608, 90066]"
112861,"[45712, 81217, 72646, 44377, 21424, 77420, 87452, 66145, 43366, 53768]"
112862,"[36002, 12534, 66162, 84417, 82021, 73885, 99053, 43004, 82818, 37188]"
112863,"[8980, 59200, 39313, 58922, 93288, 39864, 65582, 46638, 30534, 47797]"
112864,"[95310, 97867, 52090, 21773, 87600, 72572, 102580, 34175, 79384, 58655]"
112865,"[35628, 101657, 96546, 102687, 33738, 91611, 69317, 74143, 40132, 22314]"
112866,"[34647, 15514, 5953, 12976, 71322, 95930, 17372, 12576, 60860, 12578]"
112867,"[87528, 24065, 56764, 10945, 29737, 21635, 72009, 25700, 1222, 97894]"
112868,"[92196, 80148, 30733, 103819, 63707, 34160, 101162, 6258, 96581, 95705]"
112869,"[11444, 78362, 75965, 68379, 66632, 37992, 79732, 102379, 85660, 49252]"
112870,"[59127, 80386, 61003, 27114, 105537, 26355, 61498, 11037, 54629, 7951]"
112871,"[7576, 107824, 35894, 46916, 2701, 39199, 39673, 74875, 70217, 7916]"
112872,"[72658, 63481, 57169, 68514, 10506, 42764, 106392, 60305, 107909, 54190]"
112873,"[65815, 87772, 3786, 44879, 56821, 56020, 88790, 34758, 55868, 38645]"
112874,"[55360, 99431, 15408, 108912, 58225, 76499, 24115, 29490, 15838, 65236]"
112875,"[58338, 71809, 24000, 12419, 2780, 22657, 67683, 29984, 62049, 57404]"
112876,"[102156, 61650, 103716, 9301, 56328, 49949, 21665, 106306, 80604, 107891]"
112877,"[31112, 54541, 21783, 69843, 44331, 71867, 95426, 93532, 35016, 55520]"
112878,"[29739, 99936, 57577, 97966, 89761, 42241, 42231, 49219, 94579, 1580]"
112879,"[90884, 11550, 68531, 37773, 104867, 11913, 90885, 82041, 960, 28839]"
112880,"[24636, 39094, 45448, 11575, 29921, 106843, 31258, 94626, 5151, 64266]"
112881,"[53210, 49425, 65514, 96623, 88126, 61948, 69378, 63634, 37959, 74207]"
112882,"[40565, 76900, 76729, 29237, 80278, 89982, 20578, 72940, 27343, 85086]"
112883,"[6300, 15896, 68268, 69992, 99018, 14890, 70570, 49474, 45736, 97954]"
112884,"[74425, 41061, 60817, 104977, 89510, 51061, 28679, 75239, 108748, 805]"
112885,"[87025, 33841, 74257, 66016, 102121, 28638, 86896, 36664, 63014, 39693]"
112886,"[84860, 82292, 40681, 101350, 72022, 82834, 89645, 69590, 19327, 50332]"
112887,"[105921, 65124, 94463, 12958, 8377, 35348, 104427, 77107, 24347, 41004]"
112888,"[707, 49434, 75566, 108278, 94109, 2338, 92453, 45934, 74828, 57869]"
112889,"[22453, 74915, 38009, 13494, 63925, 25150, 48626, 48046, 105060, 78086]"
112890,"[95740, 4762, 57462, 16682, 16619, 67561, 45446, 55253, 85301, 80530]"
112891,"[75344, 52321, 100902, 41194, 45714, 94803, 71973, 84537, 103377, 76857]"
112892,"[37128, 64390, 35682, 22729, 83377, 15690, 84542, 93380, 7951, 15053]"
112893,"[18244, 51404, 90721, 54, 6504, 73545, 55882, 28192, 101086, 61859]"
112894,"[70156, 2183, 49038, 72538, 67987, 69763, 39591, 75527, 29688, 95904]"
112895,"[19173, 72090, 85523, 46796, 77615, 10075, 19491, 50718, 88882, 90610]"
112896,"[52251, 87924, 100726, 48425, 55809, 88385, 94929, 4754, 93388, 108037]"
112897,"[57622, 43599, 72100, 26771, 46895, 37713, 21220, 34550, 63356, 87670]"
112898,"[88848, 18968, 99867, 56811, 67918, 96727, 572, 107067, 4987, 8896]"
112899,"[31691, 17694, 28958, 93197, 62434, 60214, 81072, 26551, 46374, 50499]"
112900,"[39661, 24866, 9201, 46452, 82709, 59902, 67158, 21149, 28179, 87422]"
112901,"[53615, 62847, 67882, 7919, 83984, 61131, 39056, 96547, 83841, 101248]"
112902,"[48993, 105047, 90357, 36768, 26028, 54184, 57201, 43956, 46536, 25119]"
112903,"[51513, 86674, 67783, 14884, 40430, 74594, 11372, 80499, 81529, 97800]"
112904,"[53594, 97296, 34058, 7800, 62957, 13177, 107801, 19274, 22639, 36110]"
112905,"[30581, 70084, 828, 62388, 61113, 70795, 57441, 11232, 17441, 71635]"
112906,"[80126, 59340, 40710, 66967, 6176, 26686, 46268, 39728, 105388, 21711]"
112907,"[63840, 30045, 12319, 43796, 11217, 37592, 14842, 89308, 48720, 26839]"
112908,"[21611, 73960, 32057, 52370, 36674, 27322, 71741, 84437, 14025, 81430]"
112909,"[75832, 3395, 46326, 1054, 82005, 25788, 27996, 95921, 67093, 100838]"
112910,"[25867, 97018, 94257, 39829, 76439, 51411, 9346, 102092, 9239, 63356]"
112911,"[22731, 72093, 96582, 61535, 23820, 80655, 73761, 72891, 79056, 85903]"
112912,"[13360, 50972, 62044, 37452, 51396, 106054, 84560, 33506, 13863, 31453]"
112913,"[39379, 46047, 102414, 4702, 77929, 50683, 87655, 36727, 45379, 36790]"
112914,"[86145, 20560, 23629, 10843, 4565, 93702, 20172, 1735, 5296, 96186]"
112915,"[58608, 7503, 83346, 91640, 67279, 16612, 18883, 23769, 30537, 75022]"
112916,"[13393, 66306, 69236, 96820, 83172, 93473, 42135, 69934, 38144, 92334]"
112917,"[49345, 57266, 27816, 66623, 81861, 96902, 96707, 36389, 20547, 81238]"
112918,"[64023, 43301, 65871, 72997, 49399, 56455, 35935, 87965, 48414, 73355]"
112919,"[79962, 60382, 9857, 72356, 100713, 96387, 47192, 13379, 95594, 58826]"
112920,"[15022, 90147, 969, 23496, 15542, 104336, 81158, 22364, 5544, 40833]"
112921,"[5084, 63425, 34370, 35934, 28747, 103319, 46964, 61505, 41497, 19361]"
112922,"[64878, 30484, 71001, 25079, 84566, 27432, 9051, 18491, 31709, 71362]"
112923,"[106240, 74467, 73252, 1065, 65767, 79996, 100668, 27262, 15778, 106842]"
112924,"[90491, 60323, 73960, 26644, 64527, 88464, 93802, 79611, 108076, 48534]"
112925,"[65532, 47754, 106094, 7245, 61292, 97078, 68343, 83359, 56481, 106689]"
112926,"[14467, 23274, 89233, 77543, 99644, 62469, 80600, 74942, 82805, 8361]"
112927,"[99280, 19670, 48333, 5606, 72601, 27854, 90921, 81180, 82564, 97245]"
112928,"[13111, 101267, 55535, 20610, 21717, 28592, 10585, 89719, 105296, 106363]"
112929,"[76622, 77506, 55517, 37710, 86552, 60334, 11614, 55297, 51453, 22298]"
112930,"[78938, 62882, 70507, 64818, 95634, 61192, 59284, 105467, 103630, 56742]"
112931,"[75856, 30150, 34252, 88375, 48585, 5761, 49855, 15421, 36861, 46476]"
112932,"[47228, 29190, 78547, 77983, 10279, 32122, 18277, 73722, 56419, 92225]"
112933,"[38088, 94635, 54287, 31781, 11616, 46220, 100686, 97145, 47209, 21910]"
112934,"[811, 20198, 17763, 76364, 87826, 107171, 41073, 61018, 69923, 524]"
112935,"[102254, 77143, 48673, 2940, 13137, 67249, 75184, 86873, 85118, 85470]"
112936,"[2346, 7964, 55650, 29547, 65549, 29982, 87881, 71616, 6074, 1704]"
112937,"[81593, 66911, 37084, 45724, 47328, 100900, 12289, 45053, 392, 49142]"
112938,"[99462, 61951, 50779, 32911, 94136, 73943, 17593, 13158, 84952, 9947]"
112939,"[57009, 40703, 22139, 26422, 61831, 104077, 36352, 16861, 107393, 52594]"
112940,"[109496, 78093, 42761, 82859, 107755, 15496, 94793, 107732, 56867, 45870]"
112941,"[102925, 12953, 26866, 47357, 29193, 21051, 86018, 82775, 76280, 93915]"
112942,"[102797, 62414, 82352, 25426, 5915, 31889, 91275, 95430, 32811, 51758]"
112943,"[38809, 15774, 18416, 56081, 49651, 65580, 47345, 81305, 7668, 99804]"
112944,"[5295, 68713, 66214, 42796, 47353, 39657, 104365, 4492, 42291, 69730]"
112945,"[15363, 84544, 92187, 103973, 24042, 2139, 35590, 103847, 41365, 56189]"
112946,"[36605, 58969, 80164, 18000, 21995, 53341, 86236, 2471, 57445, 92476]"
112947,"[90920, 46159, 53045, 57295, 60017, 42915, 18136, 54925, 10085, 73992]"
112948,"[13448, 64711, 37628, 23231, 27389, 43397, 78255, 101451, 35770, 68460]"
112949,"[64304, 48998, 76396, 41391, 4745, 22681, 42325, 75511, 94820, 17838]"
112950,"[100694, 16648, 85550, 92218, 19335, 69775, 33714, 101017, 50091, 41006]"
112951,"[68252, 32966, 43101, 87486, 29299, 95538, 33504, 4822, 31477, 60515]"
112952,"[40192, 32815, 32329, 73931, 5009, 22979, 18326, 86821, 4269, 50593]"
112953,"[50156, 99538, 76402, 56349, 103670, 82883, 66755, 85199, 70129, 81101]"
112954,"[70869, 50886, 56183, 59286, 15237, 29639, 9353, 16939, 102898, 95742]"
112955,"[4411, 33213, 78690, 34140, 32486, 97228, 8612, 31308, 97860, 86172]"
112956,"[102831, 46451, 100328, 95731, 71959, 45822, 34770, 37872, 36543, 104140]"
112957,"[53552, 15599, 87903, 19028, 21918, 74082, 59560, 103083, 58462, 19107]"
112958,"[24441, 85225, 49848, 65182, 31786, 82600, 5198, 30798, 97081, 59516]"
112959,"[106535, 73051, 57310, 34076, 79777, 40112, 75643, 27378, 82933, 72939]"
112960,"[14681, 105201, 50347, 41035, 40787, 53584, 30651, 103772, 34238, 82750]"
112961,"[101711, 37901, 19872, 72965, 24728, 87432, 94587, 16661, 76360, 6579]"
112962,"[64720, 46970, 16101, 24080, 26601, 38105, 90013, 104376, 32469, 20835]"
112963,"[60012, 83935, 32821, 45820, 39027, 95411, 17759, 9446, 96077, 72504]"
112964,"[5957, 48903, 60631, 3136, 48541, 14829, 92045, 6151, 42218, 44606]"
112965,"[39985, 525, 54430, 29013, 93092, 65614, 107015, 71127, 20114, 2938]"
112966,"[105059, 38568, 102503, 46261, 65163, 23742, 61595, 5937, 89608, 72691]"
112967,"[32392, 103181, 13941, 38093, 74383, 100688, 4232, 36102, 31789, 102422]"
112968,"[98540, 35253, 54172, 53128, 30005, 68700, 69332, 70665, 79866, 88839]"
112969,"[47687, 86654, 4459, 85068, 103935, 44913, 13094, 25216, 14112, 68697]"
112970,"[8324, 24492, 26949, 8867, 73831, 86202, 103140, 25810, 62531, 104066]"
112971,"[8485, 66249, 48879, 279, 17087, 59611, 27698, 2679, 30821, 23001]"
112972,"[29525, 84878, 14961, 5508, 3351, 18072, 6346, 21298, 69583, 226]"
112973,"[91174, 17196, 12504, 42173, 43013, 103900, 34564, 58448, 84075, 32238]"
112974,"[82708, 30950, 28749, 102388, 55520, 8684, 60780, 69063, 97161, 29696]"
112975,"[13674, 82061, 77066, 93637, 60554, 46985, 8269, 69616, 6589, 10102]"
112976,"[59717, 100961, 76943, 64941, 23548, 81996, 47078, 16575, 46004, 72175]"
112977,"[96656, 52601, 24064, 51466, 17115, 80910, 78700, 61210, 10608, 15136]"
112978,"[18443, 8642, 77568, 105110, 32727, 16341, 95591, 80407, 23843, 42998]"
112979,"[108839, 62278, 5246, 51457, 84429, 32778, 42668, 97564, 53126, 34119]"
112980,"[57858, 21065, 81595, 61429, 73723, 64575, 83290, 26786, 82412, 107308]"
112981,"[107906, 9929, 39484, 62571, 46885, 90817, 16942, 94350, 40404, 19700]"
112982,"[37426, 55717, 25882, 47235, 19699, 74854, 76464, 62420, 4815, 85419]"
112983,"[650, 15623, 45969, 92149, 23110, 30369, 97691, 24268, 1684, 11358]"
112984,"[20201, 69576, 109746, 50279, 84299, 6746, 90660, 24220, 59770, 80998]"
112985,"[24508, 32618, 72378, 14997, 99968, 6028, 20381, 95663, 59624, 4429]"
112986,"[53146, 41558, 9683, 15075, 82234, 58292, 55186, 76708, 42857, 58728]"
112987,"[46651, 99640, 63671, 60987, 41825, 99970, 99401, 20010, 47762, 102049]"
112988,"[88587, 64774, 84510, 98142, 63641, 63961, 16822, 101176, 53175, 105460]"
112989,"[27257, 663, 28020, 8742, 63442, 91596, 54790, 19588, 58019, 93833]"
112990,"[97152, 65532, 47754, 82739, 43871, 36312, 106021, 61292, 56481, 71007]"
112991,"[48157, 22564, 69153, 103992, 76270, 78674, 58835, 321, 62708, 17911]"
112992,"[14100, 77800, 88822, 58711, 106537, 94348, 4241, 17679, 6384, 82617]"
112993,"[61228, 72432, 22958, 52137, 69597, 4953, 70710, 57238, 40906, 107716]"
112994,"[77148, 45464, 24506, 45882, 19528, 31467, 39, 57579, 41007, 48535]"
112995,"[17004, 31854, 22412, 75998, 81831, 14001, 93852, 104195, 104591, 19493]"
112996,"[108579, 8893, 13915, 41306, 23724, 91552, 82854, 101855, 107743, 20305]"
112997,"[108290, 19235, 35456, 66548, 20396, 100811, 88732, 53281, 47572, 27292]"
112998,"[87704, 107417, 28654, 98240, 59276, 49848, 68022, 82302, 65182, 29284]"
112999,"[105815, 1052, 70790, 4349, 24128, 75333, 55041, 39940, 81309, 91867]"
113000,"[3158, 1264, 102650, 11282, 89496, 94459, 104829, 93638, 90570, 35530]"
113001,"[75581, 76733, 7457, 50435, 77278, 24789, 78365, 69633, 5988, 95948]"
113002,"[41182, 81705, 61627, 14171, 74026, 65633, 7570, 23597, 61567, 25335]"
113003,"[74643, 79273, 28416, 77021, 57674, 85069, 80312, 49349, 18813, 72377]"
113004,"[25055, 27843, 52988, 5433, 22581, 14848, 35168, 53050, 78813, 83308]"
113005,"[93803, 76274, 98579, 30016, 99666, 76313, 17252, 52053, 87426, 91907]"
113006,"[88801, 26440, 68129, 70210, 87698, 23811, 98971, 45569, 15367, 29714]"
113007,"[44100, 3149, 39740, 91390, 14354, 18153, 97897, 43640, 106719, 73615]"
113008,"[96376, 69777, 71686, 73577, 14392, 38095, 39316, 3715, 60954, 40005]"
113009,"[23715, 1397, 11292, 85559, 2160, 11380, 17354, 42470, 3712, 30612]"
113010,"[88619, 104767, 20700, 37220, 85462, 98675, 92451, 20507, 47314, 2494]"
113011,"[27913, 96779, 12959, 62599, 38322, 30044, 4215, 73905, 33069, 49154]"
113012,"[10161, 42890, 34388, 77980, 80175, 3366, 70212, 67445, 2997, 36318]"
113013,"[22960, 27557, 58730, 55557, 24490, 106301, 101729, 86187, 25083, 5437]"
113014,"[35372, 48320, 76140, 47338, 32705, 80040, 58048, 38002, 4043, 89003]"
113015,"[103196, 100833, 87216, 64104, 74002, 29980, 44512, 107517, 104538, 13078]"
113016,"[31012, 40811, 65975, 29391, 10119, 75853, 43361, 100483, 62319, 45563]"
113017,"[840, 66829, 33051, 36861, 108282, 88375, 30150, 48585, 80012, 41999]"
113018,"[27324, 101457, 53191, 69334, 17823, 84800, 4851, 52623, 52593, 16141]"
113019,"[90876, 9431, 54185, 47485, 14721, 7717, 18563, 8722, 47074, 52197]"
113020,"[39692, 7652, 68070, 32189, 92812, 37505, 44546, 39213, 50202, 84352]"
113021,"[36421, 77491, 50464, 49315, 46566, 42110, 82887, 86723, 30169, 36609]"
113022,"[43564, 9281, 53603, 19080, 107610, 98054, 106504, 29603, 57459, 34888]"
113023,"[72577, 68430, 53866, 65827, 17840, 62860, 42089, 90228, 1367, 28422]"
113024,"[13763, 1448, 96046, 46185, 37116, 14123, 64422, 37681, 105795, 66326]"
113025,"[83656, 45018, 48244, 44596, 89179, 60916, 73479, 63211, 93400, 6880]"
113026,"[97378, 29323, 23527, 93493, 11228, 39368, 32709, 73820, 12980, 58444]"
113027,"[51862, 31690, 49154, 87653, 43457, 30044, 4215, 101290, 103755, 59260]"
113028,"[43033, 20677, 102139, 54715, 25929, 63032, 89997, 35001, 58930, 94797]"
113029,"[51879, 51750, 1762, 87748, 41797, 100628, 2280, 29257, 34064, 18148]"
113030,"[17742, 42085, 67138, 75522, 1890, 6314, 89349, 5975, 82419, 106231]"
113031,"[49041, 90697, 67045, 59646, 33333, 12396, 25770, 100747, 64292, 83934]"
113032,"[54797, 33775, 85095, 108477, 27017, 99016, 96805, 7657, 22048, 97743]"
113033,"[71700, 51018, 32699, 61332, 45819, 54441, 102918, 79361, 91713, 80804]"
113034,"[62867, 34334, 12336, 64976, 10328, 29996, 1865, 78628, 1685, 19109]"
113035,"[81627, 84000, 21900, 19665, 12212, 54353, 27472, 95745, 14697, 50348]"
113036,"[85380, 23399, 10770, 88364, 50074, 89027, 67271, 77071, 60491, 27301]"
113037,"[9406, 15304, 53568, 99109, 5224, 100407, 87913, 22446, 53387, 105116]"
113038,"[569, 28197, 91264, 95483, 15285, 8552, 105352, 42549, 40661, 40765]"
113039,"[90432, 11865, 49620, 38204, 103576, 99058, 21075, 25868, 87993, 22542]"
113040,"[101777, 57686, 31247, 43643, 35952, 70098, 44858, 96751, 12122, 22462]"
113041,"[74807, 54994, 59065, 1349, 64433, 74045, 90300, 89127, 28356, 56104]"
113042,"[83569, 42476, 104588, 99534, 86817, 11410, 99728, 33547, 91315, 32063]"
113043,"[74876, 8725, 27009, 47127, 62045, 15702, 23806, 99595, 41961, 45739]"
113044,"[28090, 24376, 64302, 15003, 30251, 7328, 33747, 96584, 64205, 73847]"
113045,"[48786, 44551, 30711, 17413, 32183, 101357, 93263, 67808, 98006, 66808]"
113046,"[21764, 73613, 40896, 78059, 37461, 103049, 49728, 29293, 65160, 51949]"
113047,"[68252, 43101, 32966, 4746, 33504, 87486, 95538, 31477, 4822, 60515]"
113048,"[102037, 6147, 532, 66562, 28301, 93075, 51979, 91499, 47096, 32648]"
113049,"[80779, 45624, 783, 47552, 102459, 58618, 85132, 108086, 105579, 33237]"
113050,"[99203, 16663, 55419, 44415, 96408, 24294, 74, 35033, 35763, 49913]"
113051,"[7182, 50897, 49382, 94698, 3350, 2952, 55935, 19346, 47946, 42749]"
113052,"[109248, 103702, 28169, 1411, 89466, 4523, 54278, 99184, 11316, 79754]"
113053,"[46485, 70294, 20689, 568, 89535, 67338, 83163, 56999, 81582, 98922]"
113054,"[55660, 107706, 77672, 107729, 102125, 94606, 91288, 8115, 103370, 42347]"
113055,"[25413, 31545, 71213, 27459, 53429, 108735, 98481, 59527, 34000, 77074]"
113056,"[9432, 102189, 41012, 21592, 51069, 50716, 80784, 45211, 5416, 62426]"
113057,"[76058, 87369, 7835, 9789, 20201, 103470, 39977, 39182, 26916, 80791]"
113058,"[32401, 26786, 26669, 65845, 90, 56985, 30667, 7941, 13186, 5176]"
113059,"[106380, 57599, 91598, 26614, 43233, 100936, 81912, 10261, 90398, 33806]"
113060,"[22366, 10555, 77273, 20881, 4393, 52693, 56841, 76742, 96148, 360]"
113061,"[13929, 460, 17768, 15537, 80196, 1406, 6776, 84709, 89170, 50424]"
113062,"[15495, 35771, 104013, 107386, 30122, 46415, 9329, 55990, 33804, 81932]"
113063,"[101611, 6335, 102268, 28399, 21441, 44068, 64973, 9351, 62138, 87285]"
113064,"[46300, 25579, 95009, 12296, 29515, 32421, 21710, 83132, 31010, 15676]"
113065,"[48291, 96647, 25047, 77324, 59618, 44425, 90568, 18206, 11640, 31319]"
113066,"[90954, 58731, 96949, 42249, 71398, 5152, 13193, 61263, 75784, 59374]"
113067,"[82218, 48940, 38195, 32580, 102025, 52041, 60175, 11838, 66432, 3320]"
113068,"[52737, 92825, 15132, 70995, 58904, 63791, 59086, 1473, 57308, 99933]"
113069,"[80145, 70183, 20617, 78973, 67078, 44950, 25324, 25870, 97970, 35737]"
113070,"[43436, 33202, 11771, 56061, 84732, 77881, 39650, 26972, 67797, 65950]"
113071,"[40245, 20055, 18003, 108629, 41492, 43981, 39401, 83572, 23689, 43261]"
113072,"[11723, 40637, 37156, 78965, 17873, 10127, 62064, 22193, 85180, 85557]"
113073,"[62218, 64636, 35872, 68311, 40958, 95483, 99644, 10553, 74942, 93303]"
113074,"[47911, 82059, 107563, 26007, 109369, 11752, 22952, 35022, 75016, 45416]"
113075,"[4462, 92029, 23983, 13468, 19796, 101400, 7470, 55553, 89132, 27331]"
113076,"[89140, 31325, 18446, 16632, 91748, 33644, 66109, 105996, 60574, 83521]"
113077,"[70078, 87515, 51602, 80793, 4447, 11112, 95686, 35031, 86533, 52815]"
113078,"[17574, 101748, 69485, 82319, 5693, 73142, 36892, 29471, 46353, 58164]"
113079,"[31633, 102387, 36005, 11335, 104641, 15757, 88918, 87009, 88236, 92702]"
113080,"[76652, 33098, 81812, 96287, 107150, 97269, 20553, 35474, 52763, 86759]"
113081,"[22634, 101457, 55616, 21671, 92974, 54483, 57467, 15616, 52673, 59779]"
113082,"[58758, 17730, 49657, 41913, 71383, 62893, 107894, 36761, 15746, 92548]"
113083,"[16272, 106030, 64478, 105669, 41185, 95344, 106363, 23209, 38303, 42687]"
113084,"[17721, 24145, 20805, 21930, 36972, 53406, 101730, 102054, 40908, 9841]"
113085,"[85491, 16361, 106175, 42592, 37717, 92925, 60176, 78027, 54665, 48911]"
113086,"[85817, 11019, 101805, 33410, 34583, 96690, 72433, 21634, 36159, 68642]"
113087,"[71722, 82029, 42893, 34453, 109164, 84960, 28811, 20293, 27575, 93032]"
113088,"[45954, 34448, 4860, 37113, 31538, 96577, 70457, 58013, 5870, 39857]"
113089,"[21941, 77223, 102183, 49410, 46243, 71221, 82037, 91070, 78470, 105343]"
113090,"[49427, 41936, 49123, 108404, 89647, 97915, 36066, 102069, 16925, 28507]"
113091,"[104637, 47442, 11158, 100432, 30243, 83216, 8002, 85033, 43125, 95838]"
113092,"[2279, 56607, 75753, 87191, 96217, 104494, 59085, 106814, 104175, 25316]"
113093,"[30509, 81416, 47010, 86831, 100955, 23261, 79409, 32106, 39865, 83543]"
113094,"[9556, 59501, 58795, 69014, 56862, 83756, 9774, 74257, 66016, 67420]"
113095,"[71331, 26494, 76994, 81454, 59281, 41830, 56262, 109219, 89288, 44127]"
113096,"[19495, 31322, 57525, 44867, 35758, 39576, 103001, 99034, 15921, 104657]"
113097,"[91726, 37955, 76425, 9538, 74062, 98962, 104295, 72123, 44864, 65775]"
113098,"[7284, 94422, 48452, 67350, 2341, 20359, 67513, 62723, 89287, 101253]"
113099,"[108366, 80269, 55150, 25497, 104359, 82728, 19191, 103136, 64050, 38747]"
113100,"[103872, 89295, 6710, 95402, 100591, 17539, 106130, 35810, 103472, 54346]"
113101,"[61906, 67013, 12842, 74804, 34460, 50152, 4608, 26658, 102755, 30287]"
113102,"[55153, 45685, 79661, 9311, 2736, 80493, 45004, 52921, 79313, 107762]"
113103,"[44522, 107718, 51284, 54139, 62745, 6948, 97256, 42635, 23349, 43070]"
113104,"[89443, 92334, 37035, 30736, 98090, 106538, 87815, 29269, 42008, 80625]"
113105,"[29740, 65608, 106635, 102967, 99019, 59906, 94930, 2505, 30889, 29747]"
113106,"[84522, 78677, 39874, 45414, 91211, 43417, 45498, 26766, 18774, 80139]"
113107,"[89285, 94610, 34963, 83542, 40877, 104521, 5593, 53074, 64570, 54077]"
113108,"[70192, 49807, 40728, 14125, 51207, 58852, 8901, 11435, 17815, 25530]"
113109,"[54081, 85073, 79035, 82340, 104603, 9461, 80144, 21041, 60258, 72785]"
113110,"[45522, 9302, 17437, 90104, 92098, 45128, 47890, 37869, 14726, 22785]"
113111,"[93236, 64319, 96832, 35022, 70359, 22043, 40733, 3992, 40764, 52362]"
113112,"[103933, 67007, 70971, 47343, 69637, 50509, 29710, 49409, 33320, 42930]"
113113,"[55613, 84649, 78998, 92108, 1622, 79858, 17135, 30800, 26165, 59999]"
113114,"[92677, 24474, 63119, 59210, 54782, 49747, 23793, 42030, 62122, 46210]"
113115,"[49990, 99379, 47147, 82246, 93815, 84406, 58724, 91432, 98196, 35108]"
113116,"[94266, 18434, 102942, 64726, 89102, 41739, 18734, 88536, 42828, 74800]"
113117,"[77381, 84083, 60247, 54022, 43160, 65629, 93161, 38445, 30503, 58296]"
113118,"[38760, 74084, 33505, 53158, 78375, 92912, 5714, 92975, 14837, 86717]"
113119,"[86297, 107009, 39179, 35584, 37853, 49885, 8143, 64092, 46397, 57278]"
113120,"[80132, 18492, 5691, 100560, 83268, 25051, 75465, 38746, 35271, 96412]"
113121,"[57931, 86798, 6374, 74398, 88285, 40636, 42657, 68307, 53937, 36824]"
113122,"[52703, 61531, 47398, 22461, 101438, 33705, 77693, 38032, 72640, 34105]"
113123,"[48568, 35430, 94842, 74843, 73351, 104547, 28822, 40734, 76318, 54779]"
113124,"[26901, 79380, 50064, 2284, 99883, 49921, 108407, 26631, 32842, 103283]"
113125,"[18730, 99133, 92790, 8951, 49350, 89775, 52350, 66843, 76541, 108658]"
113126,"[76389, 17750, 72107, 35245, 52686, 7218, 22932, 66841, 85606, 77335]"
113127,"[45754, 17189, 144, 105759, 29717, 10551, 56012, 81176, 43501, 1053]"
113128,"[73583, 94293, 109524, 29450, 73863, 32200, 66793, 21501, 60424, 67139]"
113129,"[7131, 61956, 35946, 57631, 27729, 44495, 22152, 23170, 30306, 56051]"
113130,"[31854, 22412, 17004, 44568, 107584, 55959, 85502, 105959, 75998, 100597]"
113131,"[37516, 22949, 99136, 66696, 19181, 95019, 68337, 56071, 12315, 12679]"
113132,"[88796, 5617, 82371, 62924, 72657, 75964, 50020, 83751, 8619, 32908]"
113133,"[13771, 109516, 105751, 55371, 24271, 4462, 104299, 44807, 17997, 30749]"
113134,"[79874, 106632, 97760, 38548, 68053, 98073, 102543, 79934, 62934, 65681]"
113135,"[76166, 4189, 25993, 66318, 66180, 6165, 72205, 107889, 66319, 35920]"
113136,"[101155, 37702, 49961, 98349, 30983, 103488, 14787, 107520, 55446, 47215]"
113137,"[17282, 13792, 101913, 55794, 62540, 105697, 45111, 19051, 43026, 48550]"
113138,"[72518, 55565, 97260, 52540, 47903, 69435, 45597, 50391, 32672, 54279]"
113139,"[94241, 65717, 82695, 28127, 17861, 81586, 109390, 55208, 85892, 76289]"
113140,"[5955, 99076, 13376, 50236, 47550, 107401, 102110, 77922, 56848, 18282]"
113141,"[17053, 50808, 49670, 32433, 2443, 3857, 61184, 42129, 65723, 73864]"
113142,"[20337, 9816, 73109, 79193, 108055, 45995, 108749, 80682, 41612, 20220]"
113143,"[98690, 20948, 19249, 97258, 54508, 79635, 40415, 62267, 37319, 5762]"
113144,"[44308, 64163, 95821, 36062, 98359, 68271, 74563, 49615, 21444, 16390]"
113145,"[94414, 95047, 25529, 99985, 92114, 2657, 79891, 11051, 99328, 26575]"
113146,"[42004, 9984, 32041, 13395, 55905, 48020, 34343, 2788, 109041, 42967]"
113147,"[100089, 33084, 19397, 103984, 32269, 8871, 53120, 72432, 47128, 52181]"
113148,"[45750, 95332, 42942, 68663, 74033, 59367, 56746, 872, 62416, 300]"
113149,"[73420, 19361, 105866, 35165, 33454, 30203, 57314, 38553, 4397, 13057]"
113150,"[109437, 4276, 19366, 95086, 8853, 52634, 95605, 18481, 82860, 31098]"
113151,"[30128, 30385, 5238, 40698, 22041, 90046, 10962, 78230, 24494, 98242]"
113152,"[79476, 94118, 95788, 15498, 23215, 108950, 73958, 62351, 12969, 91968]"
113153,"[36274, 68655, 80443, 73722, 47228, 12295, 61270, 16378, 76932, 72178]"
113154,"[101322, 51741, 68944, 83800, 92600, 52735, 50024, 29166, 30250, 95013]"
113155,"[21170, 32887, 98441, 72128, 64284, 78642, 42055, 84811, 5550, 70041]"
113156,"[100580, 46856, 27880, 26236, 6483, 94053, 7237, 59810, 41555, 106381]"
113157,"[80654, 65045, 13750, 38509, 17568, 51706, 48864, 51361, 46754, 31576]"
113158,"[4231, 11053, 49992, 46583, 89139, 27852, 105067, 47346, 35479, 78732]"
113159,"[11059, 88077, 5626, 89589, 4103, 88601, 86119, 58401, 82087, 36215]"
113160,"[32409, 5651, 8066, 61174, 104976, 6543, 65940, 72485, 61351, 56137]"
113161,"[28094, 4992, 41766, 100438, 97758, 10326, 6081, 68388, 96262, 275]"
113162,"[42345, 90077, 109456, 56978, 76601, 62972, 101847, 22603, 16314, 51299]"
113163,"[6579, 108375, 58455, 25161, 66218, 27733, 22288, 58532, 91305, 10775]"
113164,"[59947, 26477, 17200, 103000, 97550, 18788, 69151, 30582, 70395, 86799]"
113165,"[20825, 73551, 63937, 34051, 16798, 14182, 37291, 104445, 63056, 92908]"
113166,"[61545, 4731, 45460, 10233, 22295, 96942, 44464, 42518, 32978, 50484]"
113167,"[75092, 32737, 30382, 40127, 43694, 69122, 72000, 15672, 81012, 77614]"
113168,"[105820, 54693, 71125, 61158, 71185, 65688, 54708, 97058, 107309, 76683]"
113169,"[70940, 13878, 90916, 8013, 91161, 93638, 56935, 11344, 31060, 83975]"
113170,"[104802, 15400, 84802, 31639, 100362, 81075, 75168, 39166, 87502, 65844]"
113171,"[19549, 39110, 53951, 29569, 65341, 54738, 7874, 65647, 34793, 17700]"
113172,"[44523, 25314, 108399, 99049, 64175, 15238, 55758, 37430, 95896, 45961]"
113173,"[100346, 365, 102781, 100869, 44141, 48330, 79317, 78677, 75212, 54300]"
113174,"[65189, 41386, 20828, 10261, 28435, 104885, 103682, 24849, 63232, 56786]"
113175,"[93988, 40048, 96843, 1047, 56074, 59689, 88408, 95183, 4921, 102990]"
113176,"[9979, 93377, 66091, 87218, 87649, 37804, 24402, 2727, 74794, 50747]"
113177,"[91219, 93102, 57721, 74941, 65487, 51869, 55730, 38696, 4638, 79588]"
113178,"[10496, 62685, 92037, 96495, 55728, 43035, 56599, 88635, 84274, 98800]"
113179,"[106447, 33910, 86353, 94959, 103936, 66093, 106825, 15465, 64144, 42365]"
113180,"[67102, 81919, 83259, 68545, 77640, 49649, 51154, 15948, 103795, 37386]"
113181,"[49685, 5472, 90107, 72376, 15579, 53393, 63732, 31298, 43156, 49135]"
113182,"[14153, 19533, 55592, 25767, 50198, 3087, 52785, 50520, 27527, 91463]"
113183,"[31989, 96017, 103443, 16174, 84051, 84222, 91292, 100719, 75301, 38273]"
113184,"[36888, 34992, 79428, 24914, 86943, 2165, 4891, 75607, 48538, 48195]"
113185,"[19107, 37819, 6205, 65937, 61427, 58462, 55732, 61241, 73290, 53552]"
113186,"[32373, 61273, 75699, 75319, 86050, 56587, 72117, 7096, 95238, 11882]"
113187,"[38962, 97595, 32611, 92705, 50581, 96991, 4653, 28697, 62836, 16821]"
113188,"[2473, 84657, 81838, 103761, 87898, 49254, 33263, 4518, 93534, 84242]"
113189,"[22610, 56945, 48504, 14861, 43506, 33466, 102132, 73437, 84540, 10449]"
113190,"[62969, 93830, 67621, 102617, 78604, 70157, 75547, 44517, 56292, 17693]"
113191,"[4383, 85756, 72694, 53237, 82715, 56416, 22939, 97100, 11338, 14347]"
113192,"[100073, 34613, 52958, 43845, 14765, 50789, 24558, 72065, 12611, 108949]"
113193,"[104620, 79707, 70566, 50755, 33579, 45917, 35545, 55809, 84516, 98688]"
113194,"[99085, 72420, 9090, 7377, 35136, 19149, 70240, 91528, 77185, 96976]"
113195,"[91902, 74786, 56119, 92252, 10110, 76685, 4287, 100158, 102205, 68580]"
113196,"[87009, 88918, 36005, 104641, 77585, 27174, 109628, 66351, 102915, 7149]"
113197,"[14168, 13979, 78680, 77992, 108062, 16259, 99251, 100317, 102968, 1678]"
113198,"[29250, 92766, 65799, 22356, 91089, 7231, 52945, 77852, 542, 66921]"
113199,"[94740, 28023, 67058, 85333, 10539, 75449, 3888, 18628, 99730, 65378]"
113200,"[100780, 107904, 83052, 2167, 47151, 42034, 41297, 20004, 102647, 35008]"
113201,"[30464, 11187, 34274, 12560, 9743, 33270, 89497, 87966, 9355, 103178]"
113202,"[36254, 1481, 3227, 36344, 10671, 29674, 7935, 80533, 107138, 38569]"
113203,"[30813, 61281, 74781, 107761, 56339, 4994, 39815, 17556, 41702, 33210]"
113204,"[3656, 46933, 35120, 51819, 32988, 27018, 105721, 31760, 70778, 41971]"
113205,"[37683, 44546, 39213, 71267, 72381, 86027, 50916, 73738, 51196, 23308]"
113206,"[90323, 19084, 22746, 35354, 38897, 70444, 56287, 14749, 59456, 28582]"
113207,"[107059, 97088, 2326, 79168, 51329, 99419, 49222, 21726, 12808, 23997]"
113208,"[99645, 56608, 107459, 24037, 100300, 15218, 51931, 87468, 2774, 103520]"
113209,"[17753, 3233, 104522, 67282, 91045, 18404, 47033, 96791, 40443, 11284]"
113210,"[54200, 75926, 36413, 32747, 5098, 65054, 1554, 5096, 79385, 999]"
113211,"[70517, 974, 18019, 52058, 90054, 44066, 25924, 77206, 103780, 106702]"
113212,"[61334, 67591, 84568, 60895, 53354, 108521, 71656, 17719, 17243, 86112]"
113213,"[66185, 76873, 14421, 68453, 28946, 99840, 30906, 17657, 74168, 51737]"
113214,"[82104, 31265, 69794, 105287, 25884, 99826, 100362, 61907, 34559, 82469]"
113215,"[99737, 78442, 3949, 41631, 74473, 30686, 16811, 8308, 57244, 42925]"
113216,"[13226, 33141, 13434, 60049, 62157, 7377, 32575, 41671, 48972, 60516]"
113217,"[9316, 30327, 48716, 66759, 5232, 96962, 59253, 30714, 7587, 36281]"
113218,"[78197, 11080, 29025, 62286, 36993, 77718, 32601, 1392, 32335, 13125]"
113219,"[62295, 85313, 90127, 13596, 62280, 77166, 89830, 72231, 108208, 2403]"
113220,"[91152, 54409, 87682, 17969, 76751, 88461, 38424, 56750, 61815, 92117]"
113221,"[60667, 29914, 52056, 80154, 5758, 32982, 105254, 42578, 41216, 11300]"
113222,"[74109, 107963, 46807, 233, 51592, 96533, 49176, 10049, 33443, 92839]"
113223,"[61534, 15606, 80761, 74930, 58263, 36073, 99597, 71747, 38756, 55081]"
113224,"[1374, 105136, 96114, 23113, 28237, 35598, 99296, 91739, 13437, 48725]"
113225,"[57055, 33749, 13408, 23950, 100987, 101912, 72928, 29832, 95513, 100701]"
113226,"[54593, 106308, 93251, 28080, 55818, 8698, 107858, 49899, 55978, 48219]"
113227,"[103898, 65796, 48834, 2717, 54510, 10860, 96628, 62975, 33388, 106614]"
113228,"[15700, 24776, 46339, 37233, 55192, 98145, 37250, 84552, 71317, 3342]"
113229,"[25305, 75618, 92974, 54483, 57467, 82022, 58148, 59779, 22634, 69516]"
113230,"[13326, 91812, 89809, 62975, 107280, 79013, 2142, 1516, 105541, 48834]"
113231,"[8483, 33962, 29988, 97515, 22977, 92391, 15662, 7119, 78862, 10531]"
113232,"[94917, 107200, 82368, 31178, 22645, 8331, 54822, 16549, 109672, 10219]"
113233,"[77094, 59698, 36893, 51106, 68691, 65938, 50, 60901, 78352, 13302]"
113234,"[92728, 31286, 39848, 47316, 87933, 84466, 84613, 108210, 105540, 59289]"
113235,"[71850, 89653, 72496, 69030, 14436, 50038, 50468, 85358, 17367, 64151]"
113236,"[10256, 14035, 30435, 70288, 56603, 78926, 107273, 41823, 8288, 19352]"
113237,"[95065, 18708, 89868, 21152, 25591, 10953, 105043, 73752, 96335, 82396]"
113238,"[42752, 74997, 83146, 77632, 101594, 106855, 107535, 2192, 5948, 46053]"
113239,"[47596, 65993, 107511, 18495, 98740, 3044, 74845, 87876, 60035, 90634]"
113240,"[800, 32167, 59847, 1901, 28812, 52858, 22675, 68717, 53545, 16158]"
113241,"[102335, 62412, 103808, 21837, 102631, 19441, 96503, 93965, 61493, 3102]"
113242,"[52033, 46724, 27508, 106517, 29340, 47641, 24019, 8442, 9306, 39655]"
113243,"[101987, 28977, 34327, 81497, 54356, 12694, 43363, 107534, 97997, 20379]"
113244,"[14474, 28580, 97403, 84290, 52724, 21783, 2928, 99091, 98133, 49863]"
113245,"[8297, 54634, 19110, 43123, 88540, 59412, 10687, 49503, 95901, 95819]"
113246,"[92231, 6852, 89560, 99250, 102894, 64589, 41607, 52855, 96147, 91638]"
113247,"[75519, 7674, 60436, 66860, 39003, 92669, 11874, 106340, 105498, 87778]"
113248,"[26135, 95802, 85499, 50002, 80803, 72634, 40017, 49341, 104107, 37428]"
113249,"[74718, 66468, 89328, 25651, 15163, 100380, 57827, 2030, 48633, 78966]"
113250,"[57321, 24339, 24511, 24859, 73597, 8520, 78147, 42513, 93247, 75569]"
113251,"[11919, 10273, 45496, 34348, 58600, 96958, 23324, 64289, 91119, 108190]"
113252,"[19181, 99136, 76176, 66696, 1557, 99327, 19167, 34350, 39578, 83395]"
113253,"[4618, 6744, 57593, 89012, 53323, 34136, 66219, 68229, 107318, 57556]"
113254,"[91640, 83346, 103651, 54152, 105710, 33330, 3132, 80719, 21636, 106089]"
113255,"[35337, 87367, 44271, 72802, 26655, 6111, 74829, 94609, 79771, 17643]"
113256,"[21365, 53026, 44181, 32085, 102201, 13362, 43943, 56033, 17833, 108646]"
113257,"[16140, 102087, 19787, 85202, 62012, 85780, 23716, 9650, 82101, 47614]"
113258,"[37273, 54598, 36639, 42779, 79532, 92966, 92390, 5018, 31747, 62878]"
113259,"[21718, 39150, 108452, 51833, 65203, 94233, 20033, 53168, 50811, 43096]"
113260,"[15884, 74177, 95647, 29606, 65605, 43303, 42224, 37161, 88124, 44154]"
113261,"[34572, 96398, 99012, 6577, 98741, 34363, 98187, 67005, 106889, 53684]"
113262,"[359, 38335, 4657, 27249, 79198, 77863, 33764, 77938, 54398, 103544]"
113263,"[46315, 58095, 106396, 83350, 62180, 94334, 58395, 47819, 46702, 35257]"
113264,"[82751, 33000, 96851, 89851, 4105, 70922, 26307, 108935, 5601, 106694]"
113265,"[87435, 34262, 89191, 60804, 4688, 43238, 27975, 20848, 109261, 68844]"
113266,"[61363, 36810, 87748, 80861, 71966, 6588, 40101, 87658, 29347, 5976]"
113267,"[74302, 34442, 34638, 44696, 30338, 78511, 73658, 69510, 20579, 49606]"
113268,"[92961, 36450, 47978, 19702, 104781, 98720, 88903, 80636, 73000, 77822]"
113269,"[30502, 84436, 28908, 54960, 20586, 20214, 44206, 52318, 9291, 98193]"
113270,"[22377, 55254, 42320, 2096, 41045, 2439, 61259, 15759, 105246, 107265]"
113271,"[53482, 657, 71354, 63012, 9567, 32441, 96487, 20713, 76483, 80074]"
113272,"[69057, 108261, 97204, 106928, 39198, 91690, 65758, 105887, 66237, 16559]"
113273,"[26453, 3647, 93241, 24727, 107220, 49583, 100369, 77349, 31595, 2695]"
113274,"[102616, 94536, 38003, 35447, 71764, 10523, 50535, 48759, 95252, 94854]"
113275,"[30512, 22744, 21226, 3549, 10151, 10686, 103504, 5971, 13594, 40237]"
113276,"[44419, 21301, 81543, 8974, 93285, 39310, 59554, 72829, 88138, 1798]"
113277,"[83007, 65868, 37699, 10939, 6047, 23657, 104121, 11020, 19643, 4158]"
113278,"[7500, 76045, 56151, 104067, 88835, 57050, 90844, 95777, 40758, 58052]"
113279,"[14873, 12384, 16019, 71178, 104014, 71735, 69661, 67874, 71400, 77541]"
113280,"[2653, 44537, 35651, 78047, 4862, 82997, 65665, 107615, 93706, 67533]"
113281,"[45290, 90729, 88196, 50667, 94771, 53880, 12831, 51808, 47402, 7676]"
113282,"[84989, 55372, 54175, 50286, 31227, 85773, 71015, 52400, 67220, 91230]"
113283,"[10275, 2608, 106769, 22196, 3736, 55629, 105042, 69640, 3179, 26969]"
113284,"[74028, 104833, 100718, 89377, 61406, 58848, 109451, 55933, 13432, 2247]"
113285,"[84300, 75578, 17619, 38709, 98183, 49785, 56863, 49042, 38022, 13311]"
113286,"[47151, 10678, 52585, 45974, 4850, 101429, 100780, 27646, 49833, 106903]"
113287,"[86552, 29919, 40901, 71184, 10970, 59849, 21982, 31113, 9635, 2288]"
113288,"[4366, 82483, 105408, 42529, 7600, 79372, 91263, 68283, 42179, 49953]"
113289,"[31125, 41211, 45980, 93076, 416, 103818, 47132, 11807, 106129, 63421]"
113290,"[47360, 95921, 90364, 1296, 109518, 55932, 55674, 22431, 76927, 97156]"
113291,"[41513, 74454, 64174, 102163, 102816, 87028, 14286, 43358, 19049, 109221]"
113292,"[93865, 56426, 101924, 5897, 5558, 59912, 38554, 61111, 48611, 755]"
113293,"[93648, 36878, 16197, 29770, 32032, 60841, 19520, 109216, 83281, 45457]"
113294,"[97373, 29361, 28103, 6335, 65462, 6135, 81727, 43751, 29650, 75243]"
113295,"[65787, 39588, 64921, 58264, 45228, 17067, 3194, 102198, 65062, 2308]"
113296,"[70362, 17752, 39490, 90756, 45231, 39916, 91601, 85330, 103547, 13838]"
113297,"[30235, 100349, 75425, 53362, 4456, 63210, 44700, 893, 87983, 11377]"
113298,"[43907, 21643, 74025, 19615, 49110, 103709, 959, 79026, 64537, 106804]"
113299,"[85289, 57043, 107067, 98249, 38400, 64383, 78239, 21467, 47609, 75412]"
113300,"[26642, 88558, 107163, 79391, 101765, 46252, 75320, 2749, 62083, 13677]"
113301,"[30002, 75204, 6265, 18261, 10240, 6833, 29651, 63204, 28723, 2898]"
113302,"[24041, 107481, 10489, 30592, 106051, 48093, 72529, 26947, 5444, 17834]"
113303,"[25973, 93343, 46896, 94005, 108946, 12945, 15224, 676, 78390, 21991]"
113304,"[108015, 5687, 99237, 53861, 88631, 36706, 105230, 86959, 59116, 93800]"
113305,"[85816, 70325, 89840, 106683, 31936, 61169, 84785, 36396, 76650, 92224]"
113306,"[47065, 62470, 4990, 65383, 23249, 48005, 12411, 40127, 42319, 20981]"
113307,"[55513, 62310, 56611, 63712, 40025, 20949, 20850, 39087, 59926, 87116]"
113308,"[95746, 64132, 107668, 80151, 12662, 8491, 81027, 10317, 74621, 106048]"
113309,"[72625, 16689, 104921, 61950, 98867, 56098, 7979, 109310, 108803, 83752]"
113310,"[72117, 97184, 70389, 86050, 56587, 32373, 71429, 104454, 50872, 11869]"
113311,"[49547, 63825, 22829, 79737, 9192, 77710, 64775, 24594, 45740, 99705]"
113312,"[89900, 73719, 31065, 44810, 44980, 67617, 50025, 45589, 17810, 71984]"
113313,"[37505, 9096, 92006, 77006, 66186, 55755, 32189, 92812, 720, 29252]"
113314,"[65800, 31473, 13430, 27984, 85958, 88665, 86291, 79079, 86186, 38355]"
113315,"[41194, 75344, 52321, 29405, 30536, 14944, 37361, 36248, 84940, 71973]"
113316,"[76031, 82135, 17895, 103082, 37794, 53446, 95633, 40602, 96174, 92908]"
113317,"[49606, 17456, 22351, 76780, 83654, 34225, 47598, 74302, 34442, 34638]"
113318,"[59377, 35036, 25346, 74980, 16994, 101001, 66434, 16517, 89544, 52632]"
113319,"[82033, 42893, 34453, 79835, 109164, 20293, 8465, 13393, 72140, 4007]"
113320,"[66867, 80157, 105159, 36106, 26286, 4905, 1539, 35614, 97489, 7368]"
113321,"[97333, 1864, 40564, 106261, 95126, 9433, 108356, 93513, 27164, 100080]"
113322,"[53355, 27698, 37957, 40182, 48749, 37163, 79939, 68071, 100915, 89700]"
113323,"[39289, 39468, 20544, 43936, 36295, 82082, 92856, 104709, 97962, 4859]"
113324,"[36025, 67319, 27943, 97538, 51049, 97797, 43492, 441, 104215, 73558]"
113325,"[105112, 48306, 86819, 32914, 55437, 66941, 53957, 21563, 471, 92135]"
113326,"[88170, 103828, 24117, 61837, 96272, 85789, 106207, 31198, 94711, 1396]"
113327,"[12680, 15697, 17067, 3194, 37565, 69788, 74548, 92711, 88836, 76781]"
113328,"[11913, 960, 91345, 84217, 105705, 88792, 72682, 84725, 8609, 99062]"
113329,"[65449, 855, 55675, 17269, 62435, 33696, 3059, 89684, 88358, 106777]"
113330,"[60844, 48393, 64208, 55959, 18198, 10611, 10606, 22710, 45777, 103128]"
113331,"[90213, 99119, 14065, 91824, 22868, 56649, 73147, 84644, 19378, 36929]"
113332,"[28380, 98623, 73145, 102571, 74459, 26161, 14104, 33986, 47715, 109609]"
113333,"[97162, 5911, 40642, 63714, 82080, 31942, 35537, 34648, 45763, 21935]"
113334,"[72875, 58251, 9604, 99220, 48016, 28904, 31846, 83397, 10055, 50638]"
113335,"[31416, 25662, 86685, 5650, 64850, 29510, 106071, 55348, 106877, 6264]"
113336,"[33930, 51114, 55278, 52177, 66604, 24692, 94220, 6532, 44340, 6779]"
113337,"[62805, 105759, 29717, 56012, 62028, 108497, 51067, 38970, 17189, 18794]"
113338,"[21141, 99719, 77484, 109021, 76748, 54587, 1234, 109498, 59612, 42206]"
113339,"[55770, 104818, 65340, 44660, 19233, 93691, 71657, 104313, 44423, 70680]"
113340,"[23949, 33113, 37213, 30670, 84254, 56273, 85417, 71362, 77792, 3807]"
113341,"[68347, 45462, 41296, 23667, 92126, 26819, 21335, 47879, 65143, 28065]"
113342,"[98811, 11068, 69924, 103949, 84352, 50202, 80943, 67767, 29225, 84938]"
113343,"[43549, 104746, 41763, 69620, 26201, 85460, 85440, 75712, 105694, 83390]"
113344,"[27916, 100301, 104220, 12686, 16584, 49907, 33629, 8410, 81393, 29186]"
113345,"[14078, 4019, 11197, 40089, 103238, 37134, 43509, 50714, 74755, 38495]"
113346,"[93434, 67005, 105456, 9844, 75195, 53684, 106889, 14161, 105355, 27610]"
113347,"[84456, 86548, 104977, 75239, 108940, 23237, 94462, 28679, 108748, 805]"
113348,"[55918, 1418, 84295, 30852, 81684, 87630, 71959, 34770, 45822, 37872]"
113349,"[3509, 87258, 100214, 25791, 108824, 58421, 107606, 76663, 57005, 24819]"
113350,"[23970, 54075, 84960, 95040, 77634, 62368, 92995, 9167, 80176, 34540]"
113351,"[91855, 62307, 71920, 88674, 31710, 20954, 57202, 51384, 32263, 93748]"
113352,"[92963, 24240, 2101, 92444, 16799, 9862, 57287, 96729, 53904, 17839]"
113353,"[37771, 31506, 55407, 108274, 37227, 98096, 109488, 31880, 34632, 15673]"
113354,"[97084, 86144, 56334, 84309, 10546, 69522, 20411, 5449, 62925, 6736]"
113355,"[93549, 33338, 105551, 184, 85162, 93643, 107927, 33948, 73097, 98763]"
113356,"[87669, 53766, 88832, 7961, 61814, 7504, 55176, 98722, 105497, 50655]"
113357,"[17225, 57860, 61198, 106406, 19073, 5748, 41621, 40791, 1076, 74626]"
113358,"[77341, 51895, 29351, 42601, 29918, 90956, 93235, 80803, 72634, 78313]"
113359,"[76481, 88967, 108064, 14640, 2662, 68611, 38867, 51313, 46279, 81832]"
113360,"[41428, 20616, 73489, 84375, 109361, 29923, 87675, 85242, 78074, 63092]"
113361,"[85994, 106793, 31061, 37469, 8851, 109339, 23666, 31732, 62071, 19212]"
113362,"[60822, 34884, 88443, 104899, 62008, 13115, 90152, 56823, 4009, 101379]"
113363,"[75441, 54728, 16533, 91453, 38044, 93857, 45258, 33373, 9925, 97054]"
113364,"[63433, 61696, 67750, 18901, 11950, 28398, 28274, 66985, 21288, 36933]"
113365,"[39160, 35286, 67781, 1549, 99270, 6877, 27971, 10370, 106360, 68895]"
113366,"[78628, 31890, 12336, 70633, 13987, 1685, 19109, 79091, 39483, 67894]"
113367,"[93490, 81635, 78426, 48116, 33851, 28938, 2415, 5137, 50321, 5082]"
113368,"[36611, 96759, 105420, 61577, 59876, 4280, 95258, 64330, 32473, 103737]"
113369,"[70298, 85544, 29122, 84554, 46934, 65819, 14017, 47912, 21127, 9436]"
113370,"[68556, 16050, 98807, 13235, 17029, 95817, 101588, 30280, 83398, 51419]"
113371,"[100419, 4487, 28799, 99990, 49293, 24540, 52427, 61435, 44710, 93221]"
113372,"[97949, 84597, 21882, 17637, 12083, 66236, 44064, 61476, 57526, 69703]"
113373,"[4074, 37476, 41704, 37367, 82020, 2081, 67019, 42721, 37003, 40478]"
113374,"[44220, 62112, 9934, 90825, 11184, 65260, 92701, 56454, 52558, 12748]"
113375,"[72667, 68521, 72724, 73651, 89095, 62961, 70219, 80691, 15395, 62864]"
113376,"[30962, 52070, 100295, 4920, 20383, 87906, 82699, 22406, 12674, 18616]"
113377,"[102821, 107152, 42127, 23674, 101036, 4340, 54548, 22561, 46122, 20585]"
113378,"[78420, 2375, 104303, 70398, 41400, 83414, 96324, 21772, 63595, 7561]"
113379,"[86066, 39488, 5203, 106173, 66426, 70582, 1727, 43386, 21938, 50450]"
113380,"[82534, 77205, 16831, 107090, 52665, 13363, 31421, 48430, 48274, 96392]"
113381,"[2373, 46377, 40241, 57910, 92597, 29560, 26738, 47619, 89106, 6329]"
113382,"[65045, 38198, 45237, 54468, 66593, 4732, 3927, 25226, 47275, 96878]"
113383,"[82851, 27865, 20719, 20226, 33587, 68461, 109766, 70699, 104502, 18668]"
113384,"[39345, 78804, 23408, 75889, 107161, 39248, 32203, 31310, 97520, 92642]"
113385,"[102635, 32901, 27287, 40550, 48423, 106281, 77691, 6110, 91241, 89017]"
113386,"[82320, 41709, 34531, 90142, 77728, 54940, 55427, 58875, 66117, 1310]"
113387,"[34120, 32218, 45633, 56457, 46858, 3009, 22373, 57030, 10953, 16255]"
113388,"[21903, 37652, 57644, 42256, 44790, 84971, 3518, 19874, 84253, 8981]"
113389,"[107730, 72445, 33620, 100299, 101880, 101900, 48024, 72279, 2353, 6868]"
113390,"[64713, 81032, 94773, 77764, 47417, 23977, 42541, 35176, 34920, 68051]"
113391,"[97524, 45950, 13248, 38620, 63230, 30115, 71004, 58925, 6653, 87949]"
113392,"[46353, 67846, 39542, 69485, 3991, 17574, 28761, 85275, 79431, 46891]"
113393,"[7073, 51105, 69554, 105520, 5291, 95001, 48382, 87960, 67828, 4031]"
113394,"[25544, 108558, 15506, 56321, 4083, 55015, 6222, 45695, 14521, 97091]"
113395,"[21856, 32712, 100409, 67392, 36598, 63725, 59862, 101300, 614, 3307]"
113396,"[14903, 92496, 8579, 14811, 92100, 58708, 58629, 107994, 96433, 67577]"
113397,"[11495, 104935, 79560, 22134, 23483, 31685, 4207, 54603, 53068, 44005]"
113398,"[50708, 105570, 71900, 82399, 85885, 15595, 44792, 6474, 9131, 36056]"
113399,"[88310, 46243, 73515, 25746, 51637, 79331, 57658, 66681, 7474, 1976]"
113400,"[8879, 40088, 67553, 78461, 19858, 9403, 71838, 61422, 31122, 25623]"
113401,"[21042, 47540, 58987, 45620, 96122, 94435, 95102, 87083, 108508, 41251]"
113402,"[50700, 24354, 25567, 48920, 102998, 74837, 1673, 102051, 56237, 95452]"
113403,"[60051, 88557, 47603, 71422, 58214, 61388, 13402, 28107, 78703, 70228]"
113404,"[60432, 93058, 65145, 83719, 43046, 88422, 72605, 1130, 105471, 96301]"
113405,"[66772, 28453, 7926, 35654, 52570, 15165, 80072, 3504, 61899, 23874]"
113406,"[40221, 7851, 54795, 82579, 101420, 80111, 11832, 108033, 106909, 48442]"
113407,"[63551, 12275, 1508, 73466, 26384, 39145, 68269, 24860, 92159, 8219]"
113408,"[69187, 78105, 61011, 49162, 9453, 104273, 4233, 66244, 47673, 4288]"
113409,"[15331, 57286, 59662, 12979, 3478, 86697, 41612, 84551, 25998, 12744]"
113410,"[63356, 38361, 96128, 46895, 37713, 57622, 34550, 72100, 57393, 25867]"
113411,"[72068, 56014, 22349, 27175, 6270, 36303, 98419, 109574, 26868, 89948]"
113412,"[3576, 6736, 68762, 82963, 87338, 62018, 53412, 79080, 35291, 77696]"
113413,"[42618, 69702, 91215, 65141, 62146, 60929, 79955, 66902, 62573, 48945]"
113414,"[47508, 89418, 72227, 98401, 47110, 27352, 51967, 106726, 3036, 13447]"
113415,"[25010, 83130, 38997, 85230, 79998, 103117, 96625, 34041, 57120, 67037]"
113416,"[85648, 28720, 92520, 26974, 85105, 84695, 93086, 94065, 14985, 8135]"
113417,"[81088, 42142, 63100, 84928, 18185, 56406, 51168, 2233, 35198, 70639]"
113418,"[52112, 33759, 6232, 52562, 72351, 17928, 58888, 96033, 2001, 89380]"
113419,"[85472, 91707, 79736, 36546, 59195, 11362, 26041, 82737, 33676, 93894]"
113420,"[9023, 93864, 68427, 89230, 36143, 33644, 105532, 89850, 75352, 47464]"
113421,"[13309, 89357, 35259, 45272, 71896, 71257, 73822, 33223, 9269, 91413]"
113422,"[43007, 2018, 72395, 13369, 87819, 18299, 18792, 99965, 54502, 10695]"
113423,"[75485, 32069, 107795, 107749, 103079, 38067, 94306, 58294, 88495, 72654]"
113424,"[92514, 6598, 95752, 25921, 90986, 39012, 8007, 79558, 104875, 97485]"
113425,"[109414, 39940, 47122, 30935, 75333, 55041, 5494, 5003, 91867, 24128]"
113426,"[88215, 80042, 85084, 53359, 66826, 14110, 57089, 102722, 83174, 241]"
113427,"[5195, 73612, 74159, 42989, 44402, 43328, 76577, 1395, 105709, 28746]"
113428,"[25130, 67623, 24042, 31273, 6295, 106018, 10228, 43670, 85099, 43823]"
113429,"[22864, 21076, 38692, 15568, 7097, 84498, 56495, 72310, 62404, 41959]"
113430,"[91667, 63951, 58548, 98131, 72020, 109563, 108115, 82006, 68946, 104010]"
113431,"[43358, 62224, 52641, 15804, 41513, 12073, 102816, 99947, 64553, 30544]"
113432,"[14761, 73090, 52224, 38144, 101810, 36070, 57471, 36107, 69934, 92334]"
113433,"[108412, 57033, 76452, 39691, 38872, 106081, 92920, 11790, 51709, 29477]"
113434,"[4170, 68234, 42027, 79888, 360, 20881, 84556, 15047, 62688, 44301]"
113435,"[108036, 68113, 61556, 61305, 66082, 7583, 36819, 28928, 32034, 15346]"
113436,"[74145, 79855, 92922, 53588, 86281, 45387, 66312, 62285, 49740, 107011]"
113437,"[47998, 85454, 10511, 8554, 72408, 10669, 14991, 19262, 48969, 49814]"
113438,"[53274, 50776, 3973, 19261, 17049, 22748, 60360, 67460, 37331, 55328]"
113439,"[39198, 77705, 89933, 96461, 39492, 34850, 51080, 109618, 19472, 106928]"
113440,"[30217, 98048, 43354, 36019, 56424, 107173, 74471, 89772, 27481, 36991]"
113441,"[70355, 103542, 77072, 101714, 8672, 2501, 91787, 99831, 14144, 91865]"
113442,"[40334, 58647, 89190, 18292, 46677, 99931, 68739, 83381, 106017, 69233]"
113443,"[92439, 26862, 26224, 83012, 105939, 98328, 20604, 95146, 75241, 82833]"
113444,"[108019, 34047, 4095, 29681, 8086, 18025, 30842, 2010, 67477, 94177]"
113445,"[105164, 14260, 13703, 79168, 52069, 30947, 70583, 93769, 94344, 46944]"
113446,"[79174, 49070, 64679, 97555, 79557, 53011, 106450, 101686, 66458, 6512]"
113447,"[27660, 10060, 40448, 77673, 87375, 49174, 81414, 78183, 61135, 94246]"
113448,"[104012, 4562, 83936, 26091, 69795, 80071, 49703, 67896, 67886, 66057]"
113449,"[98159, 43583, 4362, 16799, 51006, 26636, 3976, 78408, 57653, 12467]"
113450,"[88755, 43445, 26515, 25402, 12307, 79452, 94677, 51566, 109163, 36220]"
113451,"[8213, 103639, 21955, 4818, 59533, 54914, 89060, 54027, 36034, 6586]"
113452,"[93982, 83316, 16191, 12997, 45551, 42174, 7991, 39232, 18311, 7921]"
113453,"[77267, 60991, 712, 98899, 40186, 108032, 78226, 78779, 7345, 65187]"
113454,"[58107, 91457, 18428, 87451, 20681, 35816, 7760, 28737, 25889, 40683]"
113455,"[50699, 50292, 20138, 29875, 109334, 67235, 35611, 55787, 12839, 70509]"
113456,"[46724, 52033, 20707, 29974, 106517, 72839, 68631, 31014, 47641, 29340]"
113457,"[7777, 67035, 7450, 91910, 9950, 99447, 2792, 72092, 24586, 30293]"
113458,"[77948, 11705, 80281, 80677, 17834, 12155, 937, 13499, 38367, 44832]"
113459,"[72229, 23850, 103753, 85148, 61969, 87132, 82666, 26557, 52801, 16191]"
113460,"[45276, 38327, 109744, 16311, 49350, 32547, 87758, 26397, 107573, 60653]"
113461,"[70573, 88541, 35277, 93796, 75374, 21972, 74781, 53814, 58353, 67873]"
113462,"[32236, 22995, 100204, 78735, 56205, 92066, 12470, 56013, 91049, 61525]"
113463,"[98270, 34509, 23242, 73522, 16967, 25720, 63454, 50546, 59955, 36017]"
113464,"[39705, 9736, 54033, 91800, 56544, 61140, 100377, 37021, 51535, 31092]"
113465,"[16978, 98487, 40292, 80097, 66056, 33195, 69579, 108139, 31209, 32653]"
113466,"[54320, 6085, 25858, 459, 5058, 91935, 13541, 25357, 88939, 32908]"
113467,"[96871, 49661, 71060, 62421, 60480, 59193, 87437, 40609, 66848, 81613]"
113468,"[19955, 58950, 49160, 97701, 65742, 21922, 78745, 64334, 86700, 79419]"
113469,"[29399, 50734, 67990, 18547, 7684, 36454, 46149, 71557, 100846, 58354]"
113470,"[72310, 23911, 49765, 70387, 16537, 68972, 48797, 55285, 94513, 90390]"
113471,"[98002, 18866, 106101, 93198, 15618, 16633, 5289, 23104, 7135, 15489]"
113472,"[8652, 53972, 97744, 47991, 89289, 42874, 28087, 44588, 96508, 102843]"
113473,"[45835, 27120, 24138, 43242, 14649, 50703, 76686, 86687, 21267, 67537]"
113474,"[63311, 57671, 35367, 42166, 24347, 69669, 100533, 60650, 65124, 9276]"
113475,"[71015, 71174, 66125, 31227, 91230, 67953, 20040, 75046, 106709, 6362]"
113476,"[89663, 35806, 12474, 94789, 17668, 25382, 85036, 60477, 100828, 28188]"
113477,"[65243, 16514, 52150, 30317, 55345, 37104, 83888, 96670, 3383, 45821]"
113478,"[4666, 91913, 15347, 104333, 22084, 57285, 20740, 15572, 59594, 45937]"
113479,"[66478, 26081, 90385, 46290, 11562, 97217, 17960, 72814, 89848, 9344]"
113480,"[97819, 85497, 17703, 8820, 75914, 95242, 71138, 20861, 71232, 82013]"
113481,"[47957, 15566, 5530, 28900, 76556, 36905, 92067, 56727, 803, 35619]"
113482,"[44236, 90022, 85064, 67437, 34300, 28317, 77952, 43061, 103912, 9441]"
113483,"[62784, 24984, 68368, 97384, 40148, 34975, 22876, 95938, 97334, 99564]"
113484,"[86357, 109344, 68563, 49942, 465, 8278, 735, 11992, 73064, 68608]"
113485,"[30224, 73151, 109231, 51520, 49695, 43811, 66099, 44222, 85675, 60683]"
113486,"[90985, 50689, 9438, 70133, 46947, 22439, 35543, 34010, 101081, 100433]"
113487,"[76665, 99250, 62223, 22570, 34882, 62403, 38672, 82931, 64589, 41607]"
113488,"[18678, 52793, 54114, 94930, 2505, 29747, 24564, 38076, 68014, 29740]"
113489,"[90202, 100126, 11209, 20730, 104533, 44007, 27164, 97380, 93513, 35499]"
113490,"[11482, 24152, 31953, 48765, 99473, 91196, 108126, 42728, 54567, 24914]"
113491,"[31557, 20265, 22076, 74964, 102828, 55067, 50741, 71013, 41337, 52360]"
113492,"[91600, 4539, 38478, 95533, 2739, 102601, 4672, 102421, 108878, 108707]"
113493,"[86731, 67689, 103034, 102845, 88259, 105831, 23059, 108340, 75106, 40181]"
113494,"[98928, 69513, 8208, 94974, 90717, 94662, 27160, 46701, 41517, 66563]"
113495,"[20183, 107729, 102125, 75158, 104647, 106367, 27848, 109088, 20420, 65836]"
113496,"[54446, 29649, 34038, 48825, 55011, 53976, 50691, 92500, 77034, 37514]"
113497,"[28941, 36361, 23625, 33457, 19156, 76429, 57032, 16273, 88716, 88520]"
113498,"[22574, 58269, 17597, 96484, 20708, 107360, 107008, 102693, 65167, 32286]"
113499,"[28556, 51462, 16523, 82047, 77899, 46577, 9878, 7568, 108766, 49094]"
113500,"[78872, 16236, 22200, 84812, 77098, 22038, 99078, 32195, 57716, 102225]"
113501,"[98907, 76461, 61558, 80028, 6099, 35493, 104513, 93022, 96787, 33519]"
113502,"[28799, 20473, 100419, 4487, 99990, 49293, 24540, 1014, 101112, 48828]"
113503,"[4811, 17850, 53483, 33197, 42777, 10611, 80455, 91374, 100477, 92670]"
113504,"[105072, 68985, 89058, 64249, 61834, 11716, 85894, 30706, 18128, 96697]"
113505,"[41228, 1149, 43963, 50752, 66765, 86313, 74112, 87551, 98961, 93353]"
113506,"[58346, 54716, 11463, 83691, 59283, 15372, 96152, 88845, 102273, 68659]"
113507,"[68498, 50874, 25343, 56430, 11305, 52857, 70557, 8744, 3419, 61665]"
113508,"[22153, 64003, 2447, 62142, 109489, 49804, 23593, 70071, 79416, 85688]"
113509,"[78099, 57112, 4637, 103895, 71881, 41733, 76848, 58357, 5199, 79643]"
113510,"[73778, 23195, 108335, 88099, 105468, 3437, 98040, 13458, 68036, 107444]"
113511,"[6846, 68495, 57518, 89925, 84258, 89002, 6261, 39371, 83030, 20942]"
113512,"[79486, 26213, 6327, 4806, 95221, 97748, 90946, 44428, 60087, 26247]"
113513,"[55310, 4283, 83387, 58044, 64629, 6191, 57851, 3486, 82157, 85268]"
113514,"[66573, 102852, 72809, 77692, 103062, 10950, 48432, 49209, 29305, 105293]"
113515,"[32512, 36484, 44501, 61750, 11657, 85197, 70353, 88272, 109736, 22997]"
113516,"[32346, 50792, 35515, 59108, 36722, 102864, 58232, 19212, 97277, 16404]"
113517,"[54533, 24966, 57116, 24462, 53780, 97870, 100687, 79462, 8884, 71069]"
113518,"[62336, 95321, 17783, 25222, 66833, 31515, 67011, 38000, 18877, 39566]"
113519,"[66560, 38200, 55386, 34160, 13644, 18742, 63719, 36431, 61330, 97189]"
113520,"[52173, 19185, 27713, 55080, 51441, 7013, 97753, 108831, 66762, 97456]"
113521,"[92975, 64298, 22907, 29966, 45989, 16686, 97024, 40974, 52112, 77470]"
113522,"[20778, 87250, 36336, 55749, 84909, 97097, 62159, 64798, 35925, 81110]"
113523,"[69961, 27630, 45524, 40718, 19147, 61795, 43652, 27835, 62610, 5112]"
113524,"[44287, 34832, 65530, 93694, 63621, 81169, 94262, 50200, 76874, 31745]"
113525,"[83458, 93648, 55468, 34921, 106708, 4909, 107812, 33143, 41988, 55379]"
113526,"[42514, 49961, 106717, 101155, 59184, 54295, 39792, 77919, 98143, 37702]"
113527,"[629, 68039, 85031, 4740, 55330, 20827, 105543, 39343, 87695, 50546]"
113528,"[104804, 99035, 96043, 54340, 66707, 102397, 2059, 89708, 52831, 57429]"
113529,"[42429, 32497, 52321, 103334, 8198, 94498, 78922, 19842, 69746, 26736]"
113530,"[101137, 72689, 82420, 84212, 66925, 51893, 46535, 21184, 11778, 16053]"
113531,"[43563, 83375, 23883, 34002, 6169, 93360, 8598, 74054, 58669, 71942]"
113532,"[16079, 100852, 97650, 64325, 103003, 69092, 90382, 33992, 61810, 9216]"
113533,"[88461, 91152, 107134, 86832, 72131, 65474, 43515, 54409, 39413, 61217]"
113534,"[92975, 106220, 72637, 29276, 81645, 51367, 60784, 16627, 63538, 96099]"
113535,"[108098, 106506, 35228, 96233, 20742, 4593, 31735, 109104, 51320, 27961]"
113536,"[25473, 24265, 66612, 77313, 52198, 71165, 104195, 93852, 101964, 70302]"
113537,"[69260, 70324, 76713, 1980, 89476, 42378, 59743, 64187, 2779, 59149]"
113538,"[5247, 20362, 98939, 36242, 10928, 18822, 68798, 68306, 55736, 53800]"
113539,"[67224, 26532, 70841, 82295, 18196, 914, 107812, 4178, 33402, 47061]"
113540,"[21443, 104912, 105757, 31631, 81728, 96753, 54372, 26773, 97281, 69918]"
113541,"[57038, 101220, 40900, 27554, 101273, 15278, 48189, 79580, 100540, 109769]"
113542,"[107373, 49917, 99160, 105996, 96774, 101079, 18435, 69853, 83804, 2854]"
113543,"[8279, 53918, 78668, 92258, 59939, 82567, 46039, 65787, 6438, 64921]"
113544,"[24229, 11523, 99287, 31673, 59572, 68010, 58425, 45832, 54116, 40152]"
113545,"[45516, 53045, 79417, 80042, 381, 19296, 92303, 89305, 10085, 3975]"
113546,"[60073, 39070, 25900, 91861, 10506, 84531, 457, 83108, 82165, 50440]"
113547,"[52451, 89884, 91242, 62735, 95482, 95545, 64005, 4281, 45320, 102338]"
113548,"[3117, 65027, 98590, 82756, 43357, 106097, 46485, 10214, 12370, 105706]"
113549,"[19089, 81413, 6200, 9767, 107150, 33098, 86759, 54170, 99502, 83099]"
113550,"[71591, 37262, 98961, 20119, 73638, 23881, 28543, 23750, 106767, 5088]"
113551,"[97696, 106932, 91298, 92578, 108198, 51722, 86604, 10757, 84270, 10770]"
113552,"[42613, 94990, 74978, 9922, 101102, 21937, 40394, 105364, 79135, 101345]"
113553,"[82104, 31723, 25884, 34559, 61907, 82469, 94064, 39166, 69794, 15400]"
113554,"[93214, 89455, 96886, 47792, 45995, 18516, 66150, 12632, 68280, 2970]"
113555,"[85525, 1772, 35059, 52331, 85188, 72815, 95003, 8140, 29670, 30264]"
113556,"[81910, 102806, 12255, 107481, 38367, 97712, 5891, 40274, 15765, 68136]"
113557,"[89600, 43603, 70076, 68722, 14639, 14576, 100336, 73571, 51961, 46296]"
113558,"[51068, 49094, 7568, 70190, 23533, 76849, 53565, 48254, 9878, 108766]"
113559,"[101141, 67198, 40071, 68080, 62382, 7993, 96235, 24546, 52614, 33511]"
113560,"[46008, 12267, 57276, 23716, 14788, 80400, 1351, 48508, 85083, 92089]"
113561,"[53054, 83034, 87921, 101697, 68162, 92495, 88545, 89787, 88998, 73126]"
113562,"[27118, 79895, 88602, 32716, 64394, 97031, 58056, 80939, 46403, 28829]"
113563,"[92675, 25897, 77834, 56383, 32978, 63957, 65089, 104053, 65494, 33111]"
113564,"[11685, 48251, 48067, 42241, 29363, 42231, 5732, 50561, 49669, 10549]"
113565,"[7335, 87182, 89969, 20197, 56239, 35868, 15641, 55789, 57785, 2395]"
113566,"[17322, 6849, 19569, 88207, 59121, 38283, 93457, 89696, 7388, 47451]"
113567,"[29561, 75464, 87916, 21015, 94703, 18886, 38713, 18475, 29877, 28639]"
113568,"[53301, 68309, 86270, 24905, 36558, 56543, 30240, 95720, 98578, 57268]"
113569,"[52173, 29036, 81615, 89655, 67906, 71409, 36294, 741, 66292, 94788]"
113570,"[10339, 17885, 106959, 11766, 36677, 75009, 34806, 20719, 77029, 2461]"
113571,"[68918, 58723, 67656, 89489, 76757, 7209, 13831, 36124, 85166, 108764]"
113572,"[97986, 10378, 9111, 11650, 107350, 56634, 15251, 65801, 75604, 85221]"
113573,"[37687, 22599, 36608, 50311, 84581, 28727, 29381, 8647, 92645, 37664]"
113574,"[97820, 36702, 32140, 48015, 20749, 52775, 66658, 7662, 85848, 49561]"
113575,"[43915, 97082, 86125, 74058, 74603, 52754, 83844, 86319, 76149, 93186]"
113576,"[98652, 17186, 87377, 61001, 65272, 80308, 67976, 107389, 28918, 32681]"
113577,"[17006, 36896, 59445, 90633, 10367, 54793, 8821, 74817, 100254, 40987]"
113578,"[107327, 41183, 92892, 87345, 68922, 43954, 49077, 19759, 47891, 12200]"
113579,"[106336, 55138, 36731, 59075, 92239, 84238, 58075, 75296, 36867, 52136]"
113580,"[96700, 69110, 62645, 26452, 57302, 56613, 18061, 11207, 66924, 7813]"
113581,"[94328, 87423, 1550, 100173, 34158, 76354, 46963, 101141, 5140, 94359]"
113582,"[56013, 38109, 60521, 58382, 92066, 31313, 101260, 14705, 67579, 22098]"
113583,"[108675, 70869, 50886, 2620, 107517, 12123, 74002, 29980, 2414, 48443]"
113584,"[83969, 101649, 27435, 41093, 80557, 29679, 25030, 73584, 37693, 4624]"
113585,"[76753, 92814, 81933, 74678, 27769, 8627, 11508, 108365, 72427, 67632]"
113586,"[11453, 2711, 57387, 96322, 52922, 90602, 24278, 57242, 102101, 85006]"
113587,"[41990, 3405, 663, 1812, 19431, 28364, 26722, 10141, 65171, 19588]"
113588,"[21695, 20889, 32470, 41219, 93402, 4606, 56364, 105395, 29447, 17754]"
113589,"[73404, 49419, 67652, 91343, 81402, 29204, 76832, 96161, 57985, 74470]"
113590,"[80205, 98564, 104048, 79383, 102735, 55841, 4736, 28968, 68965, 82823]"
113591,"[89415, 77380, 47499, 60304, 64592, 56818, 80166, 43663, 99709, 34646]"
113592,"[31787, 49700, 49864, 66975, 83373, 109462, 100599, 26912, 48164, 94735]"
113593,"[92207, 68854, 1693, 84340, 18087, 48423, 29321, 10535, 48735, 39976]"
113594,"[79779, 5061, 69243, 43339, 1955, 97872, 25199, 3672, 41021, 83095]"
113595,"[28787, 7178, 24645, 61858, 16145, 72896, 100461, 43756, 96859, 17965]"
113596,"[94192, 7311, 78511, 50246, 46533, 109006, 49418, 83654, 54229, 66384]"
113597,"[37361, 32797, 41780, 79608, 60750, 90223, 72134, 58652, 19500, 72817]"
113598,"[106537, 71762, 109201, 92353, 56304, 14100, 13615, 64059, 67297, 15255]"
113599,"[76983, 109068, 91256, 1043, 105639, 7709, 21201, 30889, 74452, 45773]"
113600,"[37802, 39137, 62002, 16929, 41125, 48117, 60990, 61011, 10048, 73260]"
113601,"[26616, 30062, 37924, 107464, 88839, 82384, 44307, 49442, 72226, 68975]"
113602,"[49775, 97865, 102390, 65537, 31622, 66064, 87289, 51634, 53142, 36229]"
113603,"[13790, 104565, 25803, 45286, 42798, 23946, 103840, 12768, 73442, 64653]"
113604,"[42180, 51665, 10236, 91900, 4072, 32197, 50313, 7333, 80240, 76066]"
113605,"[47291, 75681, 79928, 56604, 3308, 7579, 105585, 53229, 58250, 93762]"
113606,"[53949, 28739, 81476, 62431, 100943, 96546, 30301, 97772, 19563, 81743]"
113607,"[85195, 102819, 52770, 40040, 80159, 39274, 72495, 50927, 107866, 99742]"
113608,"[96656, 69888, 2586, 95017, 65546, 36125, 106138, 73261, 52601, 88754]"
113609,"[76287, 66486, 88977, 16744, 38677, 59347, 45853, 76333, 34931, 33622]"
113610,"[61254, 94830, 19800, 65414, 11656, 85657, 84759, 80867, 5537, 48034]"
113611,"[35984, 89059, 41674, 43442, 30070, 71604, 106258, 90646, 23515, 98955]"
113612,"[50789, 14765, 52958, 34613, 78121, 61647, 77860, 24558, 67440, 51743]"
113613,"[30565, 46438, 5952, 84946, 57642, 105070, 34403, 23346, 22221, 9964]"
113614,"[27790, 78744, 64061, 32894, 72682, 99062, 91888, 84217, 20772, 105705]"
113615,"[49824, 90992, 99079, 57956, 58975, 32460, 101072, 28097, 12047, 33941]"
113616,"[72456, 109076, 20671, 9939, 79054, 13956, 28108, 21508, 48627, 47335]"
113617,"[90969, 26184, 56040, 22487, 89880, 26249, 15984, 89747, 81065, 28402]"
113618,"[52468, 89184, 109330, 31097, 70888, 99526, 10518, 20697, 93627, 36027]"
113619,"[66465, 62922, 69552, 98471, 21329, 28701, 108193, 31487, 38035, 5047]"
113620,"[5536, 97394, 95970, 105400, 7789, 41904, 7926, 97790, 33604, 61899]"
113621,"[31821, 34377, 57660, 75660, 56602, 105998, 92746, 108156, 98642, 13754]"
113622,"[52964, 82986, 60758, 24428, 37380, 104498, 80906, 80903, 95788, 41816]"
113623,"[76200, 4193, 24302, 66527, 20960, 100320, 94441, 88802, 36137, 62710]"
113624,"[78704, 72143, 94084, 45045, 17062, 104068, 32891, 106575, 22050, 68377]"
113625,"[88191, 94714, 90960, 44656, 63814, 92561, 61822, 39187, 7863, 46269]"
113626,"[98680, 74576, 46155, 76782, 104392, 74798, 104296, 11077, 75173, 56427]"
113627,"[79500, 25630, 97112, 93007, 17153, 1364, 85691, 55457, 23119, 67684]"
113628,"[38165, 26875, 62378, 85030, 50084, 95716, 44555, 11269, 70928, 72900]"
113629,"[74041, 37381, 94590, 20793, 40691, 77847, 49359, 83578, 102286, 65240]"
113630,"[87607, 40312, 30086, 41009, 13101, 22803, 79155, 81939, 47199, 72813]"
113631,"[9822, 64146, 37204, 61528, 93998, 74886, 16060, 7287, 21208, 98142]"
113632,"[11630, 18150, 26223, 50978, 79618, 79920, 52914, 77567, 103623, 73339]"
113633,"[106063, 43448, 97638, 6926, 13740, 13463, 13994, 56441, 56493, 63247]"
113634,"[39600, 87415, 28211, 30603, 65584, 102456, 27886, 19703, 28761, 41343]"
113635,"[26635, 93276, 102786, 26016, 45993, 18239, 89483, 2094, 90732, 73681]"
113636,"[44325, 5591, 12442, 1255, 74114, 108873, 37295, 101870, 88257, 106477]"
113637,"[8895, 90490, 64141, 67795, 40743, 37561, 42733, 4983, 97765, 64057]"
113638,"[106139, 88921, 59839, 101615, 82624, 54794, 48739, 40247, 20533, 62912]"
113639,"[35554, 50337, 101756, 23678, 684, 67260, 91520, 41533, 103685, 67929]"
113640,"[30534, 47797, 60907, 54798, 52913, 7008, 8980, 59200, 34698, 58922]"
113641,"[25311, 7734, 78206, 89239, 36625, 30526, 1861, 27314, 37982, 68386]"
113642,"[59528, 8148, 78160, 108166, 52118, 25500, 94853, 24463, 76831, 46384]"
113643,"[1921, 46232, 26122, 74079, 47860, 90670, 74760, 54096, 53926, 47459]"
113644,"[73453, 65320, 62432, 96211, 29656, 9253, 90714, 11290, 46496, 27585]"
113645,"[16168, 67010, 23935, 82273, 35331, 61571, 43595, 68880, 109644, 52385]"
113646,"[83442, 50474, 44941, 73717, 45544, 83711, 107473, 101128, 38591, 46165]"
113647,"[19624, 34517, 7138, 8574, 81526, 95192, 31381, 9284, 65571, 20509]"
113648,"[18187, 87969, 36153, 28144, 10782, 8597, 100859, 71503, 59258, 69028]"
113649,"[2926, 19108, 9494, 8546, 16782, 94519, 23092, 93966, 58776, 4100]"
113650,"[14945, 4110, 32196, 107376, 42676, 49748, 89385, 3680, 33734, 7060]"
113651,"[33625, 72026, 84297, 67730, 85677, 57759, 8300, 73827, 94519, 23092]"
113652,"[18602, 56803, 93820, 29654, 68926, 98684, 47611, 107869, 15356, 24491]"
113653,"[30556, 24217, 59637, 35915, 105842, 85856, 99390, 105299, 30864, 38300]"
113654,"[45964, 56993, 98004, 57548, 27900, 2982, 17218, 103768, 60892, 32670]"
113655,"[68919, 2428, 106762, 48886, 30183, 42888, 108265, 19307, 94339, 71759]"
113656,"[104088, 82781, 6002, 35230, 97381, 63294, 3891, 47117, 55375, 63286]"
113657,"[97471, 23662, 105218, 47133, 12039, 8093, 81808, 29230, 401, 41970]"
113658,"[95468, 93643, 104393, 73097, 70102, 10409, 22807, 40738, 50005, 18062]"
113659,"[3368, 41947, 37159, 46901, 102944, 91976, 28970, 49682, 102550, 91833]"
113660,"[89940, 87206, 24963, 30589, 44967, 10942, 58311, 36, 62611, 77276]"
113661,"[81473, 29825, 90545, 77173, 60100, 25991, 67033, 43558, 3671, 39188]"
113662,"[71579, 42257, 100463, 2150, 22022, 36176, 93713, 43495, 51533, 69114]"
113663,"[34424, 21854, 45967, 91501, 12456, 70110, 6442, 67854, 37509, 72397]"
113664,"[85799, 46071, 2913, 46709, 33031, 45545, 76830, 51447, 101644, 88292]"
113665,"[18099, 37572, 52341, 30392, 74061, 91927, 34938, 82796, 10172, 6676]"
113666,"[36357, 30940, 59987, 57061, 42387, 71740, 18542, 15908, 17572, 63647]"
113667,"[104559, 18225, 107330, 86387, 41814, 96362, 93031, 72594, 98370, 22790]"
113668,"[47873, 8294, 93806, 85959, 83557, 46520, 55595, 85121, 57757, 104945]"
113669,"[13516, 64547, 25112, 33216, 67909, 1779, 45720, 82011, 56470, 3325]"
113670,"[78871, 78469, 18408, 42638, 50930, 50162, 88205, 75311, 41946, 107157]"
113671,"[5526, 103891, 61013, 14661, 49286, 79465, 13, 26715, 27802, 5762]"
113672,"[31139, 53345, 87693, 6, 51666, 92356, 37896, 2255, 9139, 9907]"
113673,"[58224, 44876, 20339, 19856, 25606, 53890, 45883, 93039, 29749, 69573]"
113674,"[34740, 9084, 35184, 78837, 51258, 90352, 55480, 90051, 48888, 72993]"
113675,"[71041, 47731, 3912, 63326, 42838, 97316, 42306, 95173, 27455, 6241]"
113676,"[44176, 22323, 38208, 103918, 109321, 37235, 11763, 75487, 20823, 14504]"
113677,"[32115, 22207, 3241, 15914, 9773, 90070, 63933, 104433, 60054, 100597]"
113678,"[19535, 72549, 82601, 75843, 39129, 61031, 107234, 99667, 67696, 106674]"
113679,"[2226, 3111, 54623, 35371, 19655, 36060, 43762, 79105, 37716, 54872]"
113680,"[14054, 34648, 95167, 59088, 40699, 82080, 47592, 8406, 31589, 5911]"
113681,"[74307, 87936, 78132, 99764, 82922, 90952, 30011, 23886, 33252, 52324]"
113682,"[57264, 42295, 52509, 105298, 29011, 57585, 82912, 59071, 30078, 3249]"
113683,"[66012, 13561, 62651, 73487, 77629, 84336, 11216, 89297, 56385, 104717]"
113684,"[103798, 63619, 14440, 64625, 78198, 555, 10072, 52727, 100673, 51372]"
113685,"[16839, 96935, 29116, 64489, 90903, 18996, 86, 29804, 77304, 13089]"
113686,"[16053, 21184, 10758, 8388, 89259, 68244, 98383, 107139, 103945, 39508]"
113687,"[102949, 92897, 78210, 86026, 37405, 3449, 66839, 30431, 56433, 13833]"
113688,"[2559, 42029, 99553, 90397, 48206, 80255, 5884, 15451, 61657, 18954]"
113689,"[67954, 77964, 77731, 61169, 67059, 106683, 87937, 36396, 61196, 76931]"
113690,"[19131, 24803, 43967, 22695, 109484, 92651, 62280, 41380, 41029, 51740]"
113691,"[100172, 36393, 1995, 37468, 76020, 9770, 84530, 97429, 44915, 53962]"
113692,"[72682, 22735, 20772, 27790, 78744, 64061, 5461, 8609, 99062, 65820]"
113693,"[102157, 81671, 70504, 53290, 50735, 16635, 5010, 53073, 81542, 40256]"
113694,"[85995, 90026, 59121, 38283, 93457, 78605, 83432, 3357, 215, 54958]"
113695,"[30255, 102755, 30287, 91113, 84532, 22092, 68602, 88650, 31873, 62081]"
113696,"[55994, 58519, 53986, 103952, 9129, 98135, 95596, 61369, 58650, 22075]"
113697,"[99019, 59906, 56220, 88345, 76983, 16206, 15173, 52051, 103452, 15738]"
113698,"[54742, 105121, 56798, 106116, 103331, 47515, 61096, 13303, 5654, 82400]"
113699,"[76035, 90398, 106380, 96948, 33806, 60800, 43291, 85018, 97388, 2869]"
113700,"[103967, 67124, 57439, 104785, 53839, 12531, 90176, 84662, 94312, 57406]"
113701,"[48669, 106221, 32879, 91418, 25455, 10942, 67414, 40826, 18040, 44425]"
113702,"[53541, 15773, 13328, 86389, 43760, 26285, 108391, 78366, 72498, 105960]"
113703,"[101803, 6127, 42480, 55372, 4296, 44316, 64735, 46585, 49167, 88598]"
113704,"[18899, 34367, 38036, 72855, 41106, 60583, 1235, 77398, 107958, 28368]"
113705,"[85868, 37254, 31218, 59927, 32995, 102640, 37694, 75101, 85410, 27230]"
113706,"[35153, 49817, 16763, 33586, 104619, 8699, 93382, 11714, 101378, 71874]"
113707,"[18251, 62817, 30895, 75594, 52085, 10338, 74027, 34855, 95234, 69422]"
113708,"[94171, 57820, 78296, 64446, 40615, 102886, 34999, 31500, 109613, 11089]"
113709,"[80873, 63793, 65899, 86767, 23169, 101106, 98015, 67358, 72636, 27488]"
113710,"[72059, 3938, 51542, 21708, 34162, 6209, 61473, 29741, 38206, 56004]"
113711,"[59216, 22796, 12359, 108281, 75062, 46423, 18182, 104824, 52860, 65946]"
113712,"[54891, 69239, 39512, 91080, 80121, 5158, 107943, 67487, 98978, 72418]"
113713,"[56002, 109418, 13693, 3605, 11074, 17444, 104255, 89826, 20559, 90780]"
113714,"[81530, 67698, 179, 38530, 36966, 84655, 50641, 83404, 73814, 101921]"
113715,"[9163, 85574, 16105, 28363, 47771, 79093, 33850, 107577, 29224, 90799]"
113716,"[44369, 105199, 33826, 17727, 64062, 38828, 53133, 76543, 58036, 69556]"
113717,"[5530, 36905, 11615, 20465, 15566, 54476, 47957, 96676, 85831, 12417]"
113718,"[104450, 81557, 37570, 107806, 6982, 41749, 36349, 30586, 34986, 93919]"
113719,"[65132, 10100, 20141, 54294, 99481, 101101, 13348, 27076, 79509, 83428]"
113720,"[68082, 50736, 47125, 8327, 34722, 48641, 73192, 80081, 85583, 7226]"
113721,"[46134, 10566, 40756, 104326, 701, 30028, 29245, 8171, 49707, 44930]"
113722,"[71948, 99166, 66972, 106727, 63718, 10963, 32848, 78394, 19127, 9140]"
113723,"[84955, 5277, 32051, 37552, 85522, 107880, 16326, 52218, 57898, 83690]"
113724,"[105922, 51959, 23857, 21088, 19865, 107872, 10676, 11064, 75840, 55908]"
113725,"[47350, 35241, 91162, 24896, 22195, 8581, 4711, 65798, 818, 56088]"
113726,"[46288, 33524, 22984, 42435, 72244, 105041, 90524, 96040, 15900, 42962]"
113727,"[11420, 18401, 12147, 47901, 998, 102894, 100253, 14943, 78846, 105736]"
113728,"[86835, 62519, 21560, 92658, 66087, 69382, 92324, 66760, 9231, 53813]"
113729,"[66032, 75303, 47721, 73266, 50260, 105780, 20360, 4874, 82339, 60992]"
113730,"[29470, 14079, 32864, 31503, 94620, 41039, 591, 14921, 58074, 2665]"
113731,"[11249, 63286, 12695, 97067, 10281, 44498, 35469, 88896, 58284, 7148]"
113732,"[66970, 3430, 16899, 11102, 43272, 74169, 61672, 95151, 7523, 36478]"
113733,"[108743, 16262, 8666, 31651, 77450, 73628, 98298, 29455, 26781, 63339]"
113734,"[88591, 27477, 43282, 69854, 76277, 84577, 78563, 49408, 28869, 27109]"
113735,"[27231, 57807, 87757, 67287, 735, 101052, 3077, 13803, 28917, 88798]"
113736,"[24358, 14480, 70511, 18882, 102667, 47521, 20446, 11824, 39918, 94015]"
113737,"[78294, 35346, 22996, 17176, 19138, 27485, 89030, 85837, 36080, 65311]"
113738,"[16591, 99187, 7322, 56658, 108431, 4045, 70502, 27436, 72603, 83559]"
113739,"[86320, 62430, 93986, 101053, 80967, 19310, 58034, 5176, 105409, 87784]"
113740,"[43103, 48540, 97108, 55810, 20244, 99504, 15211, 39669, 96648, 96867]"
113741,"[44973, 77921, 49942, 465, 78717, 1910, 94377, 52664, 98849, 95755]"
113742,"[87178, 25129, 11411, 76739, 38437, 98096, 54676, 60837, 6107, 2171]"
113743,"[6964, 28816, 1191, 109526, 97575, 1185, 16124, 3870, 27222, 2573]"
113744,"[89873, 83108, 47409, 90318, 33523, 97547, 82165, 26554, 76649, 68491]"
113745,"[19215, 7497, 57361, 2639, 22943, 35942, 22187, 9430, 2512, 40346]"
113746,"[71818, 16373, 92630, 89646, 18629, 103637, 38083, 83371, 93282, 94778]"
113747,"[108977, 27050, 3574, 13134, 41580, 100796, 67853, 19294, 83551, 84046]"
113748,"[19522, 105419, 78828, 92016, 18805, 10215, 47419, 53204, 35801, 19005]"
113749,"[4204, 739, 106013, 88869, 100974, 98293, 109480, 29742, 41765, 33743]"
113750,"[68772, 98527, 90195, 48804, 74758, 10225, 58227, 79195, 96818, 98489]"
113751,"[6486, 6175, 92486, 71215, 68153, 69683, 54519, 76169, 58349, 19587]"
113752,"[25711, 17924, 50550, 56185, 65813, 27087, 71291, 39939, 85586, 48568]"
113753,"[31103, 74222, 62116, 30958, 95929, 39543, 40905, 65932, 101283, 105805]"
113754,"[37693, 105964, 45524, 69772, 70277, 46788, 86292, 72540, 47905, 41093]"
113755,"[36275, 47829, 96134, 74739, 44502, 78892, 34998, 49784, 83852, 69357]"
113756,"[40186, 7345, 106569, 78779, 77267, 108032, 78226, 20621, 65858, 98590]"
113757,"[7263, 62492, 52564, 66268, 55770, 89066, 40057, 4437, 19223, 57451]"
113758,"[90203, 86722, 53197, 84552, 28266, 75411, 36101, 94710, 76215, 57823]"
113759,"[54625, 90439, 105738, 93105, 61117, 13314, 102401, 10080, 48358, 59832]"
113760,"[1053, 98995, 74937, 10551, 25608, 26695, 62028, 108497, 61790, 48171]"
113761,"[100625, 93182, 85572, 59548, 84293, 30677, 105180, 28864, 11258, 85161]"
113762,"[20058, 62123, 90010, 24331, 102464, 92023, 15877, 47348, 101145, 108167]"
113763,"[5259, 55071, 34496, 108990, 9704, 93659, 58314, 62024, 11921, 2605]"
113764,"[58554, 26284, 56476, 64971, 49970, 58306, 64920, 79739, 58124, 49922]"
113765,"[93563, 52642, 60397, 106216, 21213, 48268, 70330, 17104, 10268, 10175]"
113766,"[19147, 61795, 21966, 6668, 70277, 52165, 43652, 27835, 108925, 73138]"
113767,"[93229, 59754, 61080, 1025, 49924, 94305, 103583, 32494, 7985, 106805]"
113768,"[19973, 8499, 90673, 21113, 102036, 6472, 78379, 67493, 90007, 51449]"
113769,"[34563, 46719, 76638, 55129, 75982, 9916, 100570, 99670, 107638, 40057]"
113770,"[88190, 78434, 78074, 18, 92909, 81251, 53665, 84375, 8033, 33374]"
113771,"[47010, 78148, 36874, 99913, 27929, 37873, 35315, 86831, 79409, 102720]"
113772,"[62362, 35441, 27300, 82558, 66881, 105272, 107495, 6887, 92205, 47885]"
113773,"[2519, 90035, 45017, 104233, 96030, 57283, 83700, 83589, 7419, 90464]"
113774,"[15686, 71012, 68191, 31922, 19952, 48113, 102166, 22844, 6140, 104491]"
113775,"[86582, 49689, 3361, 27209, 10684, 90168, 101113, 107722, 48657, 40647]"
113776,"[91163, 95568, 75535, 7473, 51756, 36973, 80778, 41209, 82098, 106214]"
113777,"[20478, 52639, 85165, 43458, 11227, 74360, 27016, 3516, 77336, 49181]"
113778,"[97666, 58245, 77814, 11060, 100042, 18695, 43776, 69981, 39844, 87466]"
113779,"[51268, 2810, 63248, 25506, 90419, 37799, 109660, 36432, 1279, 49618]"
113780,"[99829, 95460, 35853, 21004, 97238, 94938, 18321, 43412, 52292, 16895]"
113781,"[9095, 105026, 53734, 104517, 95920, 62989, 104809, 54301, 45636, 50213]"
113782,"[103129, 27640, 99696, 57381, 31534, 87208, 14967, 50233, 90142, 42712]"
113783,"[33248, 106648, 64934, 69093, 33971, 67725, 20463, 103854, 7093, 60022]"
113784,"[63062, 55168, 9367, 86945, 32289, 7289, 93083, 84294, 32620, 16587]"
113785,"[38028, 32810, 26783, 28837, 37607, 13045, 23863, 106670, 10588, 91556]"
113786,"[23669, 36544, 79359, 104449, 79713, 423, 39264, 21096, 107181, 6267]"
113787,"[54169, 84822, 80716, 50545, 91364, 48310, 64757, 52493, 29200, 71152]"
113788,"[42934, 77771, 10895, 2642, 86505, 31342, 39726, 81899, 64507, 87975]"
113789,"[32350, 55785, 54342, 80008, 63325, 44037, 31583, 1610, 21608, 25807]"
113790,"[30727, 46125, 82884, 61334, 58070, 92673, 67039, 86112, 47833, 98685]"
113791,"[42845, 90082, 49713, 9638, 49172, 31136, 7562, 72561, 59890, 19971]"
113792,"[63446, 102187, 78826, 76803, 5082, 14591, 31365, 88140, 25148, 10039]"
113793,"[3572, 2298, 93546, 78867, 19736, 1844, 75948, 9366, 637, 9120]"
113794,"[9561, 5959, 18146, 91452, 106556, 77566, 10809, 58105, 71746, 87410]"
113795,"[100626, 70224, 76282, 23024, 63486, 10823, 68650, 81985, 15954, 5652]"
113796,"[68181, 56526, 37816, 41500, 105096, 13075, 84113, 35997, 58728, 80025]"
113797,"[16998, 17241, 43826, 52691, 107267, 95544, 74746, 91283, 75603, 70292]"
113798,"[48990, 88861, 561, 30991, 92545, 2920, 6742, 60408, 79911, 27742]"
113799,"[57357, 66888, 58903, 84180, 45218, 44645, 51389, 101714, 70753, 81220]"
113800,"[104436, 94233, 26192, 39150, 54009, 81369, 43096, 81383, 36342, 65203]"
113801,"[71, 48857, 16860, 62857, 26952, 85504, 62227, 65035, 46676, 91956]"
113802,"[47775, 13216, 11066, 80703, 16670, 29592, 52037, 105082, 12777, 20770]"
113803,"[78298, 11697, 7825, 79044, 105396, 104816, 44298, 27595, 22036, 69007]"
113804,"[97603, 70364, 93231, 3835, 44019, 88971, 80801, 52001, 86390, 86805]"
113805,"[22950, 37267, 40676, 92418, 44517, 107825, 67621, 56260, 20149, 32450]"
113806,"[99205, 59677, 83145, 88969, 97532, 59233, 35582, 86402, 17798, 4870]"
113807,"[28383, 55919, 76566, 8900, 8813, 81589, 27267, 78072, 82036, 50227]"
113808,"[7053, 56003, 109552, 92185, 67541, 23802, 86097, 38745, 63737, 6940]"
113809,"[101089, 109100, 54869, 9459, 29513, 19998, 21705, 22293, 55780, 32184]"
113810,"[73405, 41098, 101843, 87021, 105037, 102985, 54534, 71664, 84116, 49259]"
113811,"[108453, 11991, 37986, 13278, 82819, 98371, 58527, 39246, 97587, 43521]"
113812,"[10422, 11265, 23145, 99576, 38397, 104134, 15080, 7508, 33081, 77317]"
113813,"[100278, 36980, 17129, 44715, 40532, 107416, 86036, 53693, 105313, 29622]"
113814,"[68811, 28248, 88744, 81565, 17168, 61716, 62048, 44048, 86793, 79934]"
113815,"[68547, 23318, 82896, 8257, 46126, 107236, 4431, 103752, 45595, 100219]"
113816,"[13393, 49181, 103549, 63328, 64206, 29420, 71486, 49831, 42100, 45846]"
113817,"[28291, 96837, 73222, 63120, 91365, 27091, 38935, 35483, 66865, 74086]"
113818,"[40406, 28756, 107183, 103234, 5879, 24519, 46689, 2806, 91771, 28349]"
113819,"[28880, 75211, 38433, 89860, 62118, 57862, 25019, 2874, 4252, 99409]"
113820,"[49905, 70049, 39649, 28120, 48485, 59341, 12205, 46392, 21483, 80401]"
113821,"[58064, 17708, 96756, 41148, 39887, 204, 19828, 59914, 67106, 1873]"
113822,"[44539, 47301, 5854, 29441, 76095, 104503, 25245, 15601, 39151, 108406]"
113823,"[40554, 102150, 66914, 6924, 21283, 85843, 38164, 30903, 39016, 77188]"
113824,"[87941, 72163, 66943, 26618, 83625, 46091, 81844, 47643, 2577, 90541]"
113825,"[102176, 63617, 63167, 73129, 5693, 63542, 51595, 88526, 95534, 73570]"
113826,"[84640, 107448, 91338, 18827, 33662, 87879, 86335, 78685, 91803, 73682]"
113827,"[87107, 7317, 57215, 77907, 66974, 79996, 19114, 98414, 61908, 56436]"
113828,"[109758, 63466, 62424, 47808, 13920, 99154, 2832, 96133, 20659, 12684]"
113829,"[94706, 82747, 108041, 29222, 90085, 64044, 106882, 90610, 76237, 39067]"
113830,"[103252, 9184, 70846, 36461, 83644, 93396, 13665, 83154, 91269, 35000]"
113831,"[61307, 42177, 40257, 85710, 13729, 20337, 9816, 700, 73109, 11580]"
113832,"[48605, 42889, 29867, 29368, 1661, 46635, 49584, 43666, 86635, 96193]"
113833,"[103018, 11192, 70858, 41369, 67231, 6425, 108259, 67409, 11862, 58890]"
113834,"[106161, 65093, 47111, 37842, 21317, 18740, 76041, 29237, 53590, 18596]"
113835,"[88154, 45914, 83518, 87620, 60452, 63198, 70335, 65724, 95241, 7981]"
113836,"[55634, 86095, 108638, 75553, 79837, 90697, 67045, 83934, 66865, 39731]"
113837,"[98556, 39913, 23526, 5143, 908, 84781, 46971, 98468, 107233, 37400]"
113838,"[101818, 78042, 12404, 40003, 16114, 88645, 104470, 56690, 17424, 78113]"
113839,"[108148, 10276, 34051, 16654, 90210, 61058, 11393, 71813, 11836, 102534]"
113840,"[107087, 66199, 44791, 102510, 98413, 15271, 54230, 17430, 99695, 65050]"
113841,"[8341, 64712, 3964, 61114, 62258, 20046, 72506, 48736, 29929, 52605]"
113842,"[95924, 63423, 3289, 14393, 24461, 5228, 15488, 81317, 84308, 79828]"
113843,"[13011, 17190, 88571, 103302, 97823, 8947, 23329, 52189, 37008, 68157]"
113844,"[34133, 66448, 35760, 79135, 39235, 67397, 103372, 79593, 93846, 43370]"
113845,"[43225, 67550, 27353, 59092, 43627, 17709, 36098, 102160, 85413, 77440]"
113846,"[18634, 101483, 88624, 68276, 33453, 10187, 23794, 105062, 53002, 106847]"
113847,"[12421, 96290, 60005, 48432, 39598, 106418, 71161, 32817, 80464, 68800]"
113848,"[17301, 86535, 81538, 36534, 87925, 22809, 23193, 99702, 27717, 92264]"
113849,"[11488, 75974, 17805, 42383, 70482, 38012, 26377, 88234, 22689, 73678]"
113850,"[63088, 34900, 17027, 53857, 30471, 69899, 28570, 99367, 106493, 80959]"
113851,"[33170, 59330, 15247, 89653, 103392, 2587, 17367, 84141, 30361, 43560]"
113852,"[19691, 1381, 46448, 85634, 41681, 94335, 45508, 26083, 85687, 70100]"
113853,"[50746, 19466, 100692, 10584, 22358, 98583, 29689, 65748, 50773, 33168]"
113854,"[73597, 78147, 24859, 13705, 6818, 24339, 8520, 57321, 71919, 93247]"
113855,"[32470, 19180, 11536, 21695, 25820, 107238, 37491, 44053, 91616, 73599]"
113856,"[16649, 55986, 49473, 8625, 30006, 42521, 22893, 43597, 49243, 84129]"
113857,"[50010, 48115, 69126, 42802, 3094, 74775, 85530, 82688, 2424, 51691]"
113858,"[92979, 83550, 1927, 85387, 86241, 66510, 20056, 130, 83088, 106791]"
113859,"[57461, 94775, 81872, 28448, 11322, 65092, 106165, 109752, 68500, 53906]"
113860,"[91356, 95514, 63836, 77547, 47510, 43585, 104609, 69409, 73062, 85815]"
113861,"[45368, 39302, 19436, 105286, 46558, 87751, 566, 51731, 9081, 29558]"
113862,"[91420, 58220, 77269, 82490, 102068, 81260, 67951, 76390, 42443, 62566]"
113863,"[34374, 46215, 106596, 98435, 31542, 67139, 40150, 5895, 8728, 38565]"
113864,"[26516, 16179, 72831, 25546, 31629, 101159, 21029, 11635, 10487, 105151]"
113865,"[39415, 99920, 13749, 109450, 94672, 23198, 38834, 55103, 1623, 46980]"
113866,"[9422, 1046, 33877, 55216, 23322, 103403, 105354, 91539, 46352, 67640]"
113867,"[73001, 60630, 62985, 24435, 104350, 100823, 64840, 69869, 46599, 44317]"
113868,"[107671, 51975, 91069, 5379, 3050, 58853, 73554, 10559, 106323, 13350]"
113869,"[61918, 18656, 65255, 6185, 42329, 45063, 99257, 5919, 87124, 3073]"
113870,"[100022, 95497, 20068, 19808, 83116, 64650, 86097, 38745, 60138, 7053]"
113871,"[20309, 26051, 38217, 12374, 26118, 73298, 25826, 83819, 98857, 25796]"
113872,"[60612, 16190, 11114, 70513, 105527, 71870, 100062, 24370, 64322, 20535]"
113873,"[81578, 29370, 88669, 50977, 66622, 45449, 68733, 93017, 101868, 79987]"
113874,"[108883, 78865, 5228, 54895, 10663, 2733, 97135, 33756, 35462, 95470]"
113875,"[77855, 6525, 105413, 73816, 96539, 94681, 18105, 39513, 26313, 7780]"
113876,"[40110, 53115, 30785, 31883, 93918, 72412, 81078, 103013, 13620, 11408]"
113877,"[76707, 27956, 5767, 86358, 25668, 83385, 78214, 45116, 25982, 53934]"
113878,"[96614, 85321, 109133, 90364, 85261, 105741, 4654, 35781, 104644, 99656]"
113879,"[67931, 21382, 71244, 67095, 89276, 55413, 33468, 95549, 10285, 64314]"
113880,"[24580, 60799, 82484, 22673, 85334, 31102, 58591, 6395, 6099, 54766]"
113881,"[52406, 75534, 78810, 45372, 95566, 8905, 10656, 13620, 44996, 31662]"
113882,"[66504, 79582, 77393, 51942, 9744, 70910, 53118, 11519, 7224, 74334]"
113883,"[78618, 26323, 85469, 59204, 59962, 46658, 18144, 42434, 37099, 52387]"
113884,"[55927, 72680, 96306, 83872, 16838, 14532, 80717, 11533, 34143, 21937]"
113885,"[71904, 95046, 52174, 6981, 107771, 44318, 91982, 80524, 1879, 62983]"
113886,"[78640, 23021, 105789, 61562, 19997, 20852, 97315, 12773, 51124, 69802]"
113887,"[7785, 78115, 53915, 84747, 81495, 64176, 98796, 40585, 78817, 8248]"
113888,"[77322, 4529, 81061, 24974, 101112, 39501, 13417, 59452, 22080, 1468]"
113889,"[99005, 10110, 71280, 16956, 58661, 15391, 14365, 92848, 29424, 51331]"
113890,"[24844, 51691, 84700, 59595, 84905, 32797, 93090, 104842, 40142, 2682]"
113891,"[106698, 50621, 22750, 82515, 88083, 34922, 59044, 9889, 37007, 61064]"
113892,"[80867, 4816, 81855, 11789, 61254, 26254, 85657, 18184, 36045, 5537]"
113893,"[76727, 22235, 66372, 62050, 43881, 43683, 53366, 65932, 33125, 59944]"
113894,"[32475, 29590, 81298, 81731, 65682, 65764, 46889, 21425, 55936, 71266]"
113895,"[2174, 96522, 84998, 5456, 48854, 72382, 14869, 71933, 5368, 34016]"
113896,"[15400, 25884, 61907, 34559, 82469, 44286, 81075, 94064, 31265, 82104]"
113897,"[1590, 104948, 57795, 22617, 76314, 86906, 57855, 2569, 62601, 81790]"
113898,"[99340, 108720, 106425, 70540, 58862, 80304, 78798, 31350, 105228, 106905]"
113899,"[48144, 567, 76484, 101318, 16310, 100277, 40043, 73726, 40491, 40687]"
113900,"[54228, 19507, 81521, 39890, 72987, 8999, 25936, 18255, 109129, 108162]"
113901,"[60189, 80618, 29198, 69591, 67268, 43674, 98448, 83692, 57410, 45707]"
113902,"[30776, 62358, 44266, 26587, 80538, 102415, 84578, 70809, 75631, 84110]"
113903,"[78065, 12274, 35937, 59441, 93801, 20022, 76943, 39664, 83714, 23932]"
113904,"[30601, 1775, 4005, 99882, 9307, 68882, 61512, 60138, 9884, 54848]"
113905,"[77842, 58141, 50775, 4516, 87734, 46363, 29376, 63180, 71517, 100771]"
113906,"[67291, 42063, 20880, 1041, 69143, 73134, 9408, 25458, 16208, 56959]"
113907,"[28823, 20206, 51512, 62523, 50125, 79756, 21530, 88074, 40503, 4202]"
113908,"[93009, 32883, 76322, 90823, 39016, 52954, 21424, 51552, 82739, 77420]"
113909,"[53853, 68125, 25997, 66325, 69517, 43452, 49047, 77790, 96321, 64230]"
113910,"[84968, 59588, 34286, 77244, 81660, 49449, 76736, 85536, 73141, 76411]"
113911,"[8042, 53344, 1378, 101167, 44023, 60928, 93049, 65618, 8136, 54902]"
113912,"[13557, 62283, 94784, 50888, 18754, 6368, 71658, 45854, 109619, 41706]"
113913,"[68473, 26048, 65563, 47386, 80756, 57460, 16794, 40325, 18614, 82134]"
113914,"[104139, 76912, 35835, 53495, 16975, 14256, 104957, 26182, 34265, 102251]"
113915,"[11781, 82942, 41628, 29506, 98985, 37082, 86507, 33305, 80087, 23494]"
113916,"[108126, 43642, 39787, 96622, 85624, 64205, 103817, 48765, 82141, 26871]"
113917,"[55900, 105462, 78513, 5971, 42785, 38736, 15149, 77147, 25728, 28769]"
113918,"[76700, 55530, 18071, 90069, 87901, 102748, 44608, 49721, 95358, 31240]"
113919,"[49392, 17223, 67868, 6235, 38073, 58392, 12320, 37957, 20162, 65317]"
113920,"[68481, 70555, 34581, 36067, 41647, 20105, 83928, 27981, 28382, 61156]"
113921,"[73175, 46227, 58833, 75906, 49011, 97108, 55810, 11725, 36630, 11190]"
113922,"[69317, 35628, 101657, 102687, 33738, 96546, 91611, 75514, 42520, 44587]"
113923,"[29356, 74914, 42866, 35665, 75099, 40304, 29474, 40405, 6143, 106502]"
113924,"[44756, 101066, 45471, 90075, 6445, 59463, 87967, 70976, 61573, 88698]"
113925,"[29427, 83954, 38411, 12589, 107058, 18349, 58262, 95737, 33177, 102713]"
113926,"[34891, 84935, 88099, 28212, 41698, 26498, 101098, 9148, 103681, 43226]"
113927,"[86331, 106130, 54346, 103472, 32432, 87874, 60570, 63626, 93486, 5551]"
113928,"[38948, 71960, 35606, 11670, 41400, 85786, 68257, 2618, 78420, 87860]"
113929,"[3611, 73089, 67252, 73713, 93217, 51706, 57008, 1394, 98490, 85919]"
113930,"[101486, 12056, 85457, 87349, 95083, 82612, 28791, 66768, 47487, 46687]"
113931,"[97849, 103381, 6794, 91033, 89523, 26644, 54722, 88997, 57449, 21500]"
113932,"[34863, 84216, 61471, 73175, 94850, 35860, 102747, 15649, 51803, 80669]"
113933,"[79936, 36120, 107201, 106781, 3817, 27406, 15235, 14177, 21007, 52843]"
113934,"[4906, 79573, 36880, 82171, 77044, 33741, 24975, 66557, 41161, 12037]"
113935,"[95613, 77579, 45672, 43629, 91788, 109626, 90964, 35446, 23613, 74776]"
113936,"[2923, 103743, 62569, 18638, 8469, 74172, 31196, 69695, 72978, 63449]"
113937,"[109412, 101252, 49565, 46119, 89429, 75314, 13491, 102819, 28843, 20280]"
113938,"[38294, 55739, 102286, 48877, 40847, 57428, 37375, 75916, 21482, 98118]"
113939,"[1418, 81684, 17133, 87630, 55918, 71959, 34770, 45822, 37872, 36543]"
113940,"[80074, 24656, 102000, 106897, 92418, 12607, 54013, 76483, 55459, 59450]"
113941,"[80229, 22618, 93028, 72474, 20992, 50397, 14992, 105380, 86025, 8310]"
113942,"[109620, 92687, 62809, 16788, 107450, 21335, 80331, 65143, 98575, 36293]"
113943,"[71024, 57308, 65467, 40935, 59945, 66469, 54350, 32061, 86321, 45127]"
113944,"[66736, 92063, 84711, 10944, 108458, 25970, 95536, 73589, 41590, 47471]"
113945,"[77871, 26211, 46232, 107477, 26122, 86812, 1800, 75384, 61698, 76348]"
113946,"[25588, 22441, 73854, 101914, 61458, 100611, 67104, 90644, 62211, 69625]"
113947,"[1049, 42445, 51002, 8719, 19570, 54660, 23270, 97498, 105988, 51387]"
113948,"[73253, 3454, 82470, 74160, 108424, 36111, 53086, 11208, 47831, 74392]"
113949,"[6458, 80369, 58851, 80836, 94240, 4397, 22100, 87157, 104953, 43375]"
113950,"[70079, 24362, 76310, 55821, 30379, 74219, 58847, 102391, 71497, 4708]"
113951,"[50298, 103750, 78512, 66096, 10218, 57271, 106805, 17429, 59754, 77912]"
113952,"[5699, 51935, 14811, 39556, 96228, 91734, 36799, 27029, 26132, 101022]"
113953,"[76149, 91745, 39214, 43950, 26549, 34631, 72606, 69682, 101371, 86695]"
113954,"[78100, 37484, 93055, 81766, 8408, 85183, 79196, 49422, 45578, 25587]"
113955,"[48299, 104367, 22272, 80198, 32441, 5525, 103332, 68887, 46208, 39634]"
113956,"[8320, 99541, 55707, 28583, 89599, 88335, 107896, 8097, 13225, 70736]"
113957,"[15059, 53337, 9810, 79170, 11417, 60415, 25539, 56502, 84136, 72115]"
113958,"[13300, 105918, 95391, 39512, 41432, 89304, 19970, 45173, 87394, 56773]"
113959,"[12360, 2598, 32996, 43847, 108314, 105354, 91539, 9422, 46352, 67640]"
113960,"[3733, 102376, 71242, 108523, 8907, 89214, 88958, 38096, 72307, 6292]"
113961,"[93613, 57081, 40568, 23307, 66159, 67947, 46178, 82482, 20326, 95540]"
113962,"[69643, 47756, 108187, 20411, 70246, 36304, 5449, 109008, 78541, 104877]"
113963,"[28817, 25843, 19891, 24865, 76596, 78321, 90578, 46920, 77326, 75025]"
113964,"[1855, 2066, 23995, 10499, 15933, 106663, 67721, 34783, 107370, 101166]"
113965,"[57383, 14541, 54857, 70043, 109408, 65028, 9287, 31845, 86346, 44001]"
113966,"[54161, 73679, 42051, 24619, 25128, 60428, 61393, 70454, 32171, 73049]"
113967,"[80283, 99809, 83631, 49781, 84903, 60065, 8579, 58629, 19247, 107094]"
113968,"[46436, 24490, 7197, 64249, 65711, 42087, 57117, 22960, 4553, 68662]"
113969,"[6781, 30892, 64106, 10698, 4308, 75220, 107005, 94238, 18012, 24446]"
113970,"[39224, 32624, 104789, 96425, 50336, 63320, 75026, 75553, 1095, 7972]"
113971,"[54370, 70259, 99292, 73879, 19172, 1116, 93191, 14087, 9933, 54869]"
113972,"[95984, 36158, 82767, 72935, 32599, 45380, 80591, 79444, 80988, 82587]"
113973,"[67704, 19644, 59824, 54422, 14879, 46989, 85950, 40313, 30578, 62022]"
113974,"[63136, 83528, 64927, 35214, 92673, 67039, 46125, 89068, 58592, 305]"
113975,"[13081, 4448, 108916, 7111, 13843, 4272, 10041, 68029, 83694, 6481]"
113976,"[102160, 69132, 77440, 75274, 38665, 37258, 43225, 36098, 27353, 34163]"
113977,"[16368, 44668, 32024, 8295, 1254, 35549, 75044, 80113, 100132, 16818]"
113978,"[91098, 91348, 43954, 74573, 87345, 68922, 63318, 7900, 37372, 72241]"
113979,"[94081, 22797, 107368, 74499, 51690, 89640, 20803, 90156, 103274, 56790]"
113980,"[39285, 107183, 28349, 28756, 33903, 90623, 75130, 33731, 55037, 99494]"
113981,"[57271, 50298, 21544, 14638, 5681, 3634, 103750, 102564, 66334, 31910]"
113982,"[95610, 104872, 69564, 92421, 6083, 11704, 44436, 1987, 23843, 98613]"
113983,"[81603, 66645, 87389, 21794, 79065, 4636, 65661, 72466, 53795, 43583]"
113984,"[75020, 95485, 43162, 65766, 47057, 13253, 80084, 77000, 58477, 6949]"
113985,"[79407, 77670, 3807, 41680, 71950, 85822, 41376, 18491, 33113, 62580]"
113986,"[96217, 51003, 34544, 59992, 5480, 85713, 48043, 9763, 70769, 29400]"
113987,"[94844, 31717, 32222, 8849, 107527, 8064, 97183, 29169, 88650, 4908]"
113988,"[93091, 25750, 32800, 69407, 94566, 28181, 80255, 4699, 41054, 8]"
113989,"[49256, 100465, 71270, 24187, 30529, 10914, 16553, 56747, 75453, 4819]"
113990,"[4147, 41838, 103501, 106529, 68569, 100865, 64545, 3140, 13817, 99777]"
113991,"[105388, 40710, 45121, 12005, 73668, 66967, 6176, 26686, 107527, 46268]"
113992,"[2381, 56100, 101412, 22782, 60447, 37011, 87814, 75179, 102771, 2669]"
113993,"[93915, 29193, 86018, 19907, 9429, 108518, 1438, 102925, 12953, 21051]"
113994,"[289, 47139, 101439, 2749, 86714, 50948, 39742, 34536, 27269, 85684]"
113995,"[61521, 69938, 23411, 64577, 1410, 75716, 82019, 35767, 108788, 12228]"
113996,"[103437, 75130, 17165, 75776, 66298, 66412, 45532, 78116, 46000, 10756]"
113997,"[58038, 44220, 78346, 44079, 70620, 58118, 5657, 11184, 62855, 51599]"
113998,"[76846, 59619, 7191, 10653, 54540, 76016, 37323, 36225, 35008, 82355]"
113999,"[32922, 57753, 50840, 55765, 16199, 93366, 58754, 53968, 11265, 82898]"
114000,"[106704, 63555, 50083, 97893, 38496, 28011, 743, 61284, 4532, 7809]"
114001,"[56955, 9572, 97645, 106705, 71175, 66587, 66139, 104528, 51529, 93462]"
114002,"[41401, 16732, 104741, 82752, 24376, 65536, 88647, 18309, 16557, 72870]"
114003,"[56200, 33879, 98551, 13571, 92466, 849, 35251, 10365, 61903, 82023]"
114004,"[75127, 14140, 57694, 4441, 101450, 54310, 63206, 31399, 39512, 85918]"
114005,"[79934, 24766, 34592, 97760, 102762, 98389, 62934, 65681, 68811, 44981]"
114006,"[91719, 48781, 63397, 64682, 12443, 73820, 39293, 55624, 6817, 6548]"
114007,"[59600, 87820, 40763, 30279, 48054, 55008, 82686, 15110, 90734, 57808]"
114008,"[61831, 57009, 40703, 36352, 16861, 41312, 39146, 94354, 2558, 51457]"
114009,"[71788, 53764, 23238, 26483, 68883, 48779, 24365, 99222, 106946, 92281]"
114010,"[104684, 71962, 52551, 38939, 45329, 103138, 107207, 57216, 7549, 97303]"
114011,"[90210, 16654, 108148, 10276, 14668, 95432, 71813, 11836, 102534, 34051]"
114012,"[82383, 92718, 100510, 67365, 11036, 53977, 108618, 46926, 39451, 34554]"
114013,"[96753, 29104, 42446, 62971, 38028, 106670, 64536, 27298, 3839, 82340]"
114014,"[97539, 10066, 15383, 64443, 4621, 52963, 55863, 88935, 60290, 57626]"
114015,"[22390, 23133, 19600, 17595, 70260, 5256, 101775, 18724, 105358, 57700]"
114016,"[17574, 44245, 89102, 17505, 51845, 90229, 30283, 65073, 41739, 101748]"
114017,"[35609, 33423, 43481, 55735, 64501, 66860, 39003, 41877, 86541, 63305]"
114018,"[105240, 42034, 21697, 34388, 38406, 45083, 10161, 67445, 12400, 77980]"
114019,"[72370, 28673, 89322, 63520, 96054, 73451, 40738, 46771, 105551, 57144]"
114020,"[58359, 59077, 1388, 68132, 26293, 11911, 40532, 107416, 86230, 108179]"
114021,"[64852, 37673, 82529, 5034, 29490, 65933, 32136, 91946, 73991, 80991]"
114022,"[31904, 7343, 19020, 96536, 45576, 12569, 17999, 103688, 64420, 38015]"
114023,"[14288, 85548, 94439, 9104, 17868, 48061, 108226, 99700, 15397, 34032]"
114024,"[87268, 12087, 46178, 106346, 86503, 30939, 45765, 46958, 85747, 31274]"
114025,"[15601, 24183, 76095, 100923, 2328, 78528, 20709, 79277, 81648, 60430]"
114026,"[95463, 29778, 29256, 63539, 87857, 55467, 108791, 72516, 834, 80365]"
114027,"[72092, 1967, 90409, 7450, 10307, 44058, 18671, 40196, 29959, 55813]"
114028,"[69753, 77416, 87156, 56045, 42294, 82850, 31911, 20648, 10174, 85509]"
114029,"[70235, 38072, 92606, 62542, 88560, 56723, 1008, 65892, 887, 73685]"
114030,"[87099, 66234, 80645, 23761, 15798, 24997, 57982, 77729, 12317, 98799]"
114031,"[53988, 94049, 9049, 39771, 109078, 79799, 105016, 84082, 53034, 36304]"
114032,"[59054, 98834, 63761, 75645, 57661, 21159, 87128, 90581, 51472, 11000]"
114033,"[37476, 17443, 54660, 51002, 102951, 12947, 27727, 37367, 89656, 61855]"
114034,"[22603, 103771, 105050, 28437, 90077, 82870, 35651, 50227, 107615, 22485]"
114035,"[37599, 66228, 39164, 12741, 93232, 9170, 9029, 85401, 32576, 58952]"
114036,"[103551, 73208, 104297, 80947, 66240, 28760, 73992, 54698, 20054, 72832]"
114037,"[84909, 51675, 60184, 34906, 36336, 55749, 81917, 20778, 71478, 55194]"
114038,"[102610, 41657, 72049, 61666, 105295, 63171, 48238, 28396, 17148, 4213]"
114039,"[25941, 41408, 95700, 5345, 61872, 55179, 69242, 42834, 81835, 4251]"
114040,"[28749, 8684, 77395, 35016, 46751, 109350, 9908, 89294, 47895, 95426]"
114041,"[41515, 20864, 36353, 86897, 3179, 4792, 108287, 72363, 59894, 106364]"
114042,"[70493, 101954, 51268, 60862, 14309, 28463, 109127, 11185, 46825, 97618]"
114043,"[47968, 86352, 18638, 71654, 16083, 109169, 41387, 51215, 78850, 41603]"
114044,"[101430, 104387, 91630, 77069, 59412, 10687, 17662, 66958, 48335, 19235]"
114045,"[47994, 97870, 8884, 49742, 57116, 71069, 2691, 61159, 79462, 90199]"
114046,"[24135, 43708, 95002, 19226, 23530, 62900, 81062, 18296, 81592, 103823]"
114047,"[71700, 51018, 32699, 97172, 5624, 100545, 32946, 50357, 96460, 72627]"
114048,"[80655, 61535, 23820, 41759, 59597, 39546, 73761, 72891, 85903, 79056]"
114049,"[46050, 19754, 76539, 32026, 94874, 45692, 74327, 58394, 8557, 94497]"
114050,"[22967, 72606, 76149, 36216, 93186, 91745, 27452, 43576, 43915, 92593]"
114051,"[103457, 98839, 10688, 27903, 60826, 108876, 81206, 13205, 80319, 11270]"
114052,"[71734, 1453, 31045, 58208, 42198, 82297, 76152, 67793, 80289, 3056]"
114053,"[23225, 4786, 29510, 106071, 42831, 16391, 88634, 109513, 91984, 97671]"
114054,"[15761, 54664, 19097, 108406, 49496, 1274, 7617, 103140, 47301, 24183]"
114055,"[38152, 20472, 30455, 62365, 101789, 49096, 53710, 30529, 79166, 39387]"
114056,"[73344, 11474, 89306, 81625, 99864, 51663, 12862, 88771, 43237, 94327]"
114057,"[13504, 107740, 92903, 101036, 93333, 61491, 13656, 10262, 107152, 79005]"
114058,"[81653, 23042, 84248, 103855, 50356, 10612, 75556, 87876, 60035, 28060]"
114059,"[93499, 28055, 52599, 101057, 78308, 106460, 40347, 52264, 98095, 104509]"
114060,"[24435, 59915, 54998, 14955, 32390, 3001, 32921, 64840, 60630, 67003]"
114061,"[87893, 27674, 83843, 46366, 12561, 88024, 41672, 46991, 54984, 105810]"
114062,"[104784, 75987, 23975, 14827, 36894, 64620, 72929, 51544, 100322, 34709]"
114063,"[57541, 32634, 22169, 88159, 42321, 65379, 67043, 79621, 30870, 36438]"
114064,"[80089, 97054, 58139, 27986, 98190, 43805, 91453, 38044, 45258, 13585]"
114065,"[72430, 63402, 73456, 100390, 98976, 71953, 68516, 41844, 73265, 78109]"
114066,"[26194, 18385, 81641, 28985, 17552, 36308, 69841, 22087, 61878, 13744]"
114067,"[69977, 68330, 61513, 93695, 49574, 35224, 28974, 21001, 56561, 98009]"
114068,"[100503, 7139, 22341, 33446, 6738, 10198, 88548, 54791, 17898, 53715]"
114069,"[2409, 39758, 64245, 95458, 83173, 51443, 9089, 6564, 17930, 17871]"
114070,"[34294, 76548, 29473, 7168, 77738, 84940, 46182, 67167, 47306, 62910]"
114071,"[81319, 35156, 71240, 71780, 92650, 3984, 62695, 38170, 105870, 42395]"
114072,"[1990, 7807, 81789, 60720, 102981, 87506, 32967, 66515, 71797, 29258]"
114073,"[102412, 91235, 10535, 32633, 71252, 24303, 92207, 67774, 17172, 73388]"
114074,"[75155, 1156, 44333, 63847, 26058, 44359, 3777, 35259, 92543, 82983]"
114075,"[12102, 41707, 88559, 99915, 4967, 89688, 62582, 56892, 103842, 29273]"
114076,"[51327, 45702, 50101, 12152, 48760, 695, 83710, 103111, 22505, 90719]"
114077,"[64562, 27833, 2038, 71744, 39528, 25066, 62956, 4559, 83221, 45895]"
114078,"[16767, 15671, 12111, 99351, 91941, 53043, 67807, 97413, 68906, 69833]"
114079,"[59354, 75374, 79726, 49502, 21972, 2906, 16012, 101944, 68750, 82272]"
114080,"[41451, 101231, 77815, 60964, 84044, 88444, 33640, 86282, 38078, 19845]"
114081,"[80378, 7786, 95052, 37367, 60776, 5877, 10958, 34524, 11312, 45874]"
114082,"[87101, 85974, 62059, 71859, 109201, 25140, 18670, 84441, 81170, 100576]"
114083,"[109039, 9310, 100171, 94418, 11586, 81053, 37230, 81487, 90719, 99102]"
114084,"[10765, 42662, 36547, 54826, 89595, 87399, 101833, 1594, 104514, 52833]"
114085,"[24515, 18754, 67586, 3275, 1197, 19320, 42977, 60694, 43612, 87358]"
114086,"[24048, 50028, 79490, 32062, 109416, 10268, 91148, 34467, 4051, 14725]"
114087,"[46301, 34864, 18270, 53596, 59935, 59269, 7672, 53987, 92820, 77369]"
114088,"[59723, 99234, 81977, 81073, 103702, 74722, 5044, 82926, 71348, 54278]"
114089,"[60803, 42248, 12389, 36931, 35580, 77392, 102926, 89819, 68297, 103113]"
114090,"[5980, 107061, 20347, 2493, 48086, 52931, 49909, 101173, 30955, 27748]"
114091,"[91935, 82371, 93507, 29736, 80005, 17669, 106113, 34444, 14503, 10817]"
114092,"[88441, 8991, 96264, 49525, 15926, 60253, 51990, 35488, 14442, 102776]"
114093,"[49863, 92367, 12208, 14474, 28580, 34963, 60721, 39950, 75489, 89548]"
114094,"[30584, 28926, 2752, 30812, 48456, 48690, 91207, 16534, 8117, 17477]"
114095,"[15395, 72724, 73651, 89095, 62961, 72667, 70219, 80691, 68521, 14422]"
114096,"[32286, 7840, 70354, 96899, 16163, 22600, 44898, 58269, 29431, 10357]"
114097,"[19073, 59763, 57860, 41621, 67662, 92564, 15296, 6014, 73587, 85010]"
114098,"[88909, 36180, 67947, 40568, 45765, 56253, 58809, 88372, 59964, 1850]"
114099,"[31290, 109470, 107939, 106945, 94419, 29007, 52559, 44657, 9243, 27225]"
114100,"[10375, 107977, 55811, 68835, 39408, 90052, 16774, 55618, 4601, 47926]"
114101,"[6744, 57593, 4618, 88702, 2292, 53323, 34136, 66219, 89012, 68229]"
114102,"[3272, 24204, 89280, 38393, 80827, 105856, 64612, 68856, 3332, 20197]"
114103,"[9548, 25090, 72805, 87415, 101892, 12440, 8661, 8177, 26315, 74236]"
114104,"[39651, 52770, 28862, 108513, 33005, 74877, 82453, 11135, 109403, 29616]"
114105,"[65538, 107015, 47273, 54430, 91461, 67691, 31349, 70628, 29013, 93092]"
114106,"[57683, 49295, 94144, 83417, 103140, 35039, 59957, 91939, 88730, 108406]"
114107,"[63780, 97492, 54805, 60617, 72291, 95431, 105892, 2170, 78809, 88684]"
114108,"[70246, 108187, 20411, 69643, 99205, 61044, 50267, 61967, 95398, 87418]"
114109,"[89602, 95637, 23553, 61083, 76551, 2214, 108451, 29704, 55539, 97632]"
114110,"[58458, 39241, 38140, 77263, 109694, 105114, 50309, 39678, 48740, 90609]"
114111,"[67197, 38537, 55578, 11437, 49128, 62842, 61959, 42168, 4609, 109398]"
114112,"[9720, 101484, 101644, 85706, 44583, 43103, 38281, 15211, 55024, 90902]"
114113,"[70673, 17882, 81975, 97217, 24058, 13223, 102690, 25435, 35545, 55558]"
114114,"[109739, 85567, 81203, 22985, 79203, 49634, 1836, 73818, 72272, 23821]"
114115,"[76881, 39640, 106263, 104384, 67116, 87787, 41898, 30050, 23931, 38870]"
114116,"[17882, 78546, 4754, 8866, 89848, 9344, 81975, 27528, 70673, 97217]"
114117,"[99549, 1149, 66765, 43963, 50752, 24099, 49164, 41379, 44047, 28238]"
114118,"[29332, 53044, 98615, 28149, 80840, 14224, 62330, 74763, 39735, 32626]"
114119,"[18483, 31895, 34204, 74375, 2750, 43498, 17962, 107612, 63375, 56825]"
114120,"[77197, 6611, 11429, 23490, 58482, 71581, 109458, 14843, 23799, 93107]"
114121,"[75968, 57973, 46633, 52543, 32704, 86441, 108671, 55651, 91821, 13729]"
114122,"[6895, 83047, 81640, 82638, 13232, 62587, 84618, 41399, 24419, 91454]"
114123,"[37661, 88861, 13855, 85871, 37962, 66927, 69156, 44863, 83614, 15186]"
114124,"[11901, 84, 102884, 35246, 83094, 25637, 59264, 25785, 64149, 33485]"
114125,"[28593, 84878, 74270, 74342, 107916, 6346, 49304, 38861, 28330, 69583]"
114126,"[98906, 15789, 26220, 22113, 92420, 101373, 79278, 11448, 13037, 21689]"
114127,"[1854, 36952, 36241, 102239, 79667, 78307, 2905, 55783, 109119, 41031]"
114128,"[6999, 49730, 57723, 78037, 6129, 7461, 52144, 328, 12529, 99093]"
114129,"[46092, 1665, 82595, 65575, 14723, 91140, 106837, 11127, 94223, 43483]"
114130,"[97696, 3331, 46388, 21847, 93013, 84270, 103955, 33180, 66857, 9611]"
114131,"[104611, 38710, 63294, 96092, 89956, 3891, 47117, 55375, 104088, 15718]"
114132,"[5326, 56095, 80047, 10680, 56898, 92730, 66636, 78308, 77118, 5181]"
114133,"[46227, 11190, 88682, 94019, 11725, 73175, 97108, 55810, 14164, 13713]"
114134,"[65309, 47858, 18762, 75248, 80122, 81969, 74433, 4910, 9217, 1942]"
114135,"[71600, 73778, 103501, 52847, 13817, 104704, 57442, 4620, 97583, 28943]"
114136,"[97475, 13884, 57946, 28360, 47750, 27982, 22181, 39308, 14587, 60870]"
114137,"[22100, 104953, 30131, 3944, 75604, 8541, 80836, 60593, 13057, 20973]"
114138,"[102614, 75962, 64389, 99896, 67523, 62781, 23469, 14866, 4533, 35065]"
114139,"[85298, 8784, 91911, 21865, 65244, 67448, 4837, 51779, 56485, 87879]"
114140,"[89428, 47982, 52678, 384, 104289, 36618, 60461, 33599, 88458, 93625]"
114141,"[58778, 30603, 51295, 25654, 63746, 15025, 63981, 81752, 32795, 6205]"
114142,"[45492, 105876, 13685, 22262, 77610, 55967, 13555, 10429, 55409, 35884]"
114143,"[73411, 54827, 36091, 28523, 79468, 36214, 93000, 106575, 65401, 97855]"
114144,"[11482, 4891, 75607, 56817, 108727, 64430, 79428, 108812, 31953, 48765]"
114145,"[31317, 89869, 20006, 35379, 53124, 60334, 39108, 72638, 40390, 66898]"
114146,"[81556, 17587, 107254, 8328, 59804, 93363, 38442, 71944, 72096, 9510]"
114147,"[75192, 49464, 19284, 77036, 47880, 44707, 1062, 3281, 17689, 85615]"
114148,"[97624, 94296, 75413, 11484, 21767, 101680, 57847, 18287, 94781, 6603]"
114149,"[86410, 39853, 66941, 84481, 94803, 1257, 29829, 97613, 91320, 56212]"
114150,"[11009, 62785, 12799, 6540, 28741, 19460, 61098, 36307, 47018, 62372]"
114151,"[70135, 90061, 68363, 19592, 60447, 29869, 37011, 39668, 21543, 102771]"
114152,"[23518, 96636, 11341, 48147, 100698, 44389, 45862, 95961, 102984, 2027]"
114153,"[107116, 30600, 11994, 4672, 102421, 2487, 37855, 62273, 867, 41132]"
114154,"[19325, 14567, 69127, 22595, 30080, 4476, 12315, 80642, 49786, 97370]"
114155,"[29015, 40713, 51909, 25034, 67917, 97936, 59703, 45159, 84678, 105104]"
114156,"[85902, 46918, 61390, 55839, 45958, 69636, 95632, 58254, 45056, 89242]"
114157,"[45665, 8249, 8366, 82679, 88713, 94129, 32889, 92949, 94410, 4013]"
114158,"[16215, 59335, 94604, 107203, 2391, 7974, 83546, 5609, 28947, 11715]"
114159,"[82220, 2935, 18113, 16874, 56460, 56365, 69577, 74305, 99866, 92858]"
114160,"[77612, 78725, 5271, 88105, 31615, 94151, 55251, 102930, 65468, 60296]"
114161,"[85405, 67412, 3695, 40361, 92087, 69827, 94946, 28798, 40521, 63118]"
114162,"[65371, 94962, 40933, 98153, 63013, 65475, 90423, 81220, 103542, 92399]"
114163,"[23197, 97723, 8072, 17022, 93397, 73902, 48562, 40231, 86510, 90759]"
114164,"[41412, 50249, 39749, 22817, 6485, 104792, 55101, 55160, 46997, 40817]"
114165,"[101027, 4145, 62395, 63181, 68910, 88593, 21224, 51865, 82316, 79896]"
114166,"[40272, 94231, 87829, 4459, 85092, 13094, 96110, 109570, 13272, 35528]"
114167,"[67565, 82290, 76061, 36319, 30801, 28827, 89827, 100715, 106475, 54796]"
114168,"[105095, 73445, 79698, 15902, 75520, 73430, 33613, 61279, 84573, 29858]"
114169,"[108349, 107392, 77042, 107007, 30684, 22414, 5753, 38238, 91474, 33090]"
114170,"[98328, 92439, 97571, 51090, 63357, 30164, 75500, 89967, 93098, 39403]"
114171,"[3307, 36598, 63725, 101300, 614, 830, 59862, 23114, 34447, 50281]"
114172,"[18237, 18623, 108636, 51841, 86928, 34285, 27150, 39050, 89768, 71932]"
114173,"[25193, 16730, 55641, 70680, 103510, 78216, 50612, 24116, 28282, 19906]"
114174,"[86037, 99573, 34495, 14322, 102502, 101058, 69500, 47039, 13139, 30669]"
114175,"[48561, 38214, 30975, 39346, 98548, 5833, 14980, 32794, 772, 47680]"
114176,"[101970, 28375, 93135, 17892, 7950, 35094, 2645, 63453, 47716, 33898]"
114177,"[39011, 105931, 103671, 100095, 11288, 60497, 101094, 12844, 86593, 40397]"
114178,"[44536, 70862, 23646, 107766, 80023, 55619, 8974, 46778, 7846, 12366]"
114179,"[85164, 79966, 105073, 52710, 54375, 9839, 84012, 68515, 103742, 85866]"
114180,"[52691, 107267, 52805, 90344, 58235, 16998, 51428, 14092, 59464, 8253]"
114181,"[60628, 6838, 19196, 48858, 53578, 32040, 31929, 56572, 43653, 75930]"
114182,"[5518, 69209, 25304, 102302, 37689, 51998, 36646, 65816, 3028, 282]"
114183,"[2279, 96217, 101467, 37507, 56607, 75753, 69518, 97497, 50854, 36932]"
114184,"[55849, 83630, 90863, 89337, 72165, 13251, 71197, 68828, 91291, 58855]"
114185,"[56324, 46281, 36567, 27628, 29502, 57963, 41003, 6947, 78331, 38739]"
114186,"[82141, 43642, 106840, 36594, 84311, 62883, 64252, 65686, 2910, 104660]"
114187,"[86456, 31608, 95153, 107492, 97570, 49664, 100178, 71073, 60858, 19711]"
114188,"[85667, 102561, 99903, 25138, 101591, 32142, 12081, 99118, 59993, 104199]"
114189,"[82683, 39906, 13629, 52562, 72351, 17928, 58888, 96033, 52112, 2001]"
114190,"[74850, 14001, 71790, 30542, 68179, 53211, 40535, 48393, 60359, 73937]"
114191,"[95281, 46932, 76106, 44372, 88463, 2659, 38069, 86046, 7899, 85465]"
114192,"[23753, 62621, 52291, 29440, 66359, 100529, 58046, 62636, 109064, 87260]"
114193,"[52771, 55032, 77173, 54656, 71829, 71408, 90781, 5919, 94641, 29825]"
114194,"[84780, 82039, 105316, 76667, 71267, 39947, 51196, 67310, 41921, 63881]"
114195,"[33011, 98369, 59488, 2197, 16374, 46065, 47688, 76435, 86007, 25533]"
114196,"[107361, 103543, 49005, 63828, 96588, 27439, 91823, 69252, 18331, 88011]"
114197,"[107612, 56347, 2750, 12546, 8748, 17962, 1998, 18483, 31895, 63375]"
114198,"[105256, 60258, 44717, 79035, 49146, 3827, 54081, 296, 84886, 48009]"
114199,"[48522, 91143, 47145, 55463, 44002, 83098, 26481, 54461, 20283, 26052]"
114200,"[26566, 20781, 15526, 88992, 41264, 72467, 14218, 104786, 64543, 25076]"
114201,"[32360, 7255, 95287, 30722, 52232, 25717, 3141, 96658, 45530, 15775]"
114202,"[54345, 12510, 98866, 89572, 48826, 58217, 40679, 88459, 104057, 20819]"
114203,"[50197, 54249, 28011, 107571, 51304, 93973, 106704, 22313, 104225, 56680]"
114204,"[23236, 7450, 349, 88896, 109191, 93381, 72092, 42493, 24586, 30668]"
114205,"[49344, 80693, 104150, 74217, 64345, 71930, 9819, 37155, 102029, 29109]"
114206,"[83264, 96347, 55993, 15985, 54162, 84629, 104814, 30742, 58450, 77667]"
114207,"[28560, 52874, 1449, 88961, 12860, 75398, 59409, 5612, 13837, 77103]"
114208,"[100148, 70627, 96533, 93259, 36222, 11079, 42672, 20761, 4367, 2]"
114209,"[15316, 92177, 34957, 29116, 24907, 87123, 39355, 46073, 86460, 98938]"
114210,"[46713, 5947, 29724, 562, 102459, 102485, 36272, 36236, 51804, 84947]"
114211,"[39826, 95992, 22694, 47976, 107865, 47202, 58202, 32588, 72071, 89099]"
114212,"[31707, 67821, 51237, 75563, 68956, 5054, 71782, 89713, 83175, 71084]"
114213,"[82250, 78265, 33317, 2521, 27997, 46522, 24893, 7567, 41385, 5637]"
114214,"[22035, 42531, 39057, 49153, 68812, 60133, 27402, 92636, 52011, 18029]"
114215,"[1436, 81934, 92047, 96580, 10955, 97503, 100556, 42357, 68664, 49000]"
114216,"[32722, 86833, 25586, 84715, 74209, 16324, 71153, 19300, 10708, 107634]"
114217,"[107680, 19283, 106181, 58433, 38902, 81888, 50643, 19467, 53997, 96060]"
114218,"[32433, 17053, 40748, 45027, 2443, 109755, 20302, 30401, 44652, 18669]"
114219,"[53269, 16916, 94432, 51921, 86594, 31792, 86500, 78919, 10926, 25173]"
114220,"[53807, 55859, 104110, 41892, 102924, 94937, 43745, 37654, 74737, 41237]"
114221,"[93827, 108969, 95375, 99246, 107856, 83911, 75696, 22945, 15369, 55028]"
114222,"[32925, 5416, 62426, 52040, 50716, 45211, 46729, 24493, 56860, 102189]"
114223,"[35065, 69553, 64389, 101936, 31370, 102614, 105654, 62781, 23469, 31415]"
114224,"[20999, 105973, 54988, 24941, 93311, 63514, 17458, 96309, 54391, 54911]"
114225,"[76742, 38104, 71998, 58449, 20687, 8683, 10555, 5032, 22366, 47941]"
114226,"[29198, 60189, 80618, 9418, 10072, 67268, 43674, 69591, 83692, 98448]"
114227,"[10457, 109600, 40922, 17002, 2767, 4915, 79244, 68111, 45281, 50466]"
114228,"[18374, 76171, 66978, 104253, 52445, 469, 93153, 48162, 106251, 94734]"
114229,"[50822, 12922, 64890, 27529, 104867, 20701, 3926, 18526, 64509, 39436]"
114230,"[78814, 61850, 23783, 11759, 85115, 36351, 73121, 97122, 44511, 82888]"
114231,"[27769, 87534, 3444, 83847, 84230, 77663, 79289, 33962, 18405, 8483]"
114232,"[20585, 13504, 79005, 54548, 13294, 95979, 22561, 102821, 107740, 92903]"
114233,"[85522, 34602, 56496, 15408, 108912, 66418, 73396, 37552, 27849, 1773]"
114234,"[47994, 97870, 71069, 2691, 61159, 79462, 90199, 8884, 49742, 70592]"
114235,"[21672, 96715, 88748, 90154, 97621, 48882, 31913, 108844, 1972, 25638]"
114236,"[67234, 10131, 15355, 68810, 38311, 102232, 58286, 73356, 46894, 47397]"
114237,"[38022, 13311, 85939, 106369, 90310, 75837, 31494, 61786, 40268, 35514]"
114238,"[38562, 29242, 22118, 7055, 53855, 53140, 81368, 75382, 68527, 77990]"
114239,"[40587, 29537, 82344, 25859, 15123, 18689, 14689, 81161, 38632, 95437]"
114240,"[100001, 98947, 74778, 14084, 93070, 83771, 44513, 64259, 10354, 92832]"
114241,"[105575, 66285, 72590, 8789, 10339, 95926, 17885, 55239, 83262, 55263]"
114242,"[105624, 3603, 108825, 21401, 38606, 4148, 75560, 88332, 87622, 38662]"
114243,"[35422, 42352, 20593, 88169, 88422, 102399, 80237, 43046, 26715, 20773]"
114244,"[109219, 31246, 65818, 6920, 92170, 59281, 16465, 19134, 62205, 12858]"
114245,"[65046, 83656, 45018, 29239, 25944, 64737, 73479, 103513, 48048, 98924]"
114246,"[7734, 78206, 89239, 25311, 36625, 30526, 43329, 51184, 38517, 37077]"
114247,"[70216, 106134, 33106, 89392, 80190, 7493, 86881, 92907, 109109, 37369]"
114248,"[91384, 78697, 99414, 73443, 29938, 1694, 35896, 48832, 109410, 96075]"
114249,"[30568, 37228, 44118, 36346, 85626, 61654, 57545, 55972, 98119, 29714]"
114250,"[38422, 10088, 57656, 22573, 28180, 38241, 25519, 73426, 29325, 31795]"
114251,"[17389, 102918, 24814, 53387, 71700, 33064, 29728, 4748, 25452, 86361]"
114252,"[78526, 37236, 67247, 25972, 85662, 90524, 43118, 56280, 45611, 92639]"
114253,"[72117, 97184, 69445, 18021, 88824, 86050, 56587, 32373, 71429, 25218]"
114254,"[53703, 27180, 22042, 66443, 37266, 35609, 34443, 79258, 13950, 64501]"
114255,"[33201, 64612, 53676, 105856, 9836, 37152, 69850, 30331, 60669, 107265]"
114256,"[61368, 49686, 18206, 99755, 85218, 32825, 76752, 22560, 57996, 38025]"
114257,"[48501, 60207, 16673, 96732, 85810, 81889, 50275, 92175, 79589, 103729]"
114258,"[54186, 45038, 8301, 36992, 8433, 96686, 30635, 50107, 81589, 82941]"
114259,"[52841, 72232, 42145, 69763, 5867, 7898, 20853, 95904, 87162, 49038]"
114260,"[87652, 103364, 19177, 103410, 19047, 100401, 83688, 62347, 40251, 36996]"
114261,"[61605, 6338, 33436, 102443, 27972, 91253, 97448, 23614, 83875, 56476]"
114262,"[56986, 32450, 78650, 86428, 12701, 94383, 22950, 19523, 84021, 103524]"
114263,"[7131, 44495, 23170, 61956, 33923, 22152, 58849, 29159, 32620, 98781]"
114264,"[74898, 42798, 58214, 64653, 106843, 39638, 88557, 23384, 19086, 65101]"
114265,"[109100, 3027, 14868, 9469, 101089, 83901, 29513, 44527, 78075, 73879]"
114266,"[99447, 64397, 18998, 72791, 4432, 7680, 37186, 1810, 60249, 99308]"
114267,"[14565, 21823, 99952, 39948, 55515, 78407, 19256, 67977, 17963, 48175]"
114268,"[39661, 9201, 46452, 24866, 82709, 59902, 42873, 28179, 67158, 36485]"
114269,"[51889, 99303, 24056, 83598, 8050, 16144, 37982, 15508, 78671, 52032]"
114270,"[81923, 78222, 99353, 35999, 84888, 71111, 84837, 19696, 19649, 82167]"
114271,"[16009, 73444, 70564, 49405, 31952, 79371, 105966, 57813, 94686, 47368]"
114272,"[18424, 12440, 55075, 106726, 8915, 47508, 9548, 74236, 72805, 49998]"
114273,"[96755, 56763, 71843, 68263, 64445, 53933, 91274, 46603, 7798, 71795]"
114274,"[71905, 44637, 80355, 76579, 104412, 78197, 107672, 32335, 13125, 71086]"
114275,"[12748, 81728, 84514, 101421, 16505, 67950, 105757, 55162, 51922, 109538]"
114276,"[3324, 74531, 83929, 63534, 63379, 90552, 341, 25781, 11257, 52204]"
114277,"[21686, 11986, 70948, 58008, 106022, 25160, 56225, 83348, 17809, 71131]"
114278,"[49483, 67809, 12521, 60481, 31721, 41784, 11856, 17800, 98355, 16726]"
114279,"[79528, 68056, 51381, 40151, 68692, 26152, 48575, 52095, 59555, 54979]"
114280,"[49878, 94360, 91946, 921, 18831, 55126, 92071, 29490, 72830, 86440]"
114281,"[46113, 104410, 50794, 45189, 42713, 95252, 28496, 18380, 49077, 19759]"
114282,"[54676, 98096, 38437, 104629, 6107, 2171, 60837, 89577, 87178, 95932]"
114283,"[93710, 52756, 109319, 72283, 57389, 92286, 15345, 97568, 4012, 42497]"
114284,"[86884, 14311, 1392, 90106, 16463, 69957, 58853, 10559, 73940, 97504]"
114285,"[86824, 8739, 95319, 6053, 56930, 50827, 68826, 96317, 3015, 41622]"
114286,"[36049, 60942, 70789, 89304, 6307, 59586, 67600, 16812, 90506, 19970]"
114287,"[104449, 79713, 423, 85533, 7801, 109456, 76601, 102632, 23669, 8757]"
114288,"[79102, 8855, 33942, 12889, 43969, 52544, 18616, 109041, 88002, 32199]"
114289,"[57817, 43221, 93378, 69307, 83164, 54438, 85791, 10600, 63432, 96360]"
114290,"[34772, 35035, 39884, 105869, 82659, 76055, 78123, 5333, 81104, 65087]"
114291,"[42843, 13899, 63008, 41925, 38607, 45297, 102699, 9396, 97424, 22602]"
114292,"[105664, 79000, 38101, 91451, 92219, 86861, 37082, 95657, 80087, 30492]"
114293,"[102428, 102042, 77641, 56871, 97682, 95940, 2514, 43635, 27750, 31373]"
114294,"[10972, 60565, 33721, 45341, 48922, 73419, 14905, 104698, 6489, 109638]"
114295,"[12083, 105417, 15669, 106396, 83350, 62180, 77474, 94334, 97949, 41589]"
114296,"[34862, 17216, 8067, 91406, 103419, 84729, 1744, 34541, 14853, 77786]"
114297,"[71020, 40776, 2565, 67290, 99769, 63211, 44677, 79470, 55867, 101281]"
114298,"[22546, 87993, 89003, 88079, 47338, 70714, 12009, 90329, 63834, 99969]"
114299,"[27818, 113, 31658, 25752, 103207, 10501, 73020, 44549, 78503, 8917]"
114300,"[81540, 3702, 77973, 19954, 36374, 72483, 104590, 89440, 18959, 91661]"
114301,"[15363, 84544, 35590, 36131, 8949, 58919, 85712, 41365, 53838, 50050]"
114302,"[60926, 81561, 37377, 107713, 20941, 47956, 9508, 83770, 71754, 57323]"
114303,"[37245, 85510, 67423, 106634, 104207, 52323, 89272, 60827, 16399, 101068]"
114304,"[14224, 80840, 98615, 109673, 18301, 3438, 84675, 25683, 56590, 32626]"
114305,"[39441, 45276, 87758, 86185, 25136, 79965, 90744, 71301, 63715, 2679]"
114306,"[35910, 18955, 35024, 29654, 56803, 15356, 24491, 25976, 35952, 21325]"
114307,"[84537, 100902, 69240, 17023, 82276, 72448, 18758, 9569, 48412, 36248]"
114308,"[57610, 88705, 17605, 7932, 42855, 96950, 72314, 39991, 67037, 44488]"
114309,"[86069, 55137, 5060, 4656, 42690, 92891, 32143, 80075, 46722, 77001]"
114310,"[5036, 86490, 76574, 59571, 23698, 101788, 18837, 66992, 105405, 30303]"
114311,"[68991, 39100, 13721, 48057, 17030, 27124, 52974, 62256, 89171, 27064]"
114312,"[101797, 89382, 88984, 16167, 16577, 30696, 10387, 61727, 53470, 34315]"
114313,"[24593, 43522, 88106, 70247, 61379, 83941, 98765, 3266, 23294, 15100]"
114314,"[65338, 81460, 28366, 102957, 87472, 52889, 2701, 68732, 83765, 60557]"
114315,"[32504, 8892, 45948, 86725, 66713, 108435, 15178, 63048, 41755, 20389]"
114316,"[75871, 86658, 103390, 62886, 107001, 68721, 12164, 6645, 16933, 22027]"
114317,"[52891, 38262, 23922, 63412, 77978, 31579, 17746, 82088, 35234, 97493]"
114318,"[50568, 108520, 105192, 90694, 63441, 36479, 29874, 57788, 23277, 38905]"
114319,"[13759, 18823, 55853, 17473, 27547, 76909, 21597, 99770, 63645, 6521]"
114320,"[273, 91906, 23491, 100082, 99057, 39911, 46831, 88676, 2159, 27478]"
114321,"[4121, 34824, 18804, 81099, 95133, 5716, 107000, 98754, 81716, 96136]"
114322,"[18674, 40747, 96485, 72975, 39262, 60139, 71913, 43426, 43377, 53493]"
114323,"[29644, 799, 6268, 19504, 34742, 83279, 64749, 98633, 109247, 27323]"
114324,"[16153, 26399, 27997, 73382, 78265, 82250, 27369, 52730, 12141, 72959]"
114325,"[87208, 14967, 88746, 54940, 30452, 70589, 70722, 97221, 17345, 55427]"
114326,"[105385, 87920, 9717, 10413, 94935, 99261, 54991, 68605, 52042, 97728]"
114327,"[64128, 33595, 44082, 24812, 54952, 21201, 78634, 66682, 14619, 52129]"
114328,"[66540, 2502, 31066, 35203, 61166, 86520, 95858, 81836, 38190, 44948]"
114329,"[81994, 67983, 59016, 61902, 50679, 7658, 31341, 81798, 60610, 83971]"
114330,"[65695, 25203, 108028, 59415, 95933, 81230, 57336, 1311, 60809, 53544]"
114331,"[81398, 79301, 55290, 99211, 43218, 100764, 12363, 54610, 19932, 85601]"
114332,"[95424, 65270, 52947, 16045, 56472, 34900, 13010, 17510, 66556, 73880]"
114333,"[86215, 103261, 15674, 79901, 101902, 91217, 10661, 23448, 38786, 100994]"
114334,"[34242, 55842, 49353, 3515, 57216, 7549, 42682, 91350, 48901, 46772]"
114335,"[5263, 99956, 15734, 68026, 89284, 3729, 31065, 37736, 66782, 87555]"
114336,"[36100, 107129, 26968, 37792, 46847, 64845, 4050, 90531, 37639, 38520]"
114337,"[97044, 43039, 46975, 107738, 7491, 22522, 24626, 12899, 63569, 39930]"
114338,"[30010, 80524, 75768, 82421, 104042, 13556, 105604, 94814, 10002, 90105]"
114339,"[103233, 73805, 97575, 1185, 15095, 81620, 88653, 13026, 71273, 21144]"
114340,"[80281, 17834, 32027, 85511, 106089, 95625, 103754, 64579, 16979, 26473]"
114341,"[29785, 101456, 75874, 96302, 78842, 46557, 38052, 48380, 30611, 13344]"
114342,"[43656, 59653, 1137, 35459, 16403, 13562, 55345, 66111, 77212, 63672]"
114343,"[56152, 15906, 91912, 36902, 41265, 70681, 60585, 4191, 34969, 109507]"
114344,"[57860, 59763, 89353, 93294, 92077, 67662, 44054, 19545, 81214, 19073]"
114345,"[4565, 4347, 11121, 93702, 38186, 29609, 56883, 28214, 41038, 52863]"
114346,"[42458, 46397, 93839, 22002, 3908, 17237, 3825, 30804, 2394, 35421]"
114347,"[25952, 97530, 67673, 11199, 88255, 20670, 81422, 5421, 102970, 35128]"
114348,"[36387, 11377, 583, 93935, 6622, 93830, 75670, 61214, 22202, 14654]"
114349,"[24055, 71154, 42991, 14526, 93756, 98849, 67859, 95755, 106639, 57100]"
114350,"[72944, 56685, 54057, 89864, 67458, 99725, 65997, 66438, 31198, 5427]"
114351,"[81234, 71030, 41121, 19068, 4977, 24245, 94448, 92386, 13188, 48736]"
114352,"[32068, 52160, 41405, 90184, 95458, 98903, 83173, 51443, 6564, 17871]"
114353,"[45665, 88713, 92949, 94129, 15878, 48434, 90029, 8366, 32889, 74432]"
114354,"[106180, 45886, 39411, 107125, 90160, 79590, 72639, 35600, 67580, 55409]"
114355,"[61105, 3532, 17664, 58614, 14683, 76267, 85829, 41719, 42576, 74627]"
114356,"[20557, 85111, 102121, 102066, 57201, 26028, 15241, 36462, 68916, 87025]"
114357,"[39747, 104058, 69253, 53105, 63554, 88388, 55240, 10892, 103463, 7149]"
114358,"[21819, 105709, 1395, 73612, 74159, 28746, 76577, 48634, 35385, 89807]"
114359,"[23809, 55976, 103485, 99846, 85987, 94575, 19668, 74612, 5232, 59622]"
114360,"[47194, 53173, 50260, 82339, 58866, 103648, 60992, 63462, 39984, 58037]"
114361,"[41318, 85557, 30646, 5030, 17873, 68198, 51649, 22193, 64989, 70989]"
114362,"[54279, 32672, 69435, 72518, 7197, 76724, 47903, 96420, 27420, 83064]"
114363,"[25856, 68146, 20304, 105511, 70061, 41269, 19700, 33029, 105369, 13728]"
114364,"[74608, 19129, 92973, 67127, 94791, 54168, 17718, 91805, 68979, 64013]"
114365,"[15542, 100651, 31661, 2387, 93615, 44459, 90147, 23012, 39119, 54992]"
114366,"[50803, 2241, 15880, 40910, 25140, 98756, 66302, 109081, 72006, 74838]"
114367,"[92686, 78068, 19102, 75355, 107080, 60103, 1596, 20587, 30765, 75661]"
114368,"[30911, 85270, 39439, 54916, 59840, 45541, 72766, 107057, 66650, 79653]"
114369,"[46819, 14605, 12629, 87458, 62993, 57538, 99255, 88856, 100813, 80693]"
114370,"[26649, 1419, 1494, 28992, 67021, 31980, 57168, 30228, 81926, 30093]"
114371,"[50536, 33251, 46843, 97599, 71160, 23004, 49597, 66484, 55525, 81961]"
114372,"[65803, 4891, 33855, 88799, 15003, 56817, 99473, 82502, 75607, 31953]"
114373,"[103181, 38093, 36102, 44252, 93001, 32392, 13941, 102422, 100688, 31789]"
114374,"[95380, 107306, 38663, 89896, 9920, 2131, 8961, 67622, 11332, 100761]"
114375,"[88264, 21985, 75872, 35430, 94842, 78453, 6904, 55913, 108217, 69234]"
114376,"[95016, 88831, 70012, 30685, 39902, 108317, 103516, 22410, 54098, 26189]"
114377,"[84607, 25629, 13105, 26928, 41636, 3393, 36725, 44702, 28688, 82180]"
114378,"[67548, 54435, 51147, 43499, 41543, 80755, 85647, 83695, 12151, 89836]"
114379,"[66995, 31867, 24075, 71541, 44217, 38180, 90006, 73866, 24420, 61311]"
114380,"[53510, 69366, 81854, 108716, 19705, 26521, 99087, 33127, 84011, 92262]"
114381,"[32151, 31853, 2822, 107113, 86500, 37887, 41806, 41618, 90255, 87892]"
114382,"[23173, 49910, 8656, 58824, 101882, 33194, 109660, 69925, 54553, 76248]"
114383,"[88874, 61232, 55704, 22930, 105328, 3842, 63821, 64995, 89817, 64650]"
114384,"[83880, 101131, 97502, 51904, 28610, 98012, 83440, 60766, 68814, 95645]"
114385,"[60027, 60115, 108244, 62989, 2916, 96908, 60475, 60658, 9429, 34489]"
114386,"[17682, 59720, 50213, 74510, 20000, 10398, 51132, 71488, 57346, 98570]"
114387,"[41411, 48266, 69893, 19304, 104344, 97396, 59697, 90683, 104770, 10369]"
114388,"[60753, 84323, 21226, 7774, 58341, 23351, 15681, 59186, 1069, 72093]"
114389,"[57756, 52096, 3995, 38335, 80372, 106518, 47920, 103210, 86523, 86795]"
114390,"[77409, 32326, 64800, 8069, 14318, 83360, 48102, 108218, 91510, 95231]"
114391,"[27286, 9766, 58635, 96233, 96860, 74007, 31735, 102482, 83924, 66332]"
114392,"[44609, 78297, 5074, 8472, 35351, 87259, 68469, 46478, 17167, 55313]"
114393,"[95368, 106818, 3439, 70411, 65567, 97873, 46045, 38428, 10596, 44065]"
114394,"[65214, 80711, 83968, 21135, 97984, 85343, 16269, 23293, 16836, 107931]"
114395,"[6103, 46075, 96725, 53940, 74332, 85323, 25411, 70484, 73306, 5744]"
114396,"[105042, 10639, 48812, 52045, 70424, 95227, 49835, 102139, 54715, 25929]"
114397,"[44185, 43434, 9398, 96989, 16080, 41683, 87639, 49908, 19240, 37145]"
114398,"[54671, 44430, 56205, 107276, 22995, 35797, 32603, 50668, 34567, 82756]"
114399,"[69831, 56563, 40234, 23537, 90281, 108858, 11843, 56191, 17953, 91839]"
114400,"[103952, 93988, 6820, 100880, 7813, 56074, 59689, 88408, 95183, 66956]"
114401,"[38025, 99755, 38308, 90767, 80856, 38268, 76694, 61368, 25615, 85218]"
114402,"[27704, 12230, 88159, 3098, 70290, 69133, 87241, 95262, 60976, 25946]"
114403,"[68030, 75829, 26734, 12358, 813, 67395, 64924, 93759, 42694, 72799]"
114404,"[56828, 103294, 34118, 34741, 16196, 108711, 31149, 109089, 16542, 28276]"
114405,"[23733, 49921, 27917, 9835, 84013, 3519, 52238, 7526, 73594, 6952]"
114406,"[105157, 42034, 107904, 66963, 30103, 100780, 2167, 83052, 11477, 70697]"
114407,"[59071, 3249, 93595, 28696, 31573, 74046, 527, 15546, 45507, 57264]"
114408,"[97854, 106059, 8755, 16200, 98142, 17558, 74561, 80014, 54251, 65193]"
114409,"[57723, 7686, 91127, 36877, 34633, 38921, 96119, 6999, 49730, 71928]"
114410,"[80647, 29038, 89818, 21467, 40358, 106848, 34806, 20719, 99905, 96543]"
114411,"[43909, 99798, 12960, 68504, 57063, 74610, 92416, 102218, 109067, 108061]"
114412,"[46413, 6101, 97672, 40731, 96799, 65042, 39740, 59568, 103227, 73615]"
114413,"[6928, 69409, 31091, 72368, 42610, 93356, 80452, 77547, 104609, 6930]"
114414,"[22590, 21477, 100720, 106821, 17316, 89867, 100596, 24576, 65435, 47916]"
114415,"[2955, 93661, 44904, 22274, 11100, 18157, 57579, 41007, 100081, 77239]"
114416,"[54986, 53392, 23595, 13521, 43367, 5150, 93064, 77601, 21215, 56431]"
114417,"[50794, 45189, 42713, 95252, 7957, 87953, 104410, 28496, 18380, 56369]"
114418,"[84941, 90206, 29243, 46032, 55971, 48911, 106234, 20714, 60176, 57159]"
114419,"[50300, 85465, 10609, 15379, 57999, 33537, 9188, 559, 62599, 58206]"
114420,"[22650, 315, 5786, 11601, 102370, 20962, 63036, 84386, 66691, 21016]"
114421,"[20244, 26287, 54507, 8076, 35860, 14505, 34863, 84216, 14164, 74097]"
114422,"[53043, 67807, 101704, 2327, 86240, 46427, 73929, 7753, 43779, 34279]"
114423,"[3475, 108008, 72955, 16936, 8910, 13911, 97548, 22654, 36513, 69778]"
114424,"[94573, 80968, 76248, 54551, 87732, 21314, 71789, 80161, 67500, 77333]"
114425,"[75371, 85704, 15326, 2913, 96652, 93118, 48723, 48057, 98417, 104451]"
114426,"[73978, 5757, 203, 106889, 104382, 40157, 37344, 105355, 27610, 49637]"
114427,"[75036, 103939, 13666, 51461, 25848, 5930, 73732, 30720, 39076, 54066]"
114428,"[59126, 10270, 10291, 67915, 15089, 34373, 35818, 18204, 15092, 65070]"
114429,"[69972, 31629, 45593, 22827, 34095, 42667, 105151, 63192, 8285, 10487]"
114430,"[26329, 106394, 88534, 104281, 103379, 4640, 81944, 43392, 12771, 102969]"
114431,"[64774, 82987, 80999, 97854, 63675, 106059, 8755, 101176, 53175, 105460]"
114432,"[82211, 47021, 96858, 2537, 33015, 3347, 67191, 61022, 95501, 708]"
114433,"[80091, 44470, 14230, 38141, 41294, 105207, 79816, 71725, 62489, 88656]"
114434,"[89067, 25503, 16645, 20816, 63791, 285, 281, 94142, 100873, 70995]"
114435,"[31956, 31077, 86887, 42575, 40, 44667, 14762, 38900, 82365, 89666]"
114436,"[96326, 7472, 58061, 71256, 32612, 81304, 55671, 89280, 23168, 64203]"
114437,"[22190, 60652, 21405, 46231, 51298, 2869, 55035, 93626, 31492, 84904]"
114438,"[84476, 84192, 54657, 33436, 36429, 39890, 86983, 31439, 104250, 7460]"
114439,"[91706, 87192, 57739, 40181, 405, 78951, 12940, 15981, 70521, 70250]"
114440,"[41794, 36811, 90840, 101238, 46216, 23128, 76861, 47405, 2105, 26418]"
114441,"[71919, 93247, 103903, 42919, 73597, 78147, 44145, 87718, 66955, 87361]"
114442,"[92035, 3871, 109759, 10137, 10828, 69006, 59250, 46952, 73006, 21893]"
114443,"[87865, 34553, 88306, 47256, 24931, 94913, 106857, 56356, 91958, 10249]"
114444,"[60446, 67327, 100249, 36390, 5076, 81366, 38929, 82329, 85823, 47991]"
114445,"[880, 91392, 46169, 23523, 69389, 105619, 13858, 33899, 43818, 23713]"
114446,"[24228, 94718, 92283, 20524, 38055, 7578, 55747, 40302, 43056, 105872]"
114447,"[96833, 34847, 18558, 15521, 32587, 50728, 13130, 74934, 18578, 35186]"
114448,"[122, 86659, 50908, 838, 61738, 50572, 30890, 50810, 62109, 74032]"
114449,"[44255, 42636, 80466, 12967, 27346, 50637, 63229, 107734, 55569, 4364]"
114450,"[93821, 29621, 351, 34054, 53370, 16650, 106811, 11732, 70786, 85482]"
114451,"[82150, 90450, 48685, 19351, 52304, 50405, 76026, 102922, 107472, 72787]"
114452,"[88342, 18280, 20189, 100881, 32029, 48523, 43491, 55857, 28708, 106530]"
114453,"[61836, 48487, 52375, 108426, 44731, 40954, 85396, 82630, 98186, 29463]"
114454,"[102382, 75884, 78261, 63966, 104676, 13896, 87536, 103030, 88013, 69609]"
114455,"[14866, 59217, 69770, 102614, 42988, 55472, 102091, 19525, 4533, 67523]"
114456,"[79486, 90946, 27758, 97748, 44428, 60087, 26247, 54221, 82654, 90696]"
114457,"[26006, 17039, 20628, 21439, 75834, 1650, 103560, 27498, 84298, 88548]"
114458,"[81265, 18610, 41402, 99402, 51007, 6410, 26390, 66615, 37940, 27010]"
114459,"[75265, 73162, 95959, 67250, 64166, 72647, 105290, 63744, 11825, 61587]"
114460,"[60817, 77906, 103830, 43130, 51187, 69773, 67712, 61662, 91249, 92881]"
114461,"[17134, 99199, 74912, 76866, 95799, 95418, 25909, 50472, 44512, 82161]"
114462,"[98028, 89032, 5616, 50470, 63633, 25980, 107921, 80924, 107255, 26990]"
114463,"[94240, 92078, 62964, 79293, 7046, 35413, 3382, 97709, 50492, 55805]"
114464,"[67699, 102180, 31001, 689, 2438, 89899, 89064, 25943, 89381, 99299]"
114465,"[6358, 96678, 60187, 22260, 98859, 88445, 14938, 16796, 52179, 31973]"
114466,"[39421, 70885, 67974, 63561, 75087, 13668, 56421, 109224, 6857, 75664]"
114467,"[97251, 105100, 12310, 89248, 68176, 32169, 52662, 55956, 88413, 35006]"
114468,"[75714, 28434, 3445, 60326, 89338, 82318, 58379, 51400, 104505, 75215]"
114469,"[93734, 67511, 71528, 26926, 74162, 88533, 37474, 23512, 64771, 107531]"
114470,"[79992, 65939, 8385, 62730, 10595, 104015, 42515, 30406, 86161, 76735]"
114471,"[87117, 90323, 19084, 22746, 46312, 90931, 39633, 50534, 78601, 4053]"
114472,"[73204, 69473, 86233, 45192, 50282, 5042, 17667, 41193, 89359, 71443]"
114473,"[11329, 3356, 82682, 90550, 86589, 38555, 4929, 16177, 60930, 54023]"
114474,"[74442, 80142, 27429, 46939, 87296, 56945, 81617, 28762, 62177, 23054]"
114475,"[56837, 47038, 42554, 92924, 104930, 23382, 7624, 69575, 79543, 31124]"
114476,"[95124, 50016, 20250, 79149, 1362, 9087, 11526, 50579, 14540, 45065]"
114477,"[104184, 10082, 2378, 24585, 878, 49797, 83992, 86529, 24983, 9883]"
114478,"[81576, 99050, 13741, 72895, 58283, 95039, 8190, 54351, 95073, 31682]"
114479,"[17791, 106004, 34143, 89661, 102369, 109301, 96172, 60770, 9922, 100160]"
114480,"[54024, 7442, 16171, 18841, 94333, 16256, 69234, 6904, 98501, 2729]"
114481,"[32377, 67177, 8252, 53903, 75937, 6903, 109596, 1534, 63212, 51721]"
114482,"[24769, 41805, 96096, 99484, 66877, 66442, 76178, 85596, 7779, 1475]"
114483,"[23200, 776, 104127, 28202, 62535, 48991, 34242, 3515, 23377, 29846]"
114484,"[58125, 85537, 36986, 35105, 4772, 73694, 3730, 102398, 19536, 101109]"
114485,"[8983, 71949, 47005, 74252, 32671, 5079, 78201, 66147, 14867, 7758]"
114486,"[50801, 79641, 92986, 52990, 66935, 11133, 72330, 55708, 89326, 91044]"
114487,"[95270, 49850, 12803, 71505, 25224, 5734, 76023, 75611, 3239, 40344]"
114488,"[38308, 43332, 39778, 99755, 557, 52315, 941, 86025, 7359, 8310]"
114489,"[957, 25493, 105820, 54693, 17729, 76151, 21119, 59439, 65688, 52246]"
114490,"[77931, 44880, 79494, 19758, 14114, 49400, 98718, 66483, 11047, 23734]"
114491,"[13711, 29410, 90957, 29352, 85272, 50109, 90319, 58559, 58025, 74749]"
114492,"[55683, 8790, 1413, 90503, 99548, 99196, 14005, 69480, 43993, 67810]"
114493,"[21055, 7393, 59052, 52638, 29263, 64710, 67844, 60980, 99447, 25388]"
114494,"[31907, 107141, 62056, 807, 83793, 76647, 46501, 64745, 75186, 31672]"
114495,"[47377, 41899, 78892, 109022, 19303, 10654, 4446, 69357, 43545, 47829]"
114496,"[35602, 102527, 84662, 51735, 67124, 86522, 55816, 37368, 91459, 37162]"
114497,"[47083, 56383, 41334, 31025, 69354, 96601, 65089, 43719, 89361, 80439]"
114498,"[96594, 10795, 63976, 19127, 10581, 68296, 90356, 24086, 88121, 73561]"
114499,"[93986, 16981, 62170, 103149, 23281, 347, 65339, 108668, 49761, 24287]"
114500,"[87438, 39896, 108023, 17498, 99642, 90695, 11832, 108033, 94738, 48442]"
114501,"[8310, 105851, 557, 33908, 86025, 38308, 7359, 73829, 4926, 65422]"
114502,"[108187, 107289, 101662, 109008, 77937, 81771, 39093, 93954, 33404, 56226]"
114503,"[90502, 51420, 42934, 77771, 10895, 2642, 104002, 22140, 1139, 106790]"
114504,"[56137, 72125, 17614, 5651, 49782, 72485, 61351, 32409, 30188, 38742]"
114505,"[96581, 10309, 13644, 108826, 65195, 68425, 52799, 103427, 31307, 103932]"
114506,"[101815, 108351, 65961, 3088, 10781, 78380, 98390, 78556, 97994, 9648]"
114507,"[26950, 45112, 8523, 47917, 61639, 21165, 106175, 36037, 42647, 41017]"
114508,"[84791, 10675, 51343, 45575, 106905, 70540, 61608, 5192, 88448, 58646]"
114509,"[91727, 63833, 40046, 81430, 1048, 46111, 84437, 3739, 80293, 35696]"
114510,"[97510, 37432, 50234, 77178, 13930, 52655, 42251, 4022, 81490, 98450]"
114511,"[96201, 84862, 77930, 96254, 37783, 64474, 56521, 42099, 81949, 53304]"
114512,"[15211, 75201, 104239, 102747, 5871, 9720, 61697, 45273, 42317, 60975]"
114513,"[14518, 53779, 97241, 58525, 53810, 74606, 46799, 23923, 7956, 61463]"
114514,"[68552, 99063, 71237, 74243, 45438, 3052, 65254, 17517, 85663, 46176]"
114515,"[70938, 83991, 6124, 96467, 23793, 35857, 43065, 45663, 52532, 13168]"
114516,"[75019, 54326, 33161, 64669, 30608, 52291, 87327, 98019, 23753, 36820]"
114517,"[106843, 74285, 63866, 97588, 25360, 89112, 22691, 107867, 71663, 91662]"
114518,"[55580, 8515, 83693, 2963, 22143, 72308, 45648, 54248, 25536, 24527]"
114519,"[49286, 71615, 56362, 82277, 79856, 26538, 75182, 83587, 5762, 14512]"
114520,"[16516, 2954, 55905, 10802, 24222, 101688, 91863, 57774, 64782, 100562]"
114521,"[23738, 30976, 14207, 6500, 104141, 34556, 99525, 81326, 47017, 68344]"
114522,"[71644, 43806, 98448, 92296, 99843, 10347, 47217, 109223, 79586, 57945]"
114523,"[106060, 103670, 70505, 38777, 39042, 25932, 25049, 99538, 76402, 1959]"
114524,"[68278, 33062, 29559, 45000, 11891, 77879, 65332, 105883, 1769, 75144]"
114525,"[102459, 82351, 105579, 17194, 80779, 46713, 5947, 102485, 36272, 36236]"
114526,"[528, 6058, 24555, 42755, 31708, 53009, 5696, 63133, 53000, 58975]"
114527,"[97673, 66250, 52092, 41797, 51879, 103690, 99628, 13160, 24084, 70773]"
114528,"[35799, 34355, 28956, 79718, 84971, 3518, 42256, 7670, 19874, 84253]"
114529,"[16114, 103537, 90073, 106424, 104470, 17424, 30522, 67827, 86930, 89785]"
114530,"[92997, 45259, 16363, 97727, 6565, 84117, 21138, 52216, 74293, 95461]"
114531,"[68999, 55074, 53871, 68398, 8371, 28570, 53857, 106493, 89740, 74232]"
114532,"[97483, 98615, 104011, 98422, 21389, 49840, 42459, 84496, 39261, 9177]"
114533,"[91622, 92121, 55159, 83659, 55039, 6345, 4103, 63589, 105472, 5175]"
114534,"[88332, 87622, 15843, 75560, 52474, 105624, 94945, 3603, 107200, 100103]"
114535,"[48930, 21961, 85665, 62821, 3168, 40073, 95295, 98201, 76801, 94159]"
114536,"[9586, 90965, 10983, 94543, 45415, 55465, 56889, 37218, 75591, 82950]"
114537,"[98023, 20829, 53233, 73028, 43713, 1081, 60697, 34149, 11927, 89981]"
114538,"[99800, 26102, 19512, 78622, 4299, 13167, 57196, 84015, 72790, 96500]"
114539,"[58657, 47980, 68155, 62353, 54031, 103265, 22403, 84037, 62747, 10533]"
114540,"[42329, 100484, 100481, 95958, 24873, 20374, 81473, 90781, 75299, 89007]"
114541,"[26293, 4422, 79341, 71075, 53622, 2956, 58359, 107416, 30957, 108179]"
114542,"[90612, 58726, 14988, 79001, 102723, 72038, 40019, 78568, 17509, 39295]"
114543,"[29960, 35092, 49, 85956, 98889, 22631, 11145, 105513, 20211, 39032]"
114544,"[85408, 899, 100685, 64839, 2588, 24395, 105056, 40161, 55598, 25091]"
114545,"[100883, 59439, 101287, 9679, 100828, 60903, 75141, 97049, 91610, 24136]"
114546,"[29181, 35262, 15073, 101800, 109159, 24523, 79120, 56291, 80863, 99140]"
114547,"[83941, 97185, 10674, 12876, 18786, 61379, 88106, 44393, 108578, 62270]"
114548,"[82677, 6610, 99146, 103632, 10956, 56896, 5594, 86252, 55420, 80686]"
114549,"[6912, 85161, 59769, 42363, 84293, 24332, 11258, 100625, 105180, 84518]"
114550,"[77339, 22883, 97562, 95207, 74672, 84762, 9182, 49566, 69197, 79867]"
114551,"[55148, 3389, 610, 41622, 43083, 109194, 105032, 76236, 9625, 56930]"
114552,"[11057, 22671, 58182, 1129, 73867, 56542, 43511, 65172, 11110, 87080]"
114553,"[26269, 102524, 106103, 65431, 29757, 38435, 89343, 87596, 65218, 70229]"
114554,"[93808, 71784, 100963, 99179, 59510, 19139, 4853, 17211, 62828, 8155]"
114555,"[25577, 83380, 28011, 86905, 106785, 107571, 84093, 11480, 47735, 97764]"
114556,"[30122, 57552, 18818, 103378, 17425, 27878, 41615, 45232, 19431, 49152]"
114557,"[13309, 63398, 25923, 3777, 72353, 89357, 104651, 32311, 100344, 21881]"
114558,"[32706, 25005, 11566, 62117, 84883, 66020, 3609, 42770, 8437, 5794]"
114559,"[7163, 96714, 95528, 46966, 56111, 67719, 58481, 21398, 103399, 77307]"
114560,"[26787, 30974, 8229, 15, 14798, 83095, 2988, 71209, 25199, 3672]"
114561,"[19370, 6746, 67619, 45933, 35394, 103470, 80791, 16219, 80998, 104181]"
114562,"[66704, 104252, 69222, 41059, 67383, 53494, 88857, 96966, 65552, 51937]"
114563,"[61505, 23093, 88872, 39660, 103319, 3034, 60593, 103447, 53357, 37748]"
114564,"[56810, 10815, 5001, 28585, 77977, 93152, 17132, 32690, 96505, 98321]"
114565,"[109693, 99566, 49054, 37447, 75488, 75065, 75092, 86609, 69686, 83335]"
114566,"[64624, 67994, 82103, 55734, 99195, 102447, 51826, 90422, 60530, 45011]"
114567,"[70578, 82743, 47424, 3259, 29478, 11131, 43894, 63567, 90301, 68448]"
114568,"[78463, 80061, 35119, 32483, 92302, 107383, 68543, 45876, 14913, 82493]"
114569,"[6236, 57684, 40633, 92129, 54076, 98266, 82516, 64757, 52493, 33136]"
114570,"[67813, 72109, 46571, 4435, 43875, 60989, 65828, 14024, 18994, 64811]"
114571,"[22230, 21141, 84693, 36638, 54886, 2965, 53999, 37346, 64646, 35449]"
114572,"[33987, 74131, 71686, 48424, 40109, 95152, 22259, 14392, 40005, 823]"
114573,"[81545, 76273, 8564, 61178, 49087, 61055, 84495, 54421, 81554, 10153]"
114574,"[104606, 85760, 26212, 59953, 98123, 22843, 70779, 59223, 75114, 57154]"
114575,"[96240, 54228, 39068, 72987, 25936, 18255, 66635, 108162, 81521, 5828]"
114576,"[21263, 90816, 104218, 69441, 20060, 29494, 16773, 74993, 79468, 17472]"
114577,"[72126, 29064, 94959, 66500, 57239, 39325, 66093, 105067, 47346, 52888]"
114578,"[20502, 101076, 20582, 86842, 89275, 104215, 100132, 35549, 27984, 67424]"
114579,"[33274, 94803, 98513, 3121, 2638, 66941, 32663, 109113, 14579, 31999]"
114580,"[108213, 27775, 52744, 49261, 1284, 81463, 100670, 69699, 49759, 14232]"
114581,"[72470, 88900, 79469, 19959, 23546, 25236, 61112, 91584, 8655, 13073]"
114582,"[17534, 84724, 96729, 32194, 35686, 28776, 19356, 92516, 98815, 67429]"
114583,"[104557, 45564, 14477, 98014, 58811, 39055, 45380, 87307, 26356, 59982]"
114584,"[15866, 41375, 101732, 91522, 43568, 78903, 92386, 20864, 27563, 44776]"
114585,"[56418, 20254, 84771, 30244, 63533, 79152, 18853, 5835, 76681, 29786]"
114586,"[109236, 88977, 59347, 84281, 74415, 59119, 46108, 16548, 4623, 47214]"
114587,"[94732, 53126, 67412, 61046, 67473, 66423, 38375, 38779, 17054, 39342]"
114588,"[26875, 52022, 5214, 38799, 55854, 95716, 37191, 44555, 70928, 38165]"
114589,"[39202, 78849, 13063, 80396, 6749, 59919, 51674, 24791, 60821, 106100]"
114590,"[66543, 25023, 22135, 67722, 57171, 18893, 97120, 52431, 59040, 109142]"
114591,"[74031, 16182, 106922, 95455, 14581, 97623, 102077, 68118, 86434, 68886]"
114592,"[28007, 108182, 77644, 65371, 92399, 8672, 33413, 63013, 12179, 40138]"
114593,"[105129, 46833, 77027, 349, 81672, 80055, 32904, 64895, 39312, 33799]"
114594,"[31832, 47268, 74023, 1450, 35749, 91455, 41453, 13146, 61739, 37106]"
114595,"[26554, 100272, 50440, 33720, 12789, 79631, 26838, 25071, 45977, 39474]"
114596,"[6784, 69975, 86047, 34886, 56026, 12003, 30998, 77553, 48289, 9709]"
114597,"[17494, 106915, 31251, 87525, 58940, 93969, 49726, 23303, 30966, 51169]"
114598,"[91217, 3386, 29701, 24768, 77251, 70231, 103261, 38284, 24792, 100994]"
114599,"[54089, 75653, 40248, 29546, 56329, 28940, 73735, 34304, 37810, 23664]"
114600,"[980, 90828, 35194, 30602, 28277, 35939, 25595, 1200, 24414, 82269]"
114601,"[663, 41615, 31016, 41990, 1812, 16969, 19431, 63442, 64112, 4495]"
114602,"[4999, 93725, 109666, 90606, 27728, 105488, 20779, 38774, 88570, 91593]"
114603,"[94428, 101574, 89544, 87780, 101338, 88308, 70650, 17224, 4589, 25346]"
114604,"[41191, 24599, 29391, 74395, 11724, 88001, 29407, 51614, 36057, 19176]"
114605,"[12200, 52653, 105547, 14307, 10593, 22268, 46816, 86502, 11324, 47005]"
114606,"[4033, 43822, 6430, 28663, 10435, 436, 52943, 92293, 40136, 61283]"
114607,"[13917, 73027, 31476, 67476, 24258, 1734, 69433, 91279, 23103, 40497]"
114608,"[48544, 81970, 66102, 88083, 38221, 22946, 101018, 101134, 6584, 26576]"
114609,"[53557, 30336, 23448, 63201, 81606, 1641, 60727, 38786, 45447, 26582]"
114610,"[14892, 15866, 76197, 53224, 101732, 104271, 92386, 64919, 96575, 25674]"
114611,"[69805, 37115, 8977, 57729, 45073, 88149, 597, 76847, 63162, 7291]"
114612,"[17987, 46381, 108867, 60812, 565, 5117, 24839, 61050, 39629, 26086]"
114613,"[9065, 57299, 45265, 56226, 35762, 101662, 53317, 50333, 102316, 50043]"
114614,"[83799, 57054, 69191, 89960, 45805, 5499, 180, 50355, 13700, 15433]"
114615,"[80166, 43663, 60390, 32485, 56818, 73446, 99709, 34646, 24483, 60304]"
114616,"[53470, 34315, 38545, 101797, 44630, 91028, 70295, 35366, 30696, 88984]"
114617,"[95837, 8793, 83803, 102540, 44106, 12660, 92266, 63437, 89675, 65423]"
114618,"[100794, 3972, 32119, 61869, 12807, 79209, 45123, 84665, 49190, 103249]"
114619,"[22298, 55517, 26475, 29783, 43425, 13688, 17627, 14750, 23908, 78539]"
114620,"[69954, 104770, 40667, 77111, 86553, 36572, 66309, 11979, 29150, 105111]"
114621,"[52298, 90795, 78100, 30745, 35820, 8408, 69792, 4094, 91965, 63493]"
114622,"[3447, 82515, 61718, 86772, 106698, 60502, 4965, 41764, 32020, 100330]"
114623,"[91262, 36780, 9844, 91513, 73978, 48045, 5757, 203, 21835, 106889]"
114624,"[91374, 92670, 6778, 56919, 78185, 63202, 48514, 85597, 33197, 57517]"
114625,"[23098, 89778, 64092, 99778, 59112, 87030, 82328, 19434, 31011, 52488]"
114626,"[45128, 94141, 52671, 81445, 73917, 9870, 38507, 51538, 90104, 98942]"
114627,"[10742, 62444, 94172, 30342, 4649, 14179, 73457, 79597, 105207, 89461]"
114628,"[105208, 58160, 6021, 17762, 48322, 101462, 29799, 7219, 41177, 25085]"
114629,"[105530, 88726, 20590, 12306, 56653, 15174, 61788, 17859, 47869, 74796]"
114630,"[79588, 31280, 75568, 95438, 34875, 49528, 34305, 19731, 18273, 15443]"
114631,"[62124, 100130, 64142, 5253, 23404, 84915, 33528, 72442, 16976, 89472]"
114632,"[38154, 19616, 60426, 83053, 53069, 49187, 42309, 75203, 23082, 17304]"
114633,"[8155, 48155, 79581, 17211, 31652, 23905, 93633, 101455, 32336, 93808]"
114634,"[9852, 68863, 4141, 57521, 95480, 82476, 11993, 65881, 3905, 98361]"
114635,"[76630, 102690, 25435, 70673, 49365, 35545, 55558, 64770, 17882, 99465]"
114636,"[86254, 35597, 26097, 41155, 46212, 101633, 41067, 65194, 14823, 66401]"
114637,"[3577, 109680, 91929, 30872, 24626, 12899, 63569, 76, 46975, 10090]"
114638,"[106115, 41440, 3136, 80462, 18820, 51140, 74006, 44578, 98121, 68475]"
114639,"[82401, 103423, 34379, 43925, 46978, 107816, 60785, 27159, 97274, 34440]"
114640,"[5340, 44322, 50017, 73006, 82547, 75456, 41225, 9250, 10828, 92035]"
114641,"[46829, 32519, 21660, 71861, 108133, 30886, 34115, 78492, 75949, 70931]"
114642,"[80556, 92739, 78904, 82758, 90081, 28901, 15755, 20163, 91697, 45769]"
114643,"[3284, 59241, 85692, 7416, 21412, 2819, 86053, 41583, 82320, 67114]"
114644,"[63949, 63485, 92183, 89579, 10651, 61825, 85797, 109514, 10994, 79253]"
114645,"[8470, 19657, 89399, 36279, 98194, 5169, 7618, 72360, 43667, 109461]"
114646,"[44519, 5001, 42106, 100835, 76583, 25799, 32690, 6627, 70674, 28133]"
114647,"[83623, 9298, 83744, 52930, 74408, 6901, 99572, 31425, 6396, 107537]"
114648,"[101327, 11919, 58614, 14683, 85829, 76267, 3532, 61105, 67846, 17932]"
114649,"[72376, 15579, 90107, 64395, 40256, 49135, 65281, 96368, 101115, 80490]"
114650,"[61875, 49991, 63262, 47671, 108499, 102895, 66319, 51351, 66180, 6165]"
114651,"[78856, 65203, 26192, 57926, 50811, 81369, 20033, 82549, 109452, 37994]"
114652,"[7315, 61075, 10230, 51802, 26352, 6352, 101387, 107967, 103402, 88852]"
114653,"[9652, 96907, 10597, 63357, 30164, 43251, 95998, 9473, 42730, 97261]"
114654,"[80873, 63793, 98015, 101106, 67358, 27488, 72636, 20139, 109400, 61599]"
114655,"[101194, 65605, 82932, 88124, 44154, 1184, 46112, 79674, 47681, 101394]"
114656,"[17540, 72902, 109591, 95737, 52273, 32327, 14959, 94588, 12516, 38411]"
114657,"[14784, 99005, 83584, 33122, 38222, 16956, 74600, 58661, 15391, 16445]"
114658,"[87317, 38551, 44605, 91015, 95211, 28468, 49166, 97902, 51678, 71547]"
114659,"[15137, 36732, 64000, 66381, 24469, 28072, 54566, 89935, 12233, 22891]"
114660,"[67566, 94535, 84823, 40895, 65346, 13057, 107470, 103981, 84473, 35121]"
114661,"[108389, 102948, 56545, 96121, 86408, 42833, 34383, 46368, 20801, 58360]"
114662,"[27432, 71362, 9051, 18491, 64878, 95318, 30484, 71001, 31709, 44928]"
114663,"[41093, 105964, 24101, 80557, 29679, 25030, 33272, 37693, 4624, 82068]"
114664,"[91434, 80726, 96319, 64418, 61579, 80442, 56388, 74540, 973, 26304]"
114665,"[99003, 13660, 69859, 4850, 94914, 6994, 37137, 73229, 7971, 2167]"
114666,"[34432, 70717, 12880, 78336, 1019, 92519, 28635, 84740, 88392, 5408]"
114667,"[3395, 66035, 99191, 86532, 37598, 48063, 47360, 57702, 95921, 25977]"
114668,"[52705, 108783, 39358, 79507, 67796, 28461, 5517, 102321, 63031, 87057]"
114669,"[91103, 60985, 85721, 102996, 69931, 107632, 106676, 80381, 100812, 77351]"
114670,"[93135, 101970, 79365, 90052, 28375, 47716, 39408, 83279, 55811, 68835]"
114671,"[15743, 105558, 81763, 207, 82865, 66672, 33708, 100183, 50575, 37631]"
114672,"[78110, 99405, 36176, 7461, 27658, 60061, 42257, 93683, 71680, 2150]"
114673,"[78739, 79335, 78178, 6724, 38988, 100563, 20596, 104914, 7143, 56132]"
114674,"[69829, 98974, 102908, 753, 25952, 97530, 67673, 83420, 102970, 28454]"
114675,"[53644, 16933, 43278, 46595, 98679, 75632, 5874, 75901, 101525, 21577]"
114676,"[1448, 96046, 37116, 14123, 80863, 23454, 64422, 86763, 79120, 29181]"
114677,"[24641, 79603, 65592, 36962, 53952, 7749, 34505, 24434, 77995, 3647]"
114678,"[97307, 57606, 84193, 71824, 73126, 43500, 87252, 12136, 51462, 16523]"
114679,"[47454, 84033, 2599, 101901, 71217, 66546, 3970, 109680, 27142, 80079]"
114680,"[96829, 70252, 77534, 77401, 88387, 52016, 27069, 80361, 87836, 48211]"
114681,"[65449, 33696, 89684, 34214, 855, 45332, 55675, 89037, 17269, 62435]"
114682,"[36311, 53025, 104741, 5932, 83087, 67474, 65542, 101002, 82752, 3038]"
114683,"[52657, 24002, 101901, 40782, 4320, 45780, 103676, 10090, 41881, 45666]"
114684,"[47504, 29837, 75167, 65435, 84422, 100720, 27735, 40666, 87830, 94506]"
114685,"[31098, 51603, 19366, 34988, 18986, 13451, 34597, 95086, 8853, 52634]"
114686,"[16012, 21972, 101944, 68750, 82272, 86343, 58353, 74781, 59354, 49502]"
114687,"[37715, 73468, 93735, 66080, 25170, 64954, 70686, 54865, 39142, 31679]"
114688,"[70491, 84703, 82856, 59961, 11014, 80268, 57990, 36877, 40672, 65259]"
114689,"[53126, 69827, 3695, 32778, 42668, 97564, 54619, 108839, 62278, 38006]"
114690,"[4404, 88507, 17197, 101661, 41810, 21541, 19088, 87014, 47078, 2802]"
114691,"[104269, 764, 90974, 45784, 85168, 84529, 105467, 29583, 96567, 78938]"
114692,"[8154, 107030, 53030, 33620, 66959, 59188, 88095, 18163, 84612, 54159]"
114693,"[77796, 22681, 87175, 22761, 41391, 63826, 56234, 59669, 57047, 55713]"
114694,"[35469, 67101, 69469, 64952, 65227, 58284, 11249, 63606, 68164, 77917]"
114695,"[11092, 100783, 48137, 36451, 15790, 51753, 40266, 14966, 24676, 96172]"
114696,"[17892, 1904, 11468, 13339, 45527, 98398, 95546, 51291, 47926, 82512]"
114697,"[17744, 40414, 20904, 21674, 98461, 36866, 105642, 99200, 58767, 25531]"
114698,"[2598, 108314, 12360, 32996, 43847, 82433, 6998, 98818, 30418, 37534]"
114699,"[96546, 10186, 53949, 83157, 68530, 62431, 62981, 102940, 99617, 28040]"
114700,"[79919, 36563, 29987, 41666, 96931, 28735, 50517, 69544, 80385, 108429]"
114701,"[54189, 70015, 103384, 48347, 60765, 23406, 36652, 68438, 65147, 55891]"
114702,"[89221, 2616, 30030, 55245, 97626, 40374, 248, 827, 35292, 9015]"
114703,"[42768, 74397, 1690, 20458, 2183, 27735, 94506, 78347, 84422, 47916]"
114704,"[64142, 89258, 74790, 94660, 13302, 64396, 15260, 84915, 36234, 65938]"
114705,"[71349, 45084, 100063, 106316, 44574, 45062, 29149, 84712, 1204, 11440]"
114706,"[64695, 19684, 48088, 1397, 41426, 23144, 78231, 38801, 14971, 30612]"
114707,"[11973, 9249, 108592, 17069, 58308, 66141, 77232, 66575, 1753, 3287]"
114708,"[72315, 8998, 38020, 19381, 104641, 99498, 102915, 45693, 91720, 97222]"
114709,"[69471, 45594, 90543, 14707, 14675, 13034, 38835, 58737, 29425, 12657]"
114710,"[36416, 36546, 30156, 84619, 27392, 58639, 89038, 49627, 18015, 95133]"
114711,"[52005, 34040, 33760, 90409, 90768, 43400, 72054, 24621, 23626, 86769]"
114712,"[93276, 26635, 102786, 106354, 83329, 11078, 73271, 28022, 49879, 107448]"
114713,"[13240, 95240, 74288, 88930, 44313, 24306, 14775, 84499, 17760, 32701]"
114714,"[53722, 29851, 73246, 31114, 39893, 25416, 36831, 106838, 97919, 99854]"
114715,"[73734, 23248, 32781, 64996, 3925, 109297, 77565, 22150, 3841, 58154]"
114716,"[52882, 87682, 10617, 75068, 93372, 1426, 27090, 17969, 12475, 39140]"
114717,"[48930, 21961, 85665, 56982, 86568, 40850, 3168, 40073, 95295, 94159]"
114718,"[54545, 85643, 61221, 75377, 108109, 7113, 58311, 23228, 36, 31771]"
114719,"[27768, 50247, 89871, 1483, 96673, 56380, 75780, 61158, 43520, 84028]"
114720,"[30662, 45466, 65772, 34123, 67165, 95502, 100720, 70032, 74052, 45041]"
114721,"[92182, 65362, 16091, 29569, 54738, 65341, 65647, 7874, 50136, 97754]"
114722,"[99169, 50730, 59454, 61433, 48197, 58312, 51065, 65459, 27706, 89040]"
114723,"[33036, 904, 29851, 100879, 33002, 40606, 8865, 72080, 25416, 41234]"
114724,"[82870, 102632, 21907, 94471, 104449, 40879, 80922, 35651, 49171, 22485]"
114725,"[68772, 9269, 49329, 64686, 58227, 59122, 54919, 33223, 15084, 52740]"
114726,"[58008, 106022, 11986, 70948, 17756, 59803, 100270, 3743, 6766, 15749]"
114727,"[34721, 39200, 4447, 95686, 93859, 59936, 66482, 73644, 28986, 42226]"
114728,"[75769, 7979, 40555, 91980, 99198, 76457, 58924, 74910, 31803, 104987]"
114729,"[94737, 60793, 23721, 33566, 29211, 94537, 66437, 76382, 52606, 80608]"
114730,"[98324, 23694, 5430, 101182, 31846, 56553, 42751, 105339, 62683, 92564]"
114731,"[48407, 4627, 63871, 53232, 30699, 53052, 88283, 103863, 76899, 59862]"
114732,"[80215, 38276, 24716, 43505, 80908, 90840, 108060, 101095, 8158, 93896]"
114733,"[84150, 91757, 46654, 96601, 85312, 79662, 68871, 51983, 38863, 95743]"
114734,"[55025, 1305, 82216, 19651, 93423, 82416, 79113, 56133, 7285, 20496]"
114735,"[16766, 101304, 36798, 12604, 104656, 53403, 46391, 53184, 29398, 85742]"
114736,"[98323, 54425, 36138, 39416, 93384, 57500, 35621, 39888, 106653, 32342]"
114737,"[28653, 5249, 106420, 92291, 53546, 65268, 95370, 94420, 78195, 41728]"
114738,"[37573, 35812, 68901, 101433, 105791, 3952, 91064, 26523, 1327, 85212]"
114739,"[47630, 4834, 16973, 87347, 16508, 18093, 72665, 4322, 78883, 109380]"
114740,"[56510, 573, 25337, 16380, 36719, 89069, 16867, 21776, 70245, 31140]"
114741,"[108302, 56785, 68584, 87782, 9809, 80508, 107387, 12366, 29373, 80023]"
114742,"[107959, 59477, 69256, 47826, 25389, 40412, 50947, 38718, 39480, 12811]"
114743,"[93627, 175, 18641, 54328, 57402, 42298, 3636, 89739, 31724, 18855]"
114744,"[94630, 5879, 30671, 11731, 82253, 109206, 27884, 96720, 19868, 94633]"
114745,"[63247, 57040, 6578, 8999, 12885, 36429, 85264, 87942, 4694, 13740]"
114746,"[40018, 61536, 28155, 51332, 34352, 109000, 59889, 76635, 10924, 102671]"
114747,"[9171, 85263, 93053, 107545, 41338, 8365, 56833, 60505, 27397, 58973]"
114748,"[22707, 82189, 21101, 76549, 82694, 54227, 2429, 86133, 68473, 92120]"
114749,"[68393, 20310, 97561, 50364, 6056, 8732, 108305, 95160, 26524, 104509]"
114750,"[72411, 72910, 103182, 19929, 44056, 63143, 64992, 62707, 88979, 49113]"
114751,"[31621, 65946, 26832, 78171, 54368, 59216, 71502, 37555, 75062, 22796]"
114752,"[27567, 53721, 78180, 41235, 9462, 27254, 64689, 58089, 81896, 86646]"
114753,"[23652, 19507, 69524, 5828, 9028, 100321, 50958, 82344, 5372, 72987]"
114754,"[94817, 38381, 66347, 24950, 106576, 37600, 78489, 59964, 14338, 64087]"
114755,"[2091, 41866, 90231, 71023, 77032, 84374, 18685, 38274, 67041, 65230]"
114756,"[105767, 94571, 5380, 8633, 1086, 93542, 109099, 97604, 60779, 47242]"
114757,"[21246, 80086, 101496, 26979, 28520, 43315, 7611, 62856, 2117, 11755]"
114758,"[95957, 101288, 69307, 85791, 35433, 16911, 3861, 57817, 43221, 104133]"
114759,"[70780, 23587, 65578, 15155, 74832, 59331, 28778, 51270, 822, 78961]"
114760,"[56597, 5490, 4377, 94617, 88336, 50320, 11325, 43781, 64410, 88010]"
114761,"[27296, 69446, 89773, 74599, 87390, 12369, 47186, 915, 68698, 85257]"
114762,"[39780, 83922, 4149, 51995, 1161, 49919, 85360, 72087, 9257, 60853]"
114763,"[15637, 25042, 98762, 82675, 66389, 41336, 22196, 70740, 298, 3565]"
114764,"[78719, 19911, 41754, 12183, 84596, 4098, 20613, 81419, 46519, 7430]"
114765,"[66275, 89373, 7833, 11272, 90089, 63066, 88363, 59221, 17929, 66320]"
114766,"[68328, 43803, 37569, 20279, 79656, 96248, 87350, 64716, 92586, 45824]"
114767,"[97523, 99056, 32399, 24958, 27352, 42112, 107670, 1356, 104956, 58462]"
114768,"[103124, 75825, 17323, 79210, 54815, 36757, 50798, 57246, 21330, 17999]"
114769,"[104130, 26292, 32196, 86581, 36164, 55224, 28390, 1863, 46531, 93899]"
114770,"[19418, 11733, 43584, 41426, 16411, 19684, 81569, 10026, 16142, 34582]"
114771,"[31756, 3887, 47227, 29159, 27659, 101618, 57078, 79717, 109309, 86864]"
114772,"[43734, 72550, 87318, 56272, 9647, 10167, 43645, 41611, 37078, 90478]"
114773,"[1337, 85398, 76851, 70486, 86606, 33205, 98336, 11368, 64177, 84845]"
114774,"[30338, 17456, 34638, 74302, 90737, 34442, 109505, 22351, 76780, 13012]"
114775,"[59438, 103, 67444, 66163, 30807, 24196, 40617, 42032, 94004, 95461]"
114776,"[366, 83872, 106338, 96172, 42628, 30194, 83807, 51648, 22646, 105364]"
114777,"[16226, 2498, 104382, 14161, 73978, 5757, 98741, 203, 37344, 106889]"
114778,"[5781, 13035, 87896, 103511, 82183, 40468, 2507, 93114, 100832, 4722]"
114779,"[97878, 90527, 92204, 29641, 8877, 66642, 8860, 94972, 28875, 63448]"
114780,"[50230, 99685, 41488, 33260, 51416, 102250, 51647, 67402, 104745, 18931]"
114781,"[63999, 67820, 97146, 79291, 57884, 6436, 15524, 96407, 53769, 83360]"
114782,"[48338, 50253, 16330, 35170, 6557, 89193, 41998, 92629, 61308, 40994]"
114783,"[36596, 85496, 42913, 100238, 109372, 38860, 35541, 52381, 91752, 100403]"
114784,"[62581, 46137, 10152, 24102, 59851, 51422, 42572, 106313, 47333, 83637]"
114785,"[88102, 59997, 66584, 24285, 40377, 41286, 64329, 10202, 97259, 53729]"
114786,"[21615, 50469, 39686, 39212, 93641, 37617, 60742, 24349, 10106, 53503]"
114787,"[5200, 107449, 93892, 35974, 18097, 60861, 8142, 109523, 7130, 10005]"
114788,"[89427, 59101, 63236, 48750, 84002, 90049, 92419, 80844, 44015, 43239]"
114789,"[79117, 69268, 49915, 108135, 80833, 68822, 97223, 49710, 77989, 81686]"
114790,"[84837, 82167, 11085, 19696, 54268, 36848, 54095, 48560, 81923, 35999]"
114791,"[25560, 66926, 76489, 38265, 62739, 67836, 20970, 80566, 6592, 6858]"
114792,"[37885, 11769, 36778, 18198, 45777, 63369, 45075, 74850, 21804, 22710]"
114793,"[24443, 67614, 49509, 20953, 38875, 36548, 100738, 22102, 85001, 25255]"
114794,"[40531, 92693, 98555, 84177, 68255, 37630, 96969, 3498, 68114, 77355]"
114795,"[89726, 68629, 88122, 21340, 56279, 45309, 61180, 38428, 58375, 7121]"
114796,"[95805, 79394, 74383, 79678, 30246, 109333, 5025, 72830, 76355, 27821]"
114797,"[16644, 19683, 75355, 107080, 19102, 16991, 35831, 18800, 77337, 91122]"
114798,"[102607, 72637, 94426, 81520, 68137, 101636, 71372, 69468, 38193, 47725]"
114799,"[75192, 49464, 19284, 77036, 47880, 44707, 1062, 3281, 17689, 85615]"
114800,"[41964, 106011, 45889, 108984, 56586, 35185, 32883, 71007, 56481, 65532]"
114801,"[12592, 56995, 50118, 84575, 99193, 25239, 109453, 15821, 74129, 88620]"
114802,"[23197, 40231, 24396, 97723, 8072, 17022, 108091, 42465, 36006, 64823]"
114803,"[2814, 105119, 153, 71338, 28165, 73919, 35509, 42731, 25392, 94985]"
114804,"[96943, 1828, 48923, 27439, 37191, 109317, 49005, 69163, 60713, 52022]"
114805,"[95943, 109589, 13525, 42527, 87603, 56221, 27020, 79377, 10031, 72300]"
114806,"[91676, 107167, 80589, 107217, 51885, 14575, 67805, 7576, 54347, 87510]"
114807,"[52667, 19979, 55203, 42205, 89039, 27147, 22248, 100193, 58147, 77454]"
114808,"[40282, 16676, 31101, 50358, 99472, 96568, 40417, 39887, 90559, 6617]"
114809,"[87459, 73710, 54939, 20476, 46691, 30241, 106405, 66703, 78667, 1559]"
114810,"[49126, 78906, 108274, 108767, 37771, 74075, 43752, 5271, 31506, 55682]"
114811,"[30435, 70288, 4198, 94845, 10256, 56603, 78926, 82783, 32251, 49440]"
114812,"[11007, 83484, 8063, 15806, 64865, 70576, 66261, 22136, 86701, 33370]"
114813,"[2918, 106243, 7075, 38773, 100999, 55525, 46509, 8031, 104411, 4572]"
114814,"[75401, 64631, 71640, 13073, 72574, 49083, 103118, 54650, 84003, 44724]"
114815,"[70560, 35230, 70981, 73400, 101953, 24586, 23369, 7777, 61641, 42557]"
114816,"[697, 90153, 90137, 38301, 27186, 98094, 79976, 46228, 58856, 67040]"
114817,"[46672, 67468, 41497, 92240, 41615, 65518, 49683, 15219, 107335, 5084]"
114818,"[42490, 73999, 29626, 72563, 109452, 98935, 82549, 44622, 53168, 5575]"
114819,"[15624, 30638, 68195, 44713, 74556, 1052, 26666, 6168, 63678, 90832]"
114820,"[104540, 32212, 8326, 54401, 39564, 8972, 35563, 71274, 62263, 13853]"
114821,"[48669, 106221, 32879, 91418, 25455, 77324, 99369, 98387, 54178, 3939]"
114822,"[14294, 36899, 93196, 1654, 83288, 49858, 34902, 64369, 2952, 6046]"
114823,"[19350, 108281, 14539, 31621, 65946, 104824, 46753, 71502, 37555, 59620]"
114824,"[88429, 89520, 65139, 40979, 58739, 37234, 106964, 94953, 109022, 32818]"
114825,"[91744, 73794, 27446, 87046, 14730, 2203, 34779, 70345, 23326, 8084]"
114826,"[4274, 11407, 100696, 14192, 76430, 42795, 26831, 97844, 8714, 86485]"
114827,"[50419, 74734, 56300, 51305, 35208, 16004, 99648, 89097, 5168, 109653]"
114828,"[102459, 82351, 105579, 17194, 33237, 101126, 11225, 46713, 5947, 102485]"
114829,"[89461, 34842, 55206, 17631, 1015, 91805, 30342, 74608, 47778, 22633]"
114830,"[95331, 106337, 9872, 19815, 82585, 71234, 89909, 89093, 68189, 77354]"
114831,"[100743, 29514, 5825, 52629, 67818, 59244, 27758, 24658, 33399, 70972]"
114832,"[93924, 105581, 107599, 72230, 102744, 7638, 7481, 97103, 1037, 80227]"
114833,"[90645, 42557, 48179, 53955, 108388, 29358, 8070, 820, 58779, 35230]"
114834,"[2324, 30802, 42006, 20591, 93179, 222, 85769, 16883, 78704, 8087]"
114835,"[16580, 64489, 12764, 62001, 29804, 13198, 21904, 39554, 75080, 89350]"
114836,"[104768, 84758, 104724, 20909, 79848, 17052, 6177, 97832, 59822, 90358]"
114837,"[39698, 64423, 60925, 46856, 27880, 85024, 49964, 6483, 99505, 97647]"
114838,"[46541, 68253, 68303, 65612, 6322, 68863, 14195, 67688, 98361, 30597]"
114839,"[104881, 91580, 106098, 7156, 36859, 7770, 68092, 43469, 38618, 108041]"
114840,"[97350, 21515, 107837, 88496, 101753, 19999, 9572, 57572, 42647, 41017]"
114841,"[14761, 73090, 52224, 26848, 36070, 706, 54422, 100175, 57826, 80625]"
114842,"[22611, 102187, 30391, 73458, 17031, 19523, 29962, 10112, 17235, 92544]"
114843,"[104818, 65340, 6254, 90887, 97858, 55770, 4437, 50612, 24116, 28282]"
114844,"[71375, 41050, 10043, 75535, 106214, 53103, 107374, 13255, 324, 7473]"
114845,"[78143, 53237, 84268, 85756, 56416, 14200, 16533, 22939, 11541, 102371]"
114846,"[88275, 90257, 25131, 73736, 37408, 63042, 104272, 20556, 71284, 59877]"
114847,"[39945, 80545, 69168, 93576, 47106, 60148, 32876, 40716, 56016, 59573]"
114848,"[53957, 51330, 25367, 90173, 72249, 14757, 8798, 65672, 88759, 105112]"
114849,"[83521, 90111, 64672, 105901, 68427, 60574, 89140, 31325, 63090, 93864]"
114850,"[83584, 10110, 74600, 38222, 16956, 19722, 58661, 15391, 26109, 44750]"
114851,"[109244, 70080, 36230, 39145, 68269, 94777, 78885, 54911, 91210, 100562]"
114852,"[63216, 77669, 67808, 25487, 19984, 84985, 20625, 55680, 27619, 101357]"
114853,"[49172, 31136, 20157, 19971, 2129, 31446, 20660, 109106, 84671, 55110]"
114854,"[1187, 2579, 91809, 21795, 108138, 74078, 84109, 7196, 58232, 73398]"
114855,"[100766, 80085, 18504, 34336, 73101, 16532, 60445, 60965, 109773, 13529]"
114856,"[6658, 27031, 73508, 64086, 867, 58127, 60215, 86964, 2487, 98075]"
114857,"[21616, 92773, 33089, 74496, 96156, 19778, 7475, 8470, 19657, 109461]"
114858,"[9786, 16635, 104987, 37489, 66628, 109172, 81515, 121, 5299, 5010]"
114859,"[60628, 6838, 19196, 90942, 53578, 48858, 737, 99071, 41267, 25803]"
114860,"[52368, 46927, 74436, 53116, 92913, 107854, 59525, 53888, 43367, 4679]"
114861,"[24882, 87076, 56413, 68032, 102036, 15078, 96339, 83356, 58439, 78379]"
114862,"[77535, 99529, 63712, 39087, 68670, 40025, 20949, 20850, 59926, 32551]"
114863,"[78838, 97589, 42882, 27159, 68690, 24378, 44328, 10017, 83033, 92803]"
114864,"[107651, 34019, 50444, 21518, 75742, 73286, 56230, 15870, 72777, 46924]"
114865,"[31739, 66910, 103723, 53750, 94268, 107151, 85980, 98034, 53748, 33574]"
114866,"[91235, 43418, 92207, 107882, 48156, 15375, 3409, 2303, 22516, 109292]"
114867,"[67811, 16825, 95295, 33694, 79444, 86377, 13545, 20947, 101197, 34503]"
114868,"[21126, 17440, 21547, 99607, 70568, 100580, 8043, 99505, 53948, 89505]"
114869,"[46532, 66255, 10478, 68940, 42279, 39130, 98524, 17239, 36419, 23433]"
114870,"[107710, 94465, 10052, 5404, 54926, 21297, 6979, 44109, 59786, 65107]"
114871,"[16204, 36900, 2587, 43560, 83036, 48302, 772, 91282, 103169, 74010]"
114872,"[105668, 66289, 68536, 99412, 33848, 71274, 108577, 38991, 62263, 108692]"
114873,"[105450, 36474, 78646, 76829, 54491, 66015, 107394, 51561, 50082, 9391]"
114874,"[84505, 47694, 53093, 78468, 95938, 93261, 15249, 102454, 105441, 15043]"
114875,"[98909, 100947, 77876, 9588, 42078, 88496, 66587, 66139, 56955, 51529]"
114876,"[104284, 64647, 35941, 36610, 7567, 62240, 107083, 105928, 71601, 93747]"
114877,"[102666, 59226, 97739, 62090, 32804, 2804, 102980, 89586, 97321, 70308]"
114878,"[39936, 296, 45440, 72710, 22863, 5726, 89823, 16296, 61821, 81202]"
114879,"[20909, 70187, 97385, 32302, 106816, 2601, 18693, 109688, 27037, 17052]"
114880,"[91713, 66776, 26946, 33064, 18843, 20324, 53568, 87913, 51018, 87455]"
114881,"[16625, 65716, 14033, 9069, 36656, 108822, 65008, 24771, 103871, 30169]"
114882,"[54608, 41929, 80115, 65560, 26151, 38801, 23144, 80413, 47569, 39339]"
114883,"[58770, 102372, 10973, 32951, 75756, 66756, 102284, 89309, 4246, 92955]"
114884,"[75871, 86658, 28825, 4853, 49311, 84131, 79508, 79523, 84685, 32786]"
114885,"[104572, 69821, 27113, 78717, 1910, 68416, 5601, 40841, 108935, 18444]"
114886,"[78597, 98536, 79045, 57395, 17836, 106910, 67231, 86294, 89658, 6425]"
114887,"[82289, 82295, 107812, 66458, 65846, 12922, 18196, 914, 59950, 69161]"
114888,"[87794, 65854, 82442, 13996, 30711, 63798, 58803, 54602, 57571, 23565]"
114889,"[17251, 42193, 35345, 38085, 39509, 39682, 85142, 49575, 18450, 34340]"
114890,"[19266, 57866, 74196, 105497, 42709, 5230, 42275, 74720, 7961, 100839]"
114891,"[74090, 10644, 53618, 106449, 47575, 41626, 35132, 97701, 42384, 92128]"
114892,"[75793, 67902, 5077, 55102, 61526, 50859, 37614, 57443, 94917, 47755]"
114893,"[52732, 88628, 39758, 87618, 94008, 22142, 55670, 3690, 31733, 64741]"
114894,"[109103, 27626, 100231, 91456, 56909, 7644, 464, 12967, 26052, 61720]"
114895,"[5384, 7555, 93889, 13519, 49050, 7390, 46171, 48365, 87757, 48650]"
114896,"[43505, 101095, 101354, 49492, 83469, 19317, 108060, 50219, 93896, 42453]"
114897,"[42947, 108068, 103024, 106383, 78412, 48427, 86487, 17594, 11356, 88214]"
114898,"[89481, 85634, 28179, 1381, 39661, 67158, 36485, 9201, 46452, 36568]"
114899,"[93198, 49345, 23104, 27816, 66623, 81861, 34303, 38384, 62073, 78331]"
114900,"[72653, 89878, 5485, 32406, 37230, 9310, 90719, 80825, 54739, 74117]"
114901,"[9219, 68059, 75950, 97637, 35563, 35685, 88552, 81354, 75864, 48051]"
114902,"[46292, 40881, 38750, 105727, 4226, 22948, 13396, 109237, 36300, 28049]"
114903,"[97267, 95271, 35739, 75665, 12198, 100651, 31661, 34645, 93615, 77846]"
114904,"[83843, 88024, 46991, 54984, 94033, 12760, 85884, 97840, 50835, 87893]"
114905,"[32395, 13672, 109340, 101040, 88874, 18810, 48871, 68882, 65887, 33271]"
114906,"[52280, 56479, 88254, 36839, 103786, 62346, 89159, 6423, 80936, 3042]"
114907,"[43366, 289, 87864, 33449, 98750, 109145, 103990, 94589, 77896, 91546]"
114908,"[25235, 72568, 49880, 55996, 8382, 19679, 9807, 18754, 11853, 68024]"
114909,"[41518, 38671, 9810, 15059, 65725, 15240, 23155, 54951, 106756, 20153]"
114910,"[23522, 16741, 1813, 46976, 9020, 81219, 47317, 10789, 18524, 99464]"
114911,"[19619, 3036, 47410, 23866, 88349, 92285, 74259, 104163, 82880, 70525]"
114912,"[82383, 92718, 67365, 100510, 89671, 108571, 109745, 34811, 89678, 82841]"
114913,"[31815, 31811, 100834, 2387, 23012, 55766, 54992, 37232, 49025, 31661]"
114914,"[88072, 43345, 97523, 42112, 92706, 19107, 74236, 107670, 104956, 58462]"
114915,"[6207, 1179, 11576, 76095, 67731, 48017, 66361, 45494, 10410, 90637]"
114916,"[88884, 44921, 102404, 93383, 89109, 3557, 14881, 51556, 88891, 107710]"
114917,"[108412, 57033, 76452, 39691, 93599, 90099, 109661, 43721, 74815, 52190]"
114918,"[84377, 96534, 33310, 47622, 58786, 41089, 30763, 16177, 91688, 42125]"
114919,"[33048, 24359, 43559, 24831, 32675, 26247, 37828, 22535, 22872, 85584]"
114920,"[87648, 100920, 92812, 37505, 26199, 77006, 101123, 94892, 66153, 49112]"
114921,"[53812, 62545, 75002, 10601, 114, 20043, 11175, 53775, 22065, 68773]"
114922,"[75489, 94610, 50382, 46275, 39950, 52591, 85026, 81505, 78244, 92378]"
114923,"[98833, 75897, 37660, 35796, 12832, 48758, 9568, 7154, 108637, 85512]"
114924,"[63653, 105802, 105606, 97554, 14624, 54303, 68302, 7011, 14400, 41206]"
114925,"[88312, 106978, 57160, 26581, 57772, 29832, 27218, 104400, 31141, 32274]"
114926,"[18211, 78930, 89392, 72698, 92636, 45981, 99805, 85458, 31338, 80453]"
114927,"[76217, 64611, 2708, 65962, 72401, 15275, 191, 71327, 24464, 66141]"
114928,"[77256, 103457, 98839, 108876, 27903, 57242, 38958, 107299, 81206, 61179]"
114929,"[95462, 19529, 68081, 51581, 19849, 15731, 67840, 42981, 105495, 106573]"
114930,"[64367, 16495, 58994, 6842, 18287, 99104, 109741, 52631, 76620, 90711]"
114931,"[83944, 25735, 61509, 18779, 39230, 83416, 51454, 104675, 89964, 44464]"
114932,"[31140, 53373, 21776, 103153, 36719, 89069, 10968, 27980, 86742, 57564]"
114933,"[38545, 33997, 91028, 44630, 70295, 53470, 34315, 35366, 51323, 10387]"
114934,"[60722, 33512, 21686, 38560, 43771, 18980, 84621, 73622, 71008, 70731]"
114935,"[24362, 10150, 93548, 94685, 79270, 53623, 19687, 70079, 81020, 55796]"
114936,"[3614, 68608, 46431, 99082, 95269, 44162, 41642, 103666, 54604, 28610]"
114937,"[42444, 30687, 51482, 84600, 44089, 100971, 77357, 98447, 91019, 79095]"
114938,"[100176, 46960, 99793, 50426, 33769, 101561, 41399, 62591, 79185, 49163]"
114939,"[104560, 61695, 102173, 53590, 85337, 109267, 73722, 39819, 169, 31937]"
114940,"[90179, 85705, 57829, 92911, 38391, 27084, 82017, 77915, 26677, 48895]"
114941,"[44059, 12024, 104236, 2888, 14312, 101145, 92023, 40496, 101733, 16627]"
114942,"[27929, 47010, 18045, 49818, 83543, 7940, 94279, 49397, 39865, 37440]"
114943,"[70979, 28826, 51518, 89486, 54183, 26903, 99817, 23980, 53132, 34390]"
114944,"[34771, 20388, 14426, 19820, 102707, 30753, 67787, 103442, 40875, 26753]"
114945,"[59757, 104491, 50201, 3031, 15328, 76150, 77868, 68191, 25765, 86652]"
114946,"[27087, 74510, 93541, 65813, 85586, 17924, 56816, 25711, 45223, 58111]"
114947,"[100810, 15173, 16330, 24799, 26210, 77030, 59530, 50253, 74888, 61308]"
114948,"[99636, 81199, 5183, 93432, 67326, 48650, 42207, 87353, 13774, 51620]"
114949,"[77806, 13350, 16384, 16463, 93389, 69804, 28446, 108184, 69728, 99521]"
114950,"[54461, 38163, 65225, 45770, 92229, 25558, 91143, 80398, 2626, 76882]"
114951,"[937, 58886, 98957, 71079, 30537, 13499, 44832, 16636, 11705, 72708]"
114952,"[102075, 6705, 36083, 57813, 17922, 23722, 52108, 76581, 65437, 79311]"
114953,"[75383, 106968, 50943, 77945, 79221, 34874, 52394, 46892, 17422, 93276]"
114954,"[42730, 9473, 82833, 8318, 75710, 16714, 10597, 43251, 95998, 9652]"
114955,"[11278, 84590, 70030, 98412, 40747, 43426, 7912, 98949, 8796, 96691]"
114956,"[82977, 17536, 58565, 78104, 94616, 18198, 88209, 60232, 103128, 71061]"
114957,"[35549, 75202, 29886, 29643, 103290, 19801, 86842, 58398, 91947, 64926]"
114958,"[109113, 14579, 103692, 950, 87991, 53036, 32663, 94803, 33274, 31999]"
114959,"[67782, 91025, 16470, 7724, 60747, 45151, 9880, 103103, 29898, 2549]"
114960,"[90807, 47075, 30832, 25595, 40262, 43562, 66464, 82269, 9214, 6356]"
114961,"[62845, 66362, 6847, 5755, 57237, 17139, 50223, 44266, 8432, 11241]"
114962,"[87280, 16152, 34894, 68470, 24454, 41738, 69623, 1022, 34256, 49218]"
114963,"[40039, 28309, 59145, 106163, 2694, 86636, 32162, 63790, 42864, 25577]"
114964,"[6982, 70498, 86315, 30586, 34986, 104450, 81557, 37570, 93919, 90258]"
114965,"[68539, 8865, 53722, 99854, 102366, 34590, 29851, 15264, 107797, 33945]"
114966,"[17380, 57981, 47198, 29775, 36082, 41726, 19079, 83819, 21723, 79392]"
114967,"[38691, 53062, 26610, 21489, 24195, 51746, 90682, 21666, 66690, 16621]"
114968,"[74435, 77474, 78787, 39291, 35060, 77740, 30084, 58395, 47819, 46702]"
114969,"[55109, 74299, 66278, 20598, 30700, 108808, 47562, 30427, 73506, 99384]"
114970,"[59290, 45360, 16122, 50154, 32537, 98456, 69091, 4527, 105858, 35955]"
114971,"[22271, 77267, 106569, 40186, 93882, 89815, 712, 98899, 76177, 86065]"
114972,"[106604, 14604, 88870, 56005, 19627, 67122, 30141, 81783, 9162, 34333]"
114973,"[79544, 11444, 70168, 43565, 76743, 8047, 2462, 45327, 18280, 60752]"
114974,"[17220, 108896, 95857, 49463, 82702, 53882, 38183, 91750, 104500, 48444]"
114975,"[103053, 99963, 101356, 81105, 46512, 20504, 88180, 57063, 95697, 83588]"
114976,"[66073, 97606, 106714, 6065, 10498, 817, 7215, 64911, 46015, 44412]"
114977,"[50136, 72836, 73195, 99823, 37951, 102410, 46340, 23328, 70670, 17097]"
114978,"[56105, 109014, 68594, 68353, 13506, 69011, 50491, 345, 83891, 84948]"
114979,"[57140, 76462, 6649, 11143, 101029, 82712, 19989, 49020, 73604, 17483]"
114980,"[57399, 5912, 26040, 20216, 39565, 38284, 53878, 83728, 95203, 40944]"
114981,"[2996, 88004, 13003, 40804, 64787, 39719, 45251, 96937, 86661, 17642]"
114982,"[85667, 59993, 102561, 99903, 25138, 101591, 72152, 75623, 98858, 81200]"
114983,"[103104, 50760, 6435, 57711, 58814, 41846, 47304, 14891, 108387, 12140]"
114984,"[988, 109649, 30703, 2321, 76537, 34011, 69153, 73893, 86432, 74788]"
114985,"[97959, 75666, 48386, 56834, 15791, 48060, 19915, 102096, 39047, 63859]"
114986,"[104067, 5985, 42076, 100121, 27938, 11639, 35438, 93475, 61701, 95175]"
114987,"[74146, 3784, 7347, 97864, 38597, 13088, 40026, 99430, 101644, 71513]"
114988,"[42007, 72468, 58653, 101209, 23332, 101349, 13483, 100036, 98526, 90131]"
114989,"[37797, 26195, 40435, 72913, 13998, 56150, 80761, 95950, 72857, 31359]"
114990,"[32739, 43861, 37496, 5180, 84111, 48511, 23578, 70617, 6931, 91111]"
114991,"[31215, 38362, 23498, 80940, 7032, 8223, 63652, 45918, 86727, 107375]"
114992,"[101002, 51658, 52470, 48639, 36311, 44959, 24164, 99016, 66994, 1050]"
114993,"[43880, 32608, 96672, 89499, 82761, 45424, 87988, 46523, 45592, 30429]"
114994,"[1695, 14900, 24355, 74195, 34362, 85498, 29027, 48847, 103986, 83672]"
114995,"[38219, 106479, 59030, 45303, 59197, 17304, 30094, 109762, 13812, 37363]"
114996,"[15461, 11648, 724, 39340, 91555, 51828, 83733, 94857, 41222, 87407]"
114997,"[9222, 82058, 66580, 869, 43967, 48507, 77101, 17016, 87388, 10877]"
114998,"[98766, 27612, 108662, 76416, 82640, 17881, 105185, 108850, 100671, 48991]"
114999,"[21814, 58022, 66537, 71192, 8196, 15449, 18750, 28969, 62438, 44644]"
115000,"[101811, 32888, 87126, 88008, 74265, 58027, 58752, 15962, 58843, 68535]"
115001,"[1524, 106130, 103472, 5551, 105319, 89331, 61439, 54283, 35810, 103872]"
115002,"[35197, 30750, 5519, 87379, 56706, 73648, 83055, 78665, 20602, 97297]"
115003,"[14185, 91394, 35956, 25290, 23203, 28249, 63222, 91413, 34406, 10225]"
115004,"[20210, 16618, 76308, 93145, 107135, 31575, 36846, 62153, 75517, 68016]"
115005,"[18761, 86513, 91697, 34570, 99025, 41710, 4049, 35561, 102523, 22188]"
115006,"[33858, 40057, 96042, 44423, 97858, 70680, 45342, 16615, 25927, 107828]"
115007,"[90726, 47079, 52353, 58393, 88671, 78440, 77647, 37206, 53596, 49586]"
115008,"[19239, 4735, 3522, 51753, 7883, 37832, 53149, 625, 89401, 9416]"
115009,"[56742, 72216, 23359, 90446, 91333, 95968, 95634, 61192, 59284, 23904]"
115010,"[16997, 36135, 63625, 1371, 45217, 97970, 19813, 76925, 74900, 16138]"
115011,"[27122, 27811, 29074, 97856, 64648, 45726, 59761, 54913, 4069, 95750]"
115012,"[87139, 32319, 83784, 108170, 36229, 58407, 11163, 103232, 12966, 73426]"
115013,"[71531, 35725, 102575, 38828, 13090, 101933, 107678, 18217, 73944, 21667]"
115014,"[72443, 105608, 16352, 75375, 63867, 56065, 82769, 17666, 50326, 109771]"
115015,"[44218, 60705, 87894, 73000, 61980, 18085, 98855, 77822, 50092, 88903]"
115016,"[43721, 89715, 87796, 105463, 65670, 29299, 51709, 82838, 25048, 29477]"
115017,"[14936, 26056, 64188, 49327, 48175, 19975, 67818, 104536, 18958, 15120]"
115018,"[36697, 54622, 66996, 71643, 58329, 50494, 67142, 19063, 70605, 91013]"
115019,"[47102, 37817, 64193, 105086, 75796, 103883, 74419, 89611, 34028, 22526]"
115020,"[22536, 8217, 50697, 99897, 74794, 44617, 29671, 26805, 92769, 10755]"
115021,"[46075, 6103, 96725, 53940, 74332, 14304, 88750, 5744, 4415, 85323]"
115022,"[70123, 51479, 25767, 90395, 52785, 84445, 63300, 39090, 91463, 5509]"
115023,"[77123, 36117, 87465, 6942, 38124, 92841, 28804, 5327, 19765, 15899]"
115024,"[63620, 90706, 76450, 38010, 27361, 46086, 37791, 76506, 71940, 101579]"
115025,"[36702, 22936, 50177, 81780, 22607, 36369, 97344, 7662, 90834, 29618]"
115026,"[66284, 77846, 85516, 44459, 14115, 20515, 5544, 26278, 12198, 93881]"
115027,"[76244, 58243, 50614, 37896, 27193, 72552, 9907, 31139, 102194, 62730]"
115028,"[98131, 38470, 93033, 100324, 88806, 46562, 108115, 82006, 90693, 68946]"
115029,"[17110, 63156, 40375, 40786, 7119, 109224, 17204, 46411, 66531, 35845]"
115030,"[46751, 86746, 50148, 23607, 21008, 33115, 46626, 107703, 1074, 89765]"
115031,"[10506, 68514, 57169, 93315, 63481, 78566, 11547, 21347, 102265, 72658]"
115032,"[36157, 54469, 49869, 83358, 81604, 22280, 103726, 39648, 12268, 81892]"
115033,"[12081, 60826, 11270, 26000, 38132, 106783, 67865, 64587, 103457, 98839]"
115034,"[101348, 104646, 3120, 79255, 37243, 100671, 109347, 38500, 32639, 105185]"
115035,"[15618, 62073, 5289, 96902, 17515, 21394, 98002, 23104, 27628, 38384]"
115036,"[65920, 91997, 81501, 76160, 109065, 27677, 72960, 84346, 29403, 24126]"
115037,"[51891, 76441, 72351, 39906, 88199, 67549, 107942, 17776, 16686, 89380]"
115038,"[65525, 73248, 72409, 18636, 95649, 4003, 105071, 15369, 83911, 36578]"
115039,"[47401, 96250, 43260, 44449, 46232, 38785, 90670, 92288, 20354, 43208]"
115040,"[5430, 55228, 23694, 105339, 102089, 28711, 47273, 20114, 71653, 67662]"
115041,"[20345, 104413, 5392, 105649, 46807, 38809, 88966, 64027, 59139, 96533]"
115042,"[83492, 109611, 26526, 98189, 25847, 95081, 29444, 24177, 98247, 63051]"
115043,"[5654, 89788, 22206, 106973, 15353, 11826, 59010, 32697, 3499, 90771]"
115044,"[9036, 33025, 80850, 43946, 96896, 97767, 89224, 30150, 34252, 88375]"
115045,"[88566, 34462, 1344, 37993, 71547, 21651, 14947, 60519, 49157, 76668]"
115046,"[91377, 61277, 79706, 40000, 37602, 65359, 74354, 892, 96963, 93850]"
115047,"[35622, 101330, 94918, 106615, 43796, 20869, 48720, 35403, 24893, 18023]"
115048,"[67119, 87916, 9488, 33264, 76914, 43408, 42901, 62737, 43133, 29877]"
115049,"[86583, 28923, 69990, 40400, 28711, 91562, 90165, 85224, 23540, 39426]"
115050,"[103406, 47532, 25644, 43713, 30151, 13365, 46078, 41721, 41469, 46618]"
115051,"[48047, 62370, 108718, 22575, 56972, 102280, 1382, 37788, 73540, 7483]"
115052,"[96820, 83172, 93473, 69236, 66306, 59824, 36070, 14879, 61890, 52224]"
115053,"[39717, 81357, 42884, 21686, 95910, 25160, 56423, 11222, 45800, 97683]"
115054,"[84716, 46439, 33756, 81013, 104075, 70089, 52617, 93252, 76496, 99766]"
115055,"[109514, 2977, 254, 100638, 30018, 22269, 63223, 18825, 27442, 99588]"
115056,"[106727, 57224, 79980, 104409, 63718, 74567, 45004, 52921, 79313, 107762]"
115057,"[98831, 58917, 37845, 37143, 3328, 57485, 43815, 57486, 104817, 55034]"
115058,"[75520, 92385, 47002, 38201, 62532, 45229, 47158, 29990, 7068, 71788]"
115059,"[13081, 4448, 10041, 4272, 13843, 68029, 83694, 108916, 6481, 2262]"
115060,"[59047, 17845, 66487, 49564, 58150, 72406, 72151, 55113, 51460, 93770]"
115061,"[69271, 15522, 5163, 56427, 85506, 30208, 11077, 53582, 50955, 24545]"
115062,"[12938, 39809, 36821, 108415, 44488, 84219, 76473, 74130, 55521, 49607]"
115063,"[61094, 100446, 30203, 26892, 84660, 81469, 5787, 55746, 94535, 29640]"
115064,"[92523, 98162, 47638, 2723, 1974, 30855, 64407, 99474, 43715, 93823]"
115065,"[36789, 68894, 39764, 1141, 93980, 68088, 64659, 24741, 75524, 23407]"
115066,"[77057, 94723, 3562, 95278, 44293, 19374, 104750, 5798, 18237, 34088]"
115067,"[56491, 42987, 50584, 50323, 84300, 20008, 46637, 82995, 61786, 66789]"
115068,"[10050, 31129, 41877, 43481, 92639, 71575, 64501, 66860, 39003, 33423]"
115069,"[89706, 83527, 105962, 60981, 66119, 72902, 52028, 41611, 94588, 7649]"
115070,"[83163, 47274, 37049, 7512, 107925, 13683, 70294, 70178, 35797, 86084]"
115071,"[62963, 42582, 71192, 65343, 92931, 38600, 62438, 44644, 78114, 69170]"
115072,"[53275, 2148, 4863, 80765, 28419, 49200, 38112, 33217, 51301, 15923]"
115073,"[78986, 331, 85490, 29232, 94449, 13705, 44145, 63098, 67285, 24339]"
115074,"[65587, 44199, 31849, 24722, 91239, 22704, 59965, 108848, 5114, 30745]"
115075,"[26625, 21762, 62076, 75503, 86586, 37594, 81334, 87753, 58187, 85699]"
115076,"[2697, 107619, 9509, 14294, 5851, 29552, 72017, 51873, 96595, 64242]"
115077,"[82450, 66782, 23273, 24307, 67331, 12438, 68019, 62417, 51980, 99956]"
115078,"[40613, 79031, 45326, 22792, 44129, 97836, 6313, 61952, 38638, 24151]"
115079,"[92239, 93459, 85362, 88671, 74509, 27161, 75296, 57665, 45268, 104957]"
115080,"[105910, 36000, 17806, 72873, 57222, 7574, 106409, 29905, 6217, 29884]"
115081,"[61609, 26776, 87001, 50585, 24698, 20722, 67655, 57307, 104906, 27695]"
115082,"[12875, 108495, 4378, 54084, 29626, 53168, 78915, 86773, 66930, 784]"
115083,"[97329, 63490, 13696, 21117, 100207, 34506, 58572, 50429, 85531, 85126]"
115084,"[38360, 98944, 66613, 84311, 76030, 86398, 92234, 15231, 54246, 4605]"
115085,"[13838, 6975, 33133, 107614, 20480, 92956, 19309, 15162, 30186, 8239]"
115086,"[42290, 20446, 11824, 89051, 41893, 27422, 80960, 37582, 91309, 1919]"
115087,"[19287, 102487, 53020, 615, 41398, 41848, 64139, 33977, 6781, 70437]"
115088,"[25027, 74281, 78740, 34935, 7024, 54770, 52099, 24363, 62976, 65731]"
115089,"[27144, 105863, 18264, 46407, 14729, 52081, 62238, 2331, 107380, 32557]"
115090,"[109447, 23141, 79481, 55091, 108118, 41989, 44894, 6775, 42450, 73544]"
115091,"[92163, 72648, 54903, 58959, 33083, 104857, 68272, 84611, 74701, 57559]"
115092,"[65432, 99187, 16929, 39910, 92081, 44098, 10048, 52095, 18283, 108306]"
115093,"[35913, 60214, 62434, 5561, 36637, 7983, 104217, 88232, 101248, 101021]"
115094,"[16186, 25068, 41653, 46562, 75892, 5979, 107855, 1176, 59917, 20528]"
115095,"[79434, 74393, 12961, 27639, 2752, 91207, 21200, 101184, 85144, 75032]"
115096,"[25146, 57211, 5625, 45836, 32755, 105945, 53135, 87817, 11817, 73449]"
115097,"[80645, 23761, 73733, 67482, 22585, 87099, 66234, 78021, 90747, 23511]"
115098,"[21834, 36, 11319, 31771, 27148, 56914, 10921, 33600, 15651, 109043]"
115099,"[59445, 68993, 54793, 8821, 17006, 36896, 92293, 97689, 42738, 17736]"
115100,"[98984, 4966, 54855, 88813, 91020, 3051, 27516, 86020, 74071, 85875]"
115101,"[107128, 23801, 99721, 5774, 82057, 65888, 36735, 107095, 17205, 54843]"
115102,"[81528, 23439, 62406, 77000, 72585, 74436, 59628, 47057, 43162, 35800]"
115103,"[70806, 8364, 94812, 86901, 87195, 105911, 3808, 108206, 55432, 62935]"
115104,"[45903, 89352, 22746, 78535, 67876, 57875, 40281, 12901, 7447, 53817]"
115105,"[89169, 45273, 1688, 1207, 73175, 11725, 97108, 55810, 46227, 36630]"
115106,"[49892, 18620, 13597, 51615, 25739, 94068, 68321, 106547, 42966, 89468]"
115107,"[39971, 34479, 13943, 51047, 18617, 57846, 9642, 36238, 13746, 87470]"
115108,"[27687, 26298, 75460, 34701, 65597, 28623, 64768, 23051, 85418, 48181]"
115109,"[95719, 12061, 87190, 103672, 3947, 94332, 87812, 36225, 101445, 106903]"
115110,"[50472, 74912, 17134, 77830, 18329, 107398, 52749, 85383, 104926, 97901]"
115111,"[75430, 41448, 82172, 56977, 3868, 61303, 66233, 48103, 2038, 23400]"
115112,"[68944, 28195, 74691, 90995, 74764, 52735, 77370, 107378, 36191, 39933]"
115113,"[94001, 7718, 61706, 80034, 66535, 10575, 26134, 20991, 16786, 70267]"
115114,"[30118, 12611, 52958, 29771, 13101, 77338, 34613, 61803, 70412, 14765]"
115115,"[21790, 30409, 37619, 50370, 58293, 18496, 64222, 106012, 99137, 38062]"
115116,"[38353, 77426, 25153, 45700, 71572, 23977, 67015, 79350, 39170, 5631]"
115117,"[15041, 83826, 61204, 46527, 54451, 12183, 47915, 67968, 28774, 36863]"
115118,"[44013, 89566, 109342, 22115, 83100, 49288, 98517, 98504, 24480, 69863]"
115119,"[44641, 22051, 8027, 75332, 75935, 94067, 361, 30746, 30246, 76499]"
115120,"[30873, 47256, 90278, 72490, 60876, 85588, 88306, 38485, 105869, 13211]"
115121,"[19853, 64700, 88648, 5788, 18055, 83950, 12571, 92118, 31374, 84259]"
115122,"[42436, 47921, 29692, 68677, 66539, 31728, 47466, 28418, 30377, 29487]"
115123,"[51357, 42623, 86325, 1892, 88606, 103130, 20579, 53174, 27134, 34638]"
115124,"[103120, 32058, 71156, 30849, 55088, 44220, 58291, 19797, 58118, 11184]"
115125,"[9048, 2688, 96516, 71333, 22896, 74421, 20325, 1939, 13728, 95219]"
115126,"[29775, 83819, 71465, 14444, 49121, 42243, 25614, 27463, 23263, 66904]"
115127,"[66573, 102852, 72809, 77692, 103062, 72552, 108246, 50614, 5964, 50265]"
115128,"[195, 30712, 107441, 38185, 43993, 48446, 39917, 73418, 2612, 99990]"
115129,"[77348, 97255, 47917, 61639, 101753, 42647, 41017, 86006, 45112, 8523]"
115130,"[18491, 27432, 71001, 31709, 25079, 108666, 38417, 84566, 71362, 15817]"
115131,"[23646, 37052, 18839, 41537, 96957, 7846, 69695, 57325, 16809, 75899]"
115132,"[69826, 51969, 32912, 92094, 74364, 67117, 17978, 47087, 101641, 103272]"
115133,"[63352, 78416, 67575, 38731, 70937, 45625, 1068, 25369, 92550, 22675]"
115134,"[72293, 24017, 108355, 54543, 75449, 73836, 9898, 53882, 88851, 80755]"
115135,"[85046, 57777, 90803, 67157, 30319, 8041, 48324, 63062, 55168, 109475]"
115136,"[78099, 57112, 5199, 82038, 52289, 53584, 30651, 19886, 71881, 58357]"
115137,"[86980, 9696, 96577, 4860, 109173, 39857, 100880, 3246, 70641, 61444]"
115138,"[79358, 52076, 43677, 72788, 72144, 35540, 33860, 93363, 84170, 52030]"
115139,"[100468, 17903, 22352, 5666, 34726, 23579, 100413, 54101, 43294, 74566]"
115140,"[63470, 101900, 6130, 47938, 95352, 95909, 101880, 76304, 88412, 2353]"
115141,"[88460, 52333, 108572, 8550, 108163, 43764, 26466, 102912, 1564, 86062]"
115142,"[95491, 73618, 70363, 25143, 82564, 36466, 65927, 102878, 45102, 58789]"
115143,"[59129, 7446, 79577, 495, 100018, 34409, 90269, 35873, 81725, 25299]"
115144,"[14139, 88227, 103822, 32820, 73621, 4363, 63611, 95565, 45181, 18437]"
115145,"[45629, 73922, 78801, 35282, 30171, 105529, 92500, 37514, 22759, 34038]"
115146,"[65003, 35569, 4721, 83633, 97268, 55167, 23874, 8431, 40595, 7706]"
115147,"[54987, 99807, 101067, 25352, 53607, 69558, 40917, 97271, 72167, 17985]"
115148,"[51119, 63246, 79110, 15962, 107487, 58027, 87126, 14687, 106667, 101811]"
115149,"[53263, 27930, 300, 80554, 52902, 30539, 91249, 12246, 42942, 108216]"
115150,"[20672, 13839, 91368, 76369, 16408, 33185, 18932, 79030, 25599, 54188]"
115151,"[70695, 38892, 81532, 63456, 39946, 104859, 61435, 93221, 92005, 20169]"
115152,"[55303, 5265, 47716, 47926, 73391, 44991, 31445, 52883, 99568, 50141]"
115153,"[19024, 48120, 63203, 102106, 42509, 3224, 39296, 87454, 80353, 54780]"
115154,"[71903, 32520, 83721, 107329, 15227, 40374, 29944, 40800, 22460, 102259]"
115155,"[22613, 1422, 80108, 31833, 58015, 50422, 62592, 67746, 104913, 93999]"
115156,"[25615, 89542, 86767, 61599, 63793, 22306, 23169, 65899, 97285, 101106]"
115157,"[106084, 105716, 85280, 6551, 70249, 74267, 96350, 44698, 56417, 61478]"
115158,"[34313, 71112, 108711, 109089, 18570, 23497, 13211, 45844, 73964, 23194]"
115159,"[25828, 88123, 79312, 93296, 73516, 59873, 59930, 75568, 24016, 108527]"
115160,"[60117, 11574, 2231, 53079, 42807, 41723, 56309, 57316, 39668, 84216]"
115161,"[28894, 26925, 96449, 94259, 55610, 2652, 2434, 76868, 92341, 10486]"
115162,"[23056, 74717, 25714, 108915, 67571, 45422, 36409, 39518, 100918, 28738]"
115163,"[26819, 36293, 16788, 88776, 64358, 80543, 7604, 13055, 107450, 25604]"
115164,"[5987, 90334, 79826, 33234, 58289, 89268, 2617, 54532, 102599, 59025]"
115165,"[61745, 12929, 65701, 65397, 4660, 54001, 79367, 71186, 72029, 139]"
115166,"[55910, 24382, 42252, 520, 89009, 45083, 79787, 3455, 68524, 59460]"
115167,"[43204, 3892, 4955, 7622, 99602, 57273, 87368, 10379, 8611, 14685]"
115168,"[91553, 67273, 54227, 34381, 7036, 40622, 61142, 82189, 104918, 77766]"
115169,"[84818, 76460, 37119, 89239, 99303, 67256, 37982, 57918, 25536, 47953]"
115170,"[68218, 8936, 11219, 70523, 30055, 58842, 108316, 8518, 46767, 43081]"
115171,"[57658, 72403, 771, 21154, 79331, 100243, 54008, 63410, 45982, 81828]"
115172,"[9714, 24358, 14480, 62718, 70511, 98904, 42290, 108924, 91441, 84225]"
115173,"[71622, 39676, 60962, 53534, 65327, 87934, 74014, 35120, 68013, 29748]"
115174,"[45486, 1522, 23403, 51776, 103534, 67568, 109131, 86293, 106171, 11400]"
115175,"[12857, 70889, 96206, 86387, 41814, 24912, 86560, 67097, 25315, 104559]"
115176,"[70586, 103067, 63254, 54712, 53448, 28024, 29264, 22519, 33902, 108662]"
115177,"[23869, 42403, 61288, 48960, 16685, 12716, 57247, 16806, 109476, 92788]"
115178,"[3038, 17376, 27019, 103533, 28731, 106470, 10210, 29167, 49067, 23782]"
115179,"[45483, 36433, 46387, 12826, 89120, 28179, 28447, 105066, 43828, 7420]"
115180,"[92261, 91017, 2713, 99216, 77023, 41361, 36695, 23990, 24102, 10152]"
115181,"[26171, 67019, 42721, 37003, 94436, 61661, 2081, 96940, 5863, 27773]"
115182,"[9380, 95634, 61192, 59284, 10691, 41456, 23514, 29583, 9048, 59292]"
115183,"[60782, 108591, 36019, 96028, 98048, 109139, 87899, 23975, 21264, 96736]"
115184,"[94997, 5195, 79261, 34062, 87302, 102801, 31735, 105709, 51320, 64607]"
115185,"[84878, 6346, 69583, 28593, 87303, 102547, 82486, 49304, 99413, 56743]"
115186,"[12115, 43720, 79811, 12125, 102982, 42583, 85673, 49184, 88362, 103398]"
115187,"[9573, 82565, 87569, 58099, 58160, 1423, 6012, 65433, 101665, 107768]"
115188,"[6133, 49427, 105265, 38368, 61052, 41936, 25420, 97915, 16925, 63853]"
115189,"[95931, 105352, 55694, 91264, 6354, 87526, 23615, 40661, 60438, 56994]"
115190,"[50686, 70933, 43878, 29418, 104975, 42701, 18882, 24358, 94015, 44642]"
115191,"[73007, 8271, 22714, 63236, 49605, 64763, 30437, 46789, 48476, 14039]"
115192,"[27433, 77577, 26454, 56719, 4414, 50113, 108796, 89876, 72992, 6370]"
115193,"[70010, 81146, 85589, 107756, 76080, 5664, 78198, 7627, 100673, 51372]"
115194,"[66412, 90151, 95085, 17165, 75776, 66298, 47535, 103437, 35634, 24238]"
115195,"[72226, 68975, 26616, 82252, 82384, 360, 79866, 49442, 87769, 74834]"
115196,"[92473, 55484, 99772, 38424, 61282, 56750, 59175, 77117, 50264, 102789]"
115197,"[89429, 109412, 101252, 49565, 46119, 75314, 13491, 102819, 85195, 108513]"
115198,"[23999, 31233, 26153, 77620, 19445, 1509, 2568, 8232, 88470, 53164]"
115199,"[44113, 21410, 78252, 11916, 14833, 99460, 21968, 54445, 82511, 2854]"
115200,"[18873, 6830, 4686, 98589, 51330, 72249, 41780, 7357, 16683, 96252]"
115201,"[23183, 2776, 35287, 93844, 83115, 45849, 106918, 32607, 109413, 21450]"
115202,"[63306, 94806, 33321, 33571, 104229, 46992, 18361, 86918, 84781, 77854]"
115203,"[27743, 39228, 32645, 18611, 82118, 81337, 38328, 30694, 54944, 50911]"
115204,"[38525, 13258, 85478, 66273, 81240, 3710, 4974, 33407, 38291, 55986]"
115205,"[70796, 27336, 7553, 4688, 68844, 26237, 76977, 93506, 86889, 28036]"
115206,"[20279, 68328, 96248, 60440, 1841, 25226, 82228, 5131, 37515, 63787]"
115207,"[104580, 23063, 83138, 109091, 15460, 46668, 30291, 27286, 65176, 104282]"
115208,"[103373, 3980, 107020, 61564, 105157, 87812, 43246, 57343, 32109, 102441]"
115209,"[23832, 60808, 85325, 98543, 79889, 49361, 5226, 101600, 86717, 24668]"
115210,"[68414, 62562, 68031, 101898, 77077, 51650, 7045, 83193, 46067, 34692]"
115211,"[93399, 21473, 62136, 46471, 70432, 93955, 97913, 106304, 49609, 4871]"
115212,"[102896, 82038, 106871, 76848, 79643, 71881, 86218, 58357, 78099, 57112]"
115213,"[54374, 42519, 10200, 52072, 3613, 47884, 49441, 84263, 93408, 15424]"
115214,"[27355, 48574, 50599, 35824, 96702, 69119, 19957, 30165, 12025, 52842]"
115215,"[87976, 70740, 80242, 99810, 3565, 78840, 60131, 61114, 36934, 89136]"
115216,"[81066, 43349, 25206, 70955, 66745, 84708, 94945, 93082, 31170, 58797]"
115217,"[64774, 101176, 70476, 77833, 59107, 53175, 105460, 76653, 85886, 84510]"
115218,"[38668, 88140, 24699, 794, 22778, 102439, 102986, 59246, 94197, 59868]"
115219,"[25520, 25664, 39889, 28426, 64494, 2080, 2033, 39987, 62097, 2463]"
115220,"[35251, 56200, 33879, 98551, 10949, 104736, 82023, 32582, 83894, 85000]"
115221,"[37341, 57750, 61741, 94755, 67741, 77711, 445, 105043, 27699, 13265]"
115222,"[245, 62810, 23354, 64005, 54020, 8134, 64235, 98471, 45565, 84354]"
115223,"[5610, 3820, 44702, 95589, 79024, 76011, 55238, 1608, 23153, 65074]"
115224,"[71616, 6074, 87881, 95820, 7964, 55650, 29547, 65549, 99925, 2346]"
115225,"[85730, 105885, 105397, 54150, 25428, 84147, 94969, 17028, 82178, 79596]"
115226,"[80890, 6288, 50678, 77226, 106842, 5859, 65767, 19456, 106720, 104715]"
115227,"[104405, 102736, 23512, 6052, 91875, 26708, 93143, 32371, 19308, 35212]"
115228,"[37201, 17692, 91919, 45420, 8931, 73215, 20286, 81925, 8141, 19380]"
115229,"[56668, 90085, 76237, 106882, 95342, 79547, 20673, 55823, 14148, 43469]"
115230,"[84049, 61445, 39425, 29481, 69562, 48303, 54136, 10044, 27301, 42928]"
115231,"[9024, 9479, 36912, 28058, 49408, 28869, 108741, 85381, 94547, 4730]"
115232,"[25369, 106255, 9530, 94981, 23834, 49950, 28820, 49632, 106083, 2801]"
115233,"[45337, 49365, 24058, 85140, 106550, 99465, 102967, 33579, 104620, 89806]"
115234,"[52389, 59923, 49860, 18231, 26648, 1089, 63407, 44115, 40160, 88084]"
115235,"[99646, 101681, 21301, 81543, 1115, 96957, 105094, 26160, 82653, 81474]"
115236,"[1450, 35749, 48705, 85282, 105595, 964, 5351, 43693, 41453, 61739]"
115237,"[84466, 15037, 63966, 102382, 104676, 13896, 33554, 87536, 75884, 88013]"
115238,"[92309, 56772, 28718, 102457, 78797, 107800, 54489, 77706, 56876, 9500]"
115239,"[80784, 62426, 108758, 102189, 41012, 34716, 21592, 45211, 9432, 5416]"
115240,"[86344, 9001, 71326, 40360, 89990, 19607, 47001, 42693, 61341, 1244]"
115241,"[6737, 1812, 19431, 28364, 26722, 10141, 61424, 41990, 663, 49665]"
115242,"[90504, 75262, 11497, 100367, 108980, 21573, 106528, 19442, 61283, 17006]"
115243,"[17319, 19803, 95371, 33209, 99717, 29731, 37807, 101833, 95366, 79519]"
115244,"[51799, 101285, 81154, 98400, 45742, 56199, 29229, 96344, 12215, 77161]"
115245,"[19522, 105419, 78828, 92016, 18805, 10215, 47419, 53204, 35801, 19005]"
115246,"[98042, 106918, 32607, 47589, 48147, 5513, 16504, 23518, 30384, 96636]"
115247,"[90419, 51268, 25506, 96182, 28463, 11185, 109127, 70493, 97299, 91987]"
115248,"[20909, 6177, 104724, 17052, 32302, 79848, 97832, 104768, 59822, 90358]"
115249,"[50752, 101482, 1149, 43963, 66765, 28050, 62626, 99792, 21339, 67329]"
115250,"[4457, 36281, 108964, 83610, 30714, 67499, 86891, 99682, 60097, 68867]"
115251,"[29737, 56764, 97894, 71651, 21635, 72009, 87528, 24065, 1222, 57573]"
115252,"[45582, 48404, 107049, 71558, 49488, 21472, 96659, 80643, 32810, 23863]"
115253,"[28343, 75457, 63077, 4022, 77968, 93181, 89395, 41335, 35354, 22112]"
115254,"[47090, 87462, 47456, 23247, 77553, 5533, 83179, 84798, 59106, 65405]"
115255,"[71000, 7423, 67911, 21549, 24660, 20641, 94880, 30019, 26675, 92251]"
115256,"[66377, 56353, 19831, 62748, 55526, 60679, 80276, 47220, 89790, 49385]"
115257,"[24820, 105768, 56068, 62712, 80782, 66232, 50742, 55184, 64834, 87040]"
115258,"[34287, 81939, 30086, 80043, 72813, 87607, 40312, 32416, 55512, 6824]"
115259,"[16356, 15208, 42292, 64463, 5189, 69983, 77278, 77082, 8696, 5708]"
115260,"[105039, 78775, 70310, 13872, 18178, 25156, 74067, 102899, 74591, 24109]"
115261,"[23067, 545, 86489, 79691, 49105, 15202, 87969, 4878, 98397, 100524]"
115262,"[41909, 94074, 78657, 89700, 59611, 39101, 37286, 8423, 49253, 39394]"
115263,"[23135, 75183, 89680, 28134, 74012, 26639, 52126, 37999, 62529, 63720]"
115264,"[8062, 691, 22557, 21973, 101607, 91665, 54435, 36812, 107554, 49661]"
115265,"[10762, 11135, 109403, 79479, 31916, 58412, 28862, 33005, 101710, 108513]"
115266,"[89006, 54108, 88517, 90283, 86946, 25658, 63037, 79821, 91365, 92062]"
115267,"[50937, 11687, 66922, 25764, 40038, 57065, 16676, 67106, 104448, 58965]"
115268,"[12512, 33080, 103631, 47421, 8429, 5407, 84672, 38286, 96609, 50123]"
115269,"[9078, 85642, 57596, 11717, 18704, 42912, 78354, 41827, 30740, 47041]"
115270,"[27531, 44304, 40844, 18183, 3379, 1111, 30946, 74654, 72030, 27882]"
115271,"[80667, 77344, 69136, 24569, 53337, 38671, 47382, 11417, 81041, 85060]"
115272,"[13218, 93282, 94778, 93745, 67309, 18629, 47181, 30623, 103637, 38083]"
115273,"[91232, 59178, 91104, 56548, 3379, 87485, 25779, 1111, 106446, 12690]"
115274,"[40186, 7345, 27905, 78779, 77267, 108032, 78226, 106569, 20621, 62795]"
115275,"[19302, 103835, 10375, 64749, 98633, 4601, 44991, 58018, 19504, 32228]"
115276,"[102903, 47480, 55302, 105961, 70059, 89855, 88688, 19895, 43041, 31379]"
115277,"[104916, 76419, 38421, 64101, 88519, 7799, 16859, 80845, 89332, 64456]"
115278,"[3016, 21074, 27133, 89712, 95412, 37463, 24172, 23846, 2907, 43571]"
115279,"[9269, 57835, 49329, 64686, 14525, 30347, 45443, 94237, 83109, 59474]"
115280,"[191, 68591, 58242, 40730, 24061, 2136, 15275, 83920, 54113, 63464]"
115281,"[29636, 72855, 9668, 70039, 75149, 104541, 1109, 1235, 60583, 77398]"
115282,"[30609, 72764, 105961, 15939, 103327, 44626, 105843, 19895, 34964, 68214]"
115283,"[59901, 96697, 68985, 86764, 1403, 22891, 97850, 18128, 31988, 27466]"
115284,"[40474, 91373, 62952, 1504, 44386, 31614, 8049, 71714, 53459, 68938]"
115285,"[87333, 73497, 36643, 65188, 95885, 68009, 19104, 61384, 61407, 92532]"
115286,"[11780, 67675, 73558, 59055, 34077, 39666, 97797, 75468, 13283, 70515]"
115287,"[75698, 66853, 73088, 99337, 86497, 102226, 80770, 13029, 43213, 24263]"
115288,"[64376, 21471, 33567, 67342, 5344, 90601, 64893, 27825, 95765, 51035]"
115289,"[101230, 22493, 82102, 31305, 87238, 102740, 51046, 47662, 101653, 72771]"
115290,"[85708, 25821, 53469, 52433, 34303, 94911, 13077, 57841, 42093, 66773]"
115291,"[56485, 86335, 23681, 51432, 21865, 65244, 67448, 4837, 61481, 87879]"
115292,"[13524, 59780, 106000, 104569, 37960, 97423, 80638, 21330, 50798, 79370]"
115293,"[106130, 103472, 5551, 22311, 68738, 66024, 14729, 35810, 103872, 18134]"
115294,"[89512, 17863, 1936, 15913, 18672, 9564, 56846, 26216, 35614, 81602]"
115295,"[104924, 20397, 14745, 9832, 90042, 97868, 26436, 10493, 19136, 21959]"
115296,"[44589, 80265, 108559, 64745, 4948, 37470, 59345, 79235, 90604, 92501]"
115297,"[17234, 75539, 27096, 44269, 2069, 7759, 22161, 14864, 3519, 94207]"
115298,"[72376, 15579, 63732, 49135, 43474, 96368, 65281, 47599, 101115, 80490]"
115299,"[61692, 48830, 72116, 25614, 82727, 60698, 84358, 96878, 47679, 45841]"
115300,"[22802, 19992, 107211, 97693, 79110, 46568, 49623, 57554, 16699, 55668]"
115301,"[93066, 12093, 9802, 31883, 40548, 32962, 53115, 85327, 9481, 80359]"
115302,"[15526, 34905, 88992, 26566, 104892, 106144, 103523, 38515, 79857, 76626]"
115303,"[98741, 96398, 104382, 14161, 60192, 88186, 37344, 105456, 102450, 99012]"
115304,"[58159, 81917, 84909, 56435, 15875, 60184, 10990, 68614, 103177, 98462]"
115305,"[22522, 6269, 71642, 46975, 69651, 56297, 7491, 24626, 12899, 97044]"
115306,"[33982, 9607, 95054, 30290, 60566, 69406, 49847, 93599, 59715, 12091]"
115307,"[69481, 47027, 74697, 44073, 79852, 47307, 23089, 109545, 15441, 23272]"
115308,"[100327, 12999, 5255, 14724, 35662, 57230, 36772, 50424, 99575, 17206]"
115309,"[64146, 37204, 50080, 39085, 76884, 9822, 10395, 47245, 19899, 49106]"
115310,"[8173, 62347, 103410, 87652, 19047, 100401, 64669, 30608, 83688, 40251]"
115311,"[53206, 69430, 71931, 45071, 42768, 8486, 82111, 48625, 70032, 106658]"
115312,"[104763, 76423, 9425, 63286, 44498, 67035, 43657, 11249, 58284, 89743]"
115313,"[66671, 584, 91785, 38920, 31024, 50799, 106457, 137, 38673, 38060]"
115314,"[79515, 1480, 100537, 71583, 94840, 6934, 33922, 63627, 18699, 61146]"
115315,"[46585, 81799, 55753, 98457, 73184, 108373, 63179, 32341, 71923, 8066]"
115316,"[59320, 6055, 29657, 77794, 75298, 35719, 59313, 45981, 6302, 48440]"
115317,"[16014, 37284, 38180, 11234, 104135, 358, 74422, 42066, 36275, 6851]"
115318,"[80824, 66925, 102473, 99950, 49093, 60718, 87077, 107582, 53989, 84312]"
115319,"[75116, 52894, 51051, 92644, 87463, 49839, 79142, 95374, 26060, 1452]"
115320,"[101194, 69618, 97234, 77187, 46112, 34678, 15883, 5312, 93207, 73037]"
115321,"[98657, 6104, 6788, 86561, 85396, 35391, 57003, 44167, 55060, 75724]"
115322,"[48449, 85447, 74707, 8782, 10124, 51814, 18849, 35593, 94717, 55482]"
115323,"[56379, 86866, 49570, 30416, 20002, 37061, 14395, 46816, 45016, 8983]"
115324,"[58680, 47330, 48989, 11850, 108328, 7666, 9758, 50915, 8174, 25498]"
115325,"[28598, 35921, 60744, 1887, 23849, 105165, 82619, 22700, 32769, 22358]"
115326,"[86261, 105497, 5230, 42709, 42275, 7961, 4973, 19266, 29251, 100839]"
115327,"[40607, 61986, 46041, 56120, 84551, 108749, 20220, 31278, 38906, 55791]"
115328,"[47492, 7663, 1846, 13930, 73898, 78535, 54928, 59456, 81490, 31817]"
115329,"[13517, 95282, 6241, 96840, 103263, 72025, 64247, 105149, 25635, 28551]"
115330,"[80204, 49613, 48258, 33122, 5378, 49684, 51331, 19898, 81042, 83986]"
115331,"[26390, 42092, 62707, 81265, 64048, 107427, 69951, 92716, 59534, 49959]"
115332,"[26788, 107851, 69920, 28306, 80661, 27365, 90934, 83467, 77202, 64489]"
115333,"[91541, 28800, 68932, 38144, 82634, 60769, 6279, 101572, 46587, 13137]"
115334,"[16337, 56454, 29433, 57172, 51599, 2571, 46055, 11184, 62855, 96918]"
115335,"[98152, 28271, 70021, 40694, 14397, 97577, 37780, 108490, 51759, 61919]"
115336,"[35906, 44159, 104036, 95186, 105074, 37833, 2072, 46204, 12320, 70130]"
115337,"[8611, 14685, 40709, 67387, 8312, 104662, 74292, 12181, 80664, 49322]"
115338,"[32731, 105453, 98340, 72873, 12681, 18209, 106758, 106409, 52823, 74567]"
115339,"[57476, 25117, 27952, 37411, 47393, 36665, 100383, 64748, 91228, 104157]"
115340,"[19174, 42781, 21262, 18696, 70148, 45235, 5411, 18484, 58083, 12120]"
115341,"[108697, 16783, 87020, 49790, 82939, 92582, 87119, 6802, 57103, 62957]"
115342,"[103264, 90133, 105726, 105731, 31187, 26518, 63728, 42464, 5201, 60815]"
115343,"[38422, 10088, 57656, 22573, 28180, 38944, 31795, 11611, 72111, 18050]"
115344,"[109644, 66771, 64721, 45984, 85500, 83664, 44077, 93330, 82273, 8801]"
115345,"[2530, 80957, 19430, 63694, 107502, 90837, 67609, 11683, 78491, 14857]"
115346,"[103091, 10851, 47918, 103508, 70350, 46983, 50744, 106581, 102958, 69993]"
115347,"[78294, 35346, 22996, 17176, 19138, 27485, 89030, 67875, 47775, 80703]"
115348,"[92262, 53510, 57019, 70262, 64257, 20151, 101808, 91536, 69366, 20578]"
115349,"[7182, 50897, 68508, 49382, 88519, 7799, 14556, 16859, 42386, 97266]"
115350,"[59187, 27836, 26365, 63924, 55269, 26749, 26861, 48589, 33675, 47031]"
115351,"[52130, 50226, 19607, 36531, 51337, 24225, 106302, 72907, 108363, 102768]"
115352,"[47815, 61089, 70397, 58340, 711, 100058, 102328, 14184, 63223, 31642]"
115353,"[30423, 8420, 20785, 28292, 64291, 75667, 104335, 14360, 26824, 73745]"
115354,"[20610, 50727, 101267, 27570, 29987, 32680, 107769, 99571, 66097, 77520]"
115355,"[32572, 83922, 42592, 4149, 10513, 100686, 90514, 100460, 31002, 76482]"
115356,"[60857, 106535, 33482, 95496, 91844, 21343, 68428, 3065, 11045, 34640]"
115357,"[61528, 51042, 49106, 71749, 45085, 86376, 108007, 86491, 59730, 45568]"
115358,"[108472, 66409, 19187, 75038, 49337, 47003, 63462, 65327, 71358, 22606]"
115359,"[105989, 43354, 21264, 98048, 96736, 103696, 88637, 15619, 89772, 27481]"
115360,"[43438, 85814, 56175, 26899, 1795, 19845, 107363, 16866, 47576, 90673]"
115361,"[39290, 983, 29080, 47523, 47066, 83882, 41430, 30263, 26948, 72350]"
115362,"[101594, 5033, 75238, 71864, 79928, 106855, 42752, 74997, 2192, 46053]"
115363,"[42856, 70593, 89205, 45351, 87709, 43224, 38333, 53051, 5969, 3287]"
115364,"[46936, 25163, 101743, 97691, 84431, 45969, 40442, 54016, 17875, 15032]"
115365,"[97446, 39650, 80167, 67739, 11771, 5287, 7489, 95640, 57649, 2155]"
115366,"[47839, 18939, 55701, 70017, 70849, 24214, 99096, 8055, 66777, 84632]"
115367,"[89394, 96521, 93575, 16681, 102740, 49867, 95564, 88055, 651, 20272]"
115368,"[104993, 5794, 63366, 16541, 14167, 33635, 54254, 11381, 28329, 79182]"
115369,"[96843, 11986, 43229, 73807, 7813, 37300, 5290, 59803, 67343, 95651]"
115370,"[9899, 90854, 93275, 64485, 37340, 63531, 58539, 49875, 8094, 84071]"
115371,"[37447, 99566, 75488, 15672, 51174, 77870, 67860, 51399, 896, 45606]"
115372,"[21632, 64646, 35449, 9476, 42237, 99067, 77342, 61610, 36638, 72089]"
115373,"[72665, 52017, 48041, 96338, 80891, 4834, 106549, 5904, 15711, 25092]"
115374,"[69565, 100545, 51079, 50357, 95096, 35848, 71700, 61332, 45819, 17245]"
115375,"[95194, 4949, 10201, 37979, 43381, 75451, 28324, 79706, 40000, 37602]"
115376,"[90138, 46317, 106680, 98079, 93961, 62212, 24109, 105611, 93992, 37625]"
115377,"[43858, 105130, 33593, 86911, 33598, 26259, 94908, 352, 75773, 106227]"
115378,"[3937, 69871, 82890, 32809, 31704, 45209, 66780, 70563, 84565, 6880]"
115379,"[53448, 32010, 30515, 21447, 23502, 108307, 10248, 71239, 54966, 76070]"
115380,"[91002, 81737, 90874, 99646, 77508, 64193, 54330, 32851, 74144, 53090]"
115381,"[70688, 30075, 88554, 22677, 38471, 48364, 101840, 86473, 101915, 83280]"
115382,"[40626, 48575, 99238, 71371, 35911, 39579, 67172, 35152, 49610, 54110]"
115383,"[22372, 31750, 5005, 81008, 36261, 79945, 45222, 100288, 35162, 68861]"
115384,"[58436, 8630, 74977, 36872, 60277, 12045, 102552, 59360, 101258, 66973]"
115385,"[66440, 19034, 96222, 85484, 49097, 99309, 84482, 84838, 7940, 94000]"
115386,"[70696, 60644, 8123, 40796, 22284, 61700, 41128, 8966, 74870, 12869]"
115387,"[12300, 93943, 5675, 38833, 13971, 21574, 88525, 101558, 60530, 90710]"
115388,"[87046, 91744, 73794, 27446, 72063, 14820, 104349, 17641, 105005, 77221]"
115389,"[37076, 93604, 9117, 94497, 103906, 71687, 76405, 48907, 71576, 60952]"
115390,"[41352, 6954, 19982, 61629, 41256, 108277, 105891, 1928, 20361, 37041]"
115391,"[41883, 54318, 6486, 43991, 78648, 55860, 88817, 28577, 93766, 49244]"
115392,"[66292, 14352, 81615, 15794, 81879, 45642, 102343, 94572, 16102, 106532]"
115393,"[44641, 22051, 4301, 11873, 98175, 3306, 8027, 75332, 75935, 20928]"
115394,"[6634, 41829, 91514, 74740, 31247, 43643, 107120, 31770, 6132, 80846]"
115395,"[57208, 106087, 100062, 96590, 36371, 41475, 95025, 51394, 62442, 59279]"
115396,"[35112, 54908, 62058, 23464, 60953, 81223, 54917, 64811, 41358, 8657]"
115397,"[84399, 50172, 88487, 91710, 44437, 13608, 104920, 24098, 44137, 59500]"
115398,"[41735, 86603, 104699, 19682, 69587, 32614, 30988, 10105, 69732, 91265]"
115399,"[56985, 104596, 55647, 90, 32401, 81595, 100135, 21098, 109423, 26786]"
115400,"[31091, 72368, 42610, 6928, 69409, 12552, 85815, 27889, 71923, 90576]"
115401,"[12284, 64680, 87121, 80712, 109629, 31391, 47379, 49827, 102701, 30850]"
115402,"[21997, 95407, 1292, 8304, 10318, 36284, 69033, 83561, 55951, 96612]"
115403,"[78065, 35937, 77060, 56044, 93447, 108174, 103514, 68585, 39664, 9059]"
115404,"[94288, 6200, 104806, 88968, 91425, 107127, 42162, 33646, 99382, 54250]"
115405,"[1390, 62801, 87984, 68037, 31028, 86762, 99716, 39270, 30428, 58657]"
115406,"[68262, 64925, 72156, 77822, 24871, 45758, 103505, 91949, 97111, 92344]"
115407,"[106291, 10520, 67800, 841, 53595, 100699, 59539, 54749, 70175, 89047]"
115408,"[73207, 40281, 73422, 54028, 31740, 39872, 45445, 1899, 60611, 3951]"
115409,"[54031, 68155, 47980, 39270, 30428, 62353, 103265, 49663, 93914, 3338]"
115410,"[75851, 96287, 47855, 35474, 105198, 96638, 40662, 103303, 103153, 48056]"
115411,"[87743, 47522, 79698, 15902, 83729, 5286, 75520, 105095, 33613, 73445]"
115412,"[109756, 47022, 42765, 96670, 35360, 101192, 81439, 107367, 65243, 2600]"
115413,"[36921, 92620, 17850, 46502, 29201, 61965, 66705, 58594, 51528, 78046]"
115414,"[57603, 60333, 5468, 16100, 86729, 33664, 66367, 23552, 56254, 55820]"
115415,"[46318, 24397, 69211, 11397, 38126, 97287, 76000, 59487, 84303, 36924]"
115416,"[82148, 37629, 87295, 19781, 96107, 97143, 45013, 42916, 9997, 94302]"
115417,"[20489, 16564, 68011, 86865, 82711, 76533, 6324, 33575, 88786, 106322]"
115418,"[94606, 107729, 102125, 87160, 107706, 65836, 103370, 72702, 62030, 87527]"
115419,"[24772, 88774, 70180, 59778, 40419, 6717, 17581, 102818, 3394, 34933]"
115420,"[52068, 23709, 69164, 28160, 57692, 54048, 10650, 22516, 35805, 27287]"
115421,"[29036, 9803, 67085, 36130, 91469, 52173, 7147, 36294, 741, 14352]"
115422,"[84679, 77186, 109317, 42561, 69163, 85222, 38448, 69252, 1112, 67416]"
115423,"[64118, 83859, 49641, 75943, 86744, 102985, 41319, 77804, 43785, 43838]"
115424,"[83450, 108191, 32942, 77447, 99551, 88294, 41732, 106722, 47635, 2172]"
115425,"[74644, 98265, 96656, 2586, 40958, 50834, 19082, 63813, 11426, 88754]"
115426,"[105815, 92153, 6007, 75333, 55041, 39940, 74556, 27045, 91867, 24128]"
115427,"[73963, 9419, 20913, 22922, 67318, 41554, 38570, 20468, 17158, 103902]"
115428,"[107932, 54968, 80958, 87700, 1964, 56770, 55314, 30305, 102386, 80511]"
115429,"[73517, 43878, 28173, 70843, 56489, 57007, 18882, 94046, 22665, 140]"
115430,"[57772, 27218, 74981, 94438, 50836, 85685, 82509, 79988, 106978, 57160]"
115431,"[68505, 108070, 5099, 48776, 108580, 9987, 19320, 19816, 14756, 42716]"
115432,"[67609, 55392, 78491, 57902, 2530, 37868, 71395, 64595, 90837, 34785]"
115433,"[63039, 91759, 42923, 792, 35309, 58586, 12161, 77439, 31950, 18442]"
115434,"[78138, 14137, 13147, 83684, 69163, 60713, 75438, 38799, 4365, 42561]"
115435,"[12753, 57726, 42000, 60538, 29129, 93630, 6597, 25329, 43114, 6695]"
115436,"[8622, 77119, 2238, 84875, 52371, 97874, 22436, 76835, 47721, 2855]"
115437,"[86782, 105971, 56574, 8338, 106518, 22940, 24390, 20558, 104162, 20552]"
115438,"[56522, 14933, 4017, 22218, 99207, 105745, 28664, 90088, 12143, 38514]"
115439,"[42747, 99817, 17899, 34534, 83338, 78635, 85042, 95814, 87027, 68062]"
115440,"[38421, 104916, 64101, 101313, 6708, 26062, 25415, 18907, 102067, 99885]"
115441,"[75126, 18451, 96997, 84826, 71356, 78319, 3148, 68325, 40813, 59930]"
115442,"[33744, 26160, 32851, 89543, 74144, 53090, 29392, 58988, 78073, 91002]"
115443,"[34239, 27047, 16263, 37025, 68452, 96130, 44228, 49741, 65719, 4380]"
115444,"[9071, 43941, 75561, 10799, 1717, 60534, 10996, 78961, 21411, 4204]"
115445,"[101948, 97877, 24085, 56140, 10911, 6348, 73689, 99165, 61119, 6754]"
115446,"[63803, 103622, 104047, 108214, 91116, 77920, 84271, 66216, 69731, 102938]"
115447,"[5159, 72536, 101246, 10220, 54109, 2281, 31741, 88223, 69457, 11191]"
115448,"[90399, 81431, 101412, 63982, 51447, 73930, 11436, 15179, 18607, 83137]"
115449,"[87574, 96647, 48291, 25047, 77324, 59618, 44425, 83957, 48669, 34226]"
115450,"[103493, 31897, 13569, 72940, 34293, 29237, 89982, 61787, 108975, 84573]"
115451,"[26786, 62708, 65845, 32401, 3737, 103992, 39329, 94993, 76270, 82412]"
115452,"[34064, 59834, 58159, 68614, 63461, 49416, 35909, 62251, 95790, 85352]"
115453,"[21460, 74049, 16936, 71690, 99712, 101457, 76902, 98255, 22634, 34677]"
115454,"[61497, 83976, 34687, 39965, 7758, 13277, 26140, 71456, 38045, 3240]"
115455,"[65002, 17319, 99717, 20415, 33209, 33560, 78365, 10905, 73509, 29731]"
115456,"[43282, 108741, 9479, 36912, 94547, 4730, 85381, 38082, 29555, 39049]"
115457,"[358, 80930, 37284, 96134, 83852, 32949, 42066, 74422, 34998, 16014]"
115458,"[79124, 65851, 36152, 7256, 97374, 72703, 91852, 79250, 92471, 56969]"
115459,"[86422, 16024, 107556, 73430, 40343, 80514, 34876, 42671, 61279, 10846]"
115460,"[97628, 30092, 67947, 30567, 50118, 99193, 12592, 88620, 73697, 94050]"
115461,"[31970, 96943, 1828, 48923, 27439, 37191, 38799, 71533, 85222, 38448]"
115462,"[36549, 45535, 67348, 30026, 83878, 52262, 52213, 63723, 78877, 64803]"
115463,"[21938, 35506, 106296, 9771, 39018, 31535, 33911, 33985, 109544, 67135]"
115464,"[56564, 12715, 102816, 64050, 64174, 109221, 69781, 41758, 8296, 102163]"
115465,"[83992, 86529, 24983, 45858, 17913, 49797, 24585, 878, 79461, 79421]"
115466,"[57003, 44167, 85606, 103489, 72107, 60376, 75525, 35564, 51659, 77624]"
115467,"[43975, 48176, 98190, 43805, 91453, 38044, 54728, 55612, 7478, 106148]"
115468,"[65650, 22947, 1772, 65904, 95003, 26929, 35059, 85525, 45487, 42288]"
115469,"[7019, 67783, 14884, 40430, 74594, 51513, 11372, 80499, 81529, 97800]"
115470,"[37511, 38820, 90967, 66680, 43713, 60697, 81095, 7699, 6943, 77525]"
115471,"[5098, 49493, 22821, 75926, 36413, 96974, 32643, 12054, 88391, 13901]"
115472,"[76262, 105685, 93131, 31284, 87251, 42974, 50329, 87348, 16694, 64375]"
115473,"[26092, 77685, 95606, 105191, 3956, 93559, 72860, 11146, 39523, 54454]"
115474,"[83992, 73541, 59708, 2580, 19170, 61469, 58162, 62436, 82545, 18020]"
115475,"[97004, 101543, 10100, 26705, 9154, 86616, 77687, 56258, 79509, 99481]"
115476,"[58272, 51060, 61882, 37810, 54599, 57859, 102971, 69567, 57697, 58943]"
115477,"[40193, 38617, 41075, 22193, 11835, 52034, 78965, 9542, 3191, 5030]"
115478,"[30015, 69679, 20188, 20888, 45259, 22075, 102475, 97727, 21138, 105750]"
115479,"[73749, 74213, 6056, 65912, 22365, 50364, 25251, 64154, 37471, 27583]"
115480,"[64278, 49026, 12481, 10360, 65375, 54386, 49068, 52998, 76083, 103653]"
115481,"[7263, 66268, 40057, 74578, 46382, 97401, 34034, 60994, 1581, 25193]"
115482,"[31359, 74930, 61534, 15606, 58263, 36073, 99597, 71747, 80761, 10203]"
115483,"[80469, 86362, 23470, 32411, 2307, 51716, 71652, 96691, 97712, 88446]"
115484,"[8813, 82036, 97946, 21432, 52950, 55919, 87531, 53745, 6303, 78072]"
115485,"[13079, 51651, 86960, 47854, 92534, 88016, 33606, 37321, 109100, 43070]"
115486,"[48387, 6441, 77753, 14968, 45134, 28553, 32554, 56408, 50964, 59657]"
115487,"[104339, 51205, 62488, 101171, 5150, 99277, 56033, 17833, 90760, 73182]"
115488,"[50610, 10125, 71305, 7585, 58255, 81390, 55043, 68845, 101303, 17550]"
115489,"[9655, 16276, 59995, 85786, 23536, 83782, 27631, 38948, 33638, 33901]"
115490,"[61507, 49798, 59683, 79015, 94766, 1499, 106258, 90646, 6448, 62211]"
115491,"[98290, 22627, 15982, 198, 16613, 74490, 94853, 24463, 76995, 16099]"
115492,"[107162, 65716, 14033, 9069, 36656, 97932, 101144, 66949, 95635, 73872]"
115493,"[29523, 47984, 98210, 45210, 75913, 65595, 45573, 29369, 47529, 105969]"
115494,"[62, 60563, 98235, 38488, 17610, 23807, 27524, 82594, 53108, 751]"
115495,"[43119, 91265, 108510, 103405, 30191, 37317, 69587, 59957, 48017, 79277]"
115496,"[28738, 12567, 6678, 28026, 9566, 13662, 52245, 26994, 34954, 15261]"
115497,"[59303, 3045, 13110, 825, 29902, 80540, 15820, 65763, 90129, 103069]"
115498,"[21743, 21457, 47923, 13185, 79266, 15052, 99432, 43017, 59946, 92223]"
115499,"[70495, 66094, 54731, 57171, 37165, 18893, 38324, 27564, 36832, 21801]"
115500,"[108483, 59432, 55936, 71266, 38583, 32475, 29590, 66964, 103187, 81731]"
115501,"[39016, 52954, 90823, 21424, 92700, 93009, 32883, 76322, 36312, 82739]"
115502,"[107403, 78054, 104884, 105674, 94471, 82870, 28855, 17879, 17149, 74874]"
115503,"[23714, 71035, 44366, 105, 79361, 11637, 65757, 108455, 95949, 55554]"
115504,"[70866, 23649, 54086, 79332, 12770, 6905, 47487, 3192, 87349, 95083]"
115505,"[48394, 9864, 14350, 43102, 73100, 84671, 102507, 77389, 67674, 53517]"
115506,"[40870, 7083, 74565, 72639, 93877, 1037, 106164, 81974, 107125, 100011]"
115507,"[44616, 58934, 50908, 838, 43591, 98047, 83879, 86659, 9492, 109685]"
115508,"[63005, 53822, 85227, 53884, 2942, 17325, 48912, 1823, 58518, 98211]"
115509,"[45895, 26533, 3868, 67862, 5048, 65372, 41448, 108377, 64562, 27833]"
115510,"[88891, 20091, 96710, 100066, 59786, 51556, 89109, 12834, 92783, 3557]"
115511,"[90208, 109753, 843, 38804, 71506, 100450, 29947, 59304, 108882, 19417]"
115512,"[99431, 77850, 71929, 5034, 34602, 73396, 21665, 106306, 80604, 5277]"
115513,"[18859, 8622, 47721, 21670, 101222, 84875, 88863, 22436, 2238, 25317]"
115514,"[42913, 81110, 36336, 71478, 55194, 37786, 16498, 55603, 21052, 87900]"
115515,"[89392, 7493, 81574, 78930, 72698, 92636, 19676, 89341, 35542, 86881]"
115516,"[103517, 34753, 45364, 101578, 40751, 69841, 58844, 55103, 32007, 18809]"
115517,"[108371, 46951, 8430, 103600, 16589, 30303, 51044, 27604, 86490, 57659]"
115518,"[39435, 53124, 107264, 93393, 86086, 44686, 92559, 54938, 45154, 25021]"
115519,"[102323, 97886, 38047, 11482, 79153, 29726, 35312, 47607, 79871, 47246]"
115520,"[27837, 38708, 10111, 108942, 80609, 46728, 62016, 64686, 34406, 16257]"
115521,"[52792, 18327, 44498, 35469, 9425, 8857, 52675, 96092, 39369, 92322]"
115522,"[49891, 41130, 20362, 38105, 49379, 33075, 63673, 798, 24169, 44570]"
115523,"[37947, 22230, 28025, 86753, 23492, 33761, 27731, 13905, 48649, 67052]"
115524,"[76945, 62484, 67225, 10592, 91834, 13702, 2650, 32212, 8326, 54389]"
115525,"[39566, 82119, 69822, 66833, 63794, 28759, 29782, 18877, 38000, 62336]"
115526,"[34352, 59889, 45108, 97007, 51332, 48110, 74835, 99597, 38756, 39000]"
115527,"[91012, 90757, 34854, 34092, 67651, 98868, 64709, 6899, 44881, 64917]"
115528,"[20820, 86077, 109274, 94109, 2338, 51696, 26860, 17270, 92453, 74828]"
115529,"[5159, 54109, 48906, 2281, 64986, 18093, 8096, 30974, 56515, 84689]"
115530,"[79128, 96645, 44195, 53873, 105359, 98803, 102215, 37713, 65163, 34550]"
115531,"[13708, 58962, 19942, 7850, 41512, 94368, 48392, 64493, 15019, 75134]"
115532,"[92882, 46747, 29511, 3138, 19610, 28061, 87105, 43158, 61251, 60379]"
115533,"[30853, 3914, 10880, 24165, 1951, 45238, 16622, 17201, 72077, 91319]"
115534,"[107356, 27824, 41934, 1108, 108687, 96281, 36762, 73232, 6036, 97071]"
115535,"[93379, 22224, 58679, 89637, 56655, 16441, 21045, 286, 44093, 65876]"
115536,"[93775, 9123, 31974, 76327, 48275, 54238, 69820, 103537, 69570, 97177]"
115537,"[44757, 647, 49132, 73609, 25390, 58854, 92589, 82183, 79818, 69875]"
115538,"[83363, 30420, 92140, 27986, 87179, 69050, 78527, 78196, 54726, 28424]"
115539,"[85564, 97085, 102477, 14624, 90605, 79883, 52102, 68302, 46167, 105606]"
115540,"[101093, 51062, 17949, 79808, 52249, 33222, 32505, 24452, 39213, 105955]"
115541,"[13258, 39635, 28039, 94396, 45774, 48918, 29632, 4974, 66273, 38525]"
115542,"[88193, 96550, 107568, 5146, 41022, 67141, 55535, 588, 96863, 24282]"
115543,"[15843, 98154, 72261, 46372, 65835, 37326, 1330, 50075, 91369, 61987]"
115544,"[19463, 52975, 86094, 37247, 85414, 50171, 13373, 90590, 62549, 73831]"
115545,"[64514, 55920, 578, 43793, 50646, 48917, 106348, 1419, 52206, 82614]"
115546,"[4223, 57395, 22164, 51070, 70762, 11256, 37831, 4395, 55884, 18102]"
115547,"[85124, 20263, 58960, 97976, 33994, 81119, 16365, 106278, 102498, 100159]"
115548,"[13371, 2962, 67434, 89181, 72896, 29582, 65606, 21808, 87974, 49439]"
115549,"[20306, 17542, 3622, 109469, 78479, 60195, 57408, 19249, 69670, 18934]"
115550,"[10229, 96094, 57279, 738, 52, 84918, 73221, 86786, 64233, 58028]"
115551,"[88353, 45081, 19941, 80808, 98882, 27011, 81164, 77928, 22294, 82496]"
115552,"[45067, 53091, 45052, 13880, 78658, 72536, 48768, 36207, 39687, 85916]"
115553,"[69596, 32181, 94004, 87316, 97745, 62645, 100270, 3743, 57158, 86347]"
115554,"[60652, 22190, 21405, 17904, 11250, 3844, 78458, 57056, 92945, 81279]"
115555,"[35637, 91587, 106684, 25166, 88142, 100186, 76826, 47336, 173, 81491]"
115556,"[91485, 63677, 25581, 3838, 40124, 8174, 74704, 61376, 107561, 30665]"
115557,"[10015, 40189, 96765, 5362, 87601, 40980, 32216, 61984, 1696, 70987]"
115558,"[43494, 69030, 101286, 5538, 29253, 21133, 3561, 73477, 100937, 47944]"
115559,"[29289, 47498, 46947, 90985, 104868, 58670, 4327, 37767, 53350, 50393]"
115560,"[17221, 103117, 103868, 54858, 25527, 96625, 34041, 60714, 83130, 93652]"
115561,"[79381, 86768, 107185, 22508, 2826, 67890, 89737, 11362, 91707, 21557]"
115562,"[65173, 12371, 67223, 70778, 102388, 100799, 14172, 22794, 45149, 56302]"
115563,"[33214, 54130, 11121, 64789, 85713, 48406, 52863, 20080, 48043, 56883]"
115564,"[93470, 65257, 6491, 60629, 83605, 60818, 106611, 41778, 79009, 33590]"
115565,"[3602, 67268, 93835, 10856, 36226, 60681, 89618, 38919, 102927, 69299]"
115566,"[81005, 107930, 77967, 104439, 17056, 37520, 61768, 48977, 83639, 64391]"
115567,"[87285, 67986, 98016, 87002, 9351, 108598, 62138, 88056, 55917, 87706]"
115568,"[60497, 97836, 6313, 37558, 70537, 8885, 105931, 97527, 63112, 46373]"
115569,"[40985, 3615, 65106, 43053, 71310, 109249, 96284, 73217, 50498, 22738]"
115570,"[1718, 39124, 94597, 24875, 30125, 76317, 79074, 62737, 38713, 18475]"
115571,"[97518, 52444, 96925, 47093, 35912, 51266, 86736, 67001, 40198, 53463]"
115572,"[104377, 44432, 87018, 33866, 105048, 51571, 67620, 4324, 26163, 5880]"
115573,"[1297, 46376, 70084, 828, 18247, 96618, 11174, 80120, 91974, 36562]"
115574,"[29602, 86998, 85570, 87319, 22007, 48904, 102879, 71136, 10512, 87507]"
115575,"[86783, 3237, 92889, 27041, 32190, 3734, 84326, 106898, 108524, 76396]"
115576,"[4315, 56150, 61536, 51332, 102671, 72779, 55081, 87588, 50537, 28155]"
115577,"[5765, 106568, 11820, 79204, 19777, 4563, 50066, 6304, 23968, 61320]"
115578,"[99922, 94967, 98857, 78791, 64784, 60543, 35640, 28558, 65091, 58540]"
115579,"[81526, 101792, 50188, 94248, 90227, 9195, 43149, 8574, 65571, 23585]"
115580,"[17564, 88468, 11860, 29961, 6959, 1034, 46615, 14333, 86132, 60316]"
115581,"[101085, 71560, 70843, 25331, 92443, 94046, 85984, 22665, 71686, 39316]"
115582,"[22525, 29493, 65663, 55043, 107780, 47960, 101303, 73843, 65846, 87136]"
115583,"[51413, 52556, 44511, 66806, 12751, 14381, 11759, 85115, 34219, 79724]"
115584,"[60202, 46902, 10788, 94467, 58985, 78649, 3449, 66839, 30431, 2475]"
115585,"[24560, 49774, 108363, 104507, 17135, 68813, 6743, 25157, 3616, 70338]"
115586,"[107217, 107167, 80589, 91676, 51885, 14575, 54347, 75961, 16348, 54615]"
115587,"[54532, 108127, 41662, 105302, 49604, 94322, 32325, 40323, 86494, 105855]"
115588,"[99021, 17128, 20140, 29973, 21257, 37920, 5017, 67773, 81979, 19942]"
115589,"[31528, 31340, 29339, 47387, 85809, 1913, 108757, 3879, 108683, 2674]"
115590,"[77799, 100459, 51883, 108530, 47294, 39537, 22163, 35661, 104701, 35356]"
115591,"[85757, 37320, 16810, 22004, 56672, 10703, 10277, 45555, 6537, 54146]"
115592,"[65664, 65735, 71477, 23078, 108080, 59804, 2300, 10025, 69491, 107979]"
115593,"[94944, 87227, 7980, 44621, 38091, 59090, 86771, 61014, 101552, 59447]"
115594,"[106971, 18138, 108613, 39657, 19795, 45166, 63710, 24590, 82597, 17309]"
115595,"[48605, 42889, 100072, 73729, 26597, 29310, 77073, 73959, 72840, 35142]"
115596,"[98675, 90500, 62255, 47702, 59350, 28559, 20507, 103546, 79090, 47839]"
115597,"[20631, 90197, 57882, 38338, 15029, 26235, 66204, 88502, 81982, 82885]"
115598,"[44353, 11974, 45106, 15783, 93732, 109543, 108085, 29897, 22495, 102732]"
115599,"[66377, 56353, 19831, 62748, 55526, 60679, 80276, 47220, 89790, 49385]"
115600,"[66424, 27044, 25265, 33597, 54381, 79206, 101754, 80714, 105936, 21993]"
115601,"[49043, 57176, 4852, 46302, 11317, 72969, 92449, 46316, 46845, 19728]"
115602,"[12672, 69439, 40833, 22861, 82321, 44643, 38037, 14434, 104974, 43729]"
115603,"[49284, 35170, 84349, 24799, 30803, 100810, 58607, 13223, 20574, 29540]"
115604,"[51410, 13296, 70052, 75547, 44517, 53547, 23291, 31452, 93830, 50607]"
115605,"[108850, 22201, 28024, 15661, 70138, 61366, 54874, 7952, 98766, 77551]"
115606,"[108497, 93762, 107949, 56012, 62028, 51067, 105551, 33859, 98541, 76186]"
115607,"[29140, 96443, 68308, 67476, 76037, 49958, 11961, 50318, 31006, 45086]"
115608,"[97976, 85124, 20263, 13471, 41506, 58960, 100159, 55226, 11034, 35775]"
115609,"[45280, 13592, 53914, 15545, 845, 82691, 28784, 3676, 88349, 56409]"
115610,"[10292, 107837, 5961, 70211, 66587, 36640, 31755, 22030, 32823, 83788]"
115611,"[83232, 109567, 64341, 80522, 31634, 44676, 97581, 20094, 74495, 60080]"
115612,"[60908, 74620, 57898, 108674, 69947, 12742, 93385, 93302, 74583, 103194]"
115613,"[44293, 5243, 14823, 90571, 64386, 3562, 19374, 1679, 62567, 59287]"
115614,"[75596, 31262, 97950, 97891, 35751, 82717, 12243, 202, 49010, 68043]"
115615,"[87235, 19193, 68033, 33634, 44605, 80942, 102256, 91015, 47293, 66522]"
115616,"[68635, 9798, 11128, 59133, 34739, 28017, 63271, 34470, 99869, 34143]"
115617,"[93202, 20051, 31535, 20218, 24790, 63750, 64838, 82311, 25227, 80506]"
115618,"[31924, 68435, 68023, 78596, 651, 47592, 8406, 67861, 40699, 31589]"
115619,"[47777, 6768, 25011, 46570, 95206, 38680, 27530, 91511, 27586, 53494]"
115620,"[108247, 38045, 3240, 53925, 88480, 100016, 13277, 26250, 87441, 61215]"
115621,"[85789, 31198, 40324, 106207, 88170, 24117, 103828, 94711, 1396, 108298]"
115622,"[880, 69389, 33899, 5027, 26553, 23523, 105619, 13858, 22549, 36855]"
115623,"[11813, 24615, 71785, 97029, 65161, 59265, 88818, 17412, 79868, 72424]"
115624,"[46161, 102946, 100037, 109537, 47528, 1718, 16129, 68472, 14998, 64635]"
115625,"[56470, 10377, 45720, 75721, 68900, 13516, 67909, 1779, 82011, 25072]"
115626,"[38208, 8527, 7431, 65729, 54123, 37104, 30317, 62329, 55345, 34312]"
115627,"[82491, 34542, 28423, 104231, 54972, 108819, 63539, 80365, 60508, 29778]"
115628,"[72326, 55740, 70574, 5608, 46717, 62468, 96423, 98384, 65992, 46335]"
115629,"[47900, 49601, 47954, 99497, 46987, 106214, 48762, 107374, 6670, 14242]"
115630,"[37803, 29108, 1806, 88892, 17295, 21673, 90043, 41576, 697, 38986]"
115631,"[72379, 77793, 532, 80607, 31064, 18962, 91499, 55665, 81907, 24091]"
115632,"[46141, 90829, 13197, 82072, 34524, 14741, 1265, 40143, 83938, 4074]"
115633,"[56311, 53475, 14041, 91766, 32615, 108718, 56073, 24836, 61771, 106677]"
115634,"[50211, 26541, 13290, 4718, 81935, 51099, 85905, 32647, 85948, 76856]"
115635,"[70373, 9558, 64875, 25922, 16174, 9811, 23489, 65011, 60454, 107110]"
115636,"[69653, 58587, 97734, 67605, 85694, 75711, 81940, 78092, 94149, 50123]"
115637,"[37089, 89415, 55924, 60390, 84706, 66962, 102808, 7052, 98041, 60868]"
115638,"[95901, 75544, 104387, 97694, 86993, 38947, 107700, 59412, 10687, 69529]"
115639,"[99122, 82510, 57012, 66502, 43918, 94140, 39183, 50243, 59338, 7507]"
115640,"[109266, 37139, 28917, 3077, 78330, 75707, 101052, 49050, 51825, 102941]"
115641,"[23660, 1105, 93422, 73466, 65384, 24806, 73001, 54988, 20999, 109209]"
115642,"[68308, 24584, 12310, 50319, 40745, 23127, 6689, 24500, 12848, 3221]"
115643,"[23981, 54316, 21058, 38819, 55630, 70831, 109473, 90567, 54264, 75634]"
115644,"[60882, 69644, 9193, 101961, 14349, 107595, 51168, 80001, 59074, 7422]"
115645,"[81321, 36755, 22385, 67188, 63410, 45982, 99362, 74291, 9044, 1976]"
115646,"[77938, 54398, 27249, 10709, 101831, 38335, 79198, 77863, 51032, 11347]"
115647,"[71040, 96959, 85799, 46709, 58456, 33031, 38707, 21497, 96282, 1688]"
115648,"[62718, 75259, 58396, 1919, 67793, 3239, 34354, 99157, 98904, 87498]"
115649,"[26746, 89173, 95880, 72315, 45693, 12599, 19381, 50797, 99498, 77585]"
115650,"[99750, 17641, 86238, 33420, 44685, 80311, 45761, 69978, 68487, 95427]"
115651,"[19017, 84885, 45481, 46305, 83090, 18651, 17563, 11123, 51739, 49023]"
115652,"[31501, 56052, 53551, 86324, 30320, 87653, 43457, 30044, 4215, 101290]"
115653,"[39779, 102224, 16617, 16372, 93071, 5621, 61989, 28595, 56156, 97661]"
115654,"[32263, 71920, 88674, 31710, 91855, 20954, 57202, 51384, 93748, 81928]"
115655,"[79263, 68148, 94985, 83304, 65508, 55979, 15257, 25392, 8928, 96406]"
115656,"[86976, 18035, 32009, 99, 99703, 53, 11601, 83715, 76552, 93738]"
115657,"[101974, 98172, 69223, 85045, 23355, 100164, 68421, 46244, 34960, 8039]"
115658,"[85045, 1817, 98261, 54477, 5100, 69223, 45465, 23355, 100164, 101974]"
115659,"[99281, 87950, 23174, 68788, 52424, 81441, 69656, 66608, 80033, 17089]"
115660,"[80682, 14441, 88384, 91468, 86697, 70119, 108749, 45995, 41612, 20220]"
115661,"[68559, 100452, 4091, 107711, 22993, 109550, 44889, 33309, 97540, 79664]"
115662,"[15786, 98771, 14684, 13273, 27206, 96749, 12900, 87564, 109724, 48573]"
115663,"[49925, 102836, 87679, 53372, 6422, 68031, 3429, 46067, 5511, 53326]"
115664,"[100039, 13978, 35087, 78024, 85581, 1488, 80394, 23115, 29965, 13329]"
115665,"[47817, 69295, 52328, 26485, 13459, 32925, 101490, 34716, 53831, 52040]"
115666,"[107206, 95533, 108707, 105654, 82944, 12378, 66050, 61656, 60215, 86964]"
115667,"[71743, 26099, 30855, 49155, 42979, 64407, 92523, 99474, 43715, 2835]"
115668,"[30183, 19307, 61309, 10407, 61669, 13856, 23485, 29917, 55528, 5992]"
115669,"[68758, 39867, 27903, 27058, 13205, 73084, 96371, 67094, 82541, 26000]"
115670,"[99737, 74473, 78442, 41631, 30686, 16811, 8308, 57244, 25263, 1593]"
115671,"[3691, 11991, 109377, 64936, 84205, 28056, 99580, 4560, 52139, 69508]"
115672,"[1725, 23588, 7560, 2463, 25738, 38838, 64328, 81845, 103747, 35931]"
115673,"[56830, 64541, 37979, 16061, 43381, 104752, 95194, 4949, 59305, 24370]"
115674,"[38496, 4168, 7809, 63555, 50771, 106704, 31036, 87326, 63790, 27080]"
115675,"[91451, 38399, 680, 61096, 920, 3499, 20158, 27964, 52288, 85676]"
115676,"[74273, 86772, 106698, 57470, 59044, 34922, 9889, 37007, 50621, 22750]"
115677,"[26841, 34307, 56880, 47983, 101864, 95181, 4552, 89552, 90555, 41528]"
115678,"[94255, 14070, 2880, 3108, 23564, 108815, 77518, 99683, 103954, 21122]"
115679,"[17094, 80986, 24709, 51907, 61480, 2501, 79542, 37928, 73314, 44923]"
115680,"[28006, 88376, 37150, 24681, 40608, 64574, 90720, 34897, 71464, 4993]"
115681,"[15132, 95747, 62806, 20816, 92825, 63791, 25503, 52737, 4896, 16645]"
115682,"[109444, 86309, 87674, 83455, 35884, 55702, 3193, 92842, 15379, 79590]"
115683,"[54711, 99995, 36922, 67425, 38712, 103314, 91, 78659, 57217, 96600]"
115684,"[19118, 80978, 71050, 7344, 50297, 38468, 70635, 9886, 42910, 4775]"
115685,"[66318, 35920, 106820, 54649, 102291, 47588, 107889, 66319, 72205, 76166]"
115686,"[10016, 48530, 71199, 14559, 15238, 94048, 28044, 31255, 15998, 106061]"
115687,"[101789, 64478, 101546, 28681, 74983, 87397, 9472, 103660, 62365, 16272]"
115688,"[46042, 69618, 97234, 77187, 67235, 70522, 62298, 59581, 45434, 78715]"
115689,"[40936, 26768, 66001, 9687, 83330, 101474, 13097, 19906, 48809, 99408]"
115690,"[81620, 60544, 79226, 85889, 15095, 45409, 7320, 91116, 99355, 68921]"
115691,"[12206, 42018, 47250, 109235, 45219, 32967, 43577, 42816, 81102, 11597]"
115692,"[76012, 63025, 89110, 23240, 43059, 39222, 29719, 104658, 108988, 51668]"
115693,"[68524, 45083, 55910, 520, 89009, 79787, 3455, 42174, 39232, 67445]"
115694,"[74370, 46755, 70642, 12586, 70399, 17010, 8201, 59348, 80884, 91930]"
115695,"[69882, 92865, 105372, 2491, 4998, 66906, 67767, 29225, 100420, 5328]"
115696,"[43803, 79656, 87350, 68328, 92586, 97349, 89114, 84125, 96248, 95201]"
115697,"[19444, 43884, 99178, 57309, 26960, 73562, 100318, 89074, 99824, 41777]"
115698,"[56913, 70807, 97032, 19622, 78890, 32632, 30982, 43960, 107072, 13838]"
115699,"[30055, 68218, 2478, 61262, 75278, 17438, 94306, 63997, 80234, 87834]"
115700,"[4823, 58397, 13456, 65874, 12135, 4424, 64387, 46236, 80626, 63368]"
115701,"[54662, 17734, 102622, 4986, 68948, 4167, 101448, 66784, 20049, 15032]"
115702,"[89384, 37585, 53583, 17842, 9662, 19218, 94159, 86667, 9070, 44659]"
115703,"[39250, 15537, 13929, 80196, 103572, 67216, 66622, 59724, 73529, 87095]"
115704,"[26240, 46418, 48577, 59094, 5252, 3418, 76279, 102216, 53330, 79719]"
115705,"[33072, 73663, 45063, 8682, 103072, 96803, 46514, 21988, 92428, 16904]"
115706,"[103397, 67708, 54637, 41984, 62589, 4078, 40038, 40188, 43710, 6983]"
115707,"[48183, 56012, 62028, 54853, 108497, 51067, 89627, 62805, 100633, 105838]"
115708,"[102728, 15030, 30282, 4122, 6312, 52360, 92375, 52442, 75636, 26895]"
115709,"[78285, 34106, 24858, 92457, 45300, 59754, 35701, 78723, 71457, 103583]"
115710,"[42945, 22795, 19239, 83339, 38056, 9489, 14532, 106216, 25181, 3310]"
115711,"[56769, 64115, 65941, 29641, 4001, 33085, 79467, 80987, 47376, 43631]"
115712,"[107974, 27334, 20234, 52490, 46438, 108274, 58847, 101827, 22422, 94057]"
115713,"[13787, 98653, 5857, 91872, 70527, 228, 64668, 97487, 13798, 33493]"
115714,"[102724, 18201, 89255, 8068, 39958, 32447, 87011, 48569, 71967, 109664]"
115715,"[83807, 100160, 67397, 80426, 1993, 80717, 11533, 51648, 66448, 94990]"
115716,"[106753, 66036, 49791, 39504, 14875, 1648, 108504, 6855, 54731, 29754]"
115717,"[53611, 31157, 28452, 17281, 14430, 91393, 64558, 106364, 44158, 78610]"
115718,"[71021, 100202, 16782, 89993, 99727, 35078, 86355, 109515, 96814, 38653]"
115719,"[6863, 38068, 6924, 18027, 43718, 12027, 46562, 100765, 30903, 34240]"
115720,"[55766, 31811, 93881, 5986, 47531, 103985, 88797, 47536, 27, 45561]"
115721,"[27091, 37530, 17502, 84789, 71908, 19844, 45357, 89636, 30619, 49799]"
115722,"[13006, 24842, 2416, 94456, 39479, 36539, 53877, 42462, 72976, 64356]"
115723,"[48752, 11047, 23734, 18222, 77931, 105158, 79705, 28161, 77263, 86304]"
115724,"[16080, 27968, 59267, 63046, 88905, 94209, 90071, 11822, 53639, 22124]"
115725,"[17710, 36181, 43889, 100482, 85403, 74635, 35359, 25953, 101512, 26758]"
115726,"[48418, 104777, 84047, 103813, 20867, 26860, 20820, 86077, 33545, 56259]"
115727,"[41851, 31866, 4126, 102832, 67618, 77505, 2348, 48255, 68996, 77907]"
115728,"[104612, 85199, 65995, 25049, 40230, 25932, 31700, 58377, 10641, 98161]"
115729,"[63222, 84816, 82983, 10225, 79195, 57123, 37091, 13766, 11211, 14525]"
115730,"[10464, 104303, 16276, 85786, 23536, 83782, 27631, 38948, 39301, 42230]"
115731,"[7956, 86868, 82464, 52844, 56050, 109077, 99388, 76863, 96343, 102530]"
115732,"[55735, 7064, 101986, 79399, 51256, 103512, 92639, 71575, 21919, 87519]"
115733,"[29070, 61002, 70122, 23851, 45014, 80853, 30337, 17789, 33192, 101784]"
115734,"[16625, 108822, 65008, 108933, 40070, 73054, 22917, 52541, 24771, 106531]"
115735,"[86266, 38952, 35636, 34753, 40751, 48421, 46371, 36325, 12433, 96354]"
115736,"[53738, 16151, 76836, 66590, 61946, 9108, 102664, 83263, 35907, 44060]"
115737,"[79146, 82735, 84483, 98029, 65135, 12857, 36224, 41341, 77040, 107532]"
115738,"[53547, 51410, 13296, 70052, 75547, 44517, 78782, 1162, 80934, 44700]"
115739,"[63860, 3740, 12729, 5841, 52953, 93510, 60239, 54141, 84747, 14690]"
115740,"[25136, 107536, 83802, 3245, 97569, 61335, 87758, 69857, 86185, 1236]"
115741,"[54150, 105266, 73191, 101574, 57320, 89544, 52632, 37399, 22934, 59377]"
115742,"[73416, 12289, 24918, 91016, 33770, 3354, 97326, 43974, 68197, 25356]"
115743,"[72159, 12502, 61838, 41827, 13018, 98068, 20202, 12100, 55089, 18066]"
115744,"[8511, 75594, 45702, 86612, 70909, 34855, 74027, 30895, 95234, 50101]"
115745,"[37418, 70568, 96683, 81788, 76014, 30510, 9080, 71779, 23898, 37271]"
115746,"[25140, 91419, 77743, 32513, 3269, 56304, 13615, 90880, 5188, 62253]"
115747,"[98324, 23694, 5430, 106406, 74626, 31605, 62683, 92564, 8667, 101182]"
115748,"[75491, 3218, 87752, 63968, 64437, 72980, 22755, 96399, 32055, 33423]"
115749,"[50112, 41159, 68078, 20621, 81806, 63287, 1096, 83343, 88689, 96675]"
115750,"[46193, 7426, 1009, 83783, 32438, 20440, 77603, 18759, 103704, 39844]"
115751,"[57280, 5888, 41385, 26949, 8867, 63840, 105928, 52009, 98129, 51781]"
115752,"[79579, 67324, 41862, 63502, 86101, 73782, 69413, 34182, 692, 74533]"
115753,"[32167, 1068, 36264, 90516, 17113, 92325, 105862, 70937, 10948, 21945]"
115754,"[62819, 18525, 92640, 68665, 35887, 33827, 102021, 18839, 41537, 72978]"
115755,"[50784, 22255, 103282, 41368, 65061, 100754, 103359, 104419, 84957, 77782]"
115756,"[85600, 98110, 70195, 30315, 39494, 54881, 58369, 108863, 66294, 22327]"
115757,"[68632, 59938, 19197, 91896, 85602, 63947, 54708, 92624, 108756, 97882]"
115758,"[104327, 16194, 9442, 72274, 12206, 21954, 35965, 19850, 40047, 17720]"
115759,"[70236, 13169, 64549, 36116, 55924, 37806, 52712, 97427, 42708, 47785]"
115760,"[91189, 92913, 53116, 12856, 57156, 93828, 53150, 27672, 86994, 107854]"
115761,"[107428, 33142, 2079, 93279, 52469, 54174, 36740, 81123, 2263, 37329]"
115762,"[105529, 36095, 7403, 15453, 39026, 38511, 78801, 8398, 35282, 32292]"
115763,"[42492, 104263, 26031, 83708, 75325, 38264, 63874, 49650, 70645, 24256]"
115764,"[68432, 104928, 45251, 47262, 95268, 83613, 38575, 16672, 67238, 25012]"
115765,"[67900, 32914, 59664, 53957, 105112, 7716, 18429, 1414, 73462, 55742]"
115766,"[13983, 106446, 65199, 4584, 93806, 83435, 104759, 55362, 90117, 88467]"
115767,"[37191, 38799, 1828, 80162, 19486, 26875, 62378, 67416, 105223, 85030]"
115768,"[61572, 23876, 54191, 40475, 72098, 59297, 78684, 48816, 42050, 69150]"
115769,"[47225, 25662, 31416, 46414, 81466, 16391, 46253, 6264, 2745, 50701]"
115770,"[63321, 47735, 104649, 5647, 20759, 55451, 48266, 36040, 50083, 5156]"
115771,"[20520, 53625, 81763, 15743, 95066, 109609, 19399, 47977, 71937, 207]"
115772,"[1770, 47344, 21296, 31714, 78429, 25990, 35251, 101930, 16923, 41320]"
115773,"[27834, 108544, 72471, 58260, 87704, 83096, 92012, 75331, 82302, 93601]"
115774,"[57008, 1394, 56508, 43803, 91659, 91769, 55246, 65045, 45237, 17845]"
115775,"[70546, 51700, 44831, 82804, 75281, 43531, 63301, 73413, 71554, 2523]"
115776,"[106175, 76181, 100686, 48911, 36181, 100482, 36037, 85403, 74635, 55202]"
115777,"[49974, 1509, 60309, 23999, 61332, 45819, 23123, 39385, 60489, 89797]"
115778,"[69204, 70792, 10613, 15657, 17613, 109423, 75717, 39623, 94993, 40918]"
115779,"[90791, 79693, 74988, 105690, 14436, 10237, 108117, 224, 98701, 31239]"
115780,"[10706, 11634, 63375, 36340, 90945, 92054, 29674, 24512, 42341, 59879]"
115781,"[39650, 85563, 80167, 67739, 97446, 77881, 26972, 65950, 67797, 59758]"
115782,"[88264, 21985, 75872, 35430, 94842, 78453, 6904, 55913, 108217, 69234]"
115783,"[108310, 27829, 69524, 13756, 60569, 5644, 20432, 106725, 106852, 8733]"
115784,"[48450, 100912, 86083, 68574, 52642, 29589, 21213, 48268, 70330, 17104]"
115785,"[104302, 19141, 108037, 30734, 4259, 49376, 46290, 55809, 35545, 102041]"
115786,"[35614, 55280, 3367, 31405, 54335, 67417, 9564, 26286, 89512, 81602]"
115787,"[89468, 87299, 97767, 75894, 42966, 25739, 18620, 94068, 16248, 68321]"
115788,"[71211, 46296, 60596, 100255, 44016, 83923, 23362, 5413, 91191, 55087]"
115789,"[42121, 88803, 48964, 60042, 2566, 94526, 39385, 19626, 19146, 31496]"
115790,"[69340, 70772, 59247, 99716, 56979, 99480, 82345, 102325, 8202, 5950]"
115791,"[6755, 104694, 83043, 47175, 2603, 89250, 39019, 49078, 92737, 74329]"
115792,"[47466, 68677, 42436, 66539, 8638, 74550, 29487, 69049, 29692, 28418]"
115793,"[67836, 39108, 65408, 89319, 63512, 50166, 77909, 8413, 89869, 68064]"
115794,"[75346, 43559, 24831, 90696, 14145, 54614, 107966, 19920, 91187, 81856]"
115795,"[106227, 6338, 39904, 82994, 46490, 56476, 83875, 90222, 85656, 79739]"
115796,"[13763, 93728, 42940, 44170, 38943, 60494, 34454, 82115, 67749, 58336]"
115797,"[72726, 88411, 105725, 70312, 26919, 4043, 108469, 2032, 39907, 59685]"
115798,"[55991, 74219, 337, 11008, 33422, 93443, 101048, 52002, 8872, 21352]"
115799,"[84803, 94682, 104197, 47890, 47070, 85790, 42331, 90104, 98942, 7311]"
115800,"[14295, 8319, 82126, 26876, 52352, 5883, 90656, 86826, 50790, 91357]"
115801,"[74780, 97496, 58964, 71391, 108479, 74512, 97956, 56729, 68968, 73885]"
115802,"[24215, 98314, 61457, 108283, 47722, 57697, 34290, 23776, 54861, 93103]"
115803,"[69280, 8215, 3689, 44477, 44202, 84387, 83001, 11076, 83998, 14972]"
115804,"[103112, 41884, 25968, 61992, 16616, 88226, 1869, 46735, 72415, 50923]"
115805,"[70994, 2758, 74098, 70613, 47823, 2434, 92171, 101990, 76260, 28888]"
115806,"[20442, 60935, 90574, 107391, 16493, 14306, 3142, 94400, 30142, 36328]"
115807,"[79588, 9621, 95803, 25828, 49715, 88123, 79312, 93296, 73516, 75568]"
115808,"[11018, 84919, 6178, 78747, 7873, 31005, 777, 108698, 21679, 28603]"
115809,"[18955, 81442, 35024, 29654, 56803, 74740, 4409, 35910, 8950, 21325]"
115810,"[2818, 23606, 57470, 23361, 17530, 27403, 27000, 75929, 97917, 97006]"
115811,"[103905, 42914, 17363, 69092, 70276, 1281, 76787, 3067, 64552, 55466]"
115812,"[28426, 25664, 39889, 88365, 11031, 80417, 29432, 85808, 96685, 67059]"
115813,"[60683, 5830, 58756, 3804, 8350, 20173, 30224, 78937, 75081, 44941]"
115814,"[73690, 99842, 87125, 65700, 13798, 93564, 64668, 57198, 27255, 39637]"
115815,"[78931, 104622, 98877, 50957, 11132, 96531, 94052, 84031, 109748, 8894]"
115816,"[53292, 42170, 53420, 47407, 28975, 42049, 69653, 58587, 35452, 43648]"
115817,"[98508, 69516, 2333, 89641, 105588, 15616, 26268, 81324, 33476, 78020]"
115818,"[49428, 39327, 69767, 93784, 105178, 31432, 55948, 48777, 37280, 42145]"
115819,"[95768, 37862, 62224, 45463, 43358, 101488, 25497, 82728, 106333, 74449]"
115820,"[95216, 80245, 51807, 51702, 53018, 43288, 90784, 37055, 28577, 108427]"
115821,"[89620, 44662, 75083, 92522, 32223, 10943, 101652, 59664, 5438, 76224]"
115822,"[59735, 10913, 61459, 64591, 98789, 73021, 4226, 24758, 13866, 83534]"
115823,"[37613, 108931, 49720, 60577, 64164, 9394, 104267, 75717, 70207, 39623]"
115824,"[35129, 82208, 58184, 77155, 102601, 69770, 70840, 89156, 75348, 10473]"
115825,"[12758, 7633, 8246, 72076, 73273, 90224, 32669, 52673, 99712, 97335]"
115826,"[28669, 34533, 100922, 10893, 54451, 80611, 67470, 46028, 40171, 33099]"
115827,"[6645, 103390, 92288, 74760, 1921, 71883, 73019, 81100, 25712, 101037]"
115828,"[83326, 98269, 77145, 26051, 7707, 13442, 7760, 38217, 12374, 49121]"
115829,"[91880, 75389, 58691, 90664, 74374, 12176, 58384, 94226, 75999, 70869]"
115830,"[34932, 11777, 82746, 18094, 61520, 103797, 78271, 44532, 90362, 80399]"
115831,"[93667, 43655, 88279, 10713, 25024, 54872, 24299, 20617, 96910, 91564]"
115832,"[22877, 62317, 9888, 28973, 84130, 43518, 38297, 105222, 86192, 80468]"
115833,"[51238, 10797, 92246, 13786, 55384, 79869, 44209, 75504, 41279, 76068]"
115834,"[102720, 4725, 95137, 27929, 94279, 55160, 48596, 93639, 37440, 25971]"
115835,"[27027, 92336, 30002, 17244, 55042, 98780, 39548, 108677, 98525, 39710]"
115836,"[93583, 74587, 74221, 39158, 53066, 10068, 2794, 26041, 39675, 92299]"
115837,"[98187, 95861, 38466, 19979, 103486, 42958, 32710, 25784, 53944, 55203]"
115838,"[11755, 80086, 62856, 82901, 85546, 63329, 43315, 26979, 2117, 1506]"
115839,"[6660, 3477, 73263, 95327, 57905, 39709, 36219, 78680, 9860, 3946]"
115840,"[2300, 1239, 99263, 52696, 23078, 68235, 75276, 43167, 91570, 55425]"
115841,"[12012, 70996, 3287, 63410, 45982, 24464, 84697, 94329, 37524, 49002]"
115842,"[79828, 9221, 54807, 24864, 100734, 33176, 65671, 72426, 84615, 14336]"
115843,"[42165, 8294, 767, 32818, 30535, 26490, 14200, 84268, 79003, 11541]"
115844,"[95940, 56106, 97682, 55547, 15946, 108989, 41774, 102361, 32595, 17215]"
115845,"[39099, 48533, 96216, 42582, 65343, 16343, 90685, 42953, 1182, 51173]"
115846,"[99748, 67548, 68969, 50505, 40609, 48209, 50909, 27067, 88936, 77372]"
115847,"[42205, 22248, 100193, 19979, 52667, 77454, 83703, 55378, 99606, 86963]"
115848,"[8109, 42224, 34778, 18389, 9602, 46965, 52496, 79587, 62357, 88124]"
115849,"[60888, 76837, 4579, 88315, 69278, 63735, 59041, 78792, 99965, 19031]"
115850,"[86270, 37945, 79672, 20028, 94392, 36558, 1375, 100651, 97284, 44836]"
115851,"[83440, 60766, 83880, 38875, 38349, 54604, 20953, 108855, 43444, 79696]"
115852,"[21315, 20857, 73923, 77819, 14129, 33883, 30375, 45267, 34009, 96039]"
115853,"[36922, 71227, 11248, 91100, 53180, 49120, 41575, 22838, 57217, 81459]"
115854,"[63556, 20638, 78481, 39453, 71776, 99678, 72438, 104713, 29114, 45671]"
115855,"[907, 102197, 86777, 69908, 36374, 5630, 72483, 71264, 63076, 18536]"
115856,"[84825, 51782, 18137, 14157, 57912, 94638, 106066, 85832, 30415, 105531]"
115857,"[8693, 64896, 14566, 84015, 83877, 40735, 13021, 103475, 39810, 92518]"
115858,"[22797, 39468, 107368, 89640, 46131, 105616, 107325, 97664, 49183, 64643]"
115859,"[61609, 26776, 42206, 70836, 1234, 92026, 59612, 109498, 50585, 49842]"
115860,"[45738, 96268, 53756, 68378, 59953, 22843, 59223, 17972, 48890, 46597]"
115861,"[87261, 26728, 68271, 108034, 104604, 82035, 100206, 82451, 16360, 26999]"
115862,"[81938, 2730, 74901, 40178, 102960, 49641, 7998, 39815, 77804, 9107]"
115863,"[81742, 60864, 80068, 84944, 99872, 68346, 53085, 49962, 94143, 100006]"
115864,"[86270, 37945, 20028, 79672, 50404, 34192, 1375, 94392, 97284, 44836]"
115865,"[62054, 97809, 71514, 65731, 64033, 55292, 51435, 98139, 54503, 10232]"
115866,"[61123, 12378, 96655, 58127, 14184, 64086, 60215, 86964, 98075, 2487]"
115867,"[20970, 21428, 11614, 43510, 17230, 67980, 39159, 51604, 45983, 50988]"
115868,"[101969, 65554, 83933, 39388, 25425, 84717, 20085, 26059, 16382, 26177]"
115869,"[8923, 60184, 68614, 76692, 34906, 91672, 61524, 10805, 67834, 62159]"
115870,"[62802, 57735, 8566, 46549, 77306, 6604, 85921, 6747, 83234, 31523]"
115871,"[75561, 49576, 77732, 3472, 78961, 21411, 98102, 39361, 8524, 72558]"
115872,"[82886, 18530, 98230, 31009, 99421, 105990, 25125, 90101, 72278, 65885]"
115873,"[1213, 19694, 16634, 47786, 77553, 56026, 90414, 109474, 53058, 5533]"
115874,"[67636, 97453, 63622, 65947, 44494, 36322, 23086, 1617, 86209, 9437]"
115875,"[70506, 78756, 99143, 100084, 13617, 47743, 78876, 74861, 63460, 14117]"
115876,"[39547, 53901, 77777, 52269, 60158, 107023, 70891, 21685, 37178, 85109]"
115877,"[75476, 23658, 22523, 103020, 91026, 107879, 38365, 109531, 83236, 93201]"
115878,"[85695, 87188, 68973, 27003, 93605, 7738, 76371, 79097, 48970, 108390]"
115879,"[20836, 52697, 106777, 19913, 99550, 70986, 57045, 18860, 27519, 154]"
115880,"[37282, 72633, 22494, 43906, 96232, 88769, 22261, 32147, 99477, 105767]"
115881,"[96083, 26339, 94800, 36353, 86897, 3179, 4792, 108287, 41515, 10554]"
115882,"[100000, 38566, 46283, 20682, 90204, 76105, 58428, 82974, 21177, 37449]"
115883,"[35156, 71240, 71780, 107061, 20347, 49165, 68954, 11073, 62695, 11235]"
115884,"[83429, 75639, 82091, 89493, 43950, 101371, 40970, 97082, 8876, 79406]"
115885,"[38729, 66437, 81376, 19076, 83467, 24147, 4353, 40998, 74248, 57901]"
115886,"[13859, 88071, 62939, 59431, 38993, 18604, 75706, 66279, 88529, 12104]"
115887,"[54834, 107780, 47960, 83009, 11913, 76241, 51290, 960, 11550, 73060]"
115888,"[27660, 66963, 41016, 10060, 22709, 34366, 3947, 64019, 571, 61084]"
115889,"[55994, 32828, 70815, 11222, 11619, 70766, 17179, 24196, 12203, 105351]"
115890,"[109448, 100298, 1051, 85366, 19169, 62482, 37032, 48546, 28563, 98665]"
115891,"[55710, 90270, 69407, 47126, 1747, 33818, 100660, 44758, 105126, 68667]"
115892,"[55802, 61871, 98525, 21869, 782, 91914, 39548, 27027, 43589, 29849]"
115893,"[23913, 35341, 90978, 105394, 22054, 67175, 76653, 95939, 10598, 77754]"
115894,"[30731, 7894, 40740, 29415, 93056, 32856, 26019, 42370, 32158, 14815]"
115895,"[103512, 84772, 15989, 40107, 14950, 4029, 7064, 101588, 23814, 93659]"
115896,"[42611, 29137, 32477, 65456, 36969, 41695, 1744, 34541, 84241, 38336]"
115897,"[36007, 91815, 85752, 7228, 19432, 1957, 77578, 43910, 28036, 44812]"
115898,"[65036, 86405, 15797, 68592, 35560, 57192, 12068, 98270, 446, 52936]"
115899,"[66396, 83559, 101968, 2363, 61310, 7322, 23054, 46780, 31599, 6524]"
115900,"[34537, 91157, 415, 96694, 35626, 89859, 59943, 6785, 77247, 5780]"
115901,"[4765, 55843, 52163, 59506, 66015, 35309, 58586, 77439, 31950, 78498]"
115902,"[5867, 49692, 70156, 79831, 42768, 7898, 7866, 72538, 51473, 54870]"
115903,"[90330, 36775, 106924, 74197, 58335, 90868, 106698, 34425, 7108, 50653]"
115904,"[29519, 45107, 8256, 45109, 22926, 99771, 103757, 12364, 62405, 27597]"
115905,"[26721, 108194, 60978, 49007, 35202, 76242, 43535, 19594, 8268, 77964]"
115906,"[35372, 43653, 48718, 67036, 32421, 815, 40443, 46744, 30861, 3233]"
115907,"[20281, 61504, 41677, 77560, 43150, 41064, 53277, 51840, 13719, 76615]"
115908,"[109206, 60135, 54717, 82253, 45049, 19868, 105045, 99675, 56318, 33731]"
115909,"[90488, 20996, 91250, 27927, 102085, 51384, 7787, 91723, 101677, 29801]"
115910,"[13385, 88550, 44565, 1984, 103404, 12727, 37149, 64871, 227, 35070]"
115911,"[1969, 58493, 14271, 100494, 53001, 102827, 38378, 80812, 13319, 37349]"
115912,"[97682, 102428, 77641, 41242, 38390, 309, 98767, 25287, 18545, 66169]"
115913,"[81655, 5174, 20562, 19478, 79021, 44541, 101059, 98566, 81551, 29353]"
115914,"[107687, 92832, 17310, 14084, 93070, 83771, 44513, 64259, 100001, 89092]"
115915,"[29030, 36334, 16492, 67706, 60532, 55721, 41645, 80748, 92782, 58334]"
115916,"[104096, 102617, 28227, 7128, 82505, 20713, 29367, 98788, 4456, 89979]"
115917,"[22984, 39395, 13235, 17029, 46085, 77703, 105041, 91712, 101663, 49504]"
115918,"[40292, 5821, 80097, 56504, 25804, 44072, 1689, 93209, 104574, 35328]"
115919,"[4914, 97710, 69116, 45145, 37185, 63082, 1226, 33070, 81997, 98790]"
115920,"[98732, 109585, 17896, 15393, 19915, 63859, 64445, 215, 53256, 48386]"
115921,"[86399, 52497, 20769, 53259, 96825, 79906, 74761, 38467, 1685, 1416]"
115922,"[6116, 52306, 35431, 72720, 41082, 25699, 4877, 106343, 44343, 71659]"
115923,"[371, 105951, 96430, 57384, 51515, 8930, 78652, 102213, 55584, 14431]"
115924,"[71239, 45156, 85376, 49454, 64728, 76070, 95456, 106548, 28024, 30678]"
115925,"[9641, 58235, 81948, 5516, 93390, 7492, 52805, 10263, 48282, 30013]"
115926,"[30866, 36219, 106053, 78680, 57096, 56131, 42344, 57905, 35513, 61548]"
115927,"[34855, 10338, 95234, 75594, 6309, 97002, 52085, 831, 19632, 8815]"
115928,"[18646, 39590, 80123, 616, 100448, 77839, 6517, 23048, 46632, 14081]"
115929,"[52768, 75435, 53692, 20335, 109477, 20577, 17514, 4183, 85165, 105389]"
115930,"[44125, 101916, 101766, 105709, 59797, 87302, 61927, 104424, 23020, 64607]"
115931,"[107512, 22547, 75327, 88263, 2107, 45837, 36528, 14553, 39598, 45512]"
115932,"[40422, 99622, 80627, 8747, 7735, 108221, 19053, 55454, 22756, 105114]"
115933,"[65611, 85925, 37814, 97789, 70895, 95895, 69678, 48482, 26834, 54263]"
115934,"[8780, 4740, 70986, 108093, 37975, 72938, 77003, 629, 77195, 105543]"
115935,"[23494, 68843, 90100, 11781, 37082, 82942, 86507, 41628, 80087, 51687]"
115936,"[109510, 107616, 103667, 85054, 83689, 29204, 103113, 41858, 48931, 103709]"
115937,"[76805, 34901, 53938, 59148, 43819, 100996, 67869, 48619, 67788, 14760]"
115938,"[92163, 13158, 57584, 1408, 100140, 74582, 94136, 33055, 64792, 72648]"
115939,"[6647, 28989, 22298, 16090, 93757, 78895, 96016, 13289, 26475, 29783]"
115940,"[20385, 99154, 2832, 48368, 107851, 10311, 18433, 84609, 6769, 13198]"
115941,"[4280, 80140, 18978, 57977, 20961, 64330, 55522, 75668, 9603, 18139]"
115942,"[28429, 26486, 20575, 14031, 71579, 69114, 84617, 73216, 103644, 30008]"
115943,"[102867, 68988, 85424, 10712, 18550, 98063, 30174, 70447, 32932, 32272]"
115944,"[748, 51622, 99697, 74242, 63332, 105181, 65074, 43770, 25244, 88651]"
115945,"[73778, 12917, 8484, 105468, 3437, 98040, 13458, 68036, 107444, 11734]"
115946,"[57063, 37844, 14530, 103053, 88086, 43909, 99798, 52302, 59470, 31435]"
115947,"[53679, 106335, 8070, 16843, 85576, 25268, 42557, 53994, 72880, 105832]"
115948,"[107428, 2079, 70572, 8971, 101245, 36405, 93279, 52469, 81123, 2383]"
115949,"[80755, 8062, 43499, 30921, 100608, 104038, 84777, 72293, 101607, 91665]"
115950,"[34017, 84173, 27314, 76460, 96954, 16657, 49585, 15508, 84818, 105652]"
115951,"[18732, 4984, 88568, 78954, 56265, 59842, 47973, 37153, 67648, 18690]"
115952,"[45702, 51327, 695, 50101, 12152, 86612, 70909, 8511, 87224, 2454]"
115953,"[61390, 46918, 1633, 88233, 6927, 51064, 98916, 48851, 24170, 65143]"
115954,"[25361, 99293, 48840, 42271, 74210, 96916, 106764, 39746, 90224, 56446]"
115955,"[61348, 3157, 34449, 56206, 59169, 2592, 100038, 41927, 39172, 57296]"
115956,"[36792, 42004, 9984, 91332, 7531, 63514, 84086, 53113, 54988, 20999]"
115957,"[83977, 51498, 44985, 54646, 94736, 82976, 69331, 23038, 71655, 59400]"
115958,"[50763, 94328, 80853, 4079, 8995, 9782, 18069, 35755, 39748, 11012]"
115959,"[10790, 68541, 47004, 2544, 53196, 72094, 69799, 25696, 89970, 109337]"
115960,"[11529, 60223, 30803, 77030, 59530, 19074, 89843, 35170, 108047, 97560]"
115961,"[72846, 70777, 16418, 10543, 47992, 80424, 58935, 68472, 63125, 68488]"
115962,"[59754, 35701, 45300, 103583, 60541, 32494, 7985, 57993, 106805, 78285]"
115963,"[38822, 96984, 55128, 96131, 2633, 4903, 30288, 71617, 51693, 15444]"
115964,"[38939, 45329, 43870, 90972, 54275, 12910, 27489, 88039, 5543, 102064]"
115965,"[54132, 23572, 37146, 92737, 51583, 107776, 75567, 79147, 558, 20510]"
115966,"[95250, 22662, 51740, 26115, 18435, 78076, 89426, 61054, 62295, 107590]"
115967,"[49878, 55126, 92071, 68192, 52193, 51531, 20398, 76432, 48577, 38266]"
115968,"[10795, 103674, 36941, 79313, 48729, 100962, 63718, 19127, 80428, 104409]"
115969,"[25501, 44901, 23476, 103148, 74696, 4124, 58764, 73039, 80365, 95463]"
115970,"[56202, 55355, 38345, 69830, 15520, 58601, 106983, 54395, 47997, 29485]"
115971,"[70347, 103151, 59690, 42228, 1343, 68506, 67436, 48925, 68756, 52082]"
115972,"[69672, 42707, 49556, 17826, 5458, 54900, 46157, 5717, 93488, 28210]"
115973,"[45532, 78815, 73647, 78848, 70055, 21109, 65222, 58372, 10362, 95661]"
115974,"[29598, 61620, 77021, 49349, 74643, 18813, 65250, 79273, 47080, 28416]"
115975,"[23386, 40972, 96742, 56601, 40738, 98763, 95840, 5653, 99305, 64272]"
115976,"[45330, 102127, 73326, 29520, 97330, 30961, 69148, 106207, 13347, 82032]"
115977,"[40292, 54732, 66056, 33195, 56350, 63712, 38453, 19931, 40025, 20949]"
115978,"[21859, 80743, 17449, 84722, 21311, 24960, 47034, 20982, 95357, 104988]"
115979,"[71329, 100392, 91865, 34278, 89717, 6057, 85172, 58194, 9264, 10485]"
115980,"[83850, 5607, 19912, 64185, 90853, 15203, 24687, 74956, 42277, 82970]"
115981,"[44377, 81217, 78932, 60571, 43871, 53092, 87452, 53768, 106011, 45889]"
115982,"[71087, 106872, 46183, 99325, 9883, 67298, 23841, 81253, 69536, 77249]"
115983,"[56199, 29229, 589, 77521, 51799, 45742, 77161, 12215, 54553, 94138]"
115984,"[38173, 24719, 79978, 2091, 45379, 72725, 77032, 16240, 42727, 89584]"
115985,"[88072, 43345, 24653, 107670, 97523, 64074, 99056, 1356, 107934, 32399]"
115986,"[38681, 1942, 23644, 3114, 69941, 76855, 104542, 86071, 32033, 86235]"
115987,"[88462, 42775, 69178, 26111, 29063, 95830, 89506, 98805, 59552, 90374]"
115988,"[24694, 37831, 101520, 89570, 58196, 94561, 88888, 67372, 38670, 9389]"
115989,"[87505, 49349, 5105, 18813, 4838, 98708, 9792, 4911, 72377, 40524]"
115990,"[29224, 90799, 28363, 71083, 80632, 71533, 9163, 87523, 85574, 64140]"
115991,"[246, 71416, 36927, 21395, 59744, 96566, 77367, 66603, 24460, 13534]"
115992,"[83441, 40719, 75634, 80807, 35940, 99565, 105168, 65376, 70831, 41138]"
115993,"[82326, 97394, 105400, 95970, 41904, 7789, 7926, 97790, 33604, 61899]"
115994,"[17969, 91152, 92117, 86832, 65474, 61815, 82391, 104799, 83696, 104760]"
115995,"[7745, 43263, 55315, 12511, 83789, 12787, 11503, 95894, 31029, 30074]"
115996,"[37043, 14353, 92341, 10486, 81590, 64299, 87556, 63513, 78402, 33310]"
115997,"[105130, 33593, 33598, 86911, 54746, 104045, 75773, 106227, 93789, 90436]"
115998,"[56922, 28252, 47955, 10541, 64301, 77967, 83639, 64391, 44585, 13398]"
115999,"[18414, 29665, 101169, 54387, 61662, 3312, 43130, 77906, 69726, 10980]"
116000,"[94807, 76378, 21454, 41919, 91732, 106501, 4025, 14174, 75459, 89752]"
116001,"[58710, 75620, 78460, 41362, 22408, 21781, 94552, 25323, 84357, 78534]"
116002,"[64761, 95459, 103267, 57934, 12072, 83896, 63131, 104526, 79947, 46970]"
116003,"[19165, 70329, 22312, 41882, 8951, 47564, 49350, 3534, 62433, 76359]"
116004,"[53327, 46752, 107046, 30207, 57228, 73766, 28571, 56399, 48783, 86997]"
116005,"[69812, 14764, 74921, 45655, 18827, 90244, 23295, 2094, 90013, 33067]"
116006,"[6621, 44151, 15523, 57223, 3180, 39734, 23694, 60572, 66566, 70861]"
116007,"[51771, 47357, 51132, 26409, 101945, 69758, 69285, 103636, 81624, 56392]"
116008,"[67886, 77222, 105884, 6189, 42536, 37205, 102138, 48402, 91849, 64458]"
116009,"[81408, 22677, 70688, 94654, 72678, 86473, 30075, 49453, 66742, 73251]"
116010,"[71621, 89960, 51997, 78938, 31479, 44173, 81325, 95634, 61192, 78820]"
116011,"[92028, 73603, 81339, 68348, 70363, 43522, 10674, 103607, 63186, 37427]"
116012,"[28961, 63061, 4618, 32987, 79956, 53323, 19996, 48704, 34136, 6744]"
116013,"[103121, 17970, 9497, 108120, 96847, 21260, 101973, 10611, 78190, 73950]"
116014,"[67437, 85064, 92589, 63829, 106635, 67668, 34300, 30889, 90022, 92652]"
116015,"[65771, 4661, 73865, 80818, 85019, 28905, 4524, 106505, 271, 14763]"
116016,"[89719, 812, 11791, 38303, 28592, 10585, 105296, 106363, 13111, 101267]"
116017,"[84005, 56214, 15560, 4607, 30587, 100402, 61269, 97900, 70534, 96455]"
116018,"[3336, 6989, 40672, 32972, 56252, 105023, 59961, 65297, 60449, 46838]"
116019,"[57091, 41009, 75674, 87607, 43978, 53367, 87467, 38041, 80043, 28051]"
116020,"[17360, 13240, 44313, 84499, 17760, 108107, 16222, 70383, 74288, 100826]"
116021,"[44344, 18860, 49516, 57045, 27519, 20836, 154, 106777, 87396, 52697]"
116022,"[95361, 68706, 60191, 7032, 68419, 13025, 65743, 107290, 25518, 95317]"
116023,"[40115, 74051, 51887, 107065, 50905, 102708, 71017, 98470, 94701, 4847]"
116024,"[103489, 72107, 57003, 44167, 61190, 83820, 108573, 87809, 65677, 77624]"
116025,"[24739, 96977, 108773, 42467, 105939, 82833, 13606, 53053, 27171, 78879]"
116026,"[5885, 2043, 100929, 55669, 43662, 38809, 64027, 14008, 67462, 64294]"
116027,"[62861, 105350, 42771, 97668, 39618, 47628, 13496, 65071, 70009, 59718]"
116028,"[96474, 96115, 31707, 75563, 52402, 97275, 82, 50224, 37485, 19450]"
116029,"[21616, 103597, 21719, 96156, 92773, 7475, 19778, 19657, 8470, 76951]"
116030,"[54052, 72255, 45579, 57815, 93941, 90200, 38852, 90225, 26880, 81762]"
116031,"[88236, 108326, 109628, 65770, 12426, 102387, 89035, 949, 103463, 34030]"
116032,"[67447, 30567, 99193, 82482, 56995, 41439, 50118, 12592, 88620, 73697]"
116033,"[52772, 29550, 252, 79406, 19546, 97559, 61167, 47720, 23554, 69816]"
116034,"[105368, 21314, 33506, 63736, 13863, 51396, 102516, 109639, 79116, 82116]"
116035,"[85431, 12661, 14668, 26412, 23220, 96283, 87905, 92592, 65576, 74125]"
116036,"[39866, 22735, 16466, 73771, 30474, 105457, 18166, 48167, 9145, 58549]"
116037,"[18553, 77614, 75065, 85924, 8424, 81563, 35987, 97505, 28191, 18885]"
116038,"[103392, 64096, 91858, 100858, 86162, 1930, 51370, 5875, 89538, 4714]"
116039,"[10323, 59473, 15468, 84877, 75279, 87651, 5378, 105952, 56787, 53096]"
116040,"[49683, 107335, 5084, 92240, 65518, 46672, 15219, 10239, 43873, 14904]"
116041,"[61246, 104016, 96305, 26774, 109043, 73386, 72589, 80856, 23312, 3188]"
116042,"[65925, 73321, 95396, 156, 12486, 20479, 44080, 73598, 76571, 42565]"
116043,"[12758, 99712, 35806, 12474, 89663, 105588, 54493, 25305, 99873, 8246]"
116044,"[41901, 87978, 102563, 97916, 67877, 106379, 91756, 49049, 77164, 32253]"
116045,"[25366, 13646, 65276, 94183, 71095, 83274, 21627, 99675, 17021, 39352]"
116046,"[34763, 24568, 104475, 58683, 96292, 13934, 60135, 48032, 21737, 102581]"
116047,"[25955, 78636, 42372, 70819, 59542, 84787, 101339, 5564, 13181, 18647]"
116048,"[48175, 19975, 82566, 67232, 21823, 15120, 99952, 39948, 14565, 49082]"
116049,"[3597, 51381, 40151, 105482, 56861, 25431, 59555, 100940, 104044, 1777]"
116050,"[63187, 28641, 64067, 19972, 23432, 66961, 49221, 55943, 94686, 47368]"
116051,"[54846, 78332, 95516, 58667, 6084, 28560, 91651, 58093, 107218, 28915]"
116052,"[103614, 59771, 46034, 82152, 5590, 84021, 28540, 65865, 35497, 61971]"
116053,"[57501, 39745, 77032, 42727, 105433, 44341, 40351, 31962, 30639, 72609]"
116054,"[88462, 91229, 29063, 89506, 95830, 98805, 59552, 90374, 46609, 57672]"
116055,"[51241, 42813, 102067, 99885, 71346, 39186, 31079, 101218, 49825, 9961]"
116056,"[85666, 16627, 63538, 40208, 101600, 92023, 40496, 101733, 44059, 47348]"
116057,"[83307, 82404, 77160, 90805, 66341, 55644, 67875, 96481, 64012, 52392]"
116058,"[76258, 96065, 70279, 75794, 76930, 23689, 9969, 73856, 3575, 1339]"
116059,"[73505, 96576, 58900, 39318, 72631, 23982, 58043, 103805, 93006, 74867]"
116060,"[61006, 102352, 85207, 6686, 37134, 33564, 5718, 107902, 77979, 53026]"
116061,"[49347, 97752, 74232, 32564, 9735, 67693, 67843, 81451, 17070, 43092]"
116062,"[105627, 62747, 82440, 99480, 56659, 50772, 21499, 3283, 94164, 31594]"
116063,"[96132, 101193, 42169, 99006, 109291, 27587, 80112, 87400, 78963, 102220]"
116064,"[53649, 106116, 95900, 67591, 61096, 94726, 38857, 106275, 93591, 64293]"
116065,"[64149, 96059, 12392, 86651, 14645, 31926, 101117, 84, 11901, 102884]"
116066,"[86484, 79908, 45489, 89060, 59884, 71578, 44834, 20483, 36034, 36337]"
116067,"[4722, 2507, 93114, 100832, 5781, 13035, 13236, 37325, 88970, 40468]"
116068,"[45809, 78824, 105137, 88083, 67471, 77780, 101018, 71979, 37851, 59044]"
116069,"[74665, 79932, 16323, 23929, 69959, 55896, 85864, 20227, 69789, 34206]"
116070,"[63235, 77736, 22438, 36845, 95561, 69716, 19815, 80346, 32462, 50675]"
116071,"[48735, 24303, 44963, 73388, 31417, 3409, 29321, 39976, 53119, 1474]"
116072,"[89721, 41233, 83211, 93056, 31004, 87828, 14815, 26272, 44303, 6198]"
116073,"[67203, 63094, 1994, 75001, 96124, 38841, 49929, 2360, 102739, 52007]"
116074,"[75648, 90699, 82960, 93553, 53785, 13092, 32400, 75567, 48084, 37646]"
116075,"[75157, 10853, 41235, 45602, 76924, 64352, 72387, 8414, 53945, 94661]"
116076,"[63135, 73581, 26396, 104212, 96351, 109199, 6380, 24613, 57158, 57302]"
116077,"[6505, 15102, 9876, 85996, 72269, 10497, 44475, 46872, 48304, 96269]"
116078,"[92430, 102451, 64500, 56953, 97075, 19688, 64105, 74714, 16566, 9649]"
116079,"[6104, 98657, 6788, 94391, 55060, 56750, 75724, 102350, 6224, 35245]"
116080,"[39436, 49070, 48252, 97555, 79557, 6512, 31544, 29464, 15694, 79174]"
116081,"[94795, 85985, 70858, 22989, 55992, 74605, 69540, 45681, 85641, 11862]"
116082,"[60812, 50440, 52048, 46381, 12700, 89950, 63667, 66586, 31127, 52064]"
116083,"[83508, 14130, 58552, 45590, 67877, 45314, 60122, 41483, 66469, 34996]"
116084,"[99015, 8516, 20733, 25165, 77434, 77128, 92966, 35362, 26125, 87542]"
116085,"[108389, 5639, 11698, 50082, 9391, 42555, 1971, 70649, 56545, 13466]"
116086,"[107216, 3069, 91854, 73679, 57852, 59082, 91798, 16308, 39704, 40527]"
116087,"[62259, 79709, 107815, 96201, 67348, 14492, 81355, 39557, 13209, 58115]"
116088,"[42564, 55463, 99993, 38561, 105173, 102851, 101980, 72988, 103536, 100323]"
116089,"[99114, 2365, 73602, 10896, 55959, 48393, 44568, 107584, 93852, 56142]"
116090,"[73842, 50708, 18030, 48748, 34566, 71900, 73876, 105570, 44792, 15062]"
116091,"[24361, 45757, 31141, 33255, 27218, 55761, 12116, 94438, 9169, 26657]"
116092,"[15560, 84005, 56214, 30116, 81621, 68768, 50981, 61269, 97900, 70534]"
116093,"[64804, 41738, 86855, 51185, 74266, 107911, 26383, 75501, 34894, 83514]"
116094,"[2548, 61629, 95139, 99323, 82765, 41256, 102817, 41352, 25612, 105891]"
116095,"[50669, 40347, 17940, 100691, 17551, 52676, 8044, 3485, 8643, 93244]"
116096,"[71789, 42872, 71647, 57537, 7697, 32474, 27784, 102652, 99420, 107437]"
116097,"[44157, 35309, 36474, 55843, 52163, 4765, 58586, 77439, 31950, 71732]"
116098,"[41780, 18873, 72249, 96252, 16683, 61397, 6830, 4686, 91677, 49736]"
116099,"[69454, 99048, 56361, 87344, 97253, 6481, 86465, 36333, 93675, 62091]"
116100,"[28618, 30116, 13880, 43496, 25533, 96455, 37795, 44172, 15560, 50981]"
116101,"[19112, 91421, 94859, 92342, 35018, 20184, 62396, 6932, 40882, 5370]"
116102,"[31891, 18991, 102673, 107102, 3172, 93063, 99161, 34400, 90313, 103402]"
116103,"[84583, 65794, 95016, 49644, 56410, 8339, 78009, 106938, 97165, 87975]"
116104,"[22219, 14280, 32511, 85311, 53559, 25378, 46590, 25058, 608, 90134]"
116105,"[80179, 34644, 17778, 8992, 76778, 14219, 89227, 100288, 27484, 32884]"
116106,"[34002, 51861, 86653, 43563, 60661, 83375, 23883, 48440, 22635, 9546]"
116107,"[106241, 97382, 52230, 84040, 55745, 94900, 88773, 97302, 45534, 23826]"
116108,"[47149, 19539, 40434, 11272, 101370, 85905, 51099, 32647, 73900, 90089]"
116109,"[107966, 91187, 102619, 28965, 2933, 75346, 66436, 43247, 12737, 81957]"
116110,"[83753, 73534, 69302, 3654, 25855, 14379, 76288, 41346, 35408, 4550]"
116111,"[63247, 57040, 6578, 8999, 12885, 36429, 85264, 87942, 4694, 13740]"
116112,"[88511, 76633, 107384, 67995, 19070, 62863, 9254, 92050, 105761, 78666]"
116113,"[65881, 101705, 9852, 4181, 104473, 58954, 82083, 56462, 79051, 46541]"
116114,"[22485, 85533, 75799, 79713, 53745, 69315, 79130, 69666, 104095, 40559]"
116115,"[63811, 50968, 90573, 81683, 89986, 85739, 97028, 30130, 73877, 88757]"
116116,"[62805, 48183, 14934, 52000, 144, 76186, 56012, 45754, 91518, 26695]"
116117,"[26603, 105404, 21764, 6804, 90830, 27363, 32812, 93440, 26455, 59291]"
116118,"[90859, 75124, 69043, 11712, 53548, 14854, 77109, 10090, 57218, 87142]"
116119,"[78732, 6723, 106652, 98344, 46583, 789, 66500, 81774, 105067, 47346]"
116120,"[11175, 22305, 53812, 75002, 10601, 20043, 114, 53775, 22065, 68773]"
116121,"[33061, 15145, 96373, 76246, 86475, 96838, 41270, 65484, 106052, 58561]"
116122,"[93318, 68527, 48813, 33611, 80144, 15329, 106077, 92310, 99704, 53452]"
116123,"[97498, 12947, 37476, 5075, 101935, 61620, 89458, 23719, 8719, 51387]"
116124,"[47295, 19379, 77988, 30864, 26829, 5435, 56836, 4861, 52456, 86880]"
116125,"[102166, 30154, 20159, 94178, 106695, 68046, 75234, 44087, 12144, 7818]"
116126,"[53392, 93064, 77601, 106244, 56054, 13521, 43367, 50228, 68254, 105146]"
116127,"[69864, 71397, 18294, 48558, 55485, 56785, 21756, 70456, 87782, 66210]"
116128,"[65141, 41553, 25865, 76404, 85776, 94160, 105932, 69702, 65463, 104683]"
116129,"[72043, 8765, 84807, 27154, 65286, 96923, 65439, 88923, 16216, 74195]"
116130,"[8089, 5182, 12828, 96225, 74974, 55238, 77477, 55938, 34250, 105181]"
116131,"[93917, 77469, 96827, 37148, 5818, 90188, 64409, 37521, 7281, 44626]"
116132,"[43334, 88337, 96431, 73791, 9469, 105995, 73671, 10157, 24741, 75524]"
116133,"[18617, 102294, 63378, 80129, 96970, 34479, 13943, 13746, 3230, 47028]"
116134,"[42696, 100217, 4269, 103962, 93360, 100844, 43675, 10348, 32329, 91559]"
116135,"[31564, 49732, 104107, 37428, 72337, 59970, 28287, 89591, 105194, 11267]"
116136,"[15844, 28333, 18275, 80641, 78966, 62793, 60091, 24867, 6567, 93061]"
116137,"[23337, 23123, 105116, 72514, 91639, 1537, 105098, 1518, 98365, 31233]"
116138,"[93958, 27533, 101323, 88508, 7724, 69221, 101621, 14994, 6218, 10488]"
116139,"[30542, 37885, 7501, 105483, 63685, 41690, 45075, 63369, 33006, 45182]"
116140,"[79295, 88203, 11123, 19017, 49023, 99286, 83101, 10537, 108436, 65080]"
116141,"[98355, 16726, 10541, 31721, 15996, 49483, 36247, 16913, 88912, 104041]"
116142,"[59719, 11208, 74160, 65291, 97611, 22824, 97477, 73253, 23861, 24998]"
116143,"[42813, 101313, 40697, 102329, 42879, 18535, 97784, 2223, 17521, 27200]"
116144,"[19266, 27460, 74196, 95738, 5230, 29251, 54687, 10018, 35368, 61814]"
116145,"[29775, 83819, 23263, 47198, 51657, 108652, 25614, 27463, 66904, 49841]"
116146,"[33817, 97594, 4364, 3924, 78759, 20131, 63669, 80116, 26574, 47690]"
116147,"[44431, 63629, 106810, 93448, 79352, 7467, 96743, 92468, 91856, 109189]"
116148,"[62154, 57968, 109329, 3914, 75824, 9707, 46402, 66890, 5381, 13229]"
116149,"[35094, 2645, 73391, 78124, 63453, 47716, 26652, 85846, 11301, 52004]"
116150,"[68704, 12297, 49488, 31814, 49714, 108025, 69282, 77298, 96659, 81728]"
116151,"[72725, 90066, 101458, 84912, 68271, 74987, 49319, 38173, 102305, 16240]"
116152,"[87805, 77243, 23847, 20378, 106572, 25008, 3329, 59067, 18717, 68351]"
116153,"[74495, 101489, 18029, 27402, 42531, 52011, 39057, 34490, 100373, 60080]"
116154,"[3310, 2292, 40266, 71911, 32001, 8737, 102815, 17117, 83339, 38056]"
116155,"[47323, 41775, 70161, 12784, 17360, 93468, 64983, 37500, 26590, 107355]"
116156,"[66873, 102521, 52575, 16520, 22029, 76493, 82690, 43270, 31099, 37893]"
116157,"[108627, 90279, 34755, 7830, 45362, 68019, 36360, 48986, 41227, 10171]"
116158,"[97311, 14485, 2993, 24558, 9675, 52958, 23854, 50789, 61803, 78121]"
116159,"[35751, 46630, 75596, 31262, 4093, 4413, 96234, 54202, 40084, 87051]"
116160,"[42979, 2723, 1974, 71743, 26099, 62571, 46885, 64407, 92523, 99474]"
116161,"[13198, 39554, 89350, 20385, 16580, 80661, 27365, 65517, 75080, 85802]"
116162,"[78537, 105826, 87005, 11782, 77941, 14894, 93883, 51118, 35906, 15097]"
116163,"[79661, 100165, 45685, 71846, 103674, 36941, 47239, 24086, 33369, 86081]"
116164,"[32099, 57609, 99124, 15269, 33109, 30700, 634, 4310, 6075, 108808]"
116165,"[100203, 8959, 7931, 101740, 93552, 17625, 35504, 41189, 34582, 23201]"
116166,"[42561, 75438, 4365, 70567, 91823, 14137, 76886, 109317, 18331, 60713]"
116167,"[22061, 23202, 91425, 33646, 36320, 109536, 72561, 54185, 47485, 107751]"
116168,"[75332, 108912, 22051, 64743, 71803, 58016, 68192, 44641, 294, 361]"
116169,"[17262, 64352, 104062, 69885, 9141, 18022, 33123, 31505, 27254, 21677]"
116170,"[69178, 43977, 62078, 93004, 88912, 83253, 75733, 66509, 35037, 99691]"
116171,"[18908, 81744, 19837, 17913, 45858, 9009, 83992, 71256, 86529, 24983]"
116172,"[2721, 65279, 87660, 66001, 4741, 97401, 34034, 75030, 23057, 6080]"
116173,"[12307, 94677, 51566, 96403, 88755, 31316, 92086, 71315, 40863, 21486]"
116174,"[63030, 107154, 6877, 19033, 87846, 100821, 109287, 1549, 51792, 28537]"
116175,"[23757, 40656, 70518, 77375, 103313, 44700, 100349, 35497, 53362, 21786]"
116176,"[71120, 100056, 12786, 64009, 35222, 15193, 76024, 49507, 108550, 88530]"
116177,"[94209, 85906, 98352, 5423, 69952, 100558, 25192, 87587, 90071, 84979]"
116178,"[22122, 18708, 27661, 106723, 21152, 69245, 7271, 96048, 61741, 52876]"
116179,"[30754, 65170, 60916, 65728, 62938, 77259, 55022, 60204, 49034, 4978]"
116180,"[577, 59443, 30724, 77924, 68692, 106960, 79528, 81500, 30680, 107200]"
116181,"[106613, 91134, 16511, 66990, 55158, 3189, 96358, 4403, 39539, 36794]"
116182,"[37476, 17443, 54660, 51002, 102951, 12947, 27727, 37367, 89656, 61855]"
116183,"[9173, 106766, 1086, 72633, 5380, 8633, 92638, 41941, 60779, 22494]"
116184,"[33471, 74292, 12181, 102237, 84335, 45470, 87444, 73330, 94995, 91634]"
116185,"[105533, 62939, 29910, 109534, 103208, 61614, 109449, 16068, 88071, 38993]"
116186,"[32751, 71101, 54151, 88286, 53436, 3710, 106594, 100056, 29632, 38965]"
116187,"[103773, 96076, 58187, 86586, 68379, 78170, 81334, 87753, 26625, 108038]"
116188,"[68207, 66677, 24805, 78469, 78871, 109735, 24118, 88205, 25582, 24625]"
116189,"[53576, 23744, 32798, 55692, 84072, 73906, 27265, 1128, 21468, 14023]"
116190,"[78134, 31148, 27745, 97060, 105118, 107357, 10392, 68370, 15477, 27719]"
116191,"[79261, 66075, 26720, 70467, 94997, 87302, 102801, 42989, 1395, 104424]"
116192,"[60151, 73185, 23094, 59149, 60555, 88605, 12847, 102349, 9248, 61357]"
116193,"[87571, 84794, 4703, 8454, 64169, 52755, 85494, 19698, 28459, 30819]"
116194,"[85141, 86220, 57425, 67476, 91279, 91183, 15552, 104529, 96443, 38983]"
116195,"[90056, 49778, 102551, 55228, 31605, 54529, 57833, 82388, 23694, 107257]"
116196,"[99564, 10564, 82808, 96626, 56144, 42157, 77266, 95981, 11104, 33144]"
116197,"[106273, 72919, 87234, 49843, 96472, 19250, 74802, 43032, 74848, 103455]"
116198,"[90545, 77173, 29825, 18248, 58928, 7973, 52771, 71829, 71408, 94641]"
116199,"[78062, 16509, 41502, 39729, 67237, 24350, 2483, 44267, 10988, 19201]"
116200,"[35270, 94120, 27607, 31334, 17378, 68943, 60268, 101575, 41464, 74409]"
116201,"[83659, 55039, 75267, 55159, 30547, 77566, 88324, 91622, 105472, 16438]"
116202,"[1695, 12607, 152, 74816, 51806, 71898, 40144, 62181, 21581, 29504]"
116203,"[19704, 21465, 93717, 89891, 90890, 40688, 61897, 44458, 58321, 74656]"
116204,"[6602, 78371, 69185, 4339, 1698, 56815, 88373, 70014, 54547, 104192]"
116205,"[32871, 75492, 30495, 2116, 105467, 30682, 14546, 74706, 41595, 66939]"
116206,"[18898, 41849, 61408, 40096, 4597, 72039, 88048, 59739, 67281, 32826]"
116207,"[25918, 108892, 32604, 59404, 57311, 76872, 20729, 62907, 56314, 1526]"
116208,"[106087, 100062, 96590, 36371, 41475, 57208, 95025, 51394, 62442, 95194]"
116209,"[26196, 5861, 58276, 37860, 33277, 51811, 30383, 90760, 87828, 29280]"
116210,"[23424, 62235, 68433, 23453, 36642, 9995, 85128, 21488, 101573, 18457]"
116211,"[57225, 71632, 71907, 31968, 48754, 63276, 84328, 65581, 52408, 106296]"
116212,"[103601, 59972, 24582, 57328, 104910, 90396, 71472, 49882, 38608, 75625]"
116213,"[56762, 57527, 34878, 60815, 92, 69911, 17208, 103782, 72968, 1629]"
116214,"[54563, 89597, 50069, 25753, 101643, 8190, 98463, 61915, 50782, 71304]"
116215,"[62276, 37586, 81817, 72403, 74291, 9037, 26555, 82201, 18320, 93901]"
116216,"[60356, 102165, 7748, 79600, 83503, 7641, 29780, 26450, 60886, 31199]"
116217,"[64022, 1743, 39718, 48550, 94227, 47068, 56341, 6026, 62398, 105697]"
116218,"[102192, 42414, 106737, 83134, 93096, 33973, 87314, 107626, 55871, 34658]"
116219,"[59678, 84596, 85554, 81839, 4098, 2883, 25034, 5501, 109230, 41454]"
116220,"[37651, 101669, 107559, 94548, 53124, 40390, 102764, 51636, 106428, 17064]"
116221,"[83838, 107295, 47675, 18350, 91901, 85541, 46836, 60200, 70543, 94866]"
116222,"[11089, 90469, 67286, 22216, 4108, 29169, 105138, 25279, 2149, 48503]"
116223,"[27742, 65738, 561, 48990, 86049, 76223, 49260, 2920, 30991, 92545]"
116224,"[77794, 75298, 77065, 98565, 36826, 35542, 59313, 105915, 71677, 16775]"
116225,"[102388, 108962, 49830, 83785, 82708, 30950, 23282, 45149, 21413, 55850]"
116226,"[91673, 83196, 15148, 3998, 10753, 101903, 14720, 8463, 101564, 103526]"
116227,"[109628, 88236, 108326, 65770, 89699, 77585, 27174, 87009, 36005, 104641]"
116228,"[18901, 66985, 21288, 23938, 63433, 27309, 64830, 65583, 34107, 56325]"
116229,"[77795, 17267, 28992, 106750, 43852, 61717, 57558, 62019, 100276, 18543]"
116230,"[98804, 25279, 78278, 106113, 50449, 5617, 68723, 54320, 13541, 33683]"
116231,"[109543, 27393, 79088, 2903, 25564, 16291, 45282, 87726, 98056, 102008]"
116232,"[95865, 98931, 95806, 7205, 46579, 88818, 51334, 72424, 33639, 82703]"
116233,"[3258, 65376, 70831, 83441, 35940, 41138, 87240, 40719, 69177, 54285]"
116234,"[62523, 50125, 7175, 33196, 42014, 32701, 20206, 28823, 51512, 52347]"
116235,"[96817, 68434, 45818, 30780, 98918, 48706, 5832, 92184, 41987, 11267]"
116236,"[32547, 54500, 25136, 79965, 26397, 48848, 48879, 57874, 106107, 76541]"
116237,"[40720, 47440, 91812, 85081, 55430, 86965, 29484, 6192, 59304, 12201]"
116238,"[30151, 6454, 12989, 18653, 103406, 46078, 41721, 19195, 48827, 47532]"
116239,"[58817, 17513, 90060, 25774, 99525, 47008, 35972, 108501, 48789, 63129]"
116240,"[60517, 29152, 91629, 106399, 108145, 28742, 9086, 34098, 62903, 62928]"
116241,"[76509, 94444, 84991, 63028, 86381, 22367, 4831, 11061, 86585, 17105]"
116242,"[8537, 2282, 92587, 107380, 32557, 48631, 41302, 34142, 61711, 109307]"
116243,"[72147, 34951, 107090, 91396, 68868, 40654, 53925, 105547, 37595, 86855]"
116244,"[91717, 69425, 45067, 68002, 4085, 8507, 39687, 6641, 85916, 69120]"
116245,"[66451, 62951, 72303, 67401, 86416, 71475, 61733, 54655, 4629, 3859]"
116246,"[80803, 72634, 26135, 81514, 87449, 85499, 29658, 39746, 33476, 25382]"
116247,"[4848, 98157, 23194, 91010, 91392, 39061, 26125, 77128, 87542, 27390]"
116248,"[95663, 59624, 3085, 18039, 61652, 79371, 99059, 73167, 28854, 37757]"
116249,"[24547, 20794, 64031, 14770, 67825, 94927, 28204, 21595, 83907, 53862]"
116250,"[103144, 1674, 81868, 88245, 85566, 16028, 51240, 103320, 74075, 59484]"
116251,"[78985, 51166, 49800, 55454, 22756, 59871, 109694, 49794, 2191, 80248]"
116252,"[22957, 40093, 86805, 50482, 54219, 92556, 80801, 108002, 108903, 32793]"
116253,"[40556, 59022, 14448, 25265, 33597, 103082, 3897, 54381, 80714, 2646]"
116254,"[29426, 97361, 35748, 7370, 41592, 15590, 37290, 67992, 46574, 105197]"
116255,"[81484, 1525, 83014, 34057, 100956, 8635, 50124, 72985, 52023, 64109]"
116256,"[104627, 5495, 83190, 89583, 43157, 87873, 68496, 21765, 68853, 20838]"
116257,"[53980, 18448, 22859, 92580, 38359, 30388, 60317, 67945, 49839, 101091]"
116258,"[9786, 16635, 104987, 37489, 58128, 34159, 60405, 94271, 17811, 104921]"
116259,"[57499, 56317, 89671, 93273, 48954, 8015, 85492, 39553, 101499, 28159]"
116260,"[40776, 70809, 49034, 26825, 44677, 8100, 37393, 65728, 2565, 84278]"
116261,"[105678, 70142, 33710, 4556, 12615, 81787, 43336, 83355, 9335, 48756]"
116262,"[101369, 100847, 75745, 59155, 92571, 71688, 62039, 86581, 58984, 28390]"
116263,"[22461, 21187, 54996, 86397, 6713, 38032, 52703, 22342, 17761, 34862]"
116264,"[4190, 98267, 47237, 23986, 1622, 19238, 33026, 21181, 1934, 59843]"
116265,"[57191, 32419, 24891, 43008, 17330, 24220, 50279, 94225, 34165, 19423]"
116266,"[1759, 91996, 320, 27894, 18106, 103051, 4864, 40115, 10871, 59072]"
116267,"[109732, 41933, 21381, 43547, 99705, 37038, 98669, 81494, 94539, 65181]"
116268,"[78110, 7461, 3336, 71680, 55132, 64052, 71928, 32803, 40771, 93713]"
116269,"[52682, 53866, 59814, 6626, 86211, 10820, 33814, 68430, 55301, 91321]"
116270,"[38986, 29108, 1806, 697, 88892, 101215, 80117, 43356, 11098, 102135]"
116271,"[46582, 20789, 107701, 58082, 47045, 106316, 44574, 91853, 70148, 5411]"
116272,"[105694, 33157, 56925, 43549, 85460, 104746, 41763, 83390, 74085, 84298]"
116273,"[28021, 55250, 85888, 92374, 97151, 108132, 102625, 62962, 99850, 33181]"
116274,"[81293, 108091, 45860, 50434, 105860, 22429, 4302, 93224, 10878, 1380]"
116275,"[42426, 17567, 3430, 32389, 68178, 93223, 106775, 29861, 95481, 15405]"
116276,"[97750, 101024, 25704, 9812, 80165, 15583, 38136, 12669, 65366, 97196]"
116277,"[54714, 97565, 85321, 47180, 85261, 109133, 105741, 4654, 96614, 104140]"
116278,"[62339, 66209, 65708, 102013, 42102, 13022, 61990, 87307, 12849, 99358]"
116279,"[93240, 43250, 46720, 62639, 94952, 54386, 30001, 64225, 44294, 99001]"
116280,"[93542, 5380, 8633, 109099, 97604, 9173, 105767, 106766, 76392, 46642]"
116281,"[96691, 15792, 88446, 86362, 90109, 59940, 16562, 32111, 35639, 72923]"
116282,"[101926, 2967, 71150, 78465, 102491, 22529, 29684, 60306, 64436, 18905]"
116283,"[78683, 66330, 107365, 53710, 59636, 32479, 58871, 76316, 77759, 40871]"
116284,"[70882, 27559, 18825, 99939, 26445, 31868, 15493, 23462, 59390, 44320]"
116285,"[10027, 86329, 68213, 4842, 19604, 93034, 82247, 69762, 71587, 50557]"
116286,"[108797, 15678, 62828, 74079, 36345, 72118, 71314, 54555, 50000, 27207]"
116287,"[56378, 101397, 46498, 96286, 31447, 11287, 54414, 84186, 73990, 17829]"
116288,"[18586, 78377, 78405, 39923, 16873, 38645, 108376, 61782, 10915, 78557]"
116289,"[107491, 19867, 73146, 14132, 67592, 30419, 51866, 11124, 47184, 63151]"
116290,"[15458, 96155, 5504, 18809, 46371, 96828, 13749, 36325, 35671, 80448]"
116291,"[48169, 74147, 106746, 33792, 97869, 50583, 83624, 28448, 55498, 62000]"
116292,"[99386, 54893, 98990, 46488, 79167, 109686, 101505, 82081, 89077, 7161]"
116293,"[17673, 35746, 23467, 54399, 99317, 55344, 91272, 31876, 71865, 57997]"
116294,"[30331, 25824, 69850, 85922, 33201, 68952, 37152, 53676, 9836, 105856]"
116295,"[35399, 16479, 27068, 55545, 65898, 59707, 22032, 61036, 84284, 31275]"
116296,"[67355, 1680, 5805, 1465, 71137, 59966, 71911, 17117, 104510, 18373]"
116297,"[103049, 49728, 31693, 24808, 59291, 22605, 24374, 78059, 37461, 29293]"
116298,"[19723, 84781, 33763, 2635, 32046, 22062, 12851, 63916, 23421, 27476]"
116299,"[65226, 8467, 69423, 21019, 29868, 81294, 95899, 41896, 22994, 51817]"
116300,"[8808, 59224, 273, 46831, 91906, 100082, 23491, 15065, 23892, 27478]"
116301,"[32269, 86870, 72432, 105746, 19397, 103984, 100089, 834, 8871, 53120]"
116302,"[103873, 73972, 88632, 59215, 49063, 32959, 27093, 6197, 50415, 9480]"
116303,"[94245, 60955, 45404, 17362, 89050, 63207, 94167, 1999, 2607, 65519]"
116304,"[42553, 75143, 90081, 28901, 5973, 46706, 68796, 95560, 78904, 33992]"
116305,"[52213, 66385, 15910, 30026, 19203, 36549, 63723, 64803, 45535, 97847]"
116306,"[27089, 88031, 24961, 26922, 73700, 88618, 90718, 91159, 27383, 43661]"
116307,"[80232, 4761, 20382, 85245, 88182, 79177, 106874, 28450, 95020, 79671]"
116308,"[64028, 9999, 77265, 106545, 73585, 50097, 10916, 75357, 46081, 74278]"
116309,"[106842, 104715, 52145, 19456, 77505, 15054, 100735, 79456, 48757, 106240]"
116310,"[81656, 27495, 28512, 36669, 71523, 85018, 105911, 79083, 26158, 84850]"
116311,"[6484, 69000, 104264, 86284, 71275, 19319, 14998, 18230, 57140, 102946]"
116312,"[67529, 27738, 20588, 9113, 55146, 39275, 96467, 72684, 42720, 21229]"
116313,"[10091, 3058, 21036, 40397, 34420, 63942, 60287, 49508, 54756, 37671]"
116314,"[65664, 65735, 10025, 69491, 107979, 9165, 50060, 72899, 37039, 71477]"
116315,"[98620, 72909, 68831, 20984, 54117, 99326, 56491, 42987, 81669, 17501]"
116316,"[27596, 71232, 11035, 99166, 96969, 11842, 80644, 86512, 33369, 102]"
116317,"[22688, 76388, 72539, 77210, 3805, 103529, 66595, 97076, 42592, 73130]"
116318,"[101463, 103709, 959, 73214, 21807, 317, 81880, 6652, 47999, 90871]"
116319,"[74332, 94541, 6103, 46075, 88750, 96725, 53940, 32634, 22169, 66619]"
116320,"[48375, 80864, 2663, 51938, 45616, 36134, 26385, 46653, 4640, 109076]"
116321,"[98110, 10419, 58369, 66294, 108863, 6876, 21852, 22327, 69855, 85600]"
116322,"[55620, 88739, 78466, 44297, 93162, 109203, 28207, 54370, 99292, 59454]"
116323,"[44462, 12386, 96800, 46140, 66132, 27372, 60298, 4747, 100154, 46890]"
116324,"[71320, 4854, 19137, 87278, 61573, 15141, 35133, 60831, 105439, 193]"
116325,"[15935, 19806, 32243, 54095, 48560, 40533, 51860, 29420, 80228, 33672]"
116326,"[37520, 68841, 71587, 10541, 17056, 104666, 16440, 77407, 44585, 41784]"
116327,"[70840, 55180, 77191, 50340, 82208, 58184, 77155, 89156, 12229, 62781]"
116328,"[29263, 87177, 76904, 93603, 5365, 21055, 67844, 15633, 60980, 99447]"
116329,"[71429, 20625, 55373, 25218, 69445, 85958, 86050, 56587, 32373, 72117]"
116330,"[27572, 82381, 78768, 17990, 63304, 93342, 45884, 66807, 98706, 42073]"
116331,"[21624, 45445, 66466, 107409, 75457, 54928, 727, 97089, 95908, 57736]"
116332,"[38105, 104376, 57934, 798, 24169, 64720, 24080, 26601, 46970, 95459]"
116333,"[17313, 68534, 72524, 49378, 41282, 100758, 109712, 106580, 38425, 51294]"
116334,"[31068, 105301, 82056, 39780, 28365, 81436, 24498, 18453, 11055, 42078]"
116335,"[99247, 25255, 81320, 101131, 97502, 28610, 106745, 56962, 98012, 93432]"
116336,"[51823, 14718, 80524, 22980, 62967, 91982, 71904, 74366, 101356, 34080]"
116337,"[74957, 19637, 37169, 52894, 57042, 81091, 54978, 93034, 59033, 26822]"
116338,"[43680, 57792, 77765, 43620, 74269, 90899, 98473, 99344, 58914, 86375]"
116339,"[7401, 36737, 7859, 88818, 72424, 33639, 73769, 68498, 11813, 25343]"
116340,"[36997, 11592, 67504, 98938, 61894, 79382, 33829, 74322, 22563, 90903]"
116341,"[89095, 50398, 72724, 62961, 49751, 70219, 72667, 61819, 22789, 14422]"
116342,"[28119, 87049, 68669, 7585, 27790, 78744, 83009, 5461, 64061, 7017]"
116343,"[53453, 1026, 102532, 109365, 27875, 5205, 52571, 47341, 6674, 98271]"
116344,"[61471, 10243, 73175, 97108, 55810, 11725, 46227, 94850, 15649, 44583]"
116345,"[65847, 22825, 67115, 98096, 107912, 905, 73837, 70427, 11176, 60164]"
116346,"[41275, 26457, 33713, 57528, 23602, 79157, 72590, 29401, 43265, 75849]"
116347,"[66465, 94125, 91361, 101537, 39239, 38035, 5047, 73887, 84354, 62922]"
116348,"[22854, 105987, 44870, 12097, 34495, 85876, 75562, 31044, 37023, 93435]"
116349,"[9558, 64875, 25922, 16174, 9811, 23489, 37492, 103308, 16571, 22071]"
116350,"[93558, 28386, 32528, 42123, 46040, 61129, 77160, 43297, 62844, 59893]"
116351,"[105845, 79831, 13015, 16340, 5350, 70156, 38664, 9543, 39591, 75527]"
116352,"[55287, 65561, 37339, 21829, 102519, 49940, 91831, 98275, 81299, 18790]"
116353,"[106058, 48146, 97756, 83546, 16215, 53934, 93368, 101500, 76707, 45116]"
116354,"[56597, 78500, 94368, 95214, 33078, 1668, 37774, 54956, 64410, 88010]"
116355,"[61013, 57044, 24335, 41447, 102706, 53428, 16172, 13, 51148, 26845]"
116356,"[85442, 51581, 67840, 46209, 19849, 15731, 42981, 105495, 106573, 19529]"
116357,"[44016, 64526, 22875, 83923, 91191, 55087, 46296, 51389, 100336, 73852]"
116358,"[20501, 37923, 10517, 3708, 38304, 93711, 2999, 100637, 48957, 18737]"
116359,"[52125, 49842, 76126, 2898, 4220, 61574, 21141, 92654, 9911, 99719]"
116360,"[13373, 19463, 52975, 86489, 15202, 90590, 62549, 34866, 86094, 68106]"
116361,"[68455, 30242, 73471, 96350, 11321, 33957, 100542, 17767, 102461, 104967]"
116362,"[109317, 89649, 85222, 38448, 1112, 42561, 70567, 91823, 14137, 76886]"
116363,"[109156, 88313, 30113, 102478, 106233, 63011, 94670, 382, 56600, 73406]"
116364,"[15512, 49645, 74613, 12485, 51534, 5308, 93556, 29763, 78772, 54225]"
116365,"[87757, 27231, 67287, 57807, 3077, 101052, 735, 13803, 78633, 82681]"
116366,"[67059, 3919, 11031, 64494, 2080, 25664, 39889, 72033, 83790, 62592]"
116367,"[57299, 50043, 44822, 10465, 36657, 37425, 27224, 81771, 52679, 33562]"
116368,"[82853, 11985, 76445, 79639, 7161, 86627, 26510, 14325, 64036, 3469]"
116369,"[23530, 24934, 103823, 90411, 10917, 39072, 89712, 28418, 81592, 7427]"
116370,"[92964, 104055, 16561, 54997, 58802, 74152, 29972, 39982, 103425, 28695]"
116371,"[102164, 32606, 49418, 82741, 47828, 9302, 81445, 86554, 28409, 10879]"
116372,"[16922, 38390, 18090, 52148, 49003, 38644, 21948, 14014, 98767, 25287]"
116373,"[27894, 46763, 17127, 59838, 100279, 101808, 91536, 22614, 58094, 91996]"
116374,"[57809, 58881, 26685, 63742, 78498, 42555, 70649, 88910, 109174, 46821]"
116375,"[32704, 89455, 22660, 70119, 75128, 75882, 85710, 34060, 60733, 68985]"
116376,"[97806, 86662, 64004, 55209, 36052, 15960, 16614, 12330, 37796, 43299]"
116377,"[88708, 61562, 37490, 15028, 23021, 10475, 97315, 12773, 59658, 78640]"
116378,"[103782, 56762, 83473, 92678, 61778, 69911, 17208, 72968, 1629, 27294]"
116379,"[55033, 102796, 24080, 38105, 6960, 33075, 26601, 93703, 101917, 87887]"
116380,"[102821, 107152, 42127, 23674, 101036, 4340, 54548, 22561, 46122, 20585]"
116381,"[47118, 76703, 62857, 12171, 77039, 96454, 85504, 95082, 57680, 10869]"
116382,"[98560, 105216, 62026, 61658, 47799, 70555, 72877, 64573, 74693, 34986]"
116383,"[9494, 4100, 8546, 92875, 41960, 6340, 93966, 58776, 107601, 2926]"
116384,"[41411, 68934, 16668, 58799, 61051, 10369, 90683, 50245, 98103, 96574]"
116385,"[44813, 36012, 13822, 5417, 94440, 307, 76804, 101529, 90495, 104825]"
116386,"[61219, 95839, 14922, 67285, 71919, 27535, 92258, 59939, 64996, 3925]"
116387,"[29992, 99238, 48371, 38606, 105482, 100940, 50465, 72062, 36583, 81585]"
116388,"[19491, 48223, 33500, 60458, 59777, 55712, 106988, 11407, 95734, 106217]"
116389,"[90264, 2358, 75277, 15005, 19122, 25511, 46474, 41307, 16717, 7923]"
116390,"[70887, 26860, 107690, 109274, 48418, 104777, 20820, 94109, 2338, 65399]"
116391,"[17956, 65430, 103700, 95568, 46342, 36973, 62696, 53336, 73954, 105395]"
116392,"[64301, 16284, 51401, 95033, 43977, 47955, 10541, 77967, 83639, 64391]"
116393,"[4570, 1829, 66256, 11981, 26288, 58481, 21398, 34887, 9886, 102683]"
116394,"[55688, 65309, 99908, 94890, 29053, 24348, 34846, 22064, 39892, 37536]"
116395,"[96514, 7014, 88498, 13166, 97484, 2504, 31807, 12117, 49437, 35717]"
116396,"[61975, 55566, 6963, 108248, 42736, 93669, 21196, 2867, 41486, 23510]"
116397,"[84802, 25884, 81075, 65844, 31723, 54140, 39166, 104802, 31639, 65304]"
116398,"[38719, 9099, 34869, 26591, 65296, 9283, 32538, 17172, 30215, 94537]"
116399,"[99608, 74698, 89060, 44834, 63965, 24929, 45997, 103639, 84118, 20777]"
116400,"[87539, 97298, 75945, 20855, 76111, 18781, 81646, 386, 75066, 26048]"
116401,"[91116, 103622, 3428, 84271, 77920, 102938, 66216, 69731, 45783, 6392]"
116402,"[22300, 102326, 103111, 16237, 59495, 29281, 58020, 93168, 41062, 95727]"
116403,"[8881, 43198, 92960, 86101, 62313, 3599, 6981, 90220, 36427, 107771]"
116404,"[72046, 106926, 59973, 50653, 3556, 11883, 106924, 74197, 58335, 55719]"
116405,"[56339, 4994, 17556, 70033, 14359, 59550, 91433, 60203, 69304, 40899]"
116406,"[8294, 93806, 70901, 11541, 6069, 26680, 88694, 88467, 36275, 104759]"
116407,"[18358, 11673, 59013, 73292, 61091, 3042, 52280, 9369, 56479, 82181]"
116408,"[24833, 103294, 99393, 34118, 59867, 16196, 47152, 31326, 34527, 7539]"
116409,"[34725, 59845, 57072, 108791, 72516, 17142, 69388, 41864, 15600, 101078]"
116410,"[39354, 13111, 77520, 10682, 69696, 99618, 96931, 39247, 12950, 84856]"
116411,"[18339, 37637, 36564, 4901, 78130, 47871, 17347, 84682, 51580, 25878]"
116412,"[23239, 39115, 73379, 96852, 35936, 102367, 53095, 55231, 68849, 81767]"
116413,"[87964, 49090, 91117, 108280, 49437, 88644, 43842, 96204, 26546, 78028]"
116414,"[105664, 38101, 92219, 52288, 86861, 37082, 95657, 80087, 79000, 19579]"
116415,"[12821, 2405, 54131, 30626, 98802, 66074, 94373, 48364, 18791, 102779]"
116416,"[103999, 90558, 37521, 96827, 37148, 25666, 47088, 98037, 96701, 33203]"
116417,"[24771, 16629, 108755, 103975, 107162, 28318, 11930, 21161, 99178, 67684]"
116418,"[81626, 6462, 96592, 77808, 88494, 18751, 99516, 98104, 8694, 86519]"
116419,"[108947, 79159, 100147, 71566, 25888, 96260, 4783, 43740, 100398, 59537]"
116420,"[67688, 54558, 68095, 68863, 14195, 57685, 96320, 100862, 100523, 104473]"
116421,"[5630, 27297, 91491, 75461, 907, 94043, 27121, 67219, 72903, 21360]"
116422,"[104419, 54371, 38075, 29019, 79480, 22255, 21589, 22712, 3567, 24280]"
116423,"[44677, 87535, 71043, 92941, 84278, 101863, 55867, 101281, 109715, 98500]"
116424,"[108541, 54396, 95573, 56303, 105864, 53544, 65695, 25203, 108028, 59415]"
116425,"[109203, 14087, 5667, 38557, 102204, 4933, 55780, 78466, 93162, 54370]"
116426,"[29553, 61145, 80340, 45983, 41452, 102656, 47000, 45073, 88149, 100224]"
116427,"[84408, 49172, 31136, 106137, 42845, 90082, 7562, 72561, 69410, 59890]"
116428,"[7756, 29034, 51632, 71977, 29614, 100125, 72319, 80776, 7129, 28860]"
116429,"[69427, 68734, 109244, 45278, 78384, 16595, 32874, 5257, 62114, 84224]"
116430,"[4801, 53060, 14387, 33009, 4885, 48316, 12461, 69012, 9798, 14320]"
116431,"[72086, 8017, 82000, 99306, 24252, 11030, 90493, 98444, 84950, 77721]"
116432,"[69800, 84262, 108777, 78286, 58885, 21936, 85469, 85346, 47686, 87739]"
116433,"[9799, 104681, 98608, 92210, 4560, 107523, 52139, 63476, 53492, 27328]"
116434,"[50182, 13164, 75622, 35740, 42489, 94749, 99081, 64535, 46263, 104262]"
116435,"[66889, 44018, 25386, 28494, 94537, 92689, 47808, 13984, 31903, 13920]"
116436,"[34133, 34143, 4787, 72680, 53273, 19568, 55927, 80717, 11533, 21937]"
116437,"[28145, 69963, 101955, 37402, 73560, 33176, 81803, 94191, 84615, 57372]"
116438,"[6119, 102559, 2134, 36956, 20445, 68687, 59539, 98380, 61606, 85364]"
116439,"[17762, 41329, 14938, 7219, 41177, 35434, 11024, 31128, 58160, 98136]"
116440,"[90529, 60496, 92174, 69375, 85899, 41034, 89152, 71705, 21912, 63008]"
116441,"[42967, 85830, 34343, 109041, 81863, 6886, 105653, 69806, 2954, 96309]"
116442,"[45452, 2316, 68285, 26496, 107435, 91371, 16918, 52259, 108203, 20376]"
116443,"[20037, 11481, 96785, 69496, 31791, 75438, 67088, 96327, 104936, 52676]"
116444,"[52307, 61059, 65876, 73892, 84471, 65248, 57509, 11521, 18372, 96360]"
116445,"[37772, 58287, 65598, 88456, 92905, 86386, 89639, 53429, 29091, 72469]"
116446,"[22124, 24322, 11822, 35068, 94209, 90071, 53639, 47931, 2374, 16080]"
116447,"[108472, 85377, 33071, 96139, 54817, 30552, 27345, 27382, 99414, 84393]"
116448,"[63186, 15668, 36082, 41084, 103607, 37427, 88106, 66764, 34450, 63612]"
116449,"[6862, 95296, 98407, 102038, 43191, 64379, 109487, 65331, 62578, 48457]"
116450,"[88832, 55176, 61278, 42278, 95738, 89802, 87669, 53766, 50655, 79363]"
116451,"[92073, 61726, 36381, 42005, 27760, 18507, 89947, 7248, 33334, 52190]"
116452,"[48252, 36931, 35580, 74025, 102926, 56006, 24623, 42248, 82413, 107198]"
116453,"[108305, 46742, 47776, 65912, 22365, 72773, 81778, 8732, 31297, 44569]"
116454,"[50971, 93750, 89738, 71935, 16253, 100059, 98084, 40846, 41588, 44017]"
116455,"[21322, 80098, 67636, 97453, 4111, 88029, 88769, 65947, 1617, 44494]"
116456,"[95352, 75176, 107197, 63585, 49446, 25000, 76663, 31527, 73423, 84797]"
116457,"[42747, 23980, 8533, 28826, 85042, 103131, 70979, 26903, 51518, 41404]"
116458,"[8155, 48155, 62828, 61634, 93808, 71784, 17211, 100963, 31652, 13583]"
116459,"[30555, 101753, 42647, 41017, 19014, 71563, 45112, 8523, 7838, 8204]"
116460,"[56031, 19867, 65112, 47184, 63151, 57093, 5387, 73146, 99598, 41746]"
116461,"[13731, 67780, 106367, 11008, 3717, 93443, 82578, 66778, 5357, 55991]"
116462,"[95536, 73589, 10944, 66736, 25970, 84718, 41590, 92063, 29720, 59522]"
116463,"[53714, 75999, 74374, 84931, 18329, 51562, 23302, 93665, 25832, 58691]"
116464,"[40998, 34869, 9283, 38719, 26591, 65296, 32538, 95284, 1474, 34308]"
116465,"[29713, 58698, 78476, 74411, 107765, 42312, 109289, 91375, 96778, 73538]"
116466,"[28795, 92927, 92566, 100308, 10331, 55042, 39548, 23009, 71142, 67892]"
116467,"[43295, 84448, 5982, 50985, 12621, 41116, 14691, 101432, 23893, 93289]"
116468,"[71172, 91817, 8356, 54534, 71664, 84116, 73405, 49259, 94313, 94071]"
116469,"[75443, 82985, 14340, 12499, 75359, 83493, 104472, 17934, 98607, 68069]"
116470,"[58865, 100445, 21187, 84455, 70838, 72081, 20010, 27853, 56852, 103122]"
116471,"[34443, 20766, 53703, 35609, 22459, 79258, 13950, 27180, 22042, 12608]"
116472,"[60428, 55676, 90814, 52116, 76573, 42051, 66022, 40416, 67856, 52709]"
116473,"[59922, 50270, 17843, 56303, 10635, 5080, 59415, 92841, 90960, 44656]"
116474,"[96262, 101544, 102420, 42586, 66144, 103107, 100438, 97758, 10326, 6081]"
116475,"[26662, 70958, 98611, 9198, 96548, 21109, 51836, 83155, 1320, 40678]"
116476,"[43366, 33449, 31935, 20203, 107160, 102891, 27269, 101613, 36378, 66145]"
116477,"[63726, 72791, 7680, 6911, 64397, 3446, 64960, 53065, 2792, 42343]"
116478,"[59971, 48468, 45168, 104849, 76148, 92232, 97341, 48307, 35364, 12076]"
116479,"[84703, 6989, 42379, 32972, 52431, 56252, 3336, 59961, 19918, 99405]"
116480,"[56337, 20871, 77138, 66151, 13923, 74506, 103781, 89944, 38678, 77958]"
116481,"[79671, 80232, 4761, 14346, 64137, 79177, 106874, 28450, 88182, 85245]"
116482,"[78566, 11547, 21347, 102265, 68514, 10506, 27037, 20909, 29292, 107909]"
116483,"[84547, 58022, 44285, 62438, 44644, 60419, 21814, 9055, 51846, 108726]"
116484,"[82209, 14682, 77877, 59319, 90314, 7955, 91736, 108582, 26344, 95975]"
116485,"[13379, 72276, 93131, 55895, 22860, 102898, 3086, 31284, 2830, 64375]"
116486,"[62939, 13859, 61614, 105533, 17459, 29910, 109534, 35007, 73985, 77329]"
116487,"[22211, 97038, 18975, 8692, 14907, 102860, 87425, 14360, 3917, 77012]"
116488,"[78146, 92278, 65409, 82744, 77940, 99657, 15697, 75782, 88837, 8279]"
116489,"[5324, 19521, 90376, 80694, 29816, 6210, 93174, 75399, 15083, 2065]"
116490,"[40358, 59904, 671, 106848, 89818, 24174, 95387, 106598, 63121, 57825]"
116491,"[74821, 46420, 50144, 51421, 74950, 9130, 65159, 46133, 71313, 45201]"
116492,"[97371, 21393, 69818, 93573, 67480, 43462, 24898, 80578, 67484, 107592]"
116493,"[31269, 32673, 24995, 52893, 44941, 107473, 50805, 15119, 8607, 69691]"
116494,"[75154, 66818, 26698, 83233, 7222, 65753, 26370, 81179, 68424, 10586]"
116495,"[13282, 48332, 21245, 32860, 16288, 24464, 7172, 67209, 15275, 72401]"
116496,"[47526, 7968, 20341, 81998, 14352, 52820, 51536, 41063, 30999, 87334]"
116497,"[108845, 66278, 20598, 59896, 8875, 52440, 3670, 83837, 23751, 634]"
116498,"[77554, 41670, 46747, 38782, 5789, 96526, 18348, 84838, 15861, 16662]"
116499,"[33180, 69914, 2582, 48216, 67131, 86906, 66857, 9611, 103955, 22617]"
116500,"[49562, 45007, 72092, 21139, 47117, 55375, 77917, 63606, 99447, 52675]"
116501,"[64386, 90571, 30476, 5243, 101633, 19374, 69572, 66061, 31776, 63362]"
116502,"[20294, 28411, 46956, 89659, 28936, 2429, 84548, 11166, 71639, 99354]"
116503,"[95162, 21436, 12163, 4940, 61203, 106707, 78025, 55332, 13210, 48948]"
116504,"[108545, 62494, 103838, 6895, 23157, 61300, 17700, 91454, 104601, 48515]"
116505,"[31672, 83793, 46501, 107141, 75186, 92304, 63461, 31907, 807, 76647]"
116506,"[96802, 11691, 70603, 3363, 69162, 32600, 83401, 36577, 48766, 89660]"
116507,"[39519, 78690, 97860, 97228, 63484, 32486, 44993, 43324, 34140, 43258]"
116508,"[62469, 48203, 60401, 41842, 6305, 4066, 79872, 67334, 101914, 106502]"
116509,"[79056, 61535, 23820, 99785, 60538, 11059, 22731, 59597, 73761, 80655]"
116510,"[63240, 36644, 66190, 18346, 11962, 86905, 93142, 25577, 9467, 103879]"
116511,"[84659, 64390, 79087, 74995, 83377, 84542, 83195, 91892, 44591, 54629]"
116512,"[96026, 69605, 104343, 4952, 23514, 1722, 104269, 79767, 90446, 50150]"
116513,"[33140, 71494, 63990, 69756, 45394, 2364, 31580, 49223, 66308, 27166]"
116514,"[25993, 4189, 70510, 30198, 3300, 106820, 58316, 51026, 5578, 54126]"
116515,"[84276, 76668, 57092, 77835, 27367, 63696, 70812, 77196, 59682, 72055]"
116516,"[90376, 5324, 11139, 77482, 64905, 18328, 35157, 92257, 8830, 67372]"
116517,"[48399, 12732, 106392, 60305, 107909, 60072, 44847, 63481, 84531, 92577]"
116518,"[64874, 97130, 108298, 104330, 2310, 8298, 23492, 45330, 97442, 108944]"
116519,"[88215, 57545, 79121, 15367, 3725, 32002, 66826, 14110, 57089, 102722]"
116520,"[39349, 17530, 102104, 39879, 75929, 97006, 107541, 59536, 23361, 57470]"
116521,"[27663, 31555, 61394, 102270, 49439, 47032, 82915, 23395, 41178, 21808]"
116522,"[44730, 35292, 30030, 75073, 12063, 68568, 105656, 86908, 97626, 69087]"
116523,"[34314, 107739, 93250, 84461, 89589, 214, 4103, 102245, 90530, 97173]"
116524,"[47787, 45912, 84207, 53990, 38764, 95014, 30238, 62031, 37801, 109023]"
116525,"[64488, 72344, 39447, 95963, 66113, 58816, 77562, 84646, 100951, 67567]"
116526,"[61894, 16839, 108021, 95572, 497, 32796, 2987, 79382, 58197, 77627]"
116527,"[62860, 42089, 90228, 125, 46333, 31155, 68189, 72577, 27955, 26050]"
116528,"[19318, 42985, 101736, 2771, 100537, 71583, 41392, 388, 33922, 63573]"
116529,"[16591, 70502, 34223, 55112, 41125, 105482, 109095, 7015, 618, 37906]"
116530,"[72906, 66337, 67645, 102103, 70690, 56248, 64322, 106001, 62587, 31830]"
116531,"[65132, 10100, 99134, 65089, 99481, 30162, 101101, 13348, 27076, 20141]"
116532,"[87937, 77731, 8563, 67954, 84785, 49169, 45333, 106683, 77964, 61196]"
116533,"[10594, 82744, 6438, 3467, 82567, 18749, 74548, 8279, 92278, 77940]"
116534,"[17613, 39623, 26042, 92487, 95347, 53295, 77154, 75717, 40918, 42556]"
116535,"[4599, 43231, 108736, 92664, 98783, 61914, 36943, 29183, 22225, 34476]"
116536,"[71431, 84950, 98444, 44030, 42109, 109144, 40942, 99306, 24252, 41596]"
116537,"[72862, 47471, 71924, 88718, 18777, 59815, 71364, 103768, 99684, 19567]"
116538,"[93248, 21435, 5169, 94699, 42163, 33089, 52620, 19766, 50879, 21719]"
116539,"[95892, 107259, 46936, 96276, 67884, 84431, 40442, 102007, 89760, 79844]"
116540,"[83029, 53202, 39380, 30599, 2671, 71766, 46578, 16278, 57570, 29567]"
116541,"[37691, 79847, 8858, 35122, 71807, 18937, 87179, 79555, 61813, 58739]"
116542,"[74153, 32091, 40150, 73802, 14399, 64040, 13709, 47889, 29177, 37224]"
116543,"[3163, 106280, 75444, 10346, 53197, 46777, 57368, 84027, 16125, 96006]"
116544,"[59723, 87121, 64680, 100683, 24281, 97438, 89379, 106225, 51023, 81977]"
116545,"[104037, 67586, 50531, 64444, 69264, 36167, 45854, 76910, 66260, 28095]"
116546,"[33990, 16112, 95318, 44364, 81033, 22476, 61937, 3996, 58660, 105630]"
116547,"[59716, 83662, 68895, 92723, 51939, 94692, 20985, 107611, 31559, 78847]"
116548,"[44037, 84873, 54787, 32350, 36795, 53777, 55785, 63325, 54342, 1610]"
116549,"[24859, 13705, 23188, 24339, 44145, 86811, 63098, 6818, 12423, 51521]"
116550,"[17033, 90496, 2300, 75859, 34166, 24903, 72484, 52828, 39344, 1239]"
116551,"[105919, 95924, 74810, 108898, 50458, 36036, 65018, 33624, 79034, 8827]"
116552,"[16536, 29838, 25390, 50719, 62506, 2472, 37973, 103934, 72814, 15496]"
116553,"[7390, 103969, 63231, 78633, 82681, 50128, 98886, 14897, 50012, 95215]"
116554,"[16092, 35567, 32340, 42204, 17128, 25321, 93578, 92512, 29973, 89562]"
116555,"[61542, 7924, 75957, 11222, 55652, 93243, 91034, 10937, 31841, 3064]"
116556,"[106528, 100201, 59485, 42738, 54073, 21573, 19442, 61283, 17006, 101219]"
116557,"[49916, 45143, 57672, 15949, 25521, 19743, 15228, 6436, 91510, 58389]"
116558,"[38508, 65108, 20259, 48493, 57360, 39875, 64576, 78157, 16234, 57523]"
116559,"[16067, 19880, 1912, 51260, 41033, 18642, 10022, 20916, 37062, 67838]"
116560,"[58552, 45590, 67877, 45314, 14130, 106245, 80440, 83508, 34996, 106596]"
116561,"[2100, 104685, 95905, 85930, 102703, 20566, 109179, 68249, 3582, 106776]"
116562,"[103006, 18825, 79223, 27559, 40063, 64372, 97325, 90798, 76068, 23462]"
116563,"[65096, 93978, 873, 26952, 55552, 19258, 67938, 82784, 46676, 2811]"
116564,"[90307, 6486, 26809, 25179, 103007, 71215, 56499, 37939, 108427, 84055]"
116565,"[3384, 109389, 41911, 84501, 78626, 107087, 102855, 29155, 20612, 102787]"
116566,"[37198, 106908, 28019, 12878, 73956, 78938, 6562, 96567, 4913, 95634]"
116567,"[29272, 11369, 94615, 73005, 57278, 36860, 38953, 109681, 32523, 59691]"
116568,"[5381, 99167, 44163, 36444, 72077, 18883, 5483, 106521, 44152, 33024]"
116569,"[32284, 47323, 41775, 64983, 26590, 107328, 49255, 8502, 62100, 95405]"
116570,"[9320, 97357, 108584, 63183, 99462, 18541, 54410, 10652, 101806, 3834]"
116571,"[8670, 65535, 105706, 95852, 47415, 34320, 108605, 55455, 95159, 30170]"
116572,"[12987, 109469, 58750, 90512, 48510, 23023, 59858, 10083, 70046, 37745]"
116573,"[3812, 35558, 24561, 14202, 31399, 74535, 85918, 91080, 1885, 83480]"
116574,"[2876, 25891, 41657, 18058, 58755, 55567, 89080, 77013, 103275, 63750]"
116575,"[49488, 71558, 45582, 107049, 32810, 96659, 23863, 49270, 91030, 31814]"
116576,"[56423, 102934, 47560, 29107, 31174, 12868, 59910, 18900, 55994, 89777]"
116577,"[28597, 20504, 83074, 40432, 74880, 35232, 82261, 81859, 14543, 46512]"
116578,"[45083, 18202, 16191, 42174, 7991, 39232, 18311, 7921, 96985, 75679]"
116579,"[39343, 77003, 59616, 63526, 105469, 61015, 72505, 19925, 50265, 34021]"
116580,"[52240, 56368, 60499, 13638, 35195, 102758, 87573, 3573, 25274, 77802]"
116581,"[103581, 103200, 60557, 36124, 105507, 3248, 23397, 91529, 92804, 44097]"
116582,"[6818, 95839, 71919, 27535, 51495, 103903, 42919, 93247, 73597, 78147]"
116583,"[53971, 109668, 95670, 21159, 73805, 21144, 79746, 28101, 11000, 15095]"
116584,"[21187, 102658, 20255, 84455, 70838, 72081, 58865, 3795, 27853, 56852]"
116585,"[15262, 62324, 94224, 60086, 49455, 24664, 67604, 71879, 36457, 54628]"
116586,"[54292, 97374, 6625, 79124, 79250, 56969, 92471, 55720, 3167, 34757]"
116587,"[62387, 14784, 92252, 27847, 68580, 42438, 69549, 76685, 4287, 100158]"
116588,"[31329, 4057, 13163, 22004, 104805, 9759, 85757, 33003, 89890, 10277]"
116589,"[62460, 18636, 83911, 20065, 85923, 4235, 72409, 36578, 75696, 58560]"
116590,"[74556, 15624, 30638, 87166, 70441, 79334, 90832, 85318, 60731, 6459]"
116591,"[34573, 55997, 84182, 91859, 19206, 24604, 3092, 24551, 64350, 82924]"
116592,"[85730, 105885, 105397, 73475, 56801, 91612, 94428, 84147, 105704, 4984]"
116593,"[51573, 19133, 52941, 99364, 30882, 45901, 79924, 6666, 15916, 68603]"
116594,"[33687, 46329, 839, 95997, 90673, 105809, 73408, 94381, 37667, 41280]"
116595,"[36426, 95881, 104065, 85323, 92509, 10470, 46588, 97355, 30216, 97206]"
116596,"[79235, 99237, 63562, 108906, 88631, 36706, 81364, 5687, 108015, 105230]"
116597,"[76288, 64685, 108085, 51558, 23552, 25855, 19792, 109543, 36804, 18637]"
116598,"[31824, 60365, 98982, 71798, 62075, 70052, 102489, 75547, 44517, 17693]"
116599,"[68387, 78168, 102424, 21964, 19300, 10708, 90459, 81982, 44763, 11847]"
116600,"[26255, 14644, 80811, 92634, 102008, 85806, 82127, 61818, 49747, 37031]"
116601,"[46127, 16701, 47470, 64968, 28680, 64178, 10569, 51321, 104200, 48495]"
116602,"[44757, 41594, 16536, 79818, 44236, 15200, 100582, 92589, 72814, 108647]"
116603,"[29103, 6333, 103437, 35634, 52138, 90151, 30751, 17165, 90985, 65274]"
116604,"[92171, 74595, 43173, 70994, 89182, 95403, 64299, 33684, 63610, 88675]"
116605,"[19268, 13162, 105142, 105512, 68846, 65704, 68319, 4166, 82680, 62275]"
116606,"[31102, 4172, 82484, 42159, 95710, 85334, 22673, 6395, 6099, 24580]"
116607,"[59629, 59475, 56942, 52366, 16299, 30902, 36166, 26496, 40141, 55156]"
116608,"[102211, 29891, 78969, 6892, 68192, 53192, 26238, 21018, 55126, 103642]"
116609,"[22264, 95579, 8588, 45600, 88611, 89578, 15397, 21700, 86756, 73029]"
116610,"[39133, 29550, 52772, 38420, 43414, 23554, 70913, 90661, 86319, 92579]"
116611,"[32684, 47878, 11266, 59144, 80387, 29360, 85878, 10156, 27661, 109037]"
116612,"[103969, 7390, 93795, 63231, 78633, 82681, 40673, 42496, 78002, 5384]"
116613,"[80352, 9468, 106801, 2022, 85411, 7180, 74519, 47552, 62581, 24102]"
116614,"[24841, 82949, 28175, 26394, 103909, 80049, 20580, 45678, 101540, 46154]"
116615,"[62639, 100247, 34617, 107285, 64018, 103326, 16225, 78169, 95582, 65212]"
116616,"[78455, 65689, 70613, 51206, 46904, 38439, 57182, 74098, 21318, 7996]"
116617,"[83239, 2518, 26473, 67028, 37098, 63137, 50274, 108102, 48479, 105608]"
116618,"[104464, 104117, 86423, 37587, 6108, 55204, 34873, 106181, 11342, 49793]"
116619,"[3762, 91678, 18313, 6023, 105669, 40989, 29421, 4720, 3155, 63557]"
116620,"[44785, 73650, 74437, 31655, 45274, 6845, 55992, 11667, 47157, 51375]"
116621,"[77169, 93785, 20839, 98219, 8710, 107484, 60710, 34163, 39209, 66233]"
116622,"[70426, 18588, 107818, 98855, 42303, 61980, 11569, 92344, 8769, 70536]"
116623,"[40412, 103519, 50947, 12811, 93994, 57762, 8493, 107959, 34521, 48580]"
116624,"[30045, 14842, 12319, 43796, 90275, 11217, 37592, 66067, 89308, 48720]"
116625,"[716, 86218, 74152, 75661, 20587, 60103, 18477, 55222, 75809, 1949]"
116626,"[98874, 46703, 62897, 13589, 70344, 26449, 20168, 7660, 4733, 98709]"
116627,"[68210, 101973, 104591, 48588, 46502, 68200, 13520, 26070, 41333, 107884]"
116628,"[35050, 73165, 2724, 32334, 63459, 82402, 6471, 34350, 30036, 8987]"
116629,"[85384, 78245, 84924, 59104, 55259, 106054, 57588, 91130, 87875, 52791]"
116630,"[88517, 54692, 25658, 75553, 1095, 27461, 24691, 66865, 49490, 79821]"
116631,"[96943, 1828, 48923, 27439, 37191, 38799, 76886, 88318, 1398, 85030]"
116632,"[49345, 66623, 41003, 63110, 27816, 81861, 96902, 96707, 62546, 16633]"
116633,"[26162, 22328, 78374, 31650, 74831, 40119, 7988, 54699, 52094, 76347]"
116634,"[30565, 85023, 78449, 87854, 57642, 25309, 23683, 108767, 100492, 61423]"
116635,"[93255, 70588, 108780, 94080, 70658, 80312, 70167, 65367, 17366, 89810]"
116636,"[13228, 47392, 86823, 48695, 57426, 97318, 32757, 22010, 66673, 60582]"
116637,"[24326, 26261, 55703, 52013, 44450, 16289, 54357, 101563, 101983, 44826]"
116638,"[19517, 33584, 3871, 21387, 97838, 14109, 11188, 108402, 10137, 3212]"
116639,"[89174, 36496, 52483, 82257, 29231, 103341, 34013, 93869, 15964, 107718]"
116640,"[38908, 103534, 106171, 23403, 51776, 13297, 9177, 50056, 5676, 35266]"
116641,"[49408, 28869, 69854, 27109, 65519, 9300, 27477, 84577, 43282, 4889]"
116642,"[93959, 54199, 91977, 31219, 59726, 89914, 91822, 37229, 104674, 8270]"
116643,"[106567, 34117, 99436, 51535, 31092, 54965, 54033, 97921, 63714, 100377]"
116644,"[97807, 22784, 52264, 11783, 14093, 93052, 51487, 101057, 97126, 88120]"
116645,"[65113, 52719, 55539, 23553, 16871, 2214, 7398, 100394, 101895, 89813]"
116646,"[86554, 109368, 102164, 32606, 28409, 61629, 82741, 108520, 6405, 23073]"
116647,"[7678, 65323, 50359, 9819, 62764, 38055, 52061, 71692, 42622, 41136]"
116648,"[101640, 783, 96572, 40888, 57743, 39838, 12307, 26515, 94677, 51566]"
116649,"[100713, 9857, 96387, 95594, 43513, 23325, 3086, 94361, 57491, 79962]"
116650,"[17181, 30493, 60510, 106556, 30823, 9561, 5959, 66921, 32361, 72332]"
116651,"[65245, 54669, 76312, 98007, 109327, 95097, 28649, 93226, 63109, 11543]"
116652,"[9633, 41087, 72907, 51337, 24225, 48018, 39945, 36531, 59513, 42783]"
116653,"[70940, 13878, 90916, 8013, 91161, 93638, 56935, 11344, 31060, 83975]"
116654,"[84155, 70754, 43769, 61427, 102176, 63617, 73129, 30825, 63167, 54244]"
116655,"[96983, 87531, 41409, 52950, 17500, 63967, 6303, 97262, 78072, 38776]"
116656,"[104919, 67480, 70617, 91111, 91576, 70473, 72421, 10366, 6931, 84111]"
116657,"[21428, 92872, 71428, 16944, 25490, 37115, 8977, 102766, 57729, 18876]"
116658,"[29995, 75559, 105340, 78863, 61350, 65911, 68666, 81275, 65300, 60495]"
116659,"[86285, 91099, 23657, 32259, 3924, 78759, 80116, 26574, 20131, 63669]"
116660,"[34402, 55030, 7452, 49925, 80849, 86680, 82915, 27663, 65606, 75777]"
116661,"[85905, 51099, 31664, 3697, 4718, 50211, 7187, 32647, 61728, 70470]"
116662,"[49702, 12197, 2751, 107405, 71963, 101135, 101382, 3205, 30388, 81427]"
116663,"[4628, 109026, 51274, 54934, 108204, 16801, 28980, 19787, 101828, 88855]"
116664,"[91659, 57008, 43803, 20102, 45237, 61860, 41084, 92586, 56508, 97349]"
116665,"[40809, 25980, 55684, 99101, 31193, 58368, 90461, 26410, 97833, 71772]"
116666,"[31990, 9190, 36979, 61700, 51145, 14122, 18071, 22284, 20143, 38269]"
116667,"[96717, 96084, 99637, 52786, 28110, 96170, 76546, 2098, 51567, 78343]"
116668,"[107884, 91618, 101973, 75998, 68200, 13520, 48588, 101964, 24471, 68210]"
116669,"[14543, 107413, 78687, 68537, 30655, 25759, 8130, 67267, 95697, 83588]"
116670,"[16298, 26155, 75855, 25725, 83067, 10569, 6388, 70999, 44544, 101325]"
116671,"[70780, 23587, 65578, 74832, 59331, 28778, 51270, 822, 72215, 70159]"
116672,"[82260, 90802, 51301, 23535, 87276, 12864, 90160, 69060, 54651, 21086]"
116673,"[53188, 66034, 26431, 86820, 107153, 69719, 40690, 83576, 55460, 63547]"
116674,"[85229, 86645, 26059, 41582, 65967, 22236, 75951, 96493, 107432, 42259]"
116675,"[100530, 7736, 15612, 96149, 79427, 85203, 26042, 83911, 90349, 6276]"
116676,"[105596, 30698, 81424, 99513, 40768, 104581, 57249, 72471, 15482, 5807]"
116677,"[74714, 19688, 100805, 59785, 7673, 64500, 56953, 9649, 80152, 23393]"
116678,"[98984, 21272, 2989, 79780, 3051, 68870, 63089, 40054, 458, 105184]"
116679,"[34135, 62907, 16892, 56314, 11747, 30661, 4066, 85859, 61974, 100695]"
116680,"[101432, 70704, 58309, 3740, 76669, 12621, 70625, 55681, 20732, 79127]"
116681,"[2427, 91572, 91545, 101149, 53604, 5710, 7029, 65198, 68742, 38356]"
116682,"[67068, 103678, 48749, 29599, 50582, 40182, 56939, 96498, 37163, 1569]"
116683,"[33921, 32839, 70356, 97293, 104937, 43827, 4808, 31289, 30968, 61811]"
116684,"[32573, 7464, 99741, 95305, 37824, 48912, 47044, 43432, 10713, 25024]"
116685,"[92245, 23290, 101867, 73454, 57742, 40897, 722, 8664, 41308, 17449]"
116686,"[1642, 27509, 20375, 41602, 66069, 23858, 96995, 56024, 101202, 76978]"
116687,"[109152, 2207, 92435, 29606, 17397, 74177, 12839, 30206, 15884, 57696]"
116688,"[35797, 25799, 6853, 10214, 71610, 68898, 107925, 28133, 90595, 72286]"
116689,"[70904, 83930, 85, 11894, 87580, 73482, 2601, 85883, 56108, 73436]"
116690,"[72960, 33346, 1843, 109065, 27677, 84346, 24126, 20664, 102313, 87818]"
116691,"[18464, 85252, 38685, 99124, 23751, 13082, 31396, 89559, 35777, 64908]"
116692,"[62608, 92213, 10469, 30793, 55535, 78920, 13942, 38254, 5146, 54302]"
116693,"[105761, 30216, 80664, 86464, 87368, 88125, 62863, 9254, 92050, 56352]"
116694,"[71755, 108010, 13736, 71942, 65261, 4127, 6650, 1692, 28678, 95448]"
116695,"[2376, 56631, 92212, 86683, 5228, 54895, 97135, 23960, 78865, 8827]"
116696,"[42604, 32702, 101494, 22585, 76586, 43380, 34814, 80645, 94882, 6620]"
116697,"[81934, 1436, 51610, 96580, 10955, 61940, 97503, 100556, 42357, 68664]"
116698,"[64657, 58200, 41643, 96845, 63196, 24383, 35812, 75117, 53561, 87284]"
116699,"[18752, 41228, 35299, 15608, 21000, 88723, 45348, 55316, 14978, 47343]"
116700,"[75799, 40559, 22485, 79130, 85533, 79713, 83115, 45849, 101847, 38058]"
116701,"[39824, 69432, 16665, 20137, 84465, 77478, 17630, 76730, 33427, 39437]"
116702,"[85816, 70325, 89840, 53928, 61169, 84785, 106683, 36396, 76650, 94175]"
116703,"[52179, 101143, 10006, 3601, 108507, 78830, 26980, 33801, 8617, 59197]"
116704,"[68309, 50404, 34192, 30240, 53301, 14743, 18317, 21423, 91088, 76595]"
116705,"[807, 81056, 69797, 28189, 93146, 31907, 59742, 15070, 83793, 46501]"
116706,"[56959, 9408, 69143, 67183, 95125, 25458, 67291, 57848, 32784, 37223]"
116707,"[19581, 73381, 42133, 76123, 88129, 41573, 80408, 80039, 29508, 11861]"
116708,"[31001, 689, 2438, 67699, 89899, 38871, 59176, 91882, 24518, 27526]"
116709,"[108010, 71755, 4127, 1692, 28678, 105436, 18211, 65261, 6650, 95448]"
116710,"[69167, 105956, 78872, 16236, 22812, 77098, 51248, 51192, 99078, 102225]"
116711,"[100709, 54950, 85266, 57801, 69459, 3915, 98420, 105516, 64244, 49073]"
116712,"[4002, 82062, 90120, 73515, 25746, 49963, 79331, 21154, 4820, 77223]"
116713,"[106626, 14701, 9054, 105052, 36193, 24256, 100887, 104792, 104696, 73739]"
116714,"[20135, 53795, 81955, 18657, 102718, 4941, 109716, 66645, 19054, 58331]"
116715,"[36741, 107180, 60455, 36711, 43736, 16957, 22052, 69841, 64442, 28985]"
116716,"[7412, 20980, 79172, 27465, 86415, 52795, 63574, 83829, 46311, 108450]"
116717,"[84764, 90418, 95104, 40812, 57094, 82580, 31353, 106546, 14446, 57093]"
116718,"[95197, 20902, 87151, 54922, 99767, 38498, 64, 100525, 46586, 64628]"
116719,"[12242, 12478, 54969, 105360, 4222, 89833, 107370, 66314, 67586, 95872]"
116720,"[87855, 92364, 47780, 50700, 82430, 68389, 56434, 92826, 38556, 88054]"
116721,"[106749, 89814, 28596, 73058, 32241, 57124, 64075, 85317, 12713, 54901]"
116722,"[67958, 68062, 80550, 84638, 73611, 28826, 26302, 41367, 86201, 42747]"
116723,"[42750, 14748, 7518, 88636, 59144, 92583, 9197, 85878, 31712, 105281]"
116724,"[57784, 46287, 23866, 74390, 82950, 37793, 15545, 82691, 74259, 55465]"
116725,"[33885, 60428, 86080, 40450, 92533, 2937, 591, 53859, 11136, 1554]"
116726,"[81729, 53242, 81418, 38666, 98598, 2368, 70218, 21168, 75222, 37609]"
116727,"[50522, 49058, 16292, 92912, 86717, 98080, 374, 14837, 5720, 101521]"
116728,"[81231, 95086, 8853, 52634, 95605, 18481, 109437, 31098, 4276, 19366]"
116729,"[102644, 92005, 63381, 70828, 24540, 1014, 95265, 16787, 4529, 72240]"
116730,"[9547, 16581, 7499, 70412, 29771, 30817, 42579, 45737, 8746, 12131]"
116731,"[4068, 61036, 77347, 7074, 44171, 30901, 83749, 75747, 35399, 16479]"
116732,"[109233, 45990, 54327, 90521, 21252, 44178, 66708, 70150, 54240, 98814]"
116733,"[89596, 20822, 81715, 57812, 68426, 84261, 81972, 37551, 23221, 10927]"
116734,"[68996, 84874, 48613, 100735, 68680, 6288, 24954, 5858, 63419, 19456]"
116735,"[35409, 83583, 88133, 106820, 14072, 98168, 103571, 12614, 16664, 91388]"
116736,"[41744, 91544, 38541, 71094, 105553, 41815, 20788, 19475, 90239, 16682]"
116737,"[4189, 76166, 63955, 62388, 25993, 35412, 61799, 99141, 26579, 45230]"
116738,"[86232, 66017, 5739, 12019, 7745, 76363, 43263, 70565, 84670, 20815]"
116739,"[87533, 75436, 42683, 43639, 90698, 80085, 55648, 63639, 54047, 68701]"
116740,"[85047, 66255, 10478, 68940, 42279, 64507, 39130, 11987, 52443, 73455]"
116741,"[3480, 94444, 63028, 21602, 17287, 92612, 22037, 2995, 85176, 90777]"
116742,"[99037, 12845, 47269, 68714, 38848, 102175, 65304, 61452, 59610, 52243]"
116743,"[102388, 28749, 65173, 100799, 12371, 14172, 56302, 27209, 22794, 99091]"
116744,"[52098, 21643, 83111, 80249, 16312, 92768, 107198, 73055, 7585, 61208]"
116745,"[48044, 25636, 28157, 104373, 38051, 19340, 1322, 97683, 84621, 88751]"
116746,"[108151, 65817, 9234, 45614, 1303, 10697, 107145, 16521, 80395, 970]"
116747,"[7263, 89066, 13097, 66268, 35843, 45342, 16615, 25927, 10341, 13745]"
116748,"[83423, 53857, 90555, 26841, 35970, 53871, 34307, 25220, 22882, 4552]"
116749,"[24202, 74632, 26415, 84549, 80909, 37365, 57341, 16057, 53156, 8400]"
116750,"[36908, 97512, 18122, 35830, 25801, 103976, 10821, 34196, 57266, 69013]"
116751,"[2734, 24832, 47673, 4288, 64482, 92403, 49162, 48106, 104963, 96090]"
116752,"[81297, 88658, 85722, 31413, 102897, 50251, 103869, 78593, 25802, 52733]"
116753,"[84143, 89567, 66138, 76018, 3243, 48742, 43514, 39330, 28885, 74227]"
116754,"[20556, 74310, 44817, 80559, 63274, 51611, 59877, 32549, 63756, 48087]"
116755,"[61899, 35654, 33050, 29596, 15165, 80072, 23874, 66772, 107466, 35711]"
116756,"[14424, 103211, 60957, 89450, 73858, 108011, 36211, 24677, 100141, 53414]"
116757,"[62508, 45294, 30842, 29681, 8086, 37713, 79433, 19444, 63855, 64544]"
116758,"[21951, 21739, 55114, 47988, 74444, 66942, 38212, 7497, 33306, 5177]"
116759,"[87409, 13523, 104323, 98195, 59592, 88901, 108526, 85838, 28533, 82425]"
116760,"[63303, 13346, 100916, 98585, 17283, 34447, 49195, 70465, 21735, 45334]"
116761,"[68247, 60345, 90629, 38655, 9460, 1003, 92837, 51128, 3906, 42949]"
116762,"[41153, 85428, 27516, 15597, 85875, 103016, 11137, 79967, 56910, 74155]"
116763,"[76518, 7622, 99356, 21579, 102655, 39860, 43204, 40709, 101501, 45795]"
116764,"[9937, 103679, 62262, 73751, 68291, 35773, 58270, 22746, 95266, 41857]"
116765,"[46299, 76852, 59719, 64008, 23988, 70452, 90523, 2628, 53239, 79890]"
116766,"[6298, 94290, 8226, 65721, 30123, 83245, 35418, 68356, 16449, 28111]"
116767,"[9722, 101821, 30519, 1388, 108179, 88844, 99423, 61996, 12765, 60468]"
116768,"[35560, 26961, 96619, 73327, 86405, 15797, 68592, 73522, 56401, 95994]"
116769,"[45355, 88683, 95212, 50259, 68027, 102714, 47952, 101274, 55054, 59468]"
116770,"[57159, 55202, 70615, 92925, 60176, 82054, 26758, 84941, 36181, 43383]"
116771,"[50643, 58433, 38902, 81888, 63944, 26513, 25339, 60145, 92845, 53786]"
116772,"[18945, 105229, 86538, 17353, 31737, 48707, 107917, 39794, 24749, 78355]"
116773,"[32305, 47403, 5027, 43300, 49660, 20634, 25374, 12446, 40902, 31941]"
116774,"[88188, 24386, 27408, 57946, 84148, 90669, 39308, 108310, 71529, 64126]"
116775,"[104870, 66083, 98051, 103402, 73429, 26352, 6352, 10876, 55686, 31891]"
116776,"[1738, 17797, 53945, 81896, 10853, 9462, 41111, 17262, 21677, 80103]"
116777,"[10428, 69414, 107379, 47625, 942, 16154, 82661, 40759, 19377, 67137]"
116778,"[104084, 98282, 12430, 108005, 21028, 12566, 16342, 60036, 45708, 57837]"
116779,"[68470, 49218, 105046, 87280, 16152, 14867, 101626, 57791, 28168, 78201]"
116780,"[62403, 91638, 99250, 53818, 66082, 53636, 78202, 52855, 96003, 61866]"
116781,"[50964, 103262, 9915, 31958, 39817, 13814, 93826, 103490, 33120, 49546]"
116782,"[44039, 61996, 26257, 105202, 30519, 106537, 68093, 71075, 58844, 99423]"
116783,"[60041, 97955, 63592, 2907, 92091, 95412, 107371, 473, 37463, 23846]"
116784,"[96124, 98392, 45659, 44100, 23443, 49929, 19658, 1994, 52342, 29555]"
116785,"[68519, 75763, 73375, 70825, 99820, 10804, 28838, 19829, 75702, 53659]"
116786,"[95936, 43325, 62838, 28761, 15025, 90776, 87355, 14371, 46891, 39542]"
116787,"[84020, 34204, 31604, 97663, 52403, 35147, 11487, 24416, 93156, 78071]"
116788,"[98808, 100905, 47404, 38940, 105187, 299, 63256, 48119, 89095, 575]"
116789,"[45480, 56687, 54639, 71590, 28986, 108198, 4517, 80793, 86802, 40757]"
116790,"[61006, 47105, 102352, 85207, 103247, 104292, 89356, 2232, 11197, 99610]"
116791,"[59102, 33600, 105127, 54178, 99369, 3939, 105380, 31771, 37882, 64573]"
116792,"[9020, 18524, 99464, 44961, 23522, 913, 83160, 16741, 105600, 102893]"
116793,"[45437, 30008, 5712, 63644, 16161, 84617, 32232, 64641, 73216, 28429]"
116794,"[51560, 37413, 38371, 61500, 63338, 80630, 26630, 63354, 9999, 12736]"
116795,"[58576, 60905, 49957, 38630, 88076, 41678, 25480, 78713, 49032, 59466]"
116796,"[37786, 16498, 35100, 87900, 109372, 71478, 55194, 55603, 21052, 81110]"
116797,"[108288, 69119, 78695, 42885, 39470, 12085, 8180, 52842, 34495, 5376]"
116798,"[67896, 63959, 68962, 83936, 100755, 41552, 84982, 72934, 84842, 91954]"
116799,"[57153, 34605, 68193, 14793, 88244, 11273, 31419, 92009, 66802, 57544]"
116800,"[13590, 6795, 84243, 39297, 102508, 66315, 70207, 4875, 75219, 108199]"
116801,"[66821, 38829, 76934, 60215, 96706, 867, 31007, 30600, 27985, 87052]"
116802,"[91633, 7170, 99732, 99823, 15721, 17097, 79459, 50136, 97754, 90263]"
116803,"[104157, 60152, 4394, 26794, 49206, 57227, 36665, 27562, 93148, 31072]"
116804,"[42446, 62971, 65557, 49488, 38028, 106670, 64536, 27298, 3839, 96753]"
116805,"[94811, 24288, 41166, 70194, 18736, 6783, 95792, 816, 109589, 66295]"
116806,"[1330, 24786, 15843, 41366, 29338, 52474, 90861, 17944, 88067, 40626]"
116807,"[104010, 59602, 89741, 40554, 13915, 102150, 28002, 21283, 66914, 91552]"
116808,"[44285, 96216, 50795, 48533, 70712, 1393, 38600, 17177, 76981, 26129]"
116809,"[95632, 96518, 107624, 24170, 57869, 45609, 6246, 99762, 20025, 97174]"
116810,"[40957, 79563, 78136, 90824, 54419, 91150, 4934, 85471, 55818, 76141]"
116811,"[25178, 74377, 2851, 101802, 68951, 88112, 14620, 102705, 32705, 73945]"
116812,"[83751, 8619, 5617, 32908, 33683, 8355, 68723, 54320, 13541, 89241]"
116813,"[100941, 11148, 58504, 105108, 43552, 21799, 19294, 29538, 83551, 27032]"
116814,"[32509, 56139, 18096, 67283, 43955, 31684, 6248, 108903, 108002, 81081]"
116815,"[2326, 51329, 67259, 5768, 79168, 107059, 70725, 106398, 10624, 49222]"
116816,"[91009, 95437, 108880, 23457, 47418, 18689, 14689, 81161, 38632, 29537]"
116817,"[26779, 59268, 21984, 20595, 55689, 30724, 56829, 59410, 5087, 59555]"
116818,"[29906, 28234, 55535, 24763, 73144, 35439, 81112, 96674, 67888, 11307]"
116819,"[89210, 93980, 22510, 41431, 53363, 37321, 39652, 60854, 27862, 91807]"
116820,"[59845, 8631, 34725, 57072, 95292, 41864, 15600, 69388, 80169, 66991]"
116821,"[74389, 61723, 7593, 12645, 64877, 91315, 32063, 100765, 80391, 47754]"
116822,"[11969, 77761, 96673, 61158, 76683, 77709, 97058, 81510, 27768, 56380]"
116823,"[78605, 80534, 102096, 39047, 38674, 54958, 16011, 13130, 63243, 93457]"
116824,"[70448, 35543, 76002, 35190, 5170, 89621, 85874, 24879, 66552, 4616]"
116825,"[104255, 28116, 109418, 13693, 3605, 11074, 17444, 89826, 20559, 22791]"
116826,"[21149, 45786, 40764, 26007, 85619, 9201, 107803, 99278, 44893, 22952]"
116827,"[72472, 13051, 43860, 7968, 20341, 71122, 20692, 39495, 69886, 107165]"
116828,"[5474, 84157, 103314, 38613, 36723, 15000, 57496, 18622, 53180, 62379]"
116829,"[86490, 76574, 5036, 59571, 23698, 101788, 18837, 108371, 13732, 107488]"
116830,"[79255, 100671, 32639, 21977, 61366, 104646, 40013, 101348, 109347, 38500]"
116831,"[33811, 1664, 12991, 61503, 2039, 30538, 88282, 15006, 51914, 75970]"
116832,"[7435, 33001, 73468, 91099, 109234, 28981, 96085, 73535, 84008, 51350]"
116833,"[72613, 30749, 11830, 24271, 42729, 104299, 44807, 61049, 51565, 44334]"
116834,"[5499, 83799, 66712, 34364, 523, 86909, 15433, 84162, 69256, 47826]"
116835,"[61760, 30606, 20375, 15322, 74630, 61126, 8359, 96995, 90407, 51477]"
116836,"[103773, 96076, 26625, 75503, 81334, 87753, 58187, 21736, 21762, 85699]"
116837,"[103244, 107711, 22993, 21273, 421, 74133, 82597, 79059, 69901, 41210]"
116838,"[11212, 108173, 9224, 53919, 36930, 34332, 106754, 10172, 6676, 98902]"
116839,"[90274, 67027, 69487, 100091, 89138, 49756, 74325, 1811, 102905, 89679]"
116840,"[102777, 65290, 99898, 36202, 30915, 70448, 5170, 76002, 83490, 71162]"
116841,"[66848, 96871, 108355, 29334, 10414, 40609, 29117, 50909, 27067, 67058]"
116842,"[51002, 19570, 54660, 1049, 83938, 47329, 88501, 42445, 23270, 97498]"
116843,"[43354, 30217, 36019, 56424, 105989, 23945, 97670, 36742, 21264, 50214]"
116844,"[78652, 40289, 99111, 57384, 51515, 96430, 8930, 63436, 109341, 55861]"
116845,"[59902, 39661, 9201, 46452, 24866, 82709, 36568, 28179, 67158, 36485]"
116846,"[79367, 34190, 47738, 63589, 54364, 61745, 37680, 27807, 12929, 24403]"
116847,"[109245, 102029, 17467, 19286, 40302, 59202, 52061, 87961, 7090, 95715]"
116848,"[87867, 97263, 86618, 83888, 3383, 21614, 109727, 8527, 27708, 52150]"
116849,"[43984, 13734, 83472, 31825, 8438, 68042, 79395, 54873, 9259, 15011]"
116850,"[66176, 5750, 2411, 66561, 2826, 58684, 79381, 53004, 108920, 8344]"
116851,"[87572, 34718, 102526, 42199, 41641, 2331, 101333, 92314, 83475, 105583]"
116852,"[76945, 10592, 91834, 13702, 62484, 2650, 65777, 53661, 55469, 104540]"
116853,"[59272, 12672, 85911, 33961, 15435, 44643, 38037, 14434, 43729, 104665]"
116854,"[66470, 44132, 104, 22031, 31662, 36582, 7752, 3126, 3510, 6216]"
116855,"[81449, 76445, 36201, 35029, 76406, 79639, 60961, 109686, 86627, 4428]"
116856,"[5943, 30436, 93323, 56795, 65365, 3860, 94866, 42643, 77459, 85541]"
116857,"[45561, 100142, 95444, 1469, 69690, 64978, 81978, 35455, 24650, 57682]"
116858,"[52387, 103589, 63124, 5702, 41145, 2251, 49433, 20496, 69779, 3994]"
116859,"[27398, 105982, 15207, 109325, 79807, 108582, 99603, 85286, 8823, 73605]"
116860,"[91400, 56182, 57530, 50541, 40045, 54993, 44501, 22822, 96956, 76868]"
116861,"[95238, 10092, 72117, 91819, 70389, 7096, 53447, 75319, 50713, 68857]"
116862,"[80255, 42029, 69407, 93091, 94566, 28181, 40596, 41054, 97770, 6383]"
116863,"[56308, 45341, 63657, 63180, 15035, 50614, 48432, 15014, 84538, 66573]"
116864,"[16057, 80909, 85072, 63693, 74632, 28573, 26415, 96768, 101425, 45901]"
116865,"[57028, 9846, 61991, 6501, 15576, 89534, 47524, 15525, 99663, 7370]"
116866,"[49266, 10897, 80163, 80338, 18464, 85252, 39294, 52352, 5883, 103490]"
116867,"[102541, 20289, 80959, 12801, 56472, 81451, 16045, 17027, 74232, 99367]"
116868,"[104980, 45735, 35643, 46515, 48995, 93739, 31565, 39509, 97125, 60137]"
116869,"[64440, 23842, 103161, 20405, 67565, 77960, 5219, 82290, 22468, 108769]"
116870,"[52006, 100604, 69207, 17116, 65998, 105768, 42041, 58904, 63309, 30184]"
116871,"[51150, 32767, 76202, 83538, 41953, 56157, 35239, 94185, 87312, 5191]"
116872,"[51129, 44248, 18575, 37980, 63992, 53734, 64734, 87951, 21920, 16572]"
116873,"[106462, 62090, 51820, 32804, 42498, 2804, 70308, 10622, 92996, 1260]"
116874,"[63209, 33406, 20295, 85655, 97098, 4867, 93405, 10028, 10352, 41621]"
116875,"[103927, 46594, 37421, 104102, 106884, 59379, 48795, 84936, 56281, 54850]"
116876,"[21133, 3561, 3935, 49417, 11182, 28672, 73321, 101638, 47944, 44080]"
116877,"[4332, 28354, 22901, 43976, 35784, 31462, 92220, 23320, 47547, 41739]"
116878,"[12338, 105283, 23838, 14288, 102108, 38153, 17868, 1376, 4042, 66182]"
116879,"[83494, 70982, 51502, 81337, 26100, 27300, 47885, 82558, 63604, 34445]"
116880,"[36938, 9047, 66280, 17698, 6495, 24381, 109717, 53653, 31005, 4409]"
116881,"[7939, 88942, 32694, 19116, 34405, 108451, 90902, 12341, 57734, 67515]"
116882,"[47752, 103926, 61649, 1310, 87636, 65105, 82320, 29374, 41709, 75772]"
116883,"[20103, 46866, 53166, 44170, 87226, 75636, 82106, 72263, 42050, 12825]"
116884,"[67486, 98464, 98094, 3062, 83386, 66719, 27186, 100502, 69417, 25776]"
116885,"[24188, 6642, 55923, 107692, 84219, 60033, 75072, 90245, 99520, 4696]"
116886,"[62984, 15080, 102455, 98941, 93995, 59978, 21057, 33081, 91270, 98193]"
116887,"[49273, 83668, 22821, 74080, 54200, 999, 20404, 5037, 43097, 88391]"
116888,"[92462, 6955, 17979, 105628, 103173, 15315, 43546, 31014, 64963, 108312]"
116889,"[7068, 2175, 54119, 62532, 75140, 71788, 47158, 45229, 98991, 92385]"
116890,"[90473, 9364, 87439, 96325, 14315, 33718, 58532, 69276, 37252, 1989]"
116891,"[70987, 96765, 61984, 1696, 108260, 94470, 36813, 63284, 38927, 83836]"
116892,"[98641, 101162, 39038, 66560, 82528, 68425, 81621, 96581, 52799, 15560]"
116893,"[47638, 16942, 102953, 21639, 87471, 43161, 105511, 70061, 41269, 75007]"
116894,"[107325, 76710, 49183, 97664, 64643, 22797, 106730, 20866, 3809, 107368]"
116895,"[61428, 95208, 66489, 9944, 33618, 81695, 28382, 69003, 68764, 73020]"
116896,"[105557, 13841, 78740, 78480, 92141, 103218, 59035, 3776, 54770, 52099]"
116897,"[27457, 76211, 11115, 45402, 14106, 91586, 13553, 61242, 53451, 12127]"
116898,"[22960, 25083, 27557, 39485, 7197, 54279, 42098, 56642, 32672, 106301]"
116899,"[96487, 29027, 83672, 84807, 9567, 85498, 48847, 103986, 14900, 24592]"
116900,"[104829, 105690, 77989, 1658, 42697, 56301, 82784, 19200, 33671, 79117]"
116901,"[60924, 36554, 20350, 98685, 15353, 42182, 101920, 11826, 31478, 89068]"
116902,"[94080, 15834, 56397, 89576, 92247, 93255, 93259, 98258, 105506, 108780]"
116903,"[90744, 71301, 70329, 22312, 39394, 49064, 71724, 29901, 66843, 41882]"
116904,"[84234, 43489, 8395, 15472, 45097, 30256, 6574, 49339, 27520, 25448]"
116905,"[82151, 48438, 47837, 104359, 98221, 108366, 54034, 51808, 47402, 80095]"
116906,"[82549, 73999, 62304, 42490, 72563, 109452, 98935, 72897, 37847, 16544]"
116907,"[59216, 23864, 96245, 80805, 38789, 75062, 65946, 60783, 46423, 27143]"
116908,"[26285, 108391, 61981, 53541, 75598, 43760, 77092, 12584, 32453, 4342]"
116909,"[33331, 65136, 47502, 39813, 41714, 4904, 92013, 37102, 64462, 17167]"
116910,"[107643, 31670, 29562, 91144, 41556, 56583, 48535, 18157, 105392, 85113]"
116911,"[73721, 88725, 84480, 52910, 8535, 19779, 106191, 83935, 14428, 83060]"
116912,"[8305, 88059, 75552, 91071, 57402, 69096, 78176, 66920, 91072, 46418]"
116913,"[82397, 17983, 44069, 94907, 81082, 60006, 81152, 103382, 67102, 47290]"
116914,"[82652, 18625, 15297, 42236, 6933, 92952, 31940, 29382, 59040, 103970]"
116915,"[52051, 15738, 26435, 60736, 82183, 54830, 88901, 21989, 84516, 15975]"
116916,"[49344, 106603, 19286, 80693, 104150, 90973, 38881, 74217, 72986, 68397]"
116917,"[23163, 87183, 58883, 24930, 30386, 37212, 23118, 39725, 73095, 34899]"
116918,"[76080, 70010, 5664, 25481, 75827, 108012, 72714, 78198, 24982, 20971]"
116919,"[67282, 18404, 28057, 30861, 86681, 17753, 3233, 104522, 48718, 87346]"
116920,"[96794, 52196, 3776, 52372, 50966, 7040, 28832, 59135, 108624, 9867]"
116921,"[24787, 73086, 82012, 84720, 102804, 69776, 80559, 97932, 86723, 75474]"
116922,"[45786, 21149, 68702, 26007, 82059, 107803, 99278, 44893, 40764, 22952]"
116923,"[15985, 54162, 84629, 103143, 28047, 38791, 33952, 103491, 1774, 22208]"
116924,"[48114, 23700, 58303, 47813, 106525, 19883, 36714, 16720, 38201, 67393]"
116925,"[33380, 87703, 40483, 8360, 15621, 21243, 80820, 80656, 61414, 32824]"
116926,"[104411, 13457, 106243, 55525, 46509, 8031, 7075, 4572, 96353, 2918]"
116927,"[23389, 83645, 79099, 106347, 98921, 28794, 77066, 2388, 36559, 105662]"
116928,"[2376, 79828, 9221, 54807, 24864, 100734, 33176, 68005, 66455, 40258]"
116929,"[18748, 10419, 21115, 28677, 82973, 91704, 98110, 94675, 31363, 8545]"
116930,"[90623, 92761, 49302, 70755, 30751, 2441, 55037, 29103, 99494, 28349]"
116931,"[90981, 76333, 34931, 88977, 76056, 84281, 81143, 39462, 40453, 35423]"
116932,"[52755, 85494, 83935, 102885, 442, 10589, 70036, 36805, 90971, 38102]"
116933,"[24265, 55959, 73602, 10896, 93852, 70302, 108918, 66612, 106438, 71165]"
116934,"[74494, 30379, 75158, 98030, 103429, 54216, 104564, 59293, 16937, 10000]"
116935,"[79202, 98972, 85077, 21469, 63547, 55286, 107153, 76046, 50297, 20883]"
116936,"[10546, 5449, 17798, 66965, 37863, 47756, 46652, 72599, 99205, 61044]"
116937,"[22373, 96244, 83279, 64166, 11825, 105290, 32107, 4541, 63666, 1489]"
116938,"[53442, 95918, 2942, 37436, 15411, 43579, 30923, 61124, 98429, 27195]"
116939,"[40355, 71237, 74243, 45438, 3052, 68552, 71726, 65715, 78686, 65254]"
116940,"[8324, 109523, 54224, 92978, 85184, 62085, 68372, 713, 19847, 48974]"
116941,"[24362, 30379, 97935, 93548, 94685, 79270, 53623, 19687, 81020, 55796]"
116942,"[59838, 35472, 59072, 82301, 53630, 43507, 102708, 71017, 48453, 68953]"
116943,"[36856, 58441, 25231, 82687, 106644, 19098, 32414, 78289, 80251, 58402]"
116944,"[103815, 32616, 96340, 18319, 22292, 97797, 37835, 85604, 31461, 75468]"
116945,"[14688, 70902, 60295, 81232, 29045, 27110, 3119, 75060, 97014, 106096]"
116946,"[31930, 105501, 13625, 68820, 76783, 94846, 31220, 62309, 85297, 64048]"
116947,"[5447, 92835, 90354, 67407, 75024, 87576, 609, 101353, 18332, 2297]"
116948,"[104601, 61300, 16651, 91454, 7213, 15922, 81640, 6895, 47312, 11719]"
116949,"[106950, 1708, 32530, 24171, 95091, 3777, 4657, 21933, 29635, 101278]"
116950,"[38140, 58458, 77263, 109694, 105114, 50309, 39678, 48740, 53569, 90609]"
116951,"[18282, 79904, 13376, 80620, 66413, 101071, 47550, 102110, 106672, 59196]"
116952,"[14235, 7206, 106927, 52158, 58192, 68163, 77873, 77252, 65853, 6416]"
116953,"[103967, 67124, 57439, 104785, 53839, 12531, 90176, 84662, 94312, 57406]"
116954,"[97097, 35909, 95790, 85352, 84320, 8923, 58159, 60184, 100238, 68614]"
116955,"[82870, 94471, 80922, 53099, 56331, 5119, 105674, 28855, 51480, 35651]"
116956,"[100834, 23496, 40156, 93881, 53505, 31811, 58819, 55766, 31815, 5986]"
116957,"[84700, 91677, 104842, 93090, 51691, 49736, 2682, 98589, 41780, 20667]"
116958,"[66654, 11707, 83089, 46983, 58483, 41820, 7609, 68100, 106452, 14291]"
116959,"[1448, 96046, 37116, 14123, 87493, 46185, 13763, 48163, 34454, 58336]"
116960,"[49580, 90692, 29378, 9911, 74093, 92758, 106796, 49688, 76191, 74513]"
116961,"[6581, 73233, 53728, 24108, 4406, 1476, 28052, 72721, 30144, 70949]"
116962,"[95568, 36973, 17956, 46342, 62696, 53336, 73954, 4606, 107012, 80778]"
116963,"[38424, 104799, 90763, 91152, 55484, 96781, 54409, 72127, 87682, 56750]"
116964,"[47084, 47584, 22622, 37168, 86784, 57489, 40264, 34173, 50520, 45768]"
116965,"[69352, 62026, 64573, 27070, 30058, 102146, 70555, 69003, 68764, 73765]"
116966,"[54717, 70755, 60135, 45049, 82253, 71095, 90623, 21627, 33731, 92761]"
116967,"[52122, 48081, 45341, 76013, 105293, 12314, 84538, 63657, 45260, 4516]"
116968,"[88116, 13849, 91550, 32245, 74943, 68050, 36357, 86390, 47259, 94303]"
116969,"[79657, 31477, 33504, 9258, 56765, 76877, 4822, 87486, 95538, 60515]"
116970,"[60935, 83352, 36328, 87584, 5579, 84226, 59686, 99858, 81575, 21239]"
116971,"[61831, 57009, 40703, 36352, 16861, 41312, 39146, 94354, 2558, 51457]"
116972,"[83141, 2695, 106729, 30917, 22008, 26183, 81629, 73610, 70575, 22053]"
116973,"[79474, 5184, 100666, 93158, 87065, 68541, 89970, 72090, 17475, 50718]"
116974,"[87219, 90526, 30107, 94665, 79834, 61161, 16695, 42975, 82323, 97020]"
116975,"[10394, 18161, 90097, 36703, 73627, 96038, 104822, 106756, 106223, 105391]"
116976,"[104199, 54157, 7313, 21953, 67081, 71981, 44525, 90519, 74485, 99118]"
116977,"[21358, 1353, 46093, 85733, 23653, 95751, 58948, 57086, 57491, 41564]"
116978,"[85836, 51585, 4873, 73451, 78993, 882, 68652, 18062, 7715, 17565]"
116979,"[75987, 23975, 104784, 14827, 108659, 50214, 66248, 30560, 36894, 87899]"
116980,"[82191, 71260, 12988, 22241, 5800, 29002, 56668, 29222, 90085, 41855]"
116981,"[80130, 97554, 2765, 68302, 13112, 64320, 1270, 83481, 55931, 99125]"
116982,"[66769, 46734, 77378, 29702, 26282, 70275, 21702, 50903, 25992, 29488]"
116983,"[98134, 50155, 18223, 69585, 18070, 178, 27358, 82686, 74929, 40763]"
116984,"[87112, 25300, 33970, 30898, 98684, 91385, 7043, 53276, 58365, 102452]"
116985,"[58422, 101899, 60257, 35623, 25063, 85644, 6521, 20804, 74866, 100614]"
116986,"[87824, 41046, 22476, 37414, 34039, 81033, 33990, 16112, 105630, 95318]"
116987,"[108542, 59109, 73312, 12050, 22549, 46169, 12446, 29171, 26466, 96934]"
116988,"[20810, 63343, 28608, 54804, 51412, 58631, 50841, 76278, 52794, 15938]"
116989,"[55719, 74197, 50653, 36775, 38029, 7108, 90868, 58335, 59835, 90330]"
116990,"[83380, 28011, 97764, 106163, 56027, 56680, 4168, 63790, 108480, 96914]"
116991,"[97892, 78494, 85332, 67278, 80279, 30692, 31960, 96050, 98996, 60192]"
116992,"[284, 62291, 96735, 40539, 75114, 43374, 57154, 103254, 108930, 17972]"
116993,"[70399, 109380, 28272, 74370, 46755, 70642, 8201, 67707, 16973, 96789]"
116994,"[45212, 61527, 7490, 106575, 13542, 53100, 76918, 16712, 18175, 68377]"
116995,"[24442, 48020, 2788, 47318, 46967, 42061, 84920, 5865, 109041, 34343]"
116996,"[42607, 2235, 59648, 12766, 64100, 14109, 108402, 21387, 94862, 9250]"
116997,"[1420, 95063, 30812, 62372, 79434, 62785, 30244, 58632, 11999, 78422]"
116998,"[65944, 25726, 97926, 18676, 44144, 11465, 24213, 3186, 42333, 61056]"
116999,"[28772, 69294, 40478, 37272, 16048, 90829, 10958, 93698, 82991, 30374]"
117000,"[55724, 5740, 48271, 66932, 26112, 20450, 23124, 24034, 97331, 48258]"
117001,"[18414, 29665, 54387, 101169, 8724, 106544, 89936, 37743, 10980, 26275]"
117002,"[88585, 7075, 87812, 101445, 2918, 54376, 57547, 9581, 2318, 92164]"
117003,"[58165, 87569, 58099, 18692, 9573, 58160, 1423, 101665, 82565, 52979]"
117004,"[82665, 19171, 8776, 74243, 76772, 6024, 108225, 83135, 40821, 100194]"
117005,"[2091, 41866, 84374, 61983, 34600, 97348, 88676, 2159, 101876, 89584]"
117006,"[33294, 824, 54341, 36449, 77837, 78036, 40428, 50142, 40729, 10743]"
117007,"[10196, 105547, 46816, 52318, 30416, 109434, 89519, 72147, 75309, 38325]"
117008,"[102927, 94060, 10856, 93835, 69591, 36226, 60681, 89618, 38919, 3602]"
117009,"[7981, 54581, 64414, 36506, 41768, 31191, 21400, 74185, 41231, 63427]"
117010,"[51353, 51305, 78475, 65901, 109597, 89097, 45910, 86306, 108908, 96123]"
117011,"[29168, 63509, 59397, 77072, 107764, 101539, 94029, 6794, 57357, 44645]"
117012,"[68331, 44260, 12587, 12600, 12713, 73058, 32241, 72093, 42150, 40212]"
117013,"[5783, 55248, 69359, 28079, 70569, 67508, 47711, 51172, 6929, 95225]"
117014,"[30528, 81467, 71948, 43269, 5856, 87364, 81937, 35196, 44576, 104409]"
117015,"[71208, 87655, 36727, 89244, 31532, 95821, 55142, 46047, 60243, 2958]"
117016,"[75874, 78842, 101456, 108059, 96302, 46557, 38052, 88350, 106970, 12747]"
117017,"[92230, 58307, 21891, 58689, 108635, 16632, 20811, 42855, 89452, 16870]"
117018,"[37420, 34618, 18549, 104163, 82880, 25371, 70525, 55523, 96831, 47410]"
117019,"[71410, 51497, 19848, 80569, 41459, 69720, 20563, 93884, 12872, 77662]"
117020,"[43376, 57936, 77301, 52376, 6889, 79648, 33663, 46828, 87430, 36620]"
117021,"[69691, 50294, 44941, 52893, 108461, 27597, 20173, 70859, 82226, 61101]"
117022,"[98216, 58524, 105545, 47748, 98425, 102802, 9784, 53812, 33132, 10916]"
117023,"[86431, 61441, 5579, 77328, 9199, 84536, 36328, 91129, 19993, 21239]"
117024,"[38080, 96587, 66060, 67222, 76756, 9918, 87168, 103728, 46506, 88664]"
117025,"[22883, 97562, 95207, 77339, 106017, 58743, 19693, 94591, 74672, 107687]"
117026,"[44932, 50663, 79448, 82226, 61101, 7733, 63268, 54820, 13409, 83442]"
117027,"[69845, 85666, 55988, 46732, 102464, 101487, 107298, 15877, 75335, 29526]"
117028,"[94971, 75132, 81102, 11597, 33614, 66515, 29258, 82731, 42212, 64189]"
117029,"[77006, 37505, 92006, 13662, 26199, 92812, 87648, 9096, 47556, 9820]"
117030,"[83147, 75655, 95767, 76606, 45946, 29390, 30326, 66399, 36178, 85861]"
117031,"[107579, 92393, 95395, 84581, 78852, 103987, 37687, 67022, 73691, 21582]"
117032,"[72100, 52364, 87670, 57393, 37713, 34550, 71961, 87522, 53873, 49640]"
117033,"[107917, 33588, 48289, 55278, 52247, 47090, 6784, 77553, 28209, 83123]"
117034,"[89500, 29912, 9814, 286, 55940, 65919, 8475, 87914, 36223, 38845]"
117035,"[9933, 99292, 68456, 39920, 28290, 78911, 101787, 5941, 36529, 8555]"
117036,"[48983, 13059, 57026, 87591, 39663, 19988, 72616, 33444, 18049, 97985]"
117037,"[54569, 27624, 6219, 62884, 90116, 87097, 4887, 44461, 48971, 3934]"
117038,"[22451, 68898, 10214, 15358, 71062, 88781, 12370, 76266, 32772, 44519]"
117039,"[19848, 5313, 17698, 72325, 11018, 84919, 6178, 21679, 44313, 105558]"
117040,"[27080, 44155, 43784, 102819, 22978, 27845, 85195, 24631, 73187, 56330]"
117041,"[52016, 27069, 34295, 96829, 77401, 88387, 84112, 37679, 27384, 11389]"
117042,"[42600, 38179, 96747, 81816, 48562, 51461, 90759, 108834, 73642, 100702]"
117043,"[30599, 57570, 2671, 53202, 83029, 71766, 46578, 16278, 39380, 82037]"
117044,"[74802, 74848, 103455, 48715, 19250, 49843, 16265, 106273, 72919, 38321]"
117045,"[5538, 81189, 91423, 6093, 38956, 30404, 9790, 22032, 12486, 21133]"
117046,"[42852, 15691, 5962, 16412, 16755, 32391, 5880, 83732, 5215, 107665]"
117047,"[1995, 37468, 36393, 76020, 9770, 70018, 56319, 32403, 99448, 100334]"
117048,"[45878, 55939, 58834, 25578, 102054, 85157, 104471, 85743, 27977, 57243]"
117049,"[66944, 98079, 25156, 41970, 43388, 107538, 76841, 71262, 43146, 105611]"
117050,"[85501, 80146, 50174, 49782, 30681, 17614, 49283, 24744, 64735, 101643]"
117051,"[14856, 68535, 71179, 16658, 88008, 22745, 47779, 21596, 22568, 92402]"
117052,"[71291, 39939, 83643, 69323, 98634, 50105, 95454, 42545, 70717, 30787]"
117053,"[169, 91151, 47228, 31937, 11297, 104560, 30613, 61695, 39819, 49896]"
117054,"[53971, 109668, 21144, 79746, 95670, 21159, 28101, 88653, 17161, 50058]"
117055,"[72481, 78537, 61290, 3381, 40869, 34620, 85104, 33755, 40967, 11782]"
117056,"[14220, 75305, 74656, 18034, 93717, 30330, 58321, 51425, 62787, 3697]"
117057,"[69175, 50941, 75044, 71577, 67675, 54950, 101625, 104454, 91947, 69936]"
117058,"[65191, 92019, 35508, 45454, 13914, 29834, 96580, 10955, 80173, 30042]"
117059,"[18032, 40700, 99896, 73508, 75051, 102614, 86964, 98075, 29274, 64389]"
117060,"[61909, 52754, 59932, 83844, 87411, 36216, 69588, 8876, 30729, 36526]"
117061,"[49361, 55622, 101600, 76524, 73105, 8059, 101316, 27240, 80701, 78375]"
117062,"[432, 106331, 26906, 53306, 75726, 37241, 105068, 44589, 75186, 31672]"
117063,"[26627, 24372, 8402, 108563, 83993, 9203, 101038, 100932, 83814, 32763]"
117064,"[63367, 35149, 27370, 37974, 107762, 79347, 76363, 45999, 38558, 59448]"
117065,"[11291, 2008, 11451, 96404, 56925, 100503, 105694, 75712, 92327, 47461]"
117066,"[10398, 32349, 107406, 62989, 9429, 71488, 59720, 78880, 47514, 13135]"
117067,"[109703, 9256, 7692, 10959, 221, 106885, 58071, 95263, 108270, 55617]"
117068,"[66231, 62629, 93022, 92260, 33519, 70201, 75850, 31865, 109028, 56589]"
117069,"[79356, 5302, 66269, 73069, 88217, 70177, 60096, 108352, 49048, 20870]"
117070,"[58730, 70343, 95150, 62880, 94895, 45676, 31508, 91141, 67901, 55557]"
117071,"[131, 91350, 10956, 80686, 67694, 9110, 33968, 12812, 69353, 37778]"
117072,"[56532, 33300, 50495, 31908, 85615, 76251, 10740, 69289, 57111, 74001]"
117073,"[73273, 33476, 79830, 9018, 104652, 96916, 89591, 48840, 39205, 99129]"
117074,"[88431, 32685, 54375, 64247, 95170, 84012, 108527, 107205, 6241, 49528]"
117075,"[24056, 11997, 51889, 5747, 99303, 82576, 68066, 73573, 57058, 96045]"
117076,"[81308, 44862, 21716, 68988, 107455, 28929, 23679, 98058, 22147, 34097]"
117077,"[66916, 98462, 75477, 104690, 27440, 87658, 5976, 47135, 71478, 55194]"
117078,"[55425, 2300, 59804, 1239, 99263, 91570, 68235, 75276, 43167, 17033]"
117079,"[58005, 93661, 81356, 104874, 12756, 20015, 44024, 24506, 45882, 22346]"
117080,"[21991, 107469, 67905, 94353, 66171, 103460, 101700, 11049, 37848, 78409]"
117081,"[96112, 36053, 67460, 96032, 7234, 33779, 35401, 56964, 53274, 50776]"
117082,"[109585, 15393, 96755, 17896, 40562, 38526, 64320, 90989, 37378, 97903]"
117083,"[69664, 105891, 81708, 70358, 87365, 102817, 44648, 38507, 52383, 51538]"
117084,"[64667, 35485, 88778, 82101, 14929, 66997, 56359, 31125, 16427, 109026]"
117085,"[11030, 72086, 84950, 99306, 93730, 24252, 23330, 90493, 98444, 102417]"
117086,"[91458, 99527, 19449, 21692, 28261, 8674, 25319, 80099, 47500, 46367]"
117087,"[65880, 65028, 2721, 65279, 18727, 77255, 29287, 71996, 86346, 76592]"
117088,"[48539, 16757, 103101, 56895, 106424, 78113, 15310, 3133, 67827, 64334]"
117089,"[60138, 62633, 10741, 28828, 89817, 84237, 87621, 13637, 47425, 91691]"
117090,"[41954, 51873, 107619, 96595, 64242, 32535, 59479, 13875, 58342, 15299]"
117091,"[32082, 9482, 62842, 77487, 100461, 43756, 28787, 96859, 17965, 71261]"
117092,"[94722, 80346, 103023, 38106, 36737, 20164, 100014, 85785, 34075, 61920]"
117093,"[67462, 64294, 89365, 76353, 64453, 21448, 31862, 56081, 57339, 56217]"
117094,"[777, 18250, 7873, 76554, 52012, 42808, 66280, 84919, 6178, 50762]"
117095,"[49532, 67887, 13001, 58839, 101987, 28977, 97997, 20379, 107534, 34327]"
117096,"[48600, 107260, 29241, 56266, 52755, 69333, 42390, 50952, 64169, 47653]"
117097,"[94500, 69781, 91011, 86724, 86121, 69293, 15804, 12264, 52641, 109221]"
117098,"[79836, 94478, 28239, 76397, 94978, 77994, 21928, 59220, 93354, 27551]"
117099,"[30279, 59600, 87820, 40763, 90734, 87973, 61758, 83655, 82686, 15110]"
117100,"[97231, 19805, 88854, 2118, 28200, 57543, 84271, 102938, 2877, 91116]"
117101,"[34591, 56726, 35769, 19242, 29442, 24633, 90741, 34186, 62051, 31923]"
117102,"[77072, 2501, 59397, 17222, 104156, 63509, 49396, 50466, 37928, 80986]"
117103,"[45010, 6596, 103711, 81812, 96287, 61511, 30043, 7712, 97762, 57689]"
117104,"[47859, 74087, 59667, 1644, 36699, 32577, 101270, 87072, 73220, 3922]"
117105,"[67964, 33008, 79725, 86133, 82271, 1476, 50508, 2477, 19871, 79735]"
117106,"[54754, 61615, 26504, 56495, 104434, 76492, 100911, 94588, 68645, 21076]"
117107,"[9417, 19651, 93423, 7285, 30641, 75515, 66674, 2251, 103589, 80076]"
117108,"[87183, 101069, 60220, 53974, 39387, 84325, 23118, 73095, 51616, 39725]"
117109,"[12736, 109710, 98925, 108648, 60525, 67143, 47336, 75545, 33087, 62470]"
117110,"[23660, 65384, 50721, 55267, 24806, 40238, 11156, 36707, 88295, 1105]"
117111,"[92607, 108633, 32637, 26859, 22457, 84291, 52850, 109162, 24760, 9503]"
117112,"[76244, 58243, 51745, 6734, 82514, 92356, 14102, 75327, 15965, 24234]"
117113,"[55653, 62611, 31378, 28121, 10921, 65295, 50383, 74597, 44967, 29628]"
117114,"[108132, 33181, 74757, 55250, 93502, 94481, 68025, 28021, 97151, 102625]"
117115,"[4486, 21021, 1336, 100939, 29154, 34111, 24892, 9204, 44164, 45523]"
117116,"[108128, 12329, 20416, 92174, 13899, 65982, 42843, 65639, 61928, 52885]"
117117,"[71314, 95884, 100781, 13583, 43573, 9893, 21577, 68815, 107026, 93771]"
117118,"[95962, 92633, 92816, 84113, 101802, 9105, 2591, 58210, 48693, 95609]"
117119,"[64750, 83115, 45849, 107181, 41295, 6267, 80415, 104095, 20991, 34967]"
117120,"[108148, 34051, 10276, 14668, 26412, 11836, 87094, 30637, 16654, 71813]"
117121,"[74392, 8908, 104990, 99128, 50969, 49735, 57938, 70099, 13107, 24427]"
117122,"[105917, 85783, 60129, 16791, 26027, 108266, 10812, 50770, 107483, 100516]"
117123,"[21292, 88356, 12653, 5422, 17411, 13701, 74554, 6817, 57822, 69786]"
117124,"[103507, 59992, 5480, 75424, 89021, 11071, 101467, 10673, 23259, 9763]"
117125,"[1369, 35894, 23444, 29151, 2845, 57347, 75145, 44745, 28645, 93719]"
117126,"[4368, 15469, 57637, 93275, 50846, 21100, 9899, 47923, 83332, 63138]"
117127,"[29711, 40976, 59860, 15551, 100106, 28755, 36720, 72057, 28927, 6009]"
117128,"[27082, 89695, 62047, 98257, 7903, 78502, 81581, 2067, 54199, 95114]"
117129,"[3074, 86102, 22127, 16021, 57133, 17328, 108539, 49865, 47289, 35928]"
117130,"[84724, 25755, 88300, 502, 81204, 60068, 32194, 31104, 22842, 35686]"
117131,"[103492, 94963, 41910, 33341, 53112, 45902, 5782, 64796, 12258, 84415]"
117132,"[49753, 41051, 99158, 86053, 46768, 30452, 70589, 59639, 18902, 86374]"
117133,"[72828, 97971, 30588, 74984, 40563, 96297, 106752, 75020, 95485, 65524]"
117134,"[48741, 88873, 68769, 68476, 34643, 41080, 11421, 102227, 55914, 50219]"
117135,"[58656, 3490, 74236, 41343, 29796, 33904, 49998, 101358, 30072, 34427]"
117136,"[64912, 25724, 17804, 20154, 22913, 30453, 4614, 76299, 105499, 101495]"
117137,"[95216, 43288, 37055, 25179, 57747, 106198, 80245, 51807, 103007, 78439]"
117138,"[13372, 95209, 26522, 67871, 46840, 108496, 103797, 87465, 99189, 107027]"
117139,"[63056, 75, 94819, 63937, 63914, 92527, 32466, 23022, 67455, 44738]"
117140,"[89637, 79200, 60119, 18372, 11773, 21045, 98088, 15904, 36099, 93480]"
117141,"[106397, 38807, 41850, 83512, 6328, 75286, 67988, 8726, 61668, 69443]"
117142,"[24653, 28898, 70109, 106693, 14683, 64074, 3532, 41719, 70365, 42576]"
117143,"[100934, 79355, 5103, 1733, 68653, 71694, 916, 95789, 95953, 78154]"
117144,"[49909, 90303, 106941, 19737, 29021, 11306, 14808, 47743, 61396, 63460]"
117145,"[38694, 101443, 81511, 57706, 31536, 56414, 51563, 36589, 4467, 41734]"
117146,"[46166, 60023, 61636, 56990, 26057, 90196, 23154, 68599, 100455, 63438]"
117147,"[64629, 82157, 106886, 84782, 58044, 55310, 84768, 5484, 109033, 57851]"
117148,"[85055, 37486, 84756, 65635, 49682, 44284, 90464, 97203, 53953, 9612]"
117149,"[63161, 7797, 48236, 30119, 33223, 16054, 71896, 15827, 48804, 73822]"
117150,"[94081, 22797, 107368, 74499, 631, 92856, 96972, 51690, 89640, 49306]"
117151,"[27198, 18058, 69099, 27259, 58755, 2876, 65301, 6327, 85947, 41657]"
117152,"[94270, 35333, 39648, 41042, 30145, 49278, 42970, 103726, 36157, 550]"
117153,"[93426, 6147, 667, 64138, 43072, 67466, 4534, 31132, 39360, 78843]"
117154,"[86827, 34630, 27002, 55677, 108111, 12318, 85723, 44866, 58548, 55831]"
117155,"[71896, 63161, 7797, 13309, 89357, 71257, 104651, 48236, 33223, 30119]"
117156,"[66374, 13764, 47054, 61585, 3530, 9155, 6992, 26731, 53283, 59636]"
117157,"[43682, 18987, 17102, 99363, 78577, 107543, 39706, 11105, 7576, 107648]"
117158,"[51947, 48048, 59656, 47462, 33868, 79535, 4755, 19343, 41915, 73775]"
117159,"[93517, 55241, 82655, 31229, 19593, 62267, 97022, 47040, 100548, 33385]"
117160,"[30476, 72671, 60934, 27866, 6031, 43477, 87282, 18345, 64386, 9777]"
117161,"[7995, 44485, 81978, 23505, 12195, 6382, 69690, 89072, 64978, 95444]"
117162,"[15760, 2613, 76952, 74991, 7144, 74087, 59667, 20600, 94614, 10323]"
117163,"[2123, 86552, 82873, 88317, 90597, 32909, 15567, 93291, 74157, 61034]"
117164,"[71608, 41560, 30962, 34212, 86419, 53394, 42240, 18949, 100295, 69635]"
117165,"[7296, 49053, 11596, 74686, 23637, 102327, 31411, 17229, 42812, 89459]"
117166,"[61424, 49665, 56156, 45232, 4939, 105049, 663, 79297, 5288, 87946]"
117167,"[92407, 43533, 77702, 46914, 100415, 46844, 39280, 79685, 57385, 7057]"
117168,"[9937, 4022, 41335, 37432, 86600, 75457, 63077, 4053, 74712, 97089]"
117169,"[19478, 44541, 5174, 81551, 20675, 55916, 87583, 97088, 66152, 20562]"
117170,"[62701, 62207, 32060, 11299, 52572, 91360, 99938, 109511, 9194, 31261]"
117171,"[109739, 79203, 26894, 72272, 107332, 10459, 56752, 51024, 79562, 22985]"
117172,"[35840, 36629, 62480, 33220, 84528, 98792, 62158, 48025, 88203, 16551]"
117173,"[93194, 16780, 97102, 79531, 42366, 30670, 6159, 15817, 13214, 52906]"
117174,"[51638, 101503, 23366, 53368, 70896, 79582, 51942, 46330, 76762, 10751]"
117175,"[20749, 23090, 32140, 76772, 48015, 81106, 731, 46120, 67303, 49561]"
117176,"[42955, 12913, 63730, 19519, 22954, 48191, 87339, 18745, 99441, 88656]"
117177,"[85697, 68228, 104498, 768, 13009, 27571, 78410, 61719, 31183, 10753]"
117178,"[41993, 37076, 71576, 17464, 59426, 93604, 31700, 35783, 85199, 1221]"
117179,"[77199, 95558, 12038, 107997, 6921, 97513, 20905, 94481, 22127, 26647]"
117180,"[73420, 19361, 105866, 35165, 107470, 84660, 4397, 28001, 13057, 54974]"
117181,"[36081, 53860, 26553, 66262, 31587, 27390, 91010, 37294, 56606, 25165]"
117182,"[12947, 66692, 44655, 53258, 28279, 73645, 36163, 5075, 102951, 74650]"
117183,"[37196, 96431, 64196, 90511, 98495, 14087, 5667, 93228, 14868, 9469]"
117184,"[33410, 96690, 72433, 67313, 85817, 101805, 98824, 14669, 33977, 103450]"
117185,"[39, 12756, 41556, 107643, 51920, 57579, 41007, 67060, 36359, 51503]"
117186,"[57651, 91201, 69805, 76847, 45730, 104160, 41142, 58278, 11965, 98268]"
117187,"[31441, 76062, 62982, 91944, 59393, 36353, 51656, 108287, 34565, 1042]"
117188,"[68453, 66185, 76873, 28946, 30906, 99840, 25621, 48763, 41816, 80964]"
117189,"[33596, 47650, 101830, 29670, 7496, 16454, 93065, 4219, 69141, 21270]"
117190,"[56469, 20086, 51335, 44976, 89074, 106531, 100318, 57699, 14033, 48087]"
117191,"[74791, 104119, 27691, 105644, 109128, 9932, 108158, 5558, 81185, 27304]"
117192,"[23031, 419, 5448, 90098, 87110, 8540, 98326, 63563, 107268, 68327]"
117193,"[80359, 32962, 9802, 72908, 31883, 12093, 93066, 53115, 85327, 67724]"
117194,"[49263, 75515, 65935, 104279, 86385, 103416, 2251, 20496, 32943, 80788]"
117195,"[97205, 35198, 70639, 14568, 19198, 27369, 40125, 12141, 69867, 81088]"
117196,"[101110, 87863, 14671, 40700, 91898, 72200, 109419, 61656, 95112, 35496]"
117197,"[62734, 33537, 96689, 76106, 83408, 24200, 27589, 95429, 38322, 40886]"
117198,"[5129, 15917, 3162, 33312, 11280, 76951, 9749, 19778, 7475, 87496]"
117199,"[52415, 44052, 35281, 28592, 32680, 107104, 106363, 69696, 58992, 39247]"
117200,"[77010, 48066, 6634, 80846, 75494, 41829, 31770, 18764, 6132, 23101]"
117201,"[52949, 31060, 62227, 51370, 62857, 98770, 32404, 56935, 5445, 32052]"
117202,"[93655, 25630, 23119, 55457, 67684, 64158, 42485, 54582, 89074, 79500]"
117203,"[95673, 92416, 21915, 88180, 103053, 95697, 83588, 46114, 20313, 81105]"
117204,"[48040, 85071, 11498, 92038, 108739, 69451, 96291, 80182, 75609, 33169]"
117205,"[77840, 65078, 67598, 2769, 109114, 46216, 2912, 68476, 34643, 41080]"
117206,"[93814, 13504, 107740, 92903, 79005, 94643, 10711, 61491, 23674, 93333]"
117207,"[90849, 80333, 91972, 29731, 54659, 67218, 79519, 33627, 31369, 33560]"
117208,"[26797, 1819, 109605, 89662, 45919, 4899, 97278, 86122, 19138, 36080]"
117209,"[8177, 24559, 83248, 59556, 106693, 64074, 89187, 14371, 103779, 85829]"
117210,"[72826, 90894, 36747, 12745, 34964, 63079, 104995, 15944, 90402, 6696]"
117211,"[106555, 106861, 52057, 15294, 39845, 48850, 86698, 51204, 99463, 73509]"
117212,"[67853, 3536, 67475, 70535, 9183, 246, 39735, 19890, 43163, 103008]"
117213,"[103704, 76391, 19027, 70346, 46193, 7426, 78493, 103166, 96196, 79762]"
117214,"[77802, 56368, 87573, 3573, 43696, 13638, 35195, 102758, 25274, 60798]"
117215,"[32960, 109326, 80570, 66154, 5634, 4244, 64455, 4134, 59696, 108171]"
117216,"[61882, 51060, 23664, 42437, 87359, 55458, 64718, 14385, 107092, 80984]"
117217,"[35000, 70846, 83644, 35944, 91269, 93396, 13665, 83154, 103252, 9184]"
117218,"[66837, 8118, 61895, 100715, 3083, 12881, 76061, 84929, 84063, 38641]"
117219,"[90153, 90137, 67486, 51261, 29399, 83386, 98464, 83159, 60993, 3062]"
117220,"[70809, 62759, 80538, 84110, 18498, 75631, 31896, 13675, 109651, 49034]"
117221,"[55933, 2247, 27269, 35185, 109451, 13432, 74028, 39561, 77778, 8162]"
117222,"[22170, 101183, 29508, 74764, 26361, 76123, 9755, 62045, 19581, 73381]"
117223,"[98307, 99740, 43228, 81663, 101570, 24166, 20223, 26573, 90046, 10962]"
117224,"[13519, 57293, 67326, 3077, 5183, 51620, 5384, 13774, 93432, 54937]"
117225,"[13375, 67924, 40722, 82420, 54085, 92235, 66694, 28300, 5244, 38314]"
117226,"[63536, 96809, 89296, 94171, 66467, 26217, 2725, 69411, 31636, 89163]"
117227,"[86291, 79079, 76369, 11661, 95757, 57422, 21070, 33185, 18932, 79030]"
117228,"[68711, 27540, 15446, 45461, 11882, 93263, 8206, 105211, 61273, 19984]"
117229,"[46723, 36064, 78065, 35937, 100961, 77060, 56044, 98864, 76393, 17658]"
117230,"[68517, 89191, 90274, 12644, 86030, 4639, 40060, 74325, 80689, 30486]"
117231,"[24036, 41548, 19733, 108813, 51950, 25747, 26156, 83226, 7329, 28724]"
117232,"[62544, 28053, 2236, 3696, 100406, 85793, 56029, 44227, 10296, 49293]"
117233,"[37853, 107009, 49759, 86297, 35584, 16815, 16619, 8143, 49225, 94269]"
117234,"[62665, 86512, 68296, 51934, 106595, 83333, 80644, 10581, 104878, 49118]"
117235,"[109744, 60653, 23695, 32547, 39101, 87758, 26397, 38327, 107573, 31526]"
117236,"[45139, 74013, 102423, 32112, 53377, 18371, 81249, 27014, 94823, 28148]"
117237,"[68797, 69941, 104542, 86071, 54696, 76855, 32033, 41813, 97344, 64521]"
117238,"[73502, 69847, 53924, 44250, 103692, 98513, 56737, 108633, 62691, 76898]"
117239,"[3264, 91472, 40322, 92602, 71715, 37912, 58036, 81036, 33826, 23047]"
117240,"[5958, 69381, 101179, 4216, 101407, 108776, 29153, 19554, 95225, 44414]"
117241,"[74381, 8197, 95834, 65912, 22365, 35947, 37471, 17779, 40023, 63972]"
117242,"[75451, 20535, 104983, 103525, 70621, 39233, 95194, 4949, 10201, 67645]"
117243,"[89652, 31757, 4418, 1093, 61242, 46933, 24743, 59590, 77119, 2238]"
117244,"[7011, 53664, 40732, 56550, 13112, 16826, 1270, 80130, 97554, 83481]"
117245,"[14627, 61001, 17374, 107581, 42819, 87377, 105923, 21230, 79446, 11365]"
117246,"[85911, 57872, 78956, 71088, 97640, 59272, 32877, 6587, 44643, 38037]"
117247,"[56091, 31078, 35387, 78662, 63740, 41806, 3185, 22884, 41809, 56701]"
117248,"[6120, 46202, 1351, 85083, 93192, 21025, 48508, 75350, 44843, 69312]"
117249,"[63798, 87794, 82442, 13996, 101357, 93263, 67808, 66808, 33021, 63216]"
117250,"[72147, 76590, 28642, 2367, 109349, 54751, 58530, 88933, 77205, 39386]"
117251,"[88042, 35950, 68440, 109729, 76929, 29527, 17519, 5471, 89537, 58053]"
117252,"[1116, 5941, 67792, 32916, 93980, 14149, 47668, 84310, 14103, 85391]"
117253,"[61862, 64109, 19782, 16214, 25964, 89046, 45103, 51474, 18804, 83014]"
117254,"[105679, 11167, 67339, 10407, 63388, 106762, 48886, 85527, 63991, 79048]"
117255,"[102246, 43509, 1670, 29480, 53232, 32991, 53052, 88283, 103863, 42878]"
117256,"[15015, 101373, 27802, 11448, 13037, 100817, 39030, 57542, 103044, 98906]"
117257,"[55950, 63294, 4914, 82781, 38710, 99308, 3891, 47117, 55375, 104088]"
117258,"[74436, 62406, 77000, 81528, 72585, 23439, 50185, 99461, 95485, 47057]"
117259,"[105130, 33593, 34896, 39089, 33598, 86911, 54746, 104045, 75773, 106227]"
117260,"[24042, 42577, 15243, 43670, 14345, 12687, 57814, 36131, 8949, 84544]"
117261,"[89081, 44580, 83257, 102949, 55573, 36399, 59001, 91859, 9544, 88787]"
117262,"[7311, 36479, 29874, 57788, 50568, 23277, 364, 108520, 86554, 42331]"
117263,"[15363, 5684, 106018, 4662, 84544, 23655, 73336, 35590, 62153, 4008]"
117264,"[47136, 73540, 58178, 43523, 7321, 11588, 32230, 91429, 12974, 9270]"
117265,"[61735, 4764, 87144, 86660, 28071, 24401, 66212, 21118, 70053, 68910]"
117266,"[20278, 10026, 16142, 98220, 92747, 43584, 41426, 16411, 19684, 81569]"
117267,"[33769, 91246, 13730, 61009, 46960, 83734, 70752, 4314, 106239, 84135]"
117268,"[45942, 67697, 59311, 10342, 99409, 47847, 83266, 37919, 69638, 48795]"
117269,"[81995, 108700, 107758, 103229, 1208, 13725, 3697, 91932, 29113, 108265]"
117270,"[79111, 56463, 84884, 30739, 18499, 95644, 39328, 38074, 70407, 5844]"
117271,"[102872, 5714, 74728, 90668, 31917, 101814, 89001, 73105, 72936, 74084]"
117272,"[92045, 63114, 37956, 30937, 60842, 107069, 26486, 20575, 29610, 3336]"
117273,"[1624, 660, 72839, 68631, 8442, 90471, 39655, 106517, 107, 53047]"
117274,"[44108, 58420, 75604, 85221, 97986, 10378, 48660, 9111, 77984, 95138]"
117275,"[59831, 33934, 57908, 22976, 106015, 43307, 88805, 19792, 23791, 11083]"
117276,"[74355, 6144, 742, 73338, 47959, 63517, 94065, 8135, 29347, 13063]"
117277,"[95019, 32955, 108996, 92441, 61048, 68337, 56071, 96429, 2841, 22949]"
117278,"[38730, 48094, 29235, 57907, 99260, 34689, 68766, 12551, 14985, 39202]"
117279,"[105140, 6385, 1792, 45660, 19092, 56806, 96695, 29909, 38631, 47111]"
117280,"[72968, 65116, 8948, 108526, 85838, 5523, 1629, 103782, 13523, 96741]"
117281,"[88519, 7799, 42026, 1140, 32563, 31079, 83344, 489, 77295, 60692]"
117282,"[85013, 45608, 80575, 36891, 33761, 24698, 70464, 227, 83379, 57307]"
117283,"[96503, 93965, 79843, 102631, 19441, 61493, 102335, 3102, 66417, 12290]"
117284,"[84764, 90418, 95104, 40812, 57094, 82580, 31353, 1228, 36668, 54535]"
117285,"[82882, 68425, 46094, 69402, 76435, 108826, 68002, 4085, 45067, 25325]"
117286,"[87529, 39774, 54986, 42602, 16006, 85955, 64078, 43094, 53392, 23595]"
117287,"[50399, 20009, 82049, 72080, 99854, 77942, 63528, 69988, 31114, 72180]"
117288,"[101956, 41702, 78729, 88493, 63002, 77804, 62345, 30732, 32067, 47302]"
117289,"[87963, 74101, 21293, 6502, 100456, 49191, 98173, 109125, 68181, 56526]"
117290,"[85896, 106589, 38078, 15169, 67478, 16502, 41733, 69828, 45246, 8585]"
117291,"[8680, 92237, 21108, 96336, 81794, 81440, 30773, 27702, 97342, 46357]"
117292,"[80281, 32027, 85511, 106089, 95625, 17834, 103754, 64579, 16979, 108102]"
117293,"[55922, 96012, 35054, 16296, 21041, 82100, 10542, 66417, 60320, 36403]"
117294,"[42511, 30839, 67705, 104366, 82843, 32108, 4076, 28850, 3525, 88479]"
117295,"[20085, 83933, 39388, 101969, 65554, 25425, 16382, 60442, 44782, 41582]"
117296,"[74454, 41513, 102816, 71713, 91011, 94500, 102163, 96797, 9152, 54034]"
117297,"[57153, 26851, 13844, 88244, 76476, 11273, 21414, 34605, 69576, 108553]"
117298,"[868, 31662, 44996, 102792, 30637, 10656, 29143, 40548, 45372, 52406]"
117299,"[36961, 95069, 78186, 82448, 53770, 11518, 26185, 40092, 18898, 88048]"
117300,"[43225, 85062, 50712, 6037, 60843, 49653, 60710, 96375, 102590, 56374]"
117301,"[47682, 51325, 37717, 60654, 47337, 47267, 82282, 79267, 105302, 40323]"
117302,"[86500, 53269, 16916, 20044, 80350, 19061, 94432, 60201, 51757, 37887]"
117303,"[21660, 65690, 32889, 74432, 10766, 26119, 96698, 26785, 45665, 92949]"
117304,"[24038, 22028, 10241, 68737, 65082, 25386, 27111, 63609, 28294, 40998]"
117305,"[34571, 75995, 39343, 27519, 62186, 87396, 52936, 6613, 19877, 56401]"
117306,"[35837, 75784, 47563, 61923, 93737, 76517, 33697, 40907, 108099, 90596]"
117307,"[66079, 99241, 8068, 92785, 2228, 65001, 23296, 85043, 64370, 100045]"
117308,"[65173, 78836, 102388, 12371, 100799, 14172, 22794, 45149, 67223, 51819]"
117309,"[12359, 7821, 75289, 6426, 47950, 59464, 21006, 81948, 5516, 5401]"
117310,"[25703, 20710, 54025, 16305, 46894, 92376, 59933, 20063, 16268, 33313]"
117311,"[91675, 99001, 104610, 62914, 51394, 28324, 80099, 39227, 109208, 21692]"
117312,"[26919, 32249, 105725, 4043, 108469, 2032, 63834, 72726, 99969, 88411]"
117313,"[63140, 29066, 5813, 89036, 87173, 5090, 50369, 87699, 1145, 36748]"
117314,"[73774, 64003, 47249, 95214, 56597, 33078, 1668, 37774, 54956, 76324]"
117315,"[28108, 58646, 31646, 105330, 108667, 58862, 72456, 21508, 48627, 47335]"
117316,"[55689, 62586, 106960, 26779, 94072, 59268, 24969, 11755, 21984, 20595]"
117317,"[34025, 28576, 45562, 78060, 81776, 43857, 109729, 33455, 5471, 29374]"
117318,"[24205, 99895, 50350, 16678, 24530, 67251, 53921, 46929, 87054, 10857]"
117319,"[6290, 50916, 51062, 90470, 13919, 37384, 78485, 105955, 27227, 27632]"
117320,"[54177, 25414, 107390, 55865, 87337, 9263, 8864, 11405, 73579, 45287]"
117321,"[37227, 15673, 81482, 55407, 37771, 101827, 106912, 31880, 109488, 34632]"
117322,"[29141, 95464, 95730, 53757, 100303, 38757, 37444, 91948, 109749, 32166]"
117323,"[15176, 37341, 109037, 11054, 7518, 67250, 56672, 92939, 73994, 107598]"
117324,"[88122, 213, 93767, 62321, 31587, 56606, 58375, 7121, 55308, 5643]"
117325,"[36277, 20733, 100620, 23668, 16886, 87542, 8516, 109121, 34118, 65923]"
117326,"[20269, 2946, 60445, 4300, 98768, 78693, 82892, 17466, 48317, 192]"
117327,"[89384, 56180, 53583, 19218, 7169, 101353, 17264, 92835, 90354, 62560]"
117328,"[67500, 47272, 107437, 54947, 34727, 21314, 46024, 49240, 14466, 62724]"
117329,"[39001, 78453, 39032, 100488, 44329, 108628, 71695, 99708, 99522, 81472]"
117330,"[28919, 80038, 70737, 88044, 66952, 105208, 4844, 39296, 103661, 63203]"
117331,"[108708, 97481, 36854, 87911, 35176, 34920, 41493, 39170, 15414, 10199]"
117332,"[18921, 96251, 35355, 74239, 90398, 51572, 64068, 60643, 2869, 42580]"
117333,"[9583, 71435, 34068, 22556, 60771, 5860, 68554, 37442, 23295, 60929]"
117334,"[40105, 86347, 17809, 100270, 3743, 107089, 43973, 11986, 17837, 69596]"
117335,"[86897, 3179, 76062, 36353, 4792, 108287, 63979, 18279, 51297, 10554]"
117336,"[62819, 18525, 92640, 73269, 68665, 35887, 33827, 102021, 46778, 72978]"
117337,"[4435, 43875, 96475, 18994, 67813, 46632, 20481, 109467, 100357, 65641]"
117338,"[108185, 62125, 35347, 715, 5355, 105023, 92214, 3856, 89668, 66543]"
117339,"[28430, 83823, 66600, 76660, 33032, 15580, 54443, 44859, 55631, 109544]"
117340,"[10994, 79253, 70429, 92183, 89579, 10651, 63949, 61825, 85797, 109514]"
117341,"[40772, 97741, 59110, 28445, 96296, 97836, 6313, 61952, 38638, 24151]"
117342,"[60692, 79702, 51393, 107777, 38896, 102329, 17371, 42879, 65196, 66770]"
117343,"[13767, 103172, 75224, 40457, 15387, 56904, 13489, 57329, 42308, 39375]"
117344,"[75088, 52340, 21033, 71676, 11361, 94923, 81703, 23013, 93550, 64788]"
117345,"[88663, 99894, 95529, 42723, 30104, 90265, 14524, 57752, 6987, 67238]"
117346,"[50880, 91238, 50140, 108090, 32488, 46169, 87129, 85307, 67148, 86173]"
117347,"[81998, 47526, 7968, 20341, 7590, 78012, 74601, 52820, 41063, 51536]"
117348,"[95415, 16042, 67585, 55886, 108478, 12763, 35489, 43110, 2543, 20226]"
117349,"[26675, 55077, 21290, 1253, 67911, 24660, 92251, 93414, 100715, 54136]"
117350,"[47082, 4750, 105604, 64411, 31643, 22980, 95682, 104042, 107143, 79788]"
117351,"[31206, 103459, 106668, 13252, 59897, 107084, 36395, 32290, 77660, 63408]"
117352,"[42120, 83104, 40842, 50153, 66008, 41968, 72724, 19077, 66136, 85953]"
117353,"[84944, 49962, 99872, 81742, 68346, 53085, 41751, 59926, 74258, 87116]"
117354,"[91830, 69263, 37293, 32198, 109410, 96075, 40437, 102274, 3849, 12714]"
117355,"[109361, 85242, 41428, 20616, 84375, 73489, 87675, 29923, 63092, 27504]"
117356,"[66440, 19034, 62783, 84482, 84838, 7940, 16662, 27929, 27079, 41670]"
117357,"[39671, 21026, 36175, 50622, 53497, 47029, 49754, 2513, 107479, 18828]"
117358,"[17992, 8482, 22521, 11392, 34629, 15130, 63554, 55240, 10892, 17008]"
117359,"[13653, 50324, 73965, 32405, 105288, 95532, 22145, 100571, 102883, 78721]"
117360,"[89948, 27317, 17337, 22705, 72575, 38869, 97368, 35005, 38754, 85046]"
117361,"[54, 90721, 73545, 27793, 18244, 51404, 6504, 78499, 43148, 22145]"
117362,"[102891, 27269, 48896, 83275, 2712, 77327, 101613, 23260, 31935, 27046]"
117363,"[34590, 24868, 10230, 20078, 49568, 63489, 58319, 9681, 64111, 82757]"
117364,"[72968, 1629, 27294, 56762, 68824, 13530, 57527, 50891, 106588, 85057]"
117365,"[9120, 19736, 1844, 637, 28, 72800, 87352, 103861, 14045, 31887]"
117366,"[64178, 27679, 79750, 30888, 64968, 81511, 46127, 101443, 16701, 47470]"
117367,"[33067, 5801, 107075, 69812, 14764, 74921, 63213, 16331, 73271, 34874]"
117368,"[23908, 78539, 32909, 76622, 22298, 13688, 17627, 14750, 31113, 13832]"
117369,"[11631, 70508, 68048, 8544, 109525, 92225, 35330, 92485, 71427, 69757]"
117370,"[50963, 37300, 85350, 102574, 44557, 10836, 97995, 84098, 30598, 63963]"
117371,"[92569, 13061, 508, 77509, 97050, 103615, 40380, 109044, 80284, 85137]"
117372,"[84946, 74607, 30565, 5952, 22221, 105070, 57642, 34403, 23346, 100492]"
117373,"[78811, 73696, 89040, 76734, 29445, 68456, 33574, 59170, 61433, 100029]"
117374,"[80163, 80338, 51191, 11398, 76349, 49266, 33171, 10897, 91214, 64239]"
117375,"[42685, 86172, 5926, 31567, 59791, 37450, 62501, 58843, 44993, 83939]"
117376,"[107702, 11192, 87874, 60570, 28853, 42199, 39800, 105319, 7737, 109027]"
117377,"[37010, 43706, 60937, 23732, 86283, 72257, 6834, 6277, 95570, 48982]"
117378,"[54461, 38163, 62443, 28920, 81346, 104121, 99993, 65225, 45770, 2626]"
117379,"[41911, 102787, 45307, 50027, 39391, 3384, 101622, 60728, 13403, 37479]"
117380,"[103652, 65829, 71869, 58701, 13665, 56447, 66675, 31013, 35944, 7257]"
117381,"[19258, 52949, 98770, 32404, 56935, 31060, 62227, 5445, 32052, 91956]"
117382,"[72089, 69300, 58388, 51517, 96889, 98082, 7421, 32262, 65914, 57950]"
117383,"[14584, 59318, 24705, 16649, 65458, 877, 34537, 51642, 25093, 29632]"
117384,"[31838, 108304, 109252, 21836, 49926, 89733, 75991, 82626, 43406, 67308]"
117385,"[17383, 248, 30009, 827, 99593, 79154, 15036, 75073, 2430, 2911]"
117386,"[108442, 81290, 69226, 2662, 51313, 52382, 50191, 49795, 88415, 42767]"
117387,"[8764, 39018, 24790, 72883, 89633, 80720, 63918, 53153, 81996, 69839]"
117388,"[71528, 79745, 73592, 47286, 77853, 93734, 43999, 87559, 49411, 35212]"
117389,"[71293, 18120, 69912, 53067, 79858, 5280, 14926, 109601, 73119, 85591]"
117390,"[5075, 12947, 66692, 38038, 64027, 89458, 23719, 97498, 8719, 51387]"
117391,"[9937, 68291, 35773, 66466, 7624, 28905, 58270, 22746, 62262, 95266]"
117392,"[81744, 18908, 19837, 17913, 45858, 9009, 83992, 106715, 105243, 4442]"
117393,"[56303, 52561, 108028, 87488, 95573, 53544, 65695, 25203, 59415, 95933]"
117394,"[67989, 107184, 14420, 5310, 11742, 27963, 7689, 42931, 81807, 10671]"
117395,"[84247, 43393, 14582, 84761, 70405, 103322, 91564, 98660, 64123, 30489]"
117396,"[56091, 3464, 35387, 78662, 63740, 41806, 3185, 22884, 33394, 24924]"
117397,"[105501, 11907, 52189, 50605, 76783, 78274, 13011, 37937, 103302, 69094]"
117398,"[12925, 61895, 21549, 92251, 100715, 54136, 39425, 24276, 917, 20641]"
117399,"[28956, 11959, 56009, 35799, 5697, 40220, 10607, 53893, 20846, 1080]"
117400,"[81941, 17311, 23212, 100355, 56235, 35891, 26517, 78538, 55337, 17636]"
117401,"[51987, 21580, 1864, 77436, 90864, 65692, 74108, 76691, 47870, 1158]"
117402,"[40032, 39075, 2110, 19758, 47144, 63283, 33929, 90912, 76351, 49794]"
117403,"[28463, 109127, 97299, 1279, 32078, 90419, 51268, 50950, 7588, 11185]"
117404,"[43092, 57010, 45381, 47906, 66302, 9735, 14642, 49975, 87461, 40910]"
117405,"[9011, 34308, 71108, 38719, 40835, 98628, 60002, 56275, 51492, 53119]"
117406,"[92992, 11734, 92255, 105468, 23195, 10781, 49951, 108335, 49525, 9734]"
117407,"[81107, 27041, 7621, 45446, 84326, 32190, 24432, 107177, 55350, 45916]"
117408,"[100236, 59635, 56367, 72847, 99682, 13488, 70723, 88791, 15892, 86891]"
117409,"[92850, 90906, 60673, 41321, 17312, 67457, 5078, 96850, 44808, 12866]"
117410,"[23766, 32579, 26668, 14407, 63211, 93400, 87585, 48913, 4755, 48244]"
117411,"[59430, 87479, 78925, 19810, 28631, 30248, 75678, 73158, 93027, 58279]"
117412,"[95168, 56595, 23237, 84456, 60817, 94462, 88456, 73799, 47051, 58195]"
117413,"[51852, 27232, 53297, 78184, 5070, 18684, 63492, 64042, 42380, 21699]"
117414,"[93667, 43655, 88279, 10713, 25024, 54872, 24299, 20617, 96910, 91564]"
117415,"[11857, 92720, 38352, 4946, 43153, 28696, 65333, 29671, 108712, 34621]"
117416,"[106949, 13310, 77221, 105005, 104595, 98840, 38558, 97466, 64862, 52823]"
117417,"[47614, 1579, 108204, 66997, 68752, 22849, 16801, 14929, 100147, 71566]"
117418,"[69800, 29782, 46658, 48647, 85469, 85346, 47686, 39695, 67893, 70600]"
117419,"[18428, 49564, 7760, 94213, 32831, 80309, 58107, 70765, 51469, 72116]"
117420,"[85626, 30568, 76828, 81523, 17447, 37324, 6745, 2070, 44118, 36346]"
117421,"[33329, 73428, 58641, 31032, 63143, 1118, 34438, 74773, 77002, 95193]"
117422,"[76146, 78472, 33580, 6090, 73910, 53694, 15953, 60151, 31295, 36515]"
117423,"[80654, 16884, 13750, 38509, 17568, 51706, 48864, 51361, 1941, 60970]"
117424,"[6836, 61081, 41098, 64118, 84116, 367, 93317, 94313, 94071, 16382]"
117425,"[5990, 51568, 93345, 13459, 44863, 2220, 80326, 8730, 5465, 24554]"
117426,"[38187, 23565, 30828, 67518, 82442, 75319, 63216, 101357, 93263, 48786]"
117427,"[73565, 42204, 4006, 85962, 5197, 72421, 10366, 72794, 70798, 102001]"
117428,"[7095, 7832, 101504, 87929, 20655, 4858, 21983, 3040, 7056, 7420]"
117429,"[28135, 78293, 104258, 91780, 13217, 62630, 67766, 20886, 97662, 105101]"
117430,"[69379, 105436, 108713, 36909, 60248, 19182, 57165, 16468, 62652, 22415]"
117431,"[3566, 102177, 95581, 33839, 74831, 21394, 35830, 81861, 57077, 26032]"
117432,"[41256, 102351, 95139, 99323, 41352, 101497, 25612, 105891, 20361, 2548]"
117433,"[39561, 8162, 55892, 74028, 109451, 55933, 13432, 18716, 2247, 77778]"
117434,"[79095, 43255, 51482, 77357, 5731, 91019, 4659, 108004, 17499, 44737]"
117435,"[106262, 48972, 2236, 104859, 47802, 70695, 77855, 11695, 38892, 81532]"
117436,"[17027, 101706, 90555, 95424, 38834, 69899, 96391, 18795, 686, 52947]"
117437,"[22699, 90182, 8863, 78807, 29462, 75009, 106959, 76795, 43468, 36770]"
117438,"[64095, 92501, 13327, 88195, 48953, 41912, 88631, 108559, 17321, 93800]"
117439,"[68748, 49019, 41699, 95578, 18986, 67631, 2442, 67562, 1443, 59532]"
117440,"[64443, 4621, 97539, 88935, 13748, 31059, 12177, 32355, 15937, 83118]"
117441,"[66083, 98051, 54592, 37770, 64857, 41315, 73429, 99161, 103279, 59299]"
117442,"[20425, 70433, 80296, 38309, 4618, 109376, 31577, 76773, 89533, 105378]"
117443,"[57422, 21070, 33185, 18932, 30193, 70169, 51892, 83648, 105120, 107103]"
117444,"[12792, 77140, 39563, 39790, 49194, 104861, 13096, 5500, 44844, 100417]"
117445,"[21017, 11580, 40257, 42177, 56715, 51902, 61307, 80294, 66472, 52397]"
117446,"[56399, 61314, 36906, 25783, 260, 7000, 102474, 83905, 15194, 13085]"
117447,"[48044, 70641, 52938, 25636, 28157, 104373, 38051, 19340, 1322, 97683]"
117448,"[4093, 41274, 68043, 40084, 30351, 20691, 54202, 87051, 25246, 75804]"
117449,"[107752, 53895, 104754, 45181, 32820, 47473, 14949, 4363, 17589, 70668]"
117450,"[97906, 31274, 59115, 14410, 95511, 36180, 10132, 86336, 66347, 61057]"
117451,"[11259, 68000, 38541, 76396, 33966, 53954, 35166, 8214, 99064, 77796]"
117452,"[85958, 13430, 65800, 78089, 31473, 27984, 73164, 51161, 86567, 86842]"
117453,"[50855, 14338, 88620, 66347, 95511, 5038, 22362, 80886, 29524, 63516]"
117454,"[73161, 98017, 75541, 86451, 68834, 96395, 34252, 75856, 32116, 23818]"
117455,"[38714, 13744, 75708, 22908, 102541, 38839, 78788, 63218, 87650, 18340]"
117456,"[87112, 25300, 33970, 30898, 98684, 91385, 7043, 53276, 58365, 102452]"
117457,"[54986, 93064, 77601, 44503, 13521, 43367, 21215, 23595, 5150, 53392]"
117458,"[53168, 36751, 72563, 12875, 33919, 44622, 42490, 94233, 29626, 78033]"
117459,"[11725, 2829, 60117, 41723, 20349, 96867, 35860, 97108, 55810, 15287]"
117460,"[29318, 100614, 63249, 61317, 22931, 56547, 11329, 21357, 69584, 99]"
117461,"[37051, 58773, 56223, 2685, 87532, 19969, 41336, 79589, 44776, 103729]"
117462,"[70523, 68218, 11219, 24563, 17438, 86290, 18308, 29344, 79013, 2142]"
117463,"[9199, 19993, 95639, 81628, 59686, 72579, 84536, 36328, 91129, 15632]"
117464,"[85845, 32801, 7566, 36412, 99028, 97167, 57952, 39882, 89042, 51795]"
117465,"[531, 80915, 47730, 106337, 92599, 69716, 77354, 50675, 36162, 26386]"
117466,"[106788, 22290, 13334, 81566, 7515, 91668, 79772, 62129, 67749, 58336]"
117467,"[16712, 45212, 78704, 2152, 45045, 85769, 222, 72143, 103947, 94084]"
117468,"[105010, 64098, 54690, 89734, 40754, 4102, 18554, 2406, 20399, 14883]"
117469,"[26603, 105404, 91703, 93440, 58116, 18080, 70901, 26455, 59291, 90205]"
117470,"[44929, 57616, 21310, 86587, 31568, 102557, 25108, 87795, 22304, 29355]"
117471,"[1011, 57734, 51803, 34405, 78888, 70886, 56219, 60369, 15211, 39669]"
117472,"[4909, 41988, 109216, 45457, 73309, 105451, 100681, 7514, 106708, 53846]"
117473,"[59069, 96603, 15957, 96608, 68747, 58748, 5101, 100736, 82069, 82583]"
117474,"[90245, 108415, 103432, 96563, 84550, 75072, 99520, 4696, 63800, 107692]"
117475,"[68667, 68237, 75989, 86634, 93739, 45735, 104600, 100660, 44758, 2181]"
117476,"[60752, 47631, 75965, 106530, 78362, 83606, 98905, 32029, 45327, 61134]"
117477,"[86552, 32909, 71184, 10970, 59849, 21982, 31113, 9635, 2288, 23339]"
117478,"[26512, 70313, 8741, 67491, 84945, 82088, 77527, 10591, 102017, 95710]"
117479,"[20726, 102554, 99816, 25951, 89302, 88121, 73561, 83874, 88980, 96594]"
117480,"[61165, 32877, 6587, 8570, 59272, 57872, 78590, 71088, 24614, 93881]"
117481,"[11977, 98257, 7903, 83448, 52372, 41928, 31629, 26516, 78502, 34686]"
117482,"[79955, 66902, 36744, 76407, 99639, 44534, 62146, 61811, 48699, 42618]"
117483,"[1522, 45486, 23403, 51776, 44208, 35772, 28934, 14920, 66493, 11400]"
117484,"[95764, 76841, 31226, 46317, 51813, 7153, 6221, 97045, 43388, 74067]"
117485,"[51860, 19213, 54095, 48560, 40533, 15935, 19806, 32243, 32985, 84888]"
117486,"[79128, 105359, 2054, 36421, 77491, 46566, 19257, 37408, 46392, 80401]"
117487,"[54047, 64090, 63639, 80009, 28484, 23417, 86368, 100914, 101420, 3004]"
117488,"[109424, 58681, 50134, 67098, 81583, 51560, 98216, 39046, 56284, 38602]"
117489,"[83153, 14627, 17374, 107581, 85729, 21230, 27464, 88701, 79446, 71404]"
117490,"[26743, 72604, 48035, 38395, 46801, 51080, 62341, 5492, 81710, 60802]"
117491,"[31310, 71420, 38018, 97219, 33266, 39345, 83796, 92642, 97520, 75889]"
117492,"[19703, 48013, 75058, 101648, 17505, 78034, 48609, 1851, 14984, 1788]"
117493,"[3494, 60059, 47644, 39115, 17726, 87365, 38111, 35936, 84345, 68849]"
117494,"[10635, 7811, 17408, 9827, 60809, 17484, 103434, 88191, 92561, 58986]"
117495,"[22462, 91617, 18764, 35467, 6132, 1456, 17951, 45623, 80846, 75494]"
117496,"[26331, 91871, 68326, 83235, 37411, 55289, 22065, 35081, 54514, 15333]"
117497,"[27223, 7433, 45695, 99112, 58295, 95795, 17687, 48328, 56321, 55015]"
117498,"[76023, 82067, 82275, 69569, 8676, 44620, 5441, 86775, 32398, 88147]"
117499,"[20279, 90921, 57008, 43803, 91659, 56508, 97349, 75903, 30465, 20102]"
117500,"[43693, 19838, 102253, 97322, 40241, 42227, 57910, 92597, 47619, 55709]"
117501,"[498, 32182, 76180, 67533, 104153, 45862, 31731, 98278, 16306, 39912]"
117502,"[45066, 41905, 104572, 69821, 106075, 35980, 59358, 30516, 54899, 9797]"
117503,"[54794, 82499, 53112, 4211, 65674, 9212, 47305, 20554, 88953, 76124]"
117504,"[72143, 11773, 222, 16712, 103947, 78704, 37544, 13043, 94084, 61653]"
117505,"[87880, 105183, 14469, 13673, 89555, 51104, 77200, 92246, 13786, 4289]"
117506,"[46003, 85904, 28821, 60037, 109145, 89213, 94589, 103990, 91546, 77896]"
117507,"[8801, 79069, 26956, 51868, 45984, 18517, 82273, 68751, 109644, 29293]"
117508,"[72207, 9770, 70230, 107807, 99888, 76501, 109378, 61109, 99818, 100258]"
117509,"[49771, 66033, 107871, 1348, 36148, 56870, 45296, 86246, 53240, 22948]"
117510,"[82862, 22377, 55254, 42320, 7335, 54755, 29265, 41323, 20197, 56239]"
117511,"[100277, 37567, 79836, 29676, 38788, 56483, 93163, 21928, 5011, 58612]"
117512,"[52863, 20172, 33214, 105712, 86145, 1735, 64789, 85713, 64965, 83579]"
117513,"[90363, 767, 32818, 82229, 8801, 51171, 51868, 107636, 85703, 56048]"
117514,"[75601, 29632, 11074, 10816, 109418, 54525, 5331, 35428, 90780, 86124]"
117515,"[22377, 35853, 55254, 42320, 20197, 56239, 3332, 61259, 35868, 15641]"
117516,"[5758, 29091, 29030, 29914, 10343, 65598, 585, 16492, 48973, 41477]"
117517,"[54062, 50590, 8494, 67324, 94102, 107085, 58230, 58305, 108595, 103119]"
117518,"[91447, 30272, 35930, 31321, 16410, 62246, 7085, 93076, 28171, 46683]"
117519,"[21823, 102035, 4490, 78702, 31197, 2802, 903, 6897, 98821, 46723]"
117520,"[67943, 60554, 23659, 26246, 81401, 26600, 32498, 83121, 15016, 46985]"
117521,"[43257, 39834, 65595, 8973, 76585, 52652, 82503, 77987, 73757, 84834]"
117522,"[49848, 65182, 98240, 68022, 75331, 98204, 24441, 53169, 99412, 85225]"
117523,"[22968, 103009, 56069, 94447, 70077, 10301, 11286, 68829, 12260, 86956]"
117524,"[65061, 59400, 3190, 81382, 50784, 22255, 86184, 99984, 18299, 32852]"
117525,"[20646, 32102, 65034, 64507, 13361, 78995, 84014, 106790, 87831, 85062]"
117526,"[33023, 109506, 51154, 5730, 68545, 37386, 105557, 10923, 49649, 87927]"
117527,"[80149, 90579, 101449, 92546, 5700, 64351, 28996, 108416, 104740, 108693]"
117528,"[60705, 18085, 51817, 92698, 101172, 19702, 83273, 29868, 28916, 66978]"
117529,"[84969, 51969, 105960, 26840, 4715, 43760, 26013, 10123, 36217, 42147]"
117530,"[45339, 33789, 106391, 39176, 21472, 87687, 16, 104955, 10583, 75736]"
117531,"[50799, 31024, 66671, 584, 91785, 38920, 7914, 106457, 137, 38673]"
117532,"[92001, 69774, 84770, 18123, 78382, 64044, 68939, 22986, 26113, 91963]"
117533,"[34910, 50023, 72781, 59985, 95372, 61851, 101205, 43996, 50647, 91792]"
117534,"[20249, 2687, 30786, 63865, 33447, 37891, 27182, 20700, 45352, 16961]"
117535,"[89743, 7450, 49562, 35230, 45007, 70560, 11764, 63606, 104763, 76423]"
117536,"[62388, 24227, 89536, 31160, 15802, 86932, 83214, 40286, 60181, 7379]"
117537,"[31768, 4331, 47394, 80573, 46147, 22597, 14574, 69921, 26228, 68486]"
117538,"[93426, 532, 74353, 64138, 34667, 105983, 102621, 667, 28301, 88539]"
117539,"[40369, 100767, 104265, 80912, 97780, 83324, 58659, 59437, 17772, 94257]"
117540,"[81426, 105180, 85572, 18008, 6912, 22904, 80111, 59769, 84293, 61683]"
117541,"[36047, 2755, 80325, 107986, 24322, 86411, 70019, 26249, 19240, 40811]"
117542,"[2021, 107247, 87294, 24801, 72016, 49539, 73705, 53055, 29830, 20423]"
117543,"[84047, 86077, 10374, 1633, 96361, 7619, 24170, 32691, 18983, 48418]"
117544,"[53023, 102379, 28845, 70073, 20707, 15264, 11465, 61565, 13174, 29974]"
117545,"[40619, 53086, 109517, 17203, 86555, 105933, 81894, 43473, 47187, 49099]"
117546,"[43940, 42942, 88996, 106939, 83083, 31282, 56202, 38345, 37183, 24700]"
117547,"[57429, 58557, 12096, 102397, 22305, 52867, 36595, 54340, 86564, 105347]"
117548,"[68375, 25652, 57129, 19195, 33116, 52987, 58055, 36903, 41469, 74434]"
117549,"[12389, 77392, 60803, 42248, 83824, 20902, 89819, 52098, 28119, 99767]"
117550,"[86760, 71345, 104348, 39081, 84083, 105809, 73408, 94381, 37667, 46329]"
117551,"[47083, 35672, 31025, 11841, 24779, 107708, 83016, 68705, 26996, 62852]"
117552,"[21773, 73009, 93200, 86606, 98694, 13804, 81314, 98336, 30268, 66246]"
117553,"[50061, 101113, 107722, 10684, 90168, 48657, 40647, 86582, 93361, 41598]"
117554,"[28204, 8082, 56082, 19824, 98313, 53862, 105353, 9189, 51960, 106992]"
117555,"[85887, 78996, 50929, 102730, 27585, 83349, 38541, 15311, 55023, 39580]"
117556,"[100626, 63486, 10823, 4345, 9808, 70224, 97766, 81985, 15954, 3625]"
117557,"[43729, 32146, 33961, 44643, 38037, 14434, 15435, 92817, 9557, 40833]"
117558,"[58273, 42939, 2864, 92507, 51179, 80672, 92093, 20106, 91565, 108612]"
117559,"[86736, 100858, 47093, 51266, 97518, 67001, 40198, 52444, 53463, 2009]"
117560,"[36627, 105473, 46162, 19822, 99892, 105108, 60213, 99929, 63841, 21663]"
117561,"[8756, 71480, 25478, 28966, 55661, 61557, 89372, 83076, 69690, 64978]"
117562,"[40856, 10780, 48376, 31949, 105562, 33894, 7775, 108057, 13278, 61865]"
117563,"[104391, 71720, 87876, 60035, 103444, 2836, 98474, 69183, 107511, 47596]"
117564,"[104176, 32668, 85892, 36482, 28016, 102569, 30470, 86275, 58268, 72581]"
117565,"[86547, 85150, 31167, 92471, 34757, 49006, 29953, 59333, 58751, 73747]"
117566,"[84754, 36671, 23076, 23257, 1968, 101420, 80111, 64331, 32192, 66899]"
117567,"[16159, 1366, 29728, 55493, 22319, 55782, 54441, 66221, 15304, 80804]"
117568,"[61406, 7852, 74028, 30281, 89213, 64993, 61889, 67025, 56576, 109145]"
117569,"[85218, 57996, 38025, 7359, 41427, 72474, 101106, 61368, 99755, 49686]"
117570,"[42890, 10161, 18202, 100216, 19826, 48215, 35776, 2167, 34388, 38406]"
117571,"[45382, 75741, 20821, 91387, 59696, 699, 32960, 30591, 84906, 23463]"
117572,"[64082, 49551, 19207, 53328, 8241, 94486, 42784, 6009, 98345, 89204]"
117573,"[84356, 36206, 61630, 76576, 67161, 57087, 53151, 13716, 56795, 102380]"
117574,"[94238, 18012, 44404, 53041, 10698, 4308, 86343, 39304, 53303, 18770]"
117575,"[69566, 90094, 54836, 39797, 26263, 20747, 107239, 4573, 99729, 76457]"
117576,"[103126, 83469, 50219, 10021, 101095, 41080, 101354, 43505, 23434, 75575]"
117577,"[94777, 48402, 35503, 8807, 55140, 7091, 55382, 17749, 68269, 104453]"
117578,"[16938, 11457, 39063, 52999, 26772, 82422, 94700, 4515, 32491, 82188]"
117579,"[87208, 14967, 17345, 58875, 57381, 68636, 11491, 88746, 54940, 30452]"
117580,"[77436, 90864, 97013, 11209, 32862, 74108, 73986, 5122, 100080, 97333]"
117581,"[81665, 47581, 89604, 65648, 22840, 22400, 66527, 20960, 100320, 4193]"
117582,"[79523, 71314, 15678, 53765, 9893, 107112, 65637, 49311, 75871, 84131]"
117583,"[81997, 45801, 97381, 47117, 1226, 55375, 7841, 3632, 104088, 94687]"
117584,"[46475, 87538, 63576, 23099, 91808, 41183, 92892, 87345, 29870, 80470]"
117585,"[18535, 65005, 50288, 80845, 102754, 17371, 83570, 66322, 23962, 24031]"
117586,"[50364, 45040, 8197, 89583, 95834, 37471, 35947, 104627, 20386, 25067]"
117587,"[83181, 22928, 34169, 91083, 93141, 61825, 61960, 3421, 59558, 8870]"
117588,"[27071, 58406, 69149, 35468, 91506, 5000, 109364, 1582, 97278, 85081]"
117589,"[9365, 5457, 18342, 5220, 96221, 92756, 28417, 93791, 38151, 76929]"
117590,"[22662, 51740, 26115, 18435, 78076, 89426, 61054, 95250, 85313, 62280]"
117591,"[55589, 4105, 68890, 77836, 93907, 76069, 34513, 91125, 31701, 83855]"
117592,"[27432, 55947, 83302, 9051, 18491, 64878, 30484, 71001, 31709, 71362]"
117593,"[14047, 24650, 71693, 87918, 56160, 104227, 45561, 31720, 1430, 31414]"
117594,"[54492, 4470, 37759, 1571, 35367, 89485, 65102, 57727, 77500, 42166]"
117595,"[81597, 96346, 21088, 75983, 94361, 12797, 73043, 79215, 31150, 7210]"
117596,"[69171, 9182, 99075, 62725, 29379, 107660, 52882, 46677, 7614, 65474]"
117597,"[59567, 21964, 86572, 84715, 67450, 19300, 10708, 90459, 2412, 74209]"
117598,"[31457, 63602, 108746, 101245, 37329, 52393, 88982, 51272, 93279, 52469]"
117599,"[20938, 98236, 69582, 5543, 82840, 82721, 18256, 85186, 52161, 14458]"
117600,"[6609, 27500, 15248, 94248, 88943, 65571, 78417, 23420, 20509, 106810]"
117601,"[61212, 88949, 55976, 105504, 70961, 96453, 87790, 30358, 82000, 32965]"
117602,"[6438, 45228, 99657, 40540, 24033, 7626, 8279, 85751, 53918, 54419]"
117603,"[59467, 13508, 94400, 41040, 9570, 85159, 12022, 88225, 1890, 92498]"
117604,"[58066, 81594, 24265, 93852, 70302, 5291, 95001, 108918, 80916, 46770]"
117605,"[96135, 66336, 36104, 121, 5299, 1321, 37704, 85674, 104987, 37489]"
117606,"[34858, 31870, 26424, 83084, 104830, 28565, 101398, 105303, 61375, 101764]"
117607,"[44674, 3766, 55434, 20524, 92022, 9819, 44006, 77507, 64882, 70270]"
117608,"[13071, 62569, 47968, 71654, 16083, 109169, 14418, 41387, 51215, 59554]"
117609,"[80221, 22589, 41070, 66406, 69348, 101062, 22340, 101840, 102779, 82431]"
117610,"[53728, 40325, 49320, 70949, 84548, 11166, 46048, 48233, 46982, 108540]"
117611,"[31398, 75778, 56812, 43251, 10597, 95998, 9473, 42730, 9652, 97261]"
117612,"[95136, 74584, 80381, 1367, 91103, 21724, 55301, 23720, 63434, 61020]"
117613,"[68551, 108383, 10554, 54930, 18279, 51297, 46636, 72363, 59894, 51569]"
117614,"[55898, 2475, 11860, 46615, 86834, 106579, 60517, 62469, 21478, 19206]"
117615,"[91441, 75490, 3239, 25224, 106859, 9714, 40344, 91155, 6629, 77534]"
117616,"[20381, 24508, 72404, 59236, 64067, 92980, 32618, 72770, 81786, 95663]"
117617,"[35820, 109719, 86096, 91239, 98018, 897, 22704, 74333, 86787, 81732]"
117618,"[108234, 49108, 36650, 73635, 87834, 2717, 77936, 85241, 18232, 17952]"
117619,"[30208, 100368, 43124, 104535, 25691, 56708, 59136, 60358, 29682, 62335]"
117620,"[71242, 13714, 9363, 102376, 108523, 8907, 89214, 87710, 37086, 88958]"
117621,"[65411, 46182, 9063, 49971, 56212, 29473, 65970, 103311, 50690, 67167]"
117622,"[80969, 6620, 37397, 15060, 58087, 100664, 104691, 5955, 27354, 86854]"
117623,"[16622, 15688, 21636, 75824, 9707, 99167, 66890, 57968, 54432, 27424]"
117624,"[99923, 22778, 83005, 10096, 51348, 28410, 9562, 30391, 88991, 42951]"
117625,"[13186, 278, 7941, 101793, 46873, 43021, 24627, 76984, 7943, 101542]"
117626,"[76395, 88443, 89170, 59119, 60822, 4009, 101379, 34884, 104899, 4626]"
117627,"[72384, 14379, 57908, 76288, 59831, 23791, 69358, 41346, 35408, 38895]"
117628,"[21736, 68379, 96076, 81334, 87753, 58187, 26625, 21762, 85699, 108038]"
117629,"[107014, 84954, 69608, 26534, 85279, 40625, 1230, 100151, 58173, 16496]"
117630,"[107846, 109743, 106967, 108655, 31038, 89690, 56325, 6181, 26941, 100252]"
117631,"[6916, 25597, 84680, 65360, 82278, 95828, 64956, 20020, 36600, 109573]"
117632,"[40675, 82682, 86589, 38555, 33310, 78402, 58786, 73819, 64942, 41143]"
117633,"[16693, 98113, 50338, 84836, 46759, 36978, 25882, 63944, 95235, 34651]"
117634,"[45809, 77780, 71979, 78824, 105137, 58492, 88083, 21760, 52105, 67471]"
117635,"[5826, 99695, 65050, 105559, 29154, 29593, 13937, 62887, 47964, 50971]"
117636,"[68014, 15738, 74888, 21989, 19229, 94930, 2505, 29747, 24564, 18678]"
117637,"[86595, 84781, 2635, 32046, 12851, 22062, 23421, 19723, 60539, 46971]"
117638,"[93401, 34752, 55188, 18911, 101893, 35866, 14490, 47149, 80573, 74859]"
117639,"[52199, 11017, 4005, 44599, 51075, 68882, 61512, 30601, 37484, 4430]"
117640,"[88869, 98293, 4204, 739, 106013, 100974, 94483, 66540, 25176, 55576]"
117641,"[8861, 45457, 36878, 653, 69228, 43182, 29770, 32032, 60841, 19520]"
117642,"[70096, 65440, 45028, 6084, 52287, 65653, 99272, 30772, 53548, 75124]"
117643,"[87125, 79585, 94010, 20716, 93564, 40809, 69343, 97487, 10615, 26410]"
117644,"[58059, 83069, 86981, 56950, 32719, 29828, 70077, 101879, 14887, 66564]"
117645,"[80835, 57783, 79052, 47266, 48460, 77429, 65676, 108468, 76017, 96177]"
117646,"[29952, 25001, 54260, 11623, 68484, 38477, 78067, 73433, 69212, 27899]"
117647,"[63475, 32984, 104550, 35368, 101776, 61183, 46888, 17941, 49333, 51201]"
117648,"[78940, 47176, 90582, 53672, 50110, 73276, 33525, 85130, 1123, 19190]"
117649,"[72485, 61351, 83251, 56137, 49283, 63836, 42480, 32409, 61174, 85501]"
117650,"[15210, 67086, 83165, 25318, 83710, 86008, 100659, 79795, 30533, 90218]"
117651,"[62303, 77817, 17858, 2522, 101129, 17545, 24553, 34203, 91186, 22247]"
117652,"[48806, 40869, 108425, 38635, 57453, 19934, 91848, 28879, 63715, 74692]"
117653,"[77448, 11638, 68018, 77622, 36187, 38442, 106775, 54360, 35992, 54887]"
117654,"[95529, 90265, 88663, 99894, 42723, 30104, 59146, 17712, 26282, 54411]"
117655,"[24756, 66617, 75633, 22229, 54699, 99551, 47416, 24572, 93145, 51163]"
117656,"[107967, 88852, 7315, 51802, 101387, 25547, 49290, 34817, 90313, 7747]"
117657,"[41048, 51767, 3043, 48126, 39098, 89688, 29296, 22758, 94024, 69966]"
117658,"[24896, 22195, 818, 91162, 11025, 57415, 53331, 49163, 23157, 48515]"
117659,"[85600, 30315, 58369, 66294, 108863, 98110, 22327, 69855, 70195, 103563]"
117660,"[57593, 20425, 84681, 61888, 16205, 89533, 53323, 68229, 99378, 103348]"
117661,"[4019, 14078, 40089, 11197, 48360, 56533, 21349, 21365, 37860, 82871]"
117662,"[25615, 61599, 63793, 73920, 89542, 22306, 86767, 10664, 11643, 109400]"
117663,"[33717, 63707, 38200, 25533, 63719, 70136, 39038, 66560, 82528, 42246]"
117664,"[10877, 83804, 66580, 17016, 87016, 31635, 34376, 869, 48507, 57738]"
117665,"[103848, 51324, 37671, 92824, 103458, 24151, 105020, 85720, 46096, 12844]"
117666,"[86786, 54760, 45936, 105792, 25391, 52, 25109, 19544, 16013, 99646]"
117667,"[36480, 33087, 62470, 4990, 12096, 107282, 86056, 48005, 23249, 35637]"
117668,"[14130, 45314, 34996, 21501, 17661, 42015, 79126, 83508, 58552, 45590]"
117669,"[63935, 78743, 79836, 109375, 75172, 37567, 4727, 38788, 29676, 20285]"
117670,"[50712, 65034, 36098, 27353, 86505, 31342, 64507, 6037, 60843, 49653]"
117671,"[76816, 41540, 25470, 86092, 16321, 15634, 78440, 58226, 81756, 66804]"
117672,"[20803, 103274, 631, 46399, 94081, 97664, 56790, 6950, 22217, 37257]"
117673,"[15673, 34632, 31506, 105502, 70205, 46438, 27334, 31880, 94057, 37227]"
117674,"[36625, 30526, 6476, 52032, 78206, 68386, 51184, 38517, 37077, 7734]"
117675,"[97394, 105400, 95970, 7789, 41904, 7926, 97790, 33604, 61899, 15165]"
117676,"[69410, 65077, 40686, 84408, 20157, 31446, 20660, 84671, 109106, 55110]"
117677,"[26937, 17475, 86719, 73293, 84289, 63099, 85354, 33661, 85386, 92541]"
117678,"[36178, 79047, 30121, 43593, 12138, 7505, 18506, 81843, 16395, 40212]"
117679,"[71104, 3235, 26942, 66541, 30129, 55914, 78624, 84643, 70408, 56618]"
117680,"[83095, 14798, 36213, 48298, 14394, 78883, 1960, 14589, 67707, 26787]"
117681,"[88660, 62049, 21032, 96254, 52213, 90850, 19203, 69767, 84862, 12167]"
117682,"[84313, 77636, 8268, 62592, 49169, 46567, 27838, 67954, 19892, 67059]"
117683,"[105859, 65021, 30144, 99574, 18614, 27178, 104435, 16274, 72721, 2477]"
117684,"[38703, 41167, 9781, 8413, 34113, 30095, 65408, 50166, 71428, 66498]"
117685,"[54062, 53628, 94102, 107085, 58230, 48849, 74554, 13701, 14248, 6548]"
117686,"[35561, 104081, 102870, 71005, 80888, 39938, 40523, 33992, 42289, 45769]"
117687,"[74626, 85010, 10055, 9604, 61198, 5748, 41621, 1076, 17225, 106406]"
117688,"[4457, 36281, 108964, 83610, 30714, 67499, 86891, 99682, 60097, 68867]"
117689,"[108289, 15317, 45166, 55793, 5428, 421, 61243, 52816, 104251, 4492]"
117690,"[22851, 12308, 99112, 43056, 95795, 73918, 75565, 45695, 75690, 27223]"
117691,"[35806, 12474, 10450, 25305, 94789, 25382, 72163, 14740, 18357, 25920]"
117692,"[73862, 81262, 89376, 1719, 55437, 471, 99468, 5645, 73462, 89822]"
117693,"[49555, 66733, 19087, 44495, 45867, 95304, 23170, 23609, 62942, 68729]"
117694,"[45992, 95849, 84745, 52479, 38924, 38946, 29076, 58011, 4318, 85599]"
117695,"[6879, 66456, 18562, 81895, 23785, 88850, 102763, 104578, 26470, 13769]"
117696,"[45637, 1675, 91792, 10493, 50866, 11384, 53426, 17396, 20397, 14745]"
117697,"[78121, 61647, 67440, 21256, 14765, 12326, 50789, 39622, 97311, 58238]"
117698,"[40584, 15601, 24183, 79277, 95349, 20709, 88730, 11576, 67558, 2328]"
117699,"[67043, 57541, 67907, 101817, 79621, 1820, 39860, 20012, 95881, 104065]"
117700,"[9360, 31465, 86585, 54388, 62575, 38798, 93904, 41979, 85176, 76509]"
117701,"[100029, 65459, 78911, 39652, 54890, 105972, 109243, 10568, 34642, 81213]"
117702,"[45697, 41463, 19583, 89517, 87377, 54636, 61001, 30922, 79446, 83153]"
117703,"[45420, 8931, 73215, 17692, 20286, 37201, 75255, 60086, 23490, 66831]"
117704,"[70140, 96543, 21134, 29089, 62252, 78370, 75860, 80497, 85467, 79157]"
117705,"[24920, 94879, 15768, 59884, 90586, 107189, 89413, 25525, 70421, 70985]"
117706,"[30115, 97524, 45950, 80571, 58925, 63230, 64191, 19652, 52319, 17082]"
117707,"[105001, 29819, 55432, 34015, 8773, 70806, 105911, 94812, 86901, 3808]"
117708,"[45116, 83546, 48146, 83385, 101500, 29048, 53533, 53934, 93368, 63264]"
117709,"[1833, 33403, 106282, 59490, 50283, 104187, 4895, 96345, 75636, 82106]"
117710,"[60607, 68779, 93499, 97807, 22784, 14174, 52264, 52599, 3539, 19416]"
117711,"[19257, 46156, 73779, 9371, 96122, 75740, 48319, 1905, 8404, 29497]"
117712,"[77997, 106398, 7660, 98016, 51366, 63293, 60060, 88380, 98423, 45887]"
117713,"[29389, 98521, 9991, 35487, 90613, 76226, 36876, 88305, 32064, 66525]"
117714,"[5161, 49036, 70697, 2896, 44342, 91603, 31074, 52086, 47602, 64019]"
117715,"[30713, 107690, 94109, 2338, 51696, 12099, 70887, 64358, 69512, 84047]"
117716,"[61245, 7879, 46021, 31481, 44797, 65675, 21863, 90100, 36554, 20350]"
117717,"[85999, 23750, 66025, 15554, 99698, 28225, 28229, 96936, 81777, 56456]"
117718,"[102164, 32606, 49418, 72711, 94141, 86554, 28409, 82741, 23277, 37360]"
117719,"[28092, 14366, 16447, 81305, 7668, 56217, 26769, 29009, 50011, 90392]"
117720,"[39095, 71344, 8678, 22831, 46464, 77829, 63, 44962, 74710, 78819]"
117721,"[59471, 49221, 78972, 36083, 57813, 70323, 5921, 72404, 108097, 65114]"
117722,"[71208, 24327, 54034, 65631, 15361, 11983, 74454, 66594, 77481, 45379]"
117723,"[29676, 56483, 79836, 4727, 97248, 59220, 44491, 66246, 82410, 20594]"
117724,"[107117, 88640, 11391, 5192, 391, 13612, 87307, 35448, 66495, 76384]"
117725,"[37972, 48706, 102881, 65589, 44010, 30102, 5, 16287, 31564, 96817]"
117726,"[13363, 83620, 72147, 76590, 28642, 109349, 88933, 45099, 88404, 107090]"
117727,"[104392, 68090, 54355, 10149, 98680, 74576, 85869, 58503, 89526, 56464]"
117728,"[7686, 6999, 107901, 22090, 17984, 29056, 46260, 6129, 95602, 7174]"
117729,"[4365, 49005, 96785, 63828, 102567, 79973, 96588, 30580, 13147, 60713]"
117730,"[20451, 31886, 79452, 39838, 31314, 49031, 60587, 96572, 40888, 16249]"
117731,"[97827, 96827, 37148, 3660, 101388, 60143, 78623, 38572, 85952, 11357]"
117732,"[70227, 92889, 3734, 54338, 32190, 38953, 73911, 45916, 106208, 72019]"
117733,"[71924, 59522, 72862, 71184, 29720, 37423, 2123, 79217, 36458, 10662]"
117734,"[26146, 87043, 40544, 105713, 16113, 63781, 25348, 105811, 17278, 21066]"
117735,"[85128, 49235, 40175, 7712, 83336, 23360, 93623, 31680, 98071, 6596]"
117736,"[107361, 16346, 38799, 96693, 62378, 85030, 50084, 18331, 88011, 42561]"
117737,"[105762, 51827, 102192, 108699, 13848, 9324, 38659, 87723, 94222, 98338]"
117738,"[51904, 42412, 36548, 101131, 97502, 28610, 106745, 56962, 98012, 30576]"
117739,"[41974, 101771, 97077, 22915, 68264, 108332, 6938, 71758, 33350, 55119]"
117740,"[102296, 2014, 48651, 40722, 99950, 53989, 66694, 102473, 23624, 102202]"
117741,"[23798, 14331, 34847, 18558, 81006, 82577, 15521, 84993, 35186, 36160]"
117742,"[72611, 84041, 6880, 3937, 108271, 46360, 81231, 17268, 44596, 71827]"
117743,"[100008, 23230, 10014, 96019, 104614, 94183, 56552, 55031, 61040, 53899]"
117744,"[94698, 3350, 2952, 99746, 88519, 7799, 6042, 64456, 108836, 99942]"
117745,"[100851, 62194, 79808, 33222, 86027, 17949, 52249, 23308, 24452, 6290]"
117746,"[80153, 77598, 87662, 79078, 108054, 36769, 33253, 39754, 6495, 45005]"
117747,"[143, 60790, 49672, 94166, 21248, 24929, 25525, 59301, 101367, 63341]"
117748,"[34613, 61803, 73533, 75674, 78121, 43845, 97311, 14485, 58238, 41972]"
117749,"[86855, 51185, 83514, 24454, 74266, 107911, 26383, 75501, 34894, 64804]"
117750,"[57311, 1526, 34135, 84280, 76872, 20729, 25918, 62907, 108892, 102429]"
117751,"[100614, 63249, 87697, 74939, 21357, 69584, 99, 7816, 2500, 83715]"
117752,"[97319, 93646, 55244, 73074, 77836, 27416, 77360, 109344, 103666, 86938]"
117753,"[78969, 6892, 94360, 50987, 8882, 57161, 50562, 21018, 20398, 76432]"
117754,"[20163, 103014, 102523, 102222, 41880, 24655, 38423, 87575, 39456, 15755]"
117755,"[65907, 92546, 47594, 88168, 44424, 34610, 12376, 24874, 13237, 58149]"
117756,"[11412, 54684, 34224, 42532, 84601, 49034, 70809, 26959, 31896, 84110]"
117757,"[36648, 5949, 53185, 49014, 86987, 11897, 88947, 35254, 34997, 8458]"
117758,"[53299, 63697, 43891, 38094, 93348, 97875, 92915, 89644, 58330, 21163]"
117759,"[95798, 52759, 87110, 8540, 86240, 51004, 66178, 24539, 8513, 108800]"
117760,"[11614, 39159, 101328, 22034, 67980, 21428, 71810, 61383, 35844, 98004]"
117761,"[97558, 21239, 50861, 82845, 90574, 84226, 91129, 19993, 9199, 47351]"
117762,"[67570, 106833, 26520, 19270, 13602, 100359, 38622, 8284, 102545, 47474]"
117763,"[56222, 89984, 92880, 57158, 69596, 67399, 29645, 6380, 27443, 11207]"
117764,"[52405, 84280, 84084, 102105, 56492, 30376, 77465, 106197, 85429, 46488]"
117765,"[89682, 32760, 63510, 57283, 67899, 28810, 67032, 109549, 37849, 7419]"
117766,"[74585, 39447, 105843, 4154, 9056, 30549, 60813, 47088, 10338, 72383]"
117767,"[56485, 65244, 91338, 79221, 21865, 67448, 4837, 42337, 61481, 87879]"
117768,"[103471, 84335, 33471, 100269, 57834, 74292, 12181, 102237, 9994, 75439]"
117769,"[8534, 42035, 62044, 54947, 34727, 31453, 66583, 58584, 21996, 46024]"
117770,"[56899, 64594, 6759, 50639, 75270, 103731, 52907, 8707, 34811, 65415]"
117771,"[11472, 90269, 98548, 37676, 89236, 495, 5833, 22586, 20734, 51127]"
117772,"[19846, 71231, 81123, 50843, 88210, 7181, 66439, 28510, 42552, 33467]"
117773,"[74510, 47857, 25949, 83612, 66134, 82462, 24870, 93286, 11406, 56850]"
117774,"[36351, 78814, 108982, 11759, 85115, 61850, 23783, 14471, 6467, 86602]"
117775,"[96413, 44851, 88087, 72166, 49816, 108067, 41091, 98707, 15348, 76802]"
117776,"[35062, 83461, 36774, 7216, 53496, 14742, 22232, 42348, 54291, 97995]"
117777,"[37912, 35077, 56593, 90186, 71715, 59481, 23296, 85043, 82060, 52188]"
117778,"[41919, 94807, 91732, 76378, 21454, 106501, 4025, 14174, 93340, 74213]"
117779,"[61912, 105488, 99081, 29814, 41276, 94524, 13164, 104262, 87131, 21090]"
117780,"[95757, 73209, 44055, 29402, 85604, 93863, 33021, 17413, 90249, 101105]"
117781,"[66977, 96772, 67639, 104009, 42014, 84462, 89770, 104031, 72920, 107355]"
117782,"[84348, 7133, 72434, 11658, 2843, 73447, 8976, 109251, 59324, 54083]"
117783,"[76365, 61442, 58281, 34257, 30952, 41144, 21782, 47213, 56315, 42285]"
117784,"[5083, 43750, 75294, 95094, 64663, 44800, 51475, 28886, 64333, 50241]"
117785,"[50962, 95389, 82107, 12631, 13795, 73583, 67877, 27225, 109524, 42015]"
117786,"[21693, 92176, 41894, 27313, 4586, 33494, 36014, 100982, 57245, 70280]"
117787,"[27065, 34620, 65317, 95906, 37219, 12330, 6235, 103678, 69824, 20162]"
117788,"[1711, 109116, 36423, 71433, 5295, 41846, 66376, 5186, 94066, 29180]"
117789,"[106618, 72733, 3904, 21119, 49341, 72076, 71185, 46240, 60477, 25920]"
117790,"[58080, 57973, 46633, 89058, 11716, 70119, 75128, 4341, 86991, 95688]"
117791,"[4772, 43500, 97972, 12331, 88821, 6761, 71411, 31630, 62534, 101599]"
117792,"[89543, 78073, 26208, 33744, 2037, 63920, 37412, 56194, 104855, 92155]"
117793,"[38363, 60763, 43730, 87370, 45021, 49977, 24573, 51897, 62746, 89241]"
117794,"[98846, 27905, 17947, 10214, 12370, 55707, 16008, 40354, 46954, 64715]"
117795,"[96399, 21919, 83792, 45119, 102592, 76117, 23149, 18933, 42962, 5259]"
117796,"[34148, 47097, 35918, 100924, 47296, 24660, 48327, 44863, 2220, 4398]"
117797,"[1037, 106164, 107599, 72230, 74565, 81974, 94599, 7638, 7481, 105581]"
117798,"[76403, 35088, 3339, 80837, 50700, 21186, 104493, 109540, 104085, 87013]"
117799,"[102035, 31455, 17963, 89437, 42971, 48175, 23581, 78065, 21938, 97748]"
117800,"[36574, 30676, 89934, 60038, 90749, 42163, 91608, 6478, 16471, 78233]"
117801,"[87485, 25779, 88907, 91686, 8445, 28736, 5235, 1815, 15801, 91104]"
117802,"[16315, 30455, 68601, 38092, 81239, 106485, 75615, 20472, 46621, 9909]"
117803,"[75763, 54606, 72553, 71268, 83984, 51757, 64464, 24574, 53615, 94564]"
117804,"[28338, 61374, 99535, 33704, 4653, 28697, 62836, 38962, 23184, 27501]"
117805,"[23004, 86863, 18311, 93982, 101004, 84490, 94246, 75679, 53107, 12954]"
117806,"[98979, 33983, 34284, 32415, 80819, 29721, 47414, 12535, 82690, 90499]"
117807,"[79281, 103908, 84221, 81895, 18514, 58511, 33245, 26462, 107057, 104402]"
117808,"[98980, 83978, 41131, 58700, 30108, 44735, 61601, 64876, 39305, 60147]"
117809,"[65572, 99372, 36473, 53092, 32531, 60196, 16192, 77596, 27804, 54658]"
117810,"[21141, 99719, 77484, 7882, 109021, 76748, 54587, 65423, 4220, 49842]"
117811,"[11446, 31266, 47110, 1356, 75469, 51967, 103710, 49065, 24958, 48367]"
117812,"[36363, 78045, 85217, 85371, 11754, 12761, 41947, 37486, 42090, 38913]"
117813,"[65712, 35382, 54012, 1630, 30994, 5789, 76326, 76009, 25971, 60379]"
117814,"[50981, 39687, 45926, 9413, 40829, 69425, 68396, 68860, 38162, 3793]"
117815,"[101768, 11215, 69612, 71716, 12766, 59648, 23859, 12251, 60633, 94092]"
117816,"[106505, 57333, 80818, 85019, 28905, 65771, 4661, 4524, 73751, 271]"
117817,"[51375, 74320, 90635, 81795, 78597, 4770, 33231, 23014, 103803, 5297]"
117818,"[76315, 86731, 1660, 67689, 79081, 49605, 16738, 97220, 24940, 79424]"
117819,"[12824, 62485, 15709, 15210, 1647, 79795, 42840, 90218, 83710, 58541]"
117820,"[95719, 8031, 94332, 7223, 86370, 78183, 14406, 106047, 45183, 77820]"
117821,"[8808, 15065, 72521, 18208, 59224, 66321, 17520, 23892, 102978, 42103]"
117822,"[91565, 42939, 92507, 37067, 88344, 54163, 88219, 8462, 48410, 48426]"
117823,"[85091, 106136, 101947, 27549, 72241, 44899, 2074, 63144, 48099, 14170]"
117824,"[61451, 88862, 31754, 101544, 85051, 74139, 66697, 86892, 93530, 9431]"
117825,"[90215, 73653, 1333, 43548, 77203, 97262, 27217, 74617, 83722, 17500]"
117826,"[66875, 25725, 25118, 86044, 16298, 26155, 75855, 93964, 48495, 58706]"
117827,"[48914, 40599, 108151, 56789, 92695, 69362, 71149, 66586, 80348, 9234]"
117828,"[76341, 37792, 83302, 94358, 89767, 106224, 73238, 26968, 80429, 62004]"
117829,"[1152, 78373, 35216, 15510, 72206, 98375, 45834, 45718, 88430, 15138]"
117830,"[3164, 70145, 94101, 84480, 40472, 63070, 105510, 52755, 85494, 13621]"
117831,"[22845, 99783, 42609, 95369, 82212, 78430, 75737, 92257, 23651, 50751]"
117832,"[16720, 69757, 53246, 66714, 58303, 29079, 89369, 43777, 109214, 8544]"
117833,"[24860, 26384, 39145, 105626, 33135, 54911, 92159, 73294, 69225, 12973]"
117834,"[94419, 13124, 2929, 15094, 431, 20842, 109470, 25830, 31290, 62660]"
117835,"[4418, 1093, 89652, 31757, 61242, 46933, 24743, 2855, 25105, 105721]"
117836,"[64862, 13310, 11035, 77821, 82053, 106949, 87046, 17044, 8820, 21840]"
117837,"[91194, 106200, 59818, 76412, 29397, 1779, 56756, 103713, 60734, 105176]"
117838,"[64251, 22591, 80448, 55205, 9208, 7591, 67843, 53622, 69408, 61387]"
117839,"[93340, 94807, 97400, 10532, 40915, 59449, 12579, 60095, 67849, 89752]"
117840,"[95895, 50724, 43236, 23900, 97789, 70895, 48482, 54263, 65611, 31743]"
117841,"[7390, 103969, 63231, 78633, 82681, 5440, 10838, 51620, 13519, 54937]"
117842,"[21465, 8020, 54619, 18551, 34119, 25257, 15004, 37971, 5246, 51609]"
117843,"[53100, 67672, 47580, 37718, 109495, 94184, 67446, 88057, 24581, 15044]"
117844,"[64026, 31865, 60799, 7103, 62629, 109388, 89348, 68007, 11646, 75850]"
117845,"[47133, 106680, 97471, 23662, 105218, 12039, 8093, 52583, 15895, 103598]"
117846,"[89620, 44662, 54005, 76224, 58649, 100040, 42791, 39105, 3802, 45879]"
117847,"[102645, 20447, 56956, 49380, 107518, 53624, 84757, 9163, 28363, 47771]"
117848,"[11939, 19021, 25363, 64675, 3171, 48161, 19963, 67305, 101156, 88881]"
117849,"[28212, 46840, 88099, 34891, 84935, 34932, 103681, 43226, 108496, 67770]"
117850,"[81899, 96375, 85960, 59092, 43627, 17709, 67550, 86505, 31342, 39726]"
117851,"[13714, 56499, 9363, 102376, 55534, 88958, 28891, 25179, 100143, 87710]"
117852,"[101025, 66450, 45662, 103404, 12727, 98085, 108872, 95135, 13385, 46280]"
117853,"[23790, 38451, 8586, 90163, 3686, 82242, 77326, 77142, 36555, 44488]"
117854,"[38135, 18985, 106803, 97955, 91407, 62327, 18354, 1799, 107466, 60865]"
117855,"[100036, 7442, 70760, 94333, 100188, 87054, 109426, 91091, 20211, 29059]"
117856,"[13951, 60995, 61626, 32206, 23735, 23137, 36323, 55021, 91426, 96681]"
117857,"[105578, 10132, 54006, 95511, 25239, 15821, 46958, 5728, 80816, 109453]"
117858,"[61053, 29860, 48983, 65317, 97211, 49064, 33124, 97534, 34948, 97092]"
117859,"[54082, 104372, 39416, 27477, 22144, 43282, 88591, 65951, 55442, 73660]"
117860,"[50530, 46957, 3066, 17171, 104910, 24582, 99090, 73380, 99931, 68739]"
117861,"[97354, 268, 2088, 71499, 41230, 48985, 106584, 44105, 93446, 42817]"
117862,"[75814, 94398, 47477, 109726, 74155, 4966, 54855, 63774, 10103, 74071]"
117863,"[34783, 70145, 94101, 64950, 75010, 108018, 13191, 68745, 1855, 70166]"
117864,"[84270, 10770, 48216, 5416, 42788, 109, 73644, 43193, 65275, 104444]"
117865,"[39950, 102751, 30333, 71430, 50382, 52591, 75489, 81505, 78244, 92378]"
117866,"[89868, 95065, 10953, 73752, 96335, 82396, 450, 57620, 20935, 36686]"
117867,"[23977, 79350, 81323, 67015, 77426, 35176, 45700, 25153, 5631, 39170]"
117868,"[84883, 33635, 32706, 3609, 56845, 49104, 69214, 35764, 28849, 84305]"
117869,"[70138, 54874, 61366, 62535, 48991, 3515, 79255, 12304, 83716, 10248]"
117870,"[94474, 73654, 23394, 93669, 98917, 21136, 35978, 188, 45098, 22129]"
117871,"[16787, 56135, 24540, 1014, 35550, 70828, 95265, 4529, 72240, 39917]"
117872,"[95918, 98429, 77318, 4617, 53442, 42010, 98602, 88279, 108805, 15411]"
117873,"[50771, 47821, 4532, 63555, 24144, 54882, 27445, 106704, 36537, 49228]"
117874,"[87930, 64910, 15279, 64870, 42872, 5496, 74667, 10009, 86649, 87287]"
117875,"[23802, 100129, 90681, 7053, 23385, 26549, 95525, 6940, 91508, 31517]"
117876,"[70364, 44019, 97603, 103624, 100792, 18347, 2400, 25037, 93231, 3835]"
117877,"[94817, 38381, 46178, 24950, 82405, 106576, 37600, 88372, 87268, 59964]"
117878,"[5927, 22584, 106986, 84536, 82845, 97558, 77328, 107717, 93280, 30200]"
117879,"[39094, 11575, 31258, 5151, 64266, 93712, 45448, 24636, 53137, 56041]"
117880,"[101733, 106220, 16627, 29276, 102464, 101487, 85666, 34371, 69845, 107298]"
117881,"[20942, 6261, 46949, 17362, 68495, 19734, 63207, 89050, 94245, 94167]"
117882,"[35183, 59614, 66002, 60206, 92230, 6691, 108209, 36698, 46173, 10572]"
117883,"[53013, 97485, 42081, 69170, 91068, 21885, 95752, 25921, 62193, 46298]"
117884,"[51764, 5460, 74280, 20064, 5086, 5685, 13781, 5703, 27193, 3223]"
117885,"[97722, 9485, 78550, 91654, 543, 55533, 95775, 39148, 100109, 60053]"
117886,"[19717, 3192, 2211, 75142, 62820, 39894, 97932, 38182, 82612, 28791]"
117887,"[102287, 8401, 66188, 32431, 69965, 106811, 3318, 34054, 53370, 94128]"
117888,"[21135, 23695, 96662, 85238, 27479, 65214, 80711, 83968, 106126, 90583]"
117889,"[108592, 7172, 5903, 102181, 97582, 32860, 16288, 78641, 13282, 94948]"
117890,"[22600, 22416, 44094, 87436, 32286, 27190, 50317, 50416, 7840, 5727]"
117891,"[73198, 12477, 29809, 50835, 12760, 85884, 98246, 59453, 38240, 26460]"
117892,"[109561, 106568, 11820, 79204, 19777, 4563, 23968, 50066, 6304, 61320]"
117893,"[36264, 10948, 30468, 79857, 32167, 90516, 17113, 105862, 70937, 92325]"
117894,"[29157, 17916, 84189, 75283, 62155, 24087, 74238, 107194, 83932, 16357]"
117895,"[55867, 55022, 27893, 98500, 87535, 49034, 77259, 40776, 103513, 45591]"
117896,"[54555, 50000, 53705, 28825, 36345, 15678, 72118, 71314, 108797, 27207]"
117897,"[103913, 78239, 55699, 70605, 66732, 64383, 108308, 4032, 80985, 43316]"
117898,"[102387, 89035, 36005, 88236, 103463, 91979, 31633, 66351, 34030, 6549]"
117899,"[15018, 57687, 6480, 20845, 98604, 70732, 26621, 46630, 17665, 92475]"
117900,"[16646, 32845, 11572, 87786, 4744, 66101, 63745, 106977, 90898, 27340]"
117901,"[31905, 87497, 25429, 45101, 102100, 85929, 96073, 26749, 59183, 26861]"
117902,"[77378, 6987, 26282, 21702, 70275, 50903, 66769, 48353, 925, 42031]"
117903,"[14866, 59217, 69770, 102614, 42988, 55472, 102091, 19525, 4533, 67523]"
117904,"[49251, 36657, 52679, 9065, 33562, 44945, 109008, 59564, 93954, 56226]"
117905,"[13, 75182, 24335, 77231, 99171, 56362, 108697, 101373, 61013, 41447]"
117906,"[43043, 59139, 7522, 21817, 68169, 101360, 40319, 62635, 19855, 67507]"
117907,"[15822, 18410, 17093, 43995, 106957, 11793, 13604, 52993, 72473, 27611]"
117908,"[72017, 94441, 9509, 83288, 2697, 65648, 22840, 41954, 15299, 89604]"
117909,"[79444, 32599, 1190, 58717, 80591, 43791, 100395, 12394, 67811, 16825]"
117910,"[109098, 45171, 60186, 40016, 69987, 27034, 67267, 14543, 46512, 66935]"
117911,"[109020, 82345, 21578, 24594, 109732, 50935, 25743, 81494, 94539, 65181]"
117912,"[68751, 67010, 767, 32818, 82273, 8801, 104900, 11541, 51868, 106037]"
117913,"[51268, 2810, 63248, 25506, 90419, 55441, 28463, 76493, 36432, 82116]"
117914,"[9862, 72466, 98145, 15001, 43634, 97700, 33876, 2101, 37503, 22072]"
117915,"[60132, 98200, 84061, 133, 53547, 15870, 90028, 37305, 72777, 80934]"
117916,"[13531, 47429, 40838, 34850, 101061, 91690, 65758, 58183, 4037, 105213]"
117917,"[85366, 19169, 43646, 7076, 48844, 25946, 23055, 14304, 26209, 88750]"
117918,"[51455, 20119, 31697, 17361, 44302, 49704, 33425, 88723, 45348, 32004]"
117919,"[64992, 62707, 72910, 103182, 88979, 50887, 49113, 42340, 42504, 10315]"
117920,"[104608, 101320, 5661, 79454, 47886, 24306, 84499, 84403, 53696, 88458]"
117921,"[80376, 7948, 18603, 91504, 104559, 74782, 60847, 94218, 99089, 82841]"
117922,"[83584, 24267, 45033, 47734, 90975, 10110, 19722, 100561, 99005, 91738]"
117923,"[94235, 1041, 301, 35278, 71878, 67291, 50921, 48292, 67183, 16208]"
117924,"[40431, 6765, 38483, 88229, 95149, 65357, 49340, 36142, 27083, 11173]"
117925,"[1950, 93862, 27851, 36776, 25596, 86023, 41036, 74536, 26473, 60664]"
117926,"[390, 82077, 54789, 45541, 30911, 39439, 2017, 93116, 92211, 75592]"
117927,"[49491, 96634, 86978, 78599, 56110, 79642, 31161, 2679, 59920, 54740]"
117928,"[54546, 61817, 82363, 50117, 48621, 68292, 61305, 79687, 96147, 45361]"
117929,"[71551, 26206, 54641, 40926, 83532, 48542, 102535, 74518, 20579, 103706]"
117930,"[30710, 3269, 2456, 64059, 45972, 79537, 106794, 64442, 13615, 98612]"
117931,"[17920, 82768, 9103, 104185, 36853, 27214, 17899, 9580, 77352, 11288]"
117932,"[47716, 93135, 90052, 1904, 35094, 2645, 63453, 13470, 82676, 35631]"
117933,"[44242, 69916, 60949, 91873, 4845, 18241, 47879, 62809, 34218, 82657]"
117934,"[69668, 21361, 88629, 6942, 42588, 40240, 72177, 11931, 50270, 92841]"
117935,"[96694, 35626, 415, 89859, 49473, 30006, 877, 90953, 59943, 42521]"
117936,"[28154, 43064, 6985, 109394, 94841, 107294, 106879, 10007, 30842, 21220]"
117937,"[41840, 103958, 40748, 99858, 45027, 32433, 95306, 30401, 44652, 18669]"
117938,"[106228, 89408, 8764, 41433, 20218, 80383, 33032, 9052, 52752, 23548]"
117939,"[23028, 13194, 80810, 42782, 36300, 28049, 68567, 13086, 21099, 5660]"
117940,"[69953, 93441, 107593, 88078, 44544, 78258, 21437, 107443, 79963, 24762]"
117941,"[109503, 32921, 11779, 93422, 48778, 8219, 105349, 76276, 96049, 85768]"
117942,"[53798, 29564, 21413, 61274, 29696, 24743, 16084, 64550, 72958, 67228]"
117943,"[70721, 69810, 76827, 29012, 73910, 71596, 7938, 27182, 13295, 3008]"
117944,"[92430, 102451, 64500, 56953, 97075, 19688, 64105, 74714, 16566, 9649]"
117945,"[6380, 29645, 66852, 109199, 63135, 24613, 1434, 57158, 73581, 69596]"
117946,"[69272, 109701, 8687, 96120, 84132, 21190, 98541, 39229, 76186, 47979]"
117947,"[44054, 92077, 67662, 19545, 59763, 81214, 57860, 73587, 40791, 43574]"
117948,"[84631, 91399, 65810, 3017, 63170, 66916, 75477, 104690, 27440, 99628]"
117949,"[27229, 9987, 55590, 102196, 103930, 64950, 27979, 54272, 101279, 36726]"
117950,"[34388, 38406, 10161, 67445, 12400, 77980, 106952, 42890, 520, 7288]"
117951,"[13974, 64358, 72343, 66948, 49722, 36293, 88776, 74405, 103293, 26819]"
117952,"[31213, 28555, 30499, 16355, 50291, 62243, 35028, 85841, 48967, 12094]"
117953,"[71280, 14365, 68580, 62387, 79941, 76685, 4287, 100158, 74786, 102205]"
117954,"[83858, 24406, 97717, 98558, 19022, 60571, 55892, 66145, 43366, 64993]"
117955,"[9950, 74751, 57842, 77872, 68164, 64710, 2792, 29263, 108176, 32594]"
117956,"[64091, 54410, 162, 71519, 38665, 101213, 60710, 40695, 34163, 61730]"
117957,"[41711, 107515, 84440, 28674, 100197, 92574, 81825, 6369, 41874, 66752]"
117958,"[9819, 29109, 34061, 35043, 33844, 9356, 95048, 59125, 95530, 65323]"
117959,"[15656, 61593, 102584, 95498, 62952, 83358, 81604, 15291, 36157, 22280]"
117960,"[75752, 47422, 37911, 92780, 57720, 81579, 47270, 53778, 57904, 58602]"
117961,"[33196, 84462, 89770, 25237, 23445, 62523, 50125, 42014, 6910, 37735]"
117962,"[32828, 70815, 33401, 53754, 40617, 106712, 53986, 32881, 15640, 53571]"
117963,"[69217, 56283, 101782, 76451, 108516, 46759, 81893, 82197, 85341, 45254]"
117964,"[7073, 104242, 51105, 76463, 44177, 107362, 63435, 3929, 16434, 105125]"
117965,"[93913, 78659, 88212, 49941, 88070, 7613, 108589, 97503, 7020, 22215]"
117966,"[107111, 18317, 1375, 14743, 72181, 57710, 39482, 1446, 45561, 84210]"
117967,"[32357, 91079, 22523, 25196, 43089, 32098, 95277, 94346, 30809, 71281]"
117968,"[65296, 29872, 20659, 18087, 62424, 24778, 37561, 97765, 9283, 16839]"
117969,"[96165, 85828, 85545, 8011, 69374, 24269, 74906, 102145, 64399, 23300]"
117970,"[101745, 42136, 50750, 107398, 100085, 30943, 105613, 47081, 52962, 58948]"
117971,"[93118, 96867, 58574, 43602, 61697, 48059, 78888, 1011, 75201, 34405]"
117972,"[44344, 52697, 38307, 99550, 27519, 154, 57045, 18860, 87396, 20836]"
117973,"[82324, 101284, 72435, 21320, 17607, 21344, 2398, 48173, 39491, 91138]"
117974,"[26135, 73273, 48840, 74210, 25361, 96916, 106764, 39746, 90224, 99293]"
117975,"[96459, 25766, 6611, 19380, 82238, 77656, 81925, 23799, 71965, 74045]"
117976,"[3514, 6188, 94620, 76079, 35206, 11561, 591, 59082, 48936, 62605]"
117977,"[90046, 61678, 94650, 30128, 22041, 10962, 91818, 30385, 101570, 74424]"
117978,"[50202, 50131, 67767, 29225, 11068, 107586, 65314, 28458, 2265, 74944]"
117979,"[30475, 92568, 49482, 59606, 42395, 38119, 26825, 80687, 25457, 61121]"
117980,"[81050, 86654, 45722, 107433, 94490, 55836, 70503, 56961, 92849, 78061]"
117981,"[90737, 84803, 1892, 30338, 9491, 86325, 90694, 63441, 37662, 39048]"
117982,"[14834, 58509, 62318, 79914, 48631, 15230, 71993, 9040, 34142, 61711]"
117983,"[59997, 25508, 23808, 38542, 105591, 35759, 103488, 37846, 44233, 63413]"
117984,"[85432, 39344, 22401, 39690, 58768, 85507, 90496, 95316, 98164, 31669]"
117985,"[10843, 4347, 101754, 64789, 11121, 48406, 85713, 33214, 20080, 48043]"
117986,"[9235, 51157, 104276, 108443, 26435, 88901, 53793, 62726, 21989, 41953]"
117987,"[6065, 10498, 817, 78103, 97606, 86865, 66073, 7215, 64911, 46015]"
117988,"[45206, 13095, 62649, 81132, 84589, 66805, 38516, 9900, 88208, 95988]"
117989,"[101750, 46188, 4767, 93065, 29670, 94992, 65904, 95003, 35059, 85525]"
117990,"[732, 49909, 28391, 2493, 72091, 27748, 45539, 13617, 100444, 52931]"
117991,"[87550, 28979, 30027, 82234, 68181, 56028, 80025, 58292, 42857, 60628]"
117992,"[60701, 10000, 75629, 94151, 55251, 7260, 16937, 12277, 12659, 58566]"
117993,"[43037, 42513, 101531, 87718, 8520, 103903, 42919, 57321, 75395, 23188]"
117994,"[74992, 101292, 29164, 107426, 97500, 72321, 54962, 82957, 33576, 4054]"
117995,"[99784, 48415, 96040, 71091, 51058, 76673, 20439, 38409, 39701, 98807]"
117996,"[44172, 66727, 108865, 100958, 103180, 30172, 60228, 45067, 8507, 72972]"
117997,"[13446, 102182, 4855, 63169, 11108, 56778, 26305, 93458, 104374, 87352]"
117998,"[33714, 20785, 51685, 19335, 75667, 28292, 30423, 10668, 14776, 37299]"
117999,"[17690, 83839, 83191, 88017, 108212, 34614, 40262, 13507, 28056, 10780]"
118000,"[22692, 66227, 6672, 25990, 61903, 75247, 103146, 87023, 58937, 56725]"
118001,"[6572, 101437, 3780, 50706, 79948, 9988, 38150, 25376, 87332, 63796]"
118002,"[47020, 34085, 37441, 64214, 96410, 24203, 108577, 95607, 54389, 35919]"
118003,"[6574, 43143, 83192, 103249, 91889, 29623, 49339, 14291, 27520, 95306]"
118004,"[107064, 23748, 18103, 100992, 9277, 12007, 29808, 94940, 104783, 68226]"
118005,"[16771, 80041, 52276, 8997, 5306, 92609, 24730, 56270, 32562, 62361]"
118006,"[95423, 43979, 47647, 8324, 71816, 25810, 48603, 81301, 24492, 26414]"
118007,"[36454, 99297, 25776, 98464, 23795, 98094, 46149, 91291, 58855, 2013]"
118008,"[21757, 57956, 33941, 90629, 49824, 14753, 56757, 27086, 99855, 103552]"
118009,"[42363, 17386, 55760, 10577, 95120, 31093, 85161, 78912, 32631, 28153]"
118010,"[71890, 59523, 82837, 8937, 17955, 79132, 92692, 66591, 50697, 66091]"
118011,"[22797, 107368, 20866, 90156, 56790, 6950, 106730, 99848, 40834, 49183]"
118012,"[76464, 62420, 4815, 85419, 46164, 43455, 47235, 37426, 55717, 17891]"
118013,"[84867, 60385, 47121, 70624, 39066, 109247, 44991, 31445, 2880, 77518]"
118014,"[33715, 50371, 18021, 92134, 20582, 34077, 13283, 70515, 6067, 98248]"
118015,"[16408, 54188, 91368, 70472, 38355, 88824, 76369, 13465, 35381, 27984]"
118016,"[39887, 41908, 58437, 17708, 59935, 40803, 96756, 41148, 58064, 82530]"
118017,"[46652, 55588, 18129, 17935, 57181, 53317, 50333, 35762, 40244, 72599]"
118018,"[1440, 71054, 31400, 90252, 73102, 43600, 18114, 62408, 78641, 25904]"
118019,"[71215, 14105, 12933, 81524, 105743, 44406, 73625, 6966, 82792, 98021]"
118020,"[105365, 4884, 77706, 51152, 90611, 57675, 16129, 92309, 56876, 77444]"
118021,"[63490, 13696, 21117, 69342, 81715, 26274, 31936, 68455, 43778, 67193]"
118022,"[84780, 82039, 105316, 76667, 71267, 39947, 16858, 105955, 50916, 38270]"
118023,"[51549, 38424, 98335, 48675, 54466, 33292, 68038, 60725, 96781, 57000]"
118024,"[34914, 91322, 66158, 33876, 53936, 92354, 79065, 26850, 75788, 58504]"
118025,"[15169, 1567, 85896, 64198, 108890, 97771, 27959, 52821, 101896, 25656]"
118026,"[89017, 68154, 91983, 68855, 40550, 106281, 77691, 6110, 91241, 84172]"
118027,"[17668, 85036, 60477, 89663, 78551, 4947, 9018, 19983, 13681, 7633]"
118028,"[8189, 12876, 18786, 2209, 11223, 19079, 7635, 7542, 10674, 4472]"
118029,"[38855, 108522, 31589, 109059, 57392, 97921, 14715, 70878, 55490, 97922]"
118030,"[92729, 10043, 86974, 101794, 53103, 107374, 13255, 324, 48762, 51756]"
118031,"[5663, 105077, 24400, 102493, 90422, 4637, 90710, 12300, 87684, 38833]"
118032,"[2018, 1929, 89432, 40632, 103590, 72395, 55596, 79946, 74481, 89277]"
118033,"[4101, 43883, 47863, 18621, 86846, 70652, 1443, 52527, 22923, 37589]"
118034,"[19199, 18989, 47841, 64675, 94311, 64380, 19963, 23786, 54758, 16590]"
118035,"[74530, 81510, 93640, 88794, 91610, 23298, 71125, 40680, 1483, 7934]"
118036,"[76799, 32089, 5964, 76295, 81026, 72749, 8348, 29305, 77842, 87734]"
118037,"[104100, 50832, 14254, 44095, 12193, 7629, 35922, 41542, 98612, 97158]"
118038,"[36306, 70795, 57441, 35461, 71635, 32166, 30581, 75280, 34730, 80546]"
118039,"[39836, 9046, 2339, 80378, 12293, 84184, 49673, 50596, 76747, 84220]"
118040,"[96656, 88754, 59342, 60438, 87526, 2586, 91264, 95017, 19082, 75059]"
118041,"[104444, 7953, 4813, 70547, 63543, 33180, 69914, 2582, 40696, 51722]"
118042,"[87150, 78630, 80811, 82127, 74250, 13031, 73075, 84442, 99086, 37031]"
118043,"[13086, 96770, 20833, 49330, 11774, 43951, 68567, 23028, 21099, 5660]"
118044,"[98096, 69176, 25344, 79425, 104629, 71964, 95932, 7270, 21105, 49250]"
118045,"[46336, 88043, 70730, 69303, 73374, 11364, 73183, 45830, 21833, 100115]"
118046,"[102468, 47690, 109204, 83854, 100609, 86247, 26187, 10792, 92229, 93654]"
118047,"[19753, 32402, 66009, 79376, 40934, 1056, 71498, 66496, 61172, 97532]"
118048,"[25769, 107645, 15534, 8090, 90058, 17384, 91448, 65476, 86909, 50150]"
118049,"[22786, 42005, 39691, 43180, 42849, 96409, 77951, 52140, 44795, 67099]"
118050,"[99712, 35806, 12474, 89663, 105588, 12758, 52673, 54493, 81324, 22634]"
118051,"[104957, 64886, 7623, 88671, 74509, 27161, 75296, 45268, 34551, 15751]"
118052,"[35536, 61680, 18681, 98767, 25287, 41581, 62445, 80177, 41774, 53811]"
118053,"[28154, 43064, 6985, 109394, 94841, 107294, 106879, 29681, 8086, 10007]"
118054,"[43539, 26347, 21292, 40990, 95778, 46343, 14147, 12980, 40227, 38744]"
118055,"[11475, 14985, 93086, 94065, 8135, 85648, 28720, 68799, 83496, 41247]"
118056,"[12498, 44919, 70556, 66812, 71948, 35196, 5856, 66972, 51008, 15289]"
118057,"[27156, 90738, 55538, 9529, 42559, 22194, 71431, 15350, 71594, 7721]"
118058,"[77316, 52128, 97744, 4137, 91134, 16511, 1849, 28123, 66990, 101232]"
118059,"[45498, 91211, 43417, 100729, 75919, 79070, 84522, 96330, 9746, 100067]"
118060,"[16055, 8995, 76127, 87423, 89492, 66239, 24962, 56128, 33207, 102221]"
118061,"[30800, 37281, 77016, 97005, 92108, 55613, 67366, 1622, 53181, 106302]"
118062,"[54918, 40170, 13350, 60082, 16384, 104831, 30329, 29067, 44246, 35966]"
118063,"[95155, 19614, 19755, 61114, 86237, 22975, 60131, 41336, 68689, 160]"
118064,"[29342, 48464, 15308, 73877, 12084, 21266, 54633, 22191, 69647, 81389]"
118065,"[32530, 24171, 55935, 19346, 55984, 69801, 101278, 99942, 9286, 51241]"
118066,"[35753, 25564, 92795, 89623, 79088, 98851, 73925, 7246, 93732, 44353]"
118067,"[63480, 95749, 58095, 102917, 90626, 4713, 74018, 33812, 88597, 62164]"
118068,"[17309, 91762, 108289, 15317, 45166, 106971, 5428, 18138, 39657, 25078]"
118069,"[55621, 49448, 39837, 52437, 66589, 55285, 106612, 82697, 38692, 67359]"
118070,"[101859, 27998, 56835, 75927, 58121, 33658, 13921, 7477, 31447, 11287]"
118071,"[3627, 11236, 54179, 48707, 96170, 105930, 83943, 27885, 27966, 6538]"
118072,"[79510, 33620, 36717, 90021, 54312, 13703, 43422, 82606, 57988, 41301]"
118073,"[79315, 67586, 3275, 1197, 18754, 24515, 76060, 18718, 98059, 103764]"
118074,"[11669, 29599, 46446, 58392, 39619, 8423, 50346, 56775, 21681, 86014]"
118075,"[73517, 56489, 85857, 28173, 43878, 70843, 94015, 44642, 14480, 70511]"
118076,"[75629, 10150, 90643, 81745, 24362, 50700, 60701, 12659, 58566, 79270]"
118077,"[21298, 16893, 14250, 9386, 82797, 89610, 61186, 38861, 28330, 6346]"
118078,"[72835, 88101, 76873, 88932, 99840, 73674, 17657, 28946, 90731, 91673]"
118079,"[32900, 47559, 80222, 39723, 27449, 95617, 65426, 90677, 57183, 37721]"
118080,"[23350, 71393, 31979, 105005, 59551, 73050, 69370, 29905, 88643, 57222]"
118081,"[73940, 17308, 5379, 40170, 41499, 30022, 58581, 106747, 69450, 64997]"
118082,"[26940, 20038, 33318, 60313, 93927, 84380, 31008, 98556, 67576, 98468]"
118083,"[90145, 78631, 47829, 60613, 89207, 59291, 83852, 32949, 105307, 69357]"
118084,"[90732, 73681, 88334, 64384, 27890, 34835, 107075, 102786, 109323, 67448]"
118085,"[106259, 103054, 75070, 49430, 27058, 61747, 22013, 38958, 64378, 107299]"
118086,"[45276, 39441, 94074, 28502, 54500, 40623, 61053, 2679, 85343, 44734]"
118087,"[31532, 87655, 36727, 89244, 95821, 55142, 46047, 39379, 80945, 21444]"
118088,"[10084, 594, 82802, 87424, 78227, 73456, 100390, 68516, 98976, 62923]"
118089,"[26856, 44687, 87740, 13410, 80962, 4856, 29416, 95923, 100372, 74076]"
118090,"[51042, 61528, 49106, 71749, 45085, 86376, 108007, 86491, 48689, 40779]"
118091,"[42303, 98855, 20166, 35589, 14462, 79213, 46098, 70536, 103778, 79773]"
118092,"[50123, 98777, 85219, 69653, 58587, 103631, 8429, 5407, 38286, 96609]"
118093,"[29423, 10640, 107694, 50414, 5720, 101814, 105714, 27240, 96892, 67762]"
118094,"[33893, 51468, 15696, 105459, 99673, 56520, 50812, 8031, 43989, 85553]"
118095,"[83782, 27631, 94442, 7724, 19720, 16276, 85786, 23536, 38948, 1712]"
118096,"[7724, 27533, 52390, 96855, 88625, 2549, 39783, 32097, 67212, 14994]"
118097,"[34476, 10701, 94558, 106232, 13564, 64055, 89530, 22225, 4599, 17509]"
118098,"[72612, 69036, 91409, 79805, 25553, 30372, 9640, 44837, 100812, 19492]"
118099,"[90215, 73653, 1333, 97262, 74617, 31707, 69823, 50224, 27217, 83722]"
118100,"[84807, 24355, 32393, 65286, 29027, 83672, 74195, 34362, 36721, 68887]"
118101,"[31459, 91563, 15398, 18650, 3236, 49925, 80849, 35052, 61394, 102270]"
118102,"[40444, 59555, 35152, 7015, 54110, 81886, 36583, 1506, 25431, 62478]"
118103,"[34254, 16817, 35683, 58409, 38516, 5557, 68230, 19407, 78695, 26178]"
118104,"[108763, 37779, 25076, 68156, 15704, 72874, 20781, 9007, 103523, 6988]"
118105,"[45539, 104249, 106339, 82740, 90303, 100444, 96239, 25101, 106941, 60916]"
118106,"[94487, 39197, 23072, 6357, 80320, 103654, 37195, 91337, 2856, 80954]"
118107,"[17304, 45303, 98859, 48322, 38154, 104500, 38219, 6021, 86443, 106479]"
118108,"[52972, 98927, 19643, 9791, 108101, 64879, 55218, 25568, 85977, 13761]"
118109,"[54331, 74201, 55364, 80368, 22140, 32275, 85182, 53477, 3722, 7326]"
118110,"[51804, 682, 46713, 5947, 29724, 562, 101126, 11225, 33709, 2594]"
118111,"[83760, 53414, 3604, 99241, 91216, 1121, 86666, 65679, 90347, 39979]"
118112,"[98498, 81030, 78452, 46511, 93293, 33592, 3462, 98529, 49744, 74396]"
118113,"[27191, 80482, 5698, 105186, 5945, 102457, 96739, 79803, 56019, 27104]"
118114,"[67511, 74162, 48192, 42528, 96967, 26708, 19308, 20901, 5681, 29085]"
118115,"[70189, 55197, 6968, 92647, 25994, 71282, 38910, 80425, 37523, 74359]"
118116,"[42986, 31507, 10926, 20678, 31328, 25173, 18007, 107175, 75790, 88232]"
118117,"[90978, 94099, 98629, 82807, 96377, 94554, 2095, 93099, 103417, 103790]"
118118,"[26566, 25223, 37908, 5724, 81670, 38515, 62892, 64543, 62644, 79857]"
118119,"[13542, 98180, 97776, 89805, 9963, 67446, 8878, 9149, 67709, 21906]"
118120,"[61459, 44103, 98789, 64591, 59735, 105218, 47133, 8093, 73021, 52583]"
118121,"[11467, 66524, 79922, 39982, 42269, 84865, 50869, 28695, 87856, 19159]"
118122,"[41375, 15866, 85361, 64919, 59819, 83411, 96575, 74225, 101529, 99857]"
118123,"[20803, 22797, 103274, 631, 46399, 94081, 97664, 54989, 107372, 107325]"
118124,"[104474, 39062, 24678, 18486, 100448, 44895, 10644, 59741, 14081, 53455]"
118125,"[106374, 12692, 31424, 42245, 39230, 11691, 66718, 44464, 81779, 87702]"
118126,"[42392, 50658, 72773, 71389, 36995, 25362, 97023, 102544, 42663, 63972]"
118127,"[42008, 88047, 63234, 108808, 38379, 65638, 16558, 55109, 30736, 108862]"
118128,"[75062, 67219, 59216, 102653, 22796, 18182, 104824, 65946, 96245, 80805]"
118129,"[98359, 100256, 89137, 74563, 49615, 104837, 84610, 70623, 16240, 60326]"
118130,"[54243, 55012, 17690, 78424, 13507, 47563, 7084, 83091, 20690, 95298]"
118131,"[85815, 27889, 43585, 81946, 25753, 50782, 90576, 86089, 93356, 80452]"
118132,"[90843, 83530, 86907, 8133, 56719, 6771, 108796, 53979, 99055, 75191]"
118133,"[55087, 44645, 62871, 73852, 44016, 83923, 91191, 64526, 46296, 100336]"
118134,"[68680, 102832, 67618, 52145, 77505, 15054, 79456, 5858, 68996, 84874]"
118135,"[63975, 48368, 107851, 63373, 92699, 35832, 43418, 15703, 29848, 85392]"
118136,"[44560, 29389, 35487, 101649, 90613, 101713, 34547, 85795, 103574, 88305]"
118137,"[21184, 72689, 16053, 106147, 10758, 101137, 46535, 84212, 15950, 11005]"
118138,"[30205, 25670, 78457, 45712, 37274, 104062, 96630, 99372, 2712, 92632]"
118139,"[70183, 99162, 50739, 91683, 11067, 37824, 98211, 85227, 76973, 40704]"
118140,"[80293, 97366, 44399, 13389, 82799, 57763, 84437, 82285, 15813, 90193]"
118141,"[77416, 69753, 32488, 42294, 55507, 99720, 43478, 87156, 47152, 31326]"
118142,"[60890, 32101, 28531, 36553, 3621, 12862, 88771, 17377, 73331, 43172]"
118143,"[55091, 109447, 23141, 79481, 108118, 47168, 41457, 73544, 22099, 11796]"
118144,"[98045, 54559, 38656, 99864, 28095, 13126, 106663, 67721, 106984, 75275]"
118145,"[13388, 54834, 83009, 44801, 43117, 87049, 65727, 7017, 72956, 51290]"
118146,"[93146, 46501, 89798, 3017, 31907, 59742, 807, 83793, 26985, 81056]"
118147,"[63279, 20365, 11386, 20101, 37543, 33262, 23333, 15889, 43027, 53982]"
118148,"[49154, 24200, 53551, 45717, 11662, 30320, 86324, 21086, 19368, 85465]"
118149,"[85888, 33096, 15008, 28021, 4357, 97151, 33181, 108132, 62962, 102625]"
118150,"[21551, 87308, 54786, 38616, 25851, 20685, 57494, 80259, 67519, 98719]"
118151,"[12504, 74012, 5280, 58448, 94733, 48018, 17196, 60606, 91174, 42173]"
118152,"[27235, 5039, 66532, 10923, 87927, 72937, 10242, 74572, 54503, 69851]"
118153,"[6996, 20299, 83157, 11736, 24713, 47396, 56530, 106238, 81821, 71074]"
118154,"[855, 19841, 62435, 68800, 3059, 83663, 88358, 24479, 88201, 22751]"
118155,"[53736, 62617, 59382, 78569, 58146, 90640, 71207, 90544, 27513, 67969]"
118156,"[108085, 39275, 42720, 67529, 50767, 55195, 52532, 55146, 9113, 72684]"
118157,"[25283, 52866, 76600, 49907, 33629, 67091, 42266, 31085, 99852, 12686]"
118158,"[81109, 80881, 31302, 6518, 3847, 108197, 27242, 33506, 63736, 51396]"
118159,"[26031, 83708, 42492, 38264, 70645, 24256, 63775, 108798, 52268, 47769]"
118160,"[51461, 25848, 75036, 42600, 5930, 41679, 18377, 96747, 38179, 103939]"
118161,"[11216, 66012, 73487, 92771, 109547, 38049, 89568, 89297, 90783, 2949]"
118162,"[88446, 61025, 4700, 15792, 106051, 24041, 33229, 32454, 38493, 4595]"
118163,"[52889, 81460, 28366, 10030, 43682, 83765, 60557, 11105, 3248, 87472]"
118164,"[55515, 102035, 107494, 22237, 90518, 76943, 59441, 72523, 93801, 39664]"
118165,"[95610, 69564, 73013, 69077, 47327, 104872, 50386, 46784, 87417, 5972]"
118166,"[72391, 82063, 45077, 3058, 56167, 48409, 38292, 45986, 75588, 23380]"
118167,"[73508, 99896, 18032, 75051, 6658, 80300, 36911, 27031, 64086, 21155]"
118168,"[36557, 21065, 61429, 81595, 13748, 57046, 75209, 107874, 6331, 82412]"
118169,"[58661, 16956, 15391, 47734, 76100, 4385, 71280, 45033, 38222, 74600]"
118170,"[55210, 70643, 683, 81283, 38504, 26723, 39861, 77150, 84569, 101151]"
118171,"[19929, 47385, 19598, 64820, 64048, 23976, 39854, 24911, 82121, 8947]"
118172,"[49574, 90524, 85089, 65642, 67247, 3095, 96399, 61513, 85662, 14950]"
118173,"[49990, 99379, 47147, 82246, 93815, 84406, 58724, 91432, 98196, 35108]"
118174,"[25156, 93992, 96770, 105039, 78775, 24109, 42585, 46317, 71360, 73371]"
118175,"[74277, 22919, 89150, 61048, 20828, 1682, 61594, 65189, 32955, 857]"
118176,"[46938, 83374, 25776, 58856, 87810, 20073, 79976, 91105, 71557, 25631]"
118177,"[75422, 89715, 87646, 48881, 23784, 51071, 10529, 76047, 87796, 29889]"
118178,"[2435, 82630, 2658, 88173, 79681, 51659, 72660, 12475, 7456, 61836]"
118179,"[68732, 87472, 13824, 10030, 83244, 68918, 83765, 67656, 86754, 13831]"
118180,"[106273, 72919, 87234, 49843, 96472, 19250, 74802, 43032, 74848, 103455]"
118181,"[100313, 87907, 20600, 28941, 100232, 16344, 53348, 26112, 103875, 15614]"
118182,"[70567, 91823, 69496, 69252, 15071, 14137, 76886, 88318, 76562, 71533]"
118183,"[71287, 79884, 6340, 57164, 4100, 102399, 80237, 67730, 24992, 99243]"
118184,"[30239, 106435, 67734, 82242, 44120, 80552, 36442, 75025, 65151, 26215]"
118185,"[13248, 38620, 106726, 90229, 64191, 19652, 17082, 52319, 30115, 16930]"
118186,"[66192, 99329, 40824, 71724, 7959, 29901, 90744, 99133, 92790, 47564]"
118187,"[95560, 88737, 90286, 29586, 41602, 28952, 34990, 61126, 82729, 80888]"
118188,"[37943, 15530, 28600, 6819, 109083, 14538, 12499, 75359, 69915, 77747]"
118189,"[94802, 106425, 108121, 105330, 22569, 79054, 26010, 58025, 106905, 26242]"
118190,"[18962, 64179, 77793, 80607, 27822, 72379, 31064, 9644, 1764, 9347]"
118191,"[43892, 73239, 37850, 41619, 72840, 73959, 64969, 57454, 19956, 24177]"
118192,"[15827, 26142, 72353, 30347, 3777, 38708, 10111, 49329, 76854, 91413]"
118193,"[50747, 24901, 45136, 90040, 59166, 13044, 67785, 42868, 108712, 34621]"
118194,"[88019, 70266, 29139, 76341, 37792, 83302, 95999, 40358, 94358, 89767]"
118195,"[34951, 49318, 107090, 48430, 19485, 38780, 47288, 94763, 84976, 58530]"
118196,"[30168, 58616, 14389, 4413, 29228, 8577, 88183, 106641, 60383, 13019]"
118197,"[70227, 92889, 3734, 74256, 73553, 20968, 38953, 54338, 73911, 45916]"
118198,"[19019, 90812, 27370, 7698, 45612, 72158, 7330, 46830, 36783, 57909]"
118199,"[55735, 38409, 8120, 85662, 82387, 36683, 37236, 7064, 48084, 25972]"
118200,"[46611, 61626, 75106, 86731, 67689, 79081, 49605, 67187, 79424, 60995]"
118201,"[51156, 106553, 74298, 17755, 11945, 3630, 54737, 86256, 38064, 32420]"
118202,"[48388, 30955, 99769, 61396, 40776, 52513, 17570, 95718, 81851, 43841]"
118203,"[83446, 20271, 95871, 76671, 63649, 73770, 96561, 54657, 47542, 640]"
118204,"[31540, 86080, 40450, 92533, 2937, 591, 53859, 11136, 1554, 8116]"
118205,"[4866, 109217, 27787, 102363, 58274, 79059, 98520, 74410, 103244, 36428]"
118206,"[102855, 29155, 107087, 3384, 84501, 93528, 93482, 86702, 78626, 109389]"
118207,"[18074, 106162, 105239, 27779, 68035, 102199, 75960, 40818, 72340, 15039]"
118208,"[20244, 61471, 96959, 10243, 97108, 55810, 94019, 43103, 73175, 48540]"
118209,"[27065, 103678, 54536, 37006, 37957, 57052, 52598, 67068, 29599, 40182]"
118210,"[55336, 22474, 91339, 55440, 78011, 23043, 1313, 14213, 52992, 69846]"
118211,"[63775, 108798, 60379, 106626, 26031, 14701, 9054, 73739, 43941, 77732]"
118212,"[79921, 47669, 49757, 25310, 101008, 23697, 9303, 37812, 43647, 37547]"
118213,"[61964, 64684, 49868, 53967, 9402, 97061, 58910, 57291, 107421, 44960]"
118214,"[69943, 23720, 68573, 95559, 80979, 33814, 77828, 60350, 109529, 8346]"
118215,"[49402, 41996, 55273, 7505, 91857, 74029, 55266, 38876, 71347, 47586]"
118216,"[63700, 101132, 15418, 21691, 73958, 96705, 76873, 23215, 83840, 95034]"
118217,"[36492, 49424, 33589, 78964, 93261, 15249, 56144, 80587, 24984, 84505]"
118218,"[16373, 89646, 67309, 40518, 13218, 73299, 71818, 72500, 74555, 56827]"
118219,"[69968, 30627, 14731, 55880, 90055, 71380, 48937, 49415, 11652, 40614]"
118220,"[22371, 65699, 75933, 89852, 64010, 23166, 66218, 103413, 22288, 27733]"
118221,"[28081, 63232, 106981, 41386, 4064, 99753, 51838, 65189, 50062, 103682]"
118222,"[99966, 61430, 92300, 30546, 60375, 89596, 26274, 31394, 104967, 11321]"
118223,"[62651, 77629, 73487, 66012, 109276, 89568, 82129, 71930, 95816, 32172]"
118224,"[35192, 57176, 41581, 34083, 41774, 90772, 96413, 46316, 46845, 35536]"
118225,"[73409, 42471, 49016, 36590, 81644, 65176, 18680, 37358, 31069, 79679]"
118226,"[57208, 106087, 100062, 96590, 36371, 41475, 95025, 51394, 62442, 59279]"
118227,"[84985, 30656, 94555, 72709, 8206, 92030, 41870, 6809, 17413, 60423]"
118228,"[93997, 7295, 86794, 10759, 27568, 53089, 26701, 92498, 83192, 93783]"
118229,"[76584, 66071, 90964, 23613, 8416, 3978, 77200, 48584, 95613, 14367]"
118230,"[109336, 89621, 1556, 108509, 17165, 46947, 30915, 89283, 83490, 65290]"
118231,"[89592, 81628, 11612, 106986, 72579, 44465, 30041, 10759, 53089, 63662]"
118232,"[63666, 1489, 9660, 22373, 96244, 3694, 1514, 105290, 108333, 73162]"
118233,"[103040, 51568, 47097, 34148, 4398, 2220, 63166, 100924, 47296, 44863]"
118234,"[38304, 37923, 10517, 20501, 3708, 45512, 55178, 11858, 63454, 95518]"
118235,"[27020, 33643, 62490, 100361, 93433, 67979, 81658, 10031, 90925, 10089]"
118236,"[20853, 72952, 87771, 38827, 72717, 97247, 57733, 38664, 57376, 45923]"
118237,"[6454, 97573, 34407, 32210, 92436, 30865, 25652, 58055, 36903, 74581]"
118238,"[12888, 72559, 53523, 80956, 57191, 32419, 105443, 34386, 24891, 50354]"
118239,"[69057, 99313, 67822, 109618, 19472, 16559, 39990, 70253, 11318, 39492]"
118240,"[58457, 72116, 35229, 37998, 92357, 96878, 103222, 3115, 3927, 83328]"
118241,"[63721, 36847, 27962, 12248, 53592, 45839, 38609, 45225, 62450, 353]"
118242,"[68843, 85676, 98985, 41478, 31879, 23494, 98685, 27964, 32074, 11781]"
118243,"[54884, 103202, 33387, 101726, 37401, 53902, 100707, 32031, 75472, 91297]"
118244,"[85598, 44996, 17958, 75448, 868, 61122, 52406, 75534, 78810, 6216]"
118245,"[58482, 31925, 96576, 73505, 71581, 16792, 26126, 72277, 103805, 1755]"
118246,"[47741, 108758, 51069, 46729, 5416, 43252, 52328, 26485, 80784, 1590]"
118247,"[20558, 104162, 107699, 45272, 5477, 26079, 101831, 86782, 52695, 56662]"
118248,"[46901, 68715, 41947, 67899, 66291, 37486, 46721, 85217, 28810, 85371]"
118249,"[35422, 88169, 88422, 42352, 20593, 101317, 94318, 23216, 72605, 19108]"
118250,"[91556, 73465, 77298, 47453, 68704, 80643, 31814, 49714, 27298, 37607]"
118251,"[67792, 90511, 103341, 27862, 98304, 25963, 11346, 41431, 53363, 34642]"
118252,"[30500, 58521, 67077, 6612, 98479, 81721, 40180, 53319, 23474, 16018]"
118253,"[40958, 64636, 52180, 62218, 35872, 67539, 50834, 101239, 35201, 74644]"
118254,"[52882, 20643, 14592, 50160, 109721, 10617, 75068, 71893, 87682, 109606]"
118255,"[51416, 78839, 57104, 50402, 55845, 19452, 2871, 50230, 99685, 41488]"
118256,"[36967, 105958, 92990, 69505, 66575, 77583, 45351, 108789, 100067, 3584]"
118257,"[40036, 30432, 49000, 7613, 30605, 97397, 29316, 29319, 56125, 22215]"
118258,"[23893, 106985, 11700, 50985, 99817, 49300, 17899, 72731, 14012, 70625]"
118259,"[103488, 7354, 101155, 24285, 42203, 52227, 92039, 38542, 28194, 10255]"
118260,"[68827, 66810, 52776, 85705, 32388, 30149, 28848, 76966, 32521, 87830]"
118261,"[27288, 59759, 53150, 31558, 64966, 38495, 76005, 77235, 33037, 29480]"
118262,"[36602, 34712, 38063, 51207, 46163, 49602, 109322, 25271, 86152, 39070]"
118263,"[84046, 1487, 53795, 66645, 21794, 66158, 33876, 79065, 87389, 85322]"
118264,"[88084, 79853, 107665, 18231, 49860, 62081, 59923, 26648, 1089, 63407]"
118265,"[50962, 12631, 13795, 73583, 42015, 60122, 41483, 109470, 27859, 70419]"
118266,"[37457, 34515, 20272, 96895, 106002, 55963, 37016, 28766, 22847, 16787]"
118267,"[56565, 87435, 34262, 66206, 28083, 69532, 45976, 71580, 60573, 68517]"
118268,"[24093, 28698, 76133, 72441, 108195, 56229, 54050, 90777, 64881, 31490]"
118269,"[29217, 54832, 50848, 62733, 82660, 29102, 68528, 6861, 69626, 105642]"
118270,"[96149, 100530, 35702, 30664, 85203, 105097, 39753, 107874, 60700, 90467]"
118271,"[81451, 48616, 67693, 34900, 17510, 83513, 49347, 102541, 97752, 74232]"
118272,"[87639, 57890, 13758, 36047, 53639, 2755, 86411, 41683, 19240, 102841]"
118273,"[37345, 30228, 86392, 28992, 68803, 18133, 28541, 91224, 102306, 19810]"
118274,"[23823, 24680, 108668, 96555, 7695, 87257, 37453, 54061, 81196, 72686]"
118275,"[33670, 11345, 4209, 26889, 26243, 4970, 85349, 99217, 15893, 4390]"
118276,"[85375, 71978, 53842, 58570, 62895, 97121, 89078, 90728, 65431, 75876]"
118277,"[77913, 8559, 43628, 51836, 66014, 71162, 35698, 56557, 104868, 61449]"
118278,"[16891, 82060, 92160, 59481, 85070, 90186, 2028, 81920, 16354, 58366]"
118279,"[59063, 83984, 64464, 53615, 22489, 24574, 82061, 7919, 52060, 71268]"
118280,"[78412, 20944, 45833, 107291, 56072, 49127, 106383, 46824, 53204, 107663]"
118281,"[77440, 19862, 10895, 101213, 36098, 27353, 102160, 43225, 61730, 85413]"
118282,"[11387, 87384, 87885, 30237, 106241, 44579, 34394, 52101, 94900, 85852]"
118283,"[95943, 109589, 13525, 42527, 100361, 93433, 67979, 27020, 79377, 10031]"
118284,"[48376, 95298, 10780, 40856, 88710, 7775, 24414, 83091, 55012, 55852]"
118285,"[6477, 53150, 88325, 16006, 14657, 12856, 18199, 6949, 78149, 72184]"
118286,"[64369, 88148, 5851, 49858, 34902, 6046, 36899, 5477, 101831, 81639]"
118287,"[41493, 81323, 77764, 103765, 24885, 14895, 99919, 55654, 95952, 39170]"
118288,"[101195, 15841, 72255, 67935, 85029, 77410, 69543, 81840, 105715, 40769]"
118289,"[81093, 17919, 100499, 54461, 55463, 80398, 2626, 76882, 10900, 1877]"
118290,"[93492, 66687, 35272, 92885, 73008, 100986, 102625, 107505, 76053, 83961]"
118291,"[84873, 4786, 91984, 97671, 49514, 62402, 32350, 55785, 54342, 42831]"
118292,"[40521, 103575, 92087, 41312, 39146, 28798, 73243, 74859, 81869, 63118]"
118293,"[104359, 80095, 66803, 52560, 12066, 75838, 15772, 64163, 98221, 65500]"
118294,"[24721, 85163, 59091, 83959, 55466, 62334, 61810, 38431, 84809, 90135]"
118295,"[4190, 98267, 47237, 23986, 1622, 10519, 102843, 33026, 21181, 1934]"
118296,"[79945, 59012, 6573, 27484, 90560, 36261, 46130, 81008, 100288, 22372]"
118297,"[102601, 109553, 80300, 12378, 91600, 4539, 4672, 102421, 108878, 108707]"
118298,"[46540, 27292, 38443, 78689, 38867, 88873, 43123, 19126, 57854, 60283]"
118299,"[87413, 74942, 82805, 2873, 90927, 65402, 87520, 57303, 75059, 55694]"
118300,"[108872, 95135, 106272, 24748, 60165, 101025, 66450, 45662, 103404, 12727]"
118301,"[26901, 79380, 108407, 26631, 104980, 32842, 50064, 103283, 6043, 2284]"
118302,"[19564, 26212, 39794, 41383, 86039, 109577, 3378, 63988, 78355, 50514]"
118303,"[17752, 39490, 90756, 70362, 45231, 39916, 81885, 96452, 84492, 88033]"
118304,"[78439, 54457, 106198, 43288, 103007, 25179, 93766, 95216, 37055, 88163]"
118305,"[37879, 65117, 50285, 107534, 25741, 24210, 335, 50089, 34327, 37976]"
118306,"[104724, 87228, 104768, 84758, 95182, 87557, 6177, 90358, 60943, 26009]"
118307,"[89579, 10651, 102426, 36023, 108878, 61825, 85797, 62385, 266, 30899]"
118308,"[30081, 17645, 57386, 101836, 98354, 105099, 97500, 73279, 51318, 100977]"
118309,"[27691, 27304, 18059, 34588, 9932, 89988, 87170, 56233, 11732, 63886]"
118310,"[8703, 19919, 2471, 8330, 18564, 22007, 48384, 71989, 102879, 94338]"
118311,"[95138, 56634, 107350, 34102, 44108, 11650, 32161, 32071, 55049, 75604]"
118312,"[9257, 47058, 72539, 77210, 1161, 49919, 11616, 60853, 14007, 66595]"
118313,"[54677, 73936, 9318, 40304, 94766, 16892, 11747, 79015, 104447, 89448]"
118314,"[37255, 62084, 37651, 84999, 53784, 102606, 106428, 10696, 99706, 84407]"
118315,"[104389, 97541, 13707, 40567, 89917, 50377, 84225, 107140, 14876, 2459]"
118316,"[12241, 20154, 17953, 30897, 7455, 90281, 33951, 1741, 34838, 47712]"
118317,"[10904, 104681, 48747, 5552, 99546, 61876, 47922, 6630, 25795, 27328]"
118318,"[30486, 27975, 32118, 89191, 68517, 76870, 4639, 13155, 87435, 34262]"
118319,"[80983, 17673, 54399, 69246, 35746, 23639, 108413, 8412, 55344, 23106]"
118320,"[74103, 102523, 102222, 103014, 8953, 88737, 34990, 90286, 29586, 17704]"
118321,"[105503, 69115, 85542, 1860, 24761, 2991, 8376, 67095, 47593, 57141]"
118322,"[86620, 62862, 39602, 31618, 79041, 80629, 40616, 162, 74184, 93785]"
118323,"[57624, 62919, 46945, 92104, 86179, 93493, 41359, 108411, 91747, 70318]"
118324,"[106225, 87121, 2879, 100683, 24281, 97438, 89379, 51023, 102059, 39608]"
118325,"[9257, 47058, 72539, 77210, 85540, 73130, 32572, 97076, 19305, 42592]"
118326,"[45224, 11992, 75792, 105610, 84404, 54408, 101951, 1098, 34767, 3173]"
118327,"[14507, 3443, 31641, 74126, 29774, 1057, 71039, 64516, 84232, 17831]"
118328,"[44900, 72950, 85592, 30581, 54649, 75280, 25730, 94818, 57403, 94798]"
118329,"[70943, 62141, 90009, 56208, 80594, 66372, 7411, 50618, 88654, 87133]"
118330,"[92681, 45676, 31508, 101729, 75597, 99117, 80682, 50521, 14441, 51965]"
118331,"[37666, 18410, 17093, 43231, 42648, 10701, 108736, 51041, 15822, 11974]"
118332,"[16065, 10739, 27793, 22145, 91851, 100571, 55882, 96365, 95838, 65833]"
118333,"[43065, 52532, 108085, 35857, 39275, 33934, 45663, 13168, 70938, 6124]"
118334,"[34372, 83001, 78793, 68555, 49729, 98348, 14972, 88841, 53082, 48700]"
118335,"[9414, 109580, 14489, 81539, 17290, 81333, 35538, 89217, 40715, 80568]"
118336,"[65240, 9454, 12190, 41201, 25065, 63290, 57743, 39838, 109396, 75916]"
118337,"[38469, 78797, 107800, 33273, 18598, 92309, 99317, 30970, 19394, 36895]"
118338,"[85705, 27084, 8629, 106658, 57829, 82017, 90179, 23030, 30149, 46773]"
118339,"[3395, 66035, 17426, 8427, 73815, 482, 49271, 74072, 86711, 37598]"
118340,"[102502, 69500, 14322, 86037, 101058, 47039, 30669, 13139, 34495, 35825]"
118341,"[99445, 23824, 59317, 41019, 45270, 39416, 15578, 70468, 73660, 19473]"
118342,"[31506, 47780, 10811, 23683, 61651, 37227, 50314, 29585, 91467, 30565]"
118343,"[26060, 26111, 50677, 16765, 10763, 47463, 100470, 76163, 34947, 58821]"
118344,"[83909, 71199, 62616, 1742, 7237, 104459, 56360, 22354, 105118, 31148]"
118345,"[101580, 4369, 9976, 5819, 103068, 98674, 32733, 49593, 35961, 5820]"
118346,"[52928, 72757, 34151, 89269, 24643, 3727, 34636, 79467, 87254, 94972]"
118347,"[53323, 19996, 88702, 34136, 66219, 89012, 68229, 57556, 107318, 64568]"
118348,"[52969, 22758, 53749, 93341, 19647, 4173, 72060, 50456, 75388, 163]"
118349,"[8845, 29806, 79401, 23113, 91739, 49109, 6004, 72185, 58654, 48496]"
118350,"[28760, 98264, 40022, 101868, 460, 73992, 13929, 79214, 68733, 77803]"
118351,"[53064, 56313, 77491, 72691, 20900, 98803, 23835, 89608, 45095, 38568]"
118352,"[96014, 21788, 106097, 9956, 94515, 89815, 53270, 90848, 68078, 49966]"
118353,"[100493, 615, 38806, 53569, 11153, 64118, 53028, 51643, 32288, 367]"
118354,"[15984, 47460, 53214, 102841, 106378, 63046, 89167, 88905, 95286, 25158]"
118355,"[83087, 67474, 65542, 36311, 23077, 70956, 102186, 91263, 81518, 5554]"
118356,"[69118, 47723, 37868, 55392, 29051, 67609, 71395, 11683, 64595, 106299]"
118357,"[83870, 52977, 97001, 102229, 44554, 47149, 108334, 23146, 75540, 26173]"
118358,"[13030, 82917, 26429, 60252, 26899, 55656, 35067, 91989, 97419, 51449]"
118359,"[51334, 30764, 63877, 19962, 97131, 958, 60208, 56430, 82703, 47161]"
118360,"[104171, 76220, 9755, 8810, 19953, 64219, 22170, 104274, 87612, 28195]"
118361,"[90152, 33736, 13115, 56823, 85715, 70665, 79866, 15190, 68700, 4802]"
118362,"[73174, 10910, 45725, 34234, 66313, 73092, 60341, 109264, 106064, 48589]"
118363,"[59459, 49102, 24623, 99406, 317, 9659, 70916, 102579, 47999, 17971]"
118364,"[14550, 57030, 57750, 10953, 16255, 89159, 45633, 61587, 56457, 73844]"
118365,"[27785, 59241, 17398, 8053, 47361, 104695, 62290, 19360, 73329, 34165]"
118366,"[44843, 93192, 21025, 49099, 81894, 48508, 75350, 69312, 40701, 6120]"
118367,"[5874, 60622, 16933, 43278, 75632, 98679, 107521, 87616, 95782, 75901]"
118368,"[58542, 78483, 97618, 52575, 52135, 22029, 45393, 72527, 90648, 101701]"
118369,"[75128, 70119, 52543, 64249, 95688, 74919, 89058, 34060, 60733, 11716]"
118370,"[77978, 74661, 16339, 58143, 11510, 97493, 104201, 78971, 33549, 21832]"
118371,"[37797, 26195, 103701, 4635, 80761, 95950, 72857, 31359, 8542, 39215]"
118372,"[83175, 7432, 55252, 14483, 71084, 49362, 93128, 5054, 78427, 71110]"
118373,"[85282, 964, 73624, 35396, 54358, 1450, 62451, 35749, 48705, 26738]"
118374,"[26797, 1819, 109605, 19138, 36080, 19280, 43087, 89662, 32830, 52423]"
118375,"[82187, 31449, 55749, 2280, 20778, 51675, 82664, 70773, 81917, 97097]"
118376,"[15951, 55936, 28702, 80135, 27341, 71266, 45188, 103187, 90062, 24448]"
118377,"[48481, 78553, 32430, 27039, 26254, 15091, 1626, 871, 38759, 91840]"
118378,"[30474, 73771, 105457, 9145, 39866, 87090, 18166, 22735, 20772, 49591]"
118379,"[75830, 27991, 1135, 53473, 85828, 20705, 20134, 80377, 23719, 53763]"
118380,"[21734, 93105, 58318, 102134, 18832, 63021, 71462, 35419, 70067, 13616]"
118381,"[32333, 83992, 58162, 94568, 14438, 18321, 79461, 79421, 105243, 17913]"
118382,"[100035, 71765, 50911, 18611, 100353, 107307, 19909, 54944, 34445, 80737]"
118383,"[70092, 97880, 52203, 98916, 48851, 98575, 20025, 61390, 92126, 62809]"
118384,"[88652, 28630, 54735, 66383, 43287, 18340, 59355, 6384, 5715, 77302]"
118385,"[10240, 63204, 28723, 2898, 30002, 2714, 29651, 66947, 68627, 50611]"
118386,"[34432, 97657, 37475, 37103, 93541, 27305, 104809, 24205, 88770, 58460]"
118387,"[52398, 69192, 37700, 85486, 102648, 13552, 56334, 55588, 18129, 17935]"
118388,"[102536, 102551, 104515, 54529, 11892, 91311, 92564, 66669, 101182, 19073]"
118389,"[26585, 79067, 48475, 80377, 46141, 25475, 78386, 16048, 40143, 26171]"
118390,"[105729, 35534, 49092, 38738, 10483, 43498, 62447, 29594, 57246, 6397]"
118391,"[11041, 2490, 59798, 17388, 93585, 88057, 85769, 99791, 8475, 17062]"
118392,"[92680, 23924, 12704, 74465, 28624, 7136, 12982, 48478, 66151, 67715]"
118393,"[39457, 373, 15708, 13439, 96671, 4048, 61799, 10448, 16700, 54649]"
118394,"[78844, 28601, 104038, 35327, 63331, 79432, 71449, 81312, 81031, 30730]"
118395,"[61944, 42561, 43962, 13577, 107518, 36394, 77502, 37898, 74931, 47771]"
118396,"[2416, 91312, 49372, 7589, 75977, 78234, 77714, 108669, 52330, 81365]"
118397,"[87741, 18406, 13105, 82296, 26836, 88651, 35002, 83224, 89616, 85276]"
118398,"[96851, 70922, 26307, 18444, 33000, 106694, 27113, 89851, 68416, 87661]"
118399,"[69909, 24226, 43425, 53461, 97769, 53349, 59849, 9635, 51434, 23162]"
118400,"[21007, 82068, 76545, 43000, 91331, 63260, 65720, 71958, 21068, 41605]"
118401,"[100974, 88869, 95858, 109480, 31066, 57943, 99371, 35203, 4204, 26223]"
118402,"[51610, 36700, 40485, 17008, 65099, 7885, 26202, 12852, 96372, 70687]"
118403,"[68463, 77024, 7478, 12670, 19819, 51607, 93440, 26455, 55877, 43975]"
118404,"[62964, 64813, 17166, 19217, 47620, 34078, 94240, 92078, 104371, 30063]"
118405,"[10739, 16065, 27793, 22145, 83228, 18796, 69008, 91327, 63785, 71521]"
118406,"[47238, 48439, 66472, 45597, 55565, 50391, 21017, 32686, 89273, 16484]"
118407,"[68659, 81313, 82889, 54716, 15372, 103753, 85148, 46479, 102647, 22411]"
118408,"[41256, 41352, 105891, 20361, 37041, 25612, 57207, 35295, 72668, 52997]"
118409,"[16269, 28502, 16614, 12330, 51236, 18254, 12514, 60653, 39441, 27065]"
118410,"[67119, 87916, 74414, 13106, 3006, 102794, 91047, 107892, 13293, 66390]"
118411,"[91660, 73343, 392, 45053, 100262, 98811, 19852, 12943, 44938, 28246]"
118412,"[108304, 109252, 21836, 31838, 16341, 50386, 49926, 89733, 82626, 67308]"
118413,"[97507, 46842, 51791, 32578, 37931, 88239, 59067, 77243, 76488, 81386]"
118414,"[9429, 6493, 2916, 10398, 32349, 107406, 19907, 65058, 20000, 56819]"
118415,"[101116, 40384, 101906, 35788, 103230, 91724, 106064, 108531, 44743, 26299]"
118416,"[80587, 95981, 40819, 93261, 15249, 36492, 33589, 56144, 37615, 49424]"
118417,"[68524, 3455, 55910, 520, 89009, 45083, 79787, 16191, 75679, 22711]"
118418,"[2380, 49176, 20345, 89197, 43662, 105337, 25475, 91424, 14008, 67507]"
118419,"[76364, 87826, 811, 107171, 41073, 61018, 524, 69923, 7532, 95611]"
118420,"[37415, 87781, 6628, 3596, 82714, 20071, 33413, 27858, 109049, 105979]"
118421,"[23857, 76259, 40296, 78287, 25234, 38912, 108715, 39562, 2556, 22175]"
118422,"[29007, 103446, 20373, 42506, 8630, 42015, 80440, 109470, 44657, 12046]"
118423,"[54323, 70351, 40606, 47322, 904, 99854, 50399, 77942, 36831, 106838]"
118424,"[34749, 2212, 83690, 71485, 76938, 35510, 81963, 80577, 15474, 68268]"
118425,"[85612, 79872, 40405, 100611, 6448, 59683, 75099, 69625, 56797, 20191]"
118426,"[18598, 28718, 102457, 36868, 68881, 28218, 36895, 5920, 8543, 48666]"
118427,"[104985, 51055, 97364, 103677, 12309, 92465, 84788, 60712, 28363, 69259]"
118428,"[68979, 64013, 16752, 82266, 32070, 71725, 5451, 50325, 52097, 18324]"
118429,"[95182, 10967, 56789, 84758, 10715, 71804, 8384, 7571, 18693, 109688]"
118430,"[47065, 62470, 4990, 65383, 23249, 48005, 12411, 40127, 42319, 20981]"
118431,"[34685, 13652, 35073, 86167, 26493, 98915, 28944, 62102, 3905, 22682]"
118432,"[38478, 6231, 56738, 66050, 44971, 4360, 91600, 70840, 102601, 63949]"
118433,"[107469, 88231, 78409, 78049, 37848, 28183, 45645, 41008, 66171, 1584]"
118434,"[17689, 4230, 2546, 66569, 68479, 63919, 51013, 26294, 65808, 103966]"
118435,"[4196, 89962, 49195, 50490, 44020, 21735, 94434, 25984, 98585, 63303]"
118436,"[69413, 33241, 79579, 4090, 95697, 83588, 74533, 69786, 52043, 81245]"
118437,"[76531, 10510, 81397, 73692, 46485, 107453, 98922, 40376, 86708, 10214]"
118438,"[41901, 87978, 102563, 97916, 67877, 73802, 91756, 49049, 77164, 32253]"
118439,"[37443, 107301, 22930, 55704, 44599, 68144, 3842, 64650, 44949, 60138]"
118440,"[58067, 91396, 68868, 40654, 36641, 29172, 82534, 42713, 26383, 48430]"
118441,"[98246, 21185, 11016, 77925, 7466, 6369, 71418, 33701, 14038, 106382]"
118442,"[76633, 103866, 100910, 90883, 97206, 102655, 2157, 98879, 64155, 14268]"
118443,"[62670, 41658, 57077, 26032, 11960, 25001, 44882, 78374, 15129, 35308]"
118444,"[66856, 14251, 105712, 64965, 25265, 2393, 93702, 14448, 40556, 48286]"
118445,"[8420, 61357, 19709, 53438, 32621, 47232, 51685, 60555, 90242, 15351]"
118446,"[76217, 64611, 15275, 191, 71327, 66141, 24464, 100669, 87149, 103162]"
118447,"[24586, 77027, 349, 88896, 65839, 109191, 93381, 33799, 23236, 80055]"
118448,"[68376, 77577, 106111, 72992, 6370, 64791, 83581, 42456, 100277, 105715]"
118449,"[106110, 80495, 2840, 107091, 63282, 92766, 70151, 90288, 43837, 96582]"
118450,"[79187, 26072, 68877, 7997, 21689, 71615, 46002, 79484, 68840, 34005]"
118451,"[94182, 106727, 57224, 79980, 104409, 63718, 12898, 105569, 26544, 52762]"
118452,"[29015, 40713, 51909, 25034, 67917, 42355, 45159, 84678, 105104, 48027]"
118453,"[31554, 43909, 69421, 91044, 108031, 40386, 12960, 66618, 71745, 94078]"
118454,"[54189, 60173, 10692, 4710, 88237, 866, 48347, 8568, 63636, 11664]"
118455,"[75441, 78527, 78196, 75881, 1639, 60161, 27986, 45258, 91453, 38044]"
118456,"[23318, 82896, 68478, 68547, 103619, 72306, 19765, 8257, 46126, 107236]"
118457,"[100855, 46843, 82861, 95719, 37978, 22329, 17764, 81172, 2270, 29666]"
118458,"[26266, 3759, 54768, 97636, 3885, 9399, 36035, 31943, 76893, 46689]"
118459,"[31296, 69368, 89908, 6366, 22531, 47006, 85453, 21223, 18852, 18543]"
118460,"[50088, 69984, 38613, 36723, 15000, 81824, 47845, 64230, 68060, 71671]"
118461,"[29011, 52509, 105298, 57264, 42295, 57585, 82912, 3718, 7776, 79094]"
118462,"[78036, 40428, 92674, 36449, 74254, 22308, 50142, 61011, 47755, 33294]"
118463,"[58974, 39745, 94124, 55220, 71023, 78976, 106122, 15361, 11983, 20751]"
118464,"[27268, 12367, 109471, 50412, 29196, 21763, 72101, 41268, 35402, 17982]"
118465,"[4463, 92594, 67009, 1512, 63082, 58153, 46117, 3891, 53634, 93491]"
118466,"[94083, 43141, 104562, 6444, 51219, 72849, 108, 34227, 38008, 33167]"
118467,"[33692, 24425, 26408, 55027, 74789, 10439, 70485, 27757, 39420, 10034]"
118468,"[94613, 73013, 69077, 95610, 47327, 63711, 33236, 50386, 1320, 39024]"
118469,"[75655, 16395, 97295, 83147, 95767, 76606, 45946, 44777, 86328, 102504]"
118470,"[109765, 27063, 74388, 10344, 52453, 35342, 28909, 91833, 37159, 46901]"
118471,"[66680, 81095, 37511, 38820, 90967, 43713, 60697, 11927, 54295, 77919]"
118472,"[59732, 53879, 39204, 106435, 30239, 96960, 96955, 60859, 23790, 38451]"
118473,"[83095, 14798, 48298, 14394, 36213, 78883, 17010, 71413, 38156, 8229]"
118474,"[41628, 29506, 11781, 82942, 98985, 82131, 4192, 37082, 86507, 80087]"
118475,"[47864, 101265, 72390, 10552, 34084, 33790, 75118, 73140, 62105, 39081]"
118476,"[11901, 102884, 17945, 35246, 95727, 42293, 64149, 84391, 14645, 70059]"
118477,"[100380, 66468, 25651, 15163, 74718, 15209, 34636, 76959, 53927, 12545]"
118478,"[83623, 9298, 83744, 52930, 74408, 6901, 99572, 31425, 6396, 107537]"
118479,"[98020, 11642, 74214, 60233, 33842, 94517, 91685, 63471, 22926, 96735]"
118480,"[30718, 107814, 36324, 33225, 15055, 56248, 53951, 57924, 70607, 90391]"
118481,"[19418, 98220, 43584, 78231, 81569, 10026, 38482, 77659, 41426, 46072]"
118482,"[11773, 8634, 34375, 35539, 73483, 49631, 54745, 86843, 15904, 77189]"
118483,"[80276, 68175, 33912, 29865, 83143, 5837, 74727, 57025, 53735, 38928]"
118484,"[92510, 55450, 109508, 65597, 1229, 86472, 95759, 30583, 56265, 11144]"
118485,"[20145, 4323, 52651, 61389, 104889, 99890, 100503, 54916, 101229, 46348]"
118486,"[24349, 17063, 88170, 48321, 9769, 91147, 93641, 8012, 99955, 28068]"
118487,"[83884, 76626, 88992, 108763, 26566, 20781, 41788, 12749, 60562, 96612]"
118488,"[63692, 15309, 107598, 38481, 9197, 85878, 31712, 42750, 14748, 7518]"
118489,"[39807, 63601, 89029, 58904, 35034, 90940, 3473, 5389, 12665, 4896]"
118490,"[33075, 20623, 3110, 91142, 16101, 798, 60526, 24169, 26601, 67671]"
118491,"[64121, 8752, 1532, 19474, 99600, 107664, 91301, 58110, 33395, 62646]"
118492,"[89487, 26029, 12101, 48225, 5529, 91345, 38398, 56376, 90884, 18714]"
118493,"[67368, 24318, 99473, 40580, 31953, 33855, 42728, 45504, 10385, 4373]"
118494,"[47988, 104979, 13090, 101933, 35725, 73944, 21667, 19155, 18217, 66942]"
118495,"[33172, 76703, 88948, 32132, 48267, 51763, 54845, 61488, 26694, 74580]"
118496,"[106088, 87766, 71446, 60089, 23746, 29833, 14391, 21351, 69383, 86333]"
118497,"[44085, 41019, 19473, 69528, 94461, 95539, 86748, 16795, 19710, 27109]"
118498,"[14363, 105132, 36505, 17412, 95027, 59344, 3419, 68693, 56647, 64953]"
118499,"[74658, 6706, 108552, 50368, 61973, 50655, 35498, 18961, 20298, 82054]"
118500,"[56049, 57419, 52589, 92324, 66760, 9231, 53813, 98010, 86835, 62519]"
118501,"[18926, 67640, 95383, 103403, 46352, 88724, 82433, 28838, 13947, 71538]"
118502,"[97491, 30685, 87264, 9831, 18541, 22392, 108317, 103516, 54098, 26189]"
118503,"[101031, 81271, 20120, 100518, 34103, 22148, 45207, 57771, 72105, 64723]"
118504,"[57028, 33010, 15576, 39856, 87776, 47524, 15525, 57818, 104056, 74593]"
118505,"[95586, 107864, 72411, 3853, 77002, 90359, 967, 69951, 1803, 47972]"
118506,"[87838, 19545, 81214, 15296, 92077, 44054, 19073, 6014, 85010, 61198]"
118507,"[86569, 76990, 41836, 26003, 95007, 35290, 79442, 54687, 36033, 33163]"
118508,"[108947, 100147, 71566, 25888, 16181, 106265, 32562, 109669, 80946, 16801]"
118509,"[62046, 60134, 105071, 8754, 988, 51580, 62170, 18560, 42996, 87048]"
118510,"[87027, 83338, 659, 11700, 17899, 42747, 99817, 85042, 95814, 67958]"
118511,"[15863, 49145, 19780, 7711, 50685, 62061, 50310, 52518, 57621, 50388]"
118512,"[56262, 50305, 60814, 37705, 76346, 67213, 102030, 50487, 98691, 40449]"
118513,"[29666, 22411, 49597, 100855, 66484, 55499, 24382, 78183, 47602, 81961]"
118514,"[68745, 13191, 106663, 54559, 13882, 87571, 8454, 84794, 106984, 1855]"
118515,"[73995, 96, 61879, 71539, 43653, 101909, 40741, 21251, 75930, 28107]"
118516,"[72988, 103536, 53465, 26187, 20283, 10792, 93654, 94260, 36510, 63577]"
118517,"[5474, 84157, 103314, 38613, 36723, 15000, 57496, 49384, 48980, 53180]"
118518,"[55233, 90430, 54884, 100707, 32031, 75472, 91297, 100806, 103202, 33387]"
118519,"[17157, 8669, 50064, 103283, 78891, 18306, 54501, 18369, 10154, 26901]"
118520,"[31503, 94620, 29470, 79385, 11561, 48936, 23348, 63802, 2937, 42327]"
118521,"[66768, 47487, 19717, 101486, 85457, 82612, 28791, 12056, 62820, 46687]"
118522,"[35225, 7022, 5309, 29169, 102038, 101795, 55868, 65110, 44879, 81657]"
118523,"[50134, 67098, 98425, 94824, 61500, 28392, 75065, 9784, 24890, 92763]"
118524,"[35324, 79917, 89382, 76651, 97072, 2024, 84613, 16167, 103593, 10387]"
118525,"[71426, 29528, 14435, 38667, 24412, 24295, 98325, 86729, 27270, 33664]"
118526,"[41883, 54318, 90307, 54457, 103007, 92810, 88163, 57747, 43991, 100933]"
118527,"[38263, 5237, 83078, 80032, 60517, 33774, 20776, 45952, 14325, 82853]"
118528,"[60860, 12578, 29245, 14923, 75110, 3682, 12576, 34647, 13890, 99664]"
118529,"[13876, 38272, 25618, 5733, 107423, 44439, 17865, 104379, 30683, 94115]"
118530,"[96953, 47408, 10183, 26682, 80389, 94051, 90728, 60055, 89078, 8172]"
118531,"[82541, 68758, 39867, 57387, 57135, 107299, 57242, 70606, 82610, 5144]"
118532,"[36131, 8949, 85712, 42577, 58628, 80492, 18368, 50050, 50500, 23655]"
118533,"[456, 70896, 11910, 33791, 23366, 99749, 70622, 10751, 101598, 3255]"
118534,"[7520, 14632, 16943, 32587, 16826, 96833, 34847, 85368, 64246, 58168]"
118535,"[94866, 42643, 21162, 16529, 56795, 7598, 16230, 39345, 106432, 102380]"
118536,"[27208, 32234, 76994, 108445, 28911, 89756, 28689, 66370, 38373, 23410]"
118537,"[107150, 33098, 54170, 86759, 35670, 9767, 75851, 81084, 30439, 109589]"
118538,"[29667, 24794, 102636, 108294, 66640, 1331, 6958, 38334, 47165, 1899]"
118539,"[103567, 98286, 63482, 55272, 2882, 54663, 5475, 74520, 34802, 30783]"
118540,"[72319, 80776, 102111, 57639, 7756, 9155, 29034, 51632, 71977, 29614]"
118541,"[91645, 99760, 20592, 82949, 28175, 76754, 26394, 60781, 72903, 60575]"
118542,"[47012, 76935, 15820, 16307, 82198, 67926, 107748, 72403, 60963, 43600]"
118543,"[79985, 52760, 26686, 71328, 30874, 22927, 44114, 104738, 32213, 98179]"
118544,"[85144, 19460, 40783, 65038, 34962, 47018, 79434, 3276, 6540, 12961]"
118545,"[100184, 86577, 79231, 82806, 107970, 43740, 41250, 60331, 73262, 68236]"
118546,"[63730, 19519, 17370, 48191, 87339, 18745, 85870, 98148, 99441, 42955]"
118547,"[100749, 21622, 22909, 59937, 97230, 80027, 78809, 33474, 60617, 66348]"
118548,"[25174, 90398, 88252, 71236, 36669, 67981, 43291, 46835, 97388, 26614]"
118549,"[85750, 8058, 7923, 68418, 3352, 87447, 105416, 107638, 53614, 75277]"
118550,"[96294, 93715, 4422, 107123, 86036, 53693, 86230, 64251, 105313, 6541]"
118551,"[56883, 96174, 1735, 97497, 64789, 66424, 79206, 52863, 20172, 105712]"
118552,"[97175, 36049, 28251, 59586, 60942, 95125, 56959, 23217, 74899, 66318]"
118553,"[4600, 97240, 94933, 48444, 58598, 98779, 53882, 89291, 93301, 47852]"
118554,"[33041, 66798, 64864, 85407, 22202, 40920, 34141, 43917, 2415, 90911]"
118555,"[75417, 21666, 16621, 96446, 60124, 65356, 36999, 4557, 21489, 45242]"
118556,"[7543, 52475, 106604, 14604, 88870, 56005, 19627, 90449, 58117, 36658]"
118557,"[57761, 57249, 36475, 4256, 93897, 40578, 60083, 95569, 98092, 89905]"
118558,"[83326, 98269, 77145, 26051, 7707, 13442, 7760, 38217, 12374, 49121]"
118559,"[6100, 85369, 43559, 24831, 82125, 48242, 39601, 41271, 82654, 14145]"
118560,"[62899, 79952, 47227, 101618, 63910, 12977, 38869, 89948, 97368, 35005]"
118561,"[1906, 87681, 90492, 68967, 48537, 23116, 22511, 84474, 44270, 27062]"
118562,"[47894, 33849, 51576, 18359, 43368, 79875, 54029, 106307, 38461, 22757]"
118563,"[42148, 58087, 28955, 30111, 29187, 6620, 22686, 80969, 15060, 75175]"
118564,"[96405, 5413, 27582, 60596, 44645, 19574, 29168, 62871, 91191, 97818]"
118565,"[9559, 35814, 12895, 29437, 106247, 14313, 95069, 36961, 26185, 58861]"
118566,"[36467, 107798, 68267, 20342, 94203, 53040, 28116, 85177, 30676, 94699]"
118567,"[6620, 98039, 9760, 83997, 27354, 38125, 33341, 59261, 47587, 17445]"
118568,"[83923, 76256, 105271, 44016, 56621, 71211, 5413, 91191, 55087, 46296]"
118569,"[14150, 47253, 90944, 3714, 23915, 39630, 95210, 17998, 58383, 39306]"
118570,"[94719, 26076, 81336, 41531, 43372, 38627, 69970, 79513, 3022, 106230]"
118571,"[44375, 9494, 8546, 84204, 99727, 71047, 5989, 86355, 93966, 73352]"
118572,"[86392, 12630, 68803, 18133, 91224, 30228, 56354, 28541, 98160, 9060]"
118573,"[109099, 8633, 97604, 60199, 5380, 93542, 77063, 82616, 12616, 80287]"
118574,"[35801, 82888, 64452, 56836, 6467, 47295, 56290, 85115, 36351, 93516]"
118575,"[87428, 45892, 88822, 17679, 82663, 15255, 58711, 52837, 67842, 18670]"
118576,"[107616, 8913, 63270, 43611, 2151, 85912, 85818, 22702, 106131, 73214]"
118577,"[105209, 99163, 104939, 6538, 52247, 28340, 103977, 62921, 50209, 16634]"
118578,"[35239, 59384, 69519, 100886, 9441, 9376, 85064, 101355, 19229, 82183]"
118579,"[9661, 73136, 86377, 104557, 33694, 58271, 8334, 95295, 79444, 77159]"
118580,"[61496, 82608, 87248, 19640, 56976, 40069, 12443, 73820, 70466, 40365]"
118581,"[27597, 32673, 24995, 50805, 108461, 70859, 107875, 80528, 52893, 69691]"
118582,"[72706, 9701, 36169, 29598, 13827, 57674, 47830, 3709, 50574, 85069]"
118583,"[18804, 67553, 51525, 61913, 22420, 78461, 4121, 6735, 45755, 67309]"
118584,"[3845, 42649, 63333, 19577, 50049, 32285, 105607, 10179, 4139, 105399]"
118585,"[74020, 8278, 59608, 67859, 98849, 77921, 42412, 95755, 24055, 106639]"
118586,"[92653, 28371, 7034, 95894, 11503, 55315, 12511, 27606, 37723, 36696]"
118587,"[53886, 3489, 78393, 27347, 11585, 68204, 37646, 1523, 66564, 22968]"
118588,"[10708, 47166, 74209, 35869, 9162, 34333, 71153, 32722, 19300, 107634]"
118589,"[57037, 18381, 109770, 45792, 30426, 49666, 32385, 4922, 28485, 9591]"
118590,"[74847, 82662, 18447, 21613, 70683, 48931, 57831, 109510, 103667, 85054]"
118591,"[29133, 41807, 26117, 46121, 5345, 72796, 69242, 3689, 48751, 26408]"
118592,"[45056, 31465, 68205, 22367, 22037, 23136, 3480, 23926, 65662, 54050]"
118593,"[59903, 39104, 42920, 48633, 87578, 52928, 4001, 76328, 79822, 72757]"
118594,"[60804, 38867, 7228, 5285, 19432, 34643, 20848, 109261, 36007, 26482]"
118595,"[45718, 61360, 93979, 16635, 82553, 50459, 44691, 98860, 28456, 103972]"
118596,"[57643, 106720, 24456, 100735, 48757, 77226, 69314, 80890, 6288, 98486]"
118597,"[56400, 28932, 36754, 7221, 105838, 41536, 104650, 10244, 80852, 102264]"
118598,"[67419, 84414, 80204, 23124, 82045, 5378, 49613, 101659, 12113, 83986]"
118599,"[79687, 96147, 45361, 32407, 91052, 68113, 68292, 61305, 96874, 34882]"
118600,"[105642, 95042, 68528, 6861, 25531, 95379, 84734, 7141, 47792, 99200]"
118601,"[8303, 53692, 20335, 58466, 19806, 87492, 70597, 63185, 43190, 141]"
118602,"[63916, 28588, 35886, 75590, 58247, 83026, 5999, 57168, 39004, 70431]"
118603,"[57402, 91072, 18641, 54328, 42298, 3636, 89725, 89739, 31724, 18855]"
118604,"[75326, 51210, 99135, 37285, 53417, 90221, 84914, 77499, 89922, 13760]"
118605,"[13105, 7965, 25629, 82180, 104788, 44702, 26928, 81080, 3393, 24293]"
118606,"[71404, 63163, 78107, 26442, 27464, 68566, 12938, 31401, 64756, 107226]"
118607,"[32547, 26397, 18254, 87758, 38327, 106107, 107573, 109744, 60653, 23695]"
118608,"[70456, 77050, 48548, 68978, 13989, 81054, 77508, 7976, 69864, 31613]"
118609,"[9810, 84925, 55334, 99662, 33677, 2978, 99345, 75600, 15059, 26346]"
118610,"[37721, 27538, 80666, 22237, 6897, 21797, 93115, 21476, 16575, 21541]"
118611,"[86779, 48917, 578, 106348, 52206, 18852, 30573, 85453, 4073, 40991]"
118612,"[7378, 66055, 94034, 98727, 71678, 66559, 102795, 88267, 31318, 71667]"
118613,"[11375, 63353, 108088, 8897, 15171, 16546, 64540, 24601, 21403, 55503]"
118614,"[40433, 23482, 80894, 7628, 73818, 65207, 5808, 88399, 76641, 8814]"
118615,"[4737, 16709, 95425, 109082, 76741, 104534, 22534, 63337, 42601, 76683]"
118616,"[57586, 30753, 43159, 42359, 43648, 18322, 38229, 75310, 68818, 98622]"
118617,"[30133, 104271, 66665, 108383, 106104, 96083, 26339, 78581, 20864, 8126]"
118618,"[84591, 83999, 31008, 44267, 107096, 35429, 95057, 66378, 61693, 77087]"
118619,"[40041, 9686, 7550, 87221, 62200, 59049, 10759, 46016, 107998, 89592]"
118620,"[50089, 93872, 84307, 335, 37976, 108373, 40711, 25741, 24210, 34327]"
118621,"[61675, 29962, 59185, 99634, 73458, 79218, 22611, 10112, 68859, 31869]"
118622,"[82415, 15885, 51425, 62787, 95260, 31210, 63911, 34452, 52609, 51835]"
118623,"[87385, 39573, 60127, 72289, 63810, 43525, 48180, 27919, 60406, 61262]"
118624,"[47765, 14902, 2145, 70045, 68446, 275, 40175, 99518, 54570, 70245]"
118625,"[47543, 90194, 29655, 4665, 66331, 26321, 94727, 24293, 26300, 100714]"
118626,"[79364, 30658, 8609, 99062, 72682, 91888, 84217, 104415, 105705, 20772]"
118627,"[74468, 11929, 89644, 53335, 58330, 75345, 63906, 60280, 44550, 72760]"
118628,"[46612, 12778, 6080, 49599, 33941, 90629, 11337, 20529, 97273, 67345]"
118629,"[39944, 51299, 105674, 55667, 56978, 104270, 19142, 34217, 101847, 28855]"
118630,"[76502, 48402, 102138, 69905, 55382, 17749, 24222, 87906, 96920, 48085]"
118631,"[100981, 41123, 48810, 20239, 109419, 6803, 69018, 59558, 8870, 78609]"
118632,"[9804, 35964, 35881, 2652, 43935, 85402, 96230, 85425, 41338, 8365]"
118633,"[89977, 107443, 35261, 28668, 80258, 7769, 38694, 17820, 67352, 78258]"
118634,"[17952, 99615, 70414, 36650, 18232, 19435, 10860, 65964, 18308, 19372]"
118635,"[23119, 64158, 93655, 56703, 22185, 62266, 53964, 56469, 69858, 8496]"
118636,"[16588, 34977, 25133, 42001, 32880, 16282, 14299, 100307, 54591, 95333]"
118637,"[42045, 48663, 75795, 51465, 105821, 94912, 80928, 53854, 42980, 44636]"
118638,"[99169, 50730, 59454, 61433, 48197, 58312, 51065, 65459, 27706, 89040]"
118639,"[81513, 108765, 18212, 84744, 78288, 15685, 5432, 518, 59500, 31659]"
118640,"[64630, 97208, 41221, 49766, 99440, 85960, 77771, 41861, 82970, 71520]"
118641,"[3012, 107646, 13056, 53355, 79610, 40352, 83776, 92339, 103705, 74692]"
118642,"[93648, 60841, 83281, 109216, 45457, 8861, 20213, 106708, 81953, 88792]"
118643,"[72519, 43936, 46776, 39468, 36295, 25756, 56114, 20544, 82082, 39289]"
118644,"[31424, 77405, 27770, 105605, 35264, 88561, 85344, 104675, 57340, 30032]"
118645,"[32082, 25777, 23395, 101722, 628, 7252, 36330, 31555, 67406, 61959]"
118646,"[14229, 82530, 9064, 77379, 19981, 47499, 18270, 58064, 27823, 75296]"
118647,"[67491, 8741, 26512, 70313, 84945, 78329, 71618, 100215, 66903, 20005]"
118648,"[34757, 88377, 86010, 49006, 69749, 92616, 3313, 86547, 85150, 31167]"
118649,"[54635, 75786, 82997, 71332, 4862, 31123, 68143, 29238, 51257, 37628]"
118650,"[30168, 58616, 14389, 4413, 29228, 8577, 88183, 106641, 60383, 13019]"
118651,"[79569, 71785, 65169, 51334, 82703, 98931, 81858, 103498, 101372, 106929]"
118652,"[66305, 66043, 34382, 38934, 102946, 100251, 39770, 90701, 30791, 80216]"
118653,"[23629, 105936, 21993, 90761, 86145, 66424, 27044, 93702, 46437, 80714]"
118654,"[102218, 32022, 31644, 43259, 17219, 20355, 72863, 54825, 57063, 99312]"
118655,"[59723, 99234, 81977, 81073, 103702, 74722, 5044, 82926, 71348, 54278]"
118656,"[6102, 11221, 87575, 104081, 102870, 17973, 64552, 33992, 45769, 42289]"
118657,"[84438, 36324, 75108, 32754, 91061, 67312, 103833, 96151, 52811, 23328]"
118658,"[59741, 14081, 70558, 48567, 39062, 18486, 73398, 47969, 92128, 100448]"
118659,"[31970, 48923, 28629, 75438, 104936, 20037, 96327, 67088, 8081, 23372]"
118660,"[47575, 69570, 43908, 9826, 22486, 74090, 10644, 53618, 106449, 13635]"
118661,"[5783, 70569, 67508, 79335, 69381, 92249, 108776, 15515, 29153, 92510]"
118662,"[105144, 88139, 53911, 46303, 53467, 29087, 99611, 105106, 80454, 33492]"
118663,"[52141, 35687, 32394, 74867, 50606, 13538, 52147, 72277, 76789, 56104]"
118664,"[15887, 68579, 95801, 67095, 94275, 77998, 18494, 8376, 73574, 44852]"
118665,"[40633, 6236, 57684, 99194, 84822, 82516, 61516, 33010, 13299, 81506]"
118666,"[83298, 27424, 23769, 82019, 93862, 63499, 65890, 107786, 61519, 46402]"
118667,"[88076, 69141, 58576, 60905, 49957, 38630, 41678, 25480, 78713, 49032]"
118668,"[63813, 66506, 87526, 77058, 17507, 19082, 55694, 60438, 23615, 90927]"
118669,"[98437, 75016, 45416, 63139, 67431, 105196, 29454, 47911, 70359, 106433]"
118670,"[94047, 40636, 21355, 74398, 81662, 61177, 17192, 73902, 15762, 101628]"
118671,"[48240, 99128, 15133, 99147, 36365, 86977, 64894, 90835, 46355, 52901]"
118672,"[106932, 66482, 91185, 20041, 70547, 95686, 2728, 21847, 51722, 56902]"
118673,"[12014, 41708, 76810, 23980, 8533, 64427, 41404, 75588, 39568, 109459]"
118674,"[11632, 20661, 67296, 30531, 53282, 44711, 25687, 52393, 54705, 14141]"
118675,"[40756, 93730, 4271, 51089, 99650, 72012, 6134, 38319, 98444, 46134]"
118676,"[20770, 86122, 107608, 4868, 74420, 78492, 39573, 85008, 88952, 12777]"
118677,"[47468, 75235, 23500, 70221, 91434, 106461, 103369, 37762, 7658, 48471]"
118678,"[20152, 39584, 33357, 51950, 25747, 43968, 91006, 63053, 45435, 109161]"
118679,"[59563, 87216, 103017, 96538, 17722, 85075, 60715, 16939, 3086, 56551]"
118680,"[3782, 12483, 82059, 6415, 77969, 63139, 94413, 98437, 40733, 1637]"
118681,"[81192, 72614, 62446, 50580, 60939, 34782, 58370, 99009, 13013, 20434]"
118682,"[27818, 44549, 71884, 61428, 44931, 103207, 10501, 113, 73020, 31658]"
118683,"[84701, 2623, 17041, 94665, 46063, 21336, 108233, 42975, 18798, 55738]"
118684,"[72401, 77064, 73071, 42856, 100996, 73374, 11364, 107907, 15483, 71221]"
118685,"[76424, 98729, 107037, 96303, 11357, 76719, 52746, 37829, 94581, 87187]"
118686,"[96240, 93721, 72987, 25936, 18255, 108162, 54228, 81521, 5828, 82635]"
118687,"[102873, 72803, 78040, 59177, 84879, 34864, 40152, 66922, 94273, 92820]"
118688,"[75687, 87002, 37090, 68963, 73346, 99419, 49222, 12808, 1926, 98423]"
118689,"[73490, 53109, 66494, 3122, 46316, 26432, 103061, 52745, 28949, 92449]"
118690,"[29893, 87877, 107935, 103878, 57795, 60491, 83707, 98511, 97444, 6420]"
118691,"[54352, 25785, 97144, 83094, 6050, 94157, 55583, 69866, 19595, 28139]"
118692,"[62957, 13177, 22639, 97296, 69186, 34058, 7800, 53594, 68877, 107801]"
118693,"[65621, 74270, 91425, 102865, 15602, 38861, 28330, 82797, 74342, 94288]"
118694,"[25976, 4409, 84152, 19399, 95240, 7043, 93820, 81442, 68926, 21325]"
118695,"[40986, 98984, 47459, 40054, 105465, 70160, 11422, 21272, 2989, 14026]"
118696,"[77265, 69065, 64028, 9999, 106545, 73585, 17511, 37413, 92763, 7787]"
118697,"[54310, 63206, 75127, 14140, 95391, 107208, 13068, 33576, 49484, 4441]"
118698,"[8469, 62569, 103743, 106732, 74172, 31196, 37052, 33392, 99121, 7554]"
118699,"[44014, 35542, 98565, 35719, 77065, 75298, 56992, 55827, 108202, 29657]"
118700,"[41924, 75143, 90081, 28901, 46706, 5973, 9280, 57098, 8962, 45728]"
118701,"[33114, 53116, 92913, 38495, 53888, 107053, 27288, 4679, 5150, 72342]"
118702,"[79213, 46098, 100968, 64145, 70536, 103778, 81667, 79773, 70660, 15842]"
118703,"[17509, 39295, 90612, 44760, 108736, 80030, 79001, 18410, 17093, 22225]"
118704,"[83456, 76859, 95678, 21914, 5580, 40779, 19487, 7287, 72795, 21208]"
118705,"[28957, 101872, 93562, 93442, 107767, 71402, 59759, 39774, 76005, 33037]"
118706,"[21463, 59800, 109312, 22467, 54884, 74461, 3779, 95856, 103745, 100495]"
118707,"[39148, 66444, 26542, 87301, 1094, 77948, 74989, 78550, 4501, 65862]"
118708,"[96925, 15519, 51266, 29608, 29312, 31385, 100858, 97518, 63428, 16204]"
118709,"[60340, 29510, 41066, 1610, 106071, 64850, 39776, 49514, 96364, 80008]"
118710,"[54740, 49491, 27479, 96634, 86978, 26397, 65214, 78599, 56110, 16836]"
118711,"[81206, 45567, 73084, 60826, 103457, 98839, 13205, 27903, 27058, 10688]"
118712,"[94788, 11582, 86190, 76173, 63067, 67978, 36253, 67906, 71409, 36294]"
118713,"[20825, 31662, 14182, 63056, 73551, 63937, 68001, 73556, 87094, 88733]"
118714,"[28453, 54313, 25062, 52570, 71223, 66772, 38903, 91532, 6561, 101507]"
118715,"[84537, 100902, 69240, 48412, 81086, 96104, 52321, 17023, 82276, 72448]"
118716,"[41253, 49372, 75977, 40163, 66929, 52330, 83495, 7589, 79498, 81058]"
118717,"[73850, 59132, 53654, 70366, 62487, 4137, 102228, 60982, 90690, 41649]"
118718,"[54101, 74566, 87786, 100468, 34726, 22352, 23579, 100413, 43294, 3927]"
118719,"[69029, 48284, 96499, 12127, 14273, 93327, 74674, 18440, 26098, 94883]"
118720,"[9146, 43144, 4256, 62865, 74963, 55291, 9421, 101719, 39609, 107652]"
118721,"[24068, 28538, 103851, 101206, 95629, 6500, 98049, 83027, 32583, 16309]"
118722,"[55640, 13325, 34892, 101140, 69130, 80100, 71772, 107255, 54018, 30728]"
118723,"[109734, 10819, 32707, 15386, 77411, 96632, 38359, 87189, 63529, 99013]"
118724,"[62632, 101110, 87863, 22928, 99484, 66877, 34169, 28707, 67523, 51104]"
118725,"[103402, 104870, 101387, 98205, 66083, 98051, 26352, 6352, 7315, 80537]"
118726,"[13359, 59836, 1982, 2249, 83326, 55200, 105031, 65705, 7208, 87883]"
118727,"[62479, 96210, 15677, 78187, 49809, 101779, 37390, 104654, 86766, 54628]"
118728,"[106841, 11036, 72756, 97871, 3880, 21848, 93858, 51143, 100282, 10933]"
118729,"[68866, 69193, 11690, 49594, 62616, 31255, 51542, 7453, 53080, 3159]"
118730,"[60736, 4962, 88901, 74762, 87409, 44194, 43061, 41434, 87312, 16206]"
118731,"[93813, 37030, 50284, 10734, 45375, 23741, 78515, 62222, 10271, 73093]"
118732,"[38685, 99124, 23751, 43897, 49494, 108862, 88423, 99349, 73746, 30736]"
118733,"[34274, 12560, 30464, 11187, 74583, 89396, 53736, 103194, 53330, 97954]"
118734,"[9372, 21189, 56344, 49900, 95966, 88828, 91183, 57928, 7400, 48045]"
118735,"[81201, 88078, 107604, 88622, 21437, 107443, 69108, 86131, 31181, 95674]"
118736,"[8969, 17239, 11987, 103675, 51181, 2585, 20584, 76352, 26533, 82970]"
118737,"[11846, 64889, 14269, 57278, 19475, 31185, 23737, 50738, 94615, 92131]"
118738,"[48903, 109050, 100100, 35898, 9738, 107069, 40771, 48541, 14829, 6151]"
118739,"[76766, 72832, 61942, 51639, 82479, 77561, 78279, 37924, 14099, 32720]"
118740,"[24356, 80603, 19657, 72360, 90749, 45335, 98626, 58762, 33312, 89399]"
118741,"[38336, 64565, 6796, 4969, 84241, 88058, 41570, 86631, 108505, 27599]"
118742,"[24499, 21132, 21371, 80620, 66413, 13509, 11641, 16432, 35877, 89024]"
118743,"[52518, 50388, 15863, 92461, 103822, 95565, 65111, 33918, 55636, 94772]"
118744,"[21106, 24563, 17438, 86290, 70523, 63997, 48180, 27919, 13243, 105541]"
118745,"[8324, 26949, 8867, 26414, 10355, 60603, 28267, 69732, 57280, 95423]"
118746,"[68890, 55589, 93907, 4105, 26739, 4371, 30266, 76678, 76069, 91125]"
118747,"[26823, 15395, 43890, 60487, 72724, 41968, 71355, 70219, 84648, 108623]"
118748,"[20234, 108274, 101827, 22422, 94057, 78906, 107974, 65515, 53481, 20644]"
118749,"[40763, 87820, 30279, 46849, 21779, 25833, 83655, 55008, 109006, 59600]"
118750,"[75795, 82171, 36455, 51465, 1517, 73860, 65309, 70976, 80928, 76947]"
118751,"[45406, 83463, 87224, 22343, 3427, 41062, 89238, 80972, 64409, 109066]"
118752,"[102630, 17936, 39089, 13463, 44290, 68544, 68864, 64234, 105920, 64873]"
118753,"[44934, 47177, 59995, 48022, 80203, 55255, 37865, 1874, 32097, 94092]"
118754,"[66613, 92234, 64252, 84311, 76030, 54246, 89931, 4605, 38360, 1177]"
118755,"[18051, 60413, 46470, 89778, 7468, 24440, 79133, 13648, 105899, 84663]"
118756,"[56660, 53305, 66331, 26321, 4935, 55542, 65856, 99648, 97141, 91464]"
118757,"[21401, 70880, 4494, 75560, 88332, 87622, 66354, 105624, 29214, 84540]"
118758,"[108500, 76257, 90847, 105903, 28325, 56616, 62779, 75413, 16495, 17363]"
118759,"[55763, 17005, 3412, 13389, 82285, 32057, 71888, 61019, 40275, 10182]"
118760,"[62433, 39394, 49350, 23730, 109744, 41882, 8951, 47564, 19165, 3534]"
118761,"[71760, 20463, 53302, 62944, 103407, 13130, 33971, 107487, 103854, 35049]"
118762,"[39749, 106564, 40034, 81416, 91171, 5073, 104792, 55101, 46997, 40817]"
118763,"[101430, 104387, 91630, 77069, 59412, 10687, 17662, 66958, 48335, 19235]"
118764,"[55564, 108652, 13359, 1982, 7208, 87883, 27463, 4591, 20231, 23263]"
118765,"[86388, 80330, 57552, 37044, 77923, 49201, 34052, 92256, 37181, 21551]"
118766,"[74032, 6034, 50810, 86675, 56197, 83879, 86659, 50908, 122, 838]"
118767,"[105201, 35067, 68032, 14681, 85248, 32331, 52289, 60069, 56413, 11050]"
118768,"[44869, 103147, 59707, 74641, 31275, 9680, 77886, 22586, 108465, 87635]"
118769,"[5141, 67239, 28690, 65627, 41969, 52527, 109715, 31896, 22923, 4101]"
118770,"[58227, 33223, 16054, 91413, 52740, 30347, 77198, 99455, 75748, 37124]"
118771,"[84566, 88848, 51523, 49821, 71649, 67918, 71188, 19293, 93818, 91599]"
118772,"[55780, 55620, 101089, 89460, 25477, 19998, 21705, 93936, 9144, 108565]"
118773,"[68865, 108960, 76248, 54551, 87875, 54808, 59444, 15494, 61125, 104504]"
118774,"[17706, 21305, 26923, 37876, 56558, 20150, 37973, 17743, 29838, 98688]"
118775,"[75500, 48040, 22205, 58120, 108739, 51090, 92622, 26345, 33169, 26951]"
118776,"[70110, 21854, 59161, 106887, 48528, 86282, 98977, 99958, 70854, 67854]"
118777,"[75963, 21674, 90251, 36866, 99200, 95379, 42393, 20904, 98461, 36280]"
118778,"[77490, 51113, 44699, 91514, 77010, 18602, 31770, 41682, 50496, 93625]"
118779,"[34445, 37424, 88273, 18611, 27743, 39228, 32645, 19382, 55026, 54944]"
118780,"[64650, 44949, 7140, 40194, 47745, 61232, 60138, 63821, 19808, 37443]"
118781,"[66032, 60992, 60940, 79314, 73266, 50260, 75303, 105780, 20360, 4874]"
118782,"[17916, 84189, 12974, 16568, 76421, 24087, 74238, 68994, 20720, 82644]"
118783,"[107821, 48427, 88214, 50467, 11356, 78828, 56087, 42947, 20124, 108068]"
118784,"[97856, 64648, 45726, 27122, 84612, 54159, 95810, 101930, 59761, 7405]"
118785,"[75244, 89662, 32830, 65311, 107036, 89030, 28064, 1819, 1582, 15650]"
118786,"[100158, 76685, 4287, 89780, 26112, 74786, 102205, 68580, 91902, 14784]"
118787,"[14915, 60934, 27866, 39393, 81605, 62585, 36147, 74009, 40359, 64986]"
118788,"[20472, 30455, 30529, 48351, 71270, 16315, 68601, 85736, 38092, 84856]"
118789,"[62367, 89458, 28772, 82072, 94436, 61661, 76661, 14741, 96940, 76853]"
118790,"[42469, 35137, 25634, 8810, 64219, 19953, 81741, 70626, 90123, 74337]"
118791,"[33228, 51775, 69131, 70340, 60955, 4889, 63207, 63302, 84258, 35011]"
118792,"[36694, 18871, 30226, 46790, 12390, 93847, 28808, 89172, 101799, 14604]"
118793,"[28547, 247, 87199, 33199, 95196, 35044, 91271, 29142, 98791, 69926]"
118794,"[84251, 21992, 108228, 29074, 52607, 54913, 4069, 88238, 57180, 87328]"
118795,"[18996, 77304, 74905, 14529, 91241, 62086, 54557, 84172, 37765, 21077]"
118796,"[59295, 109185, 24342, 36754, 105838, 38970, 41536, 62028, 108497, 51067]"
118797,"[106198, 90307, 25179, 12225, 22383, 88033, 92810, 41883, 37939, 26809]"
118798,"[1795, 56175, 43438, 16866, 86282, 19845, 60964, 84044, 18894, 88444]"
118799,"[90364, 22431, 97156, 95921, 56037, 8986, 55932, 1296, 109518, 537]"
118800,"[13222, 35466, 44129, 22792, 12621, 8885, 61952, 38638, 58309, 82489]"
118801,"[55686, 102673, 58784, 16643, 82369, 5754, 93063, 62068, 74116, 105614]"
118802,"[25878, 42996, 62170, 78130, 47871, 17347, 51580, 84682, 18339, 76970]"
118803,"[4564, 15041, 48935, 27617, 105227, 46028, 34533, 109610, 56227, 80611]"
118804,"[98, 71863, 88699, 68444, 3431, 12188, 60977, 54685, 100040, 73824]"
118805,"[17470, 7611, 84890, 43315, 40626, 1777, 77924, 51381, 106960, 30352]"
118806,"[99779, 92782, 38853, 68349, 63905, 10343, 41645, 107539, 92905, 41477]"
118807,"[86285, 88995, 89954, 94545, 34029, 23657, 10939, 6047, 11938, 64954]"
118808,"[37973, 71467, 17743, 16536, 70820, 20221, 37876, 41593, 50719, 48956]"
118809,"[40439, 30318, 104704, 107118, 81311, 18644, 19802, 77750, 14390, 3140]"
118810,"[91638, 7583, 45031, 42143, 45361, 32407, 34882, 18017, 70584, 96147]"
118811,"[40422, 65737, 40542, 38994, 99622, 108221, 49540, 41133, 50054, 79796]"
118812,"[46178, 87268, 12087, 85943, 94817, 48769, 80777, 67947, 59115, 97906]"
118813,"[65385, 32276, 6547, 78977, 36671, 23076, 94828, 45751, 81426, 32192]"
118814,"[78972, 20180, 62835, 34769, 57813, 38843, 92980, 11995, 37897, 107541]"
118815,"[72936, 23832, 60808, 85325, 98543, 79889, 73105, 74084, 33505, 10640]"
118816,"[107646, 26807, 57594, 22304, 29355, 19949, 57616, 21310, 86587, 31568]"
118817,"[98769, 65914, 57950, 72089, 69300, 58388, 51517, 61871, 77342, 99067]"
118818,"[13779, 37593, 26375, 38972, 7084, 104756, 88894, 69365, 35169, 54750]"
118819,"[69308, 33439, 33777, 1172, 37171, 43036, 99899, 99932, 40462, 49788]"
118820,"[37481, 10076, 65937, 24100, 61729, 41752, 83188, 46456, 25266, 19107]"
118821,"[86251, 51252, 37892, 77443, 104332, 49450, 108902, 45178, 4879, 75861]"
118822,"[55957, 59480, 105046, 34894, 94417, 60198, 39497, 3234, 68470, 73518]"
118823,"[47234, 32100, 10005, 37247, 97417, 56927, 19463, 14204, 100923, 22315]"
118824,"[52216, 98135, 22075, 79667, 78307, 2905, 20945, 54416, 45797, 36241]"
118825,"[33571, 16729, 49995, 4846, 72767, 76555, 47233, 28142, 14648, 109645]"
118826,"[102534, 20825, 72683, 108148, 34051, 10276, 71813, 11836, 109497, 16654]"
118827,"[22271, 49966, 8909, 62795, 70912, 29934, 107910, 72621, 103643, 107928]"
118828,"[94035, 22307, 51285, 54594, 10718, 79907, 74596, 80862, 65264, 10633]"
118829,"[8542, 28687, 84560, 26992, 104896, 31510, 77848, 79076, 45687, 63953]"
118830,"[66032, 75303, 47721, 73266, 50260, 105780, 20360, 4874, 82339, 60992]"
118831,"[47642, 73923, 86359, 41693, 30375, 79268, 63004, 20857, 55770, 31966]"
118832,"[68856, 55789, 105856, 20197, 35868, 15641, 3272, 24204, 7472, 56239]"
118833,"[44794, 102573, 11351, 24922, 7850, 67773, 8263, 90935, 93578, 40959]"
118834,"[68146, 20304, 21639, 107620, 11180, 19605, 34429, 86626, 99539, 15658]"
118835,"[67735, 81327, 70027, 103892, 98396, 7386, 5930, 94073, 73732, 108632]"
118836,"[88078, 44544, 107604, 81201, 88622, 104634, 102053, 78258, 21437, 107443]"
118837,"[61836, 37977, 99757, 24798, 82630, 80683, 44602, 4925, 74778, 49638]"
118838,"[36297, 62650, 101824, 75994, 8758, 53874, 40120, 83838, 31971, 11722]"
118839,"[40718, 107289, 81771, 52679, 96187, 1251, 61163, 106781, 50425, 82643]"
118840,"[95818, 34482, 8575, 69653, 58587, 27525, 43648, 57663, 59353, 49948]"
118841,"[89810, 36356, 57892, 1986, 8011, 74906, 25572, 62977, 64353, 102145]"
118842,"[98067, 6326, 68360, 99276, 100999, 100418, 37137, 2372, 103899, 9685]"
118843,"[74003, 2436, 38589, 37360, 59349, 1826, 98453, 66384, 51038, 107098]"
118844,"[89807, 44125, 21819, 24415, 72979, 53536, 68095, 28217, 5356, 99338]"
118845,"[60021, 35672, 77834, 2130, 11841, 56383, 29698, 4059, 69602, 107708]"
118846,"[81782, 13990, 36239, 28694, 15907, 61418, 8993, 20867, 97659, 100506]"
118847,"[100071, 93089, 38640, 63536, 51897, 87370, 93658, 8766, 69181, 66467]"
118848,"[59522, 92063, 12462, 43724, 15567, 93579, 25032, 9781, 10944, 66736]"
118849,"[69744, 98377, 68884, 83786, 44658, 52784, 12426, 27996, 54812, 81509]"
118850,"[19928, 21237, 95224, 59994, 81875, 105143, 83539, 58416, 82576, 85147]"
118851,"[31883, 53115, 85327, 60618, 9802, 80392, 64258, 12093, 32962, 93066]"
118852,"[26585, 82072, 14741, 62367, 80377, 76661, 25475, 28772, 90829, 94436]"
118853,"[52705, 79507, 67796, 28461, 5517, 108783, 102321, 12051, 63031, 87057]"
118854,"[68023, 77120, 102877, 67861, 61523, 97162, 68435, 29004, 13114, 47592]"
118855,"[98183, 17619, 38709, 82995, 56863, 49042, 49785, 66789, 17739, 85939]"
118856,"[35970, 90555, 68999, 55074, 83423, 26841, 4552, 56880, 47983, 53857]"
118857,"[64430, 79063, 56817, 75242, 77741, 78264, 108812, 79428, 57927, 104965]"
118858,"[71717, 30359, 108965, 95614, 101652, 54005, 97288, 46684, 21648, 38874]"
118859,"[73711, 53427, 26701, 9686, 19993, 58219, 98923, 64102, 11006, 77720]"
118860,"[49202, 47839, 99096, 67134, 35690, 74262, 43314, 18939, 55701, 103546]"
118861,"[52443, 51181, 2585, 54695, 37724, 413, 31993, 11987, 85047, 58610]"
118862,"[50296, 97788, 78575, 71417, 104069, 59357, 46262, 79859, 17315, 96081]"
118863,"[58068, 31337, 83920, 54113, 67209, 87149, 78641, 97214, 53051, 5969]"
118864,"[64830, 24325, 65583, 33626, 18901, 23938, 66985, 21288, 27309, 34107]"
118865,"[39361, 54059, 98102, 36193, 3472, 75561, 78961, 21411, 8524, 72558]"
118866,"[80346, 94722, 103023, 38106, 36737, 86211, 20164, 100014, 22438, 95561]"
118867,"[106618, 72733, 3904, 21119, 49341, 72076, 71185, 46240, 60477, 78551]"
118868,"[61983, 65230, 59737, 2091, 41866, 32666, 46831, 27478, 74449, 58974]"
118869,"[41443, 101444, 63408, 109050, 101948, 54731, 68821, 57878, 48260, 57647]"
118870,"[10266, 14095, 102631, 22118, 53855, 68527, 42364, 81368, 81113, 96918]"
118871,"[29697, 10071, 1463, 85651, 60877, 51810, 97556, 20794, 52661, 16052]"
118872,"[74501, 20883, 84949, 9886, 83576, 40395, 42681, 55460, 69392, 48719]"
118873,"[67857, 97008, 43568, 90435, 76197, 98467, 74560, 81889, 91522, 27215]"
118874,"[2385, 26263, 64705, 82919, 86158, 103494, 107239, 27123, 59753, 15364]"
118875,"[41062, 83463, 87224, 22343, 3427, 89238, 22505, 80972, 64409, 11804]"
118876,"[9665, 13605, 67677, 21084, 93061, 21943, 59380, 102608, 29800, 59105]"
118877,"[55765, 88775, 83620, 99576, 95706, 44688, 42505, 93366, 90621, 16993]"
118878,"[29374, 75772, 8045, 82320, 47752, 26765, 97191, 80335, 50093, 59639]"
118879,"[48787, 66095, 90164, 63261, 85495, 3359, 43650, 78401, 87673, 26984]"
118880,"[45426, 101069, 60220, 102111, 57639, 84325, 19164, 72859, 23163, 60034]"
118881,"[78292, 56987, 87355, 89187, 59816, 28655, 75057, 16907, 63608, 30857]"
118882,"[39111, 83495, 97992, 81365, 68251, 21513, 63729, 79498, 33302, 17630]"
118883,"[37369, 6923, 40192, 18326, 32815, 32329, 104728, 50593, 53833, 96158]"
118884,"[68790, 64282, 53165, 33077, 33372, 16157, 10761, 66795, 107924, 97889]"
118885,"[84542, 84659, 33375, 64390, 79087, 74995, 83377, 83195, 91892, 71121]"
118886,"[7200, 69591, 99321, 30179, 97749, 78032, 16688, 60189, 36518, 27414]"
118887,"[17156, 101171, 92805, 89748, 52739, 33277, 29280, 1746, 5718, 66267]"
118888,"[105420, 61577, 77272, 102217, 2099, 42735, 103408, 57977, 49989, 20961]"
118889,"[93401, 34752, 55188, 91090, 26169, 80573, 95956, 26651, 10389, 2283]"
118890,"[45611, 108990, 84772, 15989, 9980, 61513, 28796, 25972, 76469, 72251]"
118891,"[91331, 69772, 36304, 82068, 76545, 43000, 77696, 47905, 70382, 27406]"
118892,"[64306, 46062, 10254, 86972, 29207, 102546, 40914, 25875, 58091, 99809]"
118893,"[96090, 55112, 40408, 106960, 61526, 64482, 75077, 72475, 16591, 18005]"
118894,"[93863, 13280, 12548, 50878, 10505, 89279, 104215, 80553, 90417, 96994]"
118895,"[34803, 49406, 7648, 23631, 53334, 92018, 57660, 98373, 82835, 85389]"
118896,"[10355, 26414, 60603, 70001, 3986, 81301, 51781, 95423, 43979, 545]"
118897,"[11609, 100607, 71474, 101013, 105525, 83430, 46908, 12358, 23861, 40619]"
118898,"[33174, 104585, 38690, 75136, 90394, 71034, 100825, 106996, 29394, 39320]"
118899,"[105261, 32765, 67975, 9098, 62720, 27683, 30641, 72629, 79113, 56133]"
118900,"[10606, 48393, 62208, 68875, 18198, 10611, 60844, 45777, 21804, 6778]"
118901,"[59754, 35701, 103583, 78285, 32494, 7985, 106805, 103226, 93229, 57993]"
118902,"[100575, 13716, 67161, 92642, 104278, 10329, 11032, 104392, 13399, 101889]"
118903,"[99466, 51541, 88906, 105907, 62342, 29890, 45980, 62780, 103818, 32066]"
118904,"[79534, 82642, 52976, 103409, 38405, 107549, 103257, 109175, 76490, 38983]"
118905,"[10217, 101488, 74779, 84765, 95612, 90345, 8565, 38747, 104505, 43139]"
118906,"[19441, 3102, 66417, 61493, 102631, 96503, 4738, 93965, 102335, 12575]"
118907,"[27219, 88167, 36155, 74740, 56803, 40294, 31770, 23101, 82092, 18602]"
118908,"[15944, 59356, 47178, 70909, 18251, 52085, 75594, 62817, 10338, 74027]"
118909,"[68803, 18133, 91224, 82137, 30228, 86392, 28541, 9571, 47590, 13717]"
118910,"[50423, 20761, 4367, 105425, 12293, 11244, 34524, 9595, 62367, 72377]"
118911,"[77428, 97520, 97219, 21162, 61039, 5943, 38018, 93323, 32332, 13818]"
118912,"[28193, 12049, 69706, 56640, 84853, 68316, 99190, 77902, 70277, 80557]"
118913,"[18873, 72249, 41780, 96252, 16683, 6830, 4686, 56767, 73839, 77383]"
118914,"[46078, 41721, 53087, 30151, 103406, 47532, 52987, 23419, 6454, 25644]"
118915,"[94601, 60335, 45624, 3267, 65889, 2499, 72053, 14423, 97965, 41037]"
118916,"[26606, 88894, 23501, 42249, 50780, 25957, 91153, 28852, 85335, 77569]"
118917,"[49305, 91809, 18735, 104803, 21795, 60986, 14081, 33076, 38725, 44895]"
118918,"[97010, 46745, 37663, 64600, 23887, 82276, 38817, 94498, 6830, 4686]"
118919,"[19141, 79644, 90385, 41594, 55809, 17960, 5619, 49460, 104302, 7693]"
118920,"[75175, 98039, 59261, 41772, 9760, 29187, 101428, 6620, 75271, 88830]"
118921,"[69239, 96113, 54891, 301, 63637, 20001, 72418, 82938, 18476, 9375]"
118922,"[93208, 35652, 17251, 39682, 85142, 18450, 49575, 34340, 34398, 38143]"
118923,"[69211, 11397, 82468, 67770, 28212, 78522, 38126, 24397, 46318, 84935]"
118924,"[15178, 108894, 38836, 27021, 43342, 42775, 34930, 108435, 41755, 77043]"
118925,"[34149, 7699, 62824, 54773, 18402, 105438, 106717, 60787, 98023, 43713]"
118926,"[49756, 41418, 19184, 92150, 8613, 80913, 65336, 64199, 43780, 56565]"
118927,"[109460, 42833, 94117, 52555, 108616, 102006, 52412, 52163, 91759, 82332]"
118928,"[13246, 99701, 41297, 84820, 88145, 33386, 10492, 93419, 29926, 13563]"
118929,"[25175, 87745, 35994, 31813, 101508, 45302, 104455, 26811, 37727, 57414]"
118930,"[74383, 5252, 79678, 109333, 95805, 79394, 50315, 98175, 68770, 44796]"
118931,"[13300, 105918, 95391, 39512, 41432, 89304, 19970, 45173, 87394, 56773]"
118932,"[23960, 33556, 33176, 28145, 18205, 47174, 13638, 2733, 97135, 108883]"
118933,"[2321, 62196, 109649, 30703, 76537, 34011, 69153, 73893, 86432, 72417]"
118934,"[30901, 90088, 12143, 24973, 495, 108844, 74920, 7074, 4068, 59707]"
118935,"[64208, 94565, 68875, 4890, 18198, 10611, 50428, 10606, 60844, 45777]"
118936,"[96096, 2034, 24769, 104753, 99484, 66877, 66442, 76178, 85596, 56243]"
118937,"[32633, 71252, 37561, 97765, 67795, 40743, 10177, 63373, 95987, 70653]"
118938,"[22969, 71151, 102280, 1382, 87835, 95272, 108262, 23235, 56073, 26558]"
118939,"[3351, 77957, 94288, 14961, 5508, 38861, 28330, 29525, 18072, 28593]"
118940,"[27266, 93010, 44803, 24302, 103544, 6708, 88875, 103841, 8338, 36137]"
118941,"[104473, 58954, 82083, 56462, 65881, 9852, 4181, 79051, 46541, 57685]"
118942,"[99039, 77869, 100941, 43552, 16819, 27050, 29538, 71081, 3574, 65661]"
118943,"[89782, 94730, 45577, 95788, 35226, 15498, 23215, 99315, 61416, 89391]"
118944,"[61765, 5465, 97696, 91298, 108257, 37142, 33585, 26628, 98386, 93013]"
118945,"[22688, 76388, 36649, 78303, 99366, 21348, 47164, 72539, 97076, 77210]"
118946,"[63380, 109131, 44003, 35772, 45486, 74763, 86293, 68630, 19617, 40155]"
118947,"[30866, 57096, 76334, 36219, 45596, 40445, 11104, 88428, 105441, 96626]"
118948,"[68128, 73878, 107947, 57861, 96468, 104755, 41300, 34065, 21645, 5064]"
118949,"[107776, 20510, 2465, 40107, 23572, 54132, 89707, 79147, 558, 26138]"
118950,"[31530, 63856, 103270, 239, 18143, 16754, 53740, 55716, 50674, 104401]"
118951,"[37247, 19463, 19847, 14204, 90590, 62549, 34866, 104669, 68106, 109523]"
118952,"[108372, 22579, 27495, 71523, 81656, 85018, 69127, 79083, 26158, 84850]"
118953,"[59957, 10204, 53574, 94144, 8181, 3775, 43119, 48017, 79277, 19097]"
118954,"[35478, 59194, 1391, 43311, 24262, 27048, 19402, 75376, 60380, 54412]"
118955,"[39056, 54606, 78400, 22518, 96547, 53615, 27741, 48357, 65830, 48570]"
118956,"[72258, 74056, 21931, 102803, 48684, 47003, 49076, 78836, 63462, 71118]"
118957,"[85285, 17964, 48737, 88618, 30403, 38934, 20422, 86924, 17926, 86999]"
118958,"[642, 105504, 72847, 99846, 70961, 29468, 30021, 16409, 77462, 77288]"
118959,"[27660, 10060, 81414, 77673, 88035, 87375, 49174, 91096, 103309, 92164]"
118960,"[72734, 83778, 64779, 54990, 24069, 42368, 48815, 32247, 34993, 96018]"
118961,"[17890, 74192, 58987, 83406, 67477, 87315, 47648, 108747, 37624, 8394]"
118962,"[46979, 11689, 67078, 99162, 24299, 7062, 23645, 35737, 77054, 25649]"
118963,"[48650, 76165, 71544, 101052, 99636, 81199, 87757, 48365, 88798, 87291]"
118964,"[95610, 92421, 73013, 69077, 47327, 104872, 50386, 21498, 91820, 8982]"
118965,"[62290, 36974, 73329, 59203, 100808, 82763, 6180, 74907, 47159, 36305]"
118966,"[25952, 97530, 67673, 11199, 20670, 35465, 88255, 81422, 102970, 35128]"
118967,"[13244, 33477, 57430, 85561, 60848, 45683, 28213, 27598, 43959, 26090]"
118968,"[471, 63349, 48306, 105112, 100040, 99468, 5645, 73462, 89822, 89376]"
118969,"[52964, 82986, 80903, 61719, 60416, 61257, 35809, 23309, 68383, 14720]"
118970,"[69974, 2003, 35021, 77610, 55967, 58573, 91985, 61966, 10051, 74326]"
118971,"[5195, 103033, 76577, 89398, 21819, 64607, 27961, 79051, 95915, 42989]"
118972,"[58269, 55125, 108432, 23120, 32286, 63664, 7840, 99022, 96899, 16163]"
118973,"[89569, 77257, 93511, 96329, 15458, 94672, 89229, 103517, 100508, 37756]"
118974,"[70613, 59729, 2758, 28888, 28954, 59343, 35718, 272, 102710, 14954]"
118975,"[80648, 42942, 300, 30539, 53263, 91249, 27930, 12246, 91177, 106085]"
118976,"[72782, 67121, 49967, 29208, 91461, 60572, 80868, 47877, 57714, 89261]"
118977,"[18290, 103987, 107579, 92393, 24074, 78852, 37687, 67022, 73691, 21582]"
118978,"[54063, 56944, 14762, 9594, 34316, 27344, 79999, 44667, 103433, 57893]"
118979,"[18250, 76554, 15743, 53653, 777, 5313, 72325, 66280, 7873, 41661]"
118980,"[92435, 57696, 30206, 109334, 109152, 74177, 12839, 2207, 77187, 26064]"
118981,"[96, 20545, 47603, 39031, 38225, 78703, 74646, 58103, 54348, 83038]"
118982,"[86515, 47284, 77026, 74487, 74233, 10685, 29647, 6183, 85482, 94165]"
118983,"[34707, 73452, 37164, 40693, 58202, 61759, 79488, 56592, 53553, 35889]"
118984,"[74820, 68083, 29286, 9597, 89531, 10185, 4176, 105647, 23379, 8963]"
118985,"[67319, 27943, 45970, 76538, 62689, 98433, 104888, 97034, 48668, 108932]"
118986,"[76234, 43041, 82194, 61454, 98098, 71570, 101744, 68274, 5028, 36437]"
118987,"[65886, 31609, 61130, 77340, 14180, 27760, 67099, 89947, 92567, 52140]"
118988,"[47863, 52527, 45539, 33888, 23034, 65627, 49511, 74134, 4101, 43883]"
118989,"[43382, 77912, 96579, 12333, 41139, 78802, 32371, 102674, 104405, 102736]"
118990,"[71641, 40199, 74331, 62400, 104078, 89025, 38547, 60680, 74851, 24247]"
118991,"[72453, 4809, 4714, 73598, 16204, 90154, 97621, 89538, 15247, 18194]"
118992,"[25917, 36164, 100751, 30353, 89385, 82256, 55066, 18394, 51203, 84953]"
118993,"[38223, 69424, 29780, 31688, 26045, 15625, 105461, 47050, 16538, 22562]"
118994,"[52866, 25283, 76600, 49907, 33629, 67091, 42266, 66296, 2264, 108902]"
118995,"[27972, 19507, 23652, 81521, 82635, 66235, 93721, 81707, 102443, 9028]"
118996,"[38336, 64565, 27599, 84241, 88058, 6796, 41570, 86631, 4969, 108505]"
118997,"[19527, 77895, 91572, 78496, 16758, 50938, 21841, 22515, 50335, 71466]"
118998,"[89418, 845, 47508, 8661, 24843, 54244, 101682, 26315, 8177, 13447]"
118999,"[72614, 99009, 31887, 62446, 58370, 13013, 107400, 33914, 7828, 62110]"
119000,"[89212, 85534, 38774, 66166, 90619, 105935, 85129, 88570, 44575, 23126]"
119001,"[39111, 79498, 64356, 83495, 92049, 106494, 89049, 2416, 87127, 33872]"
119002,"[61599, 63793, 25615, 89542, 22306, 72636, 86767, 109400, 41169, 61550]"
119003,"[30474, 9145, 87090, 73771, 105457, 39866, 22735, 18166, 20772, 41152]"
119004,"[49102, 22962, 56109, 70667, 9615, 99406, 15845, 27686, 11427, 59459]"
119005,"[30599, 29567, 44292, 57570, 33967, 28455, 96422, 33495, 16278, 97884]"
119006,"[81075, 104802, 65844, 31723, 84802, 54140, 39166, 31639, 100362, 72927]"
119007,"[15372, 81313, 82889, 54716, 68659, 96152, 88845, 61969, 66047, 18260]"
119008,"[33120, 46870, 33558, 62363, 99470, 47573, 39294, 52352, 87492, 18125]"
119009,"[16789, 37732, 53542, 85130, 105509, 50110, 73276, 1123, 33525, 78940]"
119010,"[108505, 64565, 101593, 33281, 74673, 108889, 33257, 79474, 36969, 2544]"
119011,"[47961, 97889, 107247, 70580, 69837, 47441, 93629, 88085, 33487, 24801]"
119012,"[82995, 66789, 17739, 85939, 98183, 38709, 50584, 10101, 32728, 75690]"
119013,"[36960, 24010, 23765, 13992, 63980, 60306, 76377, 99944, 22529, 31304]"
119014,"[60748, 9178, 3826, 107560, 60906, 38239, 77887, 103649, 26143, 21279]"
119015,"[79047, 9795, 68417, 87807, 7505, 18506, 36178, 81843, 68780, 39134]"
119016,"[80564, 18626, 75209, 65867, 81393, 20649, 15383, 26131, 55863, 45305]"
119017,"[78958, 36814, 39306, 41395, 96448, 48096, 102317, 45574, 47253, 3714]"
119018,"[66584, 72569, 105406, 97259, 44233, 105591, 65037, 106287, 108956, 14711]"
119019,"[22300, 93168, 95727, 102326, 85034, 72697, 74117, 61740, 72095, 54739]"
119020,"[52696, 71476, 1239, 99263, 65664, 65735, 50060, 72899, 68178, 11164]"
119021,"[52653, 88775, 46816, 12677, 82374, 48274, 108247, 20322, 20327, 30502]"
119022,"[12435, 37768, 23634, 70215, 32551, 54588, 87116, 94143, 49962, 66971]"
119023,"[45114, 5821, 71634, 67960, 95800, 93947, 40044, 14846, 37278, 75507]"
119024,"[96083, 26339, 20864, 46461, 2025, 8126, 63979, 108383, 106104, 94800]"
119025,"[4852, 5062, 52148, 35124, 46302, 49043, 57176, 34083, 35192, 32585]"
119026,"[58926, 15361, 11983, 66594, 104359, 71208, 15122, 25497, 36827, 80269]"
119027,"[93889, 3077, 71544, 26739, 88798, 57293, 78633, 5384, 75707, 82681]"
119028,"[101389, 52495, 58024, 75634, 41268, 35402, 28158, 107978, 60451, 81126]"
119029,"[9190, 36979, 69622, 57255, 22284, 61700, 77548, 79225, 33991, 55722]"
119030,"[69295, 40447, 58827, 20405, 94829, 13317, 37746, 5219, 22862, 79125]"
119031,"[77654, 6639, 36622, 63789, 60808, 79889, 89048, 74059, 27574, 101600]"
119032,"[58842, 8249, 99615, 63892, 8936, 18308, 29344, 10860, 68218, 29989]"
119033,"[21815, 29124, 67473, 103538, 66423, 38375, 38779, 17054, 40521, 39342]"
119034,"[86909, 91448, 58972, 21947, 99714, 25418, 17384, 46315, 107645, 15534]"
119035,"[10491, 714, 17290, 63340, 95897, 47411, 29498, 10826, 4209, 11345]"
119036,"[7866, 51473, 20853, 5867, 49038, 72952, 7898, 78347, 72538, 100898]"
119037,"[15514, 5953, 12976, 34647, 71322, 95930, 5520, 17372, 4504, 68987]"
119038,"[31384, 15915, 5101, 82216, 96608, 85157, 2450, 33510, 1503, 92775]"
119039,"[14837, 93533, 18665, 45057, 50522, 49058, 98080, 5226, 106220, 69482]"
119040,"[10531, 23008, 40786, 102651, 60188, 59886, 69631, 81933, 74678, 8483]"
119041,"[1238, 45766, 100872, 105651, 12593, 91897, 103110, 8690, 99065, 18925]"
119042,"[39753, 30664, 85203, 96149, 105097, 20658, 23035, 89705, 78737, 101511]"
119043,"[11432, 100090, 24157, 74268, 46467, 37708, 8583, 78933, 81915, 71406]"
119044,"[1353, 22168, 46093, 21358, 85733, 75955, 64307, 44276, 75983, 63141]"
119045,"[44900, 72950, 89157, 39871, 94818, 11232, 34672, 77744, 31748, 98692]"
119046,"[92401, 76445, 83078, 14325, 82853, 11985, 64036, 6437, 3889, 99386]"
119047,"[26483, 20578, 40115, 74051, 51887, 65556, 107065, 50905, 87357, 102708]"
119048,"[41675, 106005, 79567, 25704, 46422, 3645, 22775, 77371, 96047, 102788]"
119049,"[108709, 52235, 33560, 73509, 54631, 103593, 91537, 5266, 54659, 19803]"
119050,"[38327, 44734, 87979, 30218, 3245, 16311, 109744, 3534, 39789, 33414]"
119051,"[2483, 64283, 4767, 78062, 75589, 94992, 30264, 91275, 28992, 49995]"
119052,"[6978, 62102, 35929, 73059, 94390, 40440, 14065, 91354, 71146, 16869]"
119053,"[109681, 32523, 14269, 30879, 28332, 36599, 69699, 74081, 79981, 54338]"
119054,"[39992, 52175, 65318, 23176, 21524, 74121, 54554, 66379, 18544, 44814]"
119055,"[35690, 66777, 90500, 47314, 56652, 18024, 61229, 47839, 77414, 8055]"
119056,"[5902, 79329, 89603, 16372, 102224, 57314, 38553, 34102, 96191, 93816]"
119057,"[71995, 106617, 82293, 102937, 80760, 10906, 98251, 12935, 109289, 16068]"
119058,"[69611, 36842, 54778, 72564, 15943, 98099, 64701, 106268, 84161, 107077]"
119059,"[31317, 89869, 20006, 45474, 90597, 60334, 72638, 66898, 22661, 73244]"
119060,"[106028, 28682, 33450, 93216, 99062, 10125, 71305, 73307, 19100, 55043]"
119061,"[70351, 58782, 69988, 101755, 54323, 904, 40606, 33036, 33945, 63489]"
119062,"[43280, 36594, 82141, 54246, 104660, 61074, 47458, 62883, 105823, 64252]"
119063,"[77978, 15522, 58143, 11510, 97493, 104201, 74661, 78971, 33549, 21832]"
119064,"[5513, 11254, 2103, 47589, 48147, 98042, 16504, 23066, 91324, 20991]"
119065,"[58860, 49499, 39133, 99882, 38420, 43414, 97559, 19272, 2169, 70913]"
119066,"[29865, 53735, 49806, 8399, 58427, 44142, 33912, 83143, 5837, 57025]"
119067,"[71241, 3661, 40122, 43938, 53458, 24326, 33636, 16926, 104103, 104023]"
119068,"[60032, 78962, 63929, 97175, 83170, 28251, 75056, 18850, 73641, 23217]"
119069,"[59843, 19238, 23986, 1934, 61883, 84649, 23519, 3616, 68813, 41087]"
119070,"[94058, 82298, 21071, 1365, 38825, 70069, 45442, 20758, 72744, 57048]"
119071,"[71666, 71313, 22805, 51945, 74904, 38503, 85032, 45201, 83205, 5476]"
119072,"[94073, 81709, 39533, 25007, 100890, 270, 73732, 79615, 83912, 69027]"
119073,"[47150, 9112, 53712, 78627, 4542, 92647, 28847, 57082, 98573, 10454]"
119074,"[34836, 49626, 62931, 103285, 67510, 83064, 78999, 35581, 66381, 78250]"
119075,"[99377, 21290, 1253, 56537, 34428, 38954, 69562, 41994, 4, 16528]"
119076,"[86742, 103153, 46785, 89069, 38748, 31140, 105198, 96638, 103303, 36719]"
119077,"[83703, 52667, 42205, 86963, 33412, 71357, 22248, 74916, 100193, 107940]"
119078,"[99066, 73461, 14337, 99874, 22513, 101292, 97641, 5462, 109107, 10159]"
119079,"[47403, 43300, 36081, 32305, 49660, 5027, 20634, 83331, 879, 108542]"
119080,"[28498, 78615, 17414, 90653, 75428, 25812, 109191, 39180, 62201, 92186]"
119081,"[30267, 5730, 6126, 56605, 13970, 15871, 106417, 102936, 60479, 52465]"
119082,"[50129, 61100, 108078, 64896, 8693, 100507, 32418, 81188, 41104, 22632]"
119083,"[96697, 59901, 22891, 22434, 1403, 97850, 18128, 37180, 27466, 7843]"
119084,"[58455, 3293, 80197, 2994, 108375, 49930, 109306, 91305, 10775, 16661]"
119085,"[27541, 28308, 52202, 105429, 39744, 109161, 76999, 69950, 5425, 13588]"
119086,"[54737, 57769, 90907, 100107, 86256, 38064, 51156, 106553, 74298, 89634]"
119087,"[98602, 53884, 2942, 37824, 17325, 63005, 1823, 58518, 77318, 91683]"
119088,"[17349, 98600, 40329, 108046, 42174, 99673, 99954, 56520, 79592, 59733]"
119089,"[2697, 10709, 9509, 31730, 79198, 77863, 9269, 88875, 57835, 72017]"
119090,"[85514, 92502, 53807, 104110, 41892, 102924, 94937, 43745, 32175, 61751]"
119091,"[65717, 21137, 68550, 82695, 53863, 28127, 17861, 94241, 81586, 109390]"
119092,"[92834, 10774, 1362, 97393, 93605, 8231, 99221, 27581, 39127, 91383]"
119093,"[34092, 67651, 15758, 107173, 73283, 79677, 30370, 34854, 101261, 9390]"
119094,"[100788, 6229, 61133, 86578, 106019, 94550, 85963, 57099, 37058, 2028]"
119095,"[47012, 51859, 62408, 83887, 16307, 14760, 67788, 17011, 29500, 99643]"
119096,"[85562, 29546, 68160, 5984, 46038, 60777, 27189, 23958, 29336, 50615]"
119097,"[12775, 104368, 23126, 96492, 104416, 50372, 89212, 85534, 60354, 28140]"
119098,"[59286, 96332, 15714, 95742, 89199, 39711, 103017, 96538, 17722, 53714]"
119099,"[88848, 51523, 49821, 43122, 99867, 18491, 95318, 19293, 93818, 3060]"
119100,"[22158, 30092, 96243, 90632, 104146, 34710, 3940, 12592, 88620, 88909]"
119101,"[84218, 76742, 10555, 77273, 20881, 77517, 56841, 89330, 78159, 20687]"
119102,"[55895, 78415, 45558, 23653, 79136, 58595, 51385, 87251, 22860, 18351]"
119103,"[17620, 33743, 46144, 90400, 62783, 21721, 26358, 27271, 22626, 52864]"
119104,"[85192, 72575, 7264, 22705, 10989, 35917, 38754, 57508, 21668, 41406]"
119105,"[49382, 50897, 7182, 6042, 72296, 3349, 56628, 47946, 36797, 79702]"
119106,"[67081, 75437, 25713, 51710, 36533, 85676, 57135, 50271, 8222, 90519]"
119107,"[86752, 64445, 19915, 102096, 39047, 215, 97959, 54958, 48386, 16011]"
119108,"[18944, 30485, 98206, 100581, 106907, 42680, 59389, 81458, 2978, 89932]"
119109,"[21005, 28889, 54118, 62583, 80454, 109579, 105144, 107121, 38279, 109085]"
119110,"[38966, 94116, 79345, 83627, 36552, 73547, 64688, 75367, 53748, 11887]"
119111,"[71581, 66387, 76789, 78445, 61448, 60230, 93649, 57095, 106256, 99543]"
119112,"[68126, 96573, 399, 93647, 98742, 105563, 77571, 57131, 51832, 46350]"
119113,"[101315, 18286, 83665, 26487, 34961, 2228, 69111, 76433, 24473, 14896]"
119114,"[104449, 85533, 79713, 423, 7801, 109456, 76601, 101847, 56978, 102632]"
119115,"[21352, 4555, 106906, 94943, 108506, 57150, 87527, 36959, 105886, 77672]"
119116,"[4187, 44606, 84828, 109652, 38765, 19739, 81699, 83114, 15297, 51565]"
119117,"[90118, 98847, 55127, 77285, 74953, 60723, 89100, 99454, 20611, 96663]"
119118,"[46766, 57947, 78570, 38500, 30678, 37243, 55842, 3515, 98714, 31409]"
119119,"[24175, 68563, 32417, 71182, 42314, 53959, 15812, 76516, 36548, 28190]"
119120,"[59369, 35897, 51095, 58899, 48329, 24159, 91053, 74633, 95905, 3582]"
119121,"[8832, 42311, 39937, 31182, 88494, 18751, 97110, 55082, 40309, 45512]"
119122,"[23222, 26692, 3135, 291, 41689, 55618, 103954, 21217, 21820, 98532]"
119123,"[109067, 99963, 60564, 108061, 12265, 88599, 39341, 105587, 105306, 92416]"
119124,"[49378, 41282, 106580, 66646, 17313, 95607, 100758, 68534, 109712, 51294]"
119125,"[7183, 90213, 10655, 84127, 91824, 22868, 98217, 37358, 38636, 56649]"
119126,"[7273, 104025, 98643, 87515, 94382, 8809, 32688, 85274, 66263, 98386]"
119127,"[4472, 2209, 11223, 8189, 12876, 19079, 7542, 18786, 7635, 108578]"
119128,"[109768, 42178, 21362, 5688, 83297, 31094, 86883, 85415, 109367, 63956]"
119129,"[106203, 91767, 61936, 68420, 109563, 107051, 39589, 870, 48638, 13765]"
119130,"[37452, 87732, 81109, 51050, 16563, 69020, 13863, 4865, 71789, 13360]"
119131,"[62496, 107510, 46682, 9232, 2438, 24518, 21199, 89381, 99299, 102180]"
119132,"[44393, 88106, 38438, 63612, 99922, 96380, 5606, 103607, 63186, 37427]"
119133,"[52458, 25240, 77424, 34580, 75762, 1908, 21210, 88589, 32472, 67293]"
119134,"[87833, 46850, 95927, 5071, 3852, 66521, 73569, 51200, 40938, 6520]"
119135,"[66941, 56171, 4477, 1257, 86410, 39853, 29829, 97613, 91320, 56212]"
119136,"[37101, 12905, 1280, 96117, 63060, 55744, 51944, 48132, 63358, 74738]"
119137,"[83369, 9250, 10137, 88950, 46952, 41225, 75456, 89257, 45601, 26328]"
119138,"[14480, 5441, 25224, 106859, 9714, 96903, 20491, 8676, 75490, 82275]"
119139,"[33357, 51950, 25747, 20152, 43968, 91006, 39584, 13588, 91899, 37647]"
119140,"[89481, 13813, 24866, 59902, 70100, 47484, 84594, 107691, 52741, 101504]"
119141,"[82783, 14035, 87330, 30378, 4198, 8631, 80169, 78926, 101466, 32251]"
119142,"[18464, 90656, 37035, 43419, 107653, 63234, 65638, 47562, 7123, 30700]"
119143,"[52400, 24899, 67220, 77588, 80657, 25517, 101410, 31227, 94395, 83913]"
119144,"[6966, 26128, 12933, 73625, 78890, 81524, 44406, 105743, 106198, 90307]"
119145,"[10291, 59126, 10270, 67915, 15089, 34373, 35818, 21750, 61403, 104102]"
119146,"[16698, 10780, 48376, 74753, 7775, 108057, 88017, 17598, 1200, 909]"
119147,"[74931, 12309, 60712, 52849, 105370, 25899, 107577, 104985, 69259, 74399]"
119148,"[83519, 96274, 20495, 74544, 37030, 45375, 32508, 69722, 106995, 23741]"
119149,"[6509, 97116, 91302, 38430, 21029, 28806, 72074, 11038, 9013, 4469]"
119150,"[66658, 74723, 74127, 49561, 32140, 12998, 7662, 85848, 83402, 81106]"
119151,"[105722, 57253, 101590, 71899, 51234, 73440, 45734, 101680, 1553, 69662]"
119152,"[25263, 16811, 78442, 81483, 51981, 30686, 12249, 41631, 20967, 83509]"
119153,"[14183, 108187, 23860, 20411, 70246, 96187, 69643, 17798, 56226, 23690]"
119154,"[18032, 99896, 73508, 75051, 75962, 61123, 12378, 44907, 86964, 36911]"
119155,"[88814, 66546, 11002, 88961, 1729, 6881, 92962, 48861, 27142, 47454]"
119156,"[29387, 103427, 31307, 85580, 4405, 58753, 43626, 43608, 80574, 47630]"
119157,"[49788, 37758, 67488, 13008, 105384, 83189, 56420, 31640, 92834, 40462]"
119158,"[19210, 54559, 8573, 28959, 38656, 70934, 45843, 52755, 85494, 10589]"
119159,"[44925, 35696, 108567, 44923, 44192, 68893, 40592, 83895, 51486, 85989]"
119160,"[94566, 28181, 55118, 109582, 30557, 104600, 90270, 69407, 103055, 25750]"
119161,"[8914, 39947, 16858, 23308, 6290, 12289, 24452, 52249, 80473, 108974]"
119162,"[35240, 75877, 106806, 28126, 68784, 42309, 7683, 89836, 38594, 40066]"
119163,"[18156, 40248, 102950, 55930, 86968, 50086, 93968, 46455, 6573, 21626]"
119164,"[20117, 79205, 89362, 28250, 91613, 12634, 42095, 7967, 98445, 51273]"
119165,"[68760, 60141, 8085, 72840, 73959, 25847, 78378, 19956, 41972, 74427]"
119166,"[55565, 72518, 47238, 45597, 50391, 16484, 69435, 75963, 97168, 66472]"
119167,"[107788, 24501, 71027, 80396, 23358, 6753, 38331, 45423, 76129, 102661]"
119168,"[77615, 85523, 98036, 106875, 24284, 85167, 50718, 45205, 90610, 19173]"
119169,"[15809, 96493, 80503, 65967, 69503, 97406, 89870, 96359, 586, 22014]"
119170,"[35953, 5514, 10970, 21982, 2288, 87714, 45474, 97769, 78145, 70544]"
119171,"[55254, 22377, 42320, 57785, 2395, 85922, 25824, 56239, 3332, 20197]"
119172,"[6431, 74094, 101035, 102168, 43179, 86009, 7970, 87338, 92394, 88929]"
119173,"[55809, 104302, 19141, 52051, 90385, 46290, 15738, 100726, 52251, 48425]"
119174,"[67234, 92376, 59933, 20063, 16268, 25703, 33313, 20710, 21205, 45124]"
119175,"[106485, 96544, 85114, 31569, 108157, 72341, 83883, 12617, 43986, 46634]"
119176,"[19297, 39014, 67175, 61205, 23025, 104168, 447, 4997, 16439, 47655]"
119177,"[95603, 40050, 7645, 84412, 70583, 105164, 2551, 99175, 62566, 8275]"
119178,"[87250, 41797, 81533, 51675, 100628, 76129, 91399, 65810, 7038, 77031]"
119179,"[80898, 44348, 17084, 87931, 38008, 33167, 43141, 2485, 45502, 23019]"
119180,"[5172, 84992, 103424, 22317, 18459, 47937, 77241, 58688, 108083, 50451]"
119181,"[109080, 83384, 8210, 61893, 45080, 93187, 61121, 25457, 11073, 13617]"
119182,"[57063, 105148, 26336, 79641, 103053, 88086, 37844, 91044, 22016, 50801]"
119183,"[50002, 95802, 83590, 26135, 44238, 3750, 42836, 72076, 46433, 90224]"
119184,"[98809, 2956, 22908, 41542, 109728, 50832, 18340, 65179, 44095, 31041]"
119185,"[4856, 46682, 67699, 86814, 99456, 689, 13821, 91882, 89899, 40887]"
119186,"[46831, 23892, 18208, 30639, 100082, 273, 91011, 91906, 23491, 27478]"
119187,"[72095, 54739, 109039, 102326, 80763, 97703, 82394, 94418, 11586, 89878]"
119188,"[48144, 54053, 40491, 64045, 40687, 66481, 46146, 87712, 58411, 101318]"
119189,"[89125, 31083, 65094, 7500, 3854, 55615, 109073, 90844, 82085, 91773]"
119190,"[8706, 26433, 78254, 499, 100795, 82685, 78131, 104731, 52295, 76609]"
119191,"[95902, 108275, 4545, 31601, 32416, 39471, 84839, 70394, 22874, 72373]"
119192,"[23008, 92814, 102651, 60188, 59886, 77663, 50672, 27769, 50698, 106198]"
119193,"[79969, 20568, 43987, 108006, 29925, 64377, 17699, 9032, 107320, 81460]"
119194,"[56906, 62866, 81637, 40447, 80784, 5416, 104444, 66927, 11165, 76314]"
119195,"[8413, 9591, 82139, 94492, 103086, 67836, 46741, 18777, 56993, 32670]"
119196,"[101560, 42736, 28088, 6963, 32806, 37177, 96486, 55566, 8621, 34051]"
119197,"[5220, 9365, 34358, 5374, 3010, 105437, 84167, 78060, 39323, 86374]"
119198,"[49151, 21359, 105952, 79833, 103467, 90975, 83584, 66452, 84877, 75279]"
119199,"[12919, 106217, 14192, 78096, 76454, 89531, 99881, 73919, 35509, 31402]"
119200,"[10594, 3467, 45350, 18749, 87361, 65409, 46039, 68094, 75782, 78146]"
119201,"[14199, 81018, 7081, 27407, 92381, 73952, 66435, 50178, 41791, 10101]"
119202,"[31535, 66426, 53153, 1727, 52408, 106296, 39018, 21938, 67135, 9771]"
119203,"[82663, 97158, 90338, 87428, 45892, 88822, 15255, 58711, 82617, 9215]"
119204,"[23515, 3765, 56994, 15020, 89059, 90532, 97157, 68429, 51094, 98955]"
119205,"[86762, 11122, 73347, 41753, 87984, 94826, 104693, 68037, 31028, 39270]"
119206,"[100912, 10268, 24048, 68574, 10175, 2158, 70883, 6822, 38275, 79490]"
119207,"[52188, 81920, 168, 30986, 93272, 100906, 37912, 35077, 81036, 56593]"
119208,"[107445, 85561, 63093, 56074, 66852, 61297, 37927, 41419, 48459, 71334]"
119209,"[89622, 13574, 55269, 85929, 7565, 57060, 106427, 35788, 27836, 109264]"
119210,"[19032, 23943, 13964, 38894, 52124, 87715, 4313, 53224, 7962, 109402]"
119211,"[16127, 64231, 55418, 31589, 109059, 14580, 57392, 94940, 6733, 14476]"
119212,"[27759, 92204, 29641, 64115, 25177, 40006, 37874, 2093, 94972, 28875]"
119213,"[13282, 48332, 21245, 32860, 16288, 24464, 7172, 67209, 15275, 72401]"
119214,"[77843, 57882, 56581, 326, 90197, 88502, 81982, 82885, 59486, 79242]"
119215,"[65431, 85211, 66283, 98406, 58343, 38435, 54666, 58570, 99262, 96022]"
119216,"[26398, 43001, 98257, 7903, 2067, 54199, 27082, 93555, 95114, 31585]"
119217,"[94295, 1831, 37971, 82267, 8020, 65278, 67794, 61831, 24600, 57009]"
119218,"[60284, 50220, 75815, 17807, 53941, 332, 57487, 13558, 41718, 31267]"
119219,"[44442, 64152, 56847, 30210, 105825, 86142, 102476, 32036, 68864, 64234]"
119220,"[39154, 34654, 26981, 94367, 77949, 106098, 7156, 13961, 4084, 68092]"
119221,"[46268, 39728, 26686, 101417, 45121, 25399, 11688, 76798, 94844, 107527]"
119222,"[34664, 62019, 47606, 106750, 85453, 61717, 40991, 3909, 18852, 90112]"
119223,"[68236, 77690, 35265, 80700, 11609, 48416, 31632, 91128, 104527, 74890]"
119224,"[31656, 46338, 91910, 57290, 67035, 97067, 4432, 69589, 98853, 41943]"
119225,"[57737, 44243, 53899, 107557, 87971, 22679, 83822, 40134, 41202, 61040]"
119226,"[102526, 61711, 29384, 7094, 72174, 54707, 3778, 48631, 28490, 92506]"
119227,"[33881, 23375, 2061, 102490, 72531, 50370, 34359, 69201, 20796, 3580]"
119228,"[64055, 79001, 90612, 72038, 40019, 78568, 22225, 4599, 28830, 1497]"
119229,"[32012, 103205, 79767, 4705, 41339, 90446, 2760, 8804, 24063, 97715]"
119230,"[8896, 56086, 61704, 26204, 18968, 91013, 70914, 85986, 66700, 60872]"
119231,"[97092, 26812, 18049, 13059, 58453, 12861, 75628, 19988, 87591, 22322]"
119232,"[88743, 95132, 36185, 52339, 15406, 97548, 12270, 93699, 72236, 11052]"
119233,"[14525, 9269, 46728, 77863, 34406, 27837, 16257, 90321, 52104, 62016]"
119234,"[106402, 85486, 57181, 62925, 40244, 37700, 19458, 61967, 52398, 56334]"
119235,"[66156, 87837, 6455, 28912, 49812, 89647, 81166, 17651, 43344, 87800]"
119236,"[55598, 25091, 103074, 22727, 297, 78777, 105056, 40161, 85408, 109358]"
119237,"[66656, 8978, 27341, 38583, 66964, 63055, 56671, 99444, 103894, 90062]"
119238,"[104819, 66712, 34364, 94979, 523, 15433, 102917, 90626, 43203, 61287]"
119239,"[108484, 81010, 55129, 34563, 54627, 50809, 46719, 42870, 76638, 54266]"
119240,"[86534, 70870, 2011, 97366, 1428, 44399, 4380, 82285, 5304, 27047]"
119241,"[105716, 106084, 85280, 6551, 21311, 56417, 61478, 77067, 96529, 84025]"
119242,"[104660, 78022, 6008, 38360, 77175, 62883, 86398, 105823, 43280, 64252]"
119243,"[39179, 80774, 8143, 79981, 101988, 57278, 86166, 16619, 79942, 46563]"
119244,"[62716, 5018, 21728, 56042, 36081, 43300, 88330, 41317, 25374, 11810]"
119245,"[763, 84314, 34935, 7024, 3776, 65731, 64033, 51435, 98139, 25461]"
119246,"[36321, 8373, 72641, 31818, 63010, 57566, 45598, 35817, 37226, 68165]"
119247,"[83442, 50474, 44941, 1315, 74684, 38351, 101128, 107473, 38591, 94387]"
119248,"[4538, 77917, 50149, 88094, 71848, 94076, 49562, 97710, 1810, 17405]"
119249,"[95687, 106873, 46782, 46502, 25183, 98648, 105520, 3019, 12609, 42152]"
119250,"[31768, 4331, 47394, 99259, 46147, 22597, 14574, 68746, 94888, 70867]"
119251,"[5638, 18699, 71583, 43488, 34172, 35057, 101736, 104429, 52411, 78842]"
119252,"[92491, 5804, 47420, 33257, 78866, 50332, 66360, 39357, 98618, 78218]"
119253,"[100427, 26013, 109462, 51969, 4715, 45581, 32912, 97600, 10123, 36217]"
119254,"[99646, 2413, 101681, 54760, 45936, 87908, 107529, 34055, 13071, 69695]"
119255,"[44480, 34255, 98864, 76393, 17658, 64941, 90748, 27758, 67977, 59717]"
119256,"[47901, 54413, 13292, 998, 92617, 605, 78846, 102894, 22570, 92342]"
119257,"[4792, 91944, 36353, 86897, 3179, 98174, 108287, 23150, 51297, 68551]"
119258,"[49952, 48767, 70095, 39034, 27700, 53208, 26465, 77150, 78949, 70643]"
119259,"[89246, 26684, 58818, 11558, 104383, 79577, 30371, 109391, 1972, 91956]"
119260,"[13829, 29556, 7907, 3346, 99998, 71379, 70797, 108688, 40748, 82845]"
119261,"[82783, 4198, 14035, 56603, 32251, 8288, 43052, 89409, 33142, 61141]"
119262,"[66135, 67543, 95287, 25296, 3705, 64828, 66683, 41234, 626, 41181]"
119263,"[53746, 91260, 105455, 44751, 74954, 42633, 56193, 46507, 68679, 100161]"
119264,"[69828, 45246, 41733, 85896, 67478, 106589, 16502, 48553, 65629, 104430]"
119265,"[105677, 83827, 56155, 46095, 2805, 47, 107503, 756, 92287, 100945]"
119266,"[27934, 92331, 106708, 4909, 59950, 41988, 55468, 34921, 51684, 53846]"
119267,"[62075, 60365, 98982, 71798, 31824, 9127, 90911, 27850, 24308, 82651]"
119268,"[84030, 24841, 74351, 20592, 31912, 90389, 103909, 80049, 70837, 8978]"
119269,"[31594, 109500, 82440, 89400, 73567, 106522, 80489, 24418, 56979, 57613]"
119270,"[24256, 45283, 52268, 26031, 47769, 52373, 50199, 104263, 2584, 45802]"
119271,"[109671, 58058, 50013, 79927, 33014, 21129, 72827, 4129, 81290, 189]"
119272,"[32683, 52079, 94239, 102667, 47521, 108827, 69844, 6629, 4354, 54907]"
119273,"[104194, 106429, 107990, 65983, 51130, 94814, 77874, 11954, 108031, 40386]"
119274,"[21315, 20857, 69079, 38184, 58324, 100682, 106371, 60443, 37996, 30107]"
119275,"[60884, 100121, 67163, 18639, 38591, 25702, 93475, 48612, 88565, 76119]"
119276,"[54857, 13382, 46612, 18973, 105084, 65028, 57383, 9287, 100818, 5648]"
119277,"[67120, 73823, 48294, 50843, 88210, 47613, 17306, 96146, 81664, 19846]"
119278,"[84605, 18274, 87203, 72715, 69814, 67254, 93035, 103631, 86791, 97734]"
119279,"[87116, 73617, 23987, 66971, 36662, 20757, 68346, 12435, 6920, 65613]"
119280,"[24573, 20352, 26217, 2725, 34999, 69411, 96809, 31636, 60763, 43730]"
119281,"[1906, 68967, 87681, 48537, 90492, 23116, 10560, 100210, 15548, 107156]"
119282,"[57813, 59471, 49221, 78972, 36083, 92980, 108097, 65114, 31952, 70323]"
119283,"[98104, 99516, 40309, 96592, 12783, 88494, 18751, 6462, 81626, 8694]"
119284,"[36610, 7567, 93747, 43744, 104284, 64647, 35941, 62240, 107083, 105928]"
119285,"[85727, 73460, 2495, 61409, 68662, 18739, 47219, 76507, 32847, 64496]"
119286,"[96501, 16488, 19398, 25296, 61961, 51800, 82707, 66083, 98051, 105628]"
119287,"[55393, 80755, 1084, 35327, 5970, 41543, 21942, 51147, 43499, 85647]"
119288,"[87157, 88144, 54694, 93816, 71945, 86780, 85221, 78026, 23005, 80836]"
119289,"[57845, 107659, 86613, 56696, 89522, 36687, 87593, 98655, 18081, 103744]"
119290,"[90450, 48685, 19351, 82150, 29706, 74732, 105846, 37194, 74645, 72787]"
119291,"[30582, 106756, 23155, 100472, 86799, 6136, 11417, 68976, 29261, 65725]"
119292,"[14490, 105703, 98117, 92359, 68408, 108265, 63911, 34452, 82415, 109146]"
119293,"[108533, 801, 67543, 15775, 30722, 52232, 55447, 32360, 33002, 64828]"
119294,"[34969, 41265, 81602, 26986, 81246, 9564, 4191, 70681, 25568, 49868]"
119295,"[100800, 12161, 62486, 55843, 35309, 52163, 4765, 58586, 77439, 47255]"
119296,"[27227, 30309, 19881, 32410, 97095, 34281, 20303, 21782, 48038, 90470]"
119297,"[31563, 43472, 104207, 43704, 53449, 11098, 102749, 54727, 5111, 106634]"
119298,"[101144, 66949, 106531, 14033, 59877, 32549, 63756, 95635, 52541, 24771]"
119299,"[64146, 37204, 10395, 50080, 39085, 76884, 9822, 80999, 19899, 49106]"
119300,"[71357, 74916, 107940, 91497, 28521, 88189, 86963, 33412, 52667, 41731]"
119301,"[100328, 95731, 102831, 87630, 46451, 55918, 37872, 36543, 96614, 77893]"
119302,"[103082, 3897, 71342, 76031, 14448, 53386, 9481, 39190, 59022, 54590]"
119303,"[89923, 58669, 71942, 47445, 75192, 51683, 47880, 43931, 69289, 103240]"
119304,"[48266, 5156, 105182, 87200, 20759, 63783, 41669, 90683, 43659, 92062]"
119305,"[7886, 99522, 53921, 77947, 37867, 49, 98178, 16089, 99895, 86952]"
119306,"[37203, 25549, 45260, 38145, 33093, 89108, 87693, 105410, 39713, 27638]"
119307,"[80203, 59995, 72073, 40830, 28567, 9693, 1874, 70307, 47177, 10069]"
119308,"[69208, 9603, 77272, 72807, 109751, 61891, 10300, 2075, 104283, 64330]"
119309,"[9582, 15126, 62035, 79378, 22786, 27486, 56384, 57695, 65987, 32135]"
119310,"[35799, 28956, 11959, 56009, 34355, 10607, 53893, 5697, 20846, 1080]"
119311,"[57658, 79331, 63410, 45982, 62276, 37586, 21154, 100243, 54008, 81828]"
119312,"[31469, 20433, 77024, 55612, 54728, 55877, 70719, 79211, 775, 40896]"
119313,"[36358, 1470, 40529, 40766, 2575, 105008, 34247, 34464, 76557, 71868]"
119314,"[70096, 78317, 74647, 65653, 99272, 30772, 53548, 10094, 65440, 45028]"
119315,"[89845, 70881, 50680, 92933, 44774, 74967, 17161, 50058, 94368, 75645]"
119316,"[76636, 48113, 71012, 82909, 2383, 63116, 30824, 18977, 76379, 6870]"
119317,"[3727, 100380, 52928, 72757, 34151, 89269, 24643, 34636, 79467, 43631]"
119318,"[60160, 92321, 13570, 32087, 9338, 44092, 23776, 46038, 64817, 27189]"
119319,"[49562, 45007, 81997, 89743, 77917, 11764, 4538, 71848, 50149, 79184]"
119320,"[46637, 56491, 50584, 20008, 61786, 68831, 42987, 70738, 32728, 74217]"
119321,"[14080, 54689, 75727, 76598, 45301, 92598, 78035, 65205, 68938, 4695]"
119322,"[5754, 58784, 74116, 64857, 49290, 16643, 82369, 93063, 55686, 62068]"
119323,"[2849, 84879, 16660, 50937, 99507, 82325, 74170, 53912, 37275, 17981]"
119324,"[25491, 15806, 32664, 12788, 90700, 19954, 72483, 70576, 3702, 63242]"
119325,"[71961, 87522, 70489, 87670, 100767, 80912, 57393, 40369, 25867, 49640]"
119326,"[66146, 22098, 38109, 17819, 31313, 91436, 33785, 42354, 95917, 580]"
119327,"[88268, 97473, 97287, 20876, 92561, 96497, 83004, 9148, 86514, 10495]"
119328,"[13096, 90448, 104861, 51474, 18804, 5500, 44844, 100417, 78564, 47468]"
119329,"[65912, 22365, 8197, 95834, 74381, 73749, 50364, 37471, 35947, 17779]"
119330,"[54928, 31817, 78535, 13536, 21624, 47492, 7663, 50810, 97802, 31740]"
119331,"[53398, 84806, 7708, 41336, 73563, 105042, 69640, 95227, 15124, 43186]"
119332,"[37264, 54268, 19696, 41685, 97656, 71111, 4183, 47555, 84837, 18502]"
119333,"[93102, 22104, 35494, 59738, 71665, 42838, 65465, 95282, 28551, 18142]"
119334,"[70151, 90288, 97173, 10646, 108434, 214, 58105, 73761, 72745, 43837]"
119335,"[65854, 42304, 14073, 96318, 31882, 13996, 33605, 21618, 7009, 48786]"
119336,"[20337, 9816, 101708, 84551, 25998, 59662, 12744, 15331, 57286, 33433]"
119337,"[83392, 94376, 61958, 109537, 37342, 39720, 8412, 19403, 51165, 28451]"
119338,"[90949, 4799, 44205, 72975, 54111, 46925, 40747, 84590, 40339, 70243]"
119339,"[39067, 104124, 81464, 91951, 43469, 108717, 94706, 82747, 29222, 69774]"
119340,"[60845, 65579, 79043, 61746, 83643, 37913, 74261, 48698, 17924, 66134]"
119341,"[83148, 101469, 106644, 10765, 9331, 76134, 25231, 58441, 82687, 19098]"
119342,"[12307, 94677, 51566, 96403, 40927, 4554, 49031, 87239, 100976, 92348]"
119343,"[16912, 72198, 101186, 66183, 1429, 56250, 34724, 72203, 92734, 61171]"
119344,"[60319, 15420, 9107, 60346, 75751, 101612, 86704, 6712, 8356, 40178]"
119345,"[65762, 89312, 32554, 44441, 62990, 15462, 62368, 27819, 86571, 18125]"
119346,"[30549, 58816, 86612, 95963, 66113, 39447, 77562, 64488, 72383, 68274]"
119347,"[101125, 79833, 56787, 46504, 16897, 103467, 67419, 10323, 84877, 75279]"
119348,"[80149, 108693, 12376, 33286, 25036, 5494, 57125, 86463, 85934, 60166]"
119349,"[12790, 81934, 1436, 31070, 30389, 7613, 29316, 84157, 78659, 84101]"
119350,"[4955, 64563, 88125, 60536, 78666, 76498, 30216, 94598, 80664, 70484]"
119351,"[51728, 44856, 14732, 43616, 29910, 66279, 18178, 100602, 6513, 83748]"
119352,"[60, 61813, 10037, 83129, 36915, 109689, 3684, 6851, 102281, 91266]"
119353,"[98503, 10834, 52707, 7325, 8526, 25849, 72738, 25529, 45113, 25793]"
119354,"[102880, 45285, 64525, 39677, 24396, 78706, 50090, 82241, 989, 6374]"
119355,"[29582, 35052, 89181, 3236, 98666, 15398, 13371, 102193, 41178, 31459]"
119356,"[8094, 54395, 9899, 90854, 93275, 64485, 37340, 63531, 58539, 49875]"
119357,"[52638, 21055, 7393, 59052, 46867, 23688, 4500, 92594, 67009, 49292]"
119358,"[33733, 78162, 21338, 39811, 87946, 26251, 72013, 25851, 86388, 49201]"
119359,"[48784, 54213, 23232, 28709, 41660, 98836, 104552, 33438, 50543, 38753]"
119360,"[67485, 51625, 43361, 67305, 3171, 100573, 55894, 103025, 28743, 10041]"
119361,"[46038, 82078, 108283, 13570, 49367, 9805, 60160, 9338, 64817, 27189]"
119362,"[64313, 62296, 107177, 22740, 80877, 41150, 16136, 71640, 84003, 59848]"
119363,"[59385, 81072, 26551, 60214, 50499, 105946, 25628, 95030, 221, 93197]"
119364,"[91906, 88676, 2159, 51623, 41758, 52024, 273, 78874, 91000, 49506]"
119365,"[93183, 8368, 103082, 76031, 59992, 5480, 96174, 93172, 102822, 23259]"
119366,"[8963, 83184, 74820, 27948, 108717, 21183, 83806, 95342, 39067, 20673]"
119367,"[102161, 104703, 103850, 32088, 6233, 80660, 93110, 73350, 49207, 69356]"
119368,"[89627, 31046, 74965, 98995, 74937, 26695, 105759, 29717, 1053, 107535]"
119369,"[19659, 6623, 31491, 1386, 54455, 2033, 75031, 67404, 44349, 103422]"
119370,"[80596, 97787, 99245, 76128, 65656, 6148, 92320, 16912, 56160, 23440]"
119371,"[25356, 24986, 91016, 85014, 97326, 68197, 98043, 65569, 108809, 12289]"
119372,"[82296, 87741, 18406, 35427, 42399, 85762, 51600, 53782, 759, 85276]"
119373,"[35226, 90477, 310, 9678, 53454, 82223, 22798, 9415, 89782, 22783]"
119374,"[68621, 85773, 67953, 55372, 77588, 45093, 75046, 99115, 27106, 67061]"
119375,"[15591, 67839, 19726, 18570, 36852, 79715, 13211, 108449, 4916, 85611]"
119376,"[30080, 105818, 97370, 4476, 6471, 32334, 8987, 53669, 82402, 84287]"
119377,"[10095, 35125, 89435, 105418, 84200, 28413, 91306, 25829, 65011, 60454]"
119378,"[15595, 36056, 92539, 68881, 101849, 71900, 90232, 82399, 105570, 27458]"
119379,"[15444, 71924, 59522, 72862, 109770, 37423, 79217, 36458, 10662, 14551]"
119380,"[61657, 42029, 32123, 107675, 22161, 5884, 99553, 90397, 15451, 18954]"
119381,"[42262, 13584, 102195, 40755, 15470, 92165, 57022, 11626, 89673, 78279]"
119382,"[93527, 34106, 77193, 4648, 56718, 103583, 7010, 103750, 66096, 5681]"
119383,"[37120, 43344, 99375, 32677, 62040, 86294, 28866, 26653, 81166, 25880]"
119384,"[23133, 19600, 22390, 51199, 96198, 81190, 13333, 35803, 26865, 67165]"
119385,"[36561, 17348, 104420, 4759, 93637, 100312, 78064, 100283, 92349, 74417]"
119386,"[53653, 66280, 76843, 7873, 29950, 9047, 52012, 17698, 94460, 777]"
119387,"[62326, 7225, 9336, 42770, 24340, 18367, 42203, 2636, 94366, 26423]"
119388,"[79214, 77803, 4393, 73208, 73992, 28760, 93017, 68733, 1249, 109271]"
119389,"[77360, 109344, 86938, 72970, 71154, 68563, 67859, 73064, 41835, 97319]"
119390,"[75075, 47801, 2927, 16490, 50122, 65376, 33145, 8299, 79356, 29662]"
119391,"[14278, 62220, 73868, 61713, 67973, 92764, 57049, 5364, 58036, 75979]"
119392,"[83585, 7246, 45521, 1651, 47068, 79001, 93732, 106232, 39507, 21102]"
119393,"[21750, 65651, 101310, 26789, 814, 75579, 46624, 85049, 22871, 88386]"
119394,"[92292, 74654, 4584, 30946, 72030, 27882, 76225, 53753, 9161, 70901]"
119395,"[69978, 105648, 1299, 62659, 95427, 44685, 17641, 86238, 68487, 72063]"
119396,"[19330, 37167, 15608, 18752, 55316, 70971, 56884, 56382, 58648, 47343]"
119397,"[23070, 82114, 14397, 100149, 24927, 81200, 54701, 45039, 680, 14616]"
119398,"[78763, 54124, 38595, 92872, 107397, 43510, 70326, 53739, 51604, 50988]"
119399,"[62760, 62769, 45355, 64950, 88683, 9574, 88695, 1707, 46834, 23995]"
119400,"[57183, 78702, 18958, 76768, 48175, 23581, 65426, 90677, 32900, 63722]"
119401,"[77154, 22945, 17613, 66315, 104267, 100700, 52294, 78098, 92487, 73378]"
119402,"[7295, 94479, 83352, 82631, 83241, 59049, 92498, 93997, 5579, 94400]"
119403,"[104908, 36837, 61191, 107570, 58423, 109091, 53726, 9418, 29198, 46668]"
119404,"[79101, 103973, 92187, 103929, 93222, 88741, 61861, 56189, 33215, 79695]"
119405,"[74410, 79059, 103244, 4091, 10305, 39231, 48557, 27960, 99265, 16946]"
119406,"[21113, 43438, 109241, 18894, 47576, 48528, 88444, 91607, 85896, 67478]"
119407,"[5829, 63229, 72842, 90355, 28703, 32791, 464, 2309, 5632, 13098]"
119408,"[93228, 8195, 29512, 39652, 75045, 53363, 61329, 43223, 103738, 19608]"
119409,"[29981, 3909, 36676, 44076, 28779, 28992, 31296, 69368, 18543, 17938]"
119410,"[6726, 74666, 39592, 69230, 65375, 100904, 93240, 106177, 95877, 43250]"
119411,"[80944, 57382, 7360, 2206, 19060, 1745, 64280, 101557, 53189, 71468]"
119412,"[109012, 11591, 19924, 77787, 93612, 83787, 32560, 93188, 52827, 45050]"
119413,"[55783, 105750, 1854, 36952, 33401, 41031, 36241, 102239, 27443, 86745]"
119414,"[63719, 47476, 73365, 25533, 104576, 103819, 96581, 13880, 61269, 45926]"
119415,"[38492, 88010, 73774, 94984, 61659, 75996, 3048, 109658, 32353, 52656]"
119416,"[21572, 7184, 10222, 105531, 88425, 85981, 84825, 18137, 51782, 101762]"
119417,"[18640, 99814, 58209, 889, 45452, 95888, 52259, 102793, 68334, 60999]"
119418,"[90028, 37305, 109205, 98982, 71798, 98200, 84061, 133, 53547, 43948]"
119419,"[12581, 78538, 17636, 8038, 56235, 100355, 106007, 16070, 95922, 69918]"
119420,"[22409, 79949, 23047, 69688, 91507, 31920, 56593, 105985, 81432, 92767]"
119421,"[79385, 58874, 56381, 2937, 75926, 36413, 105883, 1769, 94289, 108325]"
119422,"[32060, 11299, 10025, 91360, 99938, 62701, 62207, 55491, 55183, 69491]"
119423,"[31503, 61325, 94620, 29470, 31540, 26207, 59082, 92533, 56050, 42327]"
119424,"[95904, 69763, 28848, 5867, 20853, 72538, 52841, 70156, 7866, 75527]"
119425,"[6339, 73890, 54488, 23590, 79934, 2951, 106632, 32623, 95668, 22773]"
119426,"[34671, 14417, 50672, 86170, 66643, 34063, 95113, 22663, 51100, 107664]"
119427,"[33166, 74685, 89987, 85102, 18002, 43578, 43827, 93714, 107987, 94683]"
119428,"[58720, 97109, 62271, 52970, 39088, 15147, 87776, 7072, 91164, 29106]"
119429,"[38502, 89405, 103063, 44682, 24462, 1546, 8884, 73016, 40854, 59168]"
119430,"[24353, 67626, 94920, 19195, 57636, 25141, 87478, 92731, 103481, 52987]"
119431,"[89675, 83803, 102540, 44106, 12660, 95837, 92266, 63437, 8793, 65423]"
119432,"[23983, 27331, 92029, 69114, 89132, 55553, 44767, 22621, 4462, 29056]"
119433,"[35361, 280, 47192, 95594, 18351, 2830, 31284, 60382, 83990, 11311]"
119434,"[70935, 57432, 11794, 35307, 78242, 62274, 102636, 58358, 91218, 66110]"
119435,"[95347, 53295, 57858, 17613, 78674, 58835, 63869, 56985, 75717, 30667]"
119436,"[65296, 29872, 20659, 18087, 62424, 24778, 37561, 97765, 9283, 16839]"
119437,"[54369, 97275, 37485, 97803, 104487, 55635, 38370, 7432, 19896, 103011]"
119438,"[18610, 99402, 62229, 54921, 95586, 41402, 51007, 6410, 66615, 37940]"
119439,"[63615, 49890, 32899, 89147, 82793, 107339, 98158, 94531, 88311, 95195]"
119440,"[94074, 37286, 49253, 76541, 39101, 17087, 30821, 23001, 107573, 60653]"
119441,"[27086, 60345, 33941, 104426, 48257, 57956, 35425, 64148, 21757, 49824]"
119442,"[18636, 62460, 83911, 20065, 85923, 58560, 88889, 70792, 72409, 4235]"
119443,"[52606, 86141, 16545, 40550, 25053, 21690, 44018, 101502, 108021, 28306]"
119444,"[94328, 87423, 1550, 100173, 34158, 76354, 96416, 92598, 41020, 42057]"
119445,"[35315, 76009, 20392, 27929, 94279, 18011, 48596, 102720, 4725, 37440]"
119446,"[101192, 81439, 77238, 106865, 50630, 34312, 67370, 87587, 5850, 39736]"
119447,"[150, 76466, 95054, 30290, 33982, 60566, 91486, 71289, 42332, 57033]"
119448,"[102065, 61201, 65300, 57481, 68666, 57305, 57743, 9454, 2859, 94126]"
119449,"[31519, 29978, 78975, 68599, 42419, 80028, 32661, 89185, 72914, 32999]"
119450,"[6215, 89372, 100142, 95444, 81978, 71480, 42454, 41293, 61495, 106250]"
119451,"[23672, 85118, 27819, 38751, 12410, 56408, 23425, 67249, 22435, 64035]"
119452,"[11624, 80078, 40740, 30731, 7894, 102783, 25869, 90164, 63261, 18590]"
119453,"[579, 17673, 65373, 97612, 45399, 23639, 84749, 9815, 108413, 939]"
119454,"[84813, 34815, 51619, 52309, 62203, 74706, 75492, 28499, 85168, 50163]"
119455,"[98177, 107865, 109643, 92059, 71378, 79032, 8170, 96022, 28262, 71130]"
119456,"[84108, 9755, 21659, 22170, 22572, 76123, 88129, 62045, 74691, 31177]"
119457,"[30573, 71994, 46697, 86779, 2049, 98749, 72069, 52206, 18852, 31980]"
119458,"[91446, 17392, 69712, 36479, 57788, 74302, 34442, 34638, 407, 44418]"
119459,"[92992, 92255, 105468, 10781, 23195, 49951, 108335, 49525, 9734, 42603]"
119460,"[38351, 93264, 19115, 17482, 9688, 49695, 919, 53397, 14222, 4291]"
119461,"[73108, 87869, 91204, 104537, 95384, 15724, 108441, 22517, 7839, 84430]"
119462,"[36022, 988, 102954, 78130, 51805, 5176, 32625, 62046, 69403, 65339]"
119463,"[103245, 49722, 66053, 15665, 13055, 54833, 14911, 17573, 8993, 16788]"
119464,"[75052, 82162, 5213, 89084, 9775, 63054, 86959, 80265, 14487, 68215]"
119465,"[81098, 79571, 33147, 3250, 35616, 69250, 49374, 100926, 66274, 6789]"
119466,"[4137, 12250, 56461, 93484, 3189, 91134, 16511, 66990, 79858, 58266]"
119467,"[87540, 57131, 83567, 58528, 6287, 37168, 22622, 51493, 74629, 96573]"
119468,"[101427, 71425, 59213, 57388, 37157, 19751, 23838, 53699, 102108, 44524]"
119469,"[87883, 29082, 76565, 36843, 65927, 38706, 66764, 1982, 4744, 3304]"
119470,"[63228, 89582, 56245, 54932, 109174, 46821, 55207, 98595, 26685, 95022]"
119471,"[20538, 103028, 38693, 71768, 745, 84304, 53614, 38766, 83289, 66001]"
119472,"[6579, 2994, 16661, 80033, 7532, 91305, 10775, 108375, 58455, 23166]"
119473,"[15192, 72957, 77422, 737, 75363, 15796, 19391, 53578, 6838, 85421]"
119474,"[16382, 60442, 83933, 39388, 41098, 95204, 29282, 20085, 101969, 65554]"
119475,"[44494, 36322, 23086, 1617, 94403, 67636, 65947, 97453, 86209, 80098]"
119476,"[106110, 80495, 2840, 107091, 63282, 92766, 70151, 90288, 43837, 96582]"
119477,"[10465, 37425, 81771, 95524, 49658, 11500, 40956, 74862, 27224, 41056]"
119478,"[87231, 43268, 45409, 40461, 74500, 24392, 40800, 66866, 100213, 2060]"
119479,"[5812, 17755, 11945, 106235, 77734, 100107, 39972, 55, 89004, 64406]"
119480,"[71838, 102295, 40773, 31026, 102277, 96578, 76890, 69002, 89528, 55404]"
119481,"[2513, 45723, 47060, 66277, 20192, 69035, 90725, 43413, 107159, 71936]"
119482,"[12684, 109758, 99154, 2832, 95284, 10241, 68737, 65082, 27111, 24778]"
119483,"[44714, 11156, 67207, 14165, 25881, 79102, 51582, 8367, 64338, 14287]"
119484,"[41455, 20467, 2970, 5218, 58828, 88574, 9816, 25822, 19396, 46201]"
119485,"[15084, 61090, 43076, 89332, 54134, 38421, 104916, 64101, 57929, 77295]"
119486,"[81430, 82362, 35179, 84437, 80293, 15813, 90193, 8505, 71741, 14025]"
119487,"[78574, 64717, 12605, 84337, 35383, 14780, 98748, 44189, 96757, 86701]"
119488,"[1979, 92657, 9959, 1566, 6659, 6522, 10715, 94285, 91605, 89375]"
119489,"[84547, 58022, 44285, 60419, 23702, 21814, 62438, 51846, 108726, 44644]"
119490,"[76256, 103606, 24297, 107333, 60067, 106123, 8505, 83923, 73571, 51961]"
119491,"[56890, 88838, 21269, 22435, 10482, 39194, 48673, 102052, 91541, 77634]"
119492,"[77630, 18674, 63549, 95500, 7599, 53493, 107412, 98412, 104551, 55970]"
119493,"[98181, 89361, 80439, 8605, 52110, 47850, 104053, 96412, 96601, 85312]"
119494,"[85509, 89364, 56045, 92765, 54269, 73789, 82685, 54173, 8706, 16243]"
119495,"[68619, 36512, 80343, 23675, 39868, 75213, 21337, 84555, 96758, 106657]"
119496,"[99258, 16268, 95184, 96796, 22026, 109772, 108408, 11589, 50483, 16305]"
119497,"[20196, 108763, 37779, 25076, 68156, 15704, 72874, 20781, 9007, 94232]"
119498,"[83845, 71914, 103825, 2842, 3476, 76914, 59980, 100777, 41878, 43408]"
119499,"[3209, 22047, 98722, 74196, 55176, 79638, 105497, 61278, 42278, 86569]"
119500,"[19079, 11223, 7542, 5606, 76955, 90908, 8189, 12876, 89838, 18786]"
119501,"[87747, 40320, 59709, 56893, 58564, 90031, 9852, 74546, 100845, 29507]"
119502,"[73509, 52235, 17933, 65002, 70295, 34926, 29731, 60556, 33560, 78365]"
119503,"[95445, 45087, 65397, 4660, 5753, 72029, 67295, 107101, 96783, 104260]"
119504,"[87827, 15343, 84394, 31260, 67145, 103612, 81748, 10401, 107002, 11954]"
119505,"[100837, 63725, 71661, 42878, 95937, 104653, 70081, 25984, 85865, 38699]"
119506,"[533, 84775, 25780, 69990, 78396, 100764, 12363, 64551, 104318, 39734]"
119507,"[23252, 90730, 79718, 70954, 4652, 49631, 77664, 52484, 38914, 101288]"
119508,"[15986, 44913, 107433, 85092, 20440, 47687, 85068, 4459, 75295, 103935]"
119509,"[85087, 29984, 90850, 67683, 14240, 56521, 96201, 37783, 40090, 11600]"
119510,"[3412, 109207, 41414, 17601, 55763, 17005, 13389, 82285, 91487, 4386]"
119511,"[94893, 32295, 50275, 103729, 99479, 50272, 48501, 28401, 24245, 38236]"
119512,"[52494, 69393, 109761, 51326, 38293, 108071, 74592, 69521, 33324, 71885]"
119513,"[21460, 74049, 16936, 71690, 99712, 101457, 76902, 98255, 22634, 34677]"
119514,"[58782, 69988, 101755, 54323, 904, 70351, 40606, 17272, 68525, 64111]"
119515,"[14185, 68772, 25290, 71044, 37091, 13766, 24919, 25754, 20348, 21061]"
119516,"[49395, 86364, 7004, 25571, 85723, 51628, 44417, 55773, 27002, 56482]"
119517,"[65154, 99679, 105022, 86373, 20052, 73701, 42755, 41060, 99138, 71070]"
119518,"[30308, 107549, 99660, 98226, 82642, 12702, 97889, 5512, 26796, 19968]"
119519,"[62947, 282, 1404, 96507, 80170, 91585, 59831, 10061, 108575, 51586]"
119520,"[49599, 11337, 2721, 65279, 92137, 21233, 18727, 6080, 65065, 105680]"
119521,"[68542, 29542, 65181, 16835, 47216, 97187, 32422, 51347, 50935, 25045]"
119522,"[22896, 74421, 102241, 20161, 1939, 53844, 17541, 99471, 53271, 16039]"
119523,"[41526, 48284, 96499, 12127, 14273, 93327, 87934, 93203, 92360, 56998]"
119524,"[105436, 102151, 16468, 62652, 66840, 4127, 1692, 28678, 66730, 60248]"
119525,"[34106, 4648, 78285, 24858, 103583, 56718, 7010, 93527, 15627, 75562]"
119526,"[82794, 18154, 69159, 41099, 64108, 92982, 94605, 101875, 46943, 1281]"
119527,"[21674, 90251, 36866, 58767, 91206, 28312, 725, 18516, 95379, 84734]"
119528,"[50867, 96517, 14343, 59105, 92282, 64093, 97713, 42547, 14838, 102608]"
119529,"[78619, 13413, 49381, 14454, 25863, 105332, 80738, 83322, 52263, 70923]"
119530,"[13407, 94058, 21071, 56766, 1365, 56102, 39040, 70069, 102243, 17985]"
119531,"[12790, 81934, 1436, 31070, 30389, 100556, 40036, 62906, 49000, 35573]"
119532,"[51799, 35618, 45742, 56199, 29229, 77161, 12215, 589, 23396, 41978]"
119533,"[2548, 37041, 101032, 76780, 99323, 84458, 17456, 22351, 44648, 52383]"
119534,"[54911, 95709, 39145, 68269, 53620, 109209, 1105, 105884, 20999, 83341]"
119535,"[11101, 54144, 8007, 55627, 109586, 56242, 76982, 14193, 68206, 94924]"
119536,"[101733, 106220, 16627, 29276, 102464, 101487, 69845, 107298, 75335, 15877]"
119537,"[25266, 42183, 53961, 27425, 32354, 64289, 14371, 106693, 64074, 47761]"
119538,"[91383, 61225, 7217, 48696, 10774, 53077, 35254, 99411, 8231, 43920]"
119539,"[86305, 72327, 14203, 94988, 55309, 52282, 5636, 77233, 39471, 15447]"
119540,"[101763, 28188, 25382, 13681, 94789, 50247, 100531, 17668, 97058, 46091]"
119541,"[106399, 29152, 91629, 83168, 60517, 108145, 106138, 93303, 25838, 37984]"
119542,"[13801, 80806, 78259, 91820, 8642, 61321, 98613, 21498, 104872, 78799]"
119543,"[29063, 89506, 95830, 88462, 98805, 57672, 100239, 59552, 38836, 86725]"
119544,"[6512, 29464, 70291, 36327, 31544, 106450, 101686, 66458, 5147, 16003]"
119545,"[7565, 85929, 13574, 57060, 42965, 87644, 89622, 55269, 45101, 94998]"
119546,"[34996, 14636, 58552, 45590, 17143, 94996, 15565, 67877, 45314, 83508]"
119547,"[106612, 76438, 5882, 98568, 104080, 23911, 81537, 78363, 70387, 82697]"
119548,"[18763, 93533, 18665, 15430, 98080, 374, 14837, 50522, 105714, 78375]"
119549,"[38464, 96139, 90617, 52877, 44829, 66304, 73474, 92378, 33071, 99414]"
119550,"[64588, 35773, 86600, 81490, 74712, 2831, 43216, 24330, 28347, 1846]"
119551,"[105364, 32865, 11251, 20567, 100783, 79135, 366, 96172, 42628, 30194]"
119552,"[31689, 17546, 9486, 38749, 82882, 25325, 4199, 52799, 26411, 10694]"
119553,"[50742, 56068, 62712, 66232, 98332, 60011, 105770, 4928, 51824, 7858]"
119554,"[69105, 98319, 73196, 15892, 108640, 55414, 72847, 106252, 49770, 16409]"
119555,"[106012, 99137, 74125, 21790, 28606, 38062, 88783, 73686, 87094, 64654]"
119556,"[30583, 10468, 81794, 92237, 21108, 96336, 81440, 97651, 51493, 26528]"
119557,"[106151, 39419, 79367, 5618, 104519, 61931, 73795, 90538, 18506, 48326]"
119558,"[36757, 54815, 75825, 17323, 87406, 80297, 97999, 103922, 73640, 100471]"
119559,"[65289, 27057, 103204, 102775, 88450, 60113, 59762, 101770, 83340, 78557]"
119560,"[48952, 26495, 77053, 100906, 92160, 74104, 85070, 75029, 32957, 82060]"
119561,"[65225, 45770, 54461, 47690, 109204, 44704, 105173, 43401, 83854, 92229]"
119562,"[77181, 89932, 1421, 42680, 70395, 30485, 98206, 100581, 18944, 97408]"
119563,"[40448, 94246, 571, 105240, 69739, 18202, 11477, 100216, 67171, 77673]"
119564,"[78839, 57104, 2871, 55678, 58218, 50402, 55845, 19452, 46798, 26454]"
119565,"[79344, 108559, 18963, 37470, 83793, 92501, 13327, 11173, 100601, 29347]"
119566,"[76229, 9057, 57839, 62003, 65622, 14246, 41776, 36289, 3874, 50085]"
119567,"[39803, 47995, 86948, 7333, 70430, 91934, 68184, 42180, 55866, 50313]"
119568,"[65022, 11581, 54923, 29745, 11298, 4139, 70739, 105607, 35319, 45292]"
119569,"[89693, 12507, 93380, 106341, 74996, 3402, 53970, 103615, 21960, 80835]"
119570,"[50680, 51188, 70881, 92933, 50058, 75645, 89845, 59990, 70781, 83068]"
119571,"[86773, 66930, 56560, 100871, 29626, 12875, 80728, 48694, 784, 108495]"
119572,"[63075, 18266, 64878, 30484, 71001, 15817, 13214, 93194, 71224, 38951]"
119573,"[57882, 105676, 18632, 107742, 86972, 15029, 89606, 86466, 69355, 25874]"
119574,"[14404, 27161, 42625, 20807, 93173, 44507, 38247, 52283, 48870, 32944]"
119575,"[17364, 48429, 11345, 4209, 101453, 108857, 81333, 45132, 17479, 10491]"
119576,"[77806, 13350, 16384, 16463, 93389, 69804, 69957, 108184, 99521, 69728]"
119577,"[59871, 51166, 2906, 90912, 12418, 78985, 39075, 1872, 86343, 74781]"
119578,"[80817, 67501, 77089, 3033, 72716, 22083, 83320, 45979, 82572, 47169]"
119579,"[81103, 81975, 62994, 15988, 59603, 48808, 4669, 5619, 80382, 9350]"
119580,"[104251, 25078, 36975, 108289, 4492, 91094, 90836, 55793, 69730, 4496]"
119581,"[79130, 40559, 75799, 22485, 80034, 23183, 35287, 104095, 2776, 93844]"
119582,"[48284, 96499, 12127, 14273, 93327, 87934, 41526, 93203, 93587, 46275]"
119583,"[7835, 9789, 26916, 45933, 12417, 59770, 76058, 39977, 39182, 103470]"
119584,"[96026, 35086, 18922, 30682, 39218, 57948, 56498, 41339, 82830, 15450]"
119585,"[37360, 59349, 90361, 72711, 74003, 26393, 61629, 13435, 108277, 67067]"
119586,"[63555, 23446, 50771, 38496, 86636, 743, 4532, 7809, 61284, 84057]"
119587,"[98566, 101059, 91420, 2083, 20562, 79021, 81551, 58220, 51754, 25990]"
119588,"[1289, 76213, 91381, 21888, 40962, 97634, 107234, 56694, 12294, 32021]"
119589,"[9566, 48096, 83059, 13662, 52245, 26994, 34954, 28738, 6678, 28026]"
119590,"[4366, 80606, 16675, 107144, 101846, 16624, 48122, 79871, 84175, 36520]"
119591,"[7784, 107728, 27985, 64086, 11994, 66050, 109553, 44971, 4360, 67732]"
119592,"[8304, 55951, 75744, 10318, 69033, 95407, 21997, 83561, 1292, 75528]"
119593,"[38684, 51955, 47381, 22581, 51202, 14848, 45871, 44966, 55164, 83308]"
119594,"[9368, 96419, 36331, 56343, 93498, 25144, 86763, 30963, 36238, 82115]"
119595,"[94797, 12207, 71180, 25522, 37635, 60081, 27826, 69292, 47244, 35001]"
119596,"[103331, 106116, 47515, 105121, 61096, 56798, 13303, 5654, 54742, 920]"
119597,"[87428, 26159, 104100, 46822, 88187, 97158, 92353, 45972, 82066, 36709]"
119598,"[95981, 28858, 50956, 22596, 54017, 96224, 7864, 93261, 17286, 2812]"
119599,"[98347, 107228, 108905, 33164, 20818, 93117, 105002, 56720, 53376, 18353]"
119600,"[97818, 2862, 101960, 96405, 5413, 27582, 27858, 67744, 65130, 45214]"
119601,"[70560, 73400, 35230, 70981, 101953, 24586, 23369, 86810, 65363, 21139]"
119602,"[42193, 49575, 84933, 17251, 63580, 35345, 77051, 93208, 103802, 35692]"
119603,"[83978, 61601, 64876, 60147, 107381, 72806, 106385, 106368, 84768, 73278]"
119604,"[95963, 66113, 72121, 39447, 58816, 64488, 77562, 51282, 10416, 85577]"
119605,"[47954, 73614, 34851, 14242, 13141, 47900, 49601, 103700, 99497, 46987]"
119606,"[1053, 48171, 98995, 74937, 10551, 25608, 26695, 62028, 108497, 62805]"
119607,"[17472, 1832, 791, 54827, 36091, 103946, 6337, 83671, 69641, 16773]"
119608,"[17279, 31810, 33225, 95582, 91061, 67312, 84438, 96151, 23328, 954]"
119609,"[90828, 35194, 30602, 28277, 35939, 25595, 1200, 82269, 24414, 6356]"
119610,"[12212, 84000, 16955, 101932, 9384, 30648, 56466, 77286, 64742, 78808]"
119611,"[21183, 83806, 14348, 108753, 19783, 36265, 17263, 32174, 24284, 85167]"
119612,"[92299, 101477, 37518, 94552, 102623, 107709, 91903, 36897, 39158, 77438]"
119613,"[62403, 91638, 99250, 92231, 17416, 12525, 66082, 53636, 78202, 52855]"
119614,"[75091, 37198, 106908, 28019, 12878, 73956, 58193, 55367, 2760, 105467]"
119615,"[106207, 69835, 85789, 88170, 24117, 103828, 102127, 73326, 31198, 94711]"
119616,"[35408, 99996, 38895, 78359, 72622, 15695, 59831, 14379, 76288, 41346]"
119617,"[57393, 87670, 60889, 63356, 71961, 87522, 49640, 92778, 67684, 54582]"
119618,"[27849, 56328, 68061, 102156, 61650, 70708, 84400, 107891, 94137, 103716]"
119619,"[33988, 28152, 16212, 101254, 38031, 38196, 89703, 72182, 50545, 53699]"
119620,"[3377, 4074, 48677, 40143, 20705, 28758, 2081, 48642, 46141, 1265]"
119621,"[44457, 104962, 51088, 73213, 94883, 97874, 31760, 46933, 66304, 89013]"
119622,"[16608, 53666, 85628, 88195, 19365, 75052, 41521, 82162, 24791, 108906]"
119623,"[50568, 108520, 105192, 24945, 15110, 36479, 57788, 29874, 23277, 51357]"
119624,"[11878, 75290, 105103, 19542, 91785, 38920, 39009, 78873, 38794, 7914]"
119625,"[77535, 71226, 63233, 30621, 105954, 56938, 93515, 68990, 20757, 12424]"
119626,"[96746, 25565, 29197, 74957, 19637, 47463, 40398, 37169, 54978, 37431]"
119627,"[5314, 6412, 94254, 10202, 24285, 47215, 31451, 63868, 28194, 98349]"
119628,"[74214, 82406, 25702, 3288, 63616, 57983, 5770, 34298, 73593, 46165]"
119629,"[5777, 97938, 44546, 8914, 68070, 51196, 41921, 39947, 16858, 38270]"
119630,"[57223, 60572, 89261, 44151, 15523, 39734, 66566, 70861, 61829, 51232]"
119631,"[19079, 7635, 41726, 74566, 11223, 8189, 63214, 12876, 16924, 18786]"
119632,"[3346, 71379, 81692, 7907, 109546, 79197, 83035, 63389, 99998, 70797]"
119633,"[79728, 33173, 40195, 30572, 47488, 28834, 43351, 76568, 5873, 75738]"
119634,"[17398, 8053, 47361, 62290, 104695, 74907, 36305, 3780, 6572, 6746]"
119635,"[93764, 10544, 104699, 41385, 30191, 90637, 41735, 51264, 79925, 18682]"
119636,"[6579, 19872, 58532, 91305, 10775, 16661, 108375, 58455, 46359, 76360]"
119637,"[15576, 47524, 15525, 100127, 89534, 87776, 33010, 57818, 104056, 94363]"
119638,"[74267, 21311, 5498, 24960, 47034, 105716, 20118, 61478, 62097, 17449]"
119639,"[70932, 80595, 2524, 104673, 74959, 75572, 93576, 47106, 14646, 17042]"
119640,"[58910, 76219, 105407, 18729, 29383, 20497, 97489, 55280, 89512, 53716]"
119641,"[80206, 95958, 105193, 46439, 6185, 27675, 85476, 86070, 60499, 69254]"
119642,"[18289, 77294, 45315, 94848, 45863, 69377, 75119, 98041, 60868, 45832]"
119643,"[53256, 109585, 58302, 17322, 64445, 63859, 98732, 51144, 10964, 107190]"
119644,"[18715, 43303, 74400, 29606, 85156, 74497, 108963, 89232, 37336, 55787]"
119645,"[47603, 74898, 42798, 20545, 39031, 38225, 60051, 93696, 53288, 88557]"
119646,"[45833, 107663, 67006, 70370, 107291, 56072, 49127, 106383, 53204, 92016]"
119647,"[66081, 39555, 26108, 4859, 3657, 75909, 64434, 8468, 103239, 51388]"
119648,"[88579, 25200, 21675, 67421, 4371, 35303, 34112, 87661, 106310, 39966]"
119649,"[19064, 27464, 75723, 43429, 71404, 44705, 68566, 17077, 18184, 105923]"
119650,"[73462, 89822, 7402, 1719, 21999, 27830, 61611, 4151, 471, 80291]"
119651,"[17398, 47159, 8053, 47361, 104695, 62290, 73329, 100808, 60476, 84299]"
119652,"[13131, 75577, 54204, 48540, 40502, 56163, 23971, 85706, 55693, 182]"
119653,"[84253, 69320, 83075, 74909, 108684, 28164, 84971, 67062, 11046, 91681]"
119654,"[82470, 74160, 73253, 36111, 3454, 108424, 11208, 47831, 58951, 74392]"
119655,"[100381, 77064, 73071, 42856, 11765, 82961, 92227, 29539, 10737, 82439]"
119656,"[80014, 83156, 31713, 64774, 74561, 54251, 104052, 27861, 75362, 63479]"
119657,"[37937, 101384, 67588, 13625, 72741, 85603, 106261, 6469, 37008, 64604]"
119658,"[37393, 97978, 60204, 46370, 4978, 49034, 101281, 26959, 5900, 109715]"
119659,"[93949, 50229, 29220, 5094, 109551, 15295, 74883, 65993, 83353, 8147]"
119660,"[100281, 84, 83094, 20699, 65201, 95727, 62449, 36424, 73115, 61510]"
119661,"[51493, 51111, 3087, 8680, 27527, 17078, 51723, 39090, 5509, 19533]"
119662,"[94118, 79476, 91968, 96705, 62098, 42569, 73958, 101174, 15498, 82122]"
119663,"[30807, 59438, 15640, 21083, 56677, 66878, 67444, 66163, 102765, 71073]"
119664,"[29255, 4037, 85642, 57596, 52151, 47429, 40838, 20202, 12100, 78079]"
119665,"[17234, 75539, 27096, 14864, 3519, 9835, 99553, 90397, 84013, 7759]"
119666,"[7874, 65647, 34793, 17700, 90391, 93622, 16091, 19549, 29569, 15055]"
119667,"[41048, 51767, 3043, 48126, 39098, 89688, 29296, 93945, 87103, 62699]"
119668,"[101921, 38455, 60357, 73171, 50641, 62219, 103251, 67698, 63194, 179]"
119669,"[108305, 46742, 47776, 65912, 22365, 8732, 20310, 31297, 44569, 68393]"
119670,"[100786, 67942, 36579, 30683, 86910, 47636, 39263, 38272, 98736, 32369]"
119671,"[42393, 21674, 90251, 36866, 99200, 95379, 53024, 50848, 22491, 94813]"
119672,"[74653, 15922, 92406, 23353, 34928, 65798, 39592, 72783, 4336, 5316]"
119673,"[49520, 93827, 108969, 95375, 76970, 96279, 69842, 39454, 80859, 87048]"
119674,"[59328, 74659, 73908, 23861, 95780, 10117, 72799, 1351, 99738, 24998]"
119675,"[53233, 37846, 98023, 20829, 63413, 66680, 81095, 84121, 37511, 87366]"
119676,"[108332, 68264, 93676, 27027, 21869, 782, 67892, 97792, 25883, 62349]"
119677,"[1628, 11958, 99238, 81585, 10460, 27428, 108927, 62478, 100940, 50465]"
119678,"[37495, 71002, 15434, 101324, 70479, 101684, 32833, 61399, 108030, 28295]"
119679,"[66836, 107336, 108536, 36769, 81341, 71450, 62359, 80153, 87994, 79628]"
119680,"[16312, 52098, 83111, 106804, 21643, 79026, 80249, 74025, 59991, 83824]"
119681,"[46220, 101596, 34751, 23620, 73091, 64580, 58901, 103529, 107971, 97145]"
119682,"[66977, 107328, 4202, 84462, 89770, 96772, 67639, 102257, 52347, 77010]"
119683,"[19357, 71353, 6281, 85754, 74083, 56232, 34501, 34739, 64439, 103687]"
119684,"[46053, 58250, 2678, 43384, 56241, 66441, 20878, 93674, 74625, 12157]"
119685,"[96879, 88535, 68128, 23273, 1862, 88578, 86829, 15303, 44810, 73719]"
119686,"[70350, 100809, 30550, 7463, 56176, 65709, 47918, 103508, 46983, 37601]"
119687,"[76125, 306, 68555, 67281, 32826, 13986, 59747, 53770, 11518, 26185]"
119688,"[95684, 52812, 89685, 96048, 82771, 54769, 36686, 38392, 29311, 18708]"
119689,"[102994, 42501, 1591, 109431, 81534, 76785, 44952, 85447, 103550, 15016]"
119690,"[43454, 33068, 51998, 3028, 102302, 90614, 76288, 38753, 16977, 96507]"
119691,"[81517, 15116, 51180, 92111, 96280, 34851, 4116, 6670, 22470, 2644]"
119692,"[87033, 41769, 109579, 2108, 28889, 86106, 18628, 62583, 23271, 95336]"
119693,"[89076, 89998, 15888, 55344, 23639, 108413, 9869, 67944, 33273, 12577]"
119694,"[35240, 75877, 106806, 31964, 21585, 65952, 52538, 38594, 40066, 42301]"
119695,"[102097, 73150, 67494, 75894, 93710, 20936, 80704, 79578, 14621, 8448]"
119696,"[40834, 50114, 14432, 22085, 47713, 16850, 2352, 75442, 82237, 56114]"
119697,"[31533, 77951, 89127, 106183, 76089, 64119, 107799, 61342, 34557, 49131]"
119698,"[104978, 43647, 102056, 3374, 17855, 59820, 89005, 61252, 40224, 7336]"
119699,"[92305, 40114, 86536, 103462, 89762, 59057, 40640, 52149, 54702, 89901]"
119700,"[12018, 104230, 83037, 18100, 38189, 28781, 51109, 107789, 13423, 64658]"
119701,"[51791, 97507, 70234, 31430, 37931, 88239, 59067, 25228, 95510, 18700]"
119702,"[15773, 13328, 86389, 10123, 32453, 51969, 73972, 88632, 59215, 100427]"
119703,"[21559, 85547, 17741, 837, 88427, 102024, 16617, 65790, 16603, 54786]"
119704,"[75842, 38850, 72630, 90685, 70712, 13308, 62438, 108726, 108464, 15449]"
119705,"[1997, 102262, 31872, 87458, 100813, 70282, 60183, 95816, 73487, 62993]"
119706,"[102186, 104741, 5932, 83087, 23077, 67474, 65542, 70956, 37578, 64285]"
119707,"[61576, 35588, 87791, 3197, 468, 34179, 78906, 104394, 81482, 46438]"
119708,"[67917, 29015, 25034, 36939, 42355, 40713, 51909, 98024, 45159, 84678]"
119709,"[19392, 57899, 103143, 28047, 38791, 33952, 15985, 103491, 1774, 83264]"
119710,"[71771, 48422, 48805, 52995, 86823, 65121, 18392, 38277, 56689, 7869]"
119711,"[60973, 37194, 80814, 15698, 96470, 76026, 7651, 1313, 52992, 77789]"
119712,"[40776, 49034, 26959, 37393, 97978, 31896, 60204, 89179, 30475, 44677]"
119713,"[4280, 80140, 18978, 57977, 64943, 48868, 27449, 45732, 2099, 28726]"
119714,"[81111, 93057, 5361, 18233, 52181, 29422, 94951, 93260, 54284, 9698]"
119715,"[43196, 106599, 32611, 103769, 14752, 20777, 78438, 9926, 44834, 101367]"
119716,"[427, 69365, 41294, 52692, 37593, 13779, 104756, 38972, 26375, 35169]"
119717,"[371, 105951, 40289, 99111, 55136, 91347, 2535, 92180, 59711, 50030]"
119718,"[45785, 30409, 58293, 18496, 64222, 79913, 7557, 14152, 46362, 37619]"
119719,"[92512, 59519, 48392, 17128, 25321, 93578, 16092, 35567, 89562, 29973]"
119720,"[53456, 48278, 62554, 87012, 77234, 17976, 6593, 39211, 63213, 86539]"
119721,"[37825, 69678, 65611, 11128, 58777, 45152, 61382, 71353, 24846, 50724]"
119722,"[45689, 92837, 51128, 12778, 90629, 79156, 70824, 83832, 22156, 10814]"
119723,"[20038, 26940, 23930, 68028, 70258, 93970, 100032, 56354, 98468, 101446]"
119724,"[93224, 77068, 73306, 50379, 10878, 17022, 45860, 37968, 86510, 81662]"
119725,"[11440, 17681, 79810, 103159, 100079, 24615, 17412, 84712, 1204, 71349]"
119726,"[107702, 73894, 45383, 65316, 27474, 15142, 37094, 64419, 13900, 67380]"
119727,"[71608, 30962, 34212, 53394, 86419, 42240, 18949, 100295, 69635, 67896]"
119728,"[43582, 28846, 54632, 60217, 2825, 24325, 11950, 57285, 98229, 93692]"
119729,"[22399, 35744, 4658, 72549, 23944, 28515, 45365, 76272, 54092, 19535]"
119730,"[80613, 68898, 15358, 71062, 88781, 10214, 31471, 76266, 32772, 13932]"
119731,"[22957, 40093, 8422, 86805, 50482, 54219, 92556, 80801, 62841, 67283]"
119732,"[64642, 8784, 91911, 85298, 94609, 2366, 88406, 41304, 60126, 26697]"
119733,"[28496, 104410, 50794, 45189, 42713, 67717, 95252, 18380, 76590, 28642]"
119734,"[48450, 86083, 19239, 52642, 51863, 81769, 52807, 52611, 6822, 100912]"
119735,"[74311, 28728, 87667, 48272, 51081, 49960, 88827, 42757, 32963, 84246]"
119736,"[98584, 9922, 14725, 75177, 33118, 43370, 101012, 50028, 71243, 108985]"
119737,"[73000, 50092, 89075, 38115, 103339, 49321, 45758, 77822, 55016, 88903]"
119738,"[66052, 48217, 85136, 38582, 7935, 74137, 12334, 18612, 62475, 26087]"
119739,"[67695, 1718, 104295, 33117, 80983, 94597, 24875, 67119, 79074, 22024]"
119740,"[23108, 42772, 77889, 7303, 32740, 30114, 82857, 102589, 79471, 15620]"
119741,"[56780, 75329, 20297, 16636, 56826, 1389, 48093, 57115, 95775, 16605]"
119742,"[64336, 61195, 7260, 22221, 55251, 78449, 67361, 13412, 27532, 61423]"
119743,"[80723, 36776, 25596, 41525, 68902, 63499, 13229, 63068, 36444, 44067]"
119744,"[60854, 38120, 22510, 84296, 19172, 93980, 27862, 57250, 10699, 83573]"
119745,"[44865, 96956, 37287, 42013, 86841, 4964, 2272, 105244, 34493, 5901]"
119746,"[4034, 85826, 48653, 33803, 64706, 46600, 103642, 21657, 65933, 102688]"
119747,"[86334, 80348, 69098, 25751, 87580, 73482, 2601, 104768, 84758, 32302]"
119748,"[65564, 41024, 17888, 99695, 98084, 65050, 40846, 50971, 15271, 49510]"
119749,"[2752, 91207, 75032, 47215, 33363, 48690, 16534, 30584, 8117, 17477]"
119750,"[91755, 72945, 89425, 44383, 11515, 54332, 50334, 16126, 30943, 10736]"
119751,"[86672, 31094, 42072, 99284, 27172, 62853, 83297, 54580, 82948, 20245]"
119752,"[74756, 75526, 72213, 5179, 95132, 68006, 46961, 7633, 95425, 17454]"
119753,"[42269, 104430, 29972, 87856, 19159, 35244, 12625, 16561, 66344, 18806]"
119754,"[23148, 14919, 45925, 34703, 9176, 67922, 49536, 74918, 93768, 69867]"
119755,"[44650, 39267, 84288, 60773, 31652, 56011, 52549, 52157, 101881, 61683]"
119756,"[35303, 72221, 40631, 96379, 76069, 33000, 4371, 88579, 34112, 87661]"
119757,"[37441, 3468, 88696, 33660, 92178, 65547, 21646, 102400, 95607, 24203]"
119758,"[57127, 12229, 82208, 14866, 41578, 21155, 77191, 35778, 79958, 68096]"
119759,"[20613, 81419, 7430, 32878, 77035, 12183, 61204, 15041, 14863, 78719]"
119760,"[37789, 1698, 70014, 6875, 17610, 49210, 18142, 82594, 2287, 88373]"
119761,"[45049, 36825, 95971, 83274, 60135, 54717, 82253, 31518, 37256, 96292]"
119762,"[72895, 58283, 52960, 84735, 29092, 2641, 73620, 120, 54935, 844]"
119763,"[50097, 94040, 61500, 45184, 48837, 63354, 102802, 15540, 511, 89831]"
119764,"[59523, 82837, 8937, 17955, 74127, 87649, 9979, 37804, 24402, 92692]"
119765,"[24951, 99451, 58183, 78354, 2968, 108362, 91690, 65758, 84454, 89022]"
119766,"[7325, 21793, 98503, 129, 45113, 25793, 23431, 53063, 36404, 52217]"
119767,"[78638, 108926, 59123, 34907, 105601, 20858, 58408, 19690, 35353, 27013]"
119768,"[63032, 53398, 43033, 102139, 54715, 25929, 89997, 35973, 37112, 3736]"
119769,"[27970, 47986, 10700, 44833, 102344, 49548, 67993, 103594, 63904, 8377]"
119770,"[58063, 16588, 34977, 95333, 54591, 101434, 40465, 42001, 88276, 39427]"
119771,"[2316, 68285, 45452, 3886, 58209, 96633, 17446, 18640, 52259, 102793]"
119772,"[40443, 11284, 3233, 47033, 17753, 96791, 104522, 12526, 67036, 815]"
119773,"[23446, 50771, 49799, 8942, 63555, 81980, 30840, 106704, 37530, 69922]"
119774,"[9686, 7550, 87221, 62200, 40041, 59049, 10759, 94479, 53089, 1890]"
119775,"[57862, 25019, 2874, 92074, 100396, 75211, 38433, 62118, 4252, 6414]"
119776,"[97653, 98650, 18655, 26993, 70785, 342, 55107, 24198, 27169, 101277]"
119777,"[27987, 37893, 28831, 21281, 54809, 109457, 82690, 64183, 73703, 68338]"
119778,"[62380, 109630, 18199, 6949, 6640, 25869, 33564, 1258, 85326, 57424]"
119779,"[36582, 102792, 37177, 45372, 103662, 75534, 13620, 25029, 55566, 59992]"
119780,"[77751, 76701, 50822, 48225, 9124, 64509, 35657, 49102, 15452, 9615]"
119781,"[22101, 62012, 85780, 104291, 77078, 48940, 78716, 90304, 76254, 51309]"
119782,"[89294, 28749, 76974, 21783, 109350, 9908, 25384, 31112, 22794, 50260]"
119783,"[17456, 2548, 37041, 99323, 84458, 101032, 22351, 76780, 87365, 6954]"
119784,"[99949, 15254, 49510, 34459, 59825, 48701, 39594, 613, 91554, 41588]"
119785,"[42277, 68272, 19912, 56410, 86925, 27289, 82946, 41861, 36332, 78995]"
119786,"[79191, 100351, 6124, 72684, 18769, 39275, 27738, 57492, 82390, 50823]"
119787,"[5564, 89917, 101339, 50377, 46498, 84787, 38637, 109313, 72486, 92860]"
119788,"[80034, 66535, 30384, 79130, 96636, 11341, 54635, 63762, 94001, 7718]"
119789,"[81609, 51998, 51558, 27115, 73478, 2137, 27270, 33664, 76288, 57603]"
119790,"[45911, 10299, 27788, 55057, 29542, 39281, 98669, 67804, 32076, 59409]"
119791,"[62012, 85780, 104291, 48940, 102025, 22101, 25057, 12267, 38195, 85202]"
119792,"[31808, 88369, 55013, 14708, 94872, 51798, 80280, 92524, 5354, 64651]"
119793,"[6310, 55394, 92167, 98316, 86848, 94913, 41471, 107476, 91958, 10249]"
119794,"[36149, 68562, 46040, 61129, 86277, 81329, 42123, 32528, 26683, 85340]"
119795,"[96413, 90991, 53097, 78253, 109040, 76802, 40792, 100964, 72166, 49816]"
119796,"[29519, 45107, 69363, 39751, 77807, 15272, 63872, 22926, 99771, 103757]"
119797,"[95957, 52307, 73892, 64797, 33138, 61265, 21107, 57817, 43221, 104133]"
119798,"[54046, 34310, 25433, 227, 1984, 57143, 95135, 60165, 12660, 109120]"
119799,"[85958, 70917, 39666, 11780, 7124, 18407, 88665, 9435, 77862, 98989]"
119800,"[82096, 69531, 50920, 3144, 2897, 103311, 50690, 46182, 24638, 98523]"
119801,"[108653, 72420, 60540, 91806, 13643, 18063, 91528, 47709, 77185, 5582]"
119802,"[75090, 88860, 40663, 93420, 97467, 19943, 32792, 92124, 89614, 77396]"
119803,"[60820, 39856, 7072, 99456, 57028, 52970, 74593, 15576, 9232, 26856]"
119804,"[28744, 103125, 94975, 60338, 76513, 40278, 101517, 80724, 27512, 63000]"
119805,"[57820, 34999, 78296, 25279, 109613, 26217, 2725, 90469, 48503, 94171]"
119806,"[60102, 92146, 18063, 13434, 47709, 9736, 51760, 54033, 87453, 70878]"
119807,"[94509, 66342, 60045, 67912, 5438, 75322, 9503, 23363, 94803, 98513]"
119808,"[59429, 45631, 92960, 6981, 74533, 36044, 62313, 61496, 106768, 19640]"
119809,"[47289, 77199, 35928, 26647, 95558, 12038, 107505, 35279, 3074, 92784]"
119810,"[57575, 82279, 39973, 90499, 4315, 50210, 15058, 90250, 56150, 109123]"
119811,"[73404, 60841, 43402, 36954, 59749, 11785, 7514, 59950, 36878, 45719]"
119812,"[103962, 4269, 85022, 35879, 59313, 105915, 71677, 100217, 18999, 94054]"
119813,"[56062, 51754, 37172, 78353, 20675, 6135, 12471, 81551, 20862, 43751]"
119814,"[96846, 70442, 55469, 89670, 85225, 79208, 49258, 58989, 82600, 40768]"
119815,"[16114, 103537, 90073, 106424, 104470, 17424, 30522, 67827, 86930, 89785]"
119816,"[79475, 97501, 9158, 43333, 23452, 76602, 66497, 26439, 18055, 105162]"
119817,"[30072, 42828, 74800, 70974, 88536, 17505, 105375, 17082, 30115, 58656]"
119818,"[7204, 9998, 51714, 4469, 95619, 91302, 105557, 44336, 98139, 85946]"
119819,"[1399, 70316, 41374, 95081, 109239, 50984, 24754, 71438, 85204, 52494]"
119820,"[56816, 108222, 62244, 105026, 74516, 65813, 27087, 85586, 17924, 25711]"
119821,"[16833, 75261, 14619, 8490, 54097, 2800, 3918, 64767, 85838, 20505]"
119822,"[89742, 93482, 74385, 86702, 76522, 86252, 55420, 3177, 103632, 36802]"
119823,"[23707, 56166, 71887, 44257, 9229, 26962, 23503, 21958, 81286, 94835]"
119824,"[59213, 101254, 31331, 53699, 14288, 108226, 17868, 38510, 101427, 57591]"
119825,"[5090, 89036, 10195, 25345, 87173, 29066, 5813, 50369, 103758, 96680]"
119826,"[46192, 108047, 97560, 82425, 71350, 65116, 26210, 85057, 46139, 73259]"
119827,"[31246, 74105, 92170, 71331, 109219, 4548, 106142, 44398, 55740, 63857]"
119828,"[76007, 28578, 18849, 104624, 104328, 104838, 7171, 25038, 15478, 55482]"
119829,"[57222, 105910, 36000, 17806, 72873, 7574, 106409, 88643, 54485, 89744]"
119830,"[102828, 55067, 31557, 20265, 22076, 74964, 92375, 52442, 46054, 99764]"
119831,"[50073, 30537, 46402, 105710, 3132, 63068, 98957, 33024, 15799, 91640]"
119832,"[60221, 53972, 70000, 26165, 74604, 22162, 43378, 81359, 29317, 91134]"
119833,"[108477, 27017, 6864, 51658, 9137, 7078, 44959, 54797, 11349, 11354]"
119834,"[85550, 100694, 69267, 16217, 71022, 92218, 75269, 61038, 69775, 16648]"
119835,"[107020, 3980, 10678, 103373, 16525, 44057, 6409, 15481, 81148, 43246]"
119836,"[84805, 65591, 53404, 80636, 94734, 18085, 73000, 61980, 28532, 29868]"
119837,"[78401, 29480, 86628, 62789, 50186, 34447, 70081, 41114, 86994, 62703]"
119838,"[96199, 41807, 58272, 101082, 34304, 23664, 83718, 87359, 40248, 108475]"
119839,"[23213, 8053, 104695, 84299, 59203, 6790, 27785, 65928, 30496, 58830]"
119840,"[87330, 86870, 82783, 30378, 101466, 53120, 73488, 18091, 71493, 102467]"
119841,"[85710, 13729, 32704, 20307, 25650, 55651, 91821, 57973, 46633, 75882]"
119842,"[79607, 46822, 98756, 31959, 17038, 28570, 106519, 63749, 89740, 106493]"
119843,"[16545, 22616, 70864, 89972, 86, 13089, 74248, 57901, 70920, 33645]"
119844,"[5956, 5962, 93962, 59923, 4324, 26163, 78127, 87018, 93880, 92408]"
119845,"[46788, 20039, 101602, 65698, 5112, 31230, 46444, 99190, 77902, 65265]"
119846,"[51552, 82739, 93009, 68343, 32883, 76322, 56481, 90823, 36312, 39016]"
119847,"[86484, 79908, 45489, 89060, 59884, 71578, 36034, 20483, 31288, 36337]"
119848,"[52186, 58463, 60018, 92743, 100053, 67197, 13777, 16734, 24682, 91852]"
119849,"[43107, 65403, 94033, 29809, 82193, 38676, 26460, 38240, 74106, 81811]"
119850,"[98969, 48319, 1905, 45620, 48075, 95677, 33535, 72138, 92274, 18478]"
119851,"[83115, 45849, 21096, 101847, 2082, 58949, 39264, 96213, 107181, 36544]"
119852,"[18201, 109664, 71967, 63634, 67126, 102724, 11086, 8068, 37959, 74207]"
119853,"[4113, 12261, 104712, 33690, 21084, 11622, 89328, 105929, 18275, 97713]"
119854,"[32201, 87542, 91010, 64398, 109051, 26125, 77128, 47364, 98157, 4848]"
119855,"[90648, 76493, 86856, 90419, 27357, 102521, 96182, 67461, 13190, 101954]"
119856,"[39669, 259, 99148, 93, 107988, 15211, 96648, 96867, 67515, 56163]"
119857,"[99626, 106453, 28245, 79594, 77308, 75832, 3395, 65513, 55586, 100025]"
119858,"[95227, 15124, 43186, 53398, 70424, 49835, 1170, 84806, 24459, 105042]"
119859,"[63976, 90356, 24086, 106595, 83333, 36654, 10581, 96594, 68296, 27278]"
119860,"[41433, 20218, 64838, 82311, 76660, 70890, 55725, 12740, 77708, 22669]"
119861,"[103905, 42914, 1281, 101875, 46943, 82794, 108868, 103003, 36672, 92297]"
119862,"[101636, 38193, 39167, 20049, 24193, 69468, 47725, 102607, 75385, 72637]"
119863,"[58519, 55994, 58650, 86356, 101965, 101957, 46911, 36904, 102854, 57385]"
119864,"[86654, 47687, 48604, 107433, 85068, 44913, 4459, 103935, 11334, 13094]"
119865,"[87063, 86448, 82071, 20363, 104900, 81791, 27228, 107636, 67010, 72694]"
119866,"[83088, 106413, 42239, 75623, 36675, 45688, 5273, 99118, 59993, 105849]"
119867,"[41132, 75051, 36911, 71691, 55472, 82944, 62273, 29274, 66821, 44907]"
119868,"[50059, 94834, 78576, 49567, 91827, 47794, 109673, 82044, 36101, 62954]"
119869,"[91124, 57615, 76356, 89079, 48243, 14614, 48265, 95928, 27536, 34775]"
119870,"[83559, 72603, 108431, 99973, 19016, 48532, 82901, 16591, 99187, 66396]"
119871,"[47461, 98798, 87217, 99890, 11451, 96404, 56925, 28637, 61389, 75834]"
119872,"[30592, 18674, 7849, 70553, 66746, 53493, 79246, 29718, 60139, 24041]"
119873,"[10847, 55402, 11372, 12528, 84091, 90999, 31744, 106114, 7494, 103292]"
119874,"[84232, 17831, 97782, 1057, 25538, 29345, 47181, 14507, 71039, 3443]"
119875,"[4131, 45772, 33287, 84039, 59736, 8989, 1430, 31778, 53514, 38147]"
119876,"[93828, 4679, 103616, 15439, 18199, 6949, 6477, 64966, 74189, 59628]"
119877,"[62439, 83259, 77640, 49649, 67102, 51154, 15948, 103795, 23481, 68545]"
119878,"[43744, 62240, 105928, 26399, 104284, 35941, 64647, 36610, 7567, 16153]"
119879,"[9354, 88178, 90666, 96337, 62427, 31860, 9754, 89206, 31772, 68139]"
119880,"[87196, 75312, 47884, 49441, 95191, 32487, 28483, 10200, 68565, 58011]"
119881,"[57191, 32419, 24891, 43008, 50279, 94225, 34386, 17330, 19423, 100157]"
119882,"[71856, 78507, 16459, 21934, 8429, 60400, 39469, 5407, 96807, 64914]"
119883,"[72906, 70513, 66337, 67645, 102103, 26918, 70690, 103525, 36371, 60612]"
119884,"[89577, 99997, 69176, 25344, 79425, 78272, 17814, 98096, 71964, 44500]"
119885,"[102035, 31455, 17963, 89437, 42971, 48175, 23581, 78065, 21938, 97748]"
119886,"[43526, 12863, 94644, 39046, 58681, 41792, 81583, 76221, 65915, 103039]"
119887,"[34717, 108851, 72411, 1803, 92716, 47972, 72994, 1787, 90359, 967]"
119888,"[72519, 46776, 43936, 2246, 20215, 39468, 26507, 84201, 38960, 8468]"
119889,"[23741, 37030, 10734, 44482, 45375, 78515, 73580, 93813, 83519, 106995]"
119890,"[65435, 100720, 22590, 41095, 16340, 102436, 42175, 47310, 73369, 26724]"
119891,"[66715, 62890, 68846, 13162, 60463, 38084, 39785, 63018, 103820, 59352]"
119892,"[102426, 79188, 21145, 41123, 23797, 78609, 93141, 102727, 95112, 100981]"
119893,"[60959, 3355, 66674, 49285, 104279, 14814, 84433, 80788, 49263, 69547]"
119894,"[2316, 68285, 99814, 25168, 1495, 34766, 54959, 39525, 60425, 83278]"
119895,"[69076, 7408, 103530, 105949, 56788, 27277, 55826, 15368, 13306, 26793]"
119896,"[62868, 78727, 102663, 88368, 57717, 4081, 73889, 72193, 17970, 30202]"
119897,"[108152, 107021, 75125, 80088, 79830, 10386, 95802, 32258, 58623, 9890]"
119898,"[37706, 15365, 50842, 4928, 15643, 70995, 43467, 92825, 15132, 39096]"
119899,"[84664, 75835, 47392, 30625, 60582, 56749, 21345, 100258, 32757, 22010]"
119900,"[6473, 49834, 11061, 45799, 11168, 103698, 37728, 2995, 2737, 42382]"
119901,"[20564, 89454, 69360, 91119, 85275, 46353, 17574, 101748, 87355, 95376]"
119902,"[20266, 88168, 40486, 88393, 50094, 28466, 89587, 68341, 9945, 1663]"
119903,"[643, 66359, 100529, 7639, 29440, 23753, 62636, 87260, 88876, 62621]"
119904,"[70004, 85841, 61516, 82179, 45511, 49985, 44403, 16173, 98266, 38031]"
119905,"[31904, 45089, 17999, 45790, 109562, 29797, 59780, 7343, 80297, 54815]"
119906,"[12679, 37516, 47914, 22949, 4450, 95019, 68337, 56071, 12315, 107095]"
119907,"[99819, 35193, 85529, 41995, 53840, 68522, 57656, 24421, 22573, 17525]"
119908,"[23148, 14919, 45925, 34703, 9176, 67922, 49536, 18687, 103774, 97607]"
119909,"[14837, 93533, 18665, 45057, 50522, 49058, 8587, 84793, 29966, 98080]"
119910,"[41539, 20499, 69619, 48401, 6375, 99142, 37350, 43762, 101724, 3111]"
119911,"[8036, 20134, 108919, 51679, 53473, 105134, 94281, 47626, 85681, 70]"
119912,"[56012, 4937, 59032, 33859, 62028, 63360, 1053, 98995, 74937, 10551]"
119913,"[92012, 27834, 83096, 93601, 75331, 49354, 102400, 108544, 58260, 87704]"
119914,"[98038, 26714, 98516, 13992, 59381, 71150, 10612, 24912, 80628, 21194]"
119915,"[11382, 61874, 8369, 95903, 93848, 49898, 68994, 54497, 83011, 7016]"
119916,"[22346, 42374, 23875, 11502, 52487, 93661, 95455, 51982, 96888, 99197]"
119917,"[11250, 60652, 817, 64868, 65948, 75857, 3844, 4412, 78458, 69415]"
119918,"[11446, 82691, 46287, 57784, 47410, 23866, 74390, 88349, 82950, 37793]"
119919,"[76329, 39675, 93566, 5130, 96136, 83152, 29156, 106, 101207, 84107]"
119920,"[28135, 67766, 97662, 79497, 104258, 91780, 13217, 62630, 20886, 45347]"
119921,"[81737, 77508, 7976, 106590, 82653, 86412, 32851, 74144, 53090, 91002]"
119922,"[91137, 7844, 54245, 40164, 100146, 56083, 103085, 105683, 67921, 21872]"
119923,"[29671, 92769, 10755, 2772, 80324, 79132, 14208, 58326, 87215, 22536]"
119924,"[106938, 65794, 16328, 90853, 15769, 17877, 56410, 102989, 8339, 108141]"
119925,"[61692, 48830, 72116, 25614, 19840, 18428, 23263, 2506, 60698, 84358]"
119926,"[78367, 13091, 89306, 25235, 103930, 88695, 62760, 37916, 42716, 101279]"
119927,"[70433, 20425, 84681, 82760, 48052, 31090, 11111, 34872, 32629, 33552]"
119928,"[27233, 61516, 82179, 49985, 73924, 13611, 34079, 45511, 16173, 61502]"
119929,"[88987, 76006, 97183, 32222, 67644, 56473, 30874, 65110, 84707, 64379]"
119930,"[13616, 5103, 1733, 79491, 66717, 79355, 18832, 21926, 96716, 97244]"
119931,"[24452, 41921, 38270, 39947, 16858, 5777, 97938, 44546, 126, 105955]"
119932,"[5326, 56095, 80047, 13276, 10680, 70616, 60016, 98095, 66636, 106474]"
119933,"[106019, 41053, 50793, 21146, 98637, 26629, 15156, 61133, 25201, 86578]"
119934,"[43680, 57792, 77765, 43620, 74269, 90899, 98473, 99344, 58914, 86375]"
119935,"[54293, 101392, 39848, 69856, 14368, 84978, 47316, 72949, 94577, 53075]"
119936,"[8292, 32294, 84824, 99064, 23584, 86588, 32693, 20486, 35166, 8214]"
119937,"[92992, 23195, 108335, 6492, 92255, 10781, 105468, 49951, 49525, 9734]"
119938,"[32484, 13336, 67755, 98350, 53078, 48981, 71289, 81706, 84922, 103056]"
119939,"[3078, 58130, 9439, 61019, 88997, 13784, 109207, 26830, 84486, 25706]"
119940,"[65918, 94099, 108241, 94567, 4111, 63333, 23913, 97128, 81519, 55550]"
119941,"[81325, 20632, 71621, 17541, 53844, 55672, 78820, 88597, 1939, 62164]"
119942,"[11798, 5395, 32762, 9692, 87525, 12430, 34875, 22530, 84279, 93969]"
119943,"[42283, 108838, 32613, 60550, 20728, 61108, 66827, 16821, 83629, 75852]"
119944,"[3337, 51341, 16122, 4527, 48717, 77209, 6824, 34287, 38041, 59859]"
119945,"[87497, 102100, 73894, 96473, 91438, 64618, 59428, 72004, 97958, 31063]"
119946,"[54062, 10417, 94102, 88795, 48849, 107085, 58230, 99312, 39368, 64232]"
119947,"[1493, 57369, 7573, 21355, 80664, 70484, 87368, 94310, 33284, 78980]"
119948,"[44166, 221, 3464, 98381, 17694, 94432, 60214, 109703, 58071, 10959]"
119949,"[36051, 79481, 40187, 60209, 95395, 77545, 108118, 103740, 2216, 37640]"
119950,"[121, 1321, 85674, 31412, 36104, 5299, 37704, 104987, 37489, 44131]"
119951,"[106916, 21852, 81685, 80223, 100667, 57313, 41106, 109690, 101691, 68130]"
119952,"[29475, 39575, 48554, 55764, 23877, 61007, 73998, 26525, 66408, 93716]"
119953,"[32311, 100344, 71257, 68508, 34819, 86295, 63847, 26058, 72353, 77198]"
119954,"[73551, 63937, 14182, 20825, 68001, 56948, 33052, 67455, 78053, 87592]"
119955,"[17276, 14211, 82589, 51752, 98788, 48116, 28227, 630, 98539, 30829]"
119956,"[43459, 15920, 89467, 64730, 66956, 63093, 50463, 94950, 53602, 84382]"
119957,"[47392, 32757, 22010, 66673, 60582, 86823, 57426, 30625, 89436, 13228]"
119958,"[885, 31875, 65610, 37096, 6187, 9196, 11551, 17169, 48305, 42615]"
119959,"[95718, 48388, 80977, 99769, 81851, 30955, 108681, 68971, 4146, 3673]"
119960,"[63373, 92699, 4507, 64141, 35832, 43418, 15703, 85392, 63975, 70711]"
119961,"[17712, 48516, 44373, 30104, 59146, 26282, 54411, 88663, 99894, 48353]"
119962,"[89051, 41893, 37582, 42290, 98904, 84994, 20446, 27422, 101085, 60954]"
119963,"[3272, 24204, 22729, 80827, 38393, 105856, 68856, 64612, 3332, 20197]"
119964,"[15685, 5432, 82582, 11416, 518, 81513, 108765, 32718, 71383, 79305]"
119965,"[17346, 76370, 53995, 98312, 93522, 71371, 67172, 68056, 27428, 35152]"
119966,"[61514, 49146, 8139, 65, 58291, 3827, 43814, 98147, 77483, 105256]"
119967,"[5630, 27297, 91491, 75461, 907, 80051, 46264, 102197, 86777, 90700]"
119968,"[28848, 50681, 96198, 67165, 26677, 23885, 101146, 40090, 23133, 64902]"
119969,"[28943, 103134, 56531, 89832, 35107, 57442, 76339, 36491, 4620, 97583]"
119970,"[107627, 37716, 64373, 44741, 33463, 63782, 4503, 54872, 4087, 41539]"
119971,"[78741, 61868, 92486, 31410, 100933, 43960, 58666, 3960, 61197, 10113]"
119972,"[66671, 584, 91785, 38920, 31024, 50799, 106457, 137, 75290, 38794]"
119973,"[58732, 49840, 97483, 109673, 104011, 14224, 3438, 84496, 11383, 29099]"
119974,"[78986, 94449, 13705, 44145, 63098, 67285, 331, 85490, 24339, 29232]"
119975,"[12488, 11615, 5457, 107266, 18342, 38151, 92756, 93791, 28417, 58399]"
119976,"[25990, 47163, 58538, 35251, 78429, 49522, 37902, 7278, 32892, 107606]"
119977,"[33808, 79415, 28760, 98264, 103477, 32154, 1249, 93991, 104297, 86032]"
119978,"[101915, 9104, 22340, 97685, 94654, 41215, 50269, 22589, 41070, 80221]"
119979,"[2604, 9034, 98233, 42820, 97379, 57204, 42774, 65553, 55682, 53481]"
119980,"[11423, 32067, 47302, 30732, 80665, 22717, 57916, 78729, 101956, 44782]"
119981,"[34300, 59384, 73320, 80262, 73979, 34511, 39954, 16640, 70533, 30889]"
119982,"[78717, 1910, 54604, 75414, 73132, 99754, 44973, 84783, 16906, 51670]"
119983,"[38567, 52737, 20315, 50538, 92825, 47356, 29315, 58904, 3473, 15132]"
119984,"[104995, 15944, 6696, 22505, 105961, 76109, 36747, 16237, 72826, 12745]"
119985,"[71367, 92960, 36427, 88086, 83074, 40432, 88599, 39341, 21682, 107771]"
119986,"[48605, 42889, 83830, 25913, 68760, 1661, 46635, 49584, 43666, 29867]"
119987,"[85943, 48769, 80816, 10132, 1850, 36180, 38381, 80777, 25239, 15821]"
119988,"[4860, 9696, 86980, 96577, 15667, 15114, 88751, 31841, 3246, 61444]"
119989,"[95546, 26652, 35094, 2645, 85846, 78124, 11301, 52004, 17538, 82676]"
119990,"[104857, 99295, 36315, 80394, 23115, 50617, 18511, 25861, 82970, 71520]"
119991,"[17342, 61872, 92082, 7634, 55027, 54885, 42834, 81835, 46121, 67867]"
119992,"[54585, 43613, 28180, 35242, 65472, 7963, 58229, 59672, 28236, 38235]"
119993,"[91813, 72317, 68127, 94870, 92407, 23414, 103952, 58650, 6376, 103495]"
119994,"[41696, 18825, 99588, 37107, 46725, 63716, 64372, 48683, 95243, 99939]"
119995,"[33622, 96552, 20431, 16548, 4623, 70369, 39462, 45853, 76333, 34931]"
119996,"[68093, 48237, 47809, 15146, 60468, 24495, 44039, 34241, 29622, 37173]"
119997,"[71614, 33956, 23011, 102821, 107152, 97798, 22413, 35436, 105024, 17404]"
119998,"[51330, 11553, 32223, 53957, 7716, 59664, 14757, 50770, 18873, 18429]"
119999,"[60964, 84044, 88444, 22244, 18894, 1795, 86282, 56175, 106887, 101231]"
120000,"[105677, 83827, 65097, 2805, 47, 56155, 46095, 107503, 756, 84980]"
120001,"[105243, 65354, 36716, 92020, 57195, 31224, 79461, 79421, 17913, 10082]"
120002,"[99073, 46144, 99913, 62783, 61694, 29646, 104929, 37873, 27271, 100280]"
120003,"[10278, 63378, 77075, 3230, 99140, 102294, 97982, 80129, 30089, 13334]"
120004,"[66411, 89569, 11309, 38592, 38499, 51245, 96294, 77257, 59077, 44039]"
120005,"[96707, 89854, 42473, 21009, 79546, 41003, 29578, 10978, 13893, 68103]"
120006,"[16313, 18639, 3612, 74300, 76045, 56151, 75137, 32282, 19311, 74214]"
120007,"[72172, 24646, 2424, 97010, 46745, 37663, 82688, 15575, 17023, 109713]"
120008,"[43897, 66226, 18464, 85252, 90656, 64523, 8319, 37035, 43419, 106146]"
120009,"[76471, 108720, 66209, 15716, 88534, 104281, 87307, 80304, 73431, 78798]"
120010,"[23789, 35039, 48603, 24729, 57280, 26949, 8867, 105928, 52009, 24893]"
120011,"[59279, 72906, 66337, 67645, 102103, 70690, 45036, 9710, 38344, 57208]"
120012,"[75559, 29995, 72357, 65300, 57481, 78863, 25402, 95541, 19052, 102065]"
120013,"[63784, 38492, 95230, 3048, 88336, 16000, 85889, 68921, 5490, 4377]"
120014,"[58007, 91208, 92709, 32780, 93006, 90300, 15722, 76447, 49131, 92025]"
120015,"[105225, 88436, 44489, 4743, 15723, 32775, 51895, 56336, 36512, 58623]"
120016,"[86004, 37960, 54612, 92615, 100471, 59780, 7343, 106288, 106000, 104569]"
120017,"[81290, 52382, 50013, 19876, 83092, 39572, 51313, 27078, 68611, 32168]"
120018,"[84342, 95259, 96724, 88767, 15955, 93886, 13039, 21701, 20518, 56004]"
120019,"[83882, 35251, 29080, 57988, 85000, 15064, 39290, 983, 26948, 33244]"
120020,"[33153, 103014, 34570, 99025, 41710, 61126, 47205, 4049, 82729, 20375]"
120021,"[87310, 44481, 67061, 80226, 90897, 39314, 4021, 49532, 57744, 87003]"
120022,"[108151, 10697, 16521, 40955, 25886, 4549, 25271, 8264, 17865, 42281]"
120023,"[65997, 13706, 85201, 97330, 30961, 61837, 69148, 86670, 99725, 40324]"
120024,"[57047, 87175, 32844, 45500, 52488, 77796, 107099, 59669, 55792, 23584]"
120025,"[88574, 70647, 78119, 79207, 46596, 96834, 24837, 92173, 29102, 29191]"
120026,"[96970, 67891, 35678, 98757, 9368, 36238, 96419, 36331, 18617, 79120]"
120027,"[29853, 66065, 71752, 69760, 7671, 5711, 20522, 94458, 55624, 99223]"
120028,"[48795, 79077, 88386, 10342, 40514, 35818, 37421, 45942, 15089, 6121]"
120029,"[73373, 5573, 17731, 95022, 91759, 55781, 11488, 108616, 46821, 61827]"
120030,"[6509, 97116, 63564, 101236, 68354, 46547, 80484, 4469, 11038, 9013]"
120031,"[29074, 106625, 95750, 98434, 84251, 108228, 86003, 33244, 69627, 420]"
120032,"[7333, 86948, 47995, 62979, 42625, 50313, 94017, 88296, 91934, 32197]"
120033,"[46407, 71892, 40552, 34718, 101333, 83475, 14729, 52081, 27144, 2331]"
120034,"[102770, 79800, 93012, 54691, 83017, 53858, 82170, 20647, 91377, 63748]"
120035,"[20298, 50655, 83817, 48556, 90141, 49758, 50702, 105270, 77649, 35498]"
120036,"[66502, 43918, 99122, 84368, 39183, 17100, 1709, 39184, 82510, 57012]"
120037,"[57687, 78381, 96234, 97003, 50169, 98271, 70732, 20691, 26621, 100972]"
120038,"[44273, 9094, 108191, 65057, 79676, 34890, 106722, 63265, 13077, 88294]"
120039,"[70220, 3279, 70963, 5968, 102535, 3260, 1146, 56627, 78270, 57102]"
120040,"[83838, 107295, 47675, 78781, 101824, 10591, 69338, 40120, 36206, 70543]"
120041,"[99811, 29511, 76009, 25971, 19667, 105093, 50263, 80919, 39865, 15861]"
120042,"[109581, 28851, 84778, 28892, 76620, 105308, 68837, 60755, 76268, 88940]"
120043,"[108195, 56229, 61436, 72555, 94744, 76133, 54050, 105276, 55776, 90777]"
120044,"[28131, 39992, 36194, 80151, 21524, 74121, 93784, 8491, 71763, 1632]"
120045,"[7909, 17656, 94153, 5839, 41755, 102427, 79257, 29862, 109171, 108435]"
120046,"[79773, 11569, 99311, 9608, 22994, 103778, 1342, 86898, 79213, 46098]"
120047,"[942, 33136, 69414, 54654, 35028, 47625, 16154, 82661, 40759, 19377]"
120048,"[21782, 47213, 56315, 104357, 83766, 32923, 106211, 36814, 67571, 45422]"
120049,"[43891, 38094, 63906, 38103, 56063, 101923, 24083, 22894, 10226, 98959]"
120050,"[85766, 48913, 48086, 63211, 93400, 31704, 89179, 5292, 40993, 23830]"
120051,"[102523, 24655, 8953, 94482, 102222, 15619, 41880, 20163, 38423, 87575]"
120052,"[74874, 17879, 69315, 2173, 105674, 94471, 77203, 82870, 28855, 51480]"
120053,"[66337, 25507, 50959, 70179, 104983, 102103, 104556, 103525, 56248, 70513]"
120054,"[41260, 11317, 57940, 104922, 39914, 27577, 74240, 40731, 32598, 103227]"
120055,"[34770, 39596, 77893, 45822, 46451, 79493, 81684, 87630, 55918, 71959]"
120056,"[62361, 13353, 54934, 58014, 51021, 48435, 56270, 80041, 16771, 51770]"
120057,"[107337, 4238, 61312, 76063, 100560, 83268, 108142, 62852, 47850, 73267]"
120058,"[52395, 58930, 65756, 64712, 56667, 57568, 71875, 69292, 59760, 44744]"
120059,"[44006, 17844, 72389, 4083, 104996, 53887, 56321, 3766, 88452, 55434]"
120060,"[75259, 58396, 33987, 28666, 71734, 1453, 71686, 40344, 97801, 91155]"
120061,"[19135, 38161, 11955, 57611, 73334, 25260, 2509, 26389, 45243, 15647]"
120062,"[5699, 51935, 14811, 39556, 96228, 91734, 36799, 27029, 26132, 101022]"
120063,"[90620, 21390, 28565, 16841, 75593, 9132, 96375, 23400, 27289, 56276]"
120064,"[29636, 104541, 9668, 27539, 72855, 75149, 70039, 1109, 16905, 1235]"
120065,"[82894, 44125, 101766, 61927, 14077, 64607, 104424, 23020, 56649, 24415]"
120066,"[52715, 48937, 71191, 76294, 99113, 50001, 31847, 1280, 98027, 96117]"
120067,"[44859, 49326, 78446, 18838, 54601, 57225, 66600, 103408, 48671, 31535]"
120068,"[93737, 61923, 108099, 47563, 33697, 40907, 62095, 77544, 97025, 80713]"
120069,"[102924, 55859, 53807, 104110, 41892, 94937, 43745, 37654, 76373, 92414]"
120070,"[82377, 101345, 4787, 70500, 89661, 102369, 109301, 96172, 9922, 100160]"
120071,"[102134, 18832, 13616, 35419, 70067, 13314, 58318, 93105, 21734, 63021]"
120072,"[8335, 70202, 76147, 105494, 95866, 82214, 43592, 105038, 99978, 81261]"
120073,"[102392, 19953, 99204, 35137, 51263, 70626, 2785, 90123, 81404, 88538]"
120074,"[12659, 60701, 50700, 58566, 75629, 93548, 25567, 51801, 61195, 94205]"
120075,"[17597, 22574, 96484, 58269, 90520, 62104, 23120, 55064, 20708, 107360]"
120076,"[107528, 34571, 75995, 19877, 27519, 105469, 61015, 87396, 106777, 72505]"
120077,"[62503, 104039, 109282, 48839, 89856, 87602, 37314, 8193, 35817, 63559]"
120078,"[71729, 72295, 63387, 43610, 31434, 64030, 37070, 16323, 52192, 54205]"
120079,"[27855, 23694, 31605, 5430, 65694, 3180, 90056, 49778, 101413, 533]"
120080,"[41836, 54823, 72850, 36033, 63475, 104550, 101776, 61183, 40968, 98722]"
120081,"[64684, 9402, 26530, 61720, 6956, 1539, 10286, 77823, 22769, 31405]"
120082,"[23725, 96770, 72157, 13194, 80810, 20833, 13087, 106680, 42782, 32268]"
120083,"[44695, 54792, 95529, 42723, 14524, 37922, 27418, 29488, 51093, 83401]"
120084,"[30328, 98594, 24054, 64841, 43070, 12283, 15158, 11767, 3731, 3027]"
120085,"[80593, 83206, 26149, 102625, 42189, 65417, 91492, 92374, 4357, 99850]"
120086,"[66722, 21539, 58310, 94951, 77868, 20281, 3999, 107269, 25960, 17596]"
120087,"[35334, 58899, 48329, 24159, 108004, 17499, 63984, 68249, 91666, 85194]"
120088,"[61432, 24471, 21209, 75998, 80758, 107884, 89133, 4031, 15239, 99114]"
120089,"[82741, 37360, 13435, 47828, 59349, 67067, 9302, 108277, 74003, 52062]"
120090,"[20086, 89074, 103871, 73872, 56469, 49640, 30169, 100474, 43276, 14033]"
120091,"[76060, 18718, 6408, 75275, 106984, 5209, 1855, 70946, 33182, 108018]"
120092,"[63336, 72402, 102060, 52305, 41285, 94393, 5333, 92765, 85037, 35035]"
120093,"[75874, 78842, 101456, 108059, 96302, 46557, 38052, 88350, 106970, 12747]"
120094,"[76975, 33057, 19333, 17955, 1942, 193, 86235, 60225, 106854, 85848]"
120095,"[33167, 62462, 34227, 99042, 99459, 49718, 46739, 59334, 2485, 66010]"
120096,"[65275, 48216, 106932, 60491, 66482, 35369, 84270, 10770, 97696, 5346]"
120097,"[108836, 26062, 25415, 104193, 101218, 51241, 76419, 42813, 78676, 79702]"
120098,"[109304, 76012, 61564, 11476, 67171, 99701, 83265, 45213, 33386, 13563]"
120099,"[36261, 6798, 35162, 31750, 88603, 80544, 100288, 81008, 22372, 8817]"
120100,"[960, 91345, 11913, 11550, 37773, 109443, 21613, 54834, 28839, 65386]"
120101,"[99084, 83901, 55318, 94808, 33606, 9459, 72537, 108565, 71341, 98951]"
120102,"[58766, 74761, 38467, 1416, 64976, 39483, 46628, 52809, 51275, 28602]"
120103,"[33954, 67182, 32221, 20766, 22375, 106340, 107292, 67095, 43481, 10285]"
120104,"[109097, 69025, 30396, 7216, 69832, 109182, 41604, 85350, 35062, 50463]"
120105,"[51798, 18901, 23938, 27309, 66985, 21288, 64830, 65583, 34107, 50442]"
120106,"[104369, 28823, 51512, 62523, 50125, 44858, 105234, 85717, 26975, 15587]"
120107,"[42882, 92803, 78389, 41845, 97616, 108604, 105546, 10017, 97274, 69807]"
120108,"[63278, 77959, 62464, 89158, 12717, 2515, 56832, 32923, 25714, 20303]"
120109,"[8060, 81850, 88374, 67772, 22668, 29630, 75691, 22675, 23834, 97725]"
120110,"[50574, 20910, 33695, 9701, 85069, 13847, 93255, 3709, 72706, 13827]"
120111,"[30094, 38219, 36489, 67426, 21973, 53882, 14938, 48444, 45303, 106479]"
120112,"[67273, 5060, 92891, 59678, 76549, 82694, 54227, 69169, 53321, 100233]"
120113,"[80659, 91923, 14255, 42379, 63291, 77935, 64450, 42422, 98261, 15069]"
120114,"[48044, 104373, 38051, 1322, 28124, 25636, 28157, 19340, 33512, 43771]"
120115,"[47075, 6356, 102405, 9214, 20690, 28056, 30832, 35939, 67701, 61865]"
120116,"[3917, 55673, 61357, 22211, 8692, 14907, 87425, 97038, 102860, 14360]"
120117,"[72135, 51057, 93610, 69879, 96050, 106206, 76039, 12853, 67335, 98996]"
120118,"[57161, 50562, 32351, 32188, 50987, 21657, 102688, 52193, 51531, 105819]"
120119,"[74996, 92198, 44591, 72974, 18995, 37128, 10776, 18259, 85618, 24430]"
120120,"[63343, 42887, 2683, 76278, 54983, 24514, 52794, 25073, 15938, 104613]"
120121,"[61537, 56418, 33698, 16238, 75846, 73564, 68017, 76681, 29786, 19768]"
120122,"[71685, 29035, 8919, 65010, 33559, 38213, 48874, 88720, 42455, 18844]"
120123,"[90437, 31848, 5995, 104951, 52225, 257, 3106, 12425, 101569, 19101]"
120124,"[41326, 34584, 85691, 85907, 49883, 63756, 109096, 76535, 73736, 46337]"
120125,"[85193, 20170, 79040, 9779, 76547, 91102, 74382, 8218, 17684, 32297]"
120126,"[68960, 53583, 7169, 19218, 105764, 79624, 29483, 58494, 100568, 62762]"
120127,"[44918, 107861, 86528, 48958, 7317, 77907, 89105, 36468, 73252, 19114]"
120128,"[51718, 60470, 75608, 35757, 9901, 8198, 93431, 45714, 20667, 21648]"
120129,"[95893, 44361, 88091, 41930, 91938, 50990, 106443, 14027, 95471, 104545]"
120130,"[36792, 42004, 9984, 91332, 7531, 63514, 84086, 53113, 54988, 20999]"
120131,"[77405, 88561, 104675, 75689, 57732, 6095, 105605, 35264, 85344, 57340]"
120132,"[85081, 55430, 40720, 91812, 86965, 6192, 48285, 8249, 8936, 16370]"
120133,"[3519, 84229, 46974, 64664, 25214, 86171, 78796, 44269, 2069, 54661]"
120134,"[33789, 16296, 92637, 71540, 2525, 104603, 21041, 85073, 12, 9461]"
120135,"[30195, 21713, 71493, 40906, 72432, 29256, 39465, 54284, 107716, 66346]"
120136,"[50654, 50570, 30466, 20308, 104182, 81622, 13007, 68349, 63905, 44312]"
120137,"[93422, 1105, 24435, 104350, 73466, 100823, 96893, 44317, 69869, 108164]"
120138,"[56545, 96121, 86408, 52412, 37433, 108937, 109174, 46821, 26685, 107394]"
120139,"[107324, 94263, 90840, 57332, 100693, 80215, 10999, 100663, 2302, 46430]"
120140,"[9283, 95284, 71108, 34869, 38719, 26591, 65296, 32538, 24778, 34308]"
120141,"[41972, 35280, 9675, 88262, 96478, 93551, 97311, 58238, 34613, 30964]"
120142,"[103679, 108491, 50534, 37081, 41857, 90755, 39872, 71380, 28582, 59456]"
120143,"[82076, 15335, 37660, 32208, 35289, 15329, 101262, 24648, 28470, 21443]"
120144,"[78920, 95119, 96863, 588, 15978, 11791, 55535, 62608, 92213, 35281]"
120145,"[5010, 25446, 106366, 45816, 2649, 93411, 53073, 16635, 81542, 40256]"
120146,"[77086, 107509, 87335, 85048, 53312, 47383, 6193, 64934, 89457, 51023]"
120147,"[17850, 36921, 92620, 4811, 80455, 51528, 29201, 61965, 66705, 10611]"
120148,"[84998, 32133, 54309, 26088, 83701, 99268, 29513, 100775, 45363, 51284]"
120149,"[107016, 10154, 108017, 13514, 2827, 4491, 9058, 6443, 89260, 9885]"
120150,"[67153, 47959, 99668, 34560, 5545, 8135, 91557, 84187, 26974, 92676]"
120151,"[20475, 29879, 69454, 76285, 44446, 62802, 83234, 85967, 109110, 69694]"
120152,"[39810, 92518, 83877, 40735, 13021, 103475, 64768, 32418, 72790, 81188]"
120153,"[104297, 88222, 106038, 59180, 32689, 104030, 42943, 108255, 75781, 72600]"
120154,"[73151, 74670, 22532, 109231, 30224, 51520, 49695, 43811, 66099, 44222]"
120155,"[95341, 50821, 11479, 26111, 6961, 101135, 71006, 34947, 50677, 16765]"
120156,"[18556, 52252, 109580, 85349, 99217, 6716, 47324, 53868, 5013, 27132]"
120157,"[84825, 18137, 51782, 14157, 26987, 20731, 30415, 51173, 88425, 107724]"
120158,"[26834, 9723, 9317, 3990, 69012, 28017, 50687, 69678, 34133, 12461]"
120159,"[48202, 21866, 55546, 53800, 16101, 95925, 9289, 37883, 52211, 34593]"
120160,"[9725, 105988, 82540, 54660, 97498, 38501, 64479, 76336, 77991, 36008]"
120161,"[94580, 97678, 93140, 102556, 2166, 76246, 61832, 240, 100897, 30779]"
120162,"[81966, 48431, 95794, 54448, 36808, 83142, 43485, 103555, 96773, 53566]"
120163,"[19491, 10726, 48223, 33500, 13324, 39367, 32318, 86934, 83963, 65759]"
120164,"[81623, 34402, 55030, 7452, 49925, 80849, 86680, 31555, 20035, 33206]"
120165,"[86407, 20526, 106410, 44537, 88018, 22091, 44389, 95961, 35905, 64364]"
120166,"[75766, 34217, 72670, 10848, 16314, 52994, 17149, 12754, 62803, 71629]"
120167,"[90159, 35397, 63028, 86381, 14911, 103698, 37728, 61764, 103717, 86585]"
120168,"[20749, 23090, 76772, 46120, 32140, 48015, 81106, 731, 76693, 66658]"
120169,"[67747, 67441, 36269, 27041, 44724, 47913, 100139, 14269, 25512, 31185]"
120170,"[47419, 7408, 101979, 264, 11520, 48427, 106383, 88214, 42947, 18805]"
120171,"[89241, 101709, 23619, 98488, 58707, 89163, 20352, 107827, 62746, 38363]"
120172,"[38216, 34784, 71970, 101210, 57601, 81285, 61595, 10007, 68533, 41549]"
120173,"[104540, 32212, 8326, 65777, 53661, 54389, 91834, 68536, 95607, 62263]"
120174,"[78527, 78196, 75881, 1639, 60161, 27986, 54726, 45258, 47904, 69050]"
120175,"[102602, 85805, 97068, 27340, 23862, 4869, 100819, 50539, 75657, 33230]"
120176,"[102097, 73150, 67494, 75894, 93710, 20936, 80704, 79578, 14621, 8448]"
120177,"[47139, 100657, 42244, 13724, 30281, 94589, 83275, 26642, 61723, 50948]"
120178,"[75533, 100700, 52294, 47866, 34436, 77154, 108931, 49720, 27491, 102508]"
120179,"[31033, 74409, 27493, 51246, 98144, 85839, 23916, 103002, 30257, 65224]"
120180,"[90171, 9553, 25401, 18973, 46230, 105084, 77255, 31845, 83008, 70043]"
120181,"[63043, 62131, 12081, 60826, 52647, 27058, 100161, 62677, 61747, 55306]"
120182,"[59712, 11283, 105905, 16527, 3658, 100436, 60279, 95914, 98323, 67587]"
120183,"[51451, 1646, 65928, 97071, 18836, 54643, 10556, 84299, 6790, 30496]"
120184,"[104965, 65204, 56817, 75607, 75626, 93376, 77741, 64430, 78264, 79428]"
120185,"[107035, 53486, 62521, 17247, 76979, 45339, 44234, 69495, 17495, 21472]"
120186,"[92824, 63112, 46373, 37671, 24151, 105020, 103458, 85720, 19269, 60287]"
120187,"[36545, 37278, 94512, 102810, 16547, 89524, 62556, 21877, 105747, 44451]"
120188,"[11379, 33813, 30982, 16974, 17646, 6194, 70807, 72415, 81885, 96452]"
120189,"[24321, 27512, 41664, 69924, 103949, 67377, 93409, 101517, 80724, 98811]"
120190,"[45812, 7729, 102276, 94755, 21152, 80102, 76570, 76760, 79595, 55272]"
120191,"[27246, 8476, 91114, 38580, 29130, 106152, 27303, 48873, 21644, 61546]"
120192,"[81484, 64858, 64785, 87558, 74549, 44382, 89046, 80189, 19404, 36368]"
120193,"[102683, 4721, 15191, 20539, 97268, 84817, 95867, 72414, 7855, 72423]"
120194,"[86882, 8000, 103671, 100095, 66538, 76634, 39998, 36414, 59110, 42719]"
120195,"[43075, 10844, 37893, 28831, 21281, 43270, 58878, 53719, 45141, 66873]"
120196,"[72194, 64582, 19125, 109139, 87899, 43347, 108591, 34607, 96736, 103696]"
120197,"[106866, 105206, 33106, 6302, 83833, 91559, 11458, 6612, 21571, 29970]"
120198,"[95310, 17146, 98694, 90504, 75262, 21773, 11497, 100254, 28547, 29142]"
120199,"[63521, 60494, 73496, 44170, 14123, 48324, 38943, 34454, 67749, 58336]"
120200,"[103905, 42914, 17363, 70276, 1281, 97650, 18154, 84654, 10079, 11221]"
120201,"[81443, 67997, 16546, 73731, 57272, 15182, 71510, 27705, 24601, 101395]"
120202,"[22202, 93490, 48116, 66798, 57576, 78426, 5137, 50321, 2415, 33851]"
120203,"[74954, 5654, 38072, 92606, 29878, 44244, 65892, 1128, 73685, 53576]"
120204,"[72427, 67632, 84230, 108009, 7119, 84055, 72591, 29988, 97515, 22977]"
120205,"[108335, 92992, 102776, 49525, 79733, 26522, 9734, 103134, 8618, 36117]"
120206,"[101506, 10418, 77497, 47825, 25600, 36409, 74717, 1827, 79609, 95157]"
120207,"[92863, 13726, 3431, 30920, 39105, 32637, 73824, 54685, 36587, 74100]"
120208,"[21247, 61770, 51732, 14030, 98250, 49027, 75229, 97341, 103139, 3762]"
120209,"[12986, 95454, 42545, 53193, 92519, 98634, 69323, 50105, 3767, 70717]"
120210,"[72492, 8248, 107187, 73808, 21206, 81495, 17770, 51626, 704, 47094]"
120211,"[96149, 540, 35702, 47131, 101878, 71751, 100815, 6276, 66315, 89705]"
120212,"[100131, 79464, 48623, 83128, 20165, 2304, 54927, 3608, 101041, 93060]"
120213,"[66320, 16121, 8443, 7262, 99467, 88363, 32413, 81652, 85905, 553]"
120214,"[19490, 91870, 52365, 4445, 34337, 37758, 37171, 5642, 87773, 82110]"
120215,"[88456, 12678, 86556, 94462, 19943, 58195, 65598, 84456, 75239, 28679]"
120216,"[108261, 97204, 108362, 2968, 2964, 20202, 12100, 39990, 11318, 49216]"
120217,"[58832, 64907, 42489, 25089, 29814, 41276, 94524, 13164, 104262, 61912]"
120218,"[14183, 17798, 46652, 61044, 43179, 96187, 58933, 101662, 87418, 66629]"
120219,"[81459, 41522, 80742, 57064, 94145, 51427, 1937, 75673, 89699, 36886]"
120220,"[33708, 44781, 52678, 64438, 22539, 36618, 82305, 384, 53531, 82865]"
120221,"[45449, 81578, 54424, 28870, 4170, 77273, 105850, 20687, 8683, 76742]"
120222,"[33670, 11345, 4209, 26889, 26243, 4970, 85349, 99217, 15893, 4390]"
120223,"[74432, 57417, 63497, 8791, 20770, 97278, 4868, 83403, 70759, 6965]"
120224,"[97541, 57007, 40919, 96562, 105655, 104389, 75927, 75339, 13707, 89917]"
120225,"[50935, 57484, 21578, 42823, 82345, 27788, 2488, 16835, 68542, 83676]"
120226,"[32658, 57256, 4575, 22046, 6799, 68011, 11721, 82711, 36190, 51516]"
120227,"[25038, 65864, 1262, 2273, 99820, 60214, 76007, 91261, 33809, 95844]"
120228,"[71649, 78897, 64649, 51633, 101188, 10526, 77792, 43122, 54595, 16042]"
120229,"[76819, 29270, 20609, 51155, 101338, 51247, 1150, 87780, 63788, 89544]"
120230,"[4396, 88911, 72320, 18245, 4625, 58002, 30567, 88931, 67176, 50118]"
120231,"[100513, 88859, 60178, 52454, 52764, 22774, 93656, 75493, 55290, 79301]"
120232,"[15348, 24953, 98707, 108067, 41091, 44851, 76802, 80721, 19623, 56874]"
120233,"[71499, 35021, 62515, 75162, 26924, 10051, 74326, 53965, 51786, 35600]"
120234,"[36988, 92834, 99221, 27581, 43920, 73177, 91383, 56288, 23341, 10774]"
120235,"[79510, 93769, 983, 88095, 33620, 90021, 54312, 36717, 13703, 43422]"
120236,"[25878, 1216, 103149, 78130, 47871, 17347, 84682, 18339, 51580, 5864]"
120237,"[105206, 95467, 106866, 73931, 5009, 61264, 96158, 24143, 55201, 100844]"
120238,"[19901, 89969, 41323, 9924, 13933, 106921, 57331, 51635, 76465, 81253]"
120239,"[4013, 43297, 26785, 65690, 16137, 66571, 66327, 45665, 92949, 16677]"
120240,"[10607, 5697, 20846, 11959, 49808, 28956, 1101, 57053, 10267, 85897]"
120241,"[56703, 17248, 51335, 44976, 97112, 109554, 103871, 41326, 15360, 53964]"
120242,"[108229, 63052, 2423, 49560, 52052, 65161, 17412, 77351, 68693, 95027]"
120243,"[15057, 38639, 40216, 39121, 34616, 54390, 46818, 36256, 86591, 50462]"
120244,"[75986, 73402, 35426, 49357, 75779, 74833, 90127, 22662, 109484, 27592]"
120245,"[22268, 87280, 52091, 12200, 33081, 14307, 14867, 71201, 1824, 56933]"
120246,"[63539, 82491, 48113, 71012, 54972, 28423, 34542, 108819, 60508, 28620]"
120247,"[66276, 83520, 32287, 2762, 93929, 25107, 71753, 42016, 18717, 42911]"
120248,"[73367, 35962, 21552, 53285, 48578, 83947, 64809, 37882, 41498, 20818]"
120249,"[72370, 51251, 58298, 17565, 63520, 13000, 56601, 96054, 86181, 85836]"
120250,"[2556, 22175, 11565, 82776, 21088, 70396, 32025, 46826, 12797, 79215]"
120251,"[46024, 14466, 31453, 15058, 49240, 107437, 67500, 62044, 62724, 66583]"
120252,"[81409, 62593, 16866, 1567, 21854, 106887, 59161, 70110, 72397, 45967]"
120253,"[23702, 94894, 9055, 15733, 79106, 18116, 16596, 46298, 30097, 104154]"
120254,"[101140, 55640, 50470, 107255, 54018, 30728, 74873, 100701, 29221, 64210]"
120255,"[78615, 17414, 90653, 75428, 28498, 25812, 105129, 23888, 77027, 67147]"
120256,"[9486, 38749, 55386, 78587, 51115, 16374, 13644, 22220, 5802, 46065]"
120257,"[24608, 102327, 42812, 17229, 57744, 23637, 31411, 53104, 89459, 43194]"
120258,"[85047, 54051, 10652, 83084, 9320, 57580, 3834, 101806, 108584, 39130]"
120259,"[361, 81911, 101471, 15838, 15408, 75332, 76677, 74543, 75935, 32051]"
120260,"[55197, 70189, 2741, 14128, 77046, 75129, 6968, 71282, 38910, 37523]"
120261,"[66214, 39657, 42796, 47353, 36114, 18138, 91094, 19795, 35464, 61235]"
120262,"[98185, 67488, 48637, 33439, 33777, 69308, 37171, 87007, 82346, 14768]"
120263,"[406, 95783, 23061, 12301, 3804, 14977, 8350, 66099, 18218, 5830]"
120264,"[23799, 77197, 82238, 11429, 8837, 12921, 59498, 81925, 99543, 99188]"
120265,"[47671, 51351, 3300, 66180, 61875, 6165, 47588, 107889, 72205, 49991]"
120266,"[26311, 6449, 70646, 103078, 73039, 15328, 76150, 68191, 25765, 86652]"
120267,"[48285, 85081, 55430, 40720, 91812, 29484, 33522, 104437, 86965, 6192]"
120268,"[37235, 67676, 29160, 258, 58676, 29134, 86618, 11763, 75487, 88001]"
120269,"[97881, 86135, 100501, 70541, 8247, 21546, 73745, 60070, 12847, 45317]"
120270,"[18197, 754, 76954, 9994, 21064, 75439, 84335, 103471, 77618, 94995]"
120271,"[11910, 33791, 35680, 70622, 76762, 19461, 102890, 23366, 38139, 70896]"
120272,"[31587, 36852, 93767, 27107, 56606, 55394, 92167, 78585, 21784, 29661]"
120273,"[92069, 105014, 17725, 81446, 85109, 38105, 24141, 55274, 55033, 25865]"
120274,"[59025, 81580, 7829, 2121, 42078, 108127, 5987, 61275, 39791, 102140]"
120275,"[108817, 91891, 26925, 48632, 96449, 94259, 55610, 91400, 2652, 76868]"
120276,"[30979, 25792, 100099, 45061, 24746, 72206, 23343, 14456, 22583, 43249]"
120277,"[59695, 81135, 74754, 21015, 18886, 13106, 3006, 10907, 76317, 92649]"
120278,"[72837, 14210, 68844, 82639, 109261, 60804, 99116, 23128, 66206, 28083]"
120279,"[102271, 40091, 93600, 65527, 7151, 94052, 83394, 7224, 76208, 10314]"
120280,"[96977, 89967, 93098, 39403, 98328, 25742, 90715, 29753, 68512, 13606]"
120281,"[14476, 46791, 18063, 65778, 100907, 86857, 10158, 64957, 19339, 104071]"
120282,"[22783, 96844, 82122, 4938, 32006, 12969, 98593, 63960, 53454, 62126]"
120283,"[83090, 18651, 56039, 108866, 51, 91736, 34380, 72270, 81931, 104325]"
120284,"[51844, 65667, 96133, 92668, 44018, 77627, 95644, 39328, 10241, 24038]"
120285,"[3513, 40208, 62123, 98272, 63538, 34799, 12718, 69064, 38795, 82683]"
120286,"[18280, 11444, 69735, 9089, 101256, 75965, 37566, 8047, 88342, 100881]"
120287,"[39669, 44583, 69416, 61697, 45273, 42317, 60975, 108891, 15211, 96867]"
120288,"[29925, 107217, 639, 83554, 67316, 55876, 20755, 9894, 58467, 68203]"
120289,"[1597, 98892, 10808, 9024, 97684, 33472, 57645, 38082, 78970, 53097]"
120290,"[38496, 7809, 103634, 55560, 109557, 743, 4532, 61284, 103421, 84057]"
120291,"[23209, 21717, 106030, 41185, 63557, 101267, 29421, 52168, 27295, 68422]"
120292,"[89039, 86963, 75195, 27147, 84692, 52667, 55203, 18581, 106605, 55378]"
120293,"[86595, 50280, 33318, 23930, 49987, 84380, 31008, 98556, 67576, 26940]"
120294,"[9914, 871, 99399, 49334, 103941, 12263, 85657, 63703, 26254, 80867]"
120295,"[4781, 10913, 70577, 92503, 57630, 92397, 89431, 37588, 98251, 86482]"
120296,"[829, 2215, 2127, 53227, 70998, 4133, 67796, 56882, 105442, 99045]"
120297,"[58730, 67901, 73109, 62880, 45676, 94895, 31508, 70343, 91141, 55557]"
120298,"[18579, 34339, 55795, 30877, 20813, 66986, 78827, 38311, 85194, 58709]"
120299,"[82845, 81628, 11612, 106986, 72579, 89592, 21239, 50861, 27568, 49332]"
120300,"[75754, 109714, 60688, 61175, 8829, 26798, 64394, 58056, 100493, 90312]"
120301,"[11848, 60020, 41539, 101164, 77452, 30775, 77054, 25649, 53440, 74961]"
120302,"[101904, 36529, 8555, 55862, 48197, 79561, 81213, 96009, 14087, 19789]"
120303,"[78258, 21620, 83400, 48336, 107229, 21437, 107443, 79963, 24762, 28668]"
120304,"[8047, 79544, 70168, 43565, 76743, 2462, 45327, 12990, 101256, 75965]"
120305,"[44276, 70602, 10129, 34595, 31150, 7210, 42950, 108793, 21088, 76262]"
120306,"[13527, 82243, 105515, 61417, 27199, 104132, 53356, 35325, 106002, 83856]"
120307,"[50479, 72724, 70219, 49751, 73651, 24782, 85434, 76472, 60487, 35907]"
120308,"[59393, 51656, 34565, 15558, 44158, 51569, 8224, 17281, 14430, 61910]"
120309,"[4503, 64373, 41728, 44741, 33463, 63782, 107627, 84247, 94420, 51302]"
120310,"[51364, 37956, 92045, 30008, 13341, 30937, 109160, 82951, 104320, 93050]"
120311,"[5487, 37116, 13763, 68686, 109665, 53872, 103556, 65599, 23454, 71093]"
120312,"[36206, 84356, 61630, 76576, 67161, 10591, 53151, 13716, 56795, 57087]"
120313,"[105324, 45565, 515, 18149, 23330, 69552, 10280, 70707, 46972, 98471]"
120314,"[44669, 82692, 85467, 81691, 25248, 25502, 55947, 96719, 35268, 107654]"
120315,"[94485, 23827, 57420, 41192, 33976, 99054, 81579, 107727, 11819, 9465]"
120316,"[18490, 57578, 88640, 3169, 61362, 54494, 78798, 58285, 76384, 6351]"
120317,"[51891, 24168, 8826, 51229, 81520, 12026, 5963, 9237, 69483, 6001]"
120318,"[76455, 20267, 77389, 97719, 72204, 106782, 14350, 89282, 72679, 53562]"
120319,"[63400, 97136, 47404, 84120, 59830, 299, 103221, 81753, 39825, 103307]"
120320,"[102237, 45470, 74292, 12181, 84335, 103471, 49141, 1132, 10011, 36818]"
120321,"[53991, 100268, 52910, 82200, 3698, 50753, 78968, 69056, 8535, 15454]"
120322,"[67527, 78535, 25149, 57875, 31740, 50234, 97802, 12901, 54928, 51931]"
120323,"[67008, 30329, 29067, 81512, 89310, 11696, 58961, 40458, 34001, 73154]"
120324,"[89826, 20559, 54525, 36177, 90780, 95285, 54151, 5331, 35428, 16471]"
120325,"[108864, 96021, 62455, 103940, 94475, 40611, 30503, 89462, 58296, 107363]"
120326,"[28971, 103159, 100079, 24894, 82007, 19174, 69986, 20789, 84712, 47966]"
120327,"[77023, 27710, 48134, 101247, 26139, 63279, 43320, 43027, 25365, 49639]"
120328,"[45823, 59801, 10861, 82719, 26226, 5557, 19306, 105906, 35683, 16817]"
120329,"[38065, 12838, 77075, 14872, 52349, 95886, 60493, 80966, 72497, 83950]"
120330,"[109420, 76014, 48129, 78524, 8043, 75858, 23898, 59810, 107888, 17280]"
120331,"[10126, 44228, 49741, 10246, 93106, 49659, 68571, 87245, 56451, 101960]"
120332,"[79042, 85569, 100697, 104672, 28102, 48578, 47223, 59625, 98677, 93117]"
120333,"[99349, 32099, 57609, 64908, 62160, 108862, 88423, 49494, 1606, 54268]"
120334,"[81891, 73305, 96063, 9186, 39162, 99536, 59883, 18419, 38316, 17748]"
120335,"[10904, 50707, 61876, 5552, 47922, 6630, 48747, 25795, 104681, 45848]"
120336,"[73825, 56535, 60200, 32875, 4391, 81168, 8883, 16389, 82857, 35709]"
120337,"[81620, 93609, 42280, 94326, 74500, 61276, 66216, 102938, 23833, 67595]"
120338,"[79928, 7579, 76302, 8819, 56604, 47291, 105585, 53229, 75681, 58250]"
120339,"[57056, 81279, 90032, 46015, 107969, 72727, 44130, 22190, 10498, 88986]"
120340,"[52926, 3215, 14053, 70537, 76591, 63495, 44129, 74922, 33706, 61425]"
120341,"[47858, 18762, 1942, 80122, 45519, 87839, 75248, 86235, 81969, 33057]"
120342,"[39102, 76497, 63850, 1933, 35306, 612, 97143, 99262, 31217, 98406]"
120343,"[16204, 73598, 96586, 56058, 35705, 63428, 15519, 36900, 96925, 76571]"
120344,"[70783, 94312, 33434, 23418, 80, 41817, 37368, 37162, 57406, 11253]"
120345,"[100992, 8790, 1413, 35136, 70240, 12007, 9277, 78029, 38837, 9090]"
120346,"[106476, 73771, 22735, 41152, 58549, 21653, 74120, 33544, 65820, 28988]"
120347,"[9937, 66466, 60919, 90755, 38897, 64125, 80907, 73751, 4022, 93181]"
120348,"[27263, 41512, 54537, 52900, 10865, 53573, 63784, 3692, 75996, 89221]"
120349,"[103112, 41884, 25968, 61992, 16616, 23096, 75638, 65158, 101850, 4588]"
120350,"[44771, 72636, 53139, 11319, 99570, 9076, 98810, 25541, 53376, 57233]"
120351,"[17231, 29774, 40518, 13218, 103059, 33925, 8389, 107055, 89646, 5130]"
120352,"[15652, 53662, 109394, 109521, 106879, 72100, 95122, 21220, 82342, 93438]"
120353,"[29983, 8064, 84532, 88650, 91113, 22092, 107527, 70526, 34460, 5617]"
120354,"[50488, 84133, 63407, 88084, 59923, 90241, 68602, 29983, 98407, 76720]"
120355,"[47908, 96870, 11963, 60504, 30219, 4318, 68565, 54374, 21785, 101785]"
120356,"[84933, 49575, 63580, 46449, 49175, 43051, 108621, 18554, 47751, 4240]"
120357,"[103240, 22914, 63837, 58669, 102284, 71942, 15974, 88963, 102372, 83375]"
120358,"[78439, 54457, 106198, 22383, 103007, 43288, 95216, 88163, 37055, 24233]"
120359,"[37935, 82017, 45328, 23896, 69430, 2676, 92911, 23030, 30149, 38391]"
120360,"[78522, 38126, 55335, 61520, 64490, 108828, 55349, 34659, 30616, 24397]"
120361,"[73503, 28084, 97134, 85914, 28803, 16107, 24737, 14239, 68883, 78750]"
120362,"[89543, 78073, 26208, 105793, 99108, 77508, 80023, 54330, 2037, 64193]"
120363,"[95740, 4762, 57462, 16682, 16619, 67561, 45446, 55253, 85301, 80530]"
120364,"[16067, 19880, 1912, 51260, 41033, 18642, 10022, 20916, 37062, 67838]"
120365,"[96290, 55082, 22666, 68618, 8832, 16066, 27177, 13581, 84517, 65097]"
120366,"[40311, 19355, 79026, 102669, 44629, 73055, 57632, 23825, 95197, 97105]"
120367,"[72353, 89357, 71257, 44359, 13309, 3777, 104651, 32311, 100344, 38218]"
120368,"[69413, 33241, 74533, 69786, 52043, 79579, 14718, 81245, 50255, 53628]"
120369,"[49817, 16763, 33586, 102005, 35842, 9323, 21231, 61070, 104619, 8699]"
120370,"[1700, 107997, 6921, 37574, 16460, 94481, 78592, 106799, 77199, 17457]"
120371,"[108769, 96394, 14319, 57961, 58827, 22468, 64440, 103613, 99647, 101490]"
120372,"[91077, 85214, 89701, 101435, 70194, 11264, 21986, 94811, 46174, 10637]"
120373,"[24554, 86808, 12918, 57436, 5528, 5990, 18528, 51568, 8730, 86802]"
120374,"[9251, 24707, 50107, 40981, 69621, 8932, 38058, 97803, 15513, 104487]"
120375,"[6512, 29464, 73072, 106450, 101686, 66458, 45719, 70291, 36327, 94529]"
120376,"[7779, 1475, 24769, 78388, 56243, 16951, 2648, 25563, 59558, 8870]"
120377,"[65417, 106799, 34728, 17457, 42189, 91492, 92374, 102625, 4357, 80593]"
120378,"[66873, 102521, 52575, 16520, 22029, 76493, 82690, 43270, 31099, 37893]"
120379,"[5556, 86180, 54763, 68944, 83800, 65142, 71697, 56387, 47127, 107591]"
120380,"[38287, 27194, 56578, 8595, 90851, 101516, 86100, 33915, 97786, 15485]"
120381,"[61380, 45322, 56753, 79751, 96460, 72627, 18445, 42351, 92369, 71700]"
120382,"[39426, 30443, 108588, 30624, 70028, 80899, 72439, 10352, 85601, 99211]"
120383,"[11613, 98005, 97181, 34494, 101207, 100956, 6891, 39158, 59031, 14655]"
120384,"[82433, 12360, 2598, 32996, 43847, 108314, 104457, 63323, 23322, 41811]"
120385,"[80664, 109448, 70484, 87368, 94310, 64563, 88125, 30216, 86464, 60536]"
120386,"[102811, 47718, 69329, 11239, 105336, 81003, 64569, 32970, 46811, 25727]"
120387,"[77006, 37505, 26199, 92812, 87648, 9096, 62133, 52790, 3089, 78485]"
120388,"[81964, 22803, 67481, 87607, 10549, 11604, 42630, 49669, 9184, 23268]"
120389,"[1367, 27955, 21724, 95136, 74584, 69943, 17840, 91103, 28422, 72577]"
120390,"[4618, 28961, 32987, 79956, 34136, 66219, 68229, 57556, 22850, 16205]"
120391,"[102351, 101497, 74228, 30085, 56627, 52997, 3732, 41800, 9931, 19982]"
120392,"[33608, 20621, 53270, 3386, 35864, 96229, 24232, 93793, 3442, 93882]"
120393,"[32871, 34815, 86893, 14546, 74706, 41595, 15850, 75492, 78938, 66939]"
120394,"[88744, 86793, 62048, 44048, 18469, 68660, 68811, 17168, 28248, 61716]"
120395,"[45529, 12200, 14307, 22268, 86502, 52091, 54960, 45473, 75309, 93995]"
120396,"[109575, 97583, 31801, 109572, 95343, 80044, 97473, 26002, 53200, 65393]"
120397,"[67935, 93088, 77410, 85029, 45264, 4701, 42409, 20608, 2369, 4421]"
120398,"[4351, 49366, 107248, 61901, 83659, 55039, 4794, 52904, 34843, 6597]"
120399,"[18241, 23117, 69916, 60949, 91873, 4845, 44242, 16941, 92687, 77529]"
120400,"[52116, 76573, 90814, 42051, 50875, 66022, 61325, 75160, 64337, 27401]"
120401,"[75738, 34719, 65709, 5873, 40195, 93780, 60735, 43351, 76568, 33173]"
120402,"[65594, 18594, 92155, 73230, 81737, 91146, 12366, 54336, 105086, 89543]"
120403,"[67389, 4824, 96549, 32352, 34738, 106095, 80183, 57776, 43869, 25865]"
120404,"[7997, 12010, 65427, 27802, 21689, 35945, 90247, 13037, 26220, 22113]"
120405,"[57080, 12245, 26705, 9154, 103874, 49681, 83365, 65819, 99134, 101226]"
120406,"[6319, 101508, 25175, 4057, 2000, 56971, 34802, 30783, 31813, 45302]"
120407,"[24936, 52976, 103409, 68442, 81570, 25488, 16586, 27586, 19496, 29533]"
120408,"[81298, 58322, 16885, 32475, 29590, 3702, 92916, 46194, 24448, 98574]"
120409,"[15015, 51148, 26845, 100817, 103044, 57542, 101373, 27802, 11448, 13037]"
120410,"[73203, 57640, 38254, 48468, 98250, 52332, 75229, 75529, 66193, 5146]"
120411,"[7310, 32207, 26345, 98725, 28717, 58120, 3457, 101666, 68332, 51090]"
120412,"[8152, 39848, 108210, 105540, 59289, 94577, 92728, 21489, 21803, 66999]"
120413,"[26563, 30155, 6000, 108523, 8907, 76284, 36632, 49603, 50480, 108405]"
120414,"[107762, 100962, 11447, 68255, 37630, 40531, 86300, 80679, 78841, 48729]"
120415,"[26879, 50540, 23131, 66629, 101670, 55095, 424, 106190, 58371, 80605]"
120416,"[53257, 101168, 91965, 17993, 45308, 29840, 103920, 74534, 107611, 81456]"
120417,"[92069, 95459, 49459, 46657, 37883, 9490, 63631, 100275, 19265, 82764]"
120418,"[19791, 108903, 56139, 58479, 40746, 45696, 36031, 93825, 78978, 74902]"
120419,"[11508, 34622, 69896, 46356, 63409, 7374, 76284, 35627, 62753, 13714]"
120420,"[72254, 79701, 107953, 28640, 59541, 2851, 44274, 19897, 54233, 56975]"
120421,"[73052, 58772, 16435, 44965, 84162, 62164, 104033, 88256, 99471, 100829]"
120422,"[1314, 2851, 64290, 13676, 50664, 65063, 42215, 106642, 64851, 91662]"
120423,"[69935, 82534, 97289, 79219, 94417, 60198, 39497, 26383, 57529, 36641]"
120424,"[24806, 55267, 36707, 1105, 93422, 65384, 50721, 40238, 11156, 88295]"
120425,"[45803, 36802, 40378, 103632, 93482, 74385, 64613, 88788, 93946, 16724]"
120426,"[62839, 94744, 72441, 38312, 73760, 54849, 45055, 22367, 105889, 72555]"
120427,"[46828, 87430, 36620, 64070, 51857, 82149, 71851, 35825, 83125, 58785]"
120428,"[9561, 5959, 41654, 60510, 58105, 71746, 87410, 103943, 77844, 41096]"
120429,"[98504, 63760, 7986, 25701, 91623, 19688, 74714, 80152, 23393, 100805]"
120430,"[26647, 102678, 103312, 86102, 47289, 43073, 21342, 65417, 1700, 72119]"
120431,"[61603, 24795, 93738, 24970, 86435, 39268, 63249, 60257, 83715, 76552]"
120432,"[52711, 60249, 63726, 4432, 55934, 71052, 37186, 1810, 99447, 72791]"
120433,"[71233, 39266, 78069, 16487, 58825, 85159, 47488, 79173, 100552, 55870]"
120434,"[76442, 86626, 109641, 34429, 47108, 71473, 23275, 90974, 45784, 3679]"
120435,"[27400, 94247, 31615, 77612, 87010, 53755, 78725, 66196, 40537, 14825]"
120436,"[88605, 59149, 60555, 55673, 10619, 7603, 99870, 21546, 60151, 73185]"
120437,"[34009, 79268, 105034, 109060, 73923, 30375, 89057, 42191, 72761, 72292]"
120438,"[65666, 21728, 25374, 74668, 79387, 7485, 64708, 57252, 500, 5018]"
120439,"[19556, 97773, 5742, 15554, 49704, 33425, 100339, 99549, 63630, 42202]"
120440,"[28907, 103466, 65367, 70658, 37969, 30047, 17366, 7854, 25572, 6386]"
120441,"[97239, 82685, 1818, 75719, 26745, 89364, 88964, 92765, 43166, 85509]"
120442,"[4816, 80867, 81855, 11789, 45697, 19800, 85729, 85657, 5537, 48034]"
120443,"[16546, 81443, 67997, 73731, 57272, 61218, 48037, 984, 96180, 38176]"
120444,"[17125, 72922, 23996, 23636, 63509, 55698, 33958, 60323, 36674, 27322]"
120445,"[58486, 60441, 75134, 92088, 23833, 72199, 18707, 108214, 2877, 57751]"
120446,"[16321, 15634, 55138, 77346, 18010, 53495, 25470, 76816, 41540, 86092]"
120447,"[26479, 55160, 85473, 43964, 52952, 89643, 13892, 69375, 81171, 43293]"
120448,"[29632, 10816, 5776, 4974, 14584, 106594, 76717, 32751, 38965, 26713]"
120449,"[56261, 94248, 21396, 86830, 28861, 104907, 81757, 90227, 9195, 92468]"
120450,"[27012, 30243, 94219, 35714, 95838, 65833, 100538, 47442, 45354, 81833]"
120451,"[24754, 99900, 2993, 40312, 30118, 12611, 69393, 109761, 14485, 9675]"
120452,"[34988, 11241, 99631, 40679, 59256, 47990, 31098, 108897, 88075, 55456]"
120453,"[81606, 63201, 53557, 1641, 70178, 13683, 106660, 53235, 83037, 60655]"
120454,"[31433, 95554, 88559, 99915, 4967, 92727, 37749, 12102, 107031, 105769]"
120455,"[13284, 47790, 92206, 71390, 72020, 104010, 59602, 104947, 55864, 98131]"
120456,"[59958, 88352, 79999, 103433, 17072, 37018, 81038, 32843, 71615, 11247]"
120457,"[108045, 77494, 28099, 47663, 27087, 93541, 75658, 36588, 108222, 62244]"
120458,"[92247, 61805, 105506, 103777, 56397, 12387, 50330, 60946, 99236, 48682]"
120459,"[64851, 106642, 79565, 3512, 50664, 65063, 64290, 1314, 42215, 41501]"
120460,"[41533, 67798, 101756, 59860, 15551, 23678, 29711, 36720, 35554, 684]"
120461,"[61356, 90754, 83721, 33652, 58915, 90014, 9213, 43861, 82108, 71556]"
120462,"[74898, 42798, 22537, 38225, 92613, 12526, 39141, 14939, 106843, 89112]"
120463,"[36027, 40547, 109415, 10372, 31097, 70888, 69096, 102207, 89739, 25272]"
120464,"[107649, 75961, 84696, 63106, 108448, 22231, 80285, 71675, 53751, 37028]"
120465,"[95575, 89722, 96266, 17342, 102430, 45518, 42834, 19214, 46121, 67867]"
120466,"[104424, 56649, 61927, 6827, 74309, 23020, 64607, 44125, 101766, 14077]"
120467,"[67832, 108493, 37538, 92554, 84504, 102518, 81572, 7003, 73537, 74044]"
120468,"[19567, 86705, 71364, 73589, 41590, 24637, 88718, 89319, 35731, 50130]"
120469,"[69936, 95829, 86842, 94402, 19158, 91947, 89893, 53512, 75044, 71577]"
120470,"[82976, 23038, 10154, 13514, 35046, 69331, 13600, 88103, 99269, 102377]"
120471,"[29803, 73281, 34164, 70966, 6993, 83141, 32180, 46897, 30301, 80675]"
120472,"[40733, 84956, 42273, 98437, 70359, 77969, 63139, 94413, 61318, 1637]"
120473,"[34083, 19534, 35536, 61680, 18681, 98767, 25287, 41581, 32585, 35192]"
120474,"[64088, 46526, 44987, 31823, 93147, 81564, 88030, 50339, 96947, 43020]"
120475,"[92398, 988, 4060, 80917, 87642, 46942, 102591, 17911, 106488, 88985]"
120476,"[54757, 77294, 18289, 46537, 45315, 45571, 56187, 45863, 98041, 74962]"
120477,"[86247, 20199, 77725, 80398, 4158, 26052, 93736, 83854, 100609, 48522]"
120478,"[59734, 62597, 106834, 3721, 35074, 76104, 77131, 105938, 15243, 48746]"
120479,"[23139, 76939, 78125, 28686, 32532, 42935, 34194, 45978, 12031, 46328]"
120480,"[94491, 62709, 23303, 30816, 23918, 85707, 30553, 88707, 104019, 98166]"
120481,"[74389, 99534, 27872, 104588, 31428, 33290, 14191, 27709, 42476, 86817]"
120482,"[39111, 81365, 83495, 41253, 68251, 21513, 49372, 75977, 40163, 66929]"
120483,"[77061, 108921, 44573, 95967, 40298, 92280, 86349, 36752, 29647, 102603]"
120484,"[95612, 105940, 43517, 10062, 53762, 34600, 57219, 97348, 51400, 83897]"
120485,"[18584, 106008, 95400, 75924, 86601, 27024, 37637, 30969, 42996, 80859]"
120486,"[68590, 88005, 97, 109433, 50477, 108300, 23032, 108856, 90521, 50118]"
120487,"[21419, 72050, 21944, 33963, 29474, 73936, 106502, 86834, 60106, 104447]"
120488,"[104971, 91135, 67775, 49133, 93614, 24829, 35552, 66454, 69815, 58122]"
120489,"[81551, 20562, 19478, 44541, 5174, 56062, 51754, 79021, 98566, 50853]"
120490,"[105429, 39744, 44462, 41249, 26039, 28308, 52202, 100026, 27372, 60298]"
120491,"[60047, 28030, 41058, 91242, 109361, 62735, 85242, 72848, 49894, 27504]"
120492,"[42222, 85840, 52499, 109501, 87182, 63909, 86966, 89969, 40239, 33375]"
120493,"[37968, 84738, 47030, 107633, 3116, 60391, 85682, 89061, 58944, 54378]"
120494,"[26291, 66641, 106347, 102994, 28958, 101280, 74335, 56018, 36561, 100312]"
120495,"[79958, 41578, 64906, 100675, 34228, 105374, 82208, 67523, 58184, 77155]"
120496,"[78694, 42640, 1290, 8512, 57582, 87612, 65235, 93465, 19581, 41573]"
120497,"[62028, 108497, 51067, 52000, 25608, 56012, 59295, 1053, 98995, 74937]"
120498,"[39815, 107761, 32835, 90616, 33210, 75374, 81674, 59550, 81938, 12418]"
120499,"[35754, 19520, 51684, 36878, 45719, 73309, 7514, 53846, 59950, 84385]"
120500,"[10341, 3352, 54266, 45248, 60648, 19223, 89066, 96167, 26768, 28089]"
120501,"[88429, 89520, 71807, 4886, 40979, 36958, 94528, 94953, 109022, 32818]"
120502,"[87102, 96441, 51952, 54188, 70472, 107525, 51892, 98466, 74136, 77862]"
120503,"[46480, 102142, 95999, 104853, 123, 10019, 89488, 71078, 50006, 109197]"
120504,"[64890, 27529, 104867, 12922, 18526, 104331, 69161, 653, 35063, 61979]"
120505,"[52385, 27363, 70542, 40446, 20363, 85500, 56048, 109644, 64510, 18517]"
120506,"[79397, 63615, 61155, 16447, 75931, 69024, 18365, 95052, 22455, 60946]"
120507,"[63339, 57535, 83081, 12028, 70630, 7425, 84277, 58051, 31651, 83472]"
120508,"[13480, 44573, 95967, 40298, 92280, 86349, 36752, 29647, 6183, 3157]"
120509,"[1032, 103751, 71523, 34555, 30956, 62728, 43128, 81656, 88252, 76688]"
120510,"[38112, 34351, 51960, 66300, 51786, 10051, 71625, 86151, 33131, 53876]"
120511,"[97523, 99056, 32399, 24958, 27352, 27736, 75469, 62428, 90342, 56409]"
120512,"[57176, 35192, 55547, 108989, 46316, 46845, 82650, 19728, 41581, 52148]"
120513,"[53940, 4415, 96725, 74332, 79809, 67907, 91634, 74330, 4302, 6103]"
120514,"[35927, 51293, 72687, 88257, 31749, 25459, 96079, 33095, 88442, 3231]"
120515,"[27360, 79763, 51958, 48634, 27049, 35385, 106935, 97210, 93406, 779]"
120516,"[30827, 90772, 21440, 56106, 4889, 63207, 33228, 63302, 51775, 84258]"
120517,"[90446, 23359, 56742, 6562, 72216, 10691, 32012, 103205, 59284, 102241]"
120518,"[14697, 14910, 32745, 50457, 64165, 87573, 3573, 12415, 661, 42058]"
120519,"[52787, 15037, 89554, 84275, 108724, 36724, 87602, 10986, 10586, 73838]"
120520,"[57610, 88705, 17605, 7932, 42855, 72314, 41705, 98887, 15473, 57911]"
120521,"[75254, 11666, 56906, 62866, 23211, 95414, 32105, 81127, 89827, 7535]"
120522,"[64684, 49868, 61964, 58910, 57291, 107421, 44960, 71806, 40464, 88153]"
120523,"[18983, 45609, 99762, 106218, 96361, 107624, 7619, 32691, 98575, 4270]"
120524,"[65280, 77228, 88677, 90012, 78195, 64951, 86806, 59243, 33953, 100970]"
120525,"[94994, 23436, 55197, 25622, 17773, 69290, 43638, 5690, 85483, 57954]"
120526,"[6257, 20991, 16786, 34967, 80937, 67530, 48147, 43317, 98042, 16306]"
120527,"[95370, 28653, 5249, 80409, 106420, 92291, 53546, 65268, 86806, 48912]"
120528,"[76241, 51290, 67664, 38410, 8114, 54834, 57088, 45200, 56376, 51734]"
120529,"[102967, 99019, 59906, 83538, 105639, 2505, 79458, 53793, 90022, 26435]"
120530,"[7406, 17622, 24533, 63325, 105449, 85571, 98829, 60412, 25807, 68141]"
120531,"[36269, 97590, 67449, 8168, 72574, 56056, 73341, 69461, 24602, 95373]"
120532,"[101085, 93415, 40949, 37563, 71560, 84994, 89051, 41893, 20446, 27422]"
120533,"[10715, 104623, 1979, 91605, 1566, 92657, 9959, 12700, 95182, 80272]"
120534,"[26048, 47375, 40325, 49320, 70949, 28411, 68473, 14472, 54321, 16093]"
120535,"[39528, 2038, 71744, 25066, 101764, 16336, 3763, 104621, 15670, 41962]"
120536,"[45785, 37619, 64222, 92592, 50370, 58293, 18496, 21790, 74125, 105333]"
120537,"[28593, 74342, 6346, 38861, 28330, 74270, 107916, 49304, 56743, 1886]"
120538,"[33210, 59354, 90616, 3214, 56339, 4994, 17556, 39815, 61281, 30813]"
120539,"[55061, 25627, 39518, 90039, 100918, 2515, 43607, 30262, 94365, 96202]"
120540,"[18953, 60417, 9671, 54210, 31495, 29982, 80223, 60583, 8327, 34722]"
120541,"[79425, 71964, 85796, 69176, 25344, 18635, 98096, 89577, 99997, 44500]"
120542,"[76277, 1597, 49389, 2464, 105905, 101535, 85002, 91372, 46128, 20193]"
120543,"[1761, 67645, 70690, 3901, 66337, 59279, 84618, 36371, 45036, 38344]"
120544,"[70626, 2785, 83800, 19953, 510, 21630, 95311, 42469, 51249, 92600]"
120545,"[62683, 8667, 31605, 65694, 51139, 76779, 9849, 92564, 98324, 101182]"
120546,"[60466, 60915, 93851, 59081, 38152, 73464, 100211, 16315, 19854, 33583]"
120547,"[5789, 96526, 93505, 62113, 38782, 77554, 41670, 84482, 18348, 35382]"
120548,"[84969, 51969, 105960, 26840, 4715, 43760, 13328, 94785, 61981, 41290]"
120549,"[45163, 98151, 89702, 55333, 105652, 83693, 25837, 10524, 67151, 30634]"
120550,"[68936, 106490, 75613, 22000, 67475, 49342, 73818, 100796, 5808, 106080]"
120551,"[20747, 97961, 83752, 69566, 64705, 90094, 82919, 55187, 103494, 107239]"
120552,"[54650, 21981, 56103, 16815, 18523, 100139, 10548, 23754, 67681, 23546]"
120553,"[66502, 4273, 83599, 84368, 45759, 94140, 84064, 33175, 86580, 78945]"
120554,"[17670, 41311, 59547, 24830, 4167, 42837, 60312, 102782, 9223, 69064]"
120555,"[31372, 93072, 14989, 6813, 95066, 47715, 99511, 11537, 730, 52838]"
120556,"[4237, 93733, 9996, 54313, 70735, 60865, 16853, 44091, 109254, 52683]"
120557,"[29742, 63008, 90400, 92174, 94483, 41925, 38607, 41034, 21912, 9396]"
120558,"[16178, 4744, 109210, 80725, 50276, 66764, 3304, 97245, 38706, 15668]"
120559,"[92045, 60842, 63114, 87210, 4440, 51140, 56838, 17020, 105732, 26486]"
120560,"[44008, 12934, 83892, 83295, 26137, 103627, 69662, 92425, 17075, 104864]"
120561,"[27105, 30299, 51450, 85262, 70034, 35364, 44188, 98197, 85513, 106485]"
120562,"[99381, 57450, 41, 68532, 7036, 23015, 86069, 52464, 41115, 55137]"
120563,"[65448, 44625, 64099, 33857, 46199, 66313, 51688, 48589, 33675, 47031]"
120564,"[43703, 63660, 31909, 36694, 18871, 30226, 80739, 63805, 26888, 109298]"
120565,"[58501, 91774, 25161, 7532, 41895, 16661, 107899, 76360, 105357, 23342]"
120566,"[52598, 67068, 29599, 95906, 41909, 56939, 19949, 37957, 27065, 35380]"
120567,"[31847, 32559, 17948, 107961, 76294, 26855, 87744, 75089, 53592, 57787]"
120568,"[10490, 8190, 98463, 50069, 61915, 25753, 54563, 71304, 81946, 2005]"
120569,"[47111, 29993, 106033, 34024, 82935, 96761, 105140, 72940, 92828, 54999]"
120570,"[76862, 39995, 97700, 34914, 53795, 43634, 23805, 66645, 94176, 33876]"
120571,"[103710, 63167, 31266, 5842, 62428, 2356, 59560, 30825, 107670, 97523]"
120572,"[76663, 47100, 3509, 27906, 84797, 10949, 81773, 6909, 83894, 9861]"
120573,"[60700, 97525, 100815, 48447, 11922, 107874, 101423, 18560, 90016, 92398]"
120574,"[25644, 41469, 103406, 47532, 105490, 31172, 74434, 46078, 107279, 52987]"
120575,"[26501, 54900, 83631, 19247, 86972, 2248, 96740, 22779, 33054, 12666]"
120576,"[99105, 15459, 84805, 65591, 53404, 80636, 94734, 52445, 469, 25466]"
120577,"[38234, 18418, 55957, 59480, 34008, 56800, 13363, 96392, 6044, 88933]"
120578,"[67131, 103955, 71791, 68920, 9694, 33180, 69914, 2582, 66857, 9611]"
120579,"[75016, 45416, 67431, 63139, 98437, 105196, 79692, 47848, 31142, 44893]"
120580,"[14011, 16068, 19888, 37373, 105533, 39532, 108830, 79199, 60759, 2707]"
120581,"[50794, 45189, 42713, 95252, 7957, 82374, 104410, 28496, 18380, 87953]"
120582,"[13071, 14418, 59554, 69695, 47968, 71654, 16083, 109169, 41387, 51215]"
120583,"[43794, 89904, 53169, 75864, 12048, 30755, 19767, 74324, 69747, 90341]"
120584,"[76268, 12934, 15758, 73283, 79677, 77353, 55902, 49188, 39461, 107312]"
120585,"[2097, 61355, 81546, 9447, 53368, 99749, 98992, 21892, 23600, 97887]"
120586,"[102241, 104819, 48865, 102917, 66460, 90626, 88597, 81325, 62164, 95749]"
120587,"[96194, 60075, 108274, 74075, 49126, 43752, 52490, 20234, 33534, 103867]"
120588,"[45305, 31059, 12177, 97338, 24156, 20155, 38654, 65867, 1716, 105684]"
120589,"[22383, 90307, 106198, 25179, 12225, 26809, 24233, 108427, 88033, 9352]"
120590,"[95009, 13390, 40280, 17753, 92613, 54233, 41105, 31660, 47691, 19289]"
120591,"[63559, 109282, 8193, 52059, 38427, 48839, 35817, 104039, 90875, 89856]"
120592,"[36849, 80521, 27923, 50731, 57231, 39697, 37026, 52451, 22528, 73407]"
120593,"[102210, 378, 23492, 8298, 104330, 69835, 85201, 97130, 10884, 108944]"
120594,"[102720, 4725, 95137, 93639, 78148, 47010, 27929, 94279, 48596, 105093]"
120595,"[109171, 86725, 106350, 88916, 52663, 88609, 59998, 40135, 51211, 17656]"
120596,"[12919, 14192, 106217, 316, 76454, 89531, 99881, 73919, 35509, 78096]"
120597,"[17739, 82995, 66789, 85939, 98183, 83433, 20008, 43056, 99112, 40268]"
120598,"[33291, 24972, 78939, 20093, 59007, 80360, 31493, 102866, 22501, 63759]"
120599,"[23763, 86259, 64837, 93325, 22026, 75376, 54593, 37437, 43311, 94386]"
120600,"[78215, 79001, 58726, 28830, 72038, 87414, 40019, 29362, 93732, 109543]"
120601,"[88198, 58253, 50594, 100442, 102332, 70148, 81085, 106316, 44574, 54247]"
120602,"[48625, 208, 9266, 39557, 59427, 16984, 100333, 108841, 28848, 26671]"
120603,"[89109, 3557, 102404, 50650, 90593, 93383, 88891, 92783, 12834, 88884]"
120604,"[2230, 105236, 28953, 100901, 87132, 83052, 47264, 87292, 82889, 54540]"
120605,"[55160, 68549, 43964, 13892, 52952, 70458, 24324, 106944, 90166, 86961]"
120606,"[30382, 106480, 57345, 12096, 40127, 85924, 8424, 52867, 81563, 86564]"
120607,"[46436, 30363, 68662, 4553, 24490, 7197, 28913, 32847, 64496, 65711]"
120608,"[10826, 48053, 82623, 43851, 85349, 27503, 27132, 109580, 16599, 87521]"
120609,"[15183, 8745, 31279, 49722, 56259, 33545, 8993, 8927, 61418, 20867]"
120610,"[85261, 105741, 54714, 80742, 109133, 4654, 104644, 99656, 23207, 96614]"
120611,"[40105, 43973, 86347, 17809, 100270, 3743, 107089, 31538, 11986, 7018]"
120612,"[61354, 38916, 74417, 65842, 17348, 1591, 4759, 72553, 93637, 67943]"
120613,"[15822, 72473, 43995, 106957, 11793, 52993, 13604, 18410, 17093, 27115]"
120614,"[49885, 107009, 76113, 3828, 69699, 53396, 11198, 10516, 73005, 75621]"
120615,"[13781, 22395, 54560, 101533, 71971, 15965, 48922, 104670, 104698, 6489]"
120616,"[80728, 99289, 37994, 104865, 86773, 66930, 12875, 784, 56560, 29626]"
120617,"[21643, 80249, 73072, 65506, 92768, 107198, 70683, 106804, 16312, 74025]"
120618,"[70084, 47671, 51351, 66180, 61875, 6165, 47588, 49991, 40254, 13439]"
120619,"[99223, 1983, 55624, 601, 66065, 19085, 40943, 83074, 40432, 5711]"
120620,"[105557, 9998, 44336, 105309, 4469, 91302, 87891, 92141, 14029, 5315]"
120621,"[16500, 79460, 8379, 21304, 70051, 22048, 27019, 97743, 33775, 61515]"
120622,"[65571, 49021, 101792, 27500, 78417, 8574, 81526, 23585, 85820, 95192]"
120623,"[16948, 17072, 37018, 81038, 59411, 18915, 14509, 12987, 40, 109469]"
120624,"[6057, 71329, 100392, 91865, 34278, 89717, 85172, 26762, 97952, 53867]"
120625,"[86470, 21105, 6107, 2171, 18635, 78272, 25344, 11845, 104629, 17814]"
120626,"[70574, 5608, 40385, 85443, 4140, 65992, 21327, 36504, 56577, 96401]"
120627,"[62270, 22404, 35229, 91769, 10674, 108578, 20102, 57377, 23294, 5606]"
120628,"[73373, 55781, 56196, 5573, 95022, 17731, 91759, 75974, 94117, 55207]"
120629,"[16025, 59554, 1115, 21301, 81543, 1798, 34912, 64233, 13071, 105094]"
120630,"[67234, 73356, 38311, 102232, 10131, 58286, 46894, 47397, 54025, 77733]"
120631,"[42462, 64356, 92049, 93270, 88782, 27403, 53877, 39479, 72976, 104219]"
120632,"[29266, 38026, 6872, 63345, 85897, 52337, 22184, 75587, 5697, 36091]"
120633,"[4157, 87767, 95926, 106598, 105575, 55239, 83262, 72590, 66490, 8789]"
120634,"[104445, 88471, 72683, 74125, 28606, 3580, 14152, 20796, 6646, 14668]"
120635,"[39020, 52488, 57497, 105897, 55713, 45185, 42325, 55792, 23584, 69001]"
120636,"[24022, 20903, 84755, 98446, 101133, 43924, 31807, 58999, 13166, 26546]"
120637,"[94064, 31265, 34, 15400, 57015, 53169, 99412, 49848, 65182, 100362]"
120638,"[24444, 78485, 9820, 52790, 96868, 720, 92006, 47556, 77006, 105414]"
120639,"[43765, 77509, 69872, 40380, 109044, 80284, 80334, 59045, 100117, 46525]"
120640,"[25611, 81112, 99834, 29906, 28234, 58476, 51732, 76148, 21514, 96849]"
120641,"[27623, 54335, 67417, 31405, 69959, 53716, 18672, 49868, 84751, 56846]"
120642,"[69142, 3824, 79973, 49005, 41373, 63828, 96588, 109246, 102567, 7385]"
120643,"[43967, 64567, 19131, 22695, 9222, 46189, 15394, 57738, 24803, 49357]"
120644,"[14628, 11607, 61929, 9906, 73056, 71511, 109181, 15492, 22398, 43867]"
120645,"[40999, 32178, 9226, 77255, 79834, 9553, 31845, 25401, 70043, 83008]"
120646,"[3656, 47003, 89652, 107722, 35120, 51819, 32988, 27018, 105721, 31760]"
120647,"[95397, 23543, 84631, 63170, 7755, 63461, 807, 68614, 76692, 75477]"
120648,"[34899, 17173, 66445, 99404, 74879, 33184, 62101, 23118, 103139, 73095]"
120649,"[83508, 49049, 58552, 45590, 67877, 60122, 41483, 45314, 66469, 14130]"
120650,"[86968, 106602, 37933, 74955, 4251, 91281, 11201, 35804, 93479, 66940]"
120651,"[92304, 48094, 59834, 71832, 28611, 31137, 40431, 49768, 63797, 38483]"
120652,"[52570, 71223, 66772, 91532, 38903, 6561, 105344, 102169, 21093, 35654]"
120653,"[68643, 57023, 15226, 84586, 93925, 6256, 101495, 33079, 62650, 73825]"
120654,"[74940, 63059, 2449, 103315, 25801, 86192, 80468, 3566, 69013, 38]"
120655,"[15964, 37196, 96431, 64196, 43334, 74615, 66910, 103341, 109203, 93869]"
120656,"[37016, 96895, 72845, 40267, 20884, 91197, 105515, 16681, 40699, 82080]"
120657,"[85867, 108169, 74441, 105590, 51079, 50357, 4748, 86361, 17389, 42351]"
120658,"[54684, 34224, 42532, 84601, 49034, 70809, 26959, 31896, 46370, 30776]"
120659,"[34411, 87212, 45520, 98902, 90404, 77857, 36930, 37549, 24476, 25707]"
120660,"[31134, 37073, 18720, 15792, 68676, 48622, 92350, 33880, 43921, 63579]"
120661,"[86607, 49269, 57574, 67736, 70432, 59802, 93955, 11058, 6429, 103919]"
120662,"[102606, 49205, 26252, 66329, 61415, 66796, 102764, 51636, 31648, 107559]"
120663,"[4411, 97228, 34140, 85123, 102118, 74265, 58752, 32888, 54278, 109132]"
120664,"[78477, 77197, 58043, 53824, 90672, 59498, 12091, 22786, 109458, 14843]"
120665,"[87781, 2301, 19574, 73781, 38388, 107639, 27326, 103668, 57157, 21384]"
120666,"[12451, 13445, 18979, 53262, 101940, 51947, 7967, 17402, 73775, 59326]"
120667,"[92001, 27948, 109614, 94367, 68172, 53717, 13961, 68092, 103228, 83184]"
120668,"[12316, 89561, 69437, 73134, 10188, 90565, 94235, 70789, 67183, 14821]"
120669,"[64774, 77833, 108807, 101176, 105460, 53175, 32344, 85886, 70476, 9600]"
120670,"[32586, 92862, 108598, 55917, 28399, 62138, 104441, 55916, 9351, 95750]"
120671,"[34042, 47539, 93561, 56698, 40232, 64140, 49380, 72651, 56095, 28363]"
120672,"[21801, 18625, 27658, 63907, 54906, 38921, 35883, 60061, 93683, 71928]"
120673,"[15517, 94970, 48363, 34062, 58078, 42989, 84127, 53687, 77300, 89398]"
120674,"[52641, 28773, 66405, 41513, 102163, 62234, 19049, 50683, 56564, 12715]"
120675,"[53296, 73171, 77986, 103764, 103767, 46930, 97320, 29429, 14756, 43237]"
120676,"[41871, 75111, 82465, 28374, 83228, 18796, 69008, 91327, 10739, 71521]"
120677,"[50030, 53834, 92180, 59711, 1120, 55021, 95392, 8375, 101975, 30253]"
120678,"[56530, 81476, 93875, 12479, 91118, 46853, 34860, 11736, 24713, 78951]"
120679,"[40691, 77847, 49359, 83578, 90381, 42599, 101979, 109396, 11628, 68710]"
120680,"[46695, 72416, 64438, 33986, 95066, 44781, 102571, 52577, 33708, 87159]"
120681,"[91262, 36780, 3531, 78324, 100292, 12449, 79944, 27999, 56394, 53564]"
120682,"[104138, 58128, 53741, 81515, 16635, 109310, 29135, 66628, 63570, 49529]"
120683,"[72449, 55185, 47431, 23357, 37766, 45270, 9300, 14221, 18662, 99033]"
120684,"[75508, 63672, 34312, 72695, 42765, 50979, 8527, 47022, 67370, 5850]"
120685,"[85376, 49454, 64728, 71239, 76070, 46766, 11715, 59335, 38500, 30678]"
120686,"[10725, 100914, 61683, 107610, 47530, 31216, 76291, 56584, 28000, 2359]"
120687,"[98685, 36554, 20350, 95791, 75150, 46125, 31478, 98682, 22206, 106973]"
120688,"[72076, 71185, 106618, 72733, 3904, 50002, 21119, 49341, 7633, 57514]"
120689,"[88576, 75598, 6213, 21542, 60229, 51818, 32453, 94753, 10123, 22478]"
120690,"[46352, 24772, 88774, 17581, 103403, 18926, 67640, 82433, 55216, 2824]"
120691,"[12330, 34620, 16614, 16269, 28502, 51236, 18254, 932, 45276, 16582]"
120692,"[38879, 76301, 58553, 54904, 97460, 59888, 79566, 68941, 109617, 12269]"
120693,"[33578, 2614, 18316, 49840, 97483, 39261, 104011, 35266, 42459, 21389]"
120694,"[13406, 935, 27262, 86528, 48958, 108986, 53212, 51360, 106240, 80197]"
120695,"[61022, 23243, 933, 39924, 93679, 53791, 7933, 20148, 18000, 19725]"
120696,"[4771, 96567, 764, 85168, 75091, 33591, 64888, 31062, 78938, 35086]"
120697,"[35470, 41688, 97746, 104181, 88204, 64826, 103470, 29576, 34386, 71718]"
120698,"[87543, 14244, 109711, 61763, 39319, 45157, 59632, 91917, 62916, 39820]"
120699,"[72664, 52413, 54898, 67398, 57002, 70876, 77653, 95854, 32270, 30577]"
120700,"[37975, 4740, 70986, 108093, 72938, 87695, 62814, 70689, 59955, 72505]"
120701,"[24256, 45283, 52268, 26031, 47769, 52373, 50199, 104263, 2584, 45802]"
120702,"[84513, 73994, 13339, 109037, 107598, 96355, 92583, 38481, 14748, 11054]"
120703,"[95634, 61192, 59284, 6562, 9380, 84813, 10691, 60825, 85168, 4705]"
120704,"[51989, 25035, 22927, 30929, 32213, 7364, 104738, 21353, 11688, 37655]"
120705,"[33674, 8195, 29512, 93228, 83112, 61329, 103341, 58325, 50774, 34050]"
120706,"[27625, 48182, 39949, 5276, 32104, 37836, 40044, 95800, 44451, 14846]"
120707,"[63500, 80013, 22428, 6373, 52774, 2327, 78033, 87110, 8540, 61450]"
120708,"[16266, 105431, 77292, 13020, 5139, 97487, 66601, 90513, 26990, 5848]"
120709,"[17210, 54112, 24271, 104299, 44807, 41917, 54731, 27377, 21143, 41440]"
120710,"[32530, 24171, 55935, 19346, 55984, 106950, 27085, 38465, 51241, 31079]"
120711,"[41704, 23479, 101935, 45233, 75931, 15924, 84306, 105175, 39273, 84558]"
120712,"[85202, 48435, 12210, 56359, 66997, 16427, 83724, 82101, 16140, 47614]"
120713,"[68910, 17350, 95621, 26733, 77035, 60420, 78008, 30077, 73495, 62891]"
120714,"[77703, 79399, 51256, 42435, 102592, 76117, 68142, 51058, 66026, 7064]"
120715,"[76202, 83538, 41953, 94930, 9235, 65116, 59384, 43061, 33828, 106635]"
120716,"[84864, 22001, 99578, 38516, 50167, 223, 89999, 84881, 7382, 22700]"
120717,"[25753, 50782, 81946, 2005, 8190, 50069, 98463, 61915, 71304, 54563]"
120718,"[26137, 101875, 46943, 69092, 3067, 100852, 84809, 14827, 103827, 103003]"
120719,"[39448, 15434, 39175, 47919, 21203, 26071, 82588, 57879, 83720, 32833]"
120720,"[21919, 83792, 45119, 77776, 85089, 96399, 39701, 71091, 7064, 48415]"
120721,"[9876, 59830, 15102, 85996, 72269, 10497, 44475, 43447, 37656, 65480]"
120722,"[55228, 31605, 65694, 43862, 69990, 102551, 107257, 57833, 94409, 81214]"
120723,"[107258, 3263, 9282, 32859, 2927, 75075, 95587, 15997, 21680, 86138]"
120724,"[106321, 24825, 101851, 9245, 15855, 97214, 75064, 100381, 4522, 67869]"
120725,"[83786, 44658, 68884, 84101, 6878, 25977, 36338, 482, 52784, 86711]"
120726,"[101528, 102402, 62418, 89151, 76301, 87629, 59888, 63288, 17774, 109617]"
120727,"[101254, 74887, 94439, 44049, 9104, 60265, 45396, 56505, 61887, 70693]"
120728,"[94430, 33821, 18288, 81646, 386, 63620, 90706, 101579, 13368, 86996]"
120729,"[61332, 45819, 64473, 36607, 101952, 63890, 65205, 49974, 29773, 10894]"
120730,"[24401, 66212, 21118, 46641, 104901, 89730, 55841, 87647, 103418, 55338]"
120731,"[107595, 25240, 51168, 101961, 31551, 85028, 20018, 21806, 79550, 60882]"
120732,"[5826, 105559, 37674, 17430, 15254, 67453, 9327, 62887, 47964, 12342]"
120733,"[101496, 28520, 82544, 81066, 40626, 80086, 73784, 49610, 41212, 50465]"
120734,"[74847, 80828, 38410, 23560, 100681, 90885, 76241, 37773, 960, 21613]"
120735,"[44691, 8988, 26826, 45718, 30979, 80490, 89894, 25446, 109667, 106366]"
120736,"[81988, 68931, 73053, 107628, 33656, 83354, 68503, 3699, 41930, 91938]"
120737,"[86697, 33433, 73109, 9816, 14441, 20337, 88384, 59662, 15331, 57286]"
120738,"[8861, 23560, 60841, 109216, 83281, 45457, 82289, 97511, 93648, 27934]"
120739,"[84481, 66685, 89014, 56511, 66941, 94803, 76519, 5784, 92937, 11553]"
120740,"[72918, 83577, 77279, 40815, 59146, 84405, 71925, 63923, 92347, 50903]"
120741,"[32510, 9550, 24688, 107954, 21063, 46561, 32672, 30706, 96420, 67244]"
120742,"[25768, 29827, 79689, 109402, 36012, 7642, 38894, 37387, 92386, 77713]"
120743,"[7298, 31601, 42579, 83045, 51677, 80342, 2386, 46406, 28051, 30632]"
120744,"[32511, 16517, 18333, 12904, 63776, 4763, 96458, 61776, 106492, 25378]"
120745,"[28131, 68529, 57474, 80975, 83898, 78497, 63702, 58224, 44876, 25606]"
120746,"[34139, 85442, 86441, 59060, 75597, 42079, 103070, 52115, 95150, 25998]"
120747,"[1522, 45486, 23403, 51776, 49538, 38908, 44003, 39795, 95995, 11400]"
120748,"[81286, 44257, 9229, 36820, 70415, 35502, 3982, 27025, 26962, 100529]"
120749,"[47427, 15357, 15232, 87781, 107639, 103668, 57157, 93029, 85718, 21384]"
120750,"[5913, 33636, 78727, 30202, 54337, 75644, 4498, 30273, 93306, 101739]"
120751,"[22930, 55704, 61385, 47372, 65887, 61232, 18810, 105328, 3842, 74150]"
120752,"[90047, 18723, 64321, 36729, 41837, 1292, 83777, 9873, 53346, 23834]"
