Index,Index_list
109776,"[47258, 94371, 29734, 82668, 54730, 19894, 52778, 5332, 88353, 83368]"
109777,"[28477, 44042, 2148, 1589, 1486, 105353, 106992, 67136, 5906, 47208]"
109778,"[38098, 98603, 5213, 53421, 86276, 31137, 50126, 38483, 34689, 105233]"
109779,"[10480, 62681, 48556, 50655, 37568, 72850, 33163, 70377, 103603, 105270]"
109780,"[106819, 9305, 96443, 29140, 3221, 68308, 41948, 13917, 31476, 62790]"
109781,"[58815, 46344, 38767, 51183, 39372, 36781, 63049, 37835, 97538, 90249]"
109782,"[80772, 56862, 26028, 87025, 18186, 87823, 54184, 74257, 3853, 58012]"
109783,"[12766, 42607, 42740, 49936, 22443, 29898, 91479, 59250, 94862, 80403]"
109784,"[105943, 51951, 22105, 49360, 18822, 11610, 104526, 104820, 83415, 91073]"
109785,"[106534, 28256, 101062, 8314, 107130, 5944, 65098, 51692, 5337, 21874]"
109786,"[40971, 42519, 47911, 28447, 3040, 21983, 15735, 81225, 36433, 802]"
109787,"[74337, 81404, 64219, 8810, 104274, 19953, 35137, 25634, 42469, 99204]"
109788,"[98268, 66796, 53349, 18777, 99821, 35844, 102449, 58278, 11965, 83313]"
109789,"[47322, 103402, 96501, 16488, 19398, 64963, 42584, 32622, 8660, 7792]"
109790,"[13407, 25403, 80926, 22956, 91225, 49843, 17985, 83840, 82943, 69395]"
109791,"[74038, 30987, 53200, 65393, 64490, 61520, 55335, 18940, 107736, 58440]"
109792,"[80661, 27365, 31903, 75328, 33829, 19438, 34941, 83467, 90934, 20385]"
109793,"[52385, 21434, 72694, 97100, 109644, 16168, 35331, 105702, 102849, 42976]"
109794,"[4441, 45230, 35412, 26579, 35963, 93782, 24227, 63955, 14140, 101450]"
109795,"[15187, 80487, 43133, 56019, 16728, 68881, 84749, 9815, 59509, 45488]"
109796,"[43271, 6342, 19115, 50837, 43811, 82204, 50294, 69691, 9688, 8607]"
109797,"[94401, 6977, 68214, 71570, 97737, 108338, 12429, 78194, 7812, 84001]"
109798,"[69551, 66636, 70616, 92730, 77118, 106474, 56898, 98095, 67685, 56956]"
109799,"[96339, 83356, 1795, 60069, 11050, 60252, 53019, 79755, 17841, 55656]"
109800,"[27454, 46465, 70072, 81477, 57139, 50932, 97692, 50665, 46070, 48062]"
109801,"[100361, 28497, 90925, 10089, 29125, 85051, 74139, 83099, 52915, 93811]"
109802,"[36890, 38958, 84713, 29294, 83550, 92979, 105651, 1238, 45766, 100872]"
109803,"[77486, 8471, 57636, 71662, 16062, 67626, 94920, 32210, 92731, 57129]"
109804,"[31025, 96601, 61312, 52110, 91757, 4238, 107337, 84150, 44975, 46654]"
109805,"[20161, 23904, 74421, 22896, 44305, 5400, 21882, 69703, 57526, 31479]"
109806,"[42127, 9765, 108948, 92585, 46122, 73255, 99713, 90665, 33956, 102821]"
109807,"[22276, 16387, 9368, 96419, 36331, 93498, 10391, 16587, 70528, 78771]"
109808,"[82089, 89510, 65598, 86386, 89639, 16492, 10343, 585, 5758, 51110]"
109809,"[56714, 24869, 28603, 31005, 78747, 5925, 46207, 12872, 68233, 55858]"
109810,"[13807, 16688, 83138, 36518, 61191, 14610, 15396, 31360, 29568, 7200]"
109811,"[30559, 56651, 89627, 56012, 4937, 59032, 45754, 724, 80456, 1853]"
109812,"[103645, 36876, 71738, 9541, 29389, 17260, 71374, 96176, 76913, 23663]"
109813,"[82012, 24787, 19257, 46156, 69629, 86723, 75740, 47540, 57699, 89074]"
109814,"[108126, 93376, 2165, 43930, 86943, 43642, 79063, 65204, 91196, 75242]"
109815,"[101382, 2751, 49702, 12197, 41776, 31315, 52604, 101091, 27879, 48709]"
109816,"[17908, 92545, 75254, 32105, 53205, 84470, 103783, 54674, 29119, 9694]"
109817,"[95107, 43556, 12077, 13833, 6913, 34980, 77570, 83257, 23102, 24736]"
109818,"[60389, 92275, 14602, 32134, 15040, 97230, 94915, 108003, 24921, 105007]"
109819,"[22473, 87273, 58666, 100933, 3960, 97032, 64752, 56822, 6194, 70807]"
109820,"[78980, 40670, 1493, 33284, 80602, 57369, 7573, 104946, 45795, 70484]"
109821,"[52763, 40662, 76652, 35474, 20553, 33098, 107150, 97269, 54170, 86759]"
109822,"[109658, 36680, 63803, 92271, 45924, 75734, 81979, 10865, 74852, 53573]"
109823,"[91059, 39434, 58052, 4785, 94114, 94026, 52612, 85487, 19383, 79448]"
109824,"[38841, 32444, 102042, 17215, 103061, 31373, 29693, 7720, 27750, 71228]"
109825,"[80509, 12346, 62702, 98059, 88784, 107260, 42390, 102488, 9412, 45216]"
109826,"[17993, 30745, 5114, 65587, 108848, 44199, 31849, 59965, 78100, 54848]"
109827,"[18792, 13369, 25750, 87819, 36767, 67570, 26520, 106833, 90870, 47474]"
109828,"[96879, 41300, 34065, 1862, 99956, 23273, 73719, 88578, 86829, 15303]"
109829,"[14106, 71430, 97403, 103052, 92724, 34322, 69843, 71867, 44331, 54541]"
109830,"[63875, 97830, 95794, 40790, 100881, 70168, 76743, 43565, 69735, 37992]"
109831,"[96007, 79295, 98544, 89877, 56870, 78038, 86482, 86246, 7189, 90663]"
109832,"[89632, 102381, 2921, 100179, 46325, 53633, 92202, 18546, 12829, 106888]"
109833,"[104106, 67379, 48884, 19419, 59541, 93133, 79701, 71663, 106843, 92613]"
109834,"[80332, 25685, 45930, 43073, 108132, 89900, 1610, 60298, 4747, 76053]"
109835,"[54543, 54329, 47852, 83769, 38704, 88851, 3559, 75449, 27670, 3888]"
109836,"[46271, 54023, 91688, 30505, 42125, 76552, 92171, 84897, 83715, 77441]"
109837,"[94190, 95753, 17447, 70665, 2070, 66826, 81523, 31335, 74577, 14110]"
109838,"[56692, 19389, 94244, 88576, 68787, 1157, 103272, 67503, 44621, 26285]"
109839,"[90062, 107287, 100800, 104174, 55781, 102948, 62486, 25393, 63228, 56245]"
109840,"[28903, 4488, 104091, 27220, 46228, 29161, 74295, 25631, 104999, 61421]"
109841,"[22676, 61552, 35475, 22533, 62855, 6245, 44220, 13954, 21730, 296]"
109842,"[33690, 9181, 17765, 74729, 104712, 89328, 11622, 21084, 4113, 97713]"
109843,"[47442, 94219, 83216, 85033, 43125, 8002, 100432, 100538, 84411, 95993]"
109844,"[23610, 109331, 43170, 57152, 50868, 25197, 103631, 51300, 84672, 75310]"
109845,"[38084, 95513, 54297, 51418, 2692, 81976, 74981, 50836, 99743, 79988]"
109846,"[22645, 16549, 18565, 36449, 22308, 66745, 94945, 3603, 70880, 66415]"
109847,"[20800, 13979, 15719, 101747, 96484, 75760, 59316, 57852, 40416, 90520]"
109848,"[48088, 66917, 70342, 11829, 92914, 86632, 56203, 86404, 91635, 93037]"
109849,"[17608, 38214, 4610, 84284, 89994, 55545, 67934, 31275, 84367, 55926]"
109850,"[3765, 56994, 30070, 25588, 41674, 73854, 679, 77362, 81415, 89059]"
109851,"[11938, 71470, 59725, 70686, 67284, 6047, 4812, 88604, 1227, 51350]"
109852,"[22515, 33169, 50631, 21687, 11498, 88398, 98484, 41219, 88241, 24368]"
109853,"[54222, 96411, 109283, 98531, 46551, 89779, 19236, 23062, 77534, 91441]"
109854,"[100548, 58718, 27344, 34316, 35358, 31229, 2467, 47740, 95290, 99243]"
109855,"[22203, 33751, 67111, 16047, 53230, 83757, 10319, 99863, 47085, 105176]"
109856,"[7340, 79854, 103118, 86327, 23546, 28815, 67681, 23754, 7106, 96197]"
109857,"[5586, 5527, 54142, 15125, 50493, 18391, 50553, 44214, 93207, 73037]"
109858,"[51450, 30299, 85262, 7756, 81239, 65543, 69490, 106485, 77262, 9909]"
109859,"[96052, 18505, 82531, 57232, 98072, 45845, 42749, 72296, 28658, 84606]"
109860,"[8488, 30546, 57646, 17767, 26274, 104967, 97329, 92300, 836, 68455]"
109861,"[7114, 41806, 43847, 34933, 28794, 57550, 35377, 60194, 54104, 16751]"
109862,"[21615, 25232, 9769, 32185, 39212, 9373, 55777, 61404, 11649, 63565]"
109863,"[82917, 55656, 45670, 21574, 97419, 79755, 35067, 96882, 109679, 102447]"
109864,"[53958, 34614, 49393, 10780, 35194, 48376, 40856, 61263, 15631, 41547]"
109865,"[34235, 54901, 12600, 12713, 60753, 9795, 76731, 39986, 19224, 29968]"
109866,"[109266, 28917, 11992, 735, 27231, 67287, 87757, 101052, 3077, 57807]"
109867,"[82480, 55406, 98120, 44726, 77387, 36191, 70337, 71817, 86180, 107378]"
109868,"[18441, 74747, 46530, 59820, 5128, 81792, 47457, 18497, 102628, 89978]"
109869,"[87766, 23746, 58868, 57398, 17927, 71446, 106088, 14391, 69383, 21351]"
109870,"[37100, 31910, 20014, 57271, 42528, 48192, 20901, 77912, 29085, 103027]"
109871,"[2901, 69563, 57302, 31608, 83489, 9100, 57385, 46844, 79685, 23414]"
109872,"[98546, 32895, 50138, 106522, 5950, 73567, 65900, 109108, 34211, 71471]"
109873,"[9295, 56503, 49614, 36097, 47199, 1768, 102604, 79280, 13101, 53145]"
109874,"[45449, 4170, 54424, 50977, 66622, 28870, 59975, 460, 4393, 29714]"
109875,"[43069, 87663, 37335, 46520, 74654, 49803, 69146, 88694, 2932, 76225]"
109876,"[38106, 75049, 46579, 24633, 29442, 20164, 61920, 35769, 100014, 94722]"
109877,"[24567, 95920, 100188, 85586, 105026, 60027, 54301, 18960, 18575, 79037]"
109878,"[63665, 9014, 25679, 34837, 100201, 58655, 95885, 23167, 69709, 87214]"
109879,"[67195, 27907, 85863, 6676, 10172, 82672, 34883, 54267, 28995, 37549]"
109880,"[17941, 61183, 46888, 63475, 79442, 35368, 32984, 101776, 49333, 104550]"
109881,"[42736, 49856, 63937, 73551, 14182, 97740, 16654, 71813, 90210, 104312]"
109882,"[48912, 95370, 85060, 98211, 63005, 58879, 99741, 10713, 7464, 32573]"
109883,"[48360, 21748, 77235, 64966, 17156, 101171, 18576, 57424, 101187, 40089]"
109884,"[109007, 42113, 28992, 51288, 47650, 81926, 30093, 45167, 64283, 1772]"
109885,"[23869, 42403, 61288, 48960, 57247, 12716, 16685, 79616, 61745, 4660]"
109886,"[95272, 90325, 95571, 52448, 46421, 263, 56972, 1382, 7483, 31050]"
109887,"[68827, 52776, 66810, 101146, 101083, 23133, 90179, 17595, 9220, 57700]"
109888,"[84508, 34660, 32090, 46837, 97864, 96959, 94347, 7162, 38707, 101297]"
109889,"[73715, 89707, 40889, 82960, 11129, 52266, 60429, 72333, 29375, 72251]"
109890,"[27888, 88015, 70615, 104528, 98909, 22030, 79826, 56955, 33198, 93462]"
109891,"[80249, 92768, 21643, 107198, 10125, 50610, 58255, 73072, 65506, 21792]"
109892,"[70660, 94250, 66978, 469, 52445, 104253, 77604, 70536, 65190, 97111]"
109893,"[55356, 77129, 6813, 82865, 15743, 95066, 22539, 82305, 33986, 31372]"
109894,"[31438, 78480, 62976, 106701, 11684, 27276, 13170, 49227, 22647, 39970]"
109895,"[18225, 107330, 93383, 89678, 35458, 75381, 35093, 65929, 11146, 28876]"
109896,"[86043, 74703, 85790, 109006, 105192, 23073, 46849, 3279, 25833, 9302]"
109897,"[96801, 24246, 45705, 76691, 1158, 47870, 86288, 50860, 28063, 29273]"
109898,"[22283, 60113, 102775, 88450, 85067, 40476, 99170, 36828, 99744, 49705]"
109899,"[88866, 23544, 41186, 70111, 42195, 87103, 44262, 34438, 24690, 83362]"
109900,"[97880, 70092, 2995, 20025, 46918, 98916, 48851, 108473, 6927, 88233]"
109901,"[98576, 97781, 51533, 1817, 92214, 74951, 94405, 86287, 23983, 946]"
109902,"[75004, 7883, 625, 89401, 9416, 11092, 37832, 36451, 9589, 78444]"
109903,"[37828, 27248, 70582, 10300, 50450, 2099, 5203, 40541, 26213, 86066]"
109904,"[55390, 62093, 34089, 55591, 36496, 89174, 100775, 52483, 100150, 599]"
109905,"[50524, 101758, 61702, 7869, 56689, 109378, 68320, 82314, 99448, 11708]"
109906,"[55259, 91130, 76249, 78245, 57588, 59104, 63663, 32415, 80819, 84924]"
109907,"[64376, 95765, 96363, 21471, 15045, 49558, 38975, 51098, 92370, 66172]"
109908,"[84618, 96963, 83047, 6895, 1761, 54967, 41980, 28324, 26918, 54542]"
109909,"[40314, 62064, 36237, 42883, 42122, 100399, 99174, 39644, 22850, 57593]"
109910,"[29375, 22270, 73715, 89707, 50986, 11129, 92737, 50161, 20738, 38650]"
109911,"[74105, 24343, 40449, 5629, 39949, 64220, 23987, 48182, 96137, 97474]"
109912,"[5954, 86675, 56197, 74725, 74032, 50810, 83879, 90373, 34552, 79526]"
109913,"[82630, 44731, 3936, 102350, 44513, 61836, 105452, 22640, 89092, 40954]"
109914,"[61230, 36428, 31774, 38854, 3659, 81943, 96307, 61021, 60691, 38167]"
109915,"[98388, 11913, 61979, 960, 99406, 109657, 101463, 21054, 40311, 77751]"
109916,"[96046, 46185, 37116, 1448, 14123, 13763, 93449, 51673, 48163, 58693]"
109917,"[68712, 39037, 74297, 85404, 71486, 29420, 49831, 60169, 72140, 53516]"
109918,"[89948, 22705, 72575, 56014, 72068, 27317, 17337, 57078, 57777, 85046]"
109919,"[108310, 13756, 27829, 69524, 60569, 24386, 19507, 23652, 5644, 88983]"
109920,"[105597, 107813, 71074, 16738, 64153, 59006, 15981, 86074, 106050, 14531]"
109921,"[31378, 108602, 89940, 43923, 87206, 27148, 22514, 36, 21399, 24963]"
109922,"[106967, 103269, 37645, 78887, 101671, 98992, 99749, 2097, 10891, 19461]"
109923,"[72448, 36016, 6830, 56767, 4686, 96252, 94928, 71636, 86819, 7357]"
109924,"[58758, 86150, 104979, 57840, 15746, 36761, 65033, 92548, 71383, 62893]"
109925,"[96724, 81252, 50565, 51821, 37271, 95896, 1129, 21576, 106381, 36570]"
109926,"[78057, 62706, 59, 75172, 14975, 40491, 567, 64045, 28341, 27433]"
109927,"[103098, 56948, 33679, 103507, 109497, 96479, 70492, 108576, 9763, 89021]"
109928,"[7331, 16756, 80853, 33192, 42121, 61002, 30337, 72748, 34774, 62031]"
109929,"[34026, 31804, 55833, 9639, 100043, 7890, 4367, 2, 23779, 32644]"
109930,"[41300, 34065, 96879, 104755, 5064, 96468, 84042, 34755, 107947, 57861]"
109931,"[8775, 50179, 38808, 4859, 3657, 14885, 17246, 94081, 86168, 107325]"
109932,"[97716, 11169, 33108, 77612, 78725, 53310, 60701, 83102, 53481, 95873]"
109933,"[22347, 18532, 98993, 94696, 88539, 95501, 82670, 16829, 60128, 102345]"
109934,"[66508, 4543, 60567, 71270, 105618, 30529, 107147, 86365, 81239, 34266]"
109935,"[59303, 825, 29902, 69849, 81321, 73183, 66141, 21245, 48332, 13282]"
109936,"[38382, 71708, 21433, 18867, 41714, 75268, 4904, 67607, 3029, 103788]"
109937,"[41012, 102189, 50716, 9432, 80784, 5416, 62426, 95414, 108758, 45211]"
109938,"[97171, 74241, 4255, 24158, 82517, 75806, 75833, 22359, 108433, 29095]"
109939,"[25212, 69005, 41591, 5141, 11306, 102767, 5755, 88354, 104247, 4276]"
109940,"[68351, 51871, 86689, 18044, 37653, 85455, 98542, 18717, 23847, 84059]"
109941,"[56891, 22452, 67552, 29048, 5746, 28947, 7974, 62132, 25693, 40013]"
109942,"[85628, 53666, 88195, 24791, 19365, 39202, 51750, 87748, 1762, 29257]"
109943,"[98165, 66497, 9158, 98757, 12825, 11352, 18888, 36303, 76602, 72349]"
109944,"[95265, 70828, 99085, 106002, 55963, 77855, 72240, 24540, 1014, 61475]"
109945,"[107538, 61234, 37130, 85420, 58474, 105030, 1931, 23365, 16909, 1091]"
109946,"[26289, 102684, 7384, 96660, 98402, 12854, 25008, 105007, 70905, 22909]"
109947,"[106617, 71995, 82293, 108874, 85267, 109238, 33497, 59666, 87098, 91289]"
109948,"[79010, 1220, 67549, 39906, 63969, 74200, 23647, 29966, 69848, 64298]"
109949,"[104247, 11246, 106941, 57237, 17139, 8492, 23632, 44793, 64975, 68748]"
109950,"[86401, 8095, 59390, 41023, 39475, 9630, 109183, 1183, 7592, 94319]"
109951,"[19212, 16404, 98549, 41491, 8851, 104807, 23048, 29127, 357, 50099]"
109952,"[94586, 52065, 84515, 42258, 97262, 74617, 6303, 49173, 50224, 69823]"
109953,"[50976, 33080, 47421, 77875, 12512, 78507, 99439, 39469, 81411, 38310]"
109954,"[82972, 93620, 86045, 44845, 61350, 46862, 81275, 35638, 2859, 65911]"
109955,"[91347, 99373, 6993, 106050, 94133, 1120, 99111, 55136, 59273, 59711]"
109956,"[40830, 18238, 44956, 10069, 26667, 53435, 59648, 107938, 94092, 53522]"
109957,"[101380, 81596, 34435, 83752, 69566, 64705, 97961, 20747, 16689, 82919]"
109958,"[39429, 53381, 72101, 50912, 80807, 3258, 99565, 21321, 69177, 105168]"
109959,"[23187, 100960, 59396, 75988, 64815, 107219, 81391, 70799, 26596, 94116]"
109960,"[25351, 26106, 4453, 98039, 78209, 30517, 81999, 66234, 87099, 5353]"
109961,"[34170, 27490, 81669, 95715, 88856, 66740, 12308, 91112, 20984, 17501]"
109962,"[83626, 94, 103277, 57851, 75238, 68183, 104092, 34125, 66653, 95658]"
109963,"[39898, 82187, 31449, 71966, 29997, 35374, 79060, 47135, 58374, 13436]"
109964,"[99661, 32605, 29311, 18159, 27661, 10156, 45812, 7729, 102276, 94755]"
109965,"[63406, 62009, 86418, 14085, 61327, 17335, 38823, 35172, 58063, 37720]"
109966,"[12536, 13409, 74684, 19383, 79448, 63268, 48065, 54820, 44932, 3084]"
109967,"[19006, 109142, 46619, 29768, 12178, 15438, 32803, 67506, 3856, 5355]"
109968,"[26561, 87391, 91199, 92838, 6416, 70959, 68163, 36760, 77252, 91117]"
109969,"[84923, 80068, 66370, 65895, 62310, 31209, 99529, 55949, 53085, 12782]"
109970,"[12039, 36148, 45296, 12174, 21952, 2707, 60759, 77485, 10906, 33497]"
109971,"[49734, 33773, 38290, 3707, 91192, 107891, 66418, 18352, 29490, 6300]"
109972,"[107257, 82388, 15777, 85655, 95883, 9806, 31605, 55228, 90056, 49778]"
109973,"[9368, 36331, 96419, 76343, 20103, 26439, 79475, 43333, 30701, 8056]"
109974,"[54183, 19358, 16005, 78682, 109459, 77352, 9580, 15936, 73611, 39568]"
109975,"[108825, 43306, 106283, 105624, 36500, 97969, 3365, 8111, 27429, 100554]"
109976,"[2995, 97880, 70092, 69617, 75223, 85774, 12930, 43234, 6566, 76509]"
109977,"[43516, 93850, 99732, 91633, 7170, 104752, 56783, 65251, 74365, 2426]"
109978,"[109129, 61322, 25397, 50898, 74853, 17162, 34690, 81477, 37034, 57139]"
109979,"[29620, 48215, 54091, 3947, 36225, 10161, 22709, 6409, 16211, 44057]"
109980,"[105099, 13439, 75400, 74899, 1885, 73279, 83480, 107208, 17645, 57386]"
109981,"[13903, 87410, 22297, 92788, 84602, 15077, 43980, 41524, 14169, 16379]"
109982,"[48776, 105896, 108422, 101274, 28951, 72568, 25235, 49880, 75549, 69443]"
109983,"[61763, 97520, 61347, 62916, 91917, 6750, 102017, 42419, 54721, 46166]"
109984,"[22647, 49227, 70300, 13170, 78480, 31438, 11684, 62976, 27276, 106701]"
109985,"[73767, 73004, 102850, 63215, 12432, 76628, 35865, 1513, 34492, 97514]"
109986,"[87379, 80395, 970, 48915, 77496, 68833, 83364, 19285, 53143, 81025]"
109987,"[7157, 20076, 96210, 76640, 74045, 43241, 99410, 64119, 33559, 13321]"
109988,"[84451, 7348, 4833, 94539, 103090, 24612, 27788, 21578, 25505, 68542]"
109989,"[61952, 58309, 13208, 82489, 8885, 15104, 74558, 56412, 76634, 97527]"
109990,"[21367, 85833, 58146, 9743, 34274, 11187, 13828, 103178, 7754, 51221]"
109991,"[48676, 97192, 29419, 8946, 61331, 4886, 11593, 40979, 108685, 8858]"
109992,"[25922, 9558, 64875, 87619, 33424, 84051, 103443, 23489, 11514, 105418]"
109993,"[65207, 98159, 18657, 85560, 29619, 73818, 80894, 88399, 76641, 7628]"
109994,"[101876, 103724, 42103, 32666, 78874, 2159, 88676, 61983, 72521, 273]"
109995,"[63419, 13490, 32508, 73093, 53157, 50284, 65693, 75731, 74290, 69722]"
109996,"[30898, 33970, 93072, 50575, 37631, 100183, 47715, 31372, 55356, 22539]"
109997,"[15755, 39456, 25866, 50671, 52986, 87575, 80556, 27766, 47205, 4049]"
109998,"[71231, 19846, 2384, 30195, 21713, 2079, 81123, 107428, 7159, 1730]"
109999,"[53819, 78757, 38024, 61891, 44480, 27198, 24790, 72883, 81996, 63918]"
110000,"[46832, 2076, 53580, 19554, 52201, 56887, 78622, 106268, 8576, 71719]"
110001,"[44041, 39066, 72647, 37581, 67250, 3694, 1514, 56840, 3009, 108333]"
110002,"[18162, 54229, 3319, 16680, 78853, 20364, 72036, 19982, 105891, 20361]"
110003,"[2412, 30591, 45382, 56448, 100557, 72530, 35520, 25241, 77843, 21069]"
110004,"[30901, 31913, 495, 108844, 31275, 7074, 4068, 59707, 74641, 85504]"
110005,"[56247, 30000, 44119, 64783, 57109, 82150, 12746, 44765, 78730, 91339]"
110006,"[65878, 63358, 51944, 48132, 57267, 1614, 98063, 32272, 70447, 104686]"
110007,"[68043, 35751, 16402, 1780, 62616, 56360, 61345, 82717, 31262, 12243]"
110008,"[78156, 54382, 61446, 82409, 51873, 42749, 100725, 82911, 36212, 17333]"
110009,"[67356, 19766, 43030, 30614, 60996, 71797, 12000, 76721, 56679, 43488]"
110010,"[69577, 68115, 42510, 42620, 56365, 39515, 103291, 97480, 85873, 82015]"
110011,"[38793, 88400, 68089, 101016, 107293, 29136, 23287, 84701, 2623, 74813]"
110012,"[22402, 54706, 72578, 30934, 4465, 93424, 38999, 30442, 61896, 64268]"
110013,"[92679, 45037, 101701, 41978, 45401, 94138, 96344, 47414, 59444, 12535]"
110014,"[15931, 35131, 105245, 14024, 42797, 69630, 48234, 36355, 26378, 60989]"
110015,"[32273, 21675, 25200, 105666, 100822, 11245, 15539, 86858, 100447, 84694]"
110016,"[66216, 69731, 63784, 43449, 89562, 72772, 77920, 45783, 91116, 84271]"
110017,"[2644, 22470, 6670, 74598, 15116, 98328, 27573, 90101, 95354, 88638]"
110018,"[42525, 69421, 64232, 69887, 6981, 92960, 19640, 106768, 59429, 6817]"
110019,"[43352, 88023, 77397, 99578, 35143, 61087, 71853, 47684, 38611, 95988]"
110020,"[24750, 11282, 89496, 62247, 43494, 101286, 93974, 8078, 1930, 5875]"
110021,"[34246, 98888, 28341, 89876, 77577, 13647, 64045, 40491, 40687, 76484]"
110022,"[85993, 82354, 70607, 101567, 78169, 103525, 39233, 818, 4711, 35241]"
110023,"[99456, 13821, 7877, 52970, 63085, 39856, 33010, 100389, 87489, 50485]"
110024,"[73394, 66866, 60670, 87568, 17383, 15036, 99593, 75073, 30009, 1308]"
110025,"[52226, 39511, 9699, 97759, 91353, 67679, 103123, 39315, 63298, 5363]"
110026,"[41102, 68932, 33171, 69236, 29420, 71486, 49831, 45846, 76349, 51191]"
110027,"[107830, 21039, 31395, 53787, 43487, 24146, 79199, 73123, 65963, 36560]"
110028,"[29833, 86333, 13093, 28409, 82741, 45469, 100843, 71446, 21351, 14391]"
110029,"[82980, 68310, 64152, 88127, 82168, 105454, 41565, 39013, 25397, 63676]"
110030,"[56178, 3898, 70308, 51820, 102666, 73631, 42498, 101406, 66987, 107045]"
110031,"[74039, 83383, 95006, 105678, 3049, 33710, 91078, 16501, 10969, 31236]"
110032,"[58794, 24076, 72576, 237, 97351, 55837, 93200, 40687, 40043, 5366]"
110033,"[88606, 67642, 87973, 55217, 44371, 42623, 39048, 407, 20787, 42331]"
110034,"[47364, 77128, 64708, 57252, 98157, 1211, 66262, 91010, 4848, 23194]"
110035,"[20548, 61482, 64746, 100350, 22267, 104465, 6390, 72593, 46948, 42190]"
110036,"[80740, 27402, 59005, 3882, 7126, 97519, 60248, 57165, 58521, 72971]"
110037,"[50377, 104389, 89917, 97541, 13707, 84225, 97811, 70843, 105655, 40919]"
110038,"[23289, 65540, 108893, 28223, 62960, 426, 58593, 79505, 20531, 108590]"
110039,"[68847, 46206, 90667, 101908, 77865, 101897, 39132, 60329, 91283, 59654]"
110040,"[255, 100490, 58658, 61947, 5639, 100618, 90406, 31120, 60107, 4957]"
110041,"[13270, 35573, 1436, 81934, 31070, 12790, 65770, 12852, 26202, 77274]"
110042,"[37849, 108421, 32045, 107277, 101002, 78403, 28032, 34324, 71100, 44283]"
110043,"[16753, 73359, 36498, 14997, 49221, 20381, 99968, 104364, 5921, 70323]"
110044,"[30493, 106556, 17181, 60510, 16438, 42689, 91622, 25329, 38588, 8636]"
110045,"[67782, 54486, 26328, 19517, 11215, 22106, 23859, 80403, 2235, 3212]"
110046,"[104890, 13044, 15141, 79683, 16679, 58905, 56929, 44186, 82936, 24395]"
110047,"[76745, 86477, 92621, 98416, 62065, 43174, 40426, 62703, 105816, 7037]"
110048,"[72603, 37614, 57443, 41125, 99187, 61310, 41212, 19016, 16591, 108431]"
110049,"[99845, 16668, 11962, 72602, 30541, 100000, 94018, 62517, 53612, 12166]"
110050,"[43775, 48946, 98646, 3724, 94605, 84252, 76257, 40217, 62779, 26137]"
110051,"[58446, 76126, 9911, 21141, 106796, 27695, 92654, 61574, 52125, 55501]"
110052,"[1514, 56840, 3009, 12458, 4541, 72398, 44041, 61587, 45633, 108333]"
110053,"[16977, 14000, 51558, 23552, 101819, 43454, 84442, 4267, 93355, 55601]"
110054,"[18091, 94905, 73114, 31096, 86870, 87330, 29256, 74696, 103148, 28620]"
110055,"[87638, 60838, 57693, 72332, 103762, 92766, 66921, 20462, 32361, 41096]"
110056,"[53432, 26951, 101666, 67791, 68332, 4752, 32207, 44742, 20795, 7029]"
110057,"[105723, 12939, 105195, 72880, 21408, 73520, 15225, 82052, 23369, 102578]"
110058,"[47075, 30832, 43795, 30981, 82269, 25595, 24414, 90807, 61222, 84205]"
110059,"[25191, 81854, 58303, 23700, 48114, 47813, 79790, 83176, 73670, 99891]"
110060,"[90541, 14259, 4493, 78010, 73984, 96673, 42608, 52346, 30346, 85240]"
110061,"[56067, 31375, 91644, 52155, 10001, 25506, 55212, 40665, 46825, 49618]"
110062,"[25349, 101378, 35153, 104619, 8699, 93382, 74015, 13189, 88738, 85277]"
110063,"[41599, 94839, 69277, 8157, 19149, 26645, 20272, 107424, 12253, 46791]"
110064,"[15181, 9426, 8374, 39033, 14508, 93054, 81344, 69754, 86560, 67097]"
110065,"[58702, 73133, 8242, 43157, 87873, 46797, 68393, 25362, 42663, 102544]"
110066,"[1605, 36024, 35782, 16322, 1029, 63231, 71778, 47601, 87353, 41782]"
110067,"[12800, 15261, 69882, 99976, 12624, 690, 87648, 9362, 39692, 66953]"
110068,"[7505, 44260, 68331, 79047, 36178, 66399, 16395, 18506, 103948, 49402]"
110069,"[18685, 22279, 84374, 38274, 41866, 2091, 71023, 94154, 94494, 1083]"
110070,"[92026, 21632, 57950, 42237, 9476, 37346, 65914, 53999, 46280, 35449]"
110071,"[47986, 27970, 76082, 86175, 63593, 102344, 57292, 49548, 71444, 94655]"
110072,"[1878, 109533, 53061, 10209, 2345, 57354, 1662, 40755, 42262, 92165]"
110073,"[56406, 79550, 42960, 76610, 51168, 107595, 3153, 73023, 69867, 70639]"
110074,"[48456, 79396, 69449, 30584, 84771, 29964, 75680, 10247, 77124, 70988]"
110075,"[52519, 3417, 93010, 18951, 1778, 16078, 86795, 31730, 10709, 88875]"
110076,"[1770, 48462, 21296, 31714, 47344, 45726, 57988, 43422, 35251, 983]"
110077,"[21005, 54118, 62583, 36517, 17490, 95336, 10414, 86481, 48374, 22447]"
110078,"[9790, 89812, 42397, 95154, 65925, 49417, 43183, 6093, 22032, 101638]"
110079,"[51376, 20000, 26371, 20744, 4810, 11145, 99522, 44329, 16089, 7886]"
110080,"[26200, 70969, 67190, 12289, 73416, 91016, 33770, 24918, 3354, 65569]"
110081,"[5527, 61716, 86642, 65681, 92691, 58927, 79934, 62934, 62217, 9091]"
110082,"[1991, 73699, 45708, 60036, 12566, 98282, 16342, 108125, 104084, 37306]"
110083,"[70481, 101185, 75097, 53532, 47189, 98914, 1084, 63312, 37643, 61642]"
110084,"[13361, 91414, 78995, 102989, 106790, 84014, 2642, 90502, 87831, 51420]"
110085,"[85002, 101535, 49389, 103931, 91372, 76277, 20193, 46128, 102769, 93384]"
110086,"[26664, 109074, 78898, 38980, 62124, 15260, 94866, 35979, 84915, 23404]"
110087,"[74874, 17879, 106117, 52335, 86479, 82815, 51480, 75911, 99126, 105674]"
110088,"[12397, 64161, 66028, 92759, 102119, 50889, 13228, 57426, 47392, 97318]"
110089,"[103441, 86631, 69390, 74869, 36685, 108505, 98609, 64565, 90253, 6240]"
110090,"[18035, 86976, 62458, 82395, 61603, 73672, 64617, 99770, 101096, 50603]"
110091,"[63886, 73500, 13480, 59169, 91169, 65228, 100038, 23027, 2102, 70851]"
110092,"[5549, 89008, 103630, 75836, 44916, 17758, 8804, 64818, 72216, 106908]"
110093,"[62612, 48221, 66270, 99745, 44926, 31039, 6748, 12472, 37282, 92934]"
110094,"[23045, 59147, 83496, 8135, 49340, 106100, 24791, 80396, 59919, 51674]"
110095,"[97461, 103799, 68424, 20089, 10180, 96733, 12328, 48490, 92601, 7584]"
110096,"[84817, 95867, 15191, 89424, 101761, 20539, 72414, 4721, 52683, 37456]"
110097,"[95280, 47847, 94720, 85049, 88386, 22871, 65070, 6121, 15089, 75579]"
110098,"[57286, 15331, 20307, 24837, 46596, 25650, 11580, 96834, 73109, 12979]"
110099,"[25327, 86661, 66718, 11691, 73539, 28699, 106817, 76330, 82176, 96937]"
110100,"[10268, 68574, 24048, 100912, 79490, 98584, 14725, 93563, 52642, 60749]"
110101,"[42305, 36372, 101637, 8461, 26661, 93584, 52355, 51369, 15501, 63720]"
110102,"[19872, 8112, 70666, 106462, 59302, 1671, 67206, 34916, 86242, 74255]"
110103,"[70990, 30770, 85253, 35406, 78918, 58208, 66809, 18659, 49588, 2768]"
110104,"[57429, 58557, 15221, 22698, 102397, 36595, 63861, 105347, 51822, 100111]"
110105,"[40956, 102837, 4067, 49889, 86144, 77937, 66578, 82643, 101294, 69229]"
110106,"[100275, 19265, 23371, 24913, 78929, 6764, 74705, 65141, 87367, 44271]"
110107,"[78926, 41193, 5042, 2263, 87281, 37329, 30531, 36405, 58956, 50282]"
110108,"[107076, 104079, 85351, 4770, 49679, 24541, 106160, 2282, 35810, 106130]"
110109,"[44669, 28714, 64878, 30484, 43702, 72214, 25502, 79157, 20427, 82692]"
110110,"[41440, 41917, 86718, 94849, 57647, 48260, 44944, 44334, 17210, 21143]"
110111,"[85559, 2160, 14181, 29663, 11292, 17354, 1397, 23715, 11380, 16142]"
110112,"[12074, 23825, 17971, 8426, 52098, 33308, 19355, 1385, 48225, 19615]"
110113,"[30800, 37999, 8856, 13256, 10864, 6793, 93287, 63970, 42982, 51777]"
110114,"[107131, 68176, 76037, 8449, 107235, 49900, 56344, 1012, 12830, 89166]"
110115,"[29915, 53942, 23654, 105766, 18039, 66961, 49405, 74623, 600, 40648]"
110116,"[27761, 100512, 54670, 87760, 78049, 57967, 41008, 59694, 41049, 89677]"
110117,"[17166, 58054, 34102, 65202, 36192, 47620, 34078, 62964, 43080, 64813]"
110118,"[13541, 88939, 63536, 11743, 68403, 95254, 61553, 43484, 10669, 2057]"
110119,"[24356, 19657, 98626, 33312, 45335, 19778, 44753, 28039, 33716, 85652]"
110120,"[53191, 8910, 108321, 102403, 4851, 52623, 27324, 52593, 84800, 69334]"
110121,"[36507, 73281, 34164, 78639, 34939, 83141, 2695, 105951, 35519, 40810]"
110122,"[76636, 63116, 28423, 35260, 28511, 15151, 44711, 36838, 76379, 54174]"
110123,"[88486, 46181, 103050, 59339, 39256, 23272, 14297, 105987, 6317, 42339]"
110124,"[64250, 62609, 109407, 18452, 13963, 93614, 24948, 107629, 34033, 35552]"
110125,"[4669, 49853, 7693, 19074, 94793, 2138, 89848, 9344, 46290, 90385]"
110126,"[51194, 81661, 74423, 57592, 108467, 96713, 26874, 79104, 16655, 70614]"
110127,"[66058, 48292, 89304, 18067, 96113, 67487, 98978, 103213, 72932, 97601]"
110128,"[60269, 7933, 56, 28740, 5347, 31572, 933, 73846, 55585, 83119]"
110129,"[66412, 82253, 47535, 17165, 66298, 75776, 73647, 28349, 22273, 95134]"
110130,"[36503, 72022, 101350, 56852, 94694, 42200, 73323, 3005, 45890, 82292]"
110131,"[47951, 106343, 61669, 7827, 55528, 89192, 92655, 10294, 11195, 41082]"
110132,"[15817, 48815, 73066, 79407, 41376, 85822, 77670, 15076, 63075, 27432]"
110133,"[34954, 23915, 28026, 87648, 36409, 10418, 13662, 6678, 47253, 52245]"
110134,"[46487, 12015, 2574, 86129, 57344, 2155, 88323, 6937, 67514, 20177]"
110135,"[94185, 92883, 90447, 17208, 16195, 72968, 103782, 1629, 56762, 57527]"
110136,"[26589, 11754, 62602, 42090, 19488, 96584, 61780, 37486, 36363, 12761]"
110137,"[17715, 7792, 5455, 13626, 2409, 67752, 31733, 17003, 16578, 59623]"
110138,"[54914, 4818, 54027, 8213, 89060, 59533, 56208, 53369, 43196, 6586]"
110139,"[61808, 109045, 105616, 11098, 54727, 65696, 104207, 43472, 31563, 53449]"
110140,"[13790, 104565, 51025, 88557, 25803, 73442, 45286, 19196, 64653, 6838]"
110141,"[8071, 21515, 30884, 89930, 5719, 76990, 105270, 77649, 56926, 86569]"
110142,"[102384, 84860, 82292, 92714, 73801, 89303, 63771, 100993, 26037, 58332]"
110143,"[5311, 105262, 10565, 85965, 82898, 70341, 20238, 70716, 67200, 57753]"
110144,"[38552, 7515, 83973, 3230, 77858, 71206, 30963, 71093, 25464, 28118]"
110145,"[16434, 107362, 3929, 18500, 28733, 5118, 71307, 54576, 7073, 63435]"
110146,"[82624, 99808, 33567, 22736, 53423, 106139, 66172, 83230, 51254, 3934]"
110147,"[62766, 106412, 27512, 8825, 89222, 73343, 7350, 26935, 104834, 76365]"
110148,"[44948, 38190, 52530, 12698, 43158, 61251, 41412, 29511, 86849, 81000]"
110149,"[76579, 76428, 26815, 32601, 63532, 71509, 97675, 58631, 28198, 62286]"
110150,"[25717, 3141, 96658, 18412, 94594, 16086, 64990, 82954, 30722, 52232]"
110151,"[63929, 75056, 18850, 11174, 18476, 18067, 106421, 107468, 78962, 35278]"
110152,"[59447, 26320, 8175, 68787, 103500, 101552, 61014, 86771, 55462, 56692]"
110153,"[83139, 8525, 29828, 89929, 42790, 50986, 69038, 95707, 107776, 33648]"
110154,"[39731, 63921, 50696, 40040, 85195, 11799, 42792, 52608, 6976, 63037]"
110155,"[69412, 108810, 81264, 47677, 16620, 75505, 87334, 85278, 89655, 103099]"
110156,"[31977, 76000, 37045, 13196, 18468, 55069, 15154, 74070, 35836, 27730]"
110157,"[46588, 30207, 28571, 97355, 92509, 104065, 107046, 95881, 39533, 82241]"
110158,"[85008, 26119, 104866, 20770, 63810, 87385, 32889, 74432, 21660, 10766]"
110159,"[524, 107853, 47783, 56858, 29812, 53499, 75497, 88107, 96722, 40849]"
110160,"[93229, 61080, 1025, 49924, 94305, 14638, 24858, 3634, 106805, 34106]"
110161,"[34699, 39477, 98650, 96215, 57505, 59811, 77752, 101312, 58567, 70785]"
110162,"[45312, 101166, 6408, 106697, 75010, 98045, 106663, 68745, 13191, 34783]"
110163,"[29309, 54384, 34275, 46502, 17850, 44826, 26261, 30132, 55703, 101983]"
110164,"[94048, 29574, 48530, 14384, 34735, 49594, 22258, 60210, 45961, 31799]"
110165,"[36235, 108597, 27705, 95043, 108557, 107637, 13119, 1126, 85303, 93845]"
110166,"[20202, 12100, 30297, 72159, 12502, 78079, 24951, 92794, 6539, 42912]"
110167,"[106933, 34543, 9290, 11776, 74519, 9468, 2022, 62581, 47552, 85411]"
110168,"[60233, 62291, 45814, 94517, 91685, 33842, 15039, 96084, 3804, 102136]"
110169,"[99246, 17586, 27916, 34526, 1216, 76621, 80967, 66655, 107856, 9238]"
110170,"[57835, 16859, 3349, 21649, 15084, 97266, 42386, 9269, 89332, 43076]"
110171,"[105912, 100411, 79708, 84598, 33927, 22701, 100405, 4407, 105012, 90813]"
110172,"[42236, 108073, 99429, 31940, 29382, 92952, 59040, 6933, 82652, 70491]"
110173,"[76313, 53897, 17252, 3798, 32048, 76961, 98579, 52053, 109504, 87426]"
110174,"[50772, 21499, 103100, 25574, 94826, 73347, 62353, 47980, 54031, 84037]"
110175,"[40350, 40590, 56940, 38160, 29371, 41220, 77390, 81153, 69321, 32953]"
110176,"[5564, 98052, 33158, 17544, 25955, 76672, 38637, 101339, 84787, 109313]"
110177,"[14809, 105615, 52699, 22770, 28599, 79189, 47339, 108329, 57669, 49198]"
110178,"[17895, 92908, 5480, 92529, 32173, 93183, 30637, 59992, 20225, 8368]"
110179,"[60289, 51570, 63310, 104153, 72440, 37141, 36232, 66528, 67530, 23518]"
110180,"[62260, 25981, 45593, 58046, 32941, 61533, 78740, 60396, 34326, 107033]"
110181,"[27293, 57630, 107346, 35724, 108874, 85267, 11490, 16652, 45694, 401]"
110182,"[64174, 46047, 102414, 39379, 4702, 52641, 28773, 102816, 14286, 87028]"
110183,"[103112, 25968, 41884, 61992, 72415, 100933, 17752, 46306, 88226, 102440]"
110184,"[51376, 26371, 20744, 20000, 4810, 66555, 99522, 11145, 16089, 7886]"
110185,"[31944, 17601, 2011, 63463, 19574, 85778, 90947, 52035, 50519, 34239]"
110186,"[47241, 73592, 92457, 37474, 84784, 78285, 24858, 34106, 54734, 42118]"
110187,"[9211, 35537, 7918, 102877, 77120, 102740, 93575, 97162, 61523, 68023]"
110188,"[78066, 96295, 38874, 1531, 24844, 50010, 48115, 9901, 87991, 53036]"
110189,"[25908, 63116, 104491, 76636, 28423, 98671, 68020, 19352, 55177, 55751]"
110190,"[67768, 37617, 77688, 21324, 53790, 13347, 81438, 67465, 91147, 4304]"
110191,"[24407, 4177, 62819, 18525, 92640, 73269, 73221, 7884, 94708, 2452]"
110192,"[4161, 65632, 47537, 49146, 3827, 36009, 29147, 55658, 43529, 19960]"
110193,"[53451, 74674, 63390, 11675, 16879, 29788, 55850, 96499, 95945, 55961]"
110194,"[24902, 28995, 2347, 22760, 27182, 7938, 20700, 61721, 66072, 83506]"
110195,"[94755, 102276, 7729, 45812, 63482, 98286, 55272, 2882, 76760, 57030]"
110196,"[101803, 74686, 95680, 20477, 86546, 10490, 6138, 88598, 6576, 64735]"
110197,"[53316, 82535, 81468, 62601, 70549, 109439, 82905, 24276, 97444, 86906]"
110198,"[30125, 76317, 461, 23574, 107540, 6040, 71914, 9488, 43411, 79074]"
110199,"[45084, 71349, 68693, 102996, 44574, 47045, 106316, 97409, 45235, 11440]"
110200,"[94777, 16595, 100562, 109244, 26035, 109354, 35503, 32553, 91954, 13438]"
110201,"[69696, 39354, 99618, 69490, 59636, 53283, 106169, 65543, 51162, 104863]"
110202,"[43057, 70840, 78388, 52492, 38478, 6231, 56738, 104753, 39138, 57127]"
110203,"[9244, 69663, 35352, 8373, 36321, 57170, 38733, 10180, 7584, 100086]"
110204,"[103533, 46721, 2165, 65536, 88647, 106470, 68449, 23782, 4436, 3038]"
110205,"[100716, 107935, 308, 86164, 78372, 64034, 48311, 39322, 4843, 89516]"
110206,"[47486, 79368, 69689, 65302, 97549, 94761, 98561, 46775, 12211, 83080]"
110207,"[89232, 72502, 92742, 64714, 63767, 51346, 30206, 74400, 86894, 89927]"
110208,"[24060, 90155, 51371, 49750, 109260, 55115, 57039, 22609, 77140, 79972]"
110209,"[50150, 58972, 86446, 69605, 23514, 1722, 61149, 85393, 21898, 25769]"
110210,"[7682, 24548, 34027, 98293, 19635, 28378, 92191, 43941, 9186, 84019]"
110211,"[24582, 61282, 103137, 71472, 102330, 99090, 104910, 73380, 108426, 95441]"
110212,"[12341, 69416, 57316, 14164, 94019, 11574, 61471, 34863, 84216, 2231]"
110213,"[35768, 47198, 3304, 87883, 108652, 76565, 36843, 38706, 66764, 104129]"
110214,"[26899, 26429, 60252, 13030, 90673, 8499, 16644, 19683, 81208, 70842]"
110215,"[42855, 57610, 17605, 88705, 7932, 11789, 94830, 16653, 44885, 88879]"
110216,"[76735, 28136, 9907, 102194, 20064, 5086, 74280, 62730, 104137, 66491]"
110217,"[81447, 100332, 2557, 72021, 226, 275, 47855, 56305, 57689, 97762]"
110218,"[86717, 92912, 81645, 38760, 73105, 80701, 31917, 90668, 72936, 85325]"
110219,"[93812, 32265, 29986, 73106, 28624, 12640, 90508, 56844, 77138, 3056]"
110220,"[15949, 3376, 74699, 53827, 19743, 11011, 80000, 45143, 8425, 31106]"
110221,"[49744, 36975, 104251, 58096, 109189, 26066, 105032, 109194, 8739, 13080]"
110222,"[74564, 66981, 42040, 24819, 95810, 76304, 31779, 92558, 108824, 74806]"
110223,"[65214, 80711, 54406, 89980, 31526, 26366, 6792, 79642, 49491, 12464]"
110224,"[30201, 14896, 52338, 46274, 5375, 105107, 83665, 70561, 101315, 2228]"
110225,"[41367, 109459, 42719, 98426, 5997, 77934, 41708, 76810, 12014, 62869]"
110226,"[2849, 45079, 84879, 16660, 61410, 89371, 14316, 74822, 53596, 59177]"
110227,"[87650, 56472, 13010, 9208, 66556, 7591, 98612, 7629, 12193, 35922]"
110228,"[61871, 55802, 32262, 21917, 98525, 17244, 55042, 39548, 98780, 59647]"
110229,"[88315, 4579, 60888, 44326, 52912, 78051, 59041, 76837, 99965, 63735]"
110230,"[86908, 109706, 9015, 35292, 30009, 105656, 89221, 6017, 65155, 97626]"
110231,"[97703, 26690, 15210, 57396, 97737, 82003, 80037, 3631, 73973, 69973]"
110232,"[695, 12445, 98289, 90188, 6179, 3427, 83463, 64409, 69184, 18068]"
110233,"[45345, 102123, 8360, 81368, 22118, 53855, 58038, 70620, 30891, 14095]"
110234,"[52688, 103586, 43220, 14258, 76503, 39337, 68305, 58391, 96614, 105741]"
110235,"[56598, 81126, 12111, 8934, 9783, 37888, 42491, 91635, 73390, 53027]"
110236,"[40968, 19999, 56926, 37187, 79442, 5719, 4566, 8071, 98733, 36616]"
110237,"[79130, 22263, 47099, 36796, 40559, 42793, 96636, 11341, 63310, 63762]"
110238,"[25659, 16299, 39881, 34595, 42950, 6280, 78172, 58384, 71546, 41963]"
110239,"[108544, 39166, 31723, 65547, 92178, 3468, 37441, 95607, 88696, 33660]"
110240,"[107795, 107749, 86874, 81329, 86277, 36149, 46040, 61129, 50146, 50395]"
110241,"[33541, 13908, 84009, 14554, 87935, 13048, 13367, 39478, 3188, 91160]"
110242,"[85832, 101617, 11560, 41781, 7184, 21572, 8281, 57912, 20452, 73579]"
110243,"[13228, 24316, 21345, 97318, 38277, 65121, 100202, 106486, 27802, 31963]"
110244,"[3195, 104023, 81820, 101291, 106157, 82334, 107261, 22207, 107170, 45513]"
110245,"[82804, 75281, 70546, 43531, 44831, 32623, 109433, 23032, 68590, 50477]"
110246,"[90647, 100789, 57389, 67952, 41999, 20481, 96475, 90139, 73484, 53727]"
110247,"[62841, 40746, 58479, 108971, 54564, 8422, 67283, 93231, 37398, 47925]"
110248,"[53869, 98085, 50469, 39686, 81438, 9757, 60742, 36739, 105993, 40929]"
110249,"[40792, 100964, 20193, 24672, 103931, 76802, 45808, 49816, 72166, 59874]"
110250,"[2456, 64059, 30710, 17070, 104100, 79537, 26159, 23413, 82554, 90880]"
110251,"[102958, 74443, 57546, 85913, 34675, 56176, 58704, 92484, 30550, 46983]"
110252,"[48312, 76297, 23426, 100462, 28768, 45739, 93608, 92929, 83510, 27291]"
110253,"[46934, 80132, 23018, 85544, 73953, 9436, 65819, 25582, 70960, 22295]"
110254,"[40948, 61416, 100102, 27052, 101264, 25835, 10324, 33398, 34201, 4938]"
110255,"[83723, 101804, 61546, 91114, 60614, 48524, 27303, 42398, 48873, 22196]"
110256,"[94960, 42650, 73600, 62795, 107910, 72621, 88687, 8670, 65535, 61353]"
110257,"[77749, 83204, 78159, 58449, 97009, 86032, 41938, 109533, 1878, 61976]"
110258,"[37145, 16514, 65243, 21857, 98816, 31523, 59553, 42903, 56030, 61592]"
110259,"[11074, 48380, 54888, 49116, 70070, 6934, 1480, 79515, 56679, 27103]"
110260,"[94048, 95436, 34735, 22258, 60210, 45961, 31799, 49594, 83909, 68866]"
110261,"[81337, 26943, 19909, 17462, 26100, 69306, 99825, 34248, 1267, 18611]"
110262,"[46245, 5892, 16393, 7738, 48970, 93605, 79097, 68973, 97393, 87188]"
110263,"[48569, 40705, 91179, 76559, 102724, 89255, 15663, 40436, 38380, 12688]"
110264,"[107311, 32854, 2527, 50899, 31638, 43624, 50065, 41051, 346, 79038]"
110265,"[75895, 44942, 66794, 37162, 55816, 67855, 6511, 71510, 67736, 345]"
110266,"[42293, 90913, 6977, 97107, 55577, 91953, 3156, 95727, 62449, 83710]"
110267,"[66575, 36967, 69505, 105958, 77583, 92990, 81488, 17584, 74263, 12012]"
110268,"[77290, 2084, 44107, 10423, 100115, 15275, 71327, 63464, 54113, 18461]"
110269,"[87848, 86022, 13722, 64025, 90396, 2658, 99757, 14084, 37977, 51659]"
110270,"[49586, 50313, 58965, 19046, 101647, 6071, 40152, 74123, 86948, 42180]"
110271,"[73675, 23797, 76792, 10169, 84468, 29236, 22629, 48928, 33798, 70107]"
110272,"[52794, 28732, 15938, 77718, 28608, 20810, 104017, 104196, 69881, 79420]"
110273,"[62225, 24711, 24897, 6774, 50083, 13567, 70029, 95724, 16928, 39350]"
110274,"[21172, 9236, 62021, 98975, 85946, 98139, 10029, 41005, 87891, 66070]"
110275,"[45288, 50882, 82971, 81827, 41922, 30735, 42502, 6461, 93905, 4729]"
110276,"[95153, 6766, 48459, 45954, 4860, 31538, 16363, 37113, 7915, 15114]"
110277,"[35233, 23499, 74498, 33724, 71752, 93454, 74366, 101757, 34080, 109616]"
110278,"[15062, 100244, 58889, 30060, 69880, 105186, 85595, 50708, 73842, 18030]"
110279,"[105986, 21402, 55506, 60613, 85291, 14189, 36958, 102094, 48676, 8858]"
110280,"[64432, 62323, 34155, 46132, 70932, 70894, 59573, 108419, 85228, 65004]"
110281,"[41471, 98316, 107476, 52873, 6310, 30105, 15266, 94913, 91392, 71112]"
110282,"[88042, 35950, 39373, 69232, 85671, 38151, 43857, 86735, 84167, 34358]"
110283,"[11971, 46253, 39833, 91997, 46414, 76160, 71839, 109065, 84346, 72960]"
110284,"[86449, 37878, 44347, 39674, 4646, 25502, 81691, 25248, 21528, 20717]"
110285,"[77918, 29226, 74418, 45046, 50374, 21516, 74404, 83310, 49709, 59549]"
110286,"[65224, 55600, 41157, 69868, 107562, 85839, 101857, 12723, 65971, 104073]"
110287,"[26390, 42092, 11907, 50605, 52189, 76783, 62229, 82923, 95586, 54921]"
110288,"[7014, 80993, 8630, 48950, 99933, 105422, 1473, 14399, 61824, 74977]"
110289,"[17632, 1956, 94965, 26873, 27415, 69671, 65056, 86186, 73169, 63385]"
110290,"[60982, 63970, 10864, 68419, 76306, 60191, 65743, 13025, 48107, 68706]"
110291,"[88107, 75497, 96722, 103746, 102832, 67618, 40849, 53499, 78437, 104375]"
110292,"[81106, 8776, 40821, 83135, 16679, 66658, 83402, 85848, 7662, 88160]"
110293,"[91585, 35408, 68720, 77126, 34325, 54280, 8649, 105402, 33068, 37689]"
110294,"[11595, 79792, 55773, 85843, 91552, 50447, 100539, 33603, 72020, 8893]"
110295,"[30579, 55411, 87729, 94849, 86718, 56838, 105732, 32977, 104758, 63408]"
110296,"[66363, 73053, 83071, 1209, 83034, 31630, 62534, 71411, 6761, 73126]"
110297,"[83713, 46712, 32044, 64317, 12422, 93309, 11885, 8275, 34338, 81551]"
110298,"[85584, 105420, 61577, 93421, 24359, 33048, 93067, 22872, 39601, 25102]"
110299,"[14342, 103936, 106825, 81237, 6078, 47665, 15756, 55719, 43695, 13487]"
110300,"[65972, 33831, 16880, 41350, 75805, 67189, 105688, 74456, 65088, 61688]"
110301,"[90338, 79727, 94348, 91489, 106537, 38499, 51245, 57681, 56358, 62253]"
110302,"[47823, 21357, 74866, 61317, 102710, 54862, 40561, 86599, 102016, 63036]"
110303,"[21606, 108300, 75599, 33381, 62393, 68590, 88005, 97, 8446, 86642]"
110304,"[7987, 55265, 89704, 83666, 13691, 69197, 64842, 12490, 74367, 16037]"
110305,"[11456, 65088, 95241, 20475, 6453, 61592, 31523, 42903, 57510, 30265]"
110306,"[78739, 78178, 70569, 67508, 5783, 100563, 56132, 21011, 86472, 7143]"
110307,"[88835, 7500, 56151, 76045, 57971, 75114, 24749, 51501, 18639, 32282]"
110308,"[91986, 55062, 57260, 88960, 95118, 66157, 71294, 57590, 92847, 48349]"
110309,"[40104, 29768, 46619, 109142, 19006, 92726, 12529, 79625, 6999, 57754]"
110310,"[66094, 56140, 5712, 16161, 107084, 36395, 59897, 31206, 32290, 68069]"
110311,"[54113, 65763, 13641, 108789, 65962, 12537, 18461, 63464, 58308, 70996]"
110312,"[49728, 103049, 65160, 105300, 86448, 43975, 33892, 65945, 59291, 88766]"
110313,"[8451, 18791, 39959, 98802, 66074, 65148, 92987, 82431, 4547, 79825]"
110314,"[3138, 91171, 86961, 20416, 9186, 84019, 18419, 99536, 52952, 13892]"
110315,"[43068, 64498, 43042, 45042, 106659, 43557, 35363, 37868, 44719, 9868]"
110316,"[29224, 90799, 84788, 92465, 87523, 85574, 54232, 63107, 53624, 80632]"
110317,"[81830, 42874, 62555, 48623, 45918, 8188, 48107, 14931, 90515, 80940]"
110318,"[51059, 53439, 21268, 3025, 5006, 53663, 106208, 81463, 100670, 16682]"
110319,"[22369, 109032, 62588, 56057, 38317, 44352, 21200, 67479, 62565, 74393]"
110320,"[9612, 61673, 10054, 97203, 83700, 44284, 90464, 49682, 57283, 45146]"
110321,"[59419, 42658, 49933, 70523, 20079, 74215, 28064, 45919, 80703, 11066]"
110322,"[15021, 58082, 107701, 103998, 29295, 95118, 70983, 75875, 24894, 29149]"
110323,"[100587, 41890, 79830, 20809, 38781, 80088, 104652, 84800, 27324, 4851]"
110324,"[33355, 20007, 47465, 17126, 107590, 77101, 9222, 106194, 869, 89335]"
110325,"[36142, 108559, 13327, 92501, 91752, 46707, 49779, 11173, 65357, 95149]"
110326,"[54771, 56945, 60015, 91057, 103022, 52769, 75793, 75564, 54822, 15410]"
110327,"[90346, 39208, 36317, 35568, 19348, 54088, 2660, 41071, 104266, 22246]"
110328,"[101485, 74371, 88115, 76258, 70279, 91305, 10775, 8751, 68788, 17763]"
110329,"[19567, 86705, 89083, 103691, 46741, 25970, 59522, 9563, 26075, 18381]"
110330,"[102382, 45598, 73838, 57566, 66818, 75154, 83233, 7222, 2319, 14622]"
110331,"[35730, 37407, 11503, 11243, 86468, 3942, 84426, 92653, 45025, 3617]"
110332,"[723, 54928, 6681, 100375, 44875, 10634, 78548, 25684, 85019, 83291]"
110333,"[91794, 65310, 88685, 77962, 79740, 49726, 48921, 25840, 108527, 95438]"
110334,"[72791, 7680, 99447, 4432, 64397, 18998, 21139, 18671, 10307, 90409]"
110335,"[108117, 31239, 44278, 15803, 14436, 74988, 98701, 10237, 224, 98770]"
110336,"[71043, 87535, 12541, 10599, 31521, 86846, 65170, 84278, 73098, 101863]"
110337,"[63185, 24185, 42936, 25514, 76179, 28311, 30789, 75086, 57209, 51860]"
110338,"[75706, 109534, 185, 105533, 38993, 66279, 88071, 109449, 29910, 61614]"
110339,"[67626, 94920, 16062, 83477, 43530, 83658, 35061, 70031, 9989, 105490]"
110340,"[83838, 48780, 6128, 53151, 75098, 89472, 40424, 33528, 91901, 85541]"
110341,"[63344, 75324, 12334, 66052, 62331, 37884, 45901, 99364, 23409, 39921]"
110342,"[78573, 19078, 70171, 19329, 980, 75316, 54697, 45848, 34433, 41027]"
110343,"[67752, 40067, 78170, 82707, 82954, 64990, 66683, 41197, 52254, 41571]"
110344,"[44818, 91431, 18556, 108857, 5013, 99217, 47324, 44256, 63340, 53868]"
110345,"[66163, 67444, 30807, 59438, 103, 24196, 36990, 49143, 83489, 9100]"
110346,"[1073, 67108, 8833, 52248, 67854, 58781, 15113, 101311, 89462, 69401]"
110347,"[67557, 1261, 59209, 67464, 33885, 20404, 49273, 33364, 11136, 53859]"
110348,"[89300, 80050, 93631, 48025, 79499, 83025, 37588, 100648, 13108, 104325]"
110349,"[93642, 42167, 448, 20555, 5969, 100346, 365, 12556, 85702, 107411]"
110350,"[76477, 76608, 79222, 13202, 83835, 79249, 51487, 58515, 77974, 72608]"
110351,"[35384, 108641, 72548, 53900, 59901, 67026, 96697, 86764, 97079, 106006]"
110352,"[3335, 94158, 25025, 44728, 100876, 72849, 91957, 87931, 82010, 25736]"
110353,"[99748, 84777, 69648, 19024, 50505, 28351, 1064, 67548, 8761, 8571]"
110354,"[28795, 95257, 102825, 96890, 67465, 92051, 32903, 53503, 78769, 61404]"
110355,"[76370, 93522, 53995, 98312, 30352, 56740, 59555, 35911, 100940, 72062]"
110356,"[33377, 59848, 36926, 80877, 14659, 81388, 107177, 22740, 62296, 64313]"
110357,"[86831, 100955, 8869, 57943, 36682, 58957, 99532, 53655, 99913, 47010]"
110358,"[68824, 80314, 70533, 50891, 54678, 83473, 67630, 52129, 33595, 24848]"
110359,"[3007, 64240, 102929, 52293, 12441, 73196, 95597, 64471, 33437, 30327]"
110360,"[95909, 20519, 98566, 101059, 5768, 92558, 91420, 29361, 28103, 97373]"
110361,"[23708, 32619, 61674, 52250, 33884, 80112, 61684, 101711, 86242, 98493]"
110362,"[94273, 106498, 7031, 77647, 43947, 30350, 81507, 47079, 90726, 58393]"
110363,"[17035, 99030, 2533, 31485, 88093, 45275, 34649, 84688, 49239, 97070]"
110364,"[11445, 91861, 52064, 63667, 57416, 30275, 64866, 25937, 94411, 17781]"
110365,"[70947, 96480, 76546, 91310, 88595, 6779, 73258, 88319, 66604, 30998]"
110366,"[85337, 106917, 109525, 60938, 61695, 70297, 68655, 11297, 91151, 81544]"
110367,"[84839, 15447, 69022, 87640, 81874, 97817, 59357, 190, 79859, 38293]"
110368,"[98006, 9761, 97389, 44226, 42957, 70953, 108124, 88871, 100074, 66808]"
110369,"[25015, 20729, 65402, 78700, 61210, 51466, 80910, 90532, 75059, 60760]"
110370,"[9957, 103171, 83283, 65782, 106555, 92601, 30907, 78267, 77082, 69983]"
110371,"[39682, 68466, 34398, 77051, 97125, 31565, 9835, 97377, 17251, 35652]"
110372,"[50238, 32420, 106553, 17152, 57644, 89634, 34344, 38077, 76809, 37652]"
110373,"[77777, 52269, 60158, 91316, 93703, 97482, 37178, 20835, 103288, 12072]"
110374,"[50709, 83714, 19256, 12274, 77528, 93726, 20022, 56524, 78407, 54806]"
110375,"[36467, 107798, 103597, 76951, 80310, 7618, 36367, 94699, 20342, 94203]"
110376,"[59399, 13333, 7324, 85705, 67317, 93660, 105257, 27084, 9220, 101146]"
110377,"[49532, 38339, 44481, 53104, 4991, 90897, 9875, 7722, 87003, 57744]"
110378,"[58614, 206, 74390, 58164, 3829, 85829, 76267, 3532, 69485, 79431]"
110379,"[7264, 3553, 48686, 75750, 71972, 62942, 45867, 3426, 66733, 23246]"
110380,"[99644, 8361, 21188, 92549, 82805, 87413, 2873, 74942, 14467, 72879]"
110381,"[6297, 67593, 37989, 29615, 34308, 10650, 54048, 52068, 95572, 102715]"
110382,"[109748, 14873, 102271, 78931, 47882, 95148, 69894, 50957, 66933, 104622]"
110383,"[12719, 79626, 104187, 3426, 66733, 56051, 48686, 30306, 66272, 32620]"
110384,"[73474, 89529, 18859, 8622, 59442, 94610, 99735, 53278, 46626, 46751]"
110385,"[54712, 45156, 29264, 93085, 53144, 49353, 103077, 56665, 28024, 100671]"
110386,"[78032, 97749, 27414, 34807, 33651, 104282, 31351, 80618, 45707, 79782]"
110387,"[56844, 48124, 79682, 84457, 28377, 59942, 37622, 8785, 92680, 48478]"
110388,"[27350, 102268, 95810, 29361, 28103, 97373, 6135, 65462, 43751, 81727]"
110389,"[74754, 81135, 6336, 92649, 78358, 79970, 83203, 94703, 38713, 18475]"
110390,"[109707, 7723, 44275, 106376, 59679, 5241, 26857, 83544, 3588, 46592]"
110391,"[40497, 15552, 19740, 85141, 91279, 67476, 57425, 86220, 91183, 89691]"
110392,"[61088, 59251, 61238, 106039, 78777, 50343, 25355, 64839, 731, 77619]"
110393,"[33989, 16937, 59293, 49462, 97935, 29185, 11176, 22825, 67115, 91076]"
110394,"[10743, 59268, 90764, 21984, 84708, 29452, 50142, 40428, 2839, 40729]"
110395,"[54188, 70472, 13465, 61273, 32373, 15415, 88326, 90815, 79079, 76369]"
110396,"[70859, 74670, 51501, 22532, 16359, 20173, 82226, 43942, 61101, 93336]"
110397,"[25700, 18881, 104901, 60531, 82316, 68965, 35659, 104048, 79383, 27361]"
110398,"[7659, 38908, 71277, 422, 44692, 84843, 41047, 24460, 13134, 37665]"
110399,"[57622, 96166, 41906, 87670, 26771, 63356, 9346, 76439, 28154, 14076]"
110400,"[34338, 84443, 78339, 70818, 100431, 68224, 40050, 7645, 58220, 77707]"
110401,"[97983, 70350, 34719, 40195, 5692, 60246, 97558, 84226, 47918, 71776]"
110402,"[70835, 107055, 38083, 103637, 24861, 29774, 40518, 106029, 97193, 46548]"
110403,"[102041, 35545, 68014, 74888, 24735, 26588, 76630, 25435, 70673, 102690]"
110404,"[30456, 71699, 92712, 91335, 98433, 34077, 75202, 106439, 67325, 74652]"
110405,"[81216, 38989, 52399, 100941, 93972, 84027, 3163, 75444, 35856, 66709]"
110406,"[94147, 53587, 60847, 99089, 7948, 80376, 74782, 94218, 56899, 75270]"
110407,"[66621, 87448, 43678, 79028, 65326, 98943, 57551, 50996, 39389, 105646]"
110408,"[13782, 100358, 38376, 55453, 78694, 41927, 33753, 50787, 39933, 42640]"
110409,"[10772, 48529, 60374, 92232, 14450, 35364, 76148, 22715, 14500, 77262]"
110410,"[23528, 81515, 97961, 20747, 29135, 39798, 29396, 2649, 99729, 105640]"
110411,"[95084, 30779, 74712, 86600, 65624, 91193, 95098, 94580, 34230, 10951]"
110412,"[42612, 62391, 88964, 46045, 44798, 9207, 68629, 22722, 54173, 80542]"
110413,"[8446, 61199, 30360, 68754, 40536, 74557, 86439, 80303, 23680, 20583]"
110414,"[35276, 38431, 41924, 2545, 23179, 95050, 29062, 67253, 61810, 6341]"
110415,"[79167, 95145, 30091, 79639, 46488, 68108, 98990, 99386, 76445, 84280]"
110416,"[84277, 52830, 8828, 9259, 79560, 104935, 16650, 20525, 709, 2629]"
110417,"[78828, 61715, 67692, 99390, 35915, 46713, 86880, 29145, 82667, 33709]"
110418,"[37386, 51154, 33023, 68545, 105557, 87891, 5315, 59643, 66532, 5039]"
110419,"[12431, 155, 58296, 64305, 47864, 62422, 65031, 10445, 44028, 12809]"
110420,"[108860, 43425, 34072, 34341, 37542, 27654, 14709, 12235, 55696, 6401]"
110421,"[78652, 26183, 106729, 81629, 70575, 7749, 53952, 36962, 79603, 15422]"
110422,"[46375, 93710, 87299, 4012, 47162, 89468, 75894, 84608, 42497, 107805]"
110423,"[43155, 37636, 94575, 5232, 19790, 1713, 55976, 99846, 19668, 74612]"
110424,"[61298, 79007, 88896, 73026, 87797, 24923, 61216, 27618, 58783, 32543]"
110425,"[65071, 29660, 20257, 70927, 59651, 102811, 47718, 74616, 40061, 29955]"
110426,"[57598, 90420, 61193, 84766, 30062, 3054, 39730, 45321, 3150, 6173]"
110427,"[46600, 54328, 64706, 98717, 11873, 37552, 86058, 102156, 61650, 98175]"
110428,"[63437, 8793, 65423, 64646, 104072, 35449, 44106, 92266, 89675, 95837]"
110429,"[68019, 90279, 108627, 24307, 82450, 12438, 67331, 58344, 47036, 45362]"
110430,"[43737, 9437, 40356, 68806, 97453, 67636, 84808, 8351, 15980, 55397]"
110431,"[98506, 59100, 80892, 1128, 85006, 90602, 9505, 27265, 41478, 32142]"
110432,"[19817, 45692, 70398, 18238, 40830, 24082, 80203, 38770, 5233, 66288]"
110433,"[37389, 76539, 47013, 48697, 74327, 83082, 8557, 58394, 105589, 103260]"
110434,"[74348, 8025, 108029, 51442, 83449, 4425, 63973, 13891, 64917, 90757]"
110435,"[27028, 105571, 104971, 42489, 77616, 42896, 89212, 22370, 12775, 60874]"
110436,"[15610, 51836, 59538, 77913, 73295, 92421, 39670, 26662, 70958, 16341]"
110437,"[42190, 26426, 80074, 76879, 48116, 2415, 90911, 48688, 27850, 11130]"
110438,"[35098, 52813, 103439, 50914, 98691, 60590, 55835, 52322, 69035, 67430]"
110439,"[9494, 8546, 39030, 103044, 52418, 32757, 5623, 8300, 93966, 2926]"
110440,"[18326, 22222, 53833, 40192, 32815, 93360, 32329, 10250, 45510, 86099]"
110441,"[97128, 105460, 11996, 35547, 99248, 99300, 88587, 5426, 31107, 50471]"
110442,"[89688, 27164, 44007, 90202, 97380, 97418, 97823, 17855, 3043, 88559]"
110443,"[51118, 35906, 103705, 13056, 72481, 72035, 61290, 85104, 108425, 38635]"
110444,"[43765, 77509, 59045, 74274, 49886, 80334, 46525, 100117, 42376, 94452]"
110445,"[65257, 82832, 96284, 109249, 72549, 22399, 39252, 76272, 28515, 4658]"
110446,"[582, 104765, 102282, 14978, 106928, 77680, 35299, 101284, 91138, 70057]"
110447,"[46222, 73217, 1235, 76213, 78835, 92762, 76272, 45365, 100366, 48168]"
110448,"[11294, 83887, 12596, 106585, 15855, 93901, 69849, 81321, 73507, 29567]"
110449,"[64853, 108852, 108100, 246, 92516, 46162, 82844, 912, 50059, 27462]"
110450,"[106220, 92975, 29276, 51367, 92149, 72637, 64298, 29966, 22907, 90010]"
110451,"[27374, 55747, 7578, 100068, 90352, 55480, 42322, 26730, 62993, 89226]"
110452,"[78341, 76468, 72739, 14637, 83251, 42480, 106899, 72485, 6127, 61351]"
110453,"[59651, 84235, 27116, 13349, 37054, 95671, 22341, 84686, 68998, 105356]"
110454,"[38441, 65229, 90662, 28781, 88098, 54000, 42650, 94960, 12370, 59062]"
110455,"[42216, 47303, 2677, 86260, 63950, 18536, 90700, 103430, 67754, 44189]"
110456,"[4140, 45945, 41751, 87116, 24167, 18711, 5503, 4266, 67376, 73617]"
110457,"[87911, 77489, 48265, 106040, 76356, 40007, 52959, 98239, 50194, 79318]"
110458,"[103811, 72043, 65439, 96923, 18169, 10882, 35666, 103431, 88923, 1705]"
110459,"[21624, 7447, 727, 57736, 45445, 60919, 107409, 66466, 67876, 80907]"
110460,"[7761, 16057, 99197, 48535, 18157, 4546, 50870, 12303, 16647, 91144]"
110461,"[109391, 6060, 20514, 9392, 48302, 23890, 7188, 62771, 44171, 12143]"
110462,"[45997, 4653, 28697, 66372, 53408, 135, 63965, 84118, 24929, 319]"
110463,"[33820, 59753, 91772, 41627, 7772, 98867, 18400, 98654, 45834, 3883]"
110464,"[78084, 61945, 75047, 85594, 26262, 1232, 2584, 822, 94000, 77884]"
110465,"[17339, 17065, 55217, 7908, 67642, 2757, 20531, 79505, 108590, 37800]"
110466,"[82048, 81935, 59221, 29349, 17929, 45133, 13856, 5246, 91735, 18164]"
110467,"[43125, 47442, 100432, 8002, 85033, 83216, 100526, 19620, 53930, 96208]"
110468,"[52054, 18026, 79907, 21350, 73817, 89135, 102256, 17396, 53426, 67306]"
110469,"[102123, 45345, 8360, 22118, 81368, 53855, 70620, 58038, 30891, 14095]"
110470,"[83523, 45376, 42688, 39036, 109198, 50843, 88210, 7181, 100466, 47888]"
110471,"[63024, 41469, 33116, 36257, 22303, 66951, 17723, 58465, 37109, 46618]"
110472,"[44946, 47417, 14734, 76624, 2843, 64713, 71572, 6951, 67015, 17901]"
110473,"[77397, 37009, 43352, 26178, 88208, 87270, 32774, 66195, 25716, 26226]"
110474,"[79546, 88555, 106993, 93097, 24605, 69013, 4008, 44310, 66395, 100134]"
110475,"[5686, 42888, 65812, 108265, 2283, 10389, 26651, 428, 95669, 57452]"
110476,"[8947, 23329, 8207, 47385, 68157, 105501, 31930, 97823, 76971, 61252]"
110477,"[95754, 51661, 75590, 5999, 83026, 10074, 81375, 90827, 75165, 76648]"
110478,"[42499, 24124, 100140, 30285, 64792, 33055, 74582, 4505, 25066, 41962]"
110479,"[46880, 35429, 15876, 79620, 41207, 84591, 95057, 93970, 68028, 79666]"
110480,"[1817, 34960, 46244, 98576, 43437, 5957, 99070, 15069, 64450, 40771]"
110481,"[28189, 36766, 26907, 95397, 96730, 44183, 35374, 13436, 91399, 65810]"
110482,"[73294, 6005, 69225, 12973, 49523, 85768, 14955, 26384, 39145, 54911]"
110483,"[59119, 94759, 88443, 101379, 4009, 60822, 4626, 34884, 104899, 62008]"
110484,"[23221, 17912, 67193, 13416, 26073, 20822, 10927, 21117, 17767, 8488]"
110485,"[36561, 78064, 100312, 99475, 93939, 29930, 46374, 28958, 17694, 68494]"
110486,"[69500, 78262, 66096, 93139, 10218, 3634, 35556, 14638, 93229, 59599]"
110487,"[60382, 79962, 81597, 56183, 58595, 47192, 95594, 96207, 100713, 13379]"
110488,"[4101, 43883, 70652, 23034, 33888, 55143, 26587, 81681, 74134, 49511]"
110489,"[74742, 70805, 65475, 34577, 77856, 9264, 57076, 73932, 60031, 49039]"
110490,"[105576, 72801, 77004, 98929, 60865, 16853, 51926, 46861, 70388, 108843]"
110491,"[94777, 109244, 16595, 100562, 109354, 8807, 13438, 32553, 26035, 91954]"
110492,"[46093, 1353, 85733, 21358, 33746, 78172, 69026, 29291, 105613, 34595]"
110493,"[66542, 20897, 60891, 29661, 38428, 78896, 16243, 106818, 65567, 55396]"
110494,"[78024, 100039, 13978, 55058, 13840, 23433, 85015, 36419, 15205, 30064]"
110495,"[89071, 101489, 103506, 108493, 44676, 66431, 64571, 7253, 50974, 49264]"
110496,"[40181, 108340, 67187, 87192, 83902, 105831, 88259, 67689, 86731, 23059]"
110497,"[75218, 87064, 38176, 77423, 52640, 65285, 24044, 73731, 21053, 67736]"
110498,"[35820, 32395, 101040, 13672, 109340, 49130, 81732, 30745, 79192, 897]"
110499,"[44589, 95149, 49340, 4948, 79235, 23045, 90604, 64745, 76436, 37470]"
110500,"[46814, 46542, 79865, 104022, 61171, 65023, 27409, 103242, 101186, 60362]"
110501,"[8614, 148, 86621, 61930, 99108, 5305, 49335, 78126, 12382, 85698]"
110502,"[4174, 48131, 71991, 42566, 49033, 26716, 92719, 72331, 100674, 67222]"
110503,"[30707, 1295, 108678, 50156, 70129, 31856, 59570, 76539, 47013, 58394]"
110504,"[82521, 28538, 2389, 95629, 19843, 63129, 53243, 50349, 72517, 59937]"
110505,"[62951, 66451, 72303, 9004, 79468, 35056, 63583, 73666, 16773, 8387]"
110506,"[58969, 80164, 29572, 99095, 34665, 16015, 39767, 18000, 3014, 91835]"
110507,"[98859, 21585, 40066, 35434, 11024, 45303, 22260, 88445, 16796, 14938]"
110508,"[81569, 6373, 22428, 16142, 11380, 41426, 43584, 19684, 92747, 78231]"
110509,"[78837, 22667, 72389, 52230, 48328, 34740, 43056, 43761, 10101, 53138]"
110510,"[31777, 31073, 37295, 20965, 44591, 54629, 35682, 61003, 12891, 100850]"
110511,"[51401, 16284, 99979, 12518, 26060, 18448, 100470, 68841, 92547, 107930]"
110512,"[99759, 13127, 96915, 47230, 7339, 86314, 106051, 95625, 43692, 57226]"
110513,"[30882, 15916, 106600, 94779, 44409, 19133, 51573, 33873, 80533, 11742]"
110514,"[38720, 36533, 93474, 45701, 96887, 57387, 57135, 27994, 67081, 103110]"
110515,"[27117, 11522, 17051, 32451, 70340, 70863, 90772, 69131, 21440, 30827]"
110516,"[14702, 2010, 25215, 31171, 61998, 81255, 105059, 65875, 99974, 29979]"
110517,"[72744, 101030, 36377, 49098, 38447, 59766, 69497, 38825, 20758, 100311]"
110518,"[54573, 50415, 6197, 5670, 20771, 66824, 49864, 92340, 51969, 4715]"
110519,"[90022, 85064, 80616, 21591, 74762, 28317, 84062, 44236, 15975, 14983]"
110520,"[4280, 80140, 18978, 11952, 18139, 20218, 41433, 55522, 9603, 75668]"
110521,"[9531, 104944, 32779, 59472, 86130, 107634, 34871, 12332, 80283, 10708]"
110522,"[19442, 105631, 13768, 23167, 14744, 87600, 61283, 92293, 17006, 101219]"
110523,"[54322, 54745, 58679, 56655, 46508, 102019, 79718, 11831, 35144, 83737]"
110524,"[66442, 3450, 70107, 35496, 76178, 24769, 99484, 85596, 66877, 48584]"
110525,"[15467, 8887, 85777, 28321, 9947, 56661, 98524, 4559, 67525, 64923]"
110526,"[69539, 38988, 4136, 17780, 93681, 21011, 10984, 103386, 57337, 43433]"
110527,"[97282, 57528, 865, 10526, 33713, 104338, 75849, 29401, 26457, 86770]"
110528,"[84208, 89211, 17323, 79210, 103124, 39035, 100052, 80411, 32952, 42341]"
110529,"[64471, 95597, 23354, 54020, 37401, 64240, 3007, 102929, 12441, 52293]"
110530,"[9747, 80416, 27097, 59459, 98379, 5461, 57985, 57013, 15694, 70841]"
110531,"[7842, 103662, 65576, 27410, 63937, 89088, 84128, 16798, 78325, 35527]"
110532,"[56102, 102243, 56766, 39040, 45720, 67909, 82011, 1779, 56470, 97447]"
110533,"[81119, 100159, 76207, 85570, 70331, 102498, 53738, 81097, 37087, 81278]"
110534,"[62067, 77138, 66151, 20871, 103781, 65299, 77958, 47292, 23924, 31699]"
110535,"[93577, 39084, 76626, 81704, 83884, 83777, 36729, 94669, 92550, 28820]"
110536,"[54815, 36757, 106000, 100471, 80297, 45089, 97999, 73640, 103784, 92615]"
110537,"[56350, 41751, 18711, 24167, 5503, 67376, 4266, 5814, 54588, 53371]"
110538,"[72571, 91647, 59297, 36998, 98757, 72, 95648, 22076, 90181, 38099]"
110539,"[70378, 108905, 98387, 37347, 62611, 28121, 10921, 108109, 71032, 7113]"
110540,"[66106, 37343, 28147, 47022, 109756, 64332, 89747, 41191, 29160, 258]"
110541,"[104808, 35827, 74922, 82063, 99715, 96386, 14453, 23380, 11288, 10091]"
110542,"[64723, 247, 28547, 41761, 81314, 22148, 72105, 43830, 21773, 101031]"
110543,"[103652, 65829, 71869, 94579, 8498, 1580, 66675, 31013, 91269, 35944]"
110544,"[99123, 78029, 43277, 35136, 58123, 55683, 1413, 14005, 8790, 69480]"
110545,"[51937, 5846, 42205, 100193, 22248, 64982, 106807, 41059, 54400, 27530]"
110546,"[97559, 69816, 20167, 68749, 51160, 72367, 4005, 11017, 69792, 4094]"
110547,"[63253, 74613, 82322, 94110, 53335, 104024, 94264, 41976, 82206, 105384]"
110548,"[10864, 63970, 64209, 51485, 79764, 88482, 105381, 66311, 83128, 17652]"
110549,"[31119, 107137, 42909, 66174, 20076, 78594, 75422, 29889, 51071, 7157]"
110550,"[19780, 50685, 15863, 49145, 55891, 103384, 7711, 91964, 62061, 57621]"
110551,"[11111, 45385, 109663, 48704, 68335, 20695, 81453, 108136, 80296, 92572]"
110552,"[6420, 92379, 86906, 1590, 76314, 57855, 103878, 89316, 62601, 67131]"
110553,"[706, 4798, 91357, 70244, 57826, 54422, 41956, 87815, 61890, 100175]"
110554,"[34251, 48672, 94658, 34516, 80465, 71482, 77179, 20026, 30735, 11461]"
110555,"[5732, 98964, 8718, 11604, 81964, 42231, 42241, 22803, 42992, 99936]"
110556,"[23463, 108171, 102888, 59696, 21374, 12648, 45382, 20821, 75741, 91387]"
110557,"[4303, 81738, 81219, 108413, 89755, 75421, 69571, 108639, 18030, 34566]"
110558,"[41188, 79898, 104277, 8529, 80645, 23761, 64976, 39483, 44229, 10328]"
110559,"[31243, 36204, 104259, 98929, 70388, 35711, 33604, 23874, 7789, 51976]"
110560,"[60843, 49653, 56374, 16166, 8710, 39902, 86903, 40616, 62454, 13904]"
110561,"[19450, 107460, 80715, 74953, 55127, 55878, 55252, 75563, 93128, 33797]"
110562,"[71357, 107940, 74916, 18489, 78773, 38680, 62400, 25011, 47777, 98187]"
110563,"[68500, 53906, 39028, 62000, 11091, 34461, 109752, 33792, 47047, 97869]"
110564,"[93232, 9170, 88742, 34790, 85401, 66228, 37599, 12741, 39164, 55086]"
110565,"[69778, 36513, 7934, 6115, 69015, 3475, 108008, 8910, 100587, 95132]"
110566,"[74927, 96627, 64783, 71953, 30000, 14700, 55440, 40737, 1301, 14213]"
110567,"[61673, 8403, 77741, 9612, 50132, 98854, 962, 75343, 46721, 37159]"
110568,"[73414, 85210, 54642, 10445, 44028, 82900, 12809, 101978, 6925, 104348]"
110569,"[10256, 43044, 20661, 11632, 31969, 15865, 25033, 109225, 82783, 14035]"
110570,"[91958, 10249, 43166, 8551, 29661, 109086, 12017, 88122, 21784, 78585]"
110571,"[47710, 13326, 9965, 81471, 60811, 26683, 3598, 94878, 96986, 105139]"
110572,"[99701, 94246, 83265, 11476, 45213, 109304, 67171, 33386, 41297, 40448]"
110573,"[2009, 47093, 40198, 38214, 12171, 71850, 53463, 97518, 52444, 15072]"
110574,"[44653, 3303, 88080, 31720, 71316, 56160, 87918, 71693, 24650, 83219]"
110575,"[54460, 36748, 31256, 109386, 49715, 77611, 107205, 49528, 32685, 66859]"
110576,"[8611, 14685, 44903, 48783, 49322, 10379, 4955, 39181, 102655, 65284]"
110577,"[57982, 15798, 66234, 87099, 42604, 76508, 77729, 24997, 12317, 19]"
110578,"[73267, 49944, 30269, 12752, 26282, 925, 48353, 67932, 75536, 63523]"
110579,"[67222, 43994, 50953, 89336, 101189, 16449, 37519, 21028, 108005, 51946]"
110580,"[41598, 30771, 2238, 41971, 76835, 25317, 25417, 32988, 3656, 27018]"
110581,"[49318, 34951, 38325, 40913, 97630, 50919, 78055, 54751, 8958, 94949]"
110582,"[99481, 79509, 13348, 25327, 62483, 27076, 96942, 10100, 97004, 86616]"
110583,"[74567, 104409, 60318, 81467, 86081, 71846, 105203, 80428, 68255, 49513]"
110584,"[89320, 94034, 56664, 51694, 37729, 96911, 3169, 57578, 60650, 9276]"
110585,"[75980, 2968, 99451, 24099, 24708, 86591, 104664, 41288, 74680, 65758]"
110586,"[38882, 62776, 77305, 12573, 61460, 38137, 86626, 34705, 20304, 69396]"
110587,"[20468, 17158, 38570, 22922, 43921, 68676, 5924, 70283, 85427, 102582]"
110588,"[76639, 95200, 34676, 19360, 88886, 28868, 41668, 58830, 103317, 51660]"
110589,"[1251, 106781, 39093, 40718, 101670, 50425, 61163, 82643, 41090, 14177]"
110590,"[103476, 52581, 9955, 11147, 96794, 52196, 7982, 53946, 52372, 47352]"
110591,"[38263, 5237, 14325, 82853, 64036, 86627, 6437, 11985, 4428, 79167]"
110592,"[40666, 1543, 47538, 23321, 16485, 17228, 94206, 42768, 24576, 47504]"
110593,"[59989, 3281, 48440, 30181, 44707, 1062, 21295, 57111, 13886, 44505]"
110594,"[48652, 48822, 101082, 80984, 49733, 104495, 107485, 16781, 96199, 34304]"
110595,"[26706, 44475, 35080, 77715, 103307, 27330, 83544, 299, 103221, 57512]"
110596,"[97917, 43165, 39437, 7589, 66929, 106494, 89049, 87127, 33872, 2492]"
110597,"[5343, 66791, 20118, 2396, 509, 3681, 95218, 70311, 37553, 105286]"
110598,"[78341, 83251, 76468, 72739, 14637, 72485, 84819, 106899, 61351, 6127]"
110599,"[87809, 78584, 104490, 49406, 50264, 77117, 6015, 863, 77624, 61190]"
110600,"[104072, 32945, 64646, 7882, 21141, 77484, 99719, 69835, 52303, 43569]"
110601,"[17692, 94224, 81925, 19380, 62035, 59715, 60046, 91919, 20286, 73215]"
110602,"[72854, 29016, 39110, 23353, 58520, 333, 84618, 28324, 54542, 28387]"
110603,"[31394, 2063, 72209, 85808, 85280, 6551, 13121, 99966, 11321, 836]"
110604,"[90648, 86856, 76493, 45499, 41229, 101954, 89504, 37799, 90419, 27357]"
110605,"[89016, 23800, 92930, 25496, 82118, 13712, 53908, 30645, 65585, 16718]"
110606,"[80074, 24656, 51410, 14900, 12607, 106897, 103811, 85145, 21581, 105895]"
110607,"[98010, 52589, 106140, 57419, 77046, 55197, 73393, 51404, 86835, 32405]"
110608,"[99845, 72602, 58428, 16772, 41762, 2796, 76105, 62517, 104636, 94018]"
110609,"[20036, 58, 28874, 13997, 70904, 34512, 72250, 45868, 10967, 70187]"
110610,"[99964, 58028, 23190, 89611, 34028, 16279, 103883, 105086, 37817, 18479]"
110611,"[98346, 9528, 52128, 102826, 52355, 51369, 93584, 81359, 22162, 30800]"
110612,"[101915, 58720, 81751, 83280, 75971, 88554, 38471, 22677, 48364, 70688]"
110613,"[102256, 50647, 28983, 100714, 91687, 23877, 18026, 47293, 53426, 17396]"
110614,"[20805, 24145, 85346, 18701, 1503, 35733, 102054, 34498, 57359, 101730]"
110615,"[59709, 108012, 72714, 70010, 27049, 93406, 63097, 83697, 46541, 29507]"
110616,"[33942, 8855, 52544, 82572, 49523, 30430, 89406, 1723, 14165, 31784]"
110617,"[5785, 111, 104331, 79364, 70291, 5147, 36327, 16003, 31544, 653]"
110618,"[61506, 70453, 70392, 27076, 9154, 26705, 87886, 103874, 62483, 49681]"
110619,"[58492, 13487, 43695, 3556, 4016, 92151, 38029, 59973, 33427, 56782]"
110620,"[48104, 55613, 31388, 35296, 106613, 70939, 45026, 105701, 69168, 40716]"
110621,"[78443, 84078, 15717, 57966, 98384, 69967, 65992, 98522, 18242, 15024]"
110622,"[78104, 95687, 54446, 4811, 95831, 17784, 94616, 17536, 103128, 82977]"
110623,"[73972, 59215, 88632, 32959, 49063, 103873, 76048, 13328, 86389, 15773]"
110624,"[43853, 60342, 93874, 105003, 10767, 90945, 100586, 85113, 21810, 79940]"
110625,"[46636, 99479, 15124, 78610, 68551, 10554, 6062, 49835, 58315, 71067]"
110626,"[25954, 49129, 47973, 37153, 60668, 44497, 56801, 85730, 105397, 105885]"
110627,"[93697, 87657, 3444, 87534, 18405, 48860, 104801, 27471, 19738, 72369]"
110628,"[21207, 29323, 15527, 23527, 79641, 69533, 19085, 20522, 94458, 1983]"
110629,"[18959, 19954, 44096, 91661, 104590, 84339, 72483, 3702, 77973, 27690]"
110630,"[66921, 10809, 79439, 17492, 53960, 54948, 79245, 77412, 29250, 92766]"
110631,"[28303, 16842, 68307, 56352, 53937, 11571, 81662, 15762, 88285, 61177]"
110632,"[55175, 88986, 76533, 6324, 42787, 9962, 60403, 60652, 97606, 817]"
110633,"[25544, 42322, 105872, 55747, 97883, 7578, 44721, 74448, 38055, 40302]"
110634,"[15712, 99557, 60579, 77714, 52330, 108669, 78234, 76415, 84465, 93817]"
110635,"[104111, 75870, 85764, 75228, 67331, 24307, 62417, 50025, 5263, 71984]"
110636,"[59673, 29736, 30292, 79186, 41876, 49705, 3770, 10946, 99744, 102977]"
110637,"[71451, 74092, 91845, 17851, 18754, 19882, 73662, 79066, 55040, 15454]"
110638,"[37433, 71491, 18182, 31621, 65946, 59216, 75062, 22796, 81948, 14539]"
110639,"[57377, 20102, 22404, 41084, 5606, 17845, 93770, 43803, 90921, 19079]"
110640,"[7554, 36001, 3837, 68584, 4035, 23646, 44536, 70862, 55619, 46778]"
110641,"[79544, 64963, 76743, 43491, 28708, 13475, 88342, 34415, 18280, 106530]"
110642,"[101594, 20670, 3545, 88255, 109033, 71864, 2192, 46053, 66653, 7579]"
110643,"[50010, 48115, 14086, 24844, 78066, 82276, 71064, 46745, 64600, 64404]"
110644,"[1814, 12928, 94183, 28397, 66412, 45049, 54785, 104614, 41202, 78815]"
110645,"[46920, 28817, 25718, 32814, 84550, 96563, 25819, 49764, 103432, 39809]"
110646,"[30725, 12667, 88920, 106317, 27165, 100259, 18089, 24268, 1684, 11358]"
110647,"[80210, 33762, 69750, 36715, 35713, 80881, 92176, 49866, 59649, 40501]"
110648,"[3580, 34359, 36199, 34544, 74767, 96217, 51003, 29400, 92477, 17853]"
110649,"[68546, 12937, 45317, 68657, 63888, 86807, 19937, 55572, 12519, 72841]"
110650,"[48195, 35990, 63225, 81958, 79089, 40580, 108727, 54567, 43930, 47434]"
110651,"[92060, 64296, 48954, 8015, 70284, 8707, 101343, 83739, 76657, 65415]"
110652,"[97678, 21624, 90755, 9937, 4053, 41335, 93181, 89395, 64125, 38897]"
110653,"[21055, 7393, 59052, 1512, 32594, 54067, 29263, 3501, 12020, 76904]"
110654,"[105012, 64378, 75070, 96477, 72463, 106259, 103054, 49430, 74149, 71837]"
110655,"[40780, 26156, 68703, 46769, 94637, 95093, 17622, 55475, 41249, 28604]"
110656,"[5049, 100477, 42821, 7073, 105959, 56142, 104195, 75998, 85502, 18500]"
110657,"[39975, 108003, 94915, 71753, 25966, 26910, 92275, 14602, 25228, 97914]"
110658,"[24210, 99930, 5662, 13001, 67887, 39314, 32927, 60704, 58839, 67174]"
110659,"[60671, 23205, 96541, 101911, 1931, 105030, 15581, 5660, 72323, 107693]"
110660,"[89742, 66513, 107274, 22089, 94379, 36802, 103632, 60728, 78225, 86702]"
110661,"[6770, 47444, 94380, 67337, 82457, 82494, 81522, 72495, 100289, 21998]"
110662,"[60030, 6578, 28444, 67727, 90436, 62411, 2945, 30421, 4208, 85900]"
110663,"[41586, 7669, 48916, 63577, 47145, 73, 91099, 62176, 73759, 23292]"
110664,"[31271, 75585, 45798, 16846, 108243, 59634, 1764, 18962, 64179, 7572]"
110665,"[1559, 64460, 78870, 18949, 81914, 75693, 91954, 91205, 74528, 13462]"
110666,"[107983, 49923, 105057, 69935, 5548, 1022, 13879, 41738, 64804, 34008]"
110667,"[5042, 41193, 78926, 89386, 94276, 104322, 16852, 43052, 28395, 55751]"
110668,"[72977, 18118, 9294, 52275, 99453, 46538, 46642, 47242, 76392, 75546]"
110669,"[98702, 29054, 91639, 53990, 49278, 55018, 72287, 78150, 58929, 100173]"
110670,"[89327, 102743, 92596, 91480, 76670, 49600, 24251, 48625, 97847, 14535]"
110671,"[8117, 99228, 61098, 91207, 2752, 16534, 48690, 30584, 17477, 12650]"
110672,"[47376, 43631, 80987, 82668, 21079, 59903, 12545, 56769, 53927, 72757]"
110673,"[24628, 59828, 53741, 98621, 30979, 54976, 38938, 33682, 33243, 90774]"
110674,"[108185, 715, 62125, 35347, 42379, 15069, 13341, 92214, 55132, 2146]"
110675,"[41853, 105937, 7703, 101127, 66766, 29118, 12956, 69072, 81147, 43145]"
110676,"[49227, 19047, 22647, 83688, 7204, 103218, 92141, 52099, 14029, 3776]"
110677,"[45004, 49161, 51054, 107955, 19127, 107762, 79313, 55153, 60746, 52921]"
110678,"[77253, 58886, 71079, 77948, 41525, 67432, 88670, 104173, 59940, 10489]"
110679,"[69289, 5211, 58669, 47880, 88963, 43931, 89309, 71942, 13952, 104463]"
110680,"[80815, 27672, 105837, 58642, 89803, 6039, 42370, 50185, 59628, 62406]"
110681,"[56157, 72248, 56220, 81412, 64343, 108443, 94185, 32767, 51150, 87312]"
110682,"[9466, 25825, 20581, 61616, 72605, 71204, 88422, 26430, 71598, 59645]"
110683,"[96560, 51545, 52714, 96444, 81813, 23501, 30113, 75233, 107385, 70401]"
110684,"[87418, 28193, 69706, 12049, 56640, 49976, 69229, 17798, 99205, 61044]"
110685,"[30484, 64878, 87824, 41046, 44669, 18266, 9051, 18491, 63075, 71362]"
110686,"[6751, 39381, 2176, 63895, 1402, 28956, 42500, 24524, 103478, 38888]"
110687,"[78570, 72028, 54966, 45156, 33902, 49454, 85376, 37626, 103067, 54712]"
110688,"[35177, 95152, 7039, 32015, 91309, 95270, 58355, 99380, 63191, 91155]"
110689,"[38403, 57151, 98087, 61652, 95663, 59624, 102075, 47996, 3085, 34031]"
110690,"[4895, 87936, 74307, 1833, 72263, 82106, 106282, 33403, 46866, 93860]"
110691,"[22242, 49544, 17524, 105822, 99977, 23891, 7466, 23084, 38372, 92326]"
110692,"[46390, 34623, 78613, 37629, 89023, 94051, 90199, 61159, 54963, 95010]"
110693,"[77353, 95018, 6528, 60910, 44008, 4800, 103627, 55902, 107312, 105308]"
110694,"[108152, 106764, 39746, 5179, 46961, 10386, 32258, 94608, 11106, 90224]"
110695,"[62020, 58217, 38170, 23034, 98399, 80538, 109651, 104057, 20819, 11412]"
110696,"[71095, 21627, 56552, 45072, 54785, 74923, 8982, 69077, 73013, 47327]"
110697,"[49635, 16759, 68412, 76279, 79719, 72663, 74679, 49117, 53330, 92071]"
110698,"[61038, 86875, 88780, 100501, 70541, 37299, 94168, 31180, 2570, 32964]"
110699,"[34510, 19960, 71540, 2525, 36009, 10583, 33789, 106391, 21472, 16]"
110700,"[90159, 63028, 72343, 22994, 38798, 62575, 35397, 3760, 92643, 4831]"
110701,"[19153, 99863, 86678, 67111, 85416, 101903, 55582, 63818, 20314, 85697]"
110702,"[83292, 33523, 25751, 51271, 43164, 56732, 46163, 74338, 88287, 90765]"
110703,"[49236, 12468, 93357, 14520, 43777, 89369, 103915, 2856, 50737, 66475]"
110704,"[10394, 36703, 18161, 90097, 31033, 106756, 6136, 106223, 18788, 59947]"
110705,"[98810, 57233, 53139, 23589, 41169, 44771, 99570, 25262, 60623, 73367]"
110706,"[42516, 56444, 45634, 56440, 94690, 80728, 89422, 40263, 50122, 48694]"
110707,"[50874, 60578, 7006, 70117, 62673, 13946, 41487, 65169, 58378, 7205]"
110708,"[64225, 91675, 72141, 62914, 818, 4711, 91162, 24896, 35241, 22195]"
110709,"[86062, 36855, 21661, 34527, 50140, 91692, 20042, 45906, 92014, 23699]"
110710,"[77255, 21233, 92137, 65028, 9553, 31845, 83008, 18973, 25401, 70043]"
110711,"[20035, 29969, 49439, 47032, 82915, 21808, 106353, 87974, 41178, 61394]"
110712,"[80989, 65978, 56043, 55002, 71527, 94369, 59805, 9978, 49093, 62110]"
110713,"[36131, 8949, 82722, 3076, 79676, 83450, 34890, 9094, 63265, 50050]"
110714,"[13308, 54208, 42944, 7650, 70712, 31765, 18750, 62963, 35017, 90685]"
110715,"[78654, 18452, 109407, 109743, 108655, 102588, 64250, 106772, 42075, 20740]"
110716,"[24756, 90652, 44258, 22730, 38942, 103093, 91101, 97197, 34082, 94469]"
110717,"[46284, 54923, 98773, 87938, 24762, 79963, 67352, 17820, 42881, 25118]"
110718,"[50793, 28481, 13939, 13036, 41481, 10437, 106633, 74846, 71383, 44855]"
110719,"[99693, 53210, 339, 62932, 65679, 90186, 66170, 48691, 48952, 81920]"
110720,"[25544, 42322, 105872, 55747, 44721, 97883, 7578, 42695, 4218, 36470]"
110721,"[107599, 72230, 93924, 105581, 53965, 7638, 27589, 7481, 106164, 80227]"
110722,"[90820, 102886, 18077, 83340, 30255, 106444, 105048, 89581, 78348, 20469]"
110723,"[106612, 100427, 22478, 26285, 4342, 61981, 77092, 32453, 53541, 103272]"
110724,"[28316, 90282, 28843, 20280, 71139, 54549, 74741, 54864, 75314, 44165]"
110725,"[104153, 36544, 54070, 36232, 43317, 67533, 72440, 66528, 67530, 31731]"
110726,"[22097, 9169, 105512, 12966, 18215, 45427, 54018, 105592, 66781, 89032]"
110727,"[53388, 1171, 108922, 14865, 64949, 74271, 12944, 53352, 106806, 48109]"
110728,"[7034, 70565, 61492, 40828, 86468, 28077, 67657, 2795, 42373, 106582]"
110729,"[18913, 41254, 70199, 48262, 30472, 85649, 15636, 8666, 96105, 38554]"
110730,"[11516, 8181, 45494, 32614, 93764, 79925, 30988, 71585, 10105, 5567]"
110731,"[94400, 90574, 20442, 14306, 16493, 30142, 3142, 107391, 36328, 60935]"
110732,"[106266, 106023, 67004, 95157, 95210, 10930, 104000, 78451, 73981, 77497]"
110733,"[54446, 29649, 95687, 30843, 55011, 77034, 53976, 50691, 92500, 37514]"
110734,"[46887, 7038, 100628, 79873, 53306, 38348, 106331, 26906, 93921, 7837]"
110735,"[9125, 54501, 92704, 107016, 13514, 52031, 25214, 27917, 49921, 73594]"
110736,"[29679, 80557, 25030, 69229, 49976, 107227, 105006, 84853, 69706, 28193]"
110737,"[91336, 63858, 42762, 30928, 64293, 8645, 76167, 5654, 11795, 16446]"
110738,"[86132, 73975, 45115, 92897, 78210, 46615, 29633, 19654, 109284, 50786]"
110739,"[108456, 58800, 63267, 91062, 35297, 38259, 88309, 8617, 59197, 59030]"
110740,"[77860, 77338, 4527, 48717, 100073, 32537, 16122, 45360, 102114, 29771]"
110741,"[10028, 89261, 57223, 38675, 50115, 93856, 5748, 61198, 41621, 1076]"
110742,"[22344, 103730, 65963, 36560, 31118, 17459, 24028, 45694, 2707, 60759]"
110743,"[11839, 33129, 52404, 76934, 64086, 68465, 31007, 108707, 6658, 86964]"
110744,"[96297, 74984, 97971, 30588, 72828, 106752, 40563, 93056, 13253, 65766]"
110745,"[37824, 58518, 57433, 2942, 17325, 1823, 63005, 53884, 19596, 74507]"
110746,"[67816, 6391, 33683, 2149, 40615, 107827, 78296, 57820, 109613, 34999]"
110747,"[20342, 94203, 53040, 30676, 46516, 36467, 107798, 68267, 82373, 94699]"
110748,"[60021, 3353, 69269, 25897, 4059, 12234, 68871, 53250, 26729, 10100]"
110749,"[74582, 33055, 64792, 94136, 92163, 13158, 61303, 57688, 17827, 42324]"
110750,"[72456, 15958, 48627, 108121, 79054, 20671, 28108, 9939, 21508, 47335]"
110751,"[84941, 90206, 46032, 29243, 98909, 27887, 19814, 39029, 99007, 26758]"
110752,"[57003, 103489, 72107, 44167, 20259, 65108, 82391, 12475, 7456, 39140]"
110753,"[33618, 58791, 25081, 90258, 91244, 89963, 105216, 38404, 30058, 73765]"
110754,"[53200, 65393, 30987, 74038, 36580, 105650, 92552, 108768, 76850, 105481]"
110755,"[29859, 3693, 66340, 99540, 100372, 46659, 98266, 5110, 59706, 5620]"
110756,"[107232, 101823, 68522, 99819, 87057, 67796, 12051, 102913, 14695, 63031]"
110757,"[29044, 17451, 82814, 106454, 105221, 41814, 71042, 31304, 86387, 108618]"
110758,"[99954, 43246, 103373, 45003, 81395, 102441, 32109, 3099, 72617, 68223]"
110759,"[25028, 79817, 21540, 100458, 39029, 67589, 72455, 93477, 100921, 77299]"
110760,"[68642, 108929, 41848, 76895, 14669, 41692, 70085, 102487, 42367, 84796]"
110761,"[90384, 9791, 69959, 12204, 64879, 55218, 27335, 48445, 56846, 67417]"
110762,"[42237, 59612, 72089, 21632, 7421, 58388, 69300, 9476, 51517, 662]"
110763,"[36188, 106386, 52073, 83780, 36136, 78419, 102188, 64807, 43483, 94223]"
110764,"[32153, 48782, 22533, 51599, 62855, 11184, 44220, 92701, 56454, 16337]"
110765,"[93615, 78351, 57682, 21423, 51601, 4561, 63392, 96880, 81158, 37232]"
110766,"[59520, 47974, 60938, 109525, 16720, 94487, 43777, 89369, 88789, 3528]"
110767,"[47055, 88565, 109346, 58745, 80125, 27565, 106896, 31986, 7500, 89125]"
110768,"[51907, 2501, 61480, 17094, 100255, 108182, 45218, 39932, 6794, 97849]"
110769,"[99495, 62791, 14446, 91995, 8266, 103989, 1144, 39818, 36678, 57093]"
110770,"[79998, 25010, 101233, 85230, 5707, 87388, 38997, 60714, 103117, 83130]"
110771,"[27314, 50533, 25216, 41108, 100561, 98151, 45163, 16273, 19156, 16657]"
110772,"[93087, 9606, 90522, 24050, 36127, 82979, 22698, 37042, 12096, 53002]"
110773,"[38190, 52530, 12698, 44948, 3890, 21712, 81000, 107839, 57943, 58957]"
110774,"[39571, 18826, 92308, 106010, 37054, 36186, 48961, 29627, 46811, 58535]"
110775,"[25362, 36995, 42023, 58702, 42392, 102544, 42663, 97023, 33074, 14093]"
110776,"[98996, 29084, 78324, 3531, 81818, 92387, 79918, 96966, 77495, 103664]"
110777,"[6930, 81946, 75225, 44316, 89597, 50782, 90576, 54563, 50069, 61915]"
110778,"[6061, 59901, 64000, 96697, 54566, 86187, 106301, 6739, 62513, 69889]"
110779,"[101228, 56695, 104904, 13976, 104689, 60250, 53405, 95031, 78869, 91582]"
110780,"[19602, 894, 14116, 30984, 90876, 107168, 101673, 96262, 103107, 71645]"
110781,"[81803, 84615, 50457, 27940, 24765, 33176, 35013, 57372, 73560, 108631]"
110782,"[66518, 15936, 63522, 93019, 14012, 72731, 40020, 100010, 38973, 78682]"
110783,"[37633, 54471, 86754, 57669, 78577, 2798, 16598, 22770, 81853, 102957]"
110784,"[105428, 15067, 65794, 84583, 94136, 30285, 24124, 61041, 40571, 58333]"
110785,"[22975, 19614, 875, 73946, 29707, 68684, 48524, 101804, 60614, 42398]"
110786,"[107343, 58117, 96433, 58644, 99758, 14279, 91170, 73895, 64455, 107567]"
110787,"[28879, 32547, 26397, 47564, 28546, 97885, 85784, 71500, 37957, 107573]"
110788,"[77520, 62101, 66374, 28234, 29906, 47054, 13764, 9155, 30793, 63439]"
110789,"[42061, 46967, 5865, 84086, 7531, 92139, 84920, 24442, 11238, 6886]"
110790,"[16611, 14937, 88454, 6482, 95479, 105018, 6688, 69481, 7134, 48187]"
110791,"[66028, 92759, 102119, 22069, 101074, 12397, 64161, 52995, 86229, 53389]"
110792,"[79514, 48435, 8908, 103611, 17562, 108649, 35821, 56299, 25841, 37265]"
110793,"[36907, 38597, 94347, 84285, 948, 43113, 84508, 37451, 32090, 71696]"
110794,"[63226, 71151, 18938, 79506, 27332, 83264, 54799, 21346, 12175, 14484]"
110795,"[9063, 46182, 65411, 45386, 1257, 83427, 18918, 76548, 98523, 7168]"
110796,"[2646, 35019, 92527, 32466, 75, 67455, 23022, 36983, 107223, 102534]"
110797,"[18671, 44058, 10307, 1967, 72092, 90409, 7680, 18998, 7450, 65839]"
110798,"[5653, 102812, 83476, 89794, 33327, 31046, 54853, 6973, 10683, 56601]"
110799,"[89373, 7833, 66275, 11272, 34368, 29607, 7104, 90959, 107923, 95616]"
110800,"[39323, 26623, 89537, 34025, 78060, 92756, 17519, 58399, 68636, 60703]"
110801,"[91374, 38689, 83361, 100266, 63202, 29201, 57517, 48514, 85597, 33197]"
110802,"[22385, 36755, 67188, 26324, 59058, 79317, 96422, 54300, 57658, 52798]"
110803,"[26864, 56400, 23074, 25608, 8687, 184, 14934, 51067, 62028, 33859]"
110804,"[79612, 27906, 101124, 51329, 32586, 30947, 93225, 23997, 106398, 28042]"
110805,"[61965, 66205, 66705, 73708, 60726, 1520, 6995, 46935, 95301, 31253]"
110806,"[51776, 23403, 55192, 95995, 50503, 13297, 5676, 38908, 45486, 1522]"
110807,"[54131, 25575, 98259, 64671, 48571, 22340, 108951, 101915, 67946, 13640]"
110808,"[64004, 96509, 103499, 26451, 70594, 92490, 40799, 78908, 105074, 6235]"
110809,"[108444, 46499, 28422, 44545, 53866, 68430, 65827, 100812, 1367, 72577]"
110810,"[22106, 103010, 26650, 46152, 92867, 43693, 25087, 69006, 58438, 3212]"
110811,"[52826, 26317, 91440, 60231, 80362, 107972, 22334, 76022, 4772, 23934]"
110812,"[44988, 23117, 25604, 9360, 69423, 8467, 65226, 36350, 79773, 99311]"
110813,"[101528, 102402, 87629, 15381, 63288, 17774, 91905, 59888, 72120, 109617]"
110814,"[396, 99468, 1462, 20896, 108105, 21373, 10812, 26027, 66879, 70050]"
110815,"[47846, 100642, 10594, 36617, 8313, 47193, 94961, 77772, 90368, 95184]"
110816,"[8378, 73152, 70126, 106507, 71742, 25768, 73491, 21462, 37387, 77713]"
110817,"[23407, 10157, 90038, 57998, 1116, 33508, 73671, 24741, 75524, 84296]"
110818,"[17789, 101784, 105572, 83358, 81604, 80853, 81531, 35755, 27914, 12582]"
110819,"[101257, 53340, 68602, 10063, 94171, 11089, 88939, 78278, 75964, 13541]"
110820,"[44662, 100040, 104842, 51691, 63349, 69847, 88699, 73502, 98083, 39105]"
110821,"[30253, 81743, 49583, 30622, 94646, 55136, 105549, 2535, 12437, 107399]"
110822,"[48004, 35874, 88348, 95346, 72367, 47720, 90979, 96483, 24162, 70913]"
110823,"[69669, 54021, 75595, 32338, 70977, 35367, 57671, 42166, 63311, 24347]"
110824,"[45024, 26781, 83510, 73628, 93465, 57582, 22839, 67103, 107591, 27685]"
110825,"[87237, 58476, 24562, 53710, 36290, 108157, 52332, 31569, 92213, 11524]"
110826,"[102141, 23177, 59778, 24772, 19007, 88774, 43847, 38723, 6717, 41811]"
110827,"[73156, 22339, 22521, 87009, 36005, 104641, 77585, 67522, 29549, 18462]"
110828,"[90204, 20682, 58428, 79108, 62512, 50336, 96425, 82453, 39224, 31852]"
110829,"[88773, 94900, 104996, 92381, 104440, 51258, 34740, 48888, 103356, 108543]"
110830,"[90982, 79265, 55928, 55389, 94679, 7112, 1386, 69751, 4135, 50992]"
110831,"[62218, 64636, 35872, 24736, 23102, 85429, 47604, 82700, 2904, 67539]"
110832,"[77749, 104297, 65009, 78159, 58449, 1878, 40755, 11626, 32720, 32840]"
110833,"[89273, 32686, 53247, 42079, 103070, 48620, 61307, 42177, 16484, 50391]"
110834,"[33808, 70445, 7530, 16188, 26283, 103477, 55807, 43768, 71998, 57567]"
110835,"[36030, 95868, 65732, 56490, 22583, 81596, 34435, 15234, 97306, 33134]"
110836,"[93836, 107499, 4739, 29134, 16403, 13562, 16514, 109727, 65729, 54123]"
110837,"[8140, 42288, 45487, 65904, 29534, 49987, 93065, 29670, 1772, 95003]"
110838,"[109765, 27063, 47591, 62389, 42990, 86453, 29518, 28970, 90970, 24186]"
110839,"[70260, 25606, 63764, 32364, 87374, 73369, 26724, 98747, 5350, 54253]"
110840,"[82641, 19715, 94497, 48790, 9083, 23561, 97439, 854, 40845, 46001]"
110841,"[24593, 67252, 56508, 82228, 61681, 1841, 91769, 89114, 61775, 70247]"
110842,"[108643, 43274, 99351, 91941, 37994, 99289, 29626, 104865, 64065, 24773]"
110843,"[102634, 45550, 41493, 88138, 83594, 39626, 79451, 721, 23368, 14800]"
110844,"[17565, 63520, 18829, 13928, 96054, 58298, 72370, 13000, 51251, 9395]"
110845,"[101553, 12673, 26198, 52209, 68452, 26830, 32695, 55763, 11770, 27047]"
110846,"[22968, 103009, 70077, 94447, 48859, 18487, 12260, 7836, 37646, 20174]"
110847,"[6616, 23172, 36448, 53120, 4953, 69597, 52137, 61228, 70710, 19839]"
110848,"[92224, 63154, 69492, 74636, 45333, 49169, 27752, 17545, 101129, 95593]"
110849,"[82698, 5332, 90425, 37874, 40006, 2093, 127, 33383, 40544, 66751]"
110850,"[19892, 94175, 11021, 44349, 59668, 75420, 39302, 106761, 60978, 83466]"
110851,"[87240, 54285, 70831, 41138, 35940, 69177, 52495, 101389, 58024, 40719]"
110852,"[71427, 13958, 36584, 49896, 36245, 20784, 18740, 91151, 11297, 30613]"
110853,"[95651, 47204, 18900, 15971, 30598, 39717, 24310, 376, 33512, 60722]"
110854,"[95428, 2444, 52523, 31860, 89454, 31772, 63981, 65522, 103710, 26315]"
110855,"[64695, 31763, 92508, 108901, 66954, 46072, 10026, 81569, 99672, 38482]"
110856,"[42374, 22346, 93661, 104874, 81356, 12756, 20015, 58005, 74503, 106922]"
110857,"[109095, 51381, 40151, 3597, 52154, 12218, 24703, 4045, 13224, 27954]"
110858,"[12109, 49628, 53307, 99172, 79961, 41372, 62668, 100123, 85412, 106565]"
110859,"[32189, 47358, 39288, 7652, 9362, 64459, 302, 44779, 3089, 39692]"
110860,"[104815, 102862, 57035, 96424, 67195, 42101, 23598, 66062, 93249, 82801]"
110861,"[99096, 81455, 71596, 36386, 36597, 6915, 82136, 14573, 39405, 37891]"
110862,"[88808, 90213, 81146, 106787, 83592, 7381, 7627, 26905, 23334, 91531]"
110863,"[16118, 39645, 1867, 55857, 17036, 16992, 64245, 13467, 5455, 58845]"
110864,"[23377, 97017, 22519, 95456, 45517, 38500, 42682, 15661, 105185, 3120]"
110865,"[28102, 79042, 104672, 19161, 10863, 106751, 15959, 59023, 18353, 21552]"
110866,"[39095, 46464, 28575, 61806, 91167, 21796, 6506, 21418, 48230, 90750]"
110867,"[33246, 87492, 105342, 15928, 74885, 45528, 2754, 43292, 9549, 22360]"
110868,"[14100, 77800, 68398, 51667, 6384, 94348, 13615, 4241, 96089, 79727]"
110869,"[94682, 84803, 104197, 84264, 33805, 33204, 60732, 11682, 43953, 47070]"
110870,"[89802, 45374, 63695, 42709, 42275, 61278, 55176, 42278, 95738, 70196]"
110871,"[28912, 25880, 42091, 37120, 38907, 62040, 43344, 86294, 32677, 99375]"
110872,"[17675, 28260, 67484, 60546, 91784, 75734, 92271, 45924, 81979, 75645]"
110873,"[61528, 9822, 93998, 74886, 108007, 86491, 71749, 45085, 49106, 86376]"
110874,"[6329, 53522, 89106, 11418, 61812, 75879, 35749, 92597, 103325, 14908]"
110875,"[98091, 9418, 36837, 107570, 61191, 88808, 1542, 30291, 104580, 76845]"
110876,"[80504, 54954, 78431, 19448, 14791, 76926, 15038, 96624, 59771, 46034]"
110877,"[86391, 98465, 71037, 104325, 64897, 51, 97516, 103707, 36629, 106955]"
110878,"[28421, 67878, 68149, 32957, 75979, 67341, 71682, 57964, 47545, 67973]"
110879,"[81783, 19247, 29465, 70692, 26147, 2943, 1868, 75358, 699, 8579]"
110880,"[63035, 83218, 87541, 25124, 65361, 101510, 96528, 17892, 93135, 11772]"
110881,"[34654, 39154, 52183, 77949, 14148, 98308, 18123, 106098, 68092, 13961]"
110882,"[60609, 70233, 91325, 61244, 47890, 55189, 3494, 87365, 82989, 33204]"
110883,"[66444, 39148, 16979, 64579, 103651, 74989, 4501, 91654, 100109, 95620]"
110884,"[93332, 32411, 30313, 23470, 71652, 1410, 86362, 51716, 2307, 80469]"
110885,"[1517, 51465, 75795, 36455, 99063, 82171, 65025, 9217, 4910, 81969]"
110886,"[67941, 104586, 91781, 66554, 24232, 16405, 41771, 65187, 40186, 98590]"
110887,"[1756, 27348, 101, 96970, 97113, 87493, 93728, 98419, 57078, 30701]"
110888,"[73701, 20052, 50809, 42870, 17041, 19794, 4369, 101580, 86373, 77576]"
110889,"[74076, 49712, 34634, 95923, 26856, 66222, 86091, 74402, 19000, 13410]"
110890,"[103169, 17367, 45262, 67001, 2587, 43560, 36900, 103160, 74010, 15072]"
110891,"[19642, 57426, 89436, 67400, 48695, 59714, 94847, 107807, 66882, 36078]"
110892,"[56866, 29850, 88450, 18077, 19099, 24834, 55494, 93977, 54991, 10413]"
110893,"[15399, 25343, 68498, 13898, 89093, 2240, 104882, 36737, 80346, 94722]"
110894,"[7311, 78511, 94192, 14194, 74350, 91609, 83654, 49418, 87852, 47828]"
110895,"[107959, 31062, 93996, 21898, 74986, 59312, 20674, 106396, 85393, 61149]"
110896,"[66039, 34748, 63686, 86689, 10382, 38460, 41200, 106112, 10507, 102527]"
110897,"[21712, 81416, 3890, 61251, 43158, 29511, 93571, 87105, 63874, 39749]"
110898,"[62441, 8550, 5333, 102060, 85037, 43764, 102912, 87632, 39363, 94913]"
110899,"[77029, 73557, 17885, 24174, 60829, 106959, 10339, 3228, 2461, 11766]"
110900,"[10834, 4510, 107100, 52707, 56317, 106841, 47596, 39451, 65993, 34861]"
110901,"[30846, 77886, 51672, 38880, 39346, 69942, 60871, 86162, 89648, 47651]"
110902,"[36874, 31066, 35203, 92174, 41034, 63008, 21912, 29742, 94483, 48408]"
110903,"[102711, 41236, 18108, 47496, 94927, 21595, 87118, 68581, 58573, 65924]"
110904,"[13270, 35573, 12790, 31070, 81934, 10982, 63554, 89720, 95140, 39931]"
110905,"[23838, 102108, 21517, 81506, 66182, 38153, 59213, 71425, 92129, 34826]"
110906,"[88267, 80208, 86535, 42594, 57671, 14534, 4470, 66055, 42166, 57727]"
110907,"[67193, 13416, 34734, 31556, 57051, 53411, 104232, 51717, 17449, 43949]"
110908,"[104827, 42871, 26502, 60417, 18953, 9671, 62536, 31495, 8327, 34722]"
110909,"[62694, 82380, 76835, 23703, 9393, 71118, 16084, 13422, 21299, 90212]"
110910,"[19019, 78394, 40828, 90812, 7330, 20815, 45612, 72158, 57909, 26222]"
110911,"[10426, 38081, 27281, 18731, 9879, 10483, 67385, 83140, 94779, 101654]"
110912,"[87860, 84760, 68257, 75085, 108168, 10464, 39301, 2618, 63595, 76044]"
110913,"[30901, 7074, 4068, 55926, 103169, 17367, 11182, 21672, 59707, 74641]"
110914,"[14565, 21823, 99952, 39948, 78407, 55515, 2075, 30896, 91604, 48175]"
110915,"[55697, 2703, 41394, 52758, 51482, 79095, 5731, 73285, 83462, 43109]"
110916,"[1834, 16208, 109749, 32166, 49991, 44593, 99210, 42959, 74401, 28331]"
110917,"[55930, 102950, 22178, 54089, 106602, 33581, 93968, 21626, 89564, 44146]"
110918,"[93849, 81784, 94460, 44582, 57686, 12122, 1456, 103256, 32789, 84152]"
110919,"[103966, 56799, 34604, 57128, 68479, 49871, 4230, 65808, 42531, 9174]"
110920,"[70864, 81883, 89972, 55166, 76382, 3409, 48423, 15088, 66281, 102548]"
110921,"[7872, 78004, 38036, 54210, 58317, 21888, 7964, 65549, 29547, 1586]"
110922,"[63499, 93862, 44067, 60542, 52628, 31371, 91319, 86610, 107735, 105710]"
110923,"[4426, 84196, 99131, 64426, 36299, 58502, 29862, 108435, 7909, 15178]"
110924,"[7707, 1982, 7208, 33258, 26051, 16884, 61775, 32667, 49121, 26118]"
110925,"[60163, 91497, 98187, 23127, 104078, 71641, 72212, 95861, 36422, 67383]"
110926,"[40404, 94350, 5138, 86446, 69191, 59665, 81535, 24094, 25856, 19700]"
110927,"[40435, 72857, 79076, 21222, 95950, 72913, 28687, 8542, 94309, 26195]"
110928,"[39533, 70290, 39621, 12230, 989, 35948, 82241, 101996, 73957, 39076]"
110929,"[27616, 29192, 58491, 53383, 106248, 83993, 108563, 22588, 26988, 95600]"
110930,"[25323, 41505, 84090, 16574, 31647, 49481, 71324, 84357, 74587, 91903]"
110931,"[100483, 45563, 40811, 69952, 77238, 98352, 24322, 100083, 74395, 31012]"
110932,"[73177, 53520, 37758, 49788, 57130, 40462, 92834, 53077, 10774, 27581]"
110933,"[4571, 36491, 11532, 6252, 108541, 24397, 103134, 36309, 99777, 16947]"
110934,"[29950, 20520, 2960, 53653, 9047, 66280, 17698, 76843, 5313, 72325]"
110935,"[100394, 45144, 78818, 84658, 51911, 91307, 97786, 13642, 971, 21331]"
110936,"[8000, 86882, 68008, 105931, 82063, 72391, 99715, 104808, 60287, 11288]"
110937,"[45945, 18711, 24167, 5503, 67376, 41751, 4266, 87116, 73617, 65992]"
110938,"[24245, 78610, 24459, 15124, 7556, 3703, 48800, 43186, 6077, 42083]"
110939,"[37449, 37530, 32624, 104789, 30545, 12396, 25658, 91365, 88517, 79821]"
110940,"[66802, 68193, 92009, 31419, 57544, 96281, 36762, 73232, 24828, 48526]"
110941,"[51663, 19679, 8382, 9807, 103930, 27979, 78367, 107783, 73249, 47952]"
110942,"[6532, 44340, 62465, 85122, 5562, 95855, 52177, 26265, 11236, 3627]"
110943,"[98560, 105216, 34986, 83319, 69352, 102146, 64573, 108049, 27818, 113]"
110944,"[101539, 65130, 45214, 55296, 50466, 109600, 27322, 36674, 68111, 107764]"
110945,"[67729, 105909, 109752, 29279, 34905, 38515, 31626, 12247, 38305, 21176]"
110946,"[78087, 49167, 90897, 9875, 45677, 4991, 59020, 96277, 68621, 54175]"
110947,"[36641, 94885, 63816, 29172, 56379, 105057, 5548, 39386, 28642, 72147]"
110948,"[79266, 59946, 21192, 72607, 15052, 47923, 102090, 13185, 21457, 21743]"
110949,"[25264, 102599, 2617, 32325, 54532, 86261, 76074, 56921, 106574, 86415]"
110950,"[100758, 102400, 33660, 92178, 21646, 74490, 198, 475, 38425, 85825]"
110951,"[3683, 92118, 27543, 55181, 50741, 6097, 40475, 10989, 80138, 82922]"
110952,"[35773, 73898, 95266, 58270, 78601, 22746, 62262, 68291, 41857, 27895]"
110953,"[1956, 69671, 17632, 26873, 27415, 94965, 59055, 96551, 55323, 69459]"
110954,"[45680, 77306, 6604, 95286, 97430, 63427, 42297, 37685, 95297, 39628]"
110955,"[17379, 40910, 74838, 98756, 72006, 109081, 84318, 27359, 16957, 75978]"
110956,"[102569, 30470, 38273, 103443, 102681, 59740, 53284, 97918, 86051, 30660]"
110957,"[2982, 57548, 27900, 96016, 98004, 13289, 31688, 103768, 93757, 18381]"
110958,"[44141, 22693, 76217, 103069, 10036, 59303, 83887, 32492, 105670, 7164]"
110959,"[48288, 58761, 39853, 86410, 29405, 14944, 93431, 105528, 76857, 9901]"
110960,"[13516, 100384, 25112, 10377, 8463, 101132, 103526, 15418, 54943, 68900]"
110961,"[10382, 35171, 51871, 4871, 47789, 13762, 76806, 88409, 83311, 64020]"
110962,"[21655, 43526, 12863, 32457, 63338, 38371, 18969, 48837, 58995, 53347]"
110963,"[76009, 20264, 105093, 44639, 25971, 39865, 50263, 88962, 83543, 80919]"
110964,"[56084, 49148, 65723, 76367, 67653, 84536, 22466, 99139, 53476, 58219]"
110965,"[106620, 3520, 14625, 27225, 67751, 33405, 41652, 76340, 78028, 13651]"
110966,"[61979, 88792, 36878, 60841, 106708, 96161, 81953, 32032, 109216, 83281]"
110967,"[94414, 11051, 99985, 53245, 11036, 72756, 92114, 99328, 85209, 12628]"
110968,"[96648, 56025, 17946, 62256, 259, 15211, 39669, 96867, 56163, 23971]"
110969,"[62753, 43960, 84055, 37939, 68153, 69683, 6486, 54519, 76169, 59687]"
110970,"[54505, 17405, 37186, 60249, 45556, 47893, 58783, 40196, 29959, 86769]"
110971,"[74827, 1519, 57865, 105248, 36756, 94512, 108238, 32380, 85290, 93947]"
110972,"[23236, 67035, 91910, 55813, 33799, 5489, 349, 77027, 93381, 88896]"
110973,"[18644, 81311, 39365, 85873, 97994, 100878, 82945, 2935, 62375, 94323]"
110974,"[11820, 106568, 92067, 81423, 90254, 41011, 176, 68967, 5765, 69898]"
110975,"[88223, 5159, 47374, 101246, 72536, 31741, 101586, 16674, 32176, 92196]"
110976,"[65576, 20560, 86145, 7842, 92592, 656, 77681, 22186, 23220, 85431]"
110977,"[34331, 71952, 89486, 51518, 28826, 70979, 19162, 10562, 29451, 109459]"
110978,"[59658, 89007, 3400, 24873, 101955, 88708, 61562, 7636, 90333, 69802]"
110979,"[71789, 32474, 99420, 80161, 42872, 71647, 57537, 7697, 27784, 102652]"
110980,"[54268, 97656, 37264, 4183, 71111, 41685, 47555, 70950, 44909, 58466]"
110981,"[107997, 1700, 91899, 66782, 6921, 20905, 22127, 77199, 94481, 97513]"
110982,"[37374, 100498, 72656, 50961, 92911, 37935, 38391, 23030, 77915, 48895]"
110983,"[79541, 45077, 3058, 72492, 21206, 47381, 11348, 55164, 64180, 95811]"
110984,"[85035, 40333, 48174, 57025, 89790, 46487, 86253, 59168, 88403, 12015]"
110985,"[92095, 74475, 5261, 3864, 38528, 23058, 25459, 31749, 96079, 1255]"
110986,"[11430, 70693, 84822, 45396, 94439, 28865, 60265, 56505, 87489, 101254]"
110987,"[74011, 26127, 11915, 31355, 90538, 37680, 24403, 48326, 54364, 63589]"
110988,"[50918, 95226, 94308, 25482, 1482, 32292, 34608, 82520, 94639, 108804]"
110989,"[40432, 83074, 52990, 92986, 78675, 98026, 55624, 19085, 93350, 2564]"
110990,"[69866, 77905, 86363, 54352, 28139, 100659, 1647, 104725, 22988, 85915]"
110991,"[49871, 56799, 22222, 103503, 104463, 97026, 13952, 37538, 7003, 74044]"
110992,"[15961, 83996, 103156, 97544, 102778, 89463, 64150, 67154, 92411, 69525]"
110993,"[17308, 67215, 18366, 14311, 58853, 58191, 6554, 61646, 67573, 44246]"
110994,"[86876, 35336, 26452, 56074, 43459, 36834, 66956, 63093, 54648, 15920]"
110995,"[1534, 18927, 79330, 94794, 12580, 106823, 51721, 95103, 32377, 6903]"
110996,"[68722, 14639, 85172, 102935, 70753, 70355, 51389, 57357, 101714, 11323]"
110997,"[16571, 35370, 60589, 11514, 84547, 103235, 85892, 36586, 58268, 102569]"
110998,"[109570, 13272, 50533, 40272, 94231, 13094, 87829, 85092, 96110, 47687]"
110999,"[58705, 51380, 90434, 22332, 98225, 46756, 34527, 55507, 88865, 29941]"
111000,"[21452, 93554, 56462, 82083, 104473, 58954, 100845, 74546, 29507, 95915]"
111001,"[52010, 32971, 53905, 101033, 104941, 56591, 56967, 63910, 72575, 57508]"
111002,"[27936, 72268, 35466, 76834, 62528, 32748, 36488, 74073, 49508, 11823]"
111003,"[23560, 38410, 100681, 41858, 107780, 47960, 37773, 28839, 23605, 105705]"
111004,"[6921, 20905, 3074, 108132, 26647, 97513, 47289, 107505, 95558, 86102]"
111005,"[58473, 60604, 16667, 103395, 43606, 3295, 104897, 26276, 105147, 62314]"
111006,"[45652, 18030, 73842, 4460, 27089, 5415, 27185, 92539, 81738, 48748]"
111007,"[10985, 65443, 45741, 99403, 76198, 3862, 97176, 86952, 29960, 55786]"
111008,"[36564, 25127, 52677, 90857, 24287, 39329, 62708, 73723, 36591, 3737]"
111009,"[2083, 6335, 29361, 97373, 29650, 81727, 91420, 101059, 98566, 29353]"
111010,"[99160, 90245, 78076, 19689, 54445, 99460, 105996, 101079, 87721, 6760]"
111011,"[37769, 75310, 15551, 64054, 42359, 43170, 84212, 29711, 59860, 36720]"
111012,"[43845, 35944, 77209, 4511, 58555, 53145, 22254, 78121, 14765, 72065]"
111013,"[25717, 3141, 96658, 94594, 18412, 16086, 30722, 82954, 52232, 55447]"
111014,"[1746, 29280, 66267, 33277, 81909, 65153, 2232, 92805, 37417, 89748]"
111015,"[21153, 105745, 38514, 66785, 35949, 100937, 29253, 32930, 86730, 5875]"
111016,"[37634, 2320, 27401, 64337, 94919, 73728, 61393, 98297, 5096, 70105]"
111017,"[74388, 28526, 24904, 97853, 33233, 66291, 85055, 75061, 34324, 75915]"
111018,"[9878, 102712, 92021, 4070, 50729, 76849, 51068, 16748, 51462, 68162]"
111019,"[46822, 17027, 101706, 61085, 50877, 76094, 76905, 9713, 59607, 12993]"
111020,"[90289, 64538, 3704, 29556, 22584, 93280, 107717, 3857, 34675, 56176]"
111021,"[35701, 103583, 59754, 88475, 7608, 48098, 313, 54734, 106805, 93229]"
111022,"[88968, 104806, 107127, 42162, 54250, 94288, 99382, 66661, 69624, 102865]"
111023,"[49433, 29659, 976, 21253, 80866, 69045, 21936, 32943, 86385, 20496]"
111024,"[88550, 59493, 93641, 99955, 59892, 227, 64871, 44565, 13385, 1984]"
111025,"[46988, 109423, 94993, 97015, 6795, 106189, 75717, 75533, 47866, 100700]"
111026,"[75833, 105254, 105956, 37743, 42578, 106983, 43807, 90072, 9019, 40190]"
111027,"[105584, 63743, 49610, 26152, 54110, 49196, 27436, 1506, 84890, 7611]"
111028,"[69314, 106720, 57643, 98486, 53157, 93813, 73093, 78515, 80104, 5859]"
111029,"[2309, 66734, 98797, 79842, 42636, 73758, 35562, 54256, 62830, 5178]"
111030,"[792, 16098, 47255, 102419, 80135, 28616, 18536, 13988, 7492, 83424]"
111031,"[39347, 84523, 16624, 101846, 79004, 54164, 66634, 93975, 35312, 6008]"
111032,"[7059, 8910, 92624, 2333, 32669, 7633, 105588, 12758, 12474, 99712]"
111033,"[71216, 75484, 78242, 70935, 16857, 22112, 102556, 4242, 2166, 93140]"
111034,"[25752, 66830, 101624, 102248, 33460, 93257, 44549, 27818, 73020, 113]"
111035,"[8891, 9663, 50304, 35508, 13453, 1054, 46326, 35786, 1296, 89054]"
111036,"[85736, 48351, 80995, 14500, 63003, 40989, 23163, 107147, 34266, 86365]"
111037,"[69112, 82215, 55210, 40822, 52327, 100578, 93903, 53631, 70608, 103376]"
111038,"[278, 884, 43651, 7943, 7941, 76984, 13186, 101793, 67125, 26131]"
111039,"[78411, 60454, 65011, 48145, 8781, 80634, 102800, 49954, 41781, 11560]"
111040,"[34660, 34786, 55810, 97108, 14344, 67806, 65565, 47624, 47388, 44022]"
111041,"[18754, 91715, 19882, 72568, 25235, 71451, 74092, 66314, 63822, 85593]"
111042,"[76563, 21095, 89209, 12613, 84795, 48816, 84259, 72113, 91647, 6097]"
111043,"[63819, 67818, 78407, 41810, 21541, 100961, 76943, 59717, 21823, 84524]"
111044,"[68690, 14125, 42281, 64703, 43997, 86910, 8901, 58852, 78838, 44328]"
111045,"[83127, 12124, 99009, 33914, 76233, 62226, 9424, 32467, 27525, 18322]"
111046,"[49279, 38780, 18950, 100496, 17150, 38003, 35447, 73518, 39497, 8958]"
111047,"[41911, 102787, 45307, 26509, 60728, 78225, 94379, 108566, 22089, 56957]"
111048,"[73654, 94474, 2867, 27576, 23510, 45098, 35978, 188, 64258, 22129]"
111049,"[52288, 27964, 77091, 42182, 51710, 68843, 80060, 80087, 31879, 91451]"
111050,"[91937, 105808, 41765, 77377, 109480, 99503, 46090, 24489, 98476, 2502]"
111051,"[35093, 28876, 39523, 18225, 107330, 105191, 65929, 11146, 36224, 51991]"
111052,"[33712, 75028, 9670, 72895, 87988, 54351, 120, 80046, 60547, 45592]"
111053,"[72138, 63756, 41326, 109096, 76535, 80559, 51611, 73736, 63274, 73425]"
111054,"[57588, 59104, 63663, 43075, 55259, 65123, 84924, 85384, 76249, 10332]"
111055,"[90469, 48503, 22216, 25279, 48969, 11644, 65331, 48457, 50478, 105388]"
111056,"[56485, 102786, 61481, 30743, 2094, 21865, 86335, 51432, 65244, 55479]"
111057,"[39045, 24434, 32233, 62166, 36323, 23735, 32206, 23137, 13951, 109316]"
111058,"[22529, 24010, 105088, 2836, 98474, 54644, 109745, 53977, 44921, 72740]"
111059,"[11056, 36902, 87503, 71159, 66588, 35625, 97489, 20497, 30759, 27183]"
111060,"[80605, 106190, 55095, 23131, 27642, 1922, 46444, 46788, 80253, 41090]"
111061,"[54930, 97290, 68551, 106364, 44158, 84144, 78610, 31157, 53611, 101804]"
111062,"[92312, 68257, 4823, 82641, 89820, 9083, 69811, 65874, 46236, 63368]"
111063,"[101499, 85492, 39553, 13566, 28159, 63674, 2041, 70749, 99651, 108554]"
111064,"[63693, 52941, 84549, 14420, 18157, 43498, 45089, 16647, 107184, 67989]"
111065,"[43596, 49396, 18165, 43385, 84486, 9585, 48308, 4386, 65943, 21531]"
111066,"[66522, 33634, 87235, 107152, 34910, 8955, 101812, 2392, 86845, 55764]"
111067,"[6592, 38265, 45983, 109352, 91201, 84029, 73087, 95, 69805, 79600]"
111068,"[80453, 18211, 58669, 93360, 44014, 99805, 89341, 108202, 19482, 51170]"
111069,"[20799, 98469, 49033, 86483, 106975, 22449, 65644, 77962, 65310, 91794]"
111070,"[100222, 55400, 93269, 93882, 77267, 27716, 65454, 76177, 108032, 7345]"
111071,"[44776, 16510, 3565, 19625, 98762, 82675, 69398, 37875, 62520, 27563]"
111072,"[65184, 85176, 54050, 92643, 69512, 94744, 105889, 105276, 62839, 72441]"
111073,"[5214, 100286, 8197, 31297, 37471, 35947, 95834, 68779, 89583, 37092]"
111074,"[95778, 62919, 57624, 40990, 91682, 20877, 95264, 59056, 10417, 61346]"
111075,"[27988, 77572, 102413, 1463, 30794, 72736, 14770, 28204, 21595, 84684]"
111076,"[57952, 4695, 51795, 105179, 54441, 92598, 96416, 7566, 36412, 65757]"
111077,"[56247, 45162, 96743, 93448, 90778, 91856, 79352, 96535, 45417, 63629]"
111078,"[18033, 34504, 45858, 37152, 18321, 11676, 52292, 16895, 66114, 45090]"
111079,"[98418, 50521, 37150, 24681, 28006, 88376, 40608, 70915, 32686, 51356]"
111080,"[86797, 2553, 96539, 73418, 65211, 9211, 25484, 87238, 102740, 93575]"
111081,"[87663, 43069, 57757, 33282, 92292, 13983, 3199, 104759, 90117, 88467]"
111082,"[101024, 97750, 9812, 77261, 35908, 97196, 65366, 55403, 29068, 80165]"
111083,"[17042, 77016, 97005, 102993, 89680, 71293, 65004, 79858, 85228, 69912]"
111084,"[15709, 37230, 103237, 80825, 8418, 74677, 76275, 61632, 22988, 62485]"
111085,"[95577, 11108, 18274, 15551, 26276, 43606, 3295, 87321, 16667, 40271]"
111086,"[81353, 19477, 46294, 44457, 7283, 12266, 35738, 28922, 84058, 82708]"
111087,"[2231, 60117, 53079, 11574, 62678, 101658, 60975, 59087, 57316, 98438]"
111088,"[29070, 45014, 24465, 1243, 12268, 61002, 19451, 101784, 16828, 99153]"
111089,"[58584, 21996, 8534, 42035, 27780, 95236, 54947, 34727, 42872, 57537]"
111090,"[52031, 84641, 2069, 44269, 27096, 75539, 25214, 96494, 13602, 38622]"
111091,"[76549, 82189, 21101, 22707, 82694, 54227, 67132, 76844, 100922, 87686]"
111092,"[61970, 20108, 63184, 6399, 86815, 64771, 57709, 35556, 32494, 3634]"
111093,"[982, 84352, 7652, 32923, 42044, 97816, 209, 63000, 2990, 12567]"
111094,"[38292, 48409, 105020, 14812, 46373, 63112, 96780, 51324, 75588, 12844]"
111095,"[74631, 108555, 61301, 84331, 12423, 75782, 78146, 36785, 24339, 13705]"
111096,"[109562, 29797, 76319, 93156, 64449, 21112, 78071, 6638, 97999, 31904]"
111097,"[99718, 31575, 107811, 60244, 81238, 16707, 29578, 33432, 73657, 43285]"
111098,"[100741, 14059, 34342, 46898, 63346, 97800, 76704, 30321, 1384, 86674]"
111099,"[37014, 3957, 38432, 73559, 29895, 59930, 3912, 47731, 71041, 95438]"
111100,"[108886, 14592, 57523, 84397, 77624, 53632, 32490, 104490, 56750, 13691]"
111101,"[2559, 42029, 64664, 80255, 90397, 15451, 99553, 5884, 99883, 18954]"
111102,"[99118, 53354, 102101, 67094, 96371, 13205, 12081, 45567, 68758, 10688]"
111103,"[107998, 92484, 95306, 41840, 15918, 7463, 58483, 30550, 58348, 10851]"
111104,"[38171, 66811, 80560, 34580, 28267, 12319, 101330, 104066, 94918, 69675]"
111105,"[89458, 55669, 38809, 43662, 64027, 80377, 46141, 25475, 26585, 76336]"
111106,"[59925, 3443, 14507, 31641, 92630, 25610, 15082, 70835, 17231, 83371]"
111107,"[54147, 60576, 77134, 4677, 37371, 24039, 26116, 80006, 56772, 43266]"
111108,"[57722, 97297, 2035, 71391, 56729, 80397, 99053, 58760, 46044, 74512]"
111109,"[98495, 29513, 90483, 103723, 53750, 66905, 65832, 1031, 5057, 2227]"
111110,"[22848, 46195, 97641, 16664, 98670, 31443, 95730, 12703, 37444, 85686]"
111111,"[80982, 69174, 107489, 24455, 2076, 84161, 72362, 82877, 93210, 80633]"
111112,"[85703, 22619, 95062, 93618, 65085, 58257, 34688, 624, 56048, 66771]"
111113,"[73208, 5032, 108255, 104030, 26440, 75781, 42943, 61670, 83974, 23376]"
111114,"[57559, 33389, 15416, 85581, 13361, 41861, 42934, 96375, 84611, 42068]"
111115,"[63425, 34370, 72013, 67468, 61461, 89921, 101514, 35934, 49683, 28747]"
111116,"[24534, 81806, 1096, 50112, 712, 98899, 60991, 65535, 30170, 46881]"
111117,"[53842, 62895, 71978, 85375, 102524, 26269, 9971, 48224, 58570, 70834]"
111118,"[30114, 102589, 102017, 6750, 14209, 74576, 98680, 62120, 107936, 94385]"
111119,"[4657, 107699, 359, 5851, 14294, 12150, 19990, 10709, 101831, 20558]"
111120,"[106194, 75779, 73427, 10877, 34376, 31635, 69853, 55502, 17016, 66580]"
111121,"[26551, 68441, 68494, 22576, 21092, 107471, 46374, 92349, 101984, 98381]"
111122,"[44493, 2522, 17545, 81845, 25738, 3433, 49316, 5343, 9081, 29558]"
111123,"[56117, 4812, 32791, 25558, 10939, 28981, 60288, 22690, 6047, 83007]"
111124,"[69728, 44246, 35966, 54918, 94724, 16059, 40170, 58853, 95472, 73554]"
111125,"[29784, 15237, 12123, 12797, 39412, 44509, 84931, 51562, 25832, 69791]"
111126,"[67817, 62187, 101245, 68191, 22844, 23172, 70572, 43508, 63058, 21899]"
111127,"[28830, 87414, 106309, 21102, 16567, 39507, 47068, 8922, 35416, 67848]"
111128,"[69884, 47743, 26668, 14407, 91613, 79535, 30408, 46360, 12634, 19091]"
111129,"[51858, 48774, 20237, 55938, 86433, 79354, 36435, 65074, 23153, 93314]"
111130,"[40669, 61929, 109181, 8019, 19751, 36946, 91313, 1555, 101840, 40243]"
111131,"[16755, 93658, 38640, 87772, 15691, 16412, 5880, 83732, 32391, 5962]"
111132,"[95281, 23575, 2659, 28991, 76106, 46932, 44372, 88463, 51862, 10609]"
111133,"[99572, 26418, 63221, 46216, 36811, 76861, 23128, 101238, 41794, 13497]"
111134,"[21538, 89217, 104222, 55047, 2744, 78933, 46157, 5717, 38220, 83815]"
111135,"[36495, 12355, 35662, 17206, 66410, 16555, 55261, 75148, 44201, 68730]"
111136,"[2568, 8232, 80804, 91713, 5624, 97172, 88470, 26153, 60309, 49974]"
111137,"[6438, 35334, 8415, 24438, 95008, 3467, 99657, 45350, 64921, 24033]"
111138,"[102423, 74013, 45139, 3962, 80526, 56528, 94823, 28148, 67814, 41511]"
111139,"[39416, 102519, 98392, 45659, 97684, 96124, 49929, 23443, 19658, 31373]"
111140,"[3687, 89822, 93920, 41141, 107552, 471, 5645, 99468, 45850, 67105]"
111141,"[43981, 18003, 105345, 33049, 27587, 33299, 73977, 73800, 74272, 96065]"
111142,"[83447, 82251, 69774, 7770, 91963, 82537, 71260, 22241, 42012, 77949]"
111143,"[47529, 30924, 33351, 69009, 84834, 12920, 105969, 29369, 65595, 79877]"
111144,"[107874, 60700, 17347, 97539, 47871, 96149, 6331, 11922, 46942, 4901]"
111145,"[78466, 28207, 75524, 84296, 38966, 75701, 32650, 58112, 99292, 54370]"
111146,"[65462, 47123, 22252, 28042, 102268, 58047, 2640, 6335, 95388, 44689]"
111147,"[67638, 45153, 49888, 3899, 84003, 91584, 41150, 55762, 64313, 22740]"
111148,"[64861, 99210, 18284, 102895, 24804, 43679, 25247, 29141, 101292, 100303]"
111149,"[18376, 79651, 104734, 64243, 32429, 44297, 4018, 79345, 29963, 40131]"
111150,"[43019, 17184, 94188, 38444, 88927, 69758, 101945, 56392, 34973, 103636]"
111151,"[68259, 19294, 94176, 3574, 27832, 11899, 11148, 52391, 97700, 53936]"
111152,"[43607, 50432, 92802, 56832, 1827, 58290, 42044, 25627, 100918, 2515]"
111153,"[106796, 90692, 49580, 76191, 49688, 74513, 92758, 29378, 74523, 65769]"
111154,"[48490, 12328, 88012, 69, 2319, 31818, 97461, 96733, 73838, 101797]"
111155,"[8004, 70717, 62244, 51056, 101925, 42545, 53193, 95454, 98634, 69323]"
111156,"[99479, 46636, 108287, 36353, 6062, 10554, 68551, 15124, 56223, 87715]"
111157,"[42158, 62815, 24917, 65773, 74029, 91857, 28487, 103762, 30708, 40212]"
111158,"[1888, 69123, 102049, 94208, 99970, 102384, 20255, 73725, 46868, 22461]"
111159,"[56212, 14086, 80792, 13469, 79294, 91237, 90223, 107552, 76413, 78784]"
111160,"[64808, 16261, 69574, 24537, 47416, 24572, 83450, 2172, 57077, 48878]"
111161,"[29808, 48334, 103864, 72565, 71253, 77185, 108653, 60007, 60540, 56949]"
111162,"[39860, 53327, 80797, 57541, 67907, 76518, 73766, 46752, 28571, 30207]"
111163,"[57833, 23540, 85224, 28923, 39985, 27855, 90056, 49778, 43574, 31605]"
111164,"[65356, 95366, 101120, 26598, 25050, 99463, 91442, 105115, 62206, 15294]"
111165,"[20297, 75329, 95775, 90657, 4309, 9382, 57115, 56780, 48093, 16636]"
111166,"[40181, 108340, 67187, 87192, 23059, 87917, 105831, 67689, 75106, 86731]"
111167,"[24895, 41172, 69341, 83675, 89204, 64082, 19207, 49551, 53328, 93807]"
111168,"[13748, 36557, 64443, 4621, 15657, 101595, 72188, 73723, 62708, 64575]"
111169,"[6652, 104415, 20922, 70403, 7017, 22525, 28682, 106028, 65846, 33450]"
111170,"[79039, 676, 107165, 39495, 38813, 35976, 7013, 51441, 86190, 50807]"
111171,"[10229, 47417, 2843, 14734, 44946, 61258, 85698, 53413, 33897, 80260]"
111172,"[42501, 87841, 55617, 58071, 101296, 101280, 46985, 61354, 93637, 83121]"
111173,"[14791, 80504, 54954, 19448, 78431, 64279, 76926, 90911, 62075, 27850]"
111174,"[827, 248, 89221, 48463, 71556, 82108, 91111, 24426, 2616, 79154]"
111175,"[70438, 63654, 31291, 60403, 69104, 30490, 22190, 22612, 72931, 32658]"
111176,"[29755, 79453, 2700, 8172, 79032, 10462, 100687, 24462, 48002, 30117]"
111177,"[44117, 44463, 12035, 76375, 36104, 27911, 27311, 35351, 100778, 46478]"
111178,"[5771, 64181, 40836, 108548, 97465, 75167, 74397, 72232, 1690, 47504]"
111179,"[35836, 65802, 96264, 78271, 85873, 82015, 19585, 80160, 69155, 60182]"
111180,"[54908, 62058, 23464, 35112, 58902, 14429, 60953, 65828, 8657, 8530]"
111181,"[39130, 46532, 85047, 34858, 75430, 42605, 45895, 41466, 43175, 54577]"
111182,"[102559, 80657, 77588, 39957, 36956, 20445, 50826, 61606, 80003, 64769]"
111183,"[29980, 100085, 12052, 72723, 56942, 68334, 77020, 87775, 20376, 37987]"
111184,"[17280, 67864, 70174, 41555, 60154, 1780, 86221, 97517, 62616, 92703]"
111185,"[590, 95211, 72110, 15106, 80862, 65264, 71068, 6844, 9512, 61007]"
111186,"[49552, 7211, 81759, 48340, 53288, 29899, 74285, 63866, 64810, 71814]"
111187,"[53856, 36599, 75621, 79942, 16682, 3237, 106898, 80530, 49225, 60706]"
111188,"[94843, 2794, 50352, 89038, 58639, 49627, 2411, 18015, 95133, 5750]"
111189,"[49696, 4084, 36685, 1888, 29138, 106098, 13961, 74820, 27948, 108717]"
111190,"[79390, 74647, 27579, 105620, 73813, 10724, 107738, 70096, 52287, 94891]"
111191,"[86771, 61014, 74675, 74364, 41290, 94944, 61981, 94785, 38091, 20075]"
111192,"[77218, 78425, 88229, 58931, 46667, 67153, 46707, 75886, 92676, 29347]"
111193,"[46675, 98483, 3249, 52775, 67528, 59523, 8937, 59071, 60801, 82912]"
111194,"[63354, 27327, 34942, 108053, 63338, 60157, 105255, 109612, 3091, 75357]"
111195,"[16527, 81483, 67587, 95914, 60279, 2464, 105905, 11283, 59712, 6234]"
111196,"[62158, 83951, 85775, 29230, 80384, 22456, 96770, 22078, 71360, 87109]"
111197,"[9237, 96261, 36920, 102565, 80218, 102466, 5963, 12026, 24168, 67030]"
111198,"[90346, 32942, 15489, 7135, 80492, 33215, 67070, 61861, 56189, 34624]"
111199,"[55930, 102950, 73735, 106602, 44146, 89564, 93968, 21626, 33581, 27647]"
111200,"[31872, 60608, 102262, 94718, 1997, 87458, 48328, 72389, 15201, 65893]"
111201,"[16138, 33094, 98946, 86406, 18658, 43801, 86213, 43393, 56609, 18811]"
111202,"[38672, 47758, 12147, 103877, 92231, 59232, 474, 61305, 6852, 96874]"
111203,"[7485, 65666, 74668, 79387, 79532, 83331, 26466, 14594, 31326, 47152]"
111204,"[17157, 8669, 2827, 92704, 108017, 26901, 79380, 26631, 32842, 6043]"
111205,"[84018, 63415, 58286, 38079, 56538, 43109, 4144, 75482, 5731, 73285]"
111206,"[14910, 32745, 16950, 36688, 18580, 9838, 14958, 30648, 45771, 16761]"
111207,"[15446, 27540, 45970, 73065, 77669, 63798, 61712, 30711, 23565, 54602]"
111208,"[2635, 22062, 95116, 30176, 10769, 86918, 77854, 12851, 84781, 23421]"
111209,"[60743, 33997, 88013, 28476, 103030, 67218, 95366, 88785, 107364, 16155]"
111210,"[59433, 53512, 93668, 39666, 3101, 104147, 90249, 37506, 97538, 17604]"
111211,"[81614, 76164, 98573, 11568, 86041, 7054, 92830, 64901, 29588, 80450]"
111212,"[49512, 63556, 61296, 64903, 103880, 72515, 64656, 71822, 65709, 30550]"
111213,"[74880, 30721, 18633, 41862, 39341, 88599, 63502, 107771, 21682, 6064]"
111214,"[77323, 46162, 82844, 80894, 108852, 55282, 85560, 41149, 78941, 76215]"
111215,"[35543, 91820, 78761, 50689, 70448, 76002, 9438, 78090, 105329, 14615]"
111216,"[99098, 57235, 86193, 73590, 47413, 96558, 68558, 97883, 80693, 19286]"
111217,"[33017, 31247, 18602, 35642, 48066, 8950, 50496, 38089, 774, 69380]"
111218,"[39190, 35501, 2393, 24674, 7752, 54307, 6413, 64965, 58605, 55225]"
111219,"[14402, 22958, 17588, 104231, 25116, 52393, 44087, 63539, 82491, 93260]"
111220,"[38790, 29622, 12765, 67520, 71075, 86755, 53622, 107416, 30957, 61387]"
111221,"[33463, 14196, 38486, 84247, 84761, 103322, 91564, 64123, 30489, 98660]"
111222,"[62269, 91851, 100571, 55882, 96365, 16065, 24163, 71521, 43728, 50324]"
111223,"[102888, 21374, 26888, 33654, 7365, 29465, 70692, 99395, 41608, 23463]"
111224,"[105339, 47129, 39426, 30875, 11990, 41841, 82388, 102551, 49778, 90056]"
111225,"[17459, 32268, 22344, 97045, 51433, 1852, 62212, 25156, 105039, 78775]"
111226,"[68692, 65432, 108306, 21401, 30724, 81500, 577, 59443, 27428, 17346]"
111227,"[18431, 25015, 63158, 52550, 82924, 24604, 3092, 19206, 26613, 9544]"
111228,"[58501, 8751, 76360, 10775, 91305, 108375, 58455, 80197, 2994, 16661]"
111229,"[83815, 109580, 8569, 71406, 34423, 49352, 38220, 56480, 67248, 59478]"
111230,"[98648, 68242, 12609, 16434, 80916, 5118, 28733, 46502, 69554, 106873]"
111231,"[14931, 61032, 48107, 8188, 45918, 81830, 58100, 106613, 2304, 107375]"
111232,"[96528, 101510, 108815, 105477, 55272, 2882, 2880, 63035, 83218, 55618]"
111233,"[77704, 15246, 13617, 43939, 18481, 105635, 4146, 90923, 12634, 69884]"
111234,"[85301, 53396, 46711, 95373, 97452, 21375, 19434, 102299, 20093, 89778]"
111235,"[107482, 109616, 47365, 22033, 32165, 53796, 17486, 11788, 6908, 18815]"
111236,"[92428, 62548, 46685, 30311, 74972, 6185, 87124, 18656, 65255, 73663]"
111237,"[82239, 5470, 69639, 15267, 30300, 51698, 24903, 34166, 39344, 75859]"
111238,"[27514, 19858, 89528, 11449, 9403, 103219, 5334, 107331, 74287, 87870]"
111239,"[34094, 46881, 99524, 67063, 65187, 41771, 90091, 65454, 77267, 22271]"
111240,"[33407, 55986, 13258, 4974, 55549, 73277, 103019, 43864, 84129, 1990]"
111241,"[12857, 70889, 84483, 40149, 18603, 10142, 81344, 67097, 86560, 96206]"
111242,"[3022, 69970, 106230, 90087, 38071, 87198, 55663, 91482, 47590, 79513]"
111243,"[95533, 89555, 51104, 104034, 63145, 91008, 64372, 25424, 14184, 61089]"
111244,"[534, 74243, 7662, 49561, 56929, 60950, 16679, 76953, 29618, 76617]"
111245,"[30618, 87677, 41365, 103847, 101416, 69068, 38297, 28973, 66476, 27499]"
111246,"[88409, 40153, 54032, 25669, 77423, 10382, 78488, 41504, 687, 18262]"
111247,"[109772, 19402, 108408, 96796, 50483, 11589, 22026, 16305, 75376, 60380]"
111248,"[103357, 34733, 96452, 84492, 56499, 13714, 9363, 55534, 106966, 18857]"
111249,"[45027, 79197, 63389, 83035, 109546, 75138, 99998, 70797, 71379, 3346]"
111250,"[67500, 47272, 47414, 12535, 94573, 80968, 87732, 14466, 69020, 46024]"
111251,"[49550, 29422, 63539, 834, 39254, 89333, 82491, 28423, 108819, 58764]"
111252,"[48765, 64430, 47591, 96622, 48071, 11482, 92234, 7247, 7376, 71858]"
111253,"[103073, 65234, 35090, 35371, 93297, 103527, 56588, 43762, 101857, 41157]"
111254,"[14737, 16724, 62384, 92228, 57894, 65882, 33968, 86252, 6610, 55420]"
111255,"[94489, 41773, 33877, 9422, 1046, 91261, 28838, 76298, 12887, 33366]"
111256,"[36718, 55831, 14660, 64993, 97154, 72752, 101765, 48896, 85684, 77327]"
111257,"[18363, 26063, 32274, 50311, 105602, 51000, 39278, 21550, 78852, 21582]"
111258,"[39895, 34840, 28492, 43072, 21995, 54971, 23243, 16015, 34665, 74622]"
111259,"[55779, 104776, 82712, 25559, 40379, 85284, 6649, 49020, 38469, 76462]"
111260,"[52877, 85881, 33071, 85377, 108742, 21670, 70478, 85450, 48684, 73474]"
111261,"[2815, 55370, 60394, 93602, 86208, 60773, 47570, 43278, 13583, 51854]"
111262,"[12677, 50883, 59093, 16831, 21727, 71445, 90624, 93632, 50475, 33022]"
111263,"[9774, 44128, 92716, 107864, 967, 90359, 47972, 77002, 1787, 72994]"
111264,"[12929, 54001, 65701, 65397, 72029, 61745, 139, 4660, 71186, 42403]"
111265,"[80259, 64112, 21551, 57494, 67519, 98719, 87308, 54786, 41990, 14593]"
111266,"[63024, 7225, 62326, 31991, 41469, 76444, 38456, 46618, 41770, 51339]"
111267,"[17247, 62521, 107035, 53486, 12748, 6245, 21472, 10316, 89142, 24764]"
111268,"[18890, 338, 85142, 18450, 49175, 38143, 91415, 34340, 35345, 35652]"
111269,"[16484, 47238, 81247, 94813, 36280, 75963, 21566, 105580, 71464, 56715]"
111270,"[60182, 80160, 61139, 58575, 45703, 65831, 99986, 2935, 62375, 60619]"
111271,"[83929, 82889, 96152, 20004, 91603, 31074, 12997, 87132, 49036, 66047]"
111272,"[26243, 23796, 11432, 74268, 24157, 100090, 99217, 85349, 4970, 4390]"
111273,"[42953, 8196, 18750, 15449, 31765, 13308, 42944, 62963, 7650, 30324]"
111274,"[347, 65339, 40671, 97011, 108738, 51580, 78023, 102495, 36564, 51805]"
111275,"[59715, 19380, 81925, 52141, 32394, 35687, 72277, 1755, 41729, 7954]"
111276,"[30668, 8753, 14714, 80896, 53994, 53679, 106335, 43168, 60171, 57197]"
111277,"[37260, 76292, 21073, 48207, 44042, 107578, 33326, 9189, 29499, 25910]"
111278,"[42978, 83696, 19693, 69171, 99075, 2092, 9182, 22883, 97562, 95207]"
111279,"[83247, 88479, 87061, 10945, 4764, 42355, 15041, 109610, 36939, 67917]"
111280,"[40249, 72963, 47469, 55740, 98372, 31246, 44398, 13143, 42391, 88469]"
111281,"[12096, 52867, 100111, 2059, 86564, 101483, 76263, 95023, 49030, 22836]"
111282,"[61277, 91377, 49068, 15135, 37097, 83017, 65359, 62713, 94627, 82627]"
111283,"[25213, 96813, 5367, 87275, 98613, 56931, 13364, 96901, 55031, 43898]"
111284,"[42317, 3773, 60327, 20417, 108891, 51803, 43103, 14505, 26287, 55693]"
111285,"[70404, 35185, 56586, 108984, 58089, 69885, 81896, 64689, 86646, 9462]"
111286,"[31262, 105118, 57438, 84126, 108701, 78134, 53311, 97060, 71199, 83909]"
111287,"[91822, 51435, 58719, 39883, 47352, 46547, 53488, 103608, 107039, 24319]"
111288,"[1700, 107997, 101363, 22127, 77199, 6921, 97513, 20905, 94481, 49865]"
111289,"[46288, 61833, 42962, 33524, 96040, 81924, 49504, 22984, 39395, 13235]"
111290,"[82577, 15521, 84993, 81006, 23798, 18558, 34847, 75666, 86016, 102477]"
111291,"[35730, 37407, 11503, 11243, 38558, 86468, 45025, 92653, 28371, 27606]"
111292,"[30759, 13239, 48296, 27937, 20497, 47037, 56152, 91912, 15906, 27183]"
111293,"[90277, 3959, 37060, 88443, 104899, 79866, 33736, 13115, 82384, 60822]"
111294,"[55397, 9294, 91925, 22261, 19468, 66098, 71750, 31054, 33426, 46027]"
111295,"[46286, 78337, 104173, 88670, 9485, 97722, 26297, 58207, 65277, 58971]"
111296,"[92210, 2188, 28277, 30602, 96126, 89875, 27328, 75316, 980, 54697]"
111297,"[56950, 83069, 58059, 32719, 94275, 67095, 56069, 68829, 11286, 86981]"
111298,"[91933, 35913, 14091, 74777, 26600, 37385, 49296, 22518, 24574, 96547]"
111299,"[17062, 96374, 104068, 61653, 45045, 16441, 56340, 52689, 24581, 109393]"
111300,"[78453, 39032, 39001, 92427, 98031, 6049, 21985, 78620, 2731, 54317]"
111301,"[36902, 11056, 87503, 31015, 70681, 27183, 47037, 97489, 20497, 1097]"
111302,"[69525, 87913, 71714, 108994, 95014, 67678, 87817, 44366, 42369, 13857]"
111303,"[102447, 58802, 82750, 40787, 44453, 50439, 25816, 95487, 109679, 97419]"
111304,"[51501, 12301, 97857, 57971, 57154, 7500, 50294, 69691, 74670, 22532]"
111305,"[92892, 41183, 10523, 81124, 33874, 7957, 94949, 26250, 107327, 91808]"
111306,"[75938, 59273, 102940, 4326, 101975, 8375, 89146, 2562, 108546, 60332]"
111307,"[102198, 84600, 44089, 100971, 12884, 92717, 87718, 51262, 65062, 65787]"
111308,"[25568, 98927, 81246, 31405, 64684, 27623, 3367, 35614, 55280, 53716]"
111309,"[84030, 17799, 46194, 31547, 100490, 46889, 7407, 48975, 65764, 81731]"
111310,"[64563, 88125, 94310, 80664, 30216, 87368, 70484, 86464, 61177, 11571]"
111311,"[108194, 49007, 11021, 19892, 61169, 67374, 36396, 93020, 9081, 46558]"
111312,"[34387, 31705, 24695, 77349, 31595, 91426, 23137, 42520, 32206, 23735]"
111313,"[99320, 97693, 83641, 49229, 22802, 19992, 24669, 45861, 22745, 26976]"
111314,"[93301, 83769, 38704, 6814, 86106, 86630, 7166, 72954, 65378, 4960]"
111315,"[91774, 66023, 100650, 101406, 52913, 54798, 39864, 7857, 7007, 1900]"
111316,"[32080, 95104, 73146, 29, 5677, 9035, 41490, 40812, 104835, 99495]"
111317,"[76734, 12092, 11767, 3731, 3027, 23344, 24054, 104074, 45891, 81387]"
111318,"[59041, 64098, 1757, 78051, 52912, 44326, 109582, 55118, 99589, 8]"
111319,"[33528, 88981, 78781, 70543, 49935, 75098, 89472, 48780, 53151, 40424]"
111320,"[49606, 99323, 88924, 60059, 34442, 34638, 44696, 74302, 44526, 83654]"
111321,"[59170, 1141, 95229, 9144, 43913, 18403, 27868, 40526, 12224, 22293]"
111322,"[10085, 56872, 92303, 58536, 48092, 61670, 7502, 76891, 62946, 42404]"
111323,"[10297, 101434, 82907, 28262, 52534, 91222, 107865, 48002, 30117, 98177]"
111324,"[51807, 53018, 51702, 80245, 46735, 88243, 27059, 24661, 40794, 88033]"
111325,"[60408, 88861, 76091, 37962, 109025, 53205, 62980, 40293, 33221, 96031]"
111326,"[11200, 11289, 99407, 44636, 80928, 42980, 58280, 71320, 76947, 55598]"
111327,"[11871, 11707, 15472, 30256, 25394, 27520, 64360, 18669, 79539, 79197]"
111328,"[25677, 7410, 105880, 25249, 77995, 4461, 98656, 75292, 77676, 104301]"
111329,"[28778, 9071, 74832, 81171, 23587, 70780, 51270, 52373, 2584, 59331]"
111330,"[59071, 85663, 103635, 100031, 66091, 28696, 15546, 52509, 105298, 42295]"
111331,"[47487, 66768, 65716, 9069, 101486, 82612, 12056, 62820, 39894, 46687]"
111332,"[87359, 108475, 85441, 101082, 61882, 34414, 107092, 14385, 105009, 83718]"
111333,"[89179, 52931, 74663, 96823, 40776, 5980, 2493, 49909, 67311, 11506]"
111334,"[102907, 94631, 69212, 35568, 41071, 16618, 45032, 35995, 16293, 96631]"
111335,"[106182, 78344, 25120, 7213, 15922, 91454, 81640, 21228, 23157, 56075]"
111336,"[107742, 63422, 29465, 19247, 22779, 96740, 52187, 15029, 86466, 89606]"
111337,"[61914, 36943, 82811, 28369, 53500, 67748, 32724, 37214, 43231, 64055]"
111338,"[109434, 55765, 93366, 21057, 93995, 57213, 46816, 30416, 10196, 52318]"
111339,"[67522, 13981, 54847, 89558, 51303, 18462, 77585, 27174, 87009, 29549]"
111340,"[77417, 21218, 34777, 45034, 17991, 10177, 104314, 14457, 42408, 71229]"
111341,"[93507, 32499, 100071, 97751, 13541, 10817, 91935, 29736, 88796, 82371]"
111342,"[63409, 62753, 2120, 75216, 75783, 85039, 19474, 83593, 70550, 13690]"
111343,"[102185, 82407, 41439, 45765, 88909, 80777, 78083, 86336, 81139, 7041]"
111344,"[21068, 99205, 88929, 7970, 61044, 4624, 34695, 83969, 27435, 73584]"
111345,"[12809, 75941, 41633, 10552, 34084, 73414, 85210, 42274, 12431, 3061]"
111346,"[97185, 55113, 51460, 2209, 12876, 7635, 4472, 18786, 103222, 10674]"
111347,"[15396, 39722, 13807, 21452, 93554, 77716, 50548, 60681, 10856, 89618]"
111348,"[18649, 107308, 45305, 20658, 88181, 65884, 87642, 7695, 11922, 101053]"
111349,"[94466, 98587, 20208, 9623, 50592, 60638, 24275, 88378, 36840, 96254]"
111350,"[3297, 42175, 12636, 35803, 5256, 76205, 87374, 26724, 98747, 73369]"
111351,"[52230, 72389, 22667, 78837, 48328, 34740, 82417, 55015, 12114, 82050]"
111352,"[54782, 59210, 43065, 97137, 52532, 24474, 18772, 7547, 62122, 49747]"
111353,"[5898, 101106, 20139, 23169, 7167, 9076, 53376, 73920, 10664, 21556]"
111354,"[64322, 56248, 76940, 33280, 31133, 13730, 92033, 13262, 84438, 31830]"
111355,"[30280, 103741, 72980, 33423, 20096, 98723, 63968, 32055, 64437, 37379]"
111356,"[69259, 13962, 42488, 10791, 104589, 47539, 60712, 4247, 71845, 5615]"
111357,"[48666, 18598, 6649, 107705, 538, 50708, 90718, 73842, 73700, 20252]"
111358,"[31542, 82964, 20816, 97916, 61824, 37224, 37657, 1473, 44983, 105422]"
111359,"[91006, 108368, 91899, 50563, 28278, 83226, 101363, 39584, 107997, 14586]"
111360,"[107496, 63936, 36046, 61887, 87489, 50485, 56505, 60265, 12060, 5110]"
111361,"[27278, 30918, 85608, 107762, 90356, 98555, 10581, 68296, 24086, 96594]"
111362,"[9687, 3243, 66138, 80048, 12047, 28097, 101072, 43514, 48742, 49824]"
111363,"[59506, 33092, 18442, 52660, 84339, 24035, 62486, 89582, 56245, 25393]"
111364,"[87886, 19439, 25582, 30269, 12752, 49944, 24625, 68207, 88205, 66677]"
111365,"[1082, 37641, 105926, 109227, 33972, 69237, 85852, 52101, 35695, 23064]"
111366,"[4945, 24670, 33067, 23295, 37442, 75703, 5272, 71873, 48278, 59561]"
111367,"[19262, 6862, 56473, 67644, 13823, 62578, 88987, 65110, 87772, 102038]"
111368,"[42850, 74947, 3466, 69078, 13758, 57890, 87639, 24552, 12493, 24487]"
111369,"[26649, 81926, 30093, 1494, 17267, 77795, 106750, 28992, 57168, 1419]"
111370,"[8735, 16181, 20597, 27629, 60175, 32580, 90523, 61268, 65291, 97611]"
111371,"[34346, 16773, 41623, 5680, 97855, 17472, 78691, 51230, 87184, 92483]"
111372,"[72037, 47800, 97780, 59437, 37624, 99202, 32156, 60043, 73655, 58659]"
111373,"[85389, 65869, 93723, 105232, 3783, 26124, 95964, 53012, 71702, 73380]"
111374,"[84255, 103330, 50167, 223, 52244, 77643, 34254, 65478, 35683, 18597]"
111375,"[53498, 7355, 60498, 102084, 35041, 54498, 78513, 105462, 13903, 48960]"
111376,"[10834, 107100, 52707, 4510, 56317, 105253, 106841, 39451, 65993, 34861]"
111377,"[56403, 2998, 88936, 68969, 104179, 9002, 99611, 105144, 108273, 29087]"
111378,"[51475, 73485, 94101, 84480, 84655, 87872, 28959, 8573, 179, 38530]"
111379,"[57615, 91124, 89079, 76356, 86682, 40007, 74768, 82192, 103883, 74419]"
111380,"[59052, 7393, 21055, 44448, 32594, 77987, 19701, 52711, 75902, 6990]"
111381,"[7547, 18772, 29043, 41224, 17732, 67076, 85806, 59210, 54782, 78688]"
111382,"[38794, 77387, 31685, 44726, 35841, 66133, 38673, 38060, 99943, 75290]"
111383,"[78155, 105607, 50339, 108807, 61993, 79068, 66639, 38243, 617, 31181]"
111384,"[293, 74428, 82613, 21978, 51302, 93329, 39961, 83282, 77228, 65280]"
111385,"[3043, 39098, 36511, 59534, 64820, 89723, 51767, 105769, 69966, 92727]"
111386,"[47507, 75441, 83557, 26490, 42165, 85959, 30535, 88429, 89520, 36275]"
111387,"[67933, 9815, 84749, 89952, 36763, 87916, 29928, 90232, 91726, 1021]"
111388,"[88240, 23728, 94099, 44392, 50471, 70248, 19415, 55594, 69484, 30818]"
111389,"[92793, 98729, 23909, 98125, 91398, 63682, 54788, 9068, 31131, 39486]"
111390,"[17659, 68313, 95743, 13003, 40804, 64787, 71712, 15983, 21702, 17712]"
111391,"[85303, 107637, 95043, 50996, 98943, 57551, 39389, 77498, 87623, 24044]"
111392,"[15319, 6371, 49776, 45155, 16797, 4615, 108090, 49542, 45906, 81905]"
111393,"[11652, 99645, 55880, 23641, 40614, 70884, 32559, 57896, 17948, 11794]"
111394,"[41647, 65422, 85218, 105851, 105312, 82561, 25047, 91411, 104599, 39788]"
111395,"[32178, 9226, 77255, 98695, 31845, 9553, 83008, 25401, 70043, 18973]"
111396,"[665, 18938, 35645, 67378, 34669, 60584, 38097, 31050, 75828, 99604]"
111397,"[2192, 21190, 19729, 56241, 106855, 74997, 46053, 76864, 101594, 42752]"
111398,"[79607, 106493, 106519, 63749, 22591, 74232, 28570, 31959, 89740, 17038]"
111399,"[21535, 100438, 77389, 42806, 25258, 7717, 93530, 42586, 894, 16380]"
111400,"[15239, 42152, 106438, 8477, 106873, 95687, 61432, 105959, 89133, 80758]"
111401,"[105203, 49513, 12511, 55315, 2547, 76625, 94691, 44576, 80428, 104409]"
111402,"[57021, 65319, 8805, 56459, 23245, 50604, 54436, 12652, 93198, 27628]"
111403,"[38933, 93600, 13659, 84506, 47971, 10314, 40091, 23366, 70622, 102890]"
111404,"[88701, 93952, 59700, 79446, 78107, 105923, 66109, 83153, 43429, 14627]"
111405,"[6632, 91237, 29405, 71064, 89447, 24646, 2424, 71295, 9569, 17023]"
111406,"[77139, 100870, 14414, 23841, 95562, 25824, 41323, 46218, 97488, 102691]"
111407,"[16299, 25659, 39881, 30902, 59629, 59475, 48127, 36936, 7653, 63977]"
111408,"[34515, 22847, 99865, 49867, 20272, 50991, 91197, 105515, 40267, 20884]"
111409,"[6865, 34080, 49903, 65600, 51130, 16232, 17411, 55017, 83617, 30010]"
111410,"[103381, 66364, 29708, 88997, 107775, 4356, 48534, 74637, 97849, 6794]"
111411,"[4841, 35957, 72610, 6664, 36928, 34004, 104720, 107345, 50967, 9731]"
111412,"[30046, 94147, 84248, 104305, 72833, 21194, 23765, 71150, 15181, 26714]"
111413,"[78056, 25927, 33883, 50221, 33858, 70680, 44423, 53614, 83289, 21752]"
111414,"[63290, 78814, 83039, 2432, 68666, 1737, 65240, 104221, 86153, 25065]"
111415,"[29834, 45454, 92019, 35508, 13914, 78189, 74614, 68664, 55399, 12790]"
111416,"[26157, 28882, 25118, 9593, 66875, 48495, 58706, 37020, 31181, 617]"
111417,"[29516, 71164, 428, 57452, 104483, 15233, 95669, 29605, 51877, 5686]"
111418,"[25752, 66830, 63793, 38025, 65861, 93257, 33460, 102248, 31658, 103207]"
111419,"[101562, 2808, 53640, 42814, 99587, 37701, 83811, 95507, 69533, 109421]"
111420,"[109627, 14845, 92820, 77369, 59269, 84106, 11523, 6063, 75104, 54801]"
111421,"[68662, 4553, 28913, 30363, 61409, 46436, 24490, 7197, 2495, 8009]"
111422,"[65886, 93649, 54462, 31809, 75255, 71289, 11790, 91126, 9607, 109661]"
111423,"[78682, 99424, 39752, 69404, 82615, 49369, 38950, 63445, 659, 72044]"
111424,"[109739, 72272, 72466, 49656, 21124, 2101, 64751, 107903, 41083, 24776]"
111425,"[41719, 42576, 42117, 32399, 85767, 34348, 10273, 70365, 99304, 89187]"
111426,"[10673, 103662, 23629, 86145, 20560, 11071, 103507, 101467, 89021, 75424]"
111427,"[8111, 14006, 19016, 99973, 7605, 26979, 22610, 55798, 108825, 36278]"
111428,"[54050, 6566, 39605, 52313, 43234, 85774, 94868, 54821, 52348, 103807]"
111429,"[36810, 80861, 22858, 53421, 99051, 89084, 107647, 6588, 40101, 61363]"
111430,"[45834, 98654, 96135, 78373, 45973, 11539, 20147, 18400, 33820, 90774]"
111431,"[26007, 22952, 95191, 11752, 99278, 98430, 107803, 44893, 21149, 68702]"
111432,"[26803, 31, 23532, 47617, 383, 101328, 57729, 75429, 49452, 76489]"
111433,"[34042, 96588, 56095, 5326, 106948, 103677, 65305, 107577, 28629, 28363]"
111434,"[3044, 37249, 9325, 11036, 87876, 60035, 47048, 5094, 43071, 23042]"
111435,"[86375, 99344, 43680, 73338, 70962, 59834, 48094, 77765, 12551, 68766]"
111436,"[98481, 84071, 97171, 41061, 93420, 69726, 97467, 13322, 18414, 29665]"
111437,"[52105, 29020, 36647, 7910, 85080, 91430, 52940, 35350, 97804, 71979]"
111438,"[4713, 53851, 43084, 91783, 95749, 38718, 50355, 13535, 42684, 107658]"
111439,"[101107, 32761, 72073, 44934, 80203, 70307, 28567, 40830, 47177, 9693]"
111440,"[38080, 3963, 4638, 15471, 89011, 49033, 71991, 47698, 43428, 88715]"
111441,"[77029, 14396, 16376, 42368, 34806, 38450, 106848, 87767, 3228, 99905]"
111442,"[6124, 24206, 73787, 30233, 52532, 43065, 13168, 70938, 45663, 100351]"
111443,"[30832, 6356, 9214, 47075, 102405, 28056, 20690, 96949, 25595, 90828]"
111444,"[69042, 14618, 81638, 28833, 51678, 35436, 25629, 13105, 78188, 75003]"
111445,"[83793, 46501, 31672, 107141, 29347, 7755, 63461, 92304, 79344, 18963]"
111446,"[82172, 41448, 106826, 3618, 65574, 62956, 57633, 40695, 45653, 82443]"
111447,"[52904, 31355, 67540, 58687, 85861, 32995, 43837, 23817, 19056, 82087]"
111448,"[68332, 32207, 26951, 101666, 53432, 67791, 53053, 3457, 5951, 26345]"
111449,"[71546, 7653, 29639, 70293, 26609, 42039, 41963, 84931, 25659, 57041]"
111450,"[1523, 42790, 50986, 66564, 87549, 77258, 3387, 96881, 91330, 8525]"
111451,"[69464, 86404, 49241, 54316, 54264, 90567, 21058, 35457, 98689, 70782]"
111452,"[55535, 22036, 86437, 82284, 88193, 78920, 92213, 54302, 62608, 13942]"
111453,"[74395, 107499, 33619, 75685, 106690, 54123, 65729, 38487, 109727, 34312]"
111454,"[30842, 19444, 43884, 57525, 8254, 44126, 33028, 93824, 91284, 65875]"
111455,"[11864, 39681, 19193, 4665, 91687, 55542, 67057, 100714, 70817, 47543]"
111456,"[102815, 78444, 68229, 34136, 57556, 66219, 103380, 60749, 32001, 53273]"
111457,"[104337, 60626, 36253, 80737, 40851, 105708, 48962, 69681, 88197, 6655]"
111458,"[83229, 105556, 68885, 48707, 100925, 74979, 24692, 107917, 83123, 10010]"
111459,"[70177, 12006, 33919, 36751, 96872, 86138, 21680, 15997, 107258, 12444]"
111460,"[71847, 40840, 41982, 6316, 75610, 100280, 104929, 18691, 69438, 55576]"
111461,"[34451, 61529, 84961, 12493, 6490, 22487, 56040, 87620, 33531, 98510]"
111462,"[67854, 58781, 15113, 52248, 8833, 1073, 70110, 91501, 12456, 106887]"
111463,"[70173, 57456, 100365, 39253, 54637, 49586, 66063, 22772, 50313, 35134]"
111464,"[98480, 2816, 1506, 93082, 43331, 73437, 4233, 103426, 37906, 5087]"
111465,"[8296, 49199, 102756, 96797, 82728, 45463, 38383, 54838, 88908, 719]"
111466,"[79680, 58955, 77657, 25375, 76372, 13268, 106682, 63503, 81084, 29525]"
111467,"[18194, 64644, 6093, 97518, 52444, 91423, 71850, 4714, 72496, 91858]"
111468,"[99874, 105131, 109747, 56257, 49725, 63929, 33576, 97372, 25044, 14847]"
111469,"[20169, 7417, 106262, 49091, 63381, 51972, 59452, 72933, 46817, 56465]"
111470,"[55941, 21222, 87930, 64910, 36499, 86649, 51078, 10009, 102434, 79076]"
111471,"[2472, 25390, 93114, 2507, 100832, 20574, 11562, 62506, 16536, 50719]"
111472,"[79223, 40063, 74313, 14469, 72200, 75051, 109419, 13673, 87880, 105183]"
111473,"[60708, 78193, 37560, 54304, 9418, 39324, 1373, 99579, 88483, 91670]"
111474,"[27625, 87116, 5276, 34908, 32104, 40044, 14846, 49962, 69967, 4140]"
111475,"[62350, 10993, 17904, 51838, 99753, 11250, 60643, 2869, 57418, 21323]"
111476,"[59032, 57468, 4937, 82157, 84768, 5484, 40738, 25709, 56601, 90316]"
111477,"[47228, 29190, 42810, 62832, 10279, 18648, 61695, 35330, 92225, 78547]"
111478,"[61233, 103703, 76529, 70559, 109578, 88490, 31797, 59846, 36570, 61962]"
111479,"[51207, 10697, 46978, 30275, 22240, 82551, 9449, 1303, 33040, 38619]"
111480,"[104145, 20493, 54636, 51906, 107389, 26254, 18184, 80302, 61254, 63703]"
111481,"[36525, 75109, 61115, 98073, 79874, 34592, 48028, 56484, 5038, 64308]"
111482,"[82698, 5332, 90425, 40006, 37874, 2093, 60091, 33383, 40544, 66751]"
111483,"[18817, 61940, 81183, 47116, 98377, 11120, 31592, 102387, 31633, 84101]"
111484,"[45322, 56753, 61380, 59128, 9210, 62115, 48467, 31851, 67634, 101952]"
111485,"[30621, 105954, 56938, 4266, 32551, 24167, 18711, 41751, 5503, 67376]"
111486,"[105732, 56838, 41440, 41917, 57647, 48260, 100100, 35898, 74006, 44578]"
111487,"[62022, 86951, 106146, 35777, 57251, 96856, 30736, 26876, 66609, 28433]"
111488,"[101825, 38898, 35771, 27172, 62853, 70269, 65202, 12532, 20245, 97553]"
111489,"[7846, 68051, 45180, 87371, 8974, 16809, 71654, 16083, 107766, 44536]"
111490,"[65943, 80986, 37928, 90415, 9585, 47378, 49396, 63463, 21081, 91033]"
111491,"[68675, 9010, 21563, 55742, 6632, 77818, 94509, 60045, 51397, 75083]"
111492,"[102682, 95353, 107436, 70314, 44870, 78285, 65748, 104148, 23272, 44572]"
111493,"[27912, 40773, 31026, 106937, 84619, 67890, 36546, 30156, 8344, 53004]"
111494,"[5294, 74671, 52442, 92375, 6312, 52360, 10989, 82922, 80138, 40475]"
111495,"[75842, 65343, 11405, 52077, 72581, 16343, 58022, 90685, 80614, 42582]"
111496,"[90345, 38747, 55150, 21522, 15772, 11680, 56633, 10217, 1181, 97028]"
111497,"[98939, 53800, 70868, 79947, 97482, 66884, 2497, 10928, 54479, 18600]"
111498,"[98391, 47979, 5033, 2678, 27910, 50005, 83733, 47705, 33238, 45537]"
111499,"[73856, 7969, 9969, 52424, 59584, 106914, 23065, 3855, 109291, 9364]"
111500,"[108771, 22822, 25504, 36132, 63863, 5786, 97202, 44615, 94585, 62053]"
111501,"[79083, 26158, 84850, 11721, 27495, 8773, 60800, 33806, 43291, 108372]"
111502,"[56402, 84839, 43892, 73239, 8405, 49107, 28174, 97738, 32861, 91269]"
111503,"[37507, 66365, 58293, 18496, 64222, 2279, 72412, 91081, 11336, 21790]"
111504,"[28346, 107230, 24942, 50518, 24512, 99197, 96888, 29896, 95455, 51982]"
111505,"[32430, 23191, 25010, 83130, 44885, 93652, 54858, 51550, 20811, 60714]"
111506,"[103804, 85821, 77330, 41617, 80809, 108873, 50295, 26654, 96079, 38528]"
111507,"[48580, 49783, 74018, 5735, 33943, 93994, 10902, 102914, 62272, 97336]"
111508,"[16517, 32511, 36842, 54778, 97665, 52781, 25378, 4763, 61776, 59205]"
111509,"[18704, 82079, 10349, 94955, 42912, 36446, 66237, 92794, 75980, 2968]"
111510,"[52909, 89099, 81186, 38878, 91222, 18046, 89404, 40808, 65431, 108744]"
111511,"[98790, 5611, 27947, 37185, 107056, 93603, 49723, 103346, 100003, 106735]"
111512,"[72718, 46187, 69295, 52328, 26485, 40757, 56687, 8730, 86802, 46729]"
111513,"[52902, 91131, 61501, 104188, 59872, 109576, 30539, 91249, 36150, 95289]"
111514,"[59075, 90267, 109392, 70042, 82530, 77379, 19009, 49377, 96682, 59177]"
111515,"[85013, 45608, 88550, 104072, 32945, 57307, 70464, 54837, 34985, 83379]"
111516,"[34502, 29026, 93905, 66539, 34396, 95002, 81349, 23530, 24135, 103823]"
111517,"[46109, 27458, 24747, 88549, 96767, 95385, 13580, 99620, 50708, 90718]"
111518,"[18458, 66310, 91037, 17856, 106562, 68794, 991, 52916, 292, 83453]"
111519,"[80294, 52397, 74919, 95688, 20931, 40607, 46041, 61986, 42177, 11580]"
111520,"[15297, 38765, 66716, 21696, 100345, 21949, 57084, 10911, 73689, 73083]"
111521,"[99970, 99401, 99640, 71633, 46651, 41825, 20512, 63671, 27601, 59455]"
111522,"[9452, 34381, 61142, 104918, 2477, 19871, 83337, 50508, 105859, 30144]"
111523,"[50179, 38808, 8775, 17246, 4859, 3657, 14885, 38960, 77635, 90045]"
111524,"[103675, 89201, 84503, 3618, 57559, 76352, 20584, 51181, 2585, 46532]"
111525,"[83333, 106595, 62665, 64862, 82053, 86468, 45165, 98555, 11842, 86512]"
111526,"[35104, 51596, 5599, 2133, 92449, 99445, 86506, 44160, 108989, 88432]"
111527,"[49316, 3433, 44493, 509, 19387, 48899, 29558, 9081, 14909, 24553]"
111528,"[28003, 54539, 105479, 16446, 51759, 108490, 106783, 100329, 90867, 86112]"
111529,"[79144, 86248, 88284, 69221, 70505, 38777, 103670, 58438, 56517, 23536]"
111530,"[71264, 74811, 44157, 63228, 54932, 25393, 89582, 56245, 102948, 62486]"
111531,"[50247, 27768, 89871, 1483, 104007, 83994, 60903, 54102, 97058, 76683]"
111532,"[101391, 13618, 15157, 24195, 90348, 57270, 26474, 25303, 53760, 42292]"
111533,"[40777, 75949, 33522, 41742, 51827, 74368, 45549, 69305, 43932, 14127]"
111534,"[77481, 27721, 80187, 31509, 82268, 65349, 103914, 63173, 97464, 54034]"
111535,"[65615, 15083, 63853, 4726, 16270, 108318, 63498, 23670, 61052, 105265]"
111536,"[37627, 34963, 54077, 64570, 36673, 44282, 20360, 52877, 105780, 85881]"
111537,"[80817, 9967, 23165, 72716, 22083, 77089, 45979, 103393, 8219, 45278]"
111538,"[34996, 45314, 14130, 12117, 37657, 100926, 97916, 77208, 98332, 82964]"
111539,"[35987, 75002, 24890, 18634, 18553, 103081, 85924, 8424, 18885, 97505]"
111540,"[25513, 64050, 101480, 82151, 58664, 66803, 80095, 18814, 52560, 63655]"
111541,"[92410, 71592, 30957, 78788, 18775, 94348, 98612, 107073, 26159, 101877]"
111542,"[81055, 102514, 42169, 86528, 48958, 42440, 84351, 75423, 97739, 53613]"
111543,"[39805, 73492, 94653, 69611, 98775, 94009, 8576, 59173, 46832, 100480]"
111544,"[20858, 51379, 105601, 78638, 58408, 108206, 105911, 34907, 55432, 3808]"
111545,"[86968, 50086, 18156, 23776, 44092, 27734, 93103, 60160, 64041, 24732]"
111546,"[54292, 5511, 95251, 4292, 83541, 11420, 73747, 79124, 79250, 55720]"
111547,"[23407, 90038, 10157, 8749, 101089, 22293, 19998, 55780, 14868, 109100]"
111548,"[102807, 75033, 77287, 88365, 25664, 20482, 106683, 62592, 72033, 26721]"
111549,"[32683, 27422, 11824, 20446, 42290, 101085, 46105, 71560, 47578, 58121]"
111550,"[16203, 41907, 31884, 53953, 51403, 6580, 12186, 91833, 97853, 17327]"
111551,"[45682, 84204, 57623, 47063, 53199, 71830, 84530, 17088, 53744, 43882]"
111552,"[60622, 61841, 53644, 41153, 85428, 74155, 4853, 65637, 86658, 76867]"
111553,"[85332, 76039, 54481, 50004, 19968, 97889, 5512, 14886, 72478, 96398]"
111554,"[95318, 44364, 71001, 105105, 81033, 87824, 16112, 33990, 59504, 3996]"
111555,"[75494, 80846, 98684, 31770, 23101, 41682, 6634, 41829, 18764, 6132]"
111556,"[1736, 52228, 64187, 104625, 106079, 76713, 59743, 79781, 94168, 89476]"
111557,"[19472, 101482, 66765, 57873, 15057, 38639, 40216, 78354, 39492, 24951]"
111558,"[74786, 91902, 55724, 48198, 68580, 62387, 84080, 14784, 102205, 4287]"
111559,"[7317, 57215, 87107, 77907, 79996, 66974, 59584, 64010, 19456, 48255]"
111560,"[10289, 101443, 35261, 93147, 89344, 28882, 57006, 31823, 69108, 81051]"
111561,"[60557, 83765, 11105, 92776, 43894, 87055, 103568, 99363, 18987, 102957]"
111562,"[66141, 100669, 10036, 771, 48330, 7164, 103069, 24464, 15275, 76217]"
111563,"[72254, 3170, 107867, 63834, 38821, 19419, 105725, 99969, 71663, 103057]"
111564,"[24843, 54244, 95169, 25956, 74488, 15826, 89418, 47508, 101682, 65937]"
111565,"[93327, 93203, 14996, 40877, 97874, 55961, 70478, 108742, 21670, 2969]"
111566,"[54183, 57602, 16005, 19358, 36292, 106902, 26903, 76810, 99817, 34419]"
111567,"[14068, 8647, 92393, 18290, 85973, 27001, 103740, 14695, 35338, 61468]"
111568,"[73157, 108585, 96976, 27315, 20926, 40078, 60540, 13643, 70871, 5553]"
111569,"[15111, 78510, 86580, 48996, 5869, 1871, 71115, 107784, 54211, 14804]"
111570,"[79702, 6456, 43111, 5093, 51393, 27085, 69801, 24939, 42813, 51241]"
111571,"[18856, 14039, 27368, 76664, 68314, 64763, 46789, 86234, 82899, 73007]"
111572,"[1079, 9695, 18702, 32113, 49805, 68165, 37226, 50121, 26902, 31818]"
111573,"[91337, 23072, 6357, 103654, 80320, 37195, 38923, 81544, 36274, 79556]"
111574,"[69482, 89293, 25902, 23921, 77470, 29966, 64298, 39167, 72637, 81520]"
111575,"[44356, 58620, 28824, 73224, 45884, 73031, 68323, 42715, 23138, 26641]"
111576,"[101753, 41017, 42647, 103371, 105270, 77649, 50702, 90141, 49758, 44063]"
111577,"[48053, 82623, 43851, 59486, 82885, 33670, 84906, 89307, 4209, 44395]"
111578,"[80105, 37929, 105645, 84224, 10802, 5257, 69427, 101399, 92815, 78384]"
111579,"[39645, 1867, 16118, 106517, 77942, 34590, 24868, 58319, 63489, 47322]"
111580,"[29330, 412, 92806, 56610, 80041, 48508, 84269, 52507, 74890, 24333]"
111581,"[87441, 86836, 45876, 88480, 101626, 69623, 61215, 53925, 108247, 26250]"
111582,"[20672, 13839, 70953, 57413, 98006, 108124, 9761, 44226, 98989, 80193]"
111583,"[65653, 79426, 53548, 94987, 11712, 30772, 69043, 99272, 77617, 10090]"
111584,"[97296, 85293, 35644, 71615, 6802, 19274, 13177, 7800, 107801, 22639]"
111585,"[90927, 87986, 75059, 72879, 2873, 82805, 74942, 87413, 72780, 98265]"
111586,"[68810, 46809, 102198, 87718, 51262, 92711, 3194, 17067, 88836, 76781]"
111587,"[19199, 45821, 11496, 63046, 88905, 12388, 79353, 24725, 58831, 90969]"
111588,"[46144, 62783, 21721, 22626, 27271, 26358, 17620, 94483, 32660, 55576]"
111589,"[58664, 47803, 66461, 19049, 52560, 18814, 104837, 80095, 66803, 82151]"
111590,"[59184, 73803, 11927, 89981, 98143, 14437, 105438, 92991, 87366, 42514]"
111591,"[23106, 2168, 579, 38740, 96334, 1902, 2002, 36087, 78560, 104027]"
111592,"[43327, 64678, 22753, 16209, 102040, 30473, 87858, 67838, 74308, 43524]"
111593,"[30536, 71973, 18758, 72249, 12292, 41194, 103377, 31726, 15874, 109713]"
111594,"[33163, 106705, 33419, 58289, 33234, 90334, 10480, 97252, 19014, 36033]"
111595,"[94593, 23877, 25244, 67759, 71330, 34599, 28983, 50647, 82180, 7965]"
111596,"[52733, 26318, 63604, 103869, 85093, 70065, 50251, 44161, 84543, 26017]"
111597,"[20704, 82718, 35761, 68660, 6457, 89441, 67422, 68053, 102543, 51195]"
111598,"[20573, 8366, 74432, 28386, 59893, 62844, 43297, 93558, 16137, 81329]"
111599,"[46312, 74193, 28582, 33479, 73207, 78601, 90931, 39633, 47492, 87117]"
111600,"[15897, 37459, 44762, 87802, 74551, 94962, 77644, 14144, 24709, 70753]"
111601,"[27239, 34001, 67008, 40458, 16285, 106274, 73154, 58961, 86447, 45559]"
111602,"[104757, 27470, 93842, 30836, 81337, 78593, 62362, 9850, 19230, 56326]"
111603,"[106767, 28229, 92935, 83985, 19923, 103335, 98167, 64637, 107915, 88723]"
111604,"[56073, 108718, 24836, 28614, 61771, 106677, 14041, 37039, 35518, 28818]"
111605,"[88939, 18231, 13541, 103204, 30929, 16802, 85067, 99170, 21490, 7739]"
111606,"[61847, 14562, 13116, 91214, 19573, 67852, 75330, 21286, 4007, 63197]"
111607,"[79206, 327, 97497, 88213, 70769, 74767, 34544, 2704, 41038, 63160]"
111608,"[96463, 18720, 18344, 63579, 70243, 5649, 59598, 977, 108494, 65277]"
111609,"[45577, 99315, 94730, 66931, 101132, 48518, 15418, 99283, 100384, 12345]"
111610,"[28641, 14997, 36498, 38403, 23432, 4429, 64067, 55943, 47368, 94686]"
111611,"[66185, 76873, 28946, 68453, 99840, 30906, 63700, 96705, 50094, 103812]"
111612,"[42562, 67490, 51179, 80672, 36942, 31606, 58553, 68941, 12269, 79566]"
111613,"[14593, 43310, 13773, 10997, 58694, 94011, 28020, 8742, 80259, 64112]"
111614,"[1178, 71530, 17275, 72183, 36296, 67537, 30752, 18073, 11401, 45295]"
111615,"[76981, 17177, 38600, 36059, 30324, 70712, 31765, 35017, 82348, 80614]"
111616,"[83782, 27631, 7724, 94442, 101768, 76044, 2375, 23536, 85786, 16276]"
111617,"[39333, 94219, 9877, 4542, 78627, 29022, 70116, 105974, 100538, 80450]"
111618,"[59425, 434, 27591, 21587, 67838, 70095, 78949, 48767, 77150, 7848]"
111619,"[52628, 7503, 96144, 41525, 80723, 36776, 25596, 58207, 77948, 0]"
111620,"[13760, 89922, 45224, 101951, 1098, 52779, 48650, 93907, 75792, 54408]"
111621,"[38836, 86725, 42775, 27021, 71019, 99979, 83491, 15949, 3376, 11011]"
111622,"[96669, 60009, 20540, 87234, 103455, 41816, 41446, 14421, 38321, 66185]"
111623,"[14723, 94223, 73315, 106386, 43483, 95875, 78153, 102188, 64807, 11127]"
111624,"[72717, 72952, 57733, 38827, 87771, 97247, 79831, 105845, 49692, 70156]"
111625,"[48509, 9293, 39526, 41693, 69139, 70261, 32917, 11367, 72292, 42932]"
111626,"[54803, 6608, 67635, 21504, 64421, 74602, 11539, 5472, 49685, 62594]"
111627,"[46975, 43039, 97044, 92619, 107951, 2410, 99156, 79517, 14578, 98184]"
111628,"[63435, 105959, 71307, 3929, 93113, 7073, 107362, 16434, 54576, 106873]"
111629,"[66722, 58310, 21539, 77868, 19952, 35227, 93057, 93597, 58967, 38977]"
111630,"[49516, 97110, 98496, 58243, 62730, 76244, 42515, 30406, 95439, 106982]"
111631,"[3154, 38423, 87575, 55170, 30838, 79131, 88940, 8759, 83738, 64904]"
111632,"[91927, 74026, 59149, 69260, 70324, 1980, 76713, 33714, 53694, 30423]"
111633,"[23236, 67035, 91910, 55813, 16844, 349, 77027, 93381, 33799, 109191]"
111634,"[99661, 32605, 27661, 18159, 10156, 7729, 102276, 45812, 94755, 29311]"
111635,"[77763, 49234, 33691, 64836, 73881, 66070, 63175, 2838, 33856, 52026]"
111636,"[57133, 68026, 56936, 97944, 25745, 19641, 32555, 73878, 7830, 84042]"
111637,"[68350, 77634, 28660, 57826, 83837, 18125, 95040, 9167, 34540, 80176]"
111638,"[35547, 31181, 617, 108807, 96377, 65918, 45491, 105607, 108241, 55550]"
111639,"[106256, 57095, 106958, 71965, 42048, 7418, 50400, 23180, 71581, 10540]"
111640,"[33849, 17211, 53577, 32336, 458, 10747, 12991, 57206, 18359, 109773]"
111641,"[4665, 71614, 54561, 88883, 47543, 26300, 11864, 55542, 29655, 65901]"
111642,"[65126, 77843, 59696, 25280, 39708, 37310, 76607, 41608, 99395, 20821]"
111643,"[85753, 99706, 48030, 109592, 18830, 66796, 90588, 76560, 107264, 92906]"
111644,"[16377, 57438, 84126, 10392, 97060, 108701, 78134, 61483, 7237, 62874]"
111645,"[48256, 39074, 16015, 34665, 5347, 83119, 55585, 31572, 87164, 85732]"
111646,"[105377, 55041, 61255, 74802, 63818, 55582, 69836, 85319, 43032, 1424]"
111647,"[17892, 11468, 37341, 65347, 39899, 84390, 98532, 59981, 41613, 77472]"
111648,"[24310, 36170, 21686, 71008, 18980, 26044, 42884, 81357, 39717, 45800]"
111649,"[55283, 94181, 85627, 105857, 44647, 95812, 93241, 24727, 26183, 90388]"
111650,"[13887, 12633, 25580, 51654, 27629, 58161, 109724, 58009, 99738, 30272]"
111651,"[14843, 78338, 60439, 95797, 91967, 59498, 78477, 77656, 19380, 96459]"
111652,"[81829, 5094, 104391, 74845, 83353, 29044, 49737, 41199, 10612, 34861]"
111653,"[77411, 85853, 52894, 108001, 81091, 50600, 78669, 86329, 68213, 51051]"
111654,"[79365, 101970, 90052, 93135, 28375, 55811, 68835, 10375, 16774, 47926]"
111655,"[32810, 23863, 79843, 81941, 109538, 49488, 107049, 96659, 49270, 10588]"
111656,"[44907, 100675, 34228, 41578, 64906, 79958, 41132, 867, 58127, 80963]"
111657,"[66394, 40593, 40886, 31418, 107578, 75433, 96532, 59260, 56052, 97472]"
111658,"[56847, 30210, 99214, 97596, 13994, 7242, 12885, 8999, 30271, 66585]"
111659,"[91637, 87907, 1644, 38574, 36361, 86476, 90174, 52619, 63806, 100232]"
111660,"[15019, 24898, 51780, 47249, 59909, 55901, 72385, 78500, 41512, 28757]"
111661,"[22154, 91761, 87337, 54177, 63731, 66783, 85832, 57912, 8281, 101617]"
111662,"[50964, 103262, 77753, 19175, 37840, 31958, 62767, 14537, 39334, 74860]"
111663,"[57375, 16652, 8093, 105756, 96143, 95486, 38289, 75984, 6221, 13866]"
111664,"[46038, 82078, 15009, 79945, 42546, 23189, 1740, 23958, 27189, 64817]"
111665,"[78733, 50656, 12180, 66695, 75473, 74104, 70984, 18121, 81513, 81193]"
111666,"[108274, 66778, 14398, 78906, 108767, 49126, 43752, 74075, 20644, 107974]"
111667,"[42873, 35899, 9201, 21149, 39661, 46452, 17198, 58011, 4784, 95191]"
111668,"[81541, 79155, 80821, 51653, 49669, 42630, 23268, 29363, 82143, 47203]"
111669,"[93835, 36226, 43674, 98895, 88902, 10072, 107756, 103389, 81037, 30654]"
111670,"[73015, 24851, 19905, 69957, 55655, 40641, 28859, 88934, 95907, 2683]"
111671,"[41086, 92884, 19161, 87483, 15651, 64344, 45373, 78664, 18181, 8310]"
111672,"[45728, 86214, 48383, 87899, 91697, 86513, 18761, 78904, 22188, 96159]"
111673,"[82613, 21978, 74428, 37190, 97970, 59591, 74507, 30923, 1823, 53442]"
111674,"[55362, 65199, 12850, 24374, 63927, 76225, 49803, 69146, 2932, 46520]"
111675,"[85281, 87871, 43254, 77972, 98279, 6685, 66965, 37863, 86292, 72540]"
111676,"[68230, 25195, 81132, 45206, 84589, 77939, 50682, 106237, 39459, 56638]"
111677,"[19657, 42163, 89399, 24356, 33312, 45335, 98626, 36279, 83405, 109406]"
111678,"[56650, 101430, 57854, 15660, 17662, 37093, 38340, 108661, 83821, 32929]"
111679,"[27965, 26045, 30288, 55128, 38822, 96131, 96984, 2633, 89101, 38223]"
111680,"[54026, 90216, 36723, 38613, 23616, 68125, 57496, 15000, 49384, 30432]"
111681,"[13141, 63753, 29247, 107715, 83763, 34851, 14242, 9016, 73614, 44742]"
111682,"[25540, 101721, 77738, 49971, 102062, 85363, 83427, 63758, 42429, 91527]"
111683,"[21842, 53468, 48309, 102458, 40123, 84016, 72816, 23060, 11969, 76683]"
111684,"[21790, 75753, 23220, 85431, 58293, 37619, 50370, 18496, 74125, 64222]"
111685,"[45827, 32749, 74476, 106996, 2797, 81094, 68077, 80334, 5261, 74998]"
111686,"[128, 85994, 53244, 78113, 9123, 76327, 93775, 30522, 61060, 31974]"
111687,"[47245, 88029, 81064, 76859, 49106, 86376, 71749, 45085, 37204, 50080]"
111688,"[48135, 68047, 78753, 77181, 104822, 77344, 33677, 99662, 99345, 84925]"
111689,"[8832, 60565, 109638, 12068, 47251, 63454, 106418, 66800, 16066, 18751]"
111690,"[18199, 6949, 72184, 62380, 68254, 75755, 53150, 88325, 72342, 6477]"
111691,"[38237, 8322, 105617, 18836, 97747, 83050, 38150, 34676, 36974, 6790]"
111692,"[16340, 41095, 25449, 57778, 19835, 11600, 19856, 64702, 18652, 105847]"
111693,"[79315, 1197, 24515, 3275, 18754, 67586, 105360, 54969, 69264, 12478]"
111694,"[25060, 56177, 80287, 11090, 99477, 33426, 39399, 16442, 95674, 3182]"
111695,"[85730, 93868, 66871, 94484, 18379, 49129, 107547, 38988, 84147, 55111]"
111696,"[85026, 145, 88887, 8601, 75489, 95338, 65083, 53332, 40647, 90168]"
111697,"[32509, 40093, 103624, 36031, 100792, 70763, 21282, 97603, 70364, 22957]"
111698,"[53882, 48444, 30094, 72293, 24017, 108355, 73836, 108896, 49463, 95857]"
111699,"[59987, 30940, 10095, 35125, 11560, 41781, 80634, 102800, 85213, 69477]"
111700,"[37202, 74357, 4502, 48165, 91222, 38878, 47202, 14299, 95992, 10297]"
111701,"[10606, 60844, 53211, 100266, 45777, 18198, 40535, 10611, 83361, 104954]"
111702,"[104616, 33825, 24937, 24502, 37012, 58366, 1697, 73003, 62023, 49425]"
111703,"[3243, 66138, 89567, 86373, 20052, 73701, 8058, 61161, 9854, 23773]"
111704,"[5044, 59723, 82926, 83939, 44993, 31567, 30050, 104384, 106263, 76881]"
111705,"[95269, 99082, 41642, 3614, 44162, 46431, 79369, 41117, 93708, 82196]"
111706,"[97078, 106689, 81896, 9462, 108984, 35185, 56586, 83359, 251, 56481]"
111707,"[47185, 103395, 60885, 54160, 40952, 50816, 85040, 104374, 26305, 63169]"
111708,"[54301, 79037, 18960, 79327, 98570, 9095, 105026, 45636, 83678, 56693]"
111709,"[77404, 18024, 100167, 58804, 74262, 35690, 81455, 12337, 43727, 107804]"
111710,"[62232, 13784, 74637, 86278, 95123, 25645, 65364, 43553, 10485, 70750]"
111711,"[4105, 68890, 55589, 93907, 45224, 13760, 89922, 31701, 83855, 30266]"
111712,"[108790, 12018, 41656, 38981, 109228, 98846, 83037, 12370, 18100, 38189]"
111713,"[10560, 100210, 31105, 70722, 17345, 46066, 41314, 23116, 71573, 107156]"
111714,"[67485, 51625, 28162, 75487, 95241, 100573, 9938, 28743, 54758, 16590]"
111715,"[87382, 2205, 70285, 87472, 68732, 29279, 67266, 90301, 57265, 33033]"
111716,"[22835, 24282, 36420, 104849, 45168, 81112, 99834, 96544, 72341, 43986]"
111717,"[28615, 4132, 73687, 26482, 28247, 19184, 8613, 92150, 41418, 5479]"
111718,"[44128, 25119, 46536, 109184, 58641, 72741, 91828, 74773, 73428, 33329]"
111719,"[108918, 89133, 106438, 71165, 61432, 15239, 80758, 42152, 93852, 101964]"
111720,"[63177, 3845, 68806, 63333, 105607, 32285, 19487, 97854, 40116, 31543]"
111721,"[48316, 65957, 12572, 96775, 80451, 3273, 86068, 70433, 14320, 14387]"
111722,"[55284, 19086, 25360, 103840, 39915, 71787, 25803, 104565, 6838, 73442]"
111723,"[55088, 66741, 47824, 58291, 21041, 68336, 46453, 27932, 36009, 81113]"
111724,"[90403, 106683, 108471, 45333, 26721, 3919, 102807, 84313, 77964, 67954]"
111725,"[53207, 105810, 12384, 13058, 63537, 86761, 92326, 80879, 34756, 76174]"
111726,"[38922, 101269, 100371, 19876, 18272, 2064, 81805, 83092, 33870, 59841]"
111727,"[47227, 63910, 62899, 101618, 12977, 43256, 25341, 49203, 3887, 29159]"
111728,"[57675, 90611, 105365, 4884, 51152, 77706, 68793, 92209, 9869, 5698]"
111729,"[29269, 33810, 74349, 53353, 26814, 102052, 79979, 42135, 101810, 74975]"
111730,"[102746, 55801, 90472, 45970, 50941, 76656, 25443, 29557, 48008, 108309]"
111731,"[12061, 95719, 87190, 49833, 80175, 101429, 44057, 1721, 54091, 3947]"
111732,"[39370, 82968, 28475, 10381, 34465, 66851, 54593, 806, 19209, 48219]"
111733,"[30367, 72609, 95977, 97464, 66835, 80187, 75215, 86575, 94037, 66286]"
111734,"[9241, 107262, 71516, 33282, 49803, 26680, 49589, 20433, 34416, 34177]"
111735,"[46183, 9836, 69850, 10082, 109501, 40239, 67173, 46489, 87038, 99325]"
111736,"[86371, 556, 23905, 31299, 109202, 13176, 94738, 14026, 24298, 42363]"
111737,"[35898, 100100, 57878, 65259, 74006, 44578, 38765, 80462, 98121, 68475]"
111738,"[67497, 50973, 59517, 66290, 28701, 56195, 51089, 93730, 99846, 19668]"
111739,"[19981, 3178, 12401, 10440, 19421, 47499, 2109, 62568, 49377, 15754]"
111740,"[25373, 27280, 16824, 20460, 54071, 91708, 11852, 16733, 82340, 87687]"
111741,"[34351, 66300, 51960, 51786, 38112, 86151, 33131, 53876, 62515, 15923]"
111742,"[69210, 27840, 71669, 45194, 37431, 59037, 25565, 96746, 10819, 109734]"
111743,"[37686, 96865, 47340, 91553, 82694, 64215, 107673, 34381, 36291, 40622]"
111744,"[2386, 33546, 38041, 87467, 35000, 91269, 32861, 42992, 99936, 1277]"
111745,"[50159, 101341, 7713, 69656, 52424, 14315, 45957, 87439, 90473, 21043]"
111746,"[95896, 21576, 98627, 37271, 51821, 1129, 81252, 65837, 71199, 44523]"
111747,"[42907, 103193, 21600, 106742, 81221, 71624, 58170, 41837, 35715, 29630]"
111748,"[64000, 54566, 6061, 96697, 59901, 70647, 24469, 66381, 89935, 28072]"
111749,"[71423, 68548, 52879, 93817, 63838, 39349, 39879, 77478, 59505, 80883]"
111750,"[79015, 94766, 61507, 49798, 76199, 106258, 90646, 41842, 104447, 89448]"
111751,"[16022, 65153, 103863, 88283, 64966, 32712, 31558, 7975, 109640, 107053]"
111752,"[35105, 58873, 27339, 5031, 87921, 75260, 32764, 55925, 61209, 28880]"
111753,"[14229, 9064, 2813, 8221, 5600, 42389, 5436, 75296, 38194, 58075]"
111754,"[39136, 55220, 98845, 106122, 107456, 80823, 1319, 52806, 107240, 10467]"
111755,"[5927, 3346, 32433, 70797, 7664, 28834, 31049, 71379, 107717, 22584]"
111756,"[6338, 39904, 82994, 105782, 6363, 46490, 63649, 3875, 97365, 75169]"
111757,"[105258, 1107, 58872, 6563, 28588, 18924, 2049, 82614, 3321, 86779]"
111758,"[7835, 9789, 38385, 2189, 99884, 12417, 79038, 92008, 26916, 39182]"
111759,"[7513, 20112, 64856, 98898, 38582, 74503, 104569, 39035, 80411, 64412]"
111760,"[52790, 9820, 77559, 80943, 23308, 107831, 7652, 100920, 73639, 78485]"
111761,"[83755, 7033, 27119, 73489, 102686, 53902, 701, 104326, 99789, 61600]"
111762,"[40226, 105328, 22930, 25288, 4004, 61232, 59693, 37434, 74150, 64995]"
111763,"[51608, 78340, 27977, 85743, 82583, 15957, 102054, 21930, 52803, 33361]"
111764,"[43674, 93835, 36226, 109223, 54304, 37560, 1373, 67268, 69591, 62970]"
111765,"[90186, 38491, 2781, 66079, 53210, 13968, 8702, 68582, 21078, 79949]"
111766,"[25824, 82862, 77139, 83195, 82130, 22377, 55254, 42320, 60669, 53676]"
111767,"[53049, 66169, 91351, 67971, 85239, 57244, 96537, 42925, 41091, 23443]"
111768,"[5194, 73180, 91938, 18240, 101826, 98306, 22146, 41930, 93720, 24043]"
111769,"[15249, 59137, 51742, 88391, 6660, 34975, 56144, 36492, 49424, 84174]"
111770,"[29933, 41852, 2531, 67873, 94394, 38994, 101944, 88541, 68750, 108221]"
111771,"[6817, 50255, 16669, 4090, 58305, 82608, 14248, 6548, 63397, 57822]"
111772,"[74050, 35362, 59109, 73964, 9207, 7414, 62878, 31747, 64398, 75817]"
111773,"[96025, 90777, 53404, 22037, 3480, 85774, 94496, 108195, 56229, 61436]"
111774,"[27798, 74897, 62242, 19226, 69049, 89594, 47921, 94693, 28418, 42436]"
111775,"[34643, 68476, 65078, 101332, 108064, 14640, 108290, 88873, 19126, 43123]"
111776,"[18393, 60640, 9140, 66972, 71948, 67998, 88121, 28513, 108056, 73561]"
111777,"[73379, 106088, 1928, 108277, 90734, 15110, 58868, 89801, 83616, 39115]"
111778,"[53951, 1761, 65359, 6895, 83047, 61009, 31133, 92033, 44396, 100176]"
111779,"[25551, 63452, 29216, 64858, 55887, 64785, 81484, 93894, 36416, 107000]"
111780,"[22233, 82807, 30818, 63675, 45568, 80999, 9600, 63961, 18561, 32344]"
111781,"[101219, 17006, 31357, 54618, 74527, 12090, 102580, 59445, 61283, 68993]"
111782,"[61005, 83841, 59911, 77675, 62847, 13947, 88724, 2824, 76298, 91261]"
111783,"[93075, 31306, 66562, 790, 92476, 104352, 43890, 26823, 15395, 104480]"
111784,"[27406, 40718, 69961, 107310, 5683, 24139, 107201, 79936, 36120, 70382]"
111785,"[44816, 97199, 65493, 67408, 75548, 93112, 48224, 81259, 4519, 37143]"
111786,"[98452, 3880, 64555, 59650, 10052, 5658, 38224, 5404, 89757, 14881]"
111787,"[36737, 13898, 92599, 89093, 2240, 37501, 71234, 96929, 47935, 77354]"
111788,"[83968, 83776, 40352, 74575, 44929, 34539, 23730, 96662, 26807, 57616]"
111789,"[9590, 99983, 103991, 41136, 88452, 71055, 72560, 37127, 95715, 28104]"
111790,"[62864, 24782, 48256, 94712, 39611, 107054, 13639, 102664, 83263, 60487]"
111791,"[90985, 21227, 75370, 57737, 103437, 35634, 89621, 9438, 29103, 90151]"
111792,"[88424, 109285, 39880, 80858, 27466, 97079, 37180, 30040, 97850, 73201]"
111793,"[57269, 37094, 106222, 13900, 86383, 39255, 45383, 12654, 33857, 27474]"
111794,"[36095, 46935, 55011, 77034, 37514, 48825, 95301, 51744, 86210, 6995]"
111795,"[14633, 58129, 58429, 64609, 60395, 53734, 79862, 104517, 48568, 101349]"
111796,"[32321, 81074, 21909, 88485, 50362, 26388, 108404, 12903, 13427, 32459]"
111797,"[96535, 43149, 45417, 106810, 89416, 3659, 83699, 81092, 44431, 91856]"
111798,"[16469, 39035, 57246, 8450, 73870, 63995, 67776, 24005, 96536, 20112]"
111799,"[37108, 12057, 38070, 86409, 19058, 57629, 60459, 106936, 58211, 28130]"
111800,"[26071, 39175, 39448, 21203, 47919, 92289, 71589, 34015, 86813, 101684]"
111801,"[1282, 32464, 90383, 11162, 96644, 10056, 76330, 40804, 57378, 104399]"
111802,"[77921, 36024, 32981, 22102, 56681, 86938, 84783, 61343, 51670, 4826]"
111803,"[3873, 99395, 41608, 75358, 8579, 1868, 2943, 26147, 69241, 99794]"
111804,"[104485, 70540, 34913, 13022, 41802, 4164, 36134, 106700, 13956, 58646]"
111805,"[54743, 29174, 73892, 16911, 35433, 76485, 90907, 100107, 93890, 80093]"
111806,"[100665, 42009, 7679, 87308, 55746, 62507, 84660, 103993, 5743, 94838]"
111807,"[7401, 25343, 59265, 68498, 25114, 10820, 59814, 15399, 6626, 1766]"
111808,"[1364, 17453, 95598, 25867, 96128, 107863, 14076, 85691, 79500, 17772]"
111809,"[85197, 88272, 61750, 109736, 70353, 11657, 36484, 32512, 44501, 62053]"
111810,"[95128, 100857, 83482, 52083, 27744, 109157, 70760, 26503, 6904, 108217]"
111811,"[47167, 10442, 102401, 97226, 51898, 54625, 105738, 73976, 63458, 58590]"
111812,"[29431, 6660, 59137, 51742, 73424, 32286, 70354, 55543, 91854, 7840]"
111813,"[98313, 26924, 102413, 24323, 17017, 94989, 97556, 19824, 83651, 87118]"
111814,"[89307, 82893, 61689, 51085, 94657, 89709, 85020, 85650, 33670, 14489]"
111815,"[81437, 106726, 101358, 55075, 12440, 31237, 8177, 68836, 88349, 101648]"
111816,"[58778, 3991, 37819, 10983, 11919, 90965, 67846, 53552, 94543, 43302]"
111817,"[80959, 86266, 9735, 21173, 95424, 13010, 58362, 67693, 29314, 4249]"
111818,"[64089, 56902, 91185, 20081, 72195, 6271, 59936, 48519, 35031, 20319]"
111819,"[78046, 100742, 8662, 22710, 33197, 91374, 92670, 53483, 7945, 6778]"
111820,"[39829, 51411, 101210, 63042, 95698, 75200, 87022, 45294, 42124, 94257]"
111821,"[57943, 58957, 36682, 8869, 99532, 53655, 48408, 25176, 90529, 11240]"
111822,"[77005, 92988, 91445, 40920, 33041, 64864, 47646, 29027, 70685, 106824]"
111823,"[64685, 76288, 14000, 89494, 44353, 83991, 50767, 108085, 55195, 11974]"
111824,"[77481, 27721, 80187, 65349, 82268, 31509, 63173, 103914, 98221, 104359]"
111825,"[35120, 63809, 100234, 11543, 64393, 49337, 47003, 63462, 22606, 91830]"
111826,"[71628, 10913, 13132, 93832, 7189, 61459, 108866, 91736, 51739, 86482]"
111827,"[47574, 96686, 30635, 64364, 43723, 51257, 59788, 38527, 832, 94739]"
111828,"[48625, 84862, 77930, 23176, 45319, 52213, 36549, 45535, 101475, 83878]"
111829,"[61831, 51457, 16861, 40703, 36352, 3695, 41312, 57009, 39146, 56518]"
111830,"[78638, 27138, 19690, 58408, 87186, 20858, 105601, 34907, 70806, 74239]"
111831,"[48078, 88621, 97989, 19547, 25423, 7632, 19411, 73970, 57446, 88956]"
111832,"[89485, 60974, 54492, 24111, 14477, 45316, 40459, 105764, 70020, 19322]"
111833,"[54599, 4789, 99921, 27647, 89564, 60979, 60819, 32884, 66940, 74787]"
111834,"[22086, 88440, 2164, 1186, 69544, 7647, 16553, 20988, 54526, 6427]"
111835,"[62616, 1780, 56360, 86221, 70174, 41555, 92703, 67864, 97517, 60154]"
111836,"[80629, 56977, 67130, 82443, 77683, 101465, 20839, 93785, 97531, 39602]"
111837,"[93015, 60778, 5894, 59114, 72392, 17105, 55776, 3760, 35397, 24093]"
111838,"[74183, 74269, 15448, 12594, 68755, 43620, 29235, 43680, 1455, 99344]"
111839,"[73273, 59970, 79830, 104652, 89591, 20809, 80088, 72337, 31564, 38781]"
111840,"[3820, 5610, 77196, 15106, 14953, 11433, 23153, 55238, 65074, 33149]"
111841,"[61372, 70714, 47338, 3170, 49620, 11865, 38204, 99058, 62756, 25868]"
111842,"[74609, 94742, 37493, 82836, 33429, 63696, 50053, 53305, 76250, 32095]"
111843,"[90178, 83574, 36516, 65076, 56333, 66687, 93492, 19991, 51209, 46140]"
111844,"[94724, 89968, 71905, 107672, 49697, 89091, 40418, 28403, 89310, 104831]"
111845,"[36822, 63394, 58423, 95198, 97794, 65315, 58102, 84644, 94970, 76845]"
111846,"[106029, 15082, 18629, 13218, 17583, 13100, 41505, 97193, 43544, 40513]"
111847,"[56082, 8082, 14094, 22210, 83907, 13999, 94989, 12883, 87511, 10444]"
111848,"[86609, 88674, 31710, 88993, 99566, 75488, 37447, 81491, 83335, 7516]"
111849,"[69460, 66544, 101063, 107994, 27029, 26132, 64297, 67450, 58644, 63805]"
111850,"[86788, 95683, 39308, 72632, 14310, 90222, 96561, 73770, 91253, 53996]"
111851,"[48452, 52456, 55825, 100892, 88214, 48427, 50467, 67513, 62723, 94422]"
111852,"[8254, 41251, 47648, 96122, 44126, 61998, 20951, 39839, 36609, 23742]"
111853,"[61923, 93737, 108099, 5152, 42249, 38479, 33697, 40907, 62095, 63074]"
111854,"[36871, 43278, 37958, 98679, 82892, 98768, 17466, 78693, 20269, 21291]"
111855,"[1079, 9695, 32113, 18702, 49805, 68165, 37226, 50121, 26902, 31818]"
111856,"[1175, 38245, 24893, 33317, 2521, 33376, 78265, 5637, 27997, 107083]"
111857,"[20997, 12451, 80364, 45209, 30408, 82890, 39406, 108271, 42524, 74483]"
111858,"[21132, 68681, 24499, 47305, 62912, 20533, 58021, 46765, 58766, 84103]"
111859,"[1538, 92312, 39042, 42270, 92867, 17616, 23920, 21103, 66755, 50156]"
111860,"[43768, 1293, 44727, 10555, 47941, 21300, 79214, 56996, 68733, 102195]"
111861,"[88074, 21530, 4202, 40503, 66977, 14775, 95919, 4200, 50125, 62523]"
111862,"[10232, 65731, 46459, 53706, 32324, 60396, 107033, 75900, 108207, 35971]"
111863,"[109593, 49591, 63954, 87473, 70833, 66458, 94529, 99517, 67652, 64518]"
111864,"[99342, 50120, 46436, 54279, 24490, 22960, 85894, 2401, 69626, 53024]"
111865,"[67244, 46494, 2974, 28072, 53024, 12233, 16117, 14767, 85894, 85088]"
111866,"[13697, 87665, 16952, 65568, 28156, 88211, 4830, 96979, 76746, 23142]"
111867,"[8554, 10511, 69181, 93205, 72104, 46346, 98252, 71056, 87380, 87041]"
111868,"[70323, 5921, 39118, 43165, 79311, 65114, 108097, 59471, 68373, 32618]"
111869,"[74366, 69413, 95697, 83588, 25950, 18896, 47082, 4750, 69948, 22980]"
111870,"[16001, 47480, 30549, 90108, 106930, 16503, 89945, 91398, 63682, 105961]"
111871,"[79932, 85977, 43774, 31405, 55280, 3367, 35614, 19643, 98927, 69959]"
111872,"[12060, 107496, 63936, 44049, 60601, 34079, 61502, 50485, 87489, 2448]"
111873,"[60879, 102472, 86792, 57859, 99921, 52643, 51060, 106943, 84387, 22275]"
111874,"[51448, 106721, 39928, 23486, 63044, 24162, 88348, 70913, 96483, 506]"
111875,"[88252, 37217, 32186, 46231, 48944, 52999, 44412, 30633, 59483, 81656]"
111876,"[11779, 72934, 83936, 84982, 90284, 24806, 67802, 53620, 55354, 68045]"
111877,"[61863, 20403, 55867, 101281, 27893, 25576, 90923, 97978, 5900, 92941]"
111878,"[10459, 46646, 34720, 108734, 109739, 107332, 51024, 72272, 26894, 56752]"
111879,"[21763, 12574, 85835, 83441, 38819, 12367, 28158, 63734, 107978, 27268]"
111880,"[66564, 3387, 95707, 29828, 1523, 87549, 91330, 83139, 77258, 96881]"
111881,"[5352, 79466, 33699, 45383, 39800, 29816, 93174, 90376, 5324, 75399]"
111882,"[90724, 1427, 50871, 99165, 55371, 30127, 29903, 101444, 41443, 106753]"
111883,"[13998, 9882, 38249, 37797, 26195, 84425, 19117, 71747, 24616, 95233]"
111884,"[38673, 106457, 584, 31024, 91785, 38920, 66671, 50799, 137, 73566]"
111885,"[89303, 26037, 73801, 82834, 63771, 72081, 92714, 58332, 100993, 41825]"
111886,"[76845, 42937, 13140, 61191, 555, 67801, 39060, 7627, 79670, 7381]"
111887,"[27475, 64381, 92865, 80943, 55232, 13192, 74944, 13910, 67377, 93409]"
111888,"[91310, 12364, 29519, 2915, 10010, 14515, 83123, 107917, 24692, 30998]"
111889,"[48654, 76936, 22281, 24178, 34594, 99359, 46297, 86429, 24567, 58429]"
111890,"[5721, 27690, 24448, 32664, 91661, 12788, 83555, 21883, 53826, 44096]"
111891,"[29537, 40587, 7155, 81161, 86263, 25859, 18689, 38632, 14689, 15123]"
111892,"[28212, 82468, 69211, 11397, 81230, 100410, 103573, 67984, 78522, 89019]"
111893,"[69217, 24239, 25339, 26513, 19699, 82197, 81893, 52176, 96792, 36388]"
111894,"[25989, 26042, 69204, 97015, 52429, 15612, 100530, 321, 57858, 3923]"
111895,"[32519, 108133, 30886, 85008, 71861, 26119, 46829, 34115, 32248, 70931]"
111896,"[940, 48488, 88999, 73850, 65004, 91134, 4403, 59573, 56648, 108419]"
111897,"[75814, 1968, 96812, 100625, 84293, 14026, 103299, 86650, 24148, 22904]"
111898,"[104100, 50832, 44095, 14254, 98809, 109728, 41542, 107073, 79537, 26159]"
111899,"[8134, 62810, 64235, 77721, 83309, 95482, 76332, 105324, 23330, 23354]"
111900,"[89522, 101215, 43356, 37803, 25756, 38986, 67423, 6950, 56790, 100502]"
111901,"[71215, 73625, 82792, 11379, 70550, 76169, 68153, 54519, 69683, 6486]"
111902,"[27554, 101273, 46514, 97968, 12361, 14493, 35723, 26920, 21048, 60928]"
111903,"[67244, 46494, 2974, 28072, 53024, 12233, 16117, 14767, 85894, 85088]"
111904,"[66353, 98174, 23150, 90889, 101804, 59393, 78610, 91944, 28452, 54930]"
111905,"[50728, 55804, 94954, 74538, 86655, 13130, 2971, 28872, 37450, 38674]"
111906,"[92304, 48094, 59834, 71832, 28611, 34064, 83793, 46501, 31672, 107141]"
111907,"[89825, 18870, 53228, 70907, 9456, 2360, 39487, 21916, 28307, 40530]"
111908,"[108198, 48216, 10053, 51069, 46729, 71387, 45480, 28986, 56687, 71590]"
111909,"[76879, 10901, 42190, 26426, 66003, 10039, 6247, 14591, 22267, 92988]"
111910,"[89964, 7176, 26282, 925, 48353, 30269, 12752, 83401, 33807, 61509]"
111911,"[98481, 97171, 84071, 71213, 29412, 31203, 105254, 42578, 104848, 27459]"
111912,"[72004, 102069, 59183, 80678, 31063, 26018, 89575, 97958, 84419, 67380]"
111913,"[66040, 93262, 90987, 41639, 80989, 102202, 100583, 62277, 103395, 83127]"
111914,"[101630, 29017, 83027, 101206, 98049, 47789, 104141, 6500, 16309, 44212]"
111915,"[11230, 13991, 94298, 64223, 18276, 17395, 107158, 107315, 87606, 96039]"
111916,"[58685, 72132, 105160, 86053, 87369, 41011, 81423, 92067, 85831, 47957]"
111917,"[66750, 69906, 88014, 107946, 99930, 66251, 94725, 36136, 25741, 50089]"
111918,"[26917, 69231, 102928, 25014, 25644, 6454, 32103, 18789, 13365, 44175]"
111919,"[62687, 50103, 37310, 107178, 42146, 20854, 80612, 72661, 72530, 35095]"
111920,"[51392, 106659, 86617, 89090, 39238, 9557, 92817, 104665, 106372, 33707]"
111921,"[1557, 66073, 82402, 2724, 81986, 10484, 22919, 74277, 89150, 102871]"
111922,"[26780, 80339, 56106, 21948, 4852, 97682, 101050, 49043, 41581, 107602]"
111923,"[17058, 6615, 106395, 34229, 66546, 15108, 2599, 81489, 29354, 99227]"
111924,"[53324, 105180, 97159, 46733, 40261, 104607, 59769, 28864, 84293, 86650]"
111925,"[50621, 90868, 58335, 88083, 42037, 9889, 34922, 37007, 41764, 48727]"
111926,"[72682, 40643, 81362, 68669, 87049, 30715, 109295, 27790, 98379, 7017]"
111927,"[21588, 44683, 43817, 9912, 107325, 95996, 35559, 76710, 92856, 14885]"
111928,"[21711, 97728, 31873, 78348, 75251, 20469, 95314, 70526, 27870, 78127]"
111929,"[17202, 7199, 101321, 51292, 35267, 43253, 24329, 24268, 43396, 103793]"
111930,"[26572, 36841, 7983, 61743, 90255, 25628, 95030, 68441, 104217, 18007]"
111931,"[23728, 84510, 70476, 101176, 53175, 77833, 12036, 29932, 9600, 32344]"
111932,"[36, 12697, 84593, 37347, 11319, 31771, 7113, 108109, 71032, 59823]"
111933,"[67430, 54814, 23410, 32234, 105779, 107288, 79271, 107159, 27427, 54777]"
111934,"[22523, 34349, 39505, 94346, 63904, 68600, 24249, 39581, 90319, 50109]"
111935,"[44027, 97776, 23567, 8878, 30978, 30802, 93179, 20591, 42006, 2324]"
111936,"[16938, 94700, 11457, 32491, 4515, 82422, 26772, 86301, 45570, 89992]"
111937,"[95301, 46935, 55011, 77034, 37514, 83167, 51744, 48825, 90996, 6995]"
111938,"[15106, 77196, 5610, 14953, 3820, 60519, 14947, 71068, 80862, 10718]"
111939,"[87815, 85118, 22630, 30736, 61890, 106119, 50922, 65469, 68065, 73506]"
111940,"[42192, 87944, 74837, 102051, 20606, 92250, 92744, 57405, 17080, 51310]"
111941,"[101636, 4986, 67833, 15032, 82227, 68948, 56943, 108560, 9779, 97024]"
111942,"[71590, 8730, 40757, 86802, 13459, 78598, 72718, 54639, 26485, 56687]"
111943,"[82401, 47636, 85, 10967, 10697, 17865, 86844, 45743, 83062, 65817]"
111944,"[59679, 53518, 44275, 106376, 7723, 109707, 24679, 106278, 10497, 101998]"
111945,"[88891, 96366, 21297, 50650, 47130, 20091, 100066, 33783, 96710, 96015]"
111946,"[77659, 1961, 8959, 7931, 66679, 97083, 85004, 55145, 99565, 7563]"
111947,"[107391, 79728, 89349, 51662, 71537, 13024, 75138, 44289, 102939, 87755]"
111948,"[30518, 66578, 13387, 71318, 97084, 23429, 23860, 58933, 26879, 49889]"
111949,"[89806, 54114, 27754, 98554, 66478, 70566, 104620, 79707, 45337, 2138]"
111950,"[70908, 93364, 1323, 53375, 23615, 10608, 99644, 35323, 87520, 93843]"
111951,"[89259, 93242, 48651, 68244, 99009, 33914, 107139, 10758, 98383, 8388]"
111952,"[36965, 13231, 7906, 88678, 61286, 65368, 40045, 62458, 77799, 108530]"
111953,"[69895, 12150, 45272, 78514, 101099, 19990, 82423, 24939, 71257, 93196]"
111954,"[9211, 106567, 35537, 77120, 25864, 102877, 102740, 93575, 97162, 68023]"
111955,"[34085, 30698, 47020, 15482, 68265, 52243, 105596, 74303, 86195, 2119]"
111956,"[83938, 105264, 62367, 2339, 18365, 93259, 33787, 70281, 98258, 31525]"
111957,"[94834, 106311, 9871, 99929, 100030, 54366, 52399, 38989, 80529, 27050]"
111958,"[72414, 20539, 26288, 20219, 89594, 47466, 50157, 68677, 66539, 42436]"
111959,"[54579, 48418, 104777, 45462, 23667, 41296, 68347, 21335, 65143, 28065]"
111960,"[3381, 86185, 79642, 86662, 44261, 932, 16269, 18254, 51236, 16614]"
111961,"[39181, 51010, 22658, 99356, 94211, 34713, 3892, 74247, 71842, 104662]"
111962,"[62547, 4577, 59243, 33953, 108954, 25024, 47044, 95305, 58879, 82602]"
111963,"[15469, 37740, 43940, 88996, 35791, 57716, 47701, 22038, 16236, 98322]"
111964,"[28295, 62541, 26444, 106714, 106863, 108030, 27537, 77108, 51379, 42598]"
111965,"[12482, 87073, 76504, 45293, 109486, 24807, 92110, 16252, 105942, 63436]"
111966,"[69943, 2423, 31155, 46333, 68189, 125, 27955, 97808, 48079, 17840]"
111967,"[108153, 31519, 3860, 40424, 107295, 47675, 2458, 53874, 18220, 86665]"
111968,"[49325, 13234, 35373, 98453, 47822, 17927, 38687, 57398, 55173, 39610]"
111969,"[78497, 83898, 80151, 36194, 2542, 12662, 42082, 5206, 55797, 149]"
111970,"[102477, 97085, 85564, 68535, 84993, 82577, 15521, 34847, 18558, 23798]"
111971,"[108742, 70478, 21670, 85881, 85450, 18859, 8622, 84875, 47721, 101222]"
111972,"[34114, 71122, 51009, 107469, 91469, 58880, 20341, 65804, 69684, 48875]"
111973,"[60587, 16249, 101734, 19005, 86487, 103024, 7408, 58172, 36228, 19219]"
111974,"[54963, 56868, 48597, 31151, 91991, 54666, 35880, 44300, 10138, 39303]"
111975,"[80058, 55756, 35460, 35620, 40170, 30022, 58581, 41499, 73940, 5379]"
111976,"[43525, 61291, 12219, 42457, 73635, 15764, 94306, 61262, 2478, 108316]"
111977,"[82612, 70494, 94841, 109521, 107294, 47487, 82887, 31666, 100973, 34550]"
111978,"[105836, 38261, 27498, 61767, 43063, 28187, 54789, 26462, 33245, 87931]"
111979,"[67534, 73103, 21231, 64854, 16763, 49817, 52578, 13189, 1129, 26621]"
111980,"[67001, 44278, 86736, 103160, 75893, 97518, 40198, 53463, 2009, 47093]"
111981,"[70883, 2158, 595, 91148, 10175, 60649, 109301, 9922, 43370, 71243]"
111982,"[21159, 48433, 57661, 79746, 21144, 95670, 63761, 28101, 2877, 79416]"
111983,"[12376, 33286, 98439, 18675, 9945, 16239, 20266, 108693, 5494, 1663]"
111984,"[82637, 21960, 43688, 5535, 12507, 3402, 31224, 21114, 57195, 48460]"
111985,"[63355, 55134, 12582, 27914, 16162, 72748, 62031, 39882, 97167, 66419]"
111986,"[59178, 18183, 96513, 78631, 44304, 27531, 2932, 72030, 70901, 4584]"
111987,"[27078, 81290, 9740, 59913, 55497, 29505, 63915, 189, 81832, 79927]"
111988,"[42737, 64288, 109093, 61789, 58006, 64913, 93682, 46435, 11594, 16424]"
111989,"[28769, 54901, 12753, 42000, 29129, 57726, 60538, 24525, 7231, 65799]"
111990,"[57257, 60887, 78629, 17057, 46131, 86126, 33042, 103901, 1806, 85510]"
111991,"[57062, 69106, 8051, 29602, 7373, 30339, 5241, 9876, 37656, 63256]"
111992,"[42610, 72368, 31091, 80452, 104609, 69409, 77547, 93356, 6930, 6928]"
111993,"[91956, 69313, 27135, 81675, 25347, 58818, 19258, 57680, 65035, 46676]"
111994,"[82768, 36853, 9103, 17920, 27214, 83338, 17899, 11348, 85042, 95814]"
111995,"[72824, 103938, 72238, 89914, 93555, 71003, 35996, 75958, 12570, 70300]"
111996,"[54898, 32008, 67398, 8144, 43704, 3062, 67486, 67044, 21839, 107447]"
111997,"[13903, 87410, 92788, 22297, 86669, 15077, 84602, 41524, 43980, 14169]"
111998,"[36359, 106922, 92361, 3391, 84159, 52487, 22346, 93344, 42374, 45464]"
111999,"[19300, 90459, 2412, 30591, 25241, 38338, 77843, 48143, 21069, 57101]"
112000,"[74704, 107561, 63677, 8174, 91485, 61376, 40124, 97819, 17703, 38215]"
112001,"[15650, 64859, 12952, 107280, 85081, 55430, 102050, 5318, 61045, 62975]"
112002,"[79533, 98351, 39102, 46432, 79453, 67472, 14380, 37024, 75917, 86129]"
112003,"[13983, 106446, 62423, 21402, 56548, 91104, 46520, 74654, 76225, 2932]"
112004,"[97338, 24156, 45305, 31059, 20155, 38654, 12177, 75209, 26348, 1716]"
112005,"[25696, 69799, 109337, 89970, 72094, 10790, 6796, 95469, 106875, 40591]"
112006,"[49903, 33416, 49220, 95643, 15664, 79738, 15630, 25056, 12443, 37711]"
112007,"[35573, 13270, 1436, 81934, 12790, 89035, 63554, 40485, 39931, 8509]"
112008,"[64814, 56807, 51894, 14470, 106746, 74147, 48169, 25223, 41788, 83884]"
112009,"[57631, 7131, 35946, 61956, 64824, 46054, 33403, 37522, 23609, 95304]"
112010,"[58324, 20857, 60443, 106371, 69079, 21315, 38184, 100682, 35425, 64148]"
112011,"[83064, 78999, 69626, 28913, 5437, 30363, 58730, 49626, 62931, 34836]"
112012,"[65223, 7232, 92650, 72611, 84041, 2632, 92947, 73775, 57635, 91558]"
112013,"[58697, 81796, 58337, 6096, 12767, 26709, 71914, 80424, 58935, 10931]"
112014,"[82032, 47634, 108859, 94507, 67458, 10884, 56685, 72944, 56327, 99725]"
112015,"[82108, 71556, 76010, 22460, 24426, 91111, 89221, 40800, 29944, 50331]"
112016,"[63435, 94282, 105959, 28733, 16434, 7073, 107362, 3929, 76463, 54576]"
112017,"[49518, 100216, 7191, 18202, 77403, 14406, 106047, 3292, 77673, 25988]"
112018,"[72929, 42289, 97650, 45769, 75039, 16079, 100852, 51896, 55902, 4800]"
112019,"[70112, 9279, 75606, 74883, 5094, 8526, 92114, 95047, 106841, 12628]"
112020,"[35832, 21077, 107882, 16499, 26082, 63373, 37936, 15703, 55537, 89153]"
112021,"[83408, 108150, 14341, 58909, 36145, 99902, 27391, 109646, 86324, 73120]"
112022,"[83333, 106595, 62665, 45165, 27596, 70556, 11842, 86512, 80644, 96969]"
112023,"[69844, 4354, 27422, 20446, 11824, 85984, 42290, 92443, 14048, 6629]"
112024,"[79060, 8923, 2280, 55749, 84320, 60184, 91672, 35909, 68614, 34906]"
112025,"[57942, 75386, 8772, 94809, 32149, 94999, 82778, 4431, 54003, 9021]"
112026,"[67480, 58962, 70881, 89845, 49804, 109489, 45428, 46518, 28260, 71891]"
112027,"[23691, 55711, 10019, 38520, 1858, 37639, 24078, 109345, 27272, 15817]"
112028,"[3910, 14824, 17177, 101617, 8281, 94624, 76842, 91761, 85832, 90048]"
112029,"[17680, 39073, 12506, 52791, 27767, 41248, 30930, 24949, 29721, 47414]"
112030,"[57050, 19311, 43676, 60884, 40668, 33411, 74300, 10672, 20989, 3612]"
112031,"[73743, 99326, 9335, 9191, 35514, 40268, 17145, 101415, 27490, 22851]"
112032,"[32269, 11396, 46968, 68510, 49939, 42552, 81123, 107428, 33142, 30531]"
112033,"[93451, 5480, 59992, 9763, 38971, 44716, 96217, 54130, 33214, 48043]"
112034,"[69889, 56642, 27466, 89935, 49626, 34836, 79193, 58730, 5437, 83370]"
112035,"[55715, 57921, 9860, 95327, 56487, 10564, 33782, 11104, 45596, 20429]"
112036,"[23385, 90681, 95525, 48734, 93809, 77810, 61939, 101040, 109340, 61512]"
112037,"[38201, 99891, 73670, 37132, 14412, 81854, 25191, 79790, 19288, 29990]"
112038,"[3089, 55755, 690, 103125, 39630, 60338, 29252, 67310, 17949, 79654]"
112039,"[34155, 13172, 67713, 105898, 93693, 85787, 13836, 50239, 14454, 58100]"
112040,"[49062, 9601, 61722, 58085, 96404, 56925, 88050, 90053, 19326, 4323]"
112041,"[12671, 4261, 82431, 102779, 73904, 49015, 30626, 18791, 22589, 4547]"
112042,"[48618, 21692, 39233, 24370, 10201, 50959, 104983, 16061, 64541, 4949]"
112043,"[73713, 33258, 71319, 1982, 7208, 35768, 104839, 41648, 34726, 30322]"
112044,"[28497, 100361, 10089, 90925, 83099, 74139, 29125, 85051, 52915, 93811]"
112045,"[104926, 10736, 74912, 88194, 26609, 11515, 42136, 92215, 89425, 72148]"
112046,"[2960, 21530, 29950, 17468, 36938, 96599, 86035, 7175, 78122, 47557]"
112047,"[81637, 9106, 66857, 13317, 94829, 45211, 56860, 12380, 96098, 67956]"
112048,"[86413, 6343, 96129, 70517, 105774, 83805, 54794, 76124, 4211, 53112]"
112049,"[83521, 90111, 36698, 16719, 108209, 91748, 63090, 42105, 89850, 93864]"
112050,"[27033, 3465, 63573, 65617, 109418, 5331, 91684, 54525, 36177, 35428]"
112051,"[92873, 19482, 1575, 51170, 26294, 108202, 44014, 18211, 80453, 105915]"
112052,"[20948, 57164, 44667, 33250, 78283, 50917, 56960, 87053, 102438, 86461]"
112053,"[34929, 4346, 29658, 2333, 69516, 89641, 65483, 90224, 44872, 81057]"
112054,"[9090, 16787, 37457, 41671, 62157, 60516, 86686, 81984, 91528, 46854]"
112055,"[82119, 100439, 69822, 62336, 89056, 95321, 39566, 38000, 66833, 18877]"
112056,"[43073, 78542, 98829, 60412, 63325, 1610, 32350, 55785, 54342, 44037]"
112057,"[85689, 12795, 61421, 58430, 2596, 67040, 61499, 79964, 10733, 65626]"
112058,"[109254, 19279, 76192, 12815, 29487, 80869, 46806, 61462, 29596, 28453]"
112059,"[50339, 34296, 45491, 46160, 81201, 104200, 88622, 96220, 40891, 2891]"
112060,"[48596, 88962, 105093, 50263, 27929, 4725, 102720, 37440, 49818, 94279]"
112061,"[49418, 83654, 87852, 47828, 6954, 61629, 21720, 10879, 78511, 7311]"
112062,"[60873, 39543, 59245, 47430, 30558, 83113, 18869, 71222, 53366, 59944]"
112063,"[55605, 20107, 34615, 94104, 71588, 46668, 87067, 4593, 43171, 10347]"
112064,"[25774, 11058, 29769, 47789, 48789, 35972, 47008, 17513, 58817, 108501]"
112065,"[6492, 9734, 105468, 23195, 92992, 49951, 10781, 92255, 102776, 42603]"
112066,"[43935, 35964, 35881, 43173, 58489, 100550, 12846, 45340, 108817, 85402]"
112067,"[104756, 10742, 30342, 26375, 37593, 13779, 54750, 38972, 35169, 427]"
112068,"[58198, 101912, 50311, 38944, 58442, 10657, 22573, 10088, 57656, 28180]"
112069,"[86166, 101988, 49912, 30804, 3908, 73328, 22002, 28222, 39179, 80774]"
112070,"[753, 12348, 41536, 105838, 81176, 59295, 18794, 94, 64272, 100633]"
112071,"[35194, 79597, 62489, 71725, 36784, 42276, 79816, 97815, 20437, 93417]"
112072,"[12100, 20202, 48301, 87799, 12002, 19330, 87628, 95815, 37167, 13060]"
112073,"[29875, 109334, 20138, 67235, 50292, 76702, 35611, 2207, 29606, 106631]"
112074,"[37812, 37547, 102121, 105501, 31930, 12023, 17855, 7336, 8207, 40224]"
112075,"[108486, 9297, 91313, 64731, 17529, 4042, 102209, 58313, 12082, 31022]"
112076,"[52561, 54396, 81230, 100410, 83834, 12917, 82468, 19765, 77123, 11931]"
112077,"[3443, 14507, 31641, 91707, 64418, 71039, 84232, 106755, 74126, 1057]"
112078,"[66015, 42923, 44886, 1971, 36474, 22136, 8063, 69385, 105994, 18127]"
112079,"[25979, 50661, 45195, 65330, 85683, 824, 18005, 92674, 56449, 74254]"
112080,"[71939, 5167, 101351, 65559, 78621, 59446, 68107, 24612, 67804, 106813]"
112081,"[49476, 83653, 109441, 58234, 85781, 74659, 26218, 23978, 31676, 85780]"
112082,"[6951, 71572, 5559, 60513, 12382, 80260, 81323, 5631, 14734, 44946]"
112083,"[61298, 79007, 88896, 27375, 107422, 7300, 27618, 58783, 24923, 40080]"
112084,"[45471, 78273, 42799, 61573, 35014, 92405, 3114, 23644, 76136, 94912]"
112085,"[76459, 105220, 20001, 63637, 72418, 51355, 69239, 83170, 5158, 18476]"
112086,"[94507, 33924, 2714, 29651, 68627, 66947, 50611, 65029, 5427, 79084]"
112087,"[33772, 86592, 70064, 71609, 27753, 88890, 66120, 38141, 15631, 10780]"
112088,"[106058, 9506, 22452, 101500, 48146, 53934, 93368, 76707, 45116, 27956]"
112089,"[54634, 19110, 8297, 32168, 10687, 59412, 77069, 102309, 15175, 100663]"
112090,"[45984, 104460, 71453, 100387, 64721, 42976, 85500, 66771, 83664, 18517]"
112091,"[90963, 76995, 68776, 66289, 105668, 34849, 46693, 78616, 38446, 29278]"
112092,"[10413, 54991, 44879, 56020, 88790, 34758, 16755, 15691, 42852, 5880]"
112093,"[26383, 40654, 91396, 68868, 34706, 107911, 34256, 34894, 91664, 57529]"
112094,"[7381, 10655, 31360, 7627, 25710, 1542, 88808, 23334, 61191, 83138]"
112095,"[7807, 7694, 58688, 63269, 38800, 49945, 9442, 15715, 89417, 6934]"
112096,"[103464, 14731, 85664, 89991, 27895, 50997, 37719, 42346, 18595, 966]"
112097,"[70512, 11302, 62872, 71504, 46251, 32256, 74024, 59984, 89402, 85794]"
112098,"[103095, 95996, 27186, 37257, 61494, 86414, 103174, 43982, 75909, 84201]"
112099,"[60148, 61883, 39945, 88999, 97744, 6722, 28087, 94121, 8777, 69168]"
112100,"[67590, 66829, 45762, 72202, 37445, 62058, 26359, 53727, 60989, 90647]"
112101,"[97662, 35587, 104258, 91780, 13217, 67766, 62630, 28135, 20886, 7636]"
112102,"[70440, 101858, 62288, 31778, 23844, 48362, 29781, 93450, 53117, 16301]"
112103,"[35572, 77049, 27237, 71114, 27944, 64090, 68304, 15725, 38461, 55370]"
112104,"[59030, 29087, 42309, 75203, 17220, 53467, 25085, 56639, 72056, 92755]"
112105,"[22975, 19614, 103361, 91114, 106152, 8476, 29130, 21644, 48873, 27303]"
112106,"[57023, 15226, 84586, 20367, 34578, 68067, 23108, 60200, 96842, 32740]"
112107,"[34565, 59393, 51656, 8224, 95217, 51540, 51569, 1425, 1042, 62982]"
112108,"[98778, 91516, 8882, 76614, 6367, 2026, 70176, 4034, 15474, 32392]"
112109,"[96938, 63097, 31351, 51958, 48634, 93406, 27049, 97210, 35385, 91962]"
112110,"[2398, 27038, 78354, 42912, 11717, 4037, 29255, 57596, 9078, 85642]"
112111,"[70856, 20773, 8561, 34576, 89993, 33607, 53160, 72026, 71999, 79410]"
112112,"[2967, 101926, 47495, 34100, 98516, 36960, 13992, 24010, 90593, 99944]"
112113,"[86616, 5946, 17649, 77834, 107157, 2130, 18508, 30162, 96942, 83428]"
112114,"[16454, 77471, 86177, 81702, 56149, 44624, 69141, 33802, 81926, 33596]"
112115,"[8957, 53068, 44005, 54603, 94093, 102603, 28594, 54105, 89988, 18059]"
112116,"[66387, 48377, 64433, 1349, 9258, 54115, 60515, 93649, 53824, 60764]"
112117,"[48946, 43775, 3592, 98646, 84252, 94605, 3724, 108500, 95702, 56616]"
112118,"[41038, 85283, 59085, 75753, 29400, 83717, 97497, 74767, 327, 88213]"
112119,"[63414, 70826, 91912, 56152, 15906, 80380, 7069, 25132, 23711, 48185]"
112120,"[26253, 6108, 107585, 65262, 51534, 104583, 74613, 78901, 12485, 29763]"
112121,"[43292, 8303, 26915, 79835, 55361, 62006, 39560, 20293, 34087, 18502]"
112122,"[84234, 8395, 43489, 9686, 62200, 7550, 87221, 40041, 72628, 46718]"
112123,"[47067, 67569, 16167, 38267, 79917, 75730, 15592, 97072, 89382, 35324]"
112124,"[28759, 13808, 82216, 47851, 85157, 2450, 63172, 11196, 104471, 57243]"
112125,"[65057, 53418, 90801, 44273, 108191, 67599, 54260, 38477, 99551, 27899]"
112126,"[14286, 87028, 102816, 1083, 43358, 28773, 64174, 52641, 41513, 12715]"
112127,"[79170, 95741, 11848, 19967, 36750, 58380, 100710, 54951, 26477, 89932]"
112128,"[20846, 10607, 5697, 28956, 6872, 22184, 55483, 77735, 38118, 32420]"
112129,"[2045, 64786, 53993, 101702, 39894, 72346, 2211, 12770, 95083, 109425]"
112130,"[83425, 38983, 41462, 16226, 35006, 104840, 89166, 57913, 71728, 88413]"
112131,"[6128, 18350, 56645, 67686, 6256, 71420, 57087, 88981, 62650, 83838]"
112132,"[29793, 58049, 63478, 63474, 86741, 55258, 4756, 36391, 86918, 91482]"
112133,"[26150, 106031, 35712, 45690, 59151, 73626, 67927, 82542, 81118, 71136]"
112134,"[63250, 9799, 52461, 24971, 98608, 79816, 92959, 87339, 63730, 42955]"
112135,"[16569, 92200, 47750, 22181, 25207, 3911, 79711, 64126, 28807, 93789]"
112136,"[67359, 76492, 84498, 104434, 72310, 87610, 27264, 7649, 98919, 1157]"
112137,"[78956, 24496, 83199, 38341, 59272, 85911, 32841, 46124, 39238, 43420]"
112138,"[26764, 27026, 1033, 37022, 40258, 90311, 20576, 26681, 41569, 51494]"
112139,"[78517, 12678, 18414, 104524, 63844, 54387, 101169, 29665, 19943, 30180]"
112140,"[87221, 62200, 7550, 9686, 40041, 43489, 8395, 84234, 44465, 30041]"
112141,"[48553, 49055, 91501, 65629, 41733, 93772, 25656, 84044, 30503, 43160]"
112142,"[23480, 29178, 99132, 93456, 61273, 73018, 74447, 96396, 45451, 94965]"
112143,"[3060, 91599, 93818, 59504, 76341, 55886, 51523, 29752, 43074, 19293]"
112144,"[81018, 12308, 14199, 50178, 66435, 27407, 92381, 41791, 73952, 32728]"
112145,"[18730, 29901, 108658, 62433, 76359, 49350, 99329, 3534, 11331, 40824]"
112146,"[95333, 97399, 49317, 15787, 24453, 40465, 58063, 94488, 39427, 54591]"
112147,"[23696, 31676, 84269, 69655, 85781, 95323, 105907, 88906, 76889, 11837]"
112148,"[107506, 15859, 14156, 34144, 75420, 36410, 99014, 38802, 68243, 62731]"
112149,"[108290, 37170, 97014, 85752, 35575, 14852, 19235, 101769, 40753, 57854]"
112150,"[30342, 10742, 89461, 84214, 17631, 37954, 63011, 104756, 74339, 92694]"
112151,"[29425, 38835, 12657, 88973, 45998, 45112, 8523, 59713, 107971, 26950]"
112152,"[10961, 1242, 18036, 29376, 62730, 31332, 32229, 2595, 63180, 100771]"
112153,"[7356, 4225, 8346, 109529, 67214, 106665, 56366, 28422, 55301, 31719]"
112154,"[51521, 82649, 91569, 99851, 46529, 81120, 46708, 25094, 85551, 34653]"
112155,"[59118, 93430, 43075, 96182, 67461, 104388, 44411, 97618, 10844, 27987]"
112156,"[42181, 95694, 68053, 102543, 103917, 8671, 98389, 2951, 67422, 98814]"
112157,"[11201, 91694, 104642, 27151, 67867, 65657, 46130, 26248, 10918, 85125]"
112158,"[6333, 30751, 92761, 90623, 49302, 16044, 31838, 49926, 83201, 14615]"
112159,"[16723, 36548, 105366, 99135, 71399, 10258, 103342, 9772, 69227, 57904]"
112160,"[74317, 14888, 24691, 27461, 58556, 81522, 42219, 15144, 16425, 52770]"
112161,"[92026, 37346, 42237, 9476, 65914, 57950, 53999, 21632, 18076, 88111]"
112162,"[54443, 83823, 41810, 2802, 93126, 61666, 48754, 47064, 108437, 55725]"
112163,"[94666, 34168, 66998, 54146, 35500, 85798, 44964, 15056, 47666, 86350]"
112164,"[87655, 36727, 95821, 31532, 55142, 89244, 2539, 78944, 2958, 60243]"
112165,"[13038, 51276, 61414, 15621, 80656, 32824, 12, 91165, 25373, 68336]"
112166,"[54473, 97310, 104400, 2215, 829, 2127, 109447, 23141, 100861, 38084]"
112167,"[66055, 52435, 94351, 13358, 391, 73659, 2290, 26242, 61362, 54494]"
112168,"[36700, 100744, 51610, 70208, 108589, 37244, 68664, 49000, 97503, 62906]"
112169,"[3728, 109584, 102063, 104368, 62911, 63189, 59366, 76158, 5354, 11910]"
112170,"[60675, 2823, 47454, 84033, 37696, 94607, 25743, 29545, 6411, 49044]"
112171,"[103048, 3746, 78786, 38688, 8222, 18895, 26000, 63043, 52922, 90602]"
112172,"[77115, 5724, 71877, 13582, 102555, 76917, 65092, 18943, 79212, 57461]"
112173,"[73988, 39331, 92581, 109413, 54635, 80937, 16504, 47589, 48147, 98042]"
112174,"[92971, 74514, 42330, 72042, 88727, 65855, 44359, 98489, 37914, 62162]"
112175,"[34437, 66592, 40635, 95055, 88833, 46172, 40406, 1794, 83970, 31186]"
112176,"[42388, 96531, 10536, 38139, 103269, 51638, 102890, 23600, 9447, 2097]"
112177,"[89375, 4444, 46417, 42882, 92803, 78389, 41845, 59026, 6332, 97755]"
112178,"[29971, 98455, 27569, 21289, 8750, 91952, 102688, 65933, 70570, 4034]"
112179,"[90501, 67162, 86922, 86093, 79852, 90866, 88130, 16611, 85700, 33103]"
112180,"[83585, 24657, 58726, 79001, 78215, 7246, 93732, 87207, 109543, 87726]"
112181,"[104155, 92214, 13341, 715, 108185, 98576, 51533, 86287, 60899, 529]"
112182,"[71892, 52081, 92900, 105863, 47438, 86734, 105583, 38059, 29384, 46804]"
112183,"[99799, 52960, 24689, 52472, 59576, 49053, 23637, 8208, 93596, 69513]"
112184,"[96379, 22102, 85001, 25255, 43527, 95645, 94242, 83880, 32981, 36548]"
112185,"[103945, 38229, 94369, 99009, 69962, 29942, 60939, 107400, 10758, 89259]"
112186,"[55520, 70774, 95131, 75303, 60014, 26508, 56092, 14106, 41971, 77119]"
112187,"[24202, 55340, 28573, 26415, 84509, 66287, 96768, 42931, 41527, 38569]"
112188,"[50745, 83091, 80207, 90592, 26606, 20837, 40103, 90625, 42249, 88894]"
112189,"[69028, 54224, 85184, 60861, 18687, 34703, 63689, 82300, 6320, 32614]"
112190,"[21413, 9393, 71689, 29564, 1790, 16084, 62694, 82380, 76835, 29040]"
112191,"[64551, 83863, 2938, 79301, 81398, 100764, 12363, 19932, 35694, 51139]"
112192,"[58430, 41484, 86168, 57355, 8185, 99848, 46314, 26123, 22217, 89640]"
112193,"[22790, 33783, 101364, 57625, 84851, 52907, 96366, 34554, 96362, 34811]"
112194,"[13080, 16189, 58568, 41846, 103104, 50760, 66376, 41844, 65571, 49021]"
112195,"[30865, 64557, 34962, 25508, 98317, 30395, 82586, 33116, 83885, 94920]"
112196,"[6260, 86919, 84038, 51480, 38941, 75911, 99126, 71629, 35287, 2776]"
112197,"[29152, 91629, 60517, 108145, 106399, 98265, 55898, 106138, 9086, 5756]"
112198,"[31384, 15915, 5101, 45878, 57243, 67547, 27977, 85743, 30422, 58780]"
112199,"[33389, 57559, 65574, 89201, 84503, 3618, 103675, 46565, 73455, 100140]"
112200,"[8937, 5792, 79139, 60588, 46675, 98483, 3249, 59523, 10602, 55944]"
112201,"[56255, 19791, 72190, 51846, 60419, 44644, 54522, 68550, 108474, 85178]"
112202,"[82709, 87422, 85634, 32487, 89674, 37472, 6149, 28447, 71251, 72217]"
112203,"[63810, 104866, 60127, 87385, 39573, 26119, 20770, 4868, 70759, 63313]"
112204,"[99837, 32651, 98842, 91866, 55107, 69206, 18655, 35288, 45718, 8988]"
112205,"[13007, 89614, 91410, 79937, 69270, 60817, 67712, 103830, 88456, 86556]"
112206,"[57589, 69454, 55345, 26184, 1137, 97253, 5532, 20475, 32227, 36857]"
112207,"[90701, 30791, 71300, 4468, 34382, 28632, 39770, 100251, 945, 80216]"
112208,"[54034, 66594, 65631, 15361, 24327, 71208, 11983, 39745, 74454, 19191]"
112209,"[6277, 95570, 77997, 5123, 34483, 69627, 420, 61266, 21641, 32306]"
112210,"[107091, 106110, 2840, 80495, 15739, 30493, 77844, 80655, 23817, 18947]"
112211,"[22540, 84463, 52475, 7276, 71612, 61306, 22192, 85629, 89015, 74525]"
112212,"[44100, 23443, 96124, 86506, 49929, 19658, 98392, 45659, 2133, 93384]"
112213,"[67732, 21306, 39114, 69018, 16692, 44219, 24445, 109056, 60019, 21145]"
112214,"[81166, 26653, 28866, 42091, 38907, 51375, 48631, 60341, 40295, 74437]"
112215,"[16991, 34865, 51449, 70530, 107363, 90673, 8499, 19973, 21113, 6472]"
112216,"[44524, 59213, 87740, 26856, 75440, 82516, 66340, 85400, 101427, 21517]"
112217,"[85301, 53396, 46711, 95373, 97452, 80360, 21375, 64092, 87030, 59308]"
112218,"[93025, 40082, 91007, 14917, 4237, 63492, 17528, 92667, 39996, 23998]"
112219,"[28529, 51307, 10661, 91217, 49677, 62537, 25678, 66754, 84074, 63201]"
112220,"[57254, 36705, 20062, 69944, 105865, 78603, 39897, 73077, 10063, 16419]"
112221,"[4075, 71219, 52791, 100982, 57245, 26744, 7889, 57786, 71647, 57537]"
112222,"[95530, 35043, 33421, 106020, 92144, 12629, 53808, 26730, 14605, 46819]"
112223,"[19626, 52500, 104854, 12623, 33192, 12582, 76127, 80853, 61002, 30337]"
112224,"[95678, 26036, 21208, 7287, 5580, 19487, 21914, 40779, 72795, 83456]"
112225,"[60500, 13518, 105983, 102621, 74353, 93426, 104149, 83571, 15189, 55226]"
112226,"[21906, 88057, 45586, 17531, 99791, 16883, 107115, 23370, 13043, 7670]"
112227,"[96375, 85960, 81899, 90620, 53217, 21390, 82946, 68272, 42934, 41861]"
112228,"[57660, 75660, 56602, 41833, 108156, 34377, 105998, 92746, 31821, 98642]"
112229,"[99412, 38991, 65182, 94064, 53169, 99232, 5604, 90341, 49848, 37441]"
112230,"[104909, 43097, 999, 20404, 5037, 52844, 87633, 49493, 75133, 83987]"
112231,"[91720, 12453, 87290, 28245, 99626, 95021, 72315, 47180, 106298, 8998]"
112232,"[24700, 11300, 40706, 990, 5764, 50846, 4368, 57637, 41635, 45750]"
112233,"[23130, 87588, 50210, 15058, 109123, 30387, 90499, 57575, 90250, 31790]"
112234,"[97888, 72191, 101412, 61756, 68363, 19592, 96282, 71513, 22782, 109258]"
112235,"[101280, 95844, 87841, 42501, 82800, 56018, 26291, 102994, 36561, 100312]"
112236,"[108763, 20781, 9007, 37779, 15704, 68156, 72874, 25076, 11933, 5574]"
112237,"[100196, 91304, 43001, 68354, 28258, 27082, 62047, 89695, 17526, 56697]"
112238,"[66674, 2251, 49285, 71442, 55939, 75515, 103589, 80788, 69547, 3355]"
112239,"[20082, 96314, 94468, 56464, 54975, 10405, 77602, 106527, 9521, 46031]"
112240,"[41229, 45499, 91594, 47414, 12535, 47272, 86856, 65455, 16827, 49910]"
112241,"[74523, 49688, 60165, 95135, 106272, 227, 108872, 24748, 1984, 72089]"
112242,"[13239, 30759, 79306, 80872, 77966, 61999, 20146, 73387, 35635, 5409]"
112243,"[41297, 100780, 98358, 522, 67445, 106952, 38406, 12400, 10161, 42890]"
112244,"[2640, 104441, 98434, 68928, 1335, 29353, 95352, 69440, 75243, 97373]"
112245,"[5954, 86675, 56197, 97510, 37432, 83879, 50810, 74032, 76458, 91590]"
112246,"[88305, 103574, 11500, 70400, 87146, 7173, 29679, 25030, 80557, 35487]"
112247,"[55773, 11595, 79792, 101620, 51354, 25571, 49395, 90693, 79879, 59917]"
112248,"[76749, 86843, 84477, 71440, 107451, 46508, 90730, 3518, 77701, 79200]"
112249,"[100057, 37129, 104196, 104017, 54804, 51412, 15938, 73154, 108680, 63343]"
112250,"[23004, 46273, 6777, 59941, 33251, 35155, 81961, 74235, 65588, 2372]"
112251,"[22340, 62496, 55847, 8245, 9846, 99663, 58720, 39856, 102297, 100389]"
112252,"[36308, 67842, 18670, 40969, 70352, 22087, 65179, 90901, 37283, 69841]"
112253,"[93218, 61271, 4524, 106505, 74725, 2166, 102556, 63885, 4242, 95691]"
112254,"[59388, 78151, 104531, 5182, 59796, 26836, 69523, 2979, 106795, 87741]"
112255,"[69660, 56656, 50022, 85801, 81406, 87957, 108593, 108258, 98645, 9298]"
112256,"[67318, 9419, 73963, 20913, 41554, 86362, 2307, 37073, 40410, 99127]"
112257,"[43458, 11227, 74360, 20478, 6514, 76179, 96311, 68712, 44909, 106513]"
112258,"[73444, 94686, 47368, 55943, 68220, 19764, 65437, 40648, 57504, 29915]"
112259,"[64781, 10402, 13157, 72273, 104648, 101775, 21707, 6644, 21656, 66638]"
112260,"[98842, 32651, 99837, 91866, 63732, 80490, 35216, 89894, 93134, 71109]"
112261,"[57148, 3570, 65897, 5589, 52195, 79461, 49797, 9009, 36626, 82545]"
112262,"[65013, 15010, 44950, 80409, 73297, 60020, 67092, 20499, 55171, 76629]"
112263,"[19854, 107104, 106687, 1036, 60915, 60466, 6992, 32479, 25611, 96651]"
112264,"[65708, 62339, 91178, 42310, 26385, 93239, 102709, 86117, 3124, 101136]"
112265,"[72927, 48214, 81075, 83131, 109137, 87502, 99826, 44286, 69794, 77007]"
112266,"[7264, 3553, 75750, 48686, 66733, 45867, 62942, 3426, 560, 92161]"
112267,"[54612, 34911, 57246, 37960, 8450, 73870, 63995, 92615, 45576, 31904]"
112268,"[13152, 51653, 74660, 98247, 85446, 17315, 38293, 104069, 108071, 90033]"
112269,"[56182, 50541, 91400, 57530, 44501, 88272, 61750, 40045, 65368, 36965]"
112270,"[6270, 64700, 26868, 42050, 109574, 81096, 11352, 44567, 85269, 10989]"
112271,"[82325, 13180, 40282, 58892, 102873, 72803, 50937, 17981, 40038, 25764]"
112272,"[53670, 33160, 89141, 17795, 26166, 23297, 13687, 45453, 49231, 67289]"
112273,"[44850, 10907, 6040, 100777, 44864, 72123, 7823, 23574, 107540, 46879]"
112274,"[102215, 107162, 21161, 38361, 43599, 16625, 85457, 105853, 87349, 2054]"
112275,"[67488, 29763, 1362, 79149, 50016, 10774, 49788, 40462, 83189, 31640]"
112276,"[90663, 109238, 24529, 77137, 25408, 77460, 56389, 70287, 72487, 24028]"
112277,"[41318, 50489, 49134, 11835, 32059, 18228, 15536, 70223, 42122, 56407]"
112278,"[7546, 30925, 79605, 91445, 42463, 67621, 71010, 88846, 11888, 62953]"
112279,"[29478, 82743, 70578, 47424, 3259, 92623, 33033, 93176, 2205, 11131]"
112280,"[99342, 50120, 54279, 7197, 22960, 46436, 24490, 2401, 85894, 94813]"
112281,"[88442, 55044, 68077, 15413, 106477, 88257, 39320, 104585, 65850, 97050]"
112282,"[24839, 17987, 63087, 4010, 81137, 76715, 12021, 49521, 5519, 10547]"
112283,"[44493, 17545, 2522, 25738, 81845, 49316, 3433, 9081, 29558, 5343]"
112284,"[16609, 60505, 64186, 30394, 13598, 37751, 22822, 96956, 36621, 76868]"
112285,"[13396, 23726, 72487, 85372, 39195, 45694, 101396, 65324, 35007, 95004]"
112286,"[28312, 725, 15814, 92570, 18177, 54279, 46906, 21017, 7141, 98418]"
112287,"[38858, 27724, 85076, 56535, 84945, 78329, 77527, 76400, 70313, 23837]"
112288,"[26567, 106394, 31646, 28108, 11391, 391, 3169, 57578, 61102, 46864]"
112289,"[108959, 20426, 72014, 101318, 17691, 29730, 58794, 50890, 90843, 83530]"
112290,"[54926, 60847, 16834, 44207, 21194, 80628, 59381, 69335, 103855, 34413]"
112291,"[107605, 23362, 89754, 62300, 97818, 2301, 69550, 89600, 43603, 70076]"
112292,"[95502, 101146, 30149, 26671, 59427, 16984, 100333, 39557, 23030, 64902]"
112293,"[25570, 109063, 102159, 48926, 9752, 56700, 93167, 21210, 87460, 98726]"
112294,"[40926, 67067, 27633, 24945, 61758, 1146, 1285, 37360, 30085, 74228]"
112295,"[8453, 23253, 44160, 64058, 27577, 39914, 3949, 95273, 32444, 95940]"
112296,"[4603, 30268, 60149, 6430, 72981, 33155, 108959, 14272, 229, 18630]"
112297,"[61299, 47791, 105494, 62561, 62302, 86927, 39962, 55422, 71190, 75263]"
112298,"[100420, 33382, 18382, 2265, 50202, 74944, 103949, 76513, 60338, 80943]"
112299,"[33463, 14196, 55051, 107627, 4503, 44741, 63782, 64373, 5249, 28653]"
112300,"[47658, 28948, 101904, 97923, 12283, 53363, 89460, 92053, 78044, 96009]"
112301,"[34986, 105216, 98560, 70498, 30586, 52344, 107806, 64753, 62063, 4497]"
112302,"[31379, 55302, 101319, 55995, 66828, 103237, 6353, 47934, 8418, 63887]"
112303,"[65681, 86793, 88744, 62934, 98256, 79934, 47043, 42181, 15883, 50216]"
112304,"[86593, 79127, 80769, 30989, 49369, 86840, 38950, 67958, 68062, 51176]"
112305,"[1561, 11160, 61663, 52225, 57789, 257, 58660, 43188, 85406, 41046]"
112306,"[87319, 48904, 99095, 3347, 83119, 55585, 29572, 31572, 85570, 85732]"
112307,"[60522, 60185, 106816, 45994, 84650, 32302, 2601, 70187, 20909, 97385]"
112308,"[107111, 4996, 64081, 44836, 79672, 41767, 82481, 89301, 15833, 61302]"
112309,"[22482, 97227, 1375, 71469, 57902, 106299, 29051, 67609, 37868, 2530]"
112310,"[54837, 34985, 21917, 67655, 83545, 31198, 83379, 70464, 57307, 86753]"
112311,"[6970, 82952, 22060, 40172, 50480, 3105, 33395, 86170, 13690, 58110]"
112312,"[90778, 102263, 3462, 109194, 92468, 96743, 91856, 79352, 93448, 8574]"
112313,"[32750, 1117, 512, 102694, 32855, 74379, 15747, 32592, 64964, 58171]"
112314,"[61808, 3809, 107447, 43472, 5111, 109045, 105616, 65696, 54727, 104207]"
112315,"[44389, 95961, 99126, 75911, 82815, 64364, 52335, 86479, 44537, 100698]"
112316,"[33246, 87492, 105342, 74885, 15928, 43292, 2754, 45528, 10841, 44156]"
112317,"[6571, 76790, 88216, 106318, 79821, 91365, 25658, 88517, 63037, 72696]"
112318,"[104792, 46997, 40817, 106564, 40034, 81836, 19610, 90166, 106944, 70458]"
112319,"[38440, 52028, 98421, 33177, 74364, 10167, 59211, 100801, 36029, 12516]"
112320,"[65473, 47183, 51337, 103725, 102768, 57294, 45965, 52384, 84409, 42305]"
112321,"[36379, 11964, 48753, 49125, 53786, 53077, 107022, 73051, 54354, 31706]"
112322,"[13553, 98007, 28649, 37293, 45402, 14273, 11115, 27457, 26098, 62848]"
112323,"[23575, 27797, 29998, 535, 34124, 42844, 102744, 15967, 27589, 7638]"
112324,"[106325, 15349, 63941, 33189, 13692, 106562, 68794, 991, 52916, 80588]"
112325,"[35313, 30294, 69367, 29350, 82707, 51800, 82954, 3141, 41181, 96658]"
112326,"[62555, 42874, 81830, 59573, 102228, 90515, 97821, 106613, 61032, 8188]"
112327,"[39042, 28389, 76402, 1959, 106060, 103670, 70505, 38777, 42270, 82883]"
112328,"[51046, 13411, 63257, 36536, 13474, 42451, 88322, 24067, 68435, 24357]"
112329,"[80610, 47069, 72588, 49343, 50925, 92772, 45250, 50850, 33391, 56500]"
112330,"[47229, 68896, 7643, 73623, 83873, 78709, 56661, 54098, 101213, 91257]"
112331,"[14058, 87576, 64182, 94346, 23658, 56047, 109531, 9539, 86175, 37473]"
112332,"[82557, 78867, 104319, 72614, 77885, 60948, 37391, 32467, 63169, 53328]"
112333,"[46290, 104302, 108037, 49376, 19141, 13523, 106635, 93045, 100582, 75293]"
112334,"[15507, 81730, 83532, 54811, 60732, 11682, 46424, 16169, 47070, 21864]"
112335,"[14034, 25963, 38700, 30328, 14149, 98594, 64688, 31780, 101361, 78911]"
112336,"[75104, 17787, 18289, 65806, 45863, 92611, 45315, 77294, 101111, 44174]"
112337,"[95741, 79170, 46979, 18677, 50800, 9404, 34264, 63772, 30485, 69151]"
112338,"[72858, 72161, 106040, 47968, 25109, 19544, 105792, 25391, 16013, 38847]"
112339,"[106000, 87406, 75825, 85113, 105392, 84509, 54815, 45089, 80297, 103922]"
112340,"[54118, 36517, 21005, 17490, 62583, 22447, 95336, 10414, 86481, 48374]"
112341,"[51277, 81971, 60348, 8848, 58409, 16119, 15627, 86544, 65478, 20817]"
112342,"[70400, 87146, 49815, 11500, 88305, 74669, 103574, 25732, 71738, 23663]"
112343,"[52366, 39525, 54959, 59629, 59475, 95888, 18640, 47081, 93867, 34766]"
112344,"[94704, 22936, 25400, 19741, 16016, 82837, 60241, 75171, 38681, 30078]"
112345,"[43702, 35268, 46398, 48919, 20856, 1925, 11937, 13906, 56811, 40358]"
112346,"[54950, 100709, 57801, 85266, 96318, 50872, 11869, 97043, 50014, 96396]"
112347,"[74693, 54178, 31319, 3020, 10942, 11640, 91418, 25455, 33600, 80692]"
112348,"[70589, 30452, 72064, 25671, 18200, 68451, 25818, 46768, 31534, 55427]"
112349,"[5150, 104339, 53888, 43367, 23595, 21215, 13521, 75755, 56431, 56054]"
112350,"[55128, 96984, 2633, 96131, 38822, 25032, 35844, 27965, 26045, 30288]"
112351,"[90455, 52853, 20435, 85849, 46449, 68667, 75989, 68237, 41054, 25750]"
112352,"[51434, 25560, 73087, 109352, 95, 84029, 45983, 7291, 93119, 27680]"
112353,"[99059, 7589, 72554, 14997, 99968, 6028, 61652, 73167, 18039, 28854]"
112354,"[49314, 43970, 107191, 32436, 2114, 66376, 19795, 109116, 106971, 25078]"
112355,"[59537, 80041, 16771, 47614, 14929, 89862, 82806, 16776, 82101, 55029]"
112356,"[64505, 44786, 25512, 6569, 3828, 62840, 56103, 16619, 26843, 23098]"
112357,"[10845, 4082, 105251, 86496, 63631, 9490, 9268, 41553, 69702, 276]"
112358,"[60575, 90062, 107287, 13331, 66964, 99760, 27337, 46154, 38583, 99444]"
112359,"[38488, 10135, 69771, 11559, 28551, 26053, 87145, 103758, 27524, 60563]"
112360,"[68900, 69395, 24006, 46990, 91046, 24128, 13407, 25403, 22956, 80926]"
112361,"[77786, 47887, 46796, 50718, 14853, 34862, 19783, 91406, 72090, 87286]"
112362,"[27865, 8789, 66285, 62252, 75860, 80457, 37392, 75849, 104338, 38686]"
112363,"[60146, 100152, 72322, 101471, 94982, 106306, 13437, 80604, 11728, 100688]"
112364,"[55164, 51202, 42719, 8248, 73808, 106628, 79541, 44966, 29956, 64180]"
112365,"[47696, 9974, 10160, 80977, 109437, 8853, 95605, 88354, 98140, 43939]"
112366,"[77556, 37755, 48200, 68934, 157, 108958, 34267, 87708, 109412, 46119]"
112367,"[73654, 94474, 35978, 188, 22129, 45098, 64258, 80392, 9545, 98917]"
112368,"[62375, 2935, 97473, 108286, 20876, 9148, 61139, 80160, 60182, 82015]"
112369,"[790, 31306, 92476, 66562, 93075, 102879, 22007, 28482, 53007, 39924]"
112370,"[17328, 108539, 49865, 71839, 3074, 87554, 107997, 1700, 4357, 11971]"
112371,"[87058, 102442, 57347, 95322, 8487, 71831, 49911, 13679, 85166, 92899]"
112372,"[91013, 108308, 4032, 78003, 66732, 28714, 42717, 67210, 105733, 54990]"
112373,"[74937, 98995, 10551, 1053, 25608, 36754, 41918, 80852, 108020, 99544]"
112374,"[11453, 2711, 53576, 23744, 83988, 50271, 60924, 52922, 24278, 96322]"
112375,"[62422, 35991, 95487, 25816, 14681, 105201, 44453, 97346, 50439, 102493]"
112376,"[93325, 55818, 82169, 43082, 96906, 108779, 24712, 80900, 57321, 88455]"
112377,"[26444, 15280, 42580, 96251, 18921, 108206, 3808, 105911, 55432, 94812]"
112378,"[9839, 42862, 4307, 13949, 30553, 79966, 54724, 31251, 29300, 96471]"
112379,"[93275, 50552, 107991, 20358, 63531, 58539, 21100, 9899, 20622, 63138]"
112380,"[48730, 57865, 83418, 61398, 36756, 105747, 25689, 44451, 85290, 79770]"
112381,"[64099, 33857, 73884, 52517, 52859, 65448, 12654, 107702, 27474, 65316]"
112382,"[78529, 108859, 16017, 68744, 88111, 43589, 29849, 62349, 23009, 67892]"
112383,"[67458, 81549, 13905, 64874, 97130, 2310, 3207, 52942, 35069, 10884]"
112384,"[49263, 86385, 104279, 75515, 65935, 103416, 33361, 67011, 87739, 80788]"
112385,"[7137, 3574, 55282, 86293, 68630, 46162, 82844, 12252, 4375, 17629]"
112386,"[30804, 49553, 18523, 3908, 65308, 73328, 87688, 22002, 53407, 33483]"
112387,"[66535, 10575, 80034, 26134, 94001, 7718, 8900, 79713, 85533, 6257]"
112388,"[64572, 74971, 25443, 7238, 98248, 92134, 81372, 75044, 16368, 29886]"
112389,"[70487, 44012, 20244, 10243, 61471, 46709, 33031, 99504, 97632, 108451]"
112390,"[54718, 105465, 86244, 19183, 35849, 60893, 21291, 14993, 64090, 36871]"
112391,"[35474, 40662, 20553, 97269, 52763, 54170, 107150, 33098, 86759, 35670]"
112392,"[10708, 47166, 102609, 21069, 92097, 66574, 19300, 86833, 84715, 33054]"
112393,"[54763, 104274, 84108, 104171, 55476, 72811, 7443, 14486, 50787, 75318]"
112394,"[25829, 37492, 81081, 17572, 31989, 38273, 65011, 60454, 25922, 64875]"
112395,"[97581, 29657, 6055, 57073, 35879, 95467, 73931, 59313, 43675, 107546]"
112396,"[17442, 42591, 9370, 58452, 2893, 61709, 106126, 109353, 43299, 59920]"
112397,"[95459, 103267, 57934, 12072, 26973, 77777, 24080, 46214, 38105, 75199]"
112398,"[21542, 88576, 75598, 94753, 59090, 49765, 51818, 56332, 20075, 106315]"
112399,"[98430, 36485, 99278, 107803, 45992, 95191, 52479, 42873, 37079, 35899]"
112400,"[78230, 27505, 66447, 79545, 71522, 5841, 42756, 13953, 18095, 96666]"
112401,"[12733, 37988, 86074, 59006, 27368, 107813, 108978, 89886, 34096, 103278]"
112402,"[64004, 26451, 96509, 103499, 94664, 40799, 78908, 92490, 70594, 6235]"
112403,"[88783, 46362, 51228, 85966, 88471, 49856, 18496, 45922, 58293, 97740]"
112404,"[38908, 9177, 23251, 104011, 21389, 98422, 97483, 49840, 51776, 13297]"
112405,"[83118, 97525, 100815, 540, 29761, 85203, 6276, 96149, 61773, 78737]"
112406,"[23222, 103954, 30845, 50387, 27323, 66982, 65744, 96884, 105043, 55078]"
112407,"[77625, 5965, 44143, 44066, 76508, 19, 62884, 70957, 105260, 11434]"
112408,"[95276, 81019, 84779, 42764, 44847, 92577, 58981, 109322, 74338, 58092]"
112409,"[62473, 58640, 37572, 60851, 17990, 82381, 35792, 42835, 44388, 77857]"
112410,"[35173, 60027, 83497, 88770, 60115, 16089, 85956, 29960, 45907, 24530]"
112411,"[10952, 75862, 77656, 43180, 42983, 76521, 9136, 22786, 62035, 79378]"
112412,"[80214, 41080, 63915, 76481, 88967, 14640, 108064, 38867, 46279, 4129]"
112413,"[25188, 65823, 104528, 101596, 34751, 23620, 46220, 24886, 31512, 18453]"
112414,"[51496, 89745, 76637, 75973, 15692, 32717, 107404, 81132, 84589, 45206]"
112415,"[91686, 8445, 8447, 15801, 25779, 87485, 82598, 1815, 109311, 43595]"
112416,"[101265, 106871, 60103, 82038, 102896, 71345, 87087, 104348, 102662, 27030]"
112417,"[68240, 32844, 77796, 57047, 59669, 87175, 55713, 11259, 45713, 104577]"
112418,"[91390, 56443, 106719, 52342, 5571, 43640, 64058, 97897, 24704, 18790]"
112419,"[53560, 15244, 58511, 57838, 2201, 18514, 103908, 84221, 79281, 54211]"
112420,"[20451, 11356, 31314, 50135, 61201, 49031, 39237, 31886, 39838, 16249]"
112421,"[84436, 53969, 50933, 82374, 92943, 46113, 83459, 1407, 63144, 91348]"
112422,"[11777, 82746, 18094, 107118, 77750, 14390, 96264, 31188, 63195, 56055]"
112423,"[105383, 46099, 80201, 36186, 20258, 64569, 59651, 39571, 18826, 17959]"
112424,"[41038, 85283, 327, 59085, 74767, 97497, 29400, 83717, 75753, 88213]"
112425,"[108513, 39651, 66309, 40667, 54431, 11979, 16425, 42219, 15144, 52770]"
112426,"[13212, 10938, 72387, 106021, 36312, 82739, 65532, 97152, 43871, 47754]"
112427,"[104712, 97713, 24867, 74220, 93061, 1000, 22625, 4113, 9181, 33690]"
112428,"[72569, 44233, 105591, 14711, 2062, 106287, 97259, 105406, 40377, 1166]"
112429,"[36318, 40963, 61917, 24024, 3366, 75679, 62831, 84490, 89009, 82861]"
112430,"[93458, 7828, 8575, 59353, 34482, 62110, 94486, 8241, 104374, 53292]"
112431,"[109723, 51557, 74844, 31962, 59899, 86015, 107240, 82035, 20879, 96299]"
112432,"[27161, 46083, 895, 41378, 55866, 70236, 59014, 68184, 58393, 52353]"
112433,"[89393, 89701, 68388, 61451, 90876, 107168, 88862, 28489, 5371, 59575]"
112434,"[21815, 29124, 83500, 553, 75540, 19666, 40521, 92087, 103575, 38375]"
112435,"[65917, 205, 53524, 9379, 57837, 65487, 12430, 10195, 34875, 63140]"
112436,"[41390, 105848, 97812, 105315, 34253, 53784, 66926, 53739, 597, 41452]"
112437,"[78084, 61945, 75047, 85594, 26262, 11330, 28778, 16283, 59331, 1232]"
112438,"[38191, 11130, 46948, 94416, 35400, 852, 64746, 90485, 93490, 43917]"
112439,"[98067, 103899, 37137, 15696, 101601, 75976, 33893, 51468, 105459, 102273]"
112440,"[59837, 41464, 41415, 18923, 18811, 56609, 43393, 14582, 101299, 15010]"
112441,"[89345, 42609, 40295, 50751, 55884, 81378, 38252, 92181, 22653, 24694]"
112442,"[46244, 34960, 1817, 55132, 60631, 15069, 43437, 5957, 64450, 99070]"
112443,"[107495, 85748, 62362, 35441, 55026, 68862, 71765, 34329, 98362, 104337]"
112444,"[88651, 98535, 51622, 43790, 85276, 10633, 17857, 102153, 53973, 18920]"
112445,"[78043, 38085, 1856, 1747, 89734, 40754, 108621, 78536, 47474, 42011]"
112446,"[4171, 47940, 57857, 64264, 5581, 36063, 42002, 32675, 58755, 26247]"
112447,"[4860, 68695, 70457, 71073, 95153, 3064, 31841, 31608, 107492, 60858]"
112448,"[34831, 29739, 59357, 95864, 72373, 30932, 50345, 8006, 20393, 88721]"
112449,"[19532, 9496, 24872, 16264, 13180, 11687, 57065, 39253, 5436, 47079]"
112450,"[26288, 11981, 72414, 20539, 83576, 95638, 73706, 21398, 58481, 40082]"
112451,"[46887, 7038, 100628, 79873, 93684, 14623, 58244, 7837, 53306, 38348]"
112452,"[47149, 4718, 50211, 19539, 30933, 40434, 101370, 106213, 8164, 70206]"
112453,"[95688, 74919, 61986, 46041, 30040, 26735, 34060, 68985, 60733, 70119]"
112454,"[98890, 40321, 89317, 30862, 43164, 56732, 108479, 76715, 5519, 78432]"
112455,"[3083, 93414, 4, 30019, 51500, 104025, 98643, 12925, 8118, 66837]"
112456,"[92856, 104709, 4531, 39289, 43936, 20544, 36295, 82082, 97962, 16111]"
112457,"[98388, 88792, 11913, 40311, 7434, 84725, 77751, 49102, 9659, 24521]"
112458,"[12202, 65963, 31118, 36560, 32268, 103730, 31395, 90314, 80050, 89300]"
112459,"[30871, 91362, 37679, 27384, 108511, 11125, 77138, 3056, 90508, 56844]"
112460,"[1988, 29675, 77563, 100512, 87760, 97708, 1205, 30189, 54670, 16030]"
112461,"[46561, 32510, 16117, 79193, 61834, 62931, 49626, 34836, 83064, 78999]"
112462,"[53473, 76853, 36276, 108919, 1135, 20134, 48682, 51002, 22502, 74650]"
112463,"[47370, 94642, 37915, 22023, 108716, 108354, 24314, 87457, 94088, 92262]"
112464,"[94507, 33924, 47634, 82246, 69371, 5427, 79084, 6833, 63773, 21963]"
112465,"[50480, 40172, 82952, 6970, 22060, 86303, 95556, 64287, 56116, 87710]"
112466,"[48618, 87202, 21692, 24370, 104983, 16061, 4949, 51394, 64541, 103525]"
112467,"[70947, 76546, 6779, 73258, 88595, 66604, 88319, 108378, 94107, 55278]"
112468,"[81724, 47862, 73135, 88104, 47874, 59400, 35046, 14097, 61434, 86184]"
112469,"[16183, 52773, 54601, 90539, 43247, 64947, 2015, 19920, 54614, 54221]"
112470,"[76398, 79995, 19676, 29951, 70237, 48229, 85458, 31338, 6169, 92636]"
112471,"[101473, 72463, 96477, 74149, 33847, 105012, 64378, 103054, 49430, 75070]"
112472,"[41136, 88452, 72560, 71055, 38022, 9590, 103991, 99983, 7678, 65323]"
112473,"[35476, 6083, 69564, 95134, 22003, 40134, 94765, 61040, 82182, 85353]"
112474,"[103240, 22914, 15974, 1062, 44707, 102372, 88963, 45699, 31908, 89966]"
112475,"[59325, 9934, 65260, 13045, 35766, 93078, 99150, 33297, 109538, 12290]"
112476,"[65658, 95047, 94414, 15181, 96015, 92783, 12834, 50650, 94465, 47130]"
112477,"[17736, 78057, 59, 62706, 33155, 66858, 92293, 14735, 101798, 59485]"
112478,"[99217, 47324, 5013, 85349, 18556, 83366, 714, 44395, 84906, 52252]"
112479,"[58953, 14573, 66072, 109012, 77787, 11591, 43587, 23577, 32560, 83787]"
112480,"[22962, 70667, 56109, 9615, 15452, 64509, 9124, 48225, 35657, 99406]"
112481,"[87724, 12168, 25187, 432, 53306, 46887, 38348, 11428, 69745, 81770]"
112482,"[85964, 9861, 6909, 86003, 58047, 32586, 66883, 21726, 64973, 29165]"
112483,"[4743, 89641, 16970, 107696, 99873, 51594, 80445, 10450, 72311, 99293]"
112484,"[2550, 39374, 55730, 51869, 49033, 75640, 12430, 42507, 30966, 98983]"
112485,"[29876, 35314, 56912, 40202, 47520, 11918, 78444, 44031, 78770, 81169]"
112486,"[18635, 71964, 100853, 25344, 38437, 54676, 6107, 60837, 98096, 87178]"
112487,"[80219, 26462, 82256, 58585, 19132, 24928, 17728, 5322, 46531, 14945]"
112488,"[53342, 82736, 105341, 31641, 42402, 57767, 53772, 5410, 36944, 20929]"
112489,"[96271, 38114, 82867, 41044, 106716, 78764, 51349, 79671, 56238, 108166]"
112490,"[84991, 76509, 94444, 36350, 23017, 17105, 22037, 5026, 2995, 41979]"
112491,"[55483, 77735, 77734, 106235, 75587, 22184, 11959, 56340, 52689, 56009]"
112492,"[21115, 68878, 73354, 29982, 18953, 60417, 9671, 60583, 72855, 75149]"
112493,"[57686, 12122, 103256, 1456, 81784, 93849, 31247, 43643, 14131, 43698]"
112494,"[66957, 53047, 70351, 50399, 36831, 54323, 77942, 99854, 68539, 8865]"
112495,"[26929, 74529, 95430, 22947, 94421, 4767, 94992, 70154, 75589, 65526]"
112496,"[4724, 64254, 66011, 36734, 56813, 36839, 799, 4601, 48212, 44350]"
112497,"[15731, 55557, 71534, 92610, 12744, 104733, 56120, 55368, 12121, 27420]"
112498,"[57932, 107353, 64835, 18455, 94516, 3265, 7967, 48048, 19343, 54345]"
112499,"[103322, 22799, 52361, 46266, 35371, 33463, 4503, 64373, 44741, 107627]"
112500,"[49976, 69229, 80557, 29679, 25030, 105006, 87418, 106781, 74669, 72540]"
112501,"[103125, 60338, 94975, 28744, 89953, 13910, 102258, 92865, 39851, 76513]"
112502,"[105398, 55542, 2392, 66331, 14021, 26321, 97777, 86845, 69933, 63508]"
112503,"[7485, 880, 23523, 33899, 13858, 105619, 69389, 41471, 16243, 21661]"
112504,"[107405, 63889, 71963, 10819, 109734, 46609, 26025, 14372, 96253, 48709]"
112505,"[92284, 65376, 54285, 7332, 8040, 17341, 13233, 54362, 97225, 86176]"
112506,"[92582, 26538, 93607, 14661, 77231, 53428, 44435, 103891, 77204, 79856]"
112507,"[14907, 102860, 90404, 69676, 52341, 52761, 35615, 29386, 73224, 68323]"
112508,"[79692, 47848, 106433, 47911, 70359, 98437, 51631, 64319, 109369, 22043]"
112509,"[100955, 86831, 18150, 58957, 99913, 47010, 35315, 78148, 29511, 23261]"
112510,"[97892, 60192, 80749, 30692, 31960, 88186, 80279, 67278, 96050, 82604]"
112511,"[36469, 40421, 51564, 81897, 97970, 68575, 20228, 8697, 75818, 50881]"
112512,"[49955, 72755, 58790, 67850, 18608, 42302, 95753, 33969, 76659, 99203]"
112513,"[55317, 6224, 75724, 40954, 95441, 93723, 34803, 17171, 85389, 3783]"
112514,"[13493, 75241, 98873, 27573, 9519, 39309, 4116, 107238, 19166, 49836]"
112515,"[16667, 1435, 74345, 54761, 31356, 40271, 74949, 87321, 40976, 95577]"
112516,"[62698, 60797, 76975, 87649, 88672, 66591, 92692, 94016, 99176, 54403]"
112517,"[46375, 93710, 87299, 4012, 47162, 89468, 75894, 84608, 42497, 107805]"
112518,"[78193, 60708, 99579, 30654, 81146, 81037, 15396, 64625, 33356, 10856]"
112519,"[50913, 41072, 14800, 33610, 738, 84918, 2452, 39626, 59775, 51785]"
112520,"[7158, 62761, 32970, 63393, 32065, 92327, 42155, 86530, 98753, 93899]"
112521,"[66683, 48523, 32029, 97852, 55670, 90184, 94008, 31733, 52160, 88628]"
112522,"[11251, 105364, 20567, 60749, 36451, 48137, 40266, 100783, 67388, 11092]"
112523,"[22084, 15347, 20461, 107846, 82454, 106967, 36933, 11950, 78543, 26314]"
112524,"[34588, 18059, 27304, 89988, 9932, 29621, 42573, 72811, 50787, 70786]"
112525,"[44216, 17141, 32822, 89176, 32724, 49178, 25871, 30610, 60474, 52924]"
112526,"[90588, 48030, 109592, 18830, 85753, 99706, 66796, 97769, 66329, 96984]"
112527,"[81903, 74774, 78586, 31487, 73707, 94651, 63845, 9309, 31214, 103145]"
112528,"[1150, 85552, 105704, 84147, 96500, 91612, 48680, 54150, 105266, 97665]"
112529,"[35170, 84349, 24799, 97560, 82425, 48338, 108047, 71350, 16330, 73259]"
112530,"[99083, 85961, 30826, 40600, 14095, 10266, 44004, 94602, 15335, 52558]"
112531,"[86172, 37450, 83939, 44993, 80712, 31567, 15962, 102118, 34140, 14687]"
112532,"[108008, 3475, 62015, 5222, 32669, 16141, 69778, 36513, 8910, 100587]"
112533,"[35989, 21313, 74864, 72844, 40628, 16849, 30098, 47043, 108856, 98256]"
112534,"[31888, 28106, 46555, 69796, 5268, 84744, 50172, 88487, 105788, 94186]"
112535,"[109538, 62112, 90825, 25261, 81941, 23863, 32810, 81728, 33297, 99150]"
112536,"[67475, 102718, 63380, 109131, 11040, 25683, 31147, 32626, 108100, 107770]"
112537,"[48215, 29620, 42890, 19826, 28082, 106903, 101429, 49833, 1721, 42252]"
112538,"[46597, 90998, 27904, 48890, 59223, 53756, 45738, 96268, 103829, 76216]"
112539,"[20011, 5055, 64754, 8016, 36223, 9814, 85769, 23370, 99791, 17531]"
112540,"[75240, 17258, 66526, 37720, 102494, 4976, 73968, 102298, 50925, 90607]"
112541,"[74560, 43568, 90435, 76197, 98467, 67857, 81889, 89374, 63199, 86224]"
112542,"[88252, 37217, 44412, 30633, 59483, 52999, 30956, 106380, 1032, 43128]"
112543,"[63887, 48760, 21442, 90719, 269, 7281, 80972, 89238, 3427, 64409]"
112544,"[97779, 86382, 80741, 24813, 31541, 74301, 47875, 20893, 48418, 8927]"
112545,"[74466, 14578, 2402, 70333, 78085, 66414, 63825, 22829, 94090, 32895]"
112546,"[42395, 109332, 45018, 83656, 53700, 48244, 44596, 73098, 84278, 10610]"
112547,"[27428, 81585, 72652, 108927, 99238, 75576, 100940, 29992, 36583, 50465]"
112548,"[915, 47186, 107625, 28030, 41058, 60047, 1667, 107500, 106662, 82755]"
112549,"[66697, 14721, 10637, 46174, 49713, 28094, 101522, 104298, 23202, 107168]"
112550,"[21610, 38853, 87939, 11507, 67227, 60418, 16790, 43017, 67706, 99432]"
112551,"[65452, 49171, 80580, 103569, 67533, 38370, 76180, 62803, 40879, 38669]"
112552,"[46851, 10540, 7954, 18844, 23461, 51988, 25766, 11441, 94527, 57095]"
112553,"[63039, 12161, 47255, 55936, 792, 90344, 45678, 91759, 24503, 88772]"
112554,"[3446, 100310, 55516, 90768, 99447, 1810, 60249, 63726, 64397, 72791]"
112555,"[78267, 30907, 76820, 69983, 9957, 77082, 77278, 54058, 50506, 44530]"
112556,"[49446, 76663, 25000, 3509, 57005, 25791, 87258, 100214, 20675, 57315]"
112557,"[23051, 85418, 88435, 62145, 74453, 4984, 88568, 59842, 60453, 26298]"
112558,"[43444, 99754, 75414, 43527, 94242, 83880, 85001, 95645, 54604, 108855]"
112559,"[76995, 90963, 3399, 85672, 89904, 43794, 98334, 41952, 43219, 16099]"
112560,"[66032, 7685, 89529, 48684, 73474, 8622, 47721, 42439, 85377, 52877]"
112561,"[98674, 8608, 95590, 1223, 90917, 101580, 68247, 1003, 9460, 38655]"
112562,"[84745, 4784, 38924, 93408, 18869, 83113, 16690, 45289, 15424, 30402]"
112563,"[107922, 48178, 36793, 45070, 20127, 103611, 72915, 85622, 53268, 6282]"
112564,"[81930, 4656, 54321, 83337, 91254, 42690, 98215, 28052, 2477, 65021]"
112565,"[33929, 99841, 89292, 8220, 15809, 40542, 65737, 76303, 47144, 55227]"
112566,"[74124, 60144, 32741, 19605, 3679, 58167, 51997, 17637, 97949, 66236]"
112567,"[52646, 86780, 93816, 71945, 32187, 26251, 58054, 16603, 78988, 38210]"
112568,"[27002, 94589, 107855, 108111, 49395, 44417, 86364, 56482, 85723, 51628]"
112569,"[4004, 21303, 65064, 99827, 3842, 30835, 74150, 89817, 22930, 61232]"
112570,"[95502, 101146, 100333, 39557, 59427, 16984, 64902, 109731, 26671, 23030]"
112571,"[57557, 40332, 101989, 39408, 90924, 3135, 63699, 68809, 103974, 65026]"
112572,"[69769, 64632, 93922, 71596, 73910, 29012, 76827, 45352, 87122, 2687]"
112573,"[106021, 58848, 76924, 52954, 7245, 71007, 48667, 61292, 83359, 82739]"
112574,"[44307, 58419, 26616, 82384, 30062, 107464, 72226, 68975, 57354, 2345]"
112575,"[96855, 85199, 65995, 10849, 59995, 85282, 31832, 105595, 62451, 964]"
112576,"[19532, 9496, 19828, 49377, 62568, 15754, 58892, 109392, 70430, 58064]"
112577,"[103321, 13873, 71872, 90424, 19545, 44054, 1627, 40400, 69990, 33406]"
112578,"[108382, 98146, 5531, 38177, 43199, 96344, 74589, 55941, 80819, 102576]"
112579,"[41827, 38395, 2274, 64024, 94330, 3758, 31231, 57596, 9078, 85642]"
112580,"[41013, 108481, 97489, 54964, 27937, 7778, 13239, 5409, 40953, 24066]"
112581,"[2778, 40445, 61548, 7005, 56487, 42344, 34953, 107741, 34480, 84505]"
112582,"[346, 10835, 7416, 85692, 76058, 92067, 5765, 85831, 51697, 4563]"
112583,"[18427, 48562, 100702, 40231, 8072, 23197, 97723, 86510, 31115, 79621]"
112584,"[104670, 10961, 76799, 50775, 81026, 42515, 30406, 65939, 2595, 8385]"
112585,"[79822, 46812, 86425, 95399, 104442, 59609, 7688, 34636, 3502, 34151]"
112586,"[55870, 11229, 10283, 9570, 36693, 13508, 100616, 56159, 59467, 51918]"
112587,"[80442, 23500, 70221, 45310, 10628, 80726, 7602, 61579, 67983, 34478]"
112588,"[23279, 26801, 43303, 68754, 40536, 74557, 92531, 57941, 89927, 18715]"
112589,"[40263, 47569, 65560, 26151, 784, 96872, 21680, 104865, 74384, 109676]"
112590,"[109744, 60653, 23695, 49253, 37286, 12514, 21135, 13775, 87758, 38327]"
112591,"[45257, 13200, 52685, 65144, 105603, 98475, 83586, 16060, 82987, 68633]"
112592,"[33766, 66045, 41372, 39116, 35401, 45068, 104285, 7824, 58079, 1461]"
112593,"[50281, 68570, 109630, 63725, 101822, 57712, 34447, 84736, 6914, 49832]"
112594,"[35525, 54433, 61020, 63434, 68604, 60985, 125, 50220, 57487, 13558]"
112595,"[38570, 20468, 17158, 43921, 68676, 22922, 5924, 56780, 4595, 15792]"
112596,"[74397, 1690, 42768, 20458, 2183, 97486, 67987, 70156, 49038, 78347]"
112597,"[59254, 58126, 78080, 77757, 63552, 28798, 63118, 83870, 52977, 97001]"
112598,"[66038, 57459, 27497, 88813, 107610, 56584, 31216, 46783, 47530, 28000]"
112599,"[28846, 105935, 85129, 104333, 98229, 26314, 82454, 93692, 78543, 65583]"
112600,"[27698, 8276, 98057, 28548, 27479, 56215, 82075, 103499, 2285, 86978]"
112601,"[106184, 17068, 82941, 93891, 96293, 91700, 36400, 104884, 44604, 35651]"
112602,"[90329, 92613, 12526, 93133, 25868, 71663, 19419, 21075, 90432, 62756]"
112603,"[41417, 30561, 78881, 59126, 10270, 104721, 18071, 45978, 39828, 50648]"
112604,"[84887, 20930, 94882, 19067, 4790, 15060, 65209, 38043, 53802, 86854]"
112605,"[47687, 107508, 44913, 13094, 103935, 4459, 48604, 85068, 95809, 94490]"
112606,"[3279, 21779, 39582, 23073, 105192, 74703, 85790, 86043, 109006, 50164]"
112607,"[50916, 89222, 34257, 8194, 54482, 45975, 30952, 8825, 23080, 65996]"
112608,"[67584, 50501, 63098, 67285, 44145, 6818, 94449, 87718, 24339, 13705]"
112609,"[32759, 51589, 73468, 43461, 3316, 76746, 65868, 37410, 73535, 33817]"
112610,"[75631, 57635, 85251, 101940, 46010, 55143, 93171, 41969, 109140, 65728]"
112611,"[54728, 8447, 66995, 31867, 24075, 94528, 73866, 24420, 37234, 81942]"
112612,"[1482, 62092, 25482, 95226, 50918, 92500, 105529, 37514, 34038, 55011]"
112613,"[38168, 81053, 72653, 100659, 1647, 104725, 92793, 98729, 1977, 7966]"
112614,"[77113, 29722, 74119, 42589, 14962, 46510, 108189, 107968, 84993, 76725]"
112615,"[88639, 67993, 106905, 64428, 40467, 88448, 78246, 17301, 36534, 87925]"
112616,"[16881, 38218, 19248, 59474, 75748, 19204, 37124, 99455, 57123, 13766]"
112617,"[77479, 47841, 22507, 43361, 31012, 24599, 24487, 14667, 41191, 100083]"
112618,"[79649, 49727, 29324, 41261, 23204, 102364, 48747, 7084, 53883, 68212]"
112619,"[102311, 55879, 37750, 108027, 20511, 10501, 103207, 20105, 85294, 55727]"
112620,"[103534, 59744, 96566, 77367, 100941, 16819, 99039, 27050, 75920, 10346]"
112621,"[26518, 31187, 60815, 63728, 103264, 42464, 5201, 36636, 15200, 90133]"
112622,"[28645, 22231, 23397, 103581, 41579, 78785, 80285, 75145, 107649, 44745]"
112623,"[19593, 79046, 57893, 11555, 47392, 82655, 55241, 33928, 108342, 1276]"
112624,"[54321, 49872, 4656, 81930, 71392, 32906, 28936, 64311, 32609, 75475]"
112625,"[89159, 62346, 6423, 6319, 61091, 52280, 52142, 63399, 48413, 47872]"
112626,"[108681, 27748, 18621, 75631, 70809, 79470, 62759, 101173, 30776, 84110]"
112627,"[6046, 34902, 21933, 75155, 1708, 65654, 23777, 20960, 36899, 24457]"
112628,"[63267, 88139, 36042, 82702, 95857, 44384, 81052, 48563, 26295, 93301]"
112629,"[65441, 101715, 76374, 44147, 58577, 96869, 54292, 98883, 85150, 86547]"
112630,"[16207, 48074, 88556, 88291, 79008, 88074, 104369, 88458, 96978, 23961]"
112631,"[82441, 35180, 35938, 86671, 62614, 41008, 28183, 99825, 27761, 68981]"
112632,"[89243, 14178, 94086, 103762, 33090, 88176, 55885, 37499, 63297, 42150]"
112633,"[6237, 69182, 40168, 75667, 52228, 95701, 14776, 86110, 32964, 106079]"
112634,"[20885, 49527, 8556, 106998, 108561, 42504, 50887, 96721, 6469, 50605]"
112635,"[86478, 3139, 34788, 19994, 104313, 28282, 90264, 7923, 9916, 66019]"
112636,"[85574, 9163, 33058, 62292, 54232, 63107, 51458, 80632, 53624, 50087]"
112637,"[68179, 46770, 97069, 74850, 48514, 46307, 92670, 44177, 108775, 56919]"
112638,"[81626, 6462, 88263, 2999, 93711, 105677, 86519, 84517, 65097, 99516]"
112639,"[275, 56305, 72021, 100332, 226, 2557, 81447, 47855, 97762, 57689]"
112640,"[109700, 87870, 94424, 25538, 88569, 8389, 13100, 17583, 46548, 99100]"
112641,"[72311, 105225, 15723, 43623, 96758, 36375, 25920, 4968, 58508, 85850]"
112642,"[39117, 87134, 60579, 99557, 16009, 11577, 37897, 35901, 25515, 72659]"
112643,"[78072, 6303, 39178, 23836, 19769, 87531, 55919, 8813, 82036, 44618]"
112644,"[78282, 73857, 14763, 107459, 53792, 3432, 104362, 25684, 10634, 96238]"
112645,"[44836, 94392, 2680, 80444, 71405, 95271, 34645, 98578, 57268, 1375]"
112646,"[91107, 13064, 64045, 40491, 81866, 97351, 14975, 72576, 24076, 58794]"
112647,"[54221, 64947, 84052, 58469, 106956, 82654, 85947, 90696, 16183, 44428]"
112648,"[52711, 43933, 55934, 71052, 79823, 1810, 37186, 63726, 72791, 3446]"
112649,"[46868, 101438, 22342, 31402, 17263, 92491, 47420, 66360, 5804, 99970]"
112650,"[64821, 47693, 65790, 14439, 61766, 12232, 17425, 42284, 80274, 42710]"
112651,"[104751, 20437, 97815, 35939, 48191, 16945, 36773, 87476, 95164, 75096]"
112652,"[83167, 48825, 73950, 46935, 4258, 86210, 31253, 54446, 105529, 29649]"
112653,"[65650, 105834, 108267, 32913, 79148, 95003, 85525, 65904, 35059, 1772]"
112654,"[30958, 62116, 74222, 31103, 95929, 15768, 73384, 101283, 44665, 6582]"
112655,"[2455, 108097, 29064, 50653, 2818, 80053, 71423, 77478, 492, 68548]"
112656,"[90084, 106685, 86493, 87617, 22792, 72268, 27936, 35466, 63495, 2615]"
112657,"[77643, 61762, 103330, 62649, 52244, 84255, 88208, 9900, 86544, 65478]"
112658,"[78775, 105039, 100602, 13872, 18178, 7888, 70310, 71360, 6079, 7153]"
112659,"[48270, 2363, 28520, 31170, 18283, 106283, 19016, 99973, 41212, 61310]"
112660,"[78680, 1678, 102968, 77727, 98044, 59701, 42534, 44708, 90536, 314]"
112661,"[94814, 10002, 80524, 30721, 27136, 90105, 11954, 30010, 601, 55800]"
112662,"[43227, 49729, 26248, 4423, 5005, 102484, 18156, 86968, 50086, 100288]"
112663,"[34342, 100741, 605, 21975, 85543, 74638, 32034, 12528, 59462, 20184]"
112664,"[81707, 81521, 93721, 66585, 66635, 12885, 64218, 12132, 54145, 8733]"
112665,"[50125, 62523, 33196, 42014, 32701, 52347, 23445, 25237, 37735, 6910]"
112666,"[108443, 32767, 84516, 96741, 71285, 86454, 106550, 87896, 99674, 103511]"
112667,"[23732, 88380, 107606, 101059, 91420, 98566, 2083, 25990, 57315, 9272]"
112668,"[98755, 71778, 13774, 102941, 24510, 89664, 34958, 79766, 41324, 72275]"
112669,"[15847, 30936, 41420, 10966, 41263, 23229, 57816, 76822, 101772, 64984]"
112670,"[109669, 97611, 65291, 3358, 101549, 17257, 57638, 55072, 24998, 32890]"
112671,"[33156, 51749, 94379, 66513, 67957, 26509, 78875, 48146, 25668, 95189]"
112672,"[28060, 75728, 20125, 63598, 93981, 28159, 129, 92843, 14527, 23219]"
112673,"[17907, 25293, 31456, 32400, 2465, 93504, 75146, 20738, 27897, 33648]"
112674,"[42286, 86537, 49538, 58732, 52401, 67568, 45641, 8933, 1522, 13297]"
112675,"[84442, 74250, 73075, 15783, 16977, 14000, 23552, 51558, 101819, 101566]"
112676,"[72758, 73044, 17509, 73333, 74358, 60467, 74836, 64640, 49178, 30860]"
112677,"[102970, 106855, 45754, 14626, 21190, 100990, 38970, 81176, 2192, 56651]"
112678,"[15076, 58660, 96018, 77670, 85822, 41376, 79407, 15817, 9051, 63075]"
112679,"[30424, 78981, 18402, 55154, 78199, 75821, 51339, 103481, 71662, 34407]"
112680,"[50773, 71976, 10584, 100692, 17696, 45475, 28598, 82619, 98583, 47450]"
112681,"[17075, 104864, 1553, 69662, 86075, 11484, 6372, 50214, 18399, 77037]"
112682,"[15459, 99105, 81294, 82605, 92643, 15183, 20166, 22994, 62575, 38798]"
112683,"[53077, 36379, 49125, 48753, 8458, 108829, 49014, 34997, 101010, 73177]"
112684,"[100833, 103196, 61736, 88194, 78979, 60715, 13420, 87408, 95418, 44766]"
112685,"[106204, 32998, 9665, 69939, 92238, 15642, 12750, 21943, 9477, 2068]"
112686,"[33180, 69914, 2582, 85169, 103955, 67131, 22617, 66857, 9611, 66482]"
112687,"[89727, 106785, 87326, 69922, 30840, 49799, 8942, 103673, 31036, 41000]"
112688,"[75315, 34964, 77927, 12745, 36747, 52085, 37000, 3427, 11357, 12445]"
112689,"[37489, 104987, 60159, 44131, 37704, 94271, 17811, 96135, 16635, 85674]"
112690,"[54532, 37288, 76410, 106574, 25264, 66078, 33419, 58550, 86261, 13377]"
112691,"[56444, 45634, 42516, 56440, 94690, 80728, 109676, 50122, 40263, 78915]"
112692,"[27860, 36161, 63377, 9520, 53184, 101693, 37734, 72173, 109522, 39932]"
112693,"[41018, 15192, 56028, 28692, 25178, 9105, 32732, 34711, 43868, 20457]"
112694,"[43867, 22398, 89053, 99540, 57679, 3649, 29859, 74246, 109166, 41215]"
112695,"[16259, 108062, 6635, 21564, 100317, 14168, 91024, 89971, 61103, 15464]"
112696,"[10104, 91706, 83902, 87917, 33889, 84002, 91367, 54289, 20299, 1120]"
112697,"[101495, 103858, 63438, 57023, 30453, 20154, 4614, 64912, 25724, 22913]"
112698,"[97632, 108451, 60116, 99504, 84092, 70487, 44012, 116, 66027, 29704]"
112699,"[17738, 102542, 73909, 66633, 83721, 71903, 32520, 40461, 102560, 45409]"
112700,"[56672, 16810, 85757, 37320, 54148, 7705, 35994, 58534, 9759, 104805]"
112701,"[18716, 88558, 107163, 72752, 7852, 2247, 19243, 100718, 89377, 61406]"
112702,"[73897, 58245, 75966, 21364, 18759, 46193, 7426, 83693, 107433, 86654]"
112703,"[60730, 75990, 100554, 81500, 42132, 94695, 5359, 25206, 24703, 12218]"
112704,"[55521, 77326, 84550, 36456, 49607, 108272, 32814, 96563, 21586, 24188]"
112705,"[69751, 62592, 1725, 38838, 25738, 43658, 7560, 44698, 2463, 69283]"
112706,"[12667, 30725, 100259, 106317, 88920, 27165, 20527, 96178, 10427, 102692]"
112707,"[15677, 96210, 88720, 48874, 38213, 33504, 37390, 101779, 54628, 104654]"
112708,"[49564, 92586, 97349, 19670, 81180, 17845, 57071, 72406, 58150, 55113]"
112709,"[13158, 94136, 92163, 74582, 33055, 64792, 99462, 67544, 30285, 24124]"
112710,"[58294, 56888, 50137, 72654, 107795, 32069, 38067, 88495, 85340, 107749]"
112711,"[1272, 53249, 35510, 98717, 46600, 64706, 15748, 49474, 104125, 6534]"
112712,"[103670, 106060, 38777, 70505, 25049, 98161, 25932, 104612, 6098, 9117]"
112713,"[67572, 49445, 51224, 75079, 24956, 15974, 89966, 87225, 8700, 65015]"
112714,"[82956, 60917, 53127, 31173, 27222, 16124, 3870, 17675, 91784, 67484]"
112715,"[104174, 58145, 4765, 25393, 55781, 89582, 62486, 102948, 56245, 63228]"
112716,"[87023, 55050, 45745, 2353, 65646, 30263, 67937, 32081, 41430, 50949]"
112717,"[83372, 13037, 100817, 49286, 4197, 14512, 5762, 6802, 36110, 57103]"
112718,"[35001, 22471, 94797, 89997, 108626, 7708, 25929, 70424, 102139, 54715]"
112719,"[4256, 36475, 43144, 74963, 50041, 78764, 59516, 60083, 95521, 49354]"
112720,"[37359, 627, 105541, 91363, 35051, 26258, 80299, 10941, 96986, 85824]"
112721,"[27110, 60295, 81232, 106096, 14688, 97014, 37170, 29411, 3119, 29045]"
112722,"[48275, 69820, 42062, 43641, 97686, 23816, 54238, 56869, 22961, 79400]"
112723,"[93142, 58556, 24691, 27461, 66190, 63240, 36644, 17502, 84789, 13680]"
112724,"[46640, 90508, 104235, 93727, 4537, 27794, 46498, 25331, 74166, 78918]"
112725,"[38966, 75701, 32650, 58112, 25800, 28207, 78466, 75226, 94116, 40133]"
112726,"[88587, 5426, 99248, 99300, 31107, 108241, 71844, 105767, 60199, 69484]"
112727,"[19749, 55425, 17567, 42426, 73939, 52030, 105536, 2861, 21878, 85432]"
112728,"[104053, 51912, 95056, 29852, 33111, 69269, 65494, 92675, 35672, 2130]"
112729,"[84390, 98532, 39899, 65347, 89868, 24179, 87147, 41613, 21122, 59981]"
112730,"[46984, 108088, 57272, 15182, 101395, 4345, 105646, 13473, 8008, 79100]"
112731,"[64170, 13184, 59028, 20570, 57723, 84703, 98116, 14747, 18893, 66543]"
112732,"[24485, 58736, 97391, 5081, 67665, 49140, 5166, 103601, 56569, 38608]"
112733,"[26542, 87301, 12305, 99127, 1410, 9419, 73963, 67318, 20913, 41554]"
112734,"[64565, 101593, 108505, 27258, 28388, 36969, 34862, 65456, 24284, 8067]"
112735,"[35679, 63346, 1384, 100376, 105736, 22570, 76665, 39203, 4814, 9649]"
112736,"[31972, 37932, 55921, 38610, 109513, 39776, 88634, 60340, 42831, 29510]"
112737,"[66462, 43844, 108525, 77830, 43127, 85949, 25905, 94361, 21088, 22175]"
112738,"[36578, 80967, 88889, 87048, 99246, 75696, 83911, 17586, 9238, 65525]"
112739,"[12160, 94467, 39999, 74799, 27451, 35323, 102853, 46320, 90675, 50786]"
112740,"[42220, 572, 43074, 19293, 37392, 96727, 14069, 107067, 66598, 82851]"
112741,"[72834, 5533, 62174, 50209, 12003, 65405, 10010, 77553, 108378, 52247]"
112742,"[14105, 108427, 62757, 70146, 12933, 71215, 105743, 12065, 63347, 11379]"
112743,"[56560, 66930, 86773, 100871, 14901, 104417, 66954, 60535, 99072, 48694]"
112744,"[32396, 95105, 109213, 91767, 109563, 106203, 107051, 39589, 26835, 88659]"
112745,"[78400, 105517, 53615, 39056, 54606, 96547, 22518, 34043, 93547, 61743]"
112746,"[72904, 108186, 68250, 96918, 13038, 75897, 37660, 98833, 35796, 48758]"
112747,"[95441, 59813, 669, 62637, 52375, 107941, 24582, 104910, 99090, 73380]"
112748,"[1265, 24827, 92384, 3377, 95052, 14741, 37003, 40143, 16048, 90829]"
112749,"[80289, 92400, 10390, 31045, 71734, 1453, 7517, 44860, 34354, 18659]"
112750,"[107042, 82307, 66773, 72168, 86192, 53841, 24458, 100790, 88978, 80461]"
112751,"[108555, 99851, 65118, 106671, 91150, 4934, 40957, 91569, 46529, 25094]"
112752,"[33977, 67313, 64139, 16865, 83893, 88834, 79752, 68298, 7998, 44880]"
112753,"[2204, 10178, 70794, 27892, 975, 43028, 60253, 8029, 9734, 24528]"
112754,"[92900, 52081, 105863, 71892, 37120, 15894, 105583, 29384, 38059, 46804]"
112755,"[79902, 17466, 81100, 71883, 82892, 20269, 98768, 78693, 78531, 43278]"
112756,"[61807, 49624, 7241, 59405, 58447, 38926, 82175, 89000, 76525, 41090]"
112757,"[105707, 33685, 99677, 36404, 52217, 27362, 5323, 56903, 36691, 47009]"
112758,"[23832, 5226, 90758, 32204, 13610, 101316, 25940, 49361, 101600, 60808]"
112759,"[33695, 50574, 20910, 90392, 26769, 56217, 103466, 13827, 13852, 67079]"
112760,"[18912, 77184, 80479, 85864, 61720, 93736, 26052, 24878, 98927, 47481]"
112761,"[82284, 86437, 55535, 22036, 49401, 49096, 77759, 45048, 91198, 82213]"
112762,"[80039, 26361, 53983, 13480, 4207, 70626, 83800, 21630, 2785, 51249]"
112763,"[83301, 58308, 95312, 31400, 29500, 1440, 71054, 51859, 47012, 17011]"
112764,"[14907, 14360, 102860, 97038, 63865, 33447, 86807, 78152, 63888, 82136]"
112765,"[49008, 69996, 12316, 90387, 108369, 10188, 70084, 828, 96618, 33325]"
112766,"[72771, 1468, 81061, 77322, 70695, 433, 67669, 35130, 105413, 94889]"
112767,"[59785, 7673, 82367, 10794, 84066, 63760, 11372, 92263, 74714, 100805]"
112768,"[94402, 48008, 104215, 13996, 61207, 59977, 87794, 33021, 82442, 86842]"
112769,"[19153, 99863, 85416, 78410, 9409, 96109, 35809, 768, 27571, 85697]"
112770,"[44346, 68846, 76763, 30356, 65700, 101905, 5848, 45298, 92352, 30689]"
112771,"[4526, 11100, 50021, 57455, 102077, 86434, 68886, 91144, 103995, 38682]"
112772,"[27614, 63317, 86524, 46702, 35257, 47819, 58395, 5398, 33029, 36788]"
112773,"[50752, 1149, 43963, 66765, 101482, 95542, 67329, 87551, 93353, 98961]"
112774,"[40054, 47459, 40986, 98984, 70160, 78812, 24298, 16845, 23905, 79436]"
112775,"[71017, 35472, 102708, 11976, 56419, 77522, 82255, 94088, 20151, 59072]"
112776,"[83224, 80436, 103816, 9840, 39681, 10633, 82180, 1638, 27108, 84607]"
112777,"[69715, 7539, 18974, 2746, 21990, 39363, 54982, 58517, 38485, 58558]"
112778,"[109594, 109324, 23087, 11357, 80597, 21741, 36628, 12029, 85365, 35983]"
112779,"[4281, 52451, 89884, 69652, 39544, 57114, 105051, 89508, 4156, 3678]"
112780,"[6151, 14829, 109160, 82951, 98172, 3856, 56252, 6933, 13578, 6989]"
112781,"[53063, 78670, 99651, 963, 12907, 91067, 8604, 82841, 29044, 89671]"
112782,"[88730, 81648, 11576, 60430, 49536, 24663, 96709, 14378, 103140, 49295]"
112783,"[58998, 28073, 28764, 69058, 75683, 82137, 60597, 37345, 46748, 91224]"
112784,"[12114, 45547, 55015, 82417, 19275, 82050, 15506, 104981, 4083, 45695]"
112785,"[76367, 65723, 56084, 67653, 49148, 46361, 42129, 2443, 44778, 1466]"
112786,"[93523, 64088, 46526, 46127, 21437, 86131, 81201, 107443, 356, 48336]"
112787,"[66138, 3243, 89567, 32733, 101580, 97020, 85750, 107638, 77255, 87785]"
112788,"[33612, 59048, 28460, 107808, 102188, 18613, 98981, 64807, 1665, 94223]"
112789,"[42478, 36256, 37262, 81777, 39492, 30740, 77455, 8230, 6725, 46818]"
112790,"[23728, 88240, 50471, 44392, 19415, 70248, 71750, 55594, 30818, 22233]"
112791,"[22736, 51762, 33567, 99808, 66666, 67596, 105700, 72966, 70106, 89686]"
112792,"[66296, 2264, 92487, 30703, 73893, 33629, 49907, 7736, 54840, 8705]"
112793,"[65657, 44090, 30859, 67867, 4337, 60256, 83998, 69453, 50513, 2144]"
112794,"[23556, 49187, 34746, 14877, 33801, 3601, 30094, 45303, 17304, 59030]"
112795,"[95543, 72586, 58675, 37488, 90441, 53457, 48840, 74210, 56446, 57467]"
112796,"[105374, 13623, 86165, 22388, 66821, 38829, 76934, 14866, 4533, 35065]"
112797,"[58063, 64740, 97720, 63850, 33293, 97399, 58202, 47976, 14299, 95992]"
112798,"[56565, 80639, 21341, 28083, 58589, 80689, 74325, 40060, 5981, 72837]"
112799,"[80958, 109015, 28792, 87700, 54606, 1978, 57550, 60194, 35377, 54104]"
112800,"[7629, 98612, 12193, 35922, 42323, 64251, 57933, 87650, 5188, 32513]"
112801,"[44001, 72393, 108731, 60824, 39362, 65791, 40999, 18973, 100818, 75946]"
112802,"[103141, 77131, 63110, 66395, 42164, 27499, 4008, 44310, 100134, 85708]"
112803,"[11701, 35775, 105874, 19851, 6019, 20260, 23780, 36633, 65119, 35712]"
112804,"[65650, 32913, 108267, 105834, 79148, 32811, 29534, 102797, 2483, 31889]"
112805,"[21900, 101220, 19665, 14958, 20576, 70827, 90311, 40900, 57038, 9384]"
112806,"[68667, 75989, 68237, 104600, 90270, 69407, 45735, 55710, 11870, 9768]"
112807,"[80428, 94691, 12498, 77355, 81467, 5856, 43269, 35196, 2547, 76625]"
112808,"[13815, 27958, 3213, 62192, 100195, 95948, 101250, 16082, 94041, 20410]"
112809,"[106467, 97886, 1050, 7657, 65407, 73853, 95381, 61731, 79460, 6702]"
112810,"[25160, 7924, 81357, 42884, 75957, 39717, 56074, 88408, 13244, 33477]"
112811,"[37442, 23295, 75703, 74921, 14764, 68798, 38105, 24080, 104376, 102796]"
112812,"[24160, 94438, 26581, 50836, 74981, 57160, 79988, 106978, 82509, 57772]"
112813,"[30136, 75023, 41283, 103959, 70090, 63369, 62208, 14326, 57186, 46200]"
112814,"[44483, 109084, 71562, 21158, 22591, 71592, 2241, 12433, 46088, 48836]"
112815,"[40406, 95661, 70958, 76893, 46689, 88833, 66592, 46172, 40635, 95055]"
112816,"[80436, 103816, 9840, 83224, 22888, 10859, 94593, 38408, 103937, 10576]"
112817,"[80945, 89986, 56629, 29430, 84786, 8340, 84765, 43517, 101065, 74619]"
112818,"[23837, 13918, 16428, 79471, 81198, 29536, 5799, 109028, 59632, 4827]"
112819,"[31384, 15915, 5101, 45878, 57243, 67547, 27977, 85743, 30422, 58780]"
112820,"[77045, 64402, 63271, 34470, 61382, 64439, 37825, 9723, 28017, 39644]"
112821,"[35482, 11844, 8707, 103731, 52907, 34811, 56899, 9279, 106133, 103080]"
112822,"[10195, 63140, 22530, 34875, 9379, 205, 65917, 53524, 57837, 68325]"
112823,"[52891, 23922, 38262, 63412, 57087, 70579, 41568, 58143, 97493, 77978]"
112824,"[15690, 93380, 15053, 77891, 44591, 35682, 84542, 22729, 7951, 61498]"
112825,"[16185, 26574, 80116, 76344, 54256, 35562, 44255, 77047, 51283, 70930]"
112826,"[5976, 87658, 68596, 61363, 5723, 47135, 79060, 58374, 35374, 80861]"
112827,"[99658, 106794, 67297, 64371, 2654, 60729, 7629, 12193, 17679, 14100]"
112828,"[24203, 108577, 25817, 17849, 13686, 88696, 93413, 96410, 64214, 16423]"
112829,"[16866, 66282, 88281, 68246, 23638, 62593, 103375, 109158, 88444, 77381]"
112830,"[61751, 69405, 63601, 39807, 285, 42794, 32175, 89067, 54552, 63791]"
112831,"[75598, 88576, 21542, 8873, 54933, 86360, 22478, 59090, 56332, 20075]"
112832,"[36071, 8438, 73566, 74590, 28478, 83814, 13772, 106457, 50799, 68944]"
112833,"[24945, 27633, 108520, 50568, 15110, 108277, 1928, 40926, 61758, 70963]"
112834,"[79108, 62512, 58428, 20682, 90204, 24691, 27461, 37449, 106105, 52608]"
112835,"[66180, 6165, 5158, 98978, 107943, 76166, 51351, 47671, 101122, 55388]"
112836,"[84551, 91821, 52258, 33433, 9816, 14441, 20337, 73109, 88384, 86697]"
112837,"[94241, 107110, 77146, 94805, 16160, 58277, 43955, 36482, 87813, 28016]"
112838,"[56611, 71634, 40292, 98487, 16978, 22337, 108139, 32653, 31209, 99529]"
112839,"[13782, 100358, 38376, 55453, 78694, 41927, 33753, 50787, 39933, 42640]"
112840,"[79381, 2826, 14227, 83152, 1006, 22508, 107185, 9592, 66561, 5750]"
112841,"[80448, 55205, 61387, 34683, 23596, 46371, 67843, 34700, 69408, 105202]"
112842,"[94183, 1814, 12877, 94765, 48772, 104614, 56552, 41094, 85353, 96813]"
112843,"[108126, 43642, 39787, 78403, 107277, 64302, 102462, 64205, 79063, 75242]"
112844,"[53641, 34281, 47213, 42285, 51929, 97095, 1940, 104357, 62464, 95804]"
112845,"[89601, 50769, 32898, 98897, 45603, 3970, 49022, 24594, 87845, 83676]"
112846,"[37968, 47030, 84738, 85682, 77068, 58944, 26443, 108091, 45860, 8072]"
112847,"[109654, 42745, 49086, 17012, 81091, 57042, 74957, 37169, 19637, 52894]"
112848,"[71333, 82984, 47714, 34815, 96516, 9048, 2688, 50355, 24639, 85445]"
112849,"[60466, 60915, 76709, 49996, 25180, 19854, 38152, 73464, 59081, 15626]"
112850,"[82578, 42347, 3717, 106367, 337, 17403, 104245, 13113, 11117, 13731]"
112851,"[5118, 66391, 51105, 66205, 61419, 73708, 41333, 26070, 46782, 48382]"
112852,"[51151, 12591, 16770, 15846, 32842, 18890, 10154, 63418, 108094, 93429]"
112853,"[98072, 57232, 45845, 18505, 96052, 54382, 99746, 107777, 99942, 102329]"
112854,"[42846, 68899, 37886, 68042, 709, 20525, 86090, 22134, 43984, 57535]"
112855,"[51416, 102250, 100201, 34837, 29326, 92822, 18216, 38716, 54618, 13768]"
112856,"[90774, 37704, 44131, 24346, 94404, 60159, 50692, 107488, 98654, 75616]"
112857,"[91431, 8583, 71406, 69672, 42707, 15893, 28210, 93488, 17826, 96545]"
112858,"[80301, 25729, 105768, 18846, 49437, 45698, 40042, 31807, 13166, 6789]"
112859,"[46164, 85419, 47235, 25882, 82144, 79097, 48970, 76371, 93605, 7738]"
112860,"[17520, 103109, 23686, 8808, 72521, 18208, 15065, 66321, 59224, 107240]"
112861,"[81217, 45712, 44377, 21424, 66145, 95406, 33311, 53768, 25670, 30205]"
112862,"[36002, 12534, 66162, 109130, 86910, 82021, 29046, 82818, 37188, 43004]"
112863,"[524, 69923, 52145, 39864, 52913, 54798, 93288, 65582, 58922, 46638]"
112864,"[95310, 86606, 1568, 97867, 108980, 87600, 72572, 52090, 33155, 66858]"
112865,"[35628, 101657, 84085, 22314, 40132, 74143, 81743, 28739, 95974, 58203]"
112866,"[34647, 12976, 15514, 5953, 55538, 90738, 27156, 9529, 42559, 60860]"
112867,"[87528, 24065, 84728, 60531, 101255, 104901, 18881, 25700, 56764, 97894]"
112868,"[92196, 30733, 63707, 96581, 31163, 39249, 6258, 101162, 68002, 4085]"
112869,"[11444, 79732, 102379, 103773, 77892, 96076, 75503, 68379, 86586, 66632]"
112870,"[59127, 27114, 61498, 105537, 26355, 54629, 10776, 7951, 74394, 107929]"
112871,"[7576, 107824, 35894, 46916, 65253, 85673, 14362, 2701, 84696, 58980]"
112872,"[63481, 57169, 80631, 24051, 24344, 106392, 60305, 72658, 107909, 42764]"
112873,"[72104, 87041, 29822, 87380, 65815, 16412, 87772, 93678, 8280, 38645]"
112874,"[55360, 67433, 90640, 91145, 59362, 15408, 104561, 24115, 65236, 15838]"
112875,"[58338, 54723, 91763, 44153, 44531, 87544, 7292, 31205, 67683, 29984]"
112876,"[61650, 102156, 108674, 42298, 106306, 80604, 21665, 49949, 56328, 22179]"
112877,"[21783, 31112, 54541, 69843, 71867, 44331, 93532, 71430, 97403, 28749]"
112878,"[29739, 43836, 41741, 57577, 42241, 42231, 89761, 97966, 82143, 47203]"
112879,"[11550, 68531, 104867, 27529, 31667, 64890, 81880, 90885, 82041, 90884]"
112880,"[24636, 39094, 45448, 2983, 69673, 32437, 29921, 109125, 15808, 34434]"
112881,"[49425, 53210, 38271, 96623, 61948, 88126, 37959, 69378, 63634, 74207]"
112882,"[27343, 56172, 72940, 90440, 18596, 18801, 46848, 85086, 76900, 89982]"
112883,"[15896, 69992, 103194, 52218, 5277, 16326, 45736, 70570, 6041, 77595]"
112884,"[74425, 40706, 16492, 45750, 20712, 41061, 104977, 89510, 51061, 56595]"
112885,"[107427, 64048, 102121, 74257, 66016, 24690, 86896, 39693, 83362, 69014]"
112886,"[84860, 82292, 102384, 72022, 101350, 40681, 50332, 34430, 98618, 69590]"
112887,"[94463, 105921, 65124, 12958, 24347, 37729, 77107, 101136, 102709, 17250]"
112888,"[49434, 707, 108278, 92453, 8701, 74828, 57869, 13455, 20820, 109274]"
112889,"[22453, 74915, 63925, 25150, 48626, 75550, 58098, 44180, 45490, 63362]"
112890,"[95740, 4762, 57462, 16619, 45446, 67561, 84449, 37483, 23848, 32723]"
112891,"[41194, 52321, 75344, 4477, 94803, 66941, 100902, 30373, 86819, 84537]"
112892,"[37128, 15053, 15690, 93380, 2225, 12442, 22729, 83377, 7951, 18995]"
112893,"[18244, 51404, 6504, 90721, 54, 73545, 61619, 68068, 35660, 101086]"
112894,"[49038, 70156, 67987, 106658, 21032, 2183, 20458, 42768, 74397, 1690]"
112895,"[72090, 19173, 85523, 19491, 10075, 79474, 87065, 92666, 5184, 77615]"
112896,"[52251, 4962, 87409, 88385, 87924, 64770, 17882, 55809, 94929, 49376]"
112897,"[57622, 41906, 96166, 26771, 87670, 72100, 37713, 38361, 76439, 9346]"
112898,"[67918, 99867, 56811, 18968, 77961, 88848, 61704, 107067, 572, 14069]"
112899,"[31691, 1262, 17694, 93197, 62434, 60214, 46374, 81072, 50499, 68441]"
112900,"[39661, 9201, 46452, 21149, 42873, 35899, 67158, 36568, 71251, 36485]"
112901,"[62847, 7919, 67882, 101248, 83841, 101021, 61131, 98562, 44581, 68282]"
112902,"[48993, 105047, 36768, 90357, 95193, 54184, 26028, 43956, 105801, 69273]"
112903,"[51513, 74714, 13959, 72136, 32211, 19688, 12562, 65444, 67783, 40430]"
112904,"[12089, 54929, 51488, 82277, 97296, 107801, 19274, 7800, 13177, 22639]"
112905,"[30581, 17441, 101450, 14140, 39512, 75127, 62388, 89536, 24227, 71635]"
112906,"[56643, 21711, 97728, 80126, 59340, 66967, 6176, 39728, 101417, 46268]"
112907,"[73523, 63122, 63840, 43796, 35403, 48720, 37528, 72072, 26839, 12319]"
112908,"[21611, 36674, 27322, 98153, 13389, 106459, 71741, 83110, 84437, 55296]"
112909,"[75832, 25788, 46326, 1054, 82005, 57992, 57083, 102492, 89173, 49346]"
112910,"[66949, 93246, 97018, 94257, 51411, 39829, 107294, 9346, 94841, 76439]"
112911,"[72093, 23351, 1069, 6597, 23820, 61535, 80655, 79056, 49819, 81167]"
112912,"[13360, 106054, 84560, 51396, 33506, 102516, 79116, 109639, 37452, 4865]"
112913,"[39379, 46047, 102414, 4702, 64174, 101480, 18814, 36790, 45379, 50683]"
112914,"[86145, 20560, 23629, 65576, 10673, 4565, 93702, 96186, 5296, 1735]"
112915,"[91640, 83346, 62293, 64495, 68219, 7503, 23769, 58608, 75022, 40287]"
112916,"[66306, 83172, 96820, 69236, 93473, 13393, 68932, 49181, 85252, 46575]"
112917,"[57266, 107135, 36846, 105297, 11960, 52094, 41003, 27816, 62546, 16633]"
112918,"[65871, 43301, 74375, 98046, 49399, 64023, 106359, 72997, 104422, 60639]"
112919,"[79962, 60382, 81597, 56183, 9857, 72356, 47192, 95594, 58595, 96207]"
112920,"[15022, 90147, 40833, 81158, 5544, 22364, 104336, 74042, 31661, 100651]"
112921,"[63425, 34370, 28747, 5084, 41497, 46964, 61505, 103319, 49683, 53357]"
112922,"[30484, 64878, 87824, 41046, 44669, 18266, 84566, 9051, 18491, 63075]"
112923,"[74467, 104715, 84847, 106240, 15778, 27262, 100668, 91300, 100306, 64816]"
112924,"[90491, 26644, 93802, 79611, 108076, 88464, 64527, 73960, 48534, 4356]"
112925,"[86646, 58089, 64689, 7245, 106689, 97078, 108984, 56586, 35185, 8414]"
112926,"[14467, 89233, 80600, 77543, 99644, 8361, 72780, 74942, 82805, 87413]"
112927,"[48333, 2950, 23579, 82564, 19670, 99280, 72601, 27854, 97245, 85969]"
112928,"[55535, 86437, 82284, 22036, 20610, 101267, 50727, 13111, 812, 38303]"
112929,"[76622, 11614, 8098, 66498, 101328, 78539, 23908, 22298, 55517, 87553]"
112930,"[64818, 62882, 78938, 70507, 32871, 73956, 58193, 87152, 55367, 60825]"
112931,"[5761, 15421, 36861, 49855, 75856, 104341, 50896, 88375, 2690, 23427]"
112932,"[47228, 29190, 56419, 86029, 78248, 62832, 10279, 18648, 61695, 104560]"
112933,"[38088, 11616, 70657, 81384, 1161, 103748, 105171, 54287, 31781, 47209]"
112934,"[811, 46638, 40849, 17763, 20198, 76364, 87826, 107171, 524, 69923]"
112935,"[67249, 2940, 13137, 75184, 48673, 50964, 23672, 28660, 23970, 37985]"
112936,"[2346, 67838, 27591, 21587, 106916, 87881, 29547, 7964, 65549, 6074]"
112937,"[66911, 81593, 73416, 12289, 49142, 55232, 13192, 47328, 1326, 57614]"
112938,"[99462, 57584, 61303, 1408, 13158, 94136, 32911, 50779, 61951, 56661]"
112939,"[26422, 22139, 52594, 107393, 67794, 38375, 67473, 17054, 86781, 30563]"
112940,"[42761, 109496, 78093, 82859, 107755, 15496, 45870, 94793, 56867, 107732]"
112941,"[100451, 14163, 54317, 46297, 26866, 76280, 86018, 21051, 29193, 82775]"
112942,"[102797, 31889, 25426, 82352, 5915, 62414, 51758, 91188, 68279, 32811]"
112943,"[47329, 5105, 19570, 56081, 15774, 18416, 49651, 65580, 47345, 99804]"
112944,"[68713, 42291, 66214, 42796, 39657, 47353, 4492, 69730, 90836, 55793]"
112945,"[84544, 15363, 2139, 35590, 10228, 31273, 5132, 11262, 100097, 66476]"
112946,"[36605, 40456, 2471, 53341, 57445, 92476, 98089, 86236, 29821, 21995]"
112947,"[90920, 46159, 73992, 108255, 73529, 36041, 60017, 54925, 42915, 18136]"
112948,"[13448, 64711, 37628, 27389, 23231, 15868, 46351, 107403, 86407, 106410]"
112949,"[48998, 64304, 108524, 12465, 75511, 94820, 22681, 4745, 42325, 17838]"
112950,"[85550, 16648, 100694, 74223, 99224, 72186, 103546, 107804, 96848, 80323]"
112951,"[29299, 89715, 75163, 71947, 33279, 87486, 32966, 68252, 95538, 38342]"
112952,"[40192, 32815, 32329, 86821, 705, 22979, 18326, 4269, 42696, 92070]"
112953,"[99538, 85199, 10641, 65995, 50156, 70129, 82883, 108678, 39042, 38777]"
112954,"[50886, 70869, 59286, 15237, 9353, 29639, 2414, 11311, 45542, 29115]"
112955,"[34140, 4411, 33213, 97228, 32486, 97860, 63484, 78690, 102118, 87126]"
112956,"[102831, 100328, 95731, 46451, 7107, 48063, 37598, 36543, 37872, 47180]"
112957,"[15599, 28211, 63542, 73290, 61241, 21918, 74082, 87903, 19028, 41752]"
112958,"[24441, 12048, 30755, 34, 57015, 17849, 106188, 60218, 31786, 98240]"
112959,"[11526, 96525, 84836, 106535, 57310, 34076, 79777, 95496, 27378, 58757]"
112960,"[14681, 105201, 72390, 25816, 95487, 50347, 82750, 40787, 5199, 65208]"
112961,"[34916, 60311, 52250, 87432, 24728, 37901, 19872, 101711, 76360, 16661]"
112962,"[46970, 64720, 16101, 24080, 38105, 26601, 32469, 55033, 102796, 6960]"
112963,"[60012, 32821, 45820, 60890, 96077, 72504, 60434, 9446, 83935, 39027]"
112964,"[69223, 80659, 60631, 48903, 43437, 5957, 9738, 1231, 108014, 80462]"
112965,"[93092, 39985, 525, 65614, 107015, 71127, 20114, 67121, 31349, 87956]"
112966,"[38568, 102503, 70049, 43466, 101272, 65163, 105059, 46261, 23742, 105359]"
112967,"[32392, 104198, 31789, 38093, 13941, 36102, 100688, 103181, 58146, 76355]"
112968,"[98540, 31335, 74577, 85626, 101436, 81523, 35253, 53128, 69332, 30005]"
112969,"[47687, 107508, 103935, 4459, 13094, 44913, 48604, 85068, 6476, 52032]"
112970,"[64047, 26399, 73831, 25810, 8324, 26949, 8867, 1908, 87398, 85184]"
112971,"[8485, 106107, 78754, 279, 59611, 17087, 37286, 49253, 46823, 78657]"
112972,"[29525, 18072, 3351, 14961, 5508, 28593, 84878, 82797, 80199, 14250]"
112973,"[17196, 88482, 5934, 52126, 91174, 34564, 86749, 42173, 42417, 17527]"
112974,"[82708, 30950, 69051, 23282, 29696, 60780, 69063, 97161, 56302, 81374]"
112975,"[71268, 13674, 77066, 82061, 6589, 66428, 60554, 46985, 69616, 23659]"
112976,"[59717, 100961, 76943, 23548, 64941, 90748, 97835, 63819, 47078, 2802]"
112977,"[52601, 62907, 56314, 17115, 15136, 10608, 51466, 61210, 80910, 109405]"
112978,"[18443, 8642, 91820, 78761, 80407, 23843, 108936, 100680, 23317, 42998]"
112979,"[42668, 108839, 62278, 38006, 97564, 53126, 32778, 69827, 5246, 34119]"
112980,"[81595, 61429, 21065, 101699, 56654, 25794, 74404, 57858, 82412, 3923]"
112981,"[9929, 107906, 19700, 16942, 90817, 40862, 39484, 40404, 5138, 90914]"
112982,"[37426, 55717, 74854, 52176, 96792, 81090, 36388, 85695, 108390, 68973]"
112983,"[650, 92149, 23110, 69179, 96099, 45969, 108957, 11358, 1684, 15623]"
112984,"[20201, 50279, 84299, 80998, 86082, 14932, 24220, 34188, 99080, 161]"
112985,"[24508, 95663, 59624, 32618, 59236, 72378, 14997, 6028, 99968, 72404]"
112986,"[101802, 53146, 9683, 41558, 82234, 15075, 87343, 84113, 41500, 1035]"
112987,"[60987, 46651, 99640, 63671, 99970, 27601, 61531, 52703, 47398, 63771]"
112988,"[64774, 88587, 99248, 31107, 63961, 75510, 59107, 82987, 80999, 63675]"
112989,"[27257, 88021, 4397, 6306, 71072, 54974, 37181, 28020, 26417, 93833]"
112990,"[65532, 97152, 82739, 47754, 36312, 43871, 6924, 7593, 74389, 78180]"
112991,"[48157, 22564, 103992, 76270, 69153, 17911, 23281, 16981, 6795, 106189]"
112992,"[14100, 77800, 68398, 51667, 6384, 4241, 17679, 96089, 90338, 91489]"
112993,"[61228, 79398, 8971, 70572, 108619, 40906, 80759, 70710, 52137, 57238]"
112994,"[77148, 45882, 19528, 24506, 39, 45464, 74503, 57579, 41007, 12569]"
112995,"[17004, 22412, 31854, 14001, 104242, 19493, 81594, 58066, 104591, 93852]"
112996,"[23724, 56482, 13915, 41306, 91552, 41496, 82854, 11802, 20305, 33603]"
112997,"[108290, 19235, 35456, 101769, 57854, 50516, 71340, 83621, 40753, 89438]"
112998,"[33776, 34559, 87704, 29284, 65182, 96846, 28654, 59276, 49848, 68022]"
112999,"[24123, 668, 64547, 97271, 75333, 24128, 39940, 4279, 91182, 55041]"
113000,"[1264, 3158, 102650, 104829, 44182, 84065, 42697, 1658, 94459, 93638]"
113001,"[75581, 78365, 41147, 43534, 45242, 24789, 77278, 50435, 97150, 75034]"
113002,"[41182, 3917, 27417, 61567, 74026, 65633, 7570, 88605, 97038, 96786]"
113003,"[74643, 79273, 28416, 32638, 17366, 85069, 65250, 49349, 18813, 47080]"
113004,"[25055, 27843, 14690, 28062, 109603, 15569, 29956, 42656, 105282, 48640]"
113005,"[98579, 93803, 76274, 76313, 17252, 52053, 87426, 3798, 76961, 109504]"
113006,"[88801, 26440, 57545, 80042, 29714, 68129, 29146, 50240, 61840, 45569]"
113007,"[44100, 14354, 43640, 97897, 64058, 41260, 73615, 65660, 104922, 102519]"
113008,"[92443, 85984, 69777, 71686, 3715, 39316, 67910, 87498, 40005, 14392]"
113009,"[23715, 42470, 1397, 38482, 11380, 85559, 2160, 17354, 11292, 17803]"
113010,"[104767, 37220, 85462, 88619, 98675, 20700, 86135, 13622, 27182, 95493]"
113011,"[27913, 38322, 12959, 62599, 33069, 96779, 53551, 73905, 49154, 40886]"
113012,"[42890, 10161, 36225, 22709, 3947, 80175, 3455, 68524, 45083, 67445]"
113013,"[22960, 27557, 24490, 99342, 31278, 30570, 39259, 42098, 39485, 82040]"
113014,"[35372, 48320, 32705, 43653, 104486, 75930, 92479, 4043, 76140, 47338]"
113015,"[103196, 100833, 107517, 74002, 44512, 29980, 44766, 25909, 95418, 40692]"
113016,"[31012, 43361, 14667, 24599, 29391, 100483, 45563, 40811, 74185, 62319]"
113017,"[840, 108282, 36861, 33051, 66829, 52756, 51755, 90256, 87373, 41999]"
113018,"[32753, 54483, 31448, 3475, 108008, 16141, 101457, 53191, 4851, 52593]"
113019,"[9431, 47074, 58231, 76372, 25375, 30214, 50454, 95552, 21488, 104823]"
113020,"[39692, 82779, 76776, 68070, 9362, 100920, 44779, 7652, 66186, 55755]"
113021,"[48087, 30169, 43276, 100474, 42110, 82887, 36421, 77491, 46566, 36609]"
113022,"[43564, 98054, 106504, 34888, 53431, 107610, 57459, 9281, 19080, 45908]"
113023,"[72577, 90228, 62860, 42089, 17840, 74584, 21724, 1367, 95136, 102996]"
113024,"[1448, 96046, 46185, 13763, 37116, 14123, 58693, 51673, 56724, 48163]"
113025,"[104769, 98445, 51273, 48244, 44596, 40993, 45018, 83656, 30475, 6880]"
113026,"[29323, 23527, 93493, 40990, 91682, 20877, 95264, 39368, 97378, 62919]"
113027,"[31690, 51862, 7899, 86307, 56052, 31501, 43457, 30044, 101290, 4215]"
113028,"[43033, 20677, 109402, 15866, 58930, 65756, 56667, 52395, 57568, 69398]"
113029,"[1762, 51750, 87748, 38730, 39092, 29257, 51879, 100628, 34064, 98237]"
113030,"[17742, 67138, 42085, 1890, 45097, 102696, 75522, 6314, 93349, 89349]"
113031,"[49041, 90697, 67045, 25770, 75481, 743, 33333, 64292, 35175, 12396]"
113032,"[54797, 33775, 85095, 65673, 16500, 8379, 21304, 7657, 96805, 1050]"
113033,"[71700, 51018, 32699, 79361, 65706, 54441, 45819, 61332, 64473, 80804]"
113034,"[62867, 34334, 87097, 56958, 47015, 29996, 1865, 10328, 1416, 2637]"
113035,"[81627, 5069, 42329, 10404, 12212, 56466, 95745, 16955, 84000, 41479]"
113036,"[10770, 50074, 23399, 88364, 60491, 77071, 89027, 67271, 83707, 21642]"
113037,"[9406, 99109, 5224, 53568, 105116, 15304, 107296, 53387, 90063, 80804]"
113038,"[95483, 28197, 91264, 42549, 86521, 27243, 3848, 68273, 8834, 40765]"
113039,"[55284, 87993, 49620, 90432, 99058, 38204, 103576, 11865, 25868, 26400]"
113040,"[101777, 44858, 84152, 26312, 31247, 57686, 43643, 83731, 50849, 14131]"
113041,"[74807, 54994, 49982, 109458, 74045, 45617, 48728, 82669, 33030, 13004]"
113042,"[83569, 11410, 99534, 104588, 86817, 25104, 32858, 80094, 85481, 42476]"
113043,"[74876, 27009, 8725, 45739, 19879, 88709, 23806, 99595, 41961, 30992]"
113044,"[28090, 24376, 63510, 15003, 64302, 26871, 71951, 103817, 71288, 7328]"
113045,"[48786, 17413, 32183, 101357, 93263, 67808, 53447, 85609, 27540, 87794]"
113046,"[8940, 35664, 73613, 21764, 45455, 56864, 65160, 92000, 90205, 88766]"
113047,"[89715, 29299, 75163, 33279, 95538, 38342, 46477, 78187, 9258, 13287]"
113048,"[102037, 6147, 91499, 66562, 93075, 532, 51979, 71355, 64138, 4534]"
113049,"[80779, 783, 47552, 101640, 51084, 16417, 105579, 33237, 82351, 102459]"
113050,"[55419, 16663, 99203, 44415, 74, 24294, 96408, 44301, 88977, 35033]"
113051,"[49382, 50897, 7182, 107699, 2952, 3350, 94698, 7799, 6042, 88519]"
113052,"[109248, 99184, 83641, 103727, 4523, 28169, 54278, 1411, 89466, 107487]"
113053,"[70294, 20689, 46485, 568, 22451, 13683, 67338, 89535, 7512, 26582]"
113054,"[55660, 79270, 42234, 72818, 9407, 8115, 103370, 91288, 94205, 82575]"
113055,"[31545, 25413, 34330, 27459, 2759, 29412, 104848, 78517, 59527, 49986]"
113056,"[9432, 102189, 41012, 21592, 77071, 65275, 89027, 60491, 50716, 80784]"
113057,"[76058, 100808, 71718, 29576, 73329, 57868, 47159, 346, 10835, 20201]"
113058,"[32401, 26786, 65845, 13186, 7941, 76984, 7943, 26669, 73378, 91525]"
113059,"[57599, 103682, 26614, 106380, 108372, 90398, 67981, 81912, 68904, 96948]"
113060,"[22366, 52693, 80947, 57567, 32154, 20881, 77273, 76742, 22174, 96148]"
113061,"[13929, 15537, 80196, 460, 17768, 84709, 90981, 66622, 27153, 87095]"
113062,"[35771, 15495, 105049, 30122, 4939, 14904, 45232, 9329, 28789, 102515]"
113063,"[101611, 10365, 849, 92466, 102268, 21441, 27350, 44068, 64973, 28399]"
113064,"[46300, 25579, 21710, 93352, 81781, 83132, 29515, 32421, 15676, 104522]"
113065,"[48291, 96647, 13128, 85643, 54545, 61221, 11640, 31319, 90568, 18206]"
113066,"[58731, 90954, 70064, 42249, 5152, 61263, 71398, 13193, 59374, 75784]"
113067,"[45980, 103818, 32066, 80902, 82218, 102025, 3320, 66432, 106219, 53648]"
113068,"[15132, 92825, 52737, 70995, 59086, 1473, 99933, 57308, 8547, 42041]"
113069,"[80145, 27173, 67092, 77181, 68047, 77318, 25870, 78973, 25324, 35737]"
113070,"[56061, 11771, 84732, 43436, 26972, 33202, 77881, 39650, 59758, 65950]"
113071,"[40245, 41492, 20055, 108629, 39401, 2804, 41965, 75497, 88107, 43261]"
113072,"[11723, 69678, 109663, 78965, 10127, 17873, 25205, 85557, 30646, 85180]"
113073,"[64636, 62218, 35872, 41842, 27308, 24736, 67539, 52180, 10553, 23274]"
113074,"[47911, 107563, 68299, 45786, 45416, 75016, 82059, 35022, 68702, 70359]"
113075,"[4462, 92029, 23983, 64641, 32232, 84617, 68069, 101400, 98607, 82985]"
113076,"[89140, 31325, 18446, 16632, 66109, 105996, 21891, 91748, 36118, 63090]"
113077,"[70078, 87515, 51602, 85274, 34936, 44508, 40696, 22721, 4447, 52815]"
113078,"[41739, 4332, 43976, 69485, 79431, 46353, 73142, 58164, 3829, 5693]"
113079,"[11335, 102387, 31633, 36005, 15757, 104641, 11120, 61940, 47116, 19186]"
113080,"[33098, 76652, 20553, 97269, 35474, 52763, 54170, 107150, 86759, 40662]"
113081,"[82846, 52673, 15616, 59779, 104223, 25305, 90541, 73984, 92974, 54483]"
113082,"[58758, 107894, 40322, 104979, 83596, 72743, 57840, 57234, 15746, 36761]"
113083,"[16272, 64478, 56425, 38254, 38303, 106363, 105669, 3155, 106030, 92358]"
113084,"[20805, 24145, 85346, 18701, 17721, 101730, 99043, 35733, 102054, 34498]"
113085,"[16361, 37717, 106175, 42592, 74230, 54665, 45815, 37448, 47682, 71175]"
113086,"[85817, 11019, 2135, 21634, 68642, 36159, 96690, 72433, 41692, 14669]"
113087,"[71722, 82029, 733, 23398, 19649, 35808, 30204, 19553, 26915, 39560]"
113088,"[45954, 34448, 49934, 59854, 70641, 66852, 90001, 31538, 27749, 39857]"
113089,"[21941, 71221, 102183, 91070, 42526, 78470, 82037, 65962, 59512, 49717]"
113090,"[89647, 108404, 36066, 97915, 49123, 84603, 90340, 88485, 21909, 28507]"
113091,"[47442, 85033, 43125, 83216, 8002, 100432, 100538, 82465, 12408, 41162]"
113092,"[37619, 103507, 96186, 5296, 2279, 34544, 75753, 56607, 70769, 12093]"
113093,"[86831, 100955, 99532, 10801, 78148, 47010, 99913, 35315, 3890, 30509]"
113094,"[9556, 58795, 59501, 20557, 66016, 9774, 74257, 83756, 67420, 51255]"
113095,"[26494, 81454, 76994, 59281, 89288, 41830, 56262, 66370, 4118, 28805]"
113096,"[33028, 18025, 385, 21042, 72346, 101702, 74249, 31322, 35758, 57525]"
113097,"[104295, 74062, 44864, 55574, 98962, 72123, 76425, 9538, 58050, 65775]"
113098,"[23990, 2341, 48452, 89287, 62723, 67513, 67350, 94422, 55825, 2693]"
113099,"[108366, 55220, 104359, 47837, 98221, 80269, 82728, 19191, 25497, 106333]"
113100,"[89295, 103872, 6710, 54346, 71058, 47077, 17539, 5551, 106130, 103472]"
113101,"[61906, 67013, 62924, 43364, 55614, 50020, 40476, 107429, 88987, 76006]"
113102,"[79661, 45685, 83874, 52921, 107762, 79313, 55153, 45004, 60746, 68114]"
113103,"[62745, 44522, 107718, 51284, 54139, 92656, 12283, 89460, 97256, 75006]"
113104,"[92334, 87815, 16558, 28811, 73506, 61798, 38144, 69934, 30736, 89443]"
113105,"[65608, 29740, 99465, 26588, 22846, 30889, 92652, 94930, 52793, 38076]"
113106,"[39874, 45414, 78677, 84522, 49717, 50833, 98731, 75139, 45498, 64002]"
113107,"[89285, 25384, 105780, 20360, 89853, 2969, 53074, 34963, 64570, 54077]"
113108,"[49807, 70192, 40728, 89873, 93136, 70158, 81019, 95276, 58092, 72015]"
113109,"[54081, 85073, 79035, 82340, 80144, 2571, 2362, 60320, 60258, 105256]"
113110,"[45522, 9302, 17437, 92098, 74703, 85790, 109006, 86043, 105192, 23073]"
113111,"[93236, 64319, 96832, 35022, 52362, 98430, 27312, 7661, 12030, 16556]"
113112,"[103933, 50509, 70971, 69637, 47343, 42930, 107915, 64637, 102964, 33320]"
113113,"[77016, 97005, 102993, 89680, 70000, 39688, 29335, 88584, 88382, 1622]"
113114,"[24474, 63119, 92677, 2137, 73478, 9313, 91227, 49747, 62122, 23793]"
113115,"[49990, 99379, 47147, 82246, 98196, 66947, 41508, 63565, 35108, 106570]"
113116,"[94266, 18434, 102942, 30857, 62241, 85983, 18734, 27637, 69600, 101892]"
113117,"[58296, 103683, 30503, 86282, 93161, 60247, 54022, 65629, 43160, 67498]"
113118,"[92975, 23110, 14837, 45057, 49058, 93533, 18665, 50522, 92912, 53158]"
113119,"[107009, 86297, 37853, 35584, 16619, 64092, 25512, 44786, 64505, 6569]"
113120,"[83268, 100560, 96412, 5691, 25051, 35271, 38746, 75465, 42031, 33895]"
113121,"[57931, 42657, 88285, 74398, 40636, 103454, 45285, 56352, 92753, 18427]"
113122,"[52703, 61531, 47398, 77693, 72640, 33705, 66264, 78637, 22342, 46868]"
113123,"[57346, 35430, 73351, 94842, 40734, 104547, 77947, 28822, 49, 16696]"
113124,"[79380, 26901, 49921, 50064, 2284, 99883, 26631, 8669, 32842, 6043]"
113125,"[39663, 29058, 89018, 62230, 108658, 62433, 27395, 34663, 92422, 42307]"
113126,"[76389, 17750, 44232, 28166, 22932, 66841, 29162, 44514, 75724, 7218]"
113127,"[17189, 43501, 33726, 95141, 106199, 28932, 10551, 45754, 56012, 26695]"
113128,"[73583, 40042, 109470, 31290, 27859, 109524, 94293, 50962, 29450, 21501]"
113129,"[57631, 7131, 35946, 61956, 46054, 64824, 105795, 12059, 37522, 95304]"
113130,"[22412, 31854, 17004, 77237, 71790, 91804, 104242, 19493, 81594, 58066]"
113131,"[37516, 22949, 105790, 19181, 12679, 102871, 68337, 95019, 107095, 56071]"
113132,"[26658, 69090, 34460, 107827, 47998, 33683, 72657, 50020, 62924, 32908]"
113133,"[13771, 4462, 84828, 105751, 109516, 55371, 24085, 97877, 101948, 30749]"
113134,"[61716, 38548, 62217, 62934, 79934, 65681, 30098, 92691, 58927, 86642]"
113135,"[76166, 66180, 6165, 107889, 72205, 98168, 54126, 4189, 66318, 106820]"
113136,"[101155, 37702, 14787, 42514, 98349, 30983, 19974, 12557, 107520, 53729]"
113137,"[13792, 17282, 62540, 55794, 64640, 29183, 60121, 77463, 19051, 17141]"
113138,"[97260, 52540, 47903, 82403, 99200, 40924, 66316, 102162, 72518, 55565]"
113139,"[94241, 43955, 77146, 58277, 16160, 107110, 94805, 65717, 19244, 55208]"
113140,"[5955, 13376, 77922, 47550, 54235, 79904, 9262, 102110, 18282, 56848]"
113141,"[50808, 17053, 49670, 41356, 46254, 57540, 18753, 32433, 3857, 42129]"
113142,"[18516, 67606, 22897, 62880, 45995, 20220, 108749, 41612, 80682, 700]"
113143,"[98690, 5762, 22049, 79999, 19249, 62267, 100548, 97258, 40415, 97022]"
113144,"[50968, 90573, 63811, 64163, 84610, 18170, 102414, 39379, 104837, 102305]"
113145,"[94414, 95047, 65658, 25529, 92114, 38130, 99328, 12628, 85209, 39451]"
113146,"[55905, 42004, 34343, 92139, 109041, 2788, 32041, 48020, 48248, 87654]"
113147,"[100089, 54284, 104126, 103984, 53120, 19839, 8871, 19397, 86870, 87330]"
113148,"[45750, 16492, 74425, 40706, 24158, 92083, 300, 3913, 62416, 24700]"
113149,"[33454, 13057, 107470, 89928, 19459, 4397, 28001, 54974, 84473, 55746]"
113150,"[14117, 107353, 82860, 4276, 19366, 52634, 8853, 95086, 18481, 31098]"
113151,"[29956, 56404, 22041, 78230, 96666, 8248, 79545, 13953, 71522, 18095]"
113152,"[79476, 94118, 18018, 104774, 13237, 46492, 62351, 42477, 28466, 12969]"
113153,"[36274, 16720, 73722, 72178, 39819, 61270, 12295, 76932, 79556, 108975]"
113154,"[101322, 51741, 50024, 62045, 109539, 71525, 30250, 84857, 29166, 95013]"
113155,"[32887, 72128, 98441, 84811, 78642, 21851, 42055, 5550, 70041, 100676]"
113156,"[106891, 89342, 30784, 13819, 90671, 104459, 77303, 7237, 26236, 61483]"
113157,"[61775, 32667, 16884, 67252, 38509, 13750, 17568, 66668, 31576, 107686]"
113158,"[11053, 4231, 89139, 27852, 46583, 56782, 72126, 76880, 107186, 40570]"
113159,"[89589, 4103, 88077, 11059, 86119, 88601, 36215, 5626, 19056, 82087]"
113160,"[5651, 32409, 8066, 104976, 69409, 61174, 58471, 72485, 61351, 83251]"
113161,"[28094, 66697, 14721, 10326, 96262, 68388, 6081, 97758, 4992, 100438]"
113162,"[42345, 56978, 44883, 101847, 17149, 104449, 62972, 76601, 87069, 67682]"
113163,"[6579, 107415, 486, 25161, 107899, 31698, 10775, 91305, 58532, 27733]"
113164,"[36135, 75818, 99802, 26477, 108586, 59947, 103000, 17200, 97550, 106223]"
113165,"[20825, 92908, 72683, 104445, 88471, 108148, 34051, 10276, 88733, 63056]"
113166,"[4731, 61545, 45460, 96942, 69602, 44464, 39230, 22295, 24805, 70960]"
113167,"[75092, 32737, 41792, 80617, 9718, 69122, 15672, 43694, 18885, 72000]"
113168,"[105820, 54693, 21337, 43623, 65749, 65688, 54708, 957, 76151, 25493]"
113169,"[13878, 8013, 90916, 91161, 22937, 70940, 11344, 31060, 83975, 51370]"
113170,"[104802, 84802, 100362, 31639, 387, 104549, 31892, 23347, 87502, 15400]"
113171,"[83047, 6895, 96963, 84618, 53951, 39110, 19549, 72854, 29016, 90391]"
113172,"[44523, 25314, 108399, 99049, 30510, 71674, 95896, 45961, 21576, 98627]"
113173,"[100346, 365, 102781, 79317, 42167, 20555, 448, 93642, 48330, 75212]"
113174,"[10261, 43233, 20828, 41386, 24849, 28435, 82402, 103682, 56786, 50062]"
113175,"[96843, 1047, 90092, 12724, 109173, 102990, 4921, 64869, 40048, 50463]"
113176,"[93377, 106854, 87649, 9979, 24402, 37804, 2727, 87218, 74794, 29671]"
113177,"[91219, 57721, 93102, 74941, 65487, 98983, 47698, 79588, 31280, 4638]"
113178,"[62685, 92037, 10496, 84274, 56599, 88635, 57608, 48602, 86019, 96495]"
113179,"[106447, 33910, 86353, 93817, 63838, 104764, 28661, 64144, 92917, 29194]"
113180,"[81919, 67102, 68545, 83259, 37386, 51154, 33023, 81082, 15948, 81152]"
113181,"[90107, 49685, 5472, 43156, 103629, 98621, 74664, 70504, 53290, 42593]"
113182,"[14153, 50520, 55592, 25767, 52785, 3087, 27527, 17078, 19533, 50198]"
113183,"[91292, 71740, 103203, 97918, 41532, 103443, 105418, 38273, 84222, 75301]"
113184,"[36888, 34992, 2165, 4891, 75607, 63225, 46649, 2529, 45146, 75626]"
113185,"[19107, 6205, 37819, 74082, 73290, 21918, 61241, 58462, 53552, 7552]"
113186,"[61273, 32373, 54188, 70472, 64517, 75699, 75319, 67424, 100572, 45451]"
113187,"[96991, 97595, 50581, 92705, 32611, 33125, 18865, 101504, 2106, 38962]"
113188,"[84657, 2473, 87898, 103761, 93534, 49254, 81838, 4518, 63688, 19055]"
113189,"[14861, 84540, 10449, 29214, 4494, 48504, 33466, 56945, 73437, 102132]"
113190,"[62969, 67621, 56292, 51752, 93370, 17693, 78604, 70157, 85181, 75547]"
113191,"[4383, 82715, 53237, 85756, 56416, 92292, 68358, 30153, 67010, 23935]"
113192,"[96081, 57454, 19956, 64969, 108949, 36097, 34613, 53509, 106647, 52958]"
113193,"[104620, 79707, 70566, 50755, 98688, 33579, 45917, 55809, 35545, 89806]"
113194,"[99085, 95265, 70828, 7377, 70240, 9090, 81984, 77185, 54103, 91528]"
113195,"[91902, 74786, 48198, 92252, 10110, 68580, 4287, 102205, 76685, 62387]"
113196,"[87009, 88918, 105672, 85749, 104798, 77585, 27174, 104641, 36005, 31633]"
113197,"[80745, 26207, 98862, 77992, 25080, 36219, 60796, 16259, 61103, 91024]"
113198,"[92766, 63395, 25728, 48938, 91089, 29250, 10809, 66921, 72891, 22356]"
113199,"[28023, 94740, 93804, 10539, 99730, 75449, 18628, 3888, 77467, 91750]"
113200,"[100780, 41297, 47151, 20004, 83052, 42034, 2167, 107904, 59619, 99928]"
113201,"[30464, 12560, 34274, 72830, 89497, 33270, 103178, 9355, 21367, 91864]"
113202,"[36254, 3227, 36344, 93339, 40515, 91355, 10432, 22810, 80533, 1481]"
113203,"[30813, 61281, 24544, 8356, 67065, 74781, 35027, 73480, 109338, 24938]"
113204,"[3656, 47003, 107722, 63462, 93361, 49531, 35120, 46933, 82380, 62694]"
113205,"[21782, 54482, 39213, 44546, 72381, 50916, 71267, 107831, 97938, 23308]"
113206,"[90323, 19084, 56287, 70444, 14749, 105854, 54028, 38897, 35354, 74193]"
113207,"[107059, 97088, 100299, 97643, 50853, 48024, 23997, 21726, 66883, 75687]"
113208,"[56608, 107459, 24037, 103520, 39455, 50810, 50908, 99645, 62450, 2774]"
113209,"[17753, 3233, 104522, 106124, 28640, 22257, 4919, 18404, 96791, 48718]"
113210,"[54200, 5096, 40819, 20241, 65054, 8192, 1554, 49273, 83668, 88391]"
113211,"[76508, 19, 53112, 44066, 25924, 52058, 974, 90054, 103780, 108750]"
113212,"[84568, 60895, 67591, 98986, 14397, 28271, 22379, 95900, 101431, 68196]"
113213,"[66185, 76873, 68453, 28946, 99840, 30906, 25621, 103812, 8463, 103526]"
113214,"[69747, 6421, 69794, 39166, 31723, 31265, 105287, 61907, 94064, 25884]"
113215,"[99737, 16811, 74473, 41631, 3949, 28873, 69067, 100436, 67587, 2514]"
113216,"[33141, 70695, 38892, 81532, 39946, 63456, 54103, 7377, 32575, 60516]"
113217,"[36281, 30714, 9316, 30327, 96962, 7587, 48716, 66759, 73489, 27119]"
113218,"[78197, 36993, 11080, 29025, 1392, 69881, 77718, 32601, 71509, 80355]"
113219,"[85313, 90127, 13596, 2403, 91180, 98443, 87490, 107590, 95250, 15394]"
113220,"[91152, 17969, 87682, 38424, 82391, 16234, 90855, 90763, 104799, 54409]"
113221,"[60667, 36240, 26594, 14717, 5758, 32982, 42578, 52056, 105254, 20712]"
113222,"[74109, 107963, 46807, 233, 96533, 49176, 10049, 80377, 68169, 93635]"
113223,"[15606, 61534, 58263, 74930, 36073, 6011, 80761, 38756, 40018, 55081]"
113224,"[105136, 1374, 96114, 23113, 74620, 79401, 58016, 35598, 28237, 61061]"
113225,"[57055, 17906, 29832, 33749, 23950, 101912, 72928, 100987, 13408, 83444]"
113226,"[54593, 106308, 28080, 93251, 86259, 64837, 49899, 107858, 69055, 97988]"
113227,"[103898, 65796, 33388, 62975, 107280, 89809, 76558, 10860, 96628, 18308]"
113228,"[34609, 84552, 37250, 46339, 37233, 564, 55192, 24776, 15700, 19294]"
113229,"[58148, 82022, 27707, 69516, 75618, 25305, 59779, 83625, 72163, 46091]"
113230,"[62975, 89809, 107280, 103898, 91812, 13326, 105541, 61045, 12952, 15650]"
113231,"[92391, 15662, 1842, 7119, 97515, 22977, 78862, 29988, 72427, 101694]"
113232,"[94917, 39808, 49162, 9453, 104273, 74216, 107200, 8331, 16549, 109672]"
113233,"[77094, 36893, 59698, 78352, 50, 70040, 65365, 60901, 10329, 65938]"
113234,"[92728, 39848, 84613, 34446, 59644, 31286, 53835, 102639, 61188, 47067]"
113235,"[72496, 85358, 50038, 64151, 71850, 18194, 91858, 44278, 8854, 81350]"
113236,"[57238, 94276, 78926, 8288, 61141, 56603, 30435, 70288, 19352, 8971]"
113237,"[95065, 89868, 18708, 65347, 10953, 92505, 88251, 63744, 37341, 38481]"
113238,"[42752, 81422, 107535, 1853, 74997, 91620, 68183, 2192, 101594, 46053]"
113239,"[88381, 3880, 107511, 74845, 98740, 90634, 60035, 3044, 36833, 87876]"
113240,"[59847, 32167, 1901, 28812, 58170, 52858, 33431, 22675, 65092, 108448]"
113241,"[102335, 22118, 53855, 81368, 103808, 6633, 102631, 96503, 44311, 65557]"
113242,"[52033, 83606, 49139, 29340, 47641, 46724, 8442, 9306, 72839, 39655]"
113243,"[34327, 81497, 101987, 28977, 54356, 67220, 12694, 107534, 107946, 13001]"
113244,"[14474, 28580, 76211, 27457, 84290, 60721, 52724, 2928, 98133, 64570]"
113245,"[54634, 19110, 8297, 10687, 59412, 77069, 49503, 95901, 75544, 95819]"
113246,"[6852, 92231, 89560, 99250, 102894, 94859, 14943, 100253, 35018, 30477]"
113247,"[75519, 39003, 66860, 60436, 92669, 87778, 48345, 96668, 20096, 7674]"
113248,"[26135, 95802, 50002, 29918, 40017, 37428, 104107, 107021, 49341, 109273]"
113249,"[66468, 74718, 100380, 25651, 15163, 78966, 11622, 89328, 62215, 3125]"
113250,"[57321, 43082, 108779, 96906, 82169, 102161, 73597, 78147, 8520, 60322]"
113251,"[34348, 10273, 45496, 41719, 108190, 91119, 96958, 64289, 23324, 11919]"
113252,"[19181, 34350, 99327, 19167, 47685, 1557, 99136, 39578, 22949, 10484]"
113253,"[69137, 31743, 48482, 2292, 3310, 89012, 4618, 64568, 107318, 22850]"
113254,"[91640, 83346, 106089, 62293, 3132, 80719, 21636, 33330, 50073, 105710]"
113255,"[35337, 87367, 44271, 72802, 74829, 29240, 24913, 100275, 78929, 6764]"
113256,"[53026, 102201, 43943, 44181, 32085, 13362, 108646, 21365, 37860, 81343]"
113257,"[102087, 85083, 91128, 23716, 93192, 85780, 62012, 58234, 64532, 26218]"
113258,"[32488, 31941, 40902, 39061, 54598, 36639, 92390, 62878, 31747, 41317]"
113259,"[21718, 51833, 108452, 39150, 94233, 20033, 79704, 25860, 59208, 86183]"
113260,"[15884, 95647, 74177, 29606, 44628, 37161, 2207, 30206, 58114, 66988]"
113261,"[34572, 98187, 6577, 103084, 55954, 98741, 96398, 14161, 40157, 106889]"
113262,"[38335, 16257, 73582, 34406, 32535, 64242, 77863, 79198, 103544, 7186]"
113263,"[58095, 46315, 12083, 106396, 41589, 31612, 62180, 83350, 30084, 94334]"
113264,"[96851, 33000, 65134, 108935, 65377, 5601, 82751, 89851, 68416, 27113]"
113265,"[34262, 87435, 18568, 27975, 32118, 30486, 71580, 28083, 43238, 85891]"
113266,"[52535, 77504, 56435, 61363, 80861, 36810, 47135, 6588, 40101, 71966]"
113267,"[34442, 74302, 34638, 44696, 41800, 105363, 33278, 27995, 49606, 109211]"
113268,"[92961, 36450, 12930, 85774, 20025, 43234, 75223, 69617, 80636, 88903]"
113269,"[84436, 30502, 28908, 2367, 52653, 88775, 9291, 98193, 63148, 101894]"
113270,"[22377, 55254, 42320, 89969, 80386, 25824, 82862, 2096, 15641, 56239]"
113271,"[657, 53482, 71354, 20713, 22272, 48299, 63012, 9567, 96487, 18981]"
113272,"[108261, 97204, 47343, 31179, 105887, 108311, 78823, 2964, 16559, 66237]"
113273,"[63359, 31595, 77349, 100369, 2695, 31705, 34387, 82904, 39806, 90388]"
113274,"[94536, 35447, 38003, 102616, 66031, 79487, 1771, 94854, 7957, 95252]"
113275,"[21226, 3549, 22744, 49186, 13594, 5971, 103504, 30512, 40237, 86262]"
113276,"[44419, 30483, 23368, 33610, 93285, 39310, 88138, 83594, 1798, 72829]"
113277,"[65868, 83007, 37699, 104121, 88895, 6047, 22690, 64348, 32259, 96085]"
113278,"[57050, 56151, 76045, 88835, 35438, 31083, 89125, 7500, 30057, 40758]"
113279,"[14873, 109748, 16019, 12384, 77695, 58490, 19227, 94028, 67874, 69661]"
113280,"[2653, 35651, 106099, 44604, 89334, 44537, 22091, 88018, 78047, 88439]"
113281,"[90729, 12831, 53880, 45290, 50667, 94771, 88196, 40351, 80095, 66803]"
113282,"[31227, 71015, 52400, 78419, 101410, 6362, 49167, 55377, 76468, 72739]"
113283,"[10275, 2647, 56038, 88735, 3736, 84806, 2608, 106769, 7708, 103924]"
113284,"[74028, 61292, 104833, 58848, 61406, 2247, 55933, 109451, 39561, 7251]"
113285,"[75578, 38709, 49785, 92381, 56863, 49042, 17619, 98183, 104306, 83851]"
113286,"[47151, 52585, 106619, 98358, 522, 20004, 100780, 10678, 45974, 27646]"
113287,"[40901, 9635, 59849, 69909, 23339, 28491, 31113, 71184, 25468, 13832]"
113288,"[42529, 44706, 80606, 16675, 68283, 91263, 42179, 79372, 49953, 107144]"
113289,"[31125, 41211, 63421, 90096, 55381, 40659, 72345, 91447, 106129, 11807]"
113290,"[34128, 99656, 97565, 104644, 23207, 4654, 27174, 77585, 95921, 73815]"
113291,"[41513, 71713, 16832, 45379, 64174, 21047, 28773, 102816, 19049, 66461]"
113292,"[56426, 93865, 19580, 755, 48611, 38554, 59912, 61111, 14060, 58051]"
113293,"[99767, 76241, 51290, 16197, 83458, 81402, 19520, 93648, 45457, 109216]"
113294,"[27350, 102268, 95810, 29361, 28103, 97373, 6135, 65462, 43751, 81727]"
113295,"[39588, 65787, 42444, 30687, 3194, 17067, 92711, 75395, 45228, 64921]"
113296,"[17752, 39490, 13838, 91601, 103547, 70362, 41665, 16616, 78884, 75638]"
113297,"[30235, 100349, 75425, 4456, 53362, 87983, 45323, 14654, 65495, 44700]"
113298,"[84185, 85654, 79026, 959, 103709, 43907, 21643, 19615, 64537, 74025]"
113299,"[47609, 21467, 85289, 57043, 78239, 64383, 98249, 38400, 27412, 107067]"
113300,"[107163, 88558, 18716, 2749, 94589, 26642, 13677, 62083, 83275, 35089]"
113301,"[18261, 29651, 6833, 2898, 69907, 105993, 4304, 50469, 45330, 109498]"
113302,"[24041, 69336, 48093, 106051, 48350, 34288, 61025, 88446, 15765, 107481]"
113303,"[25973, 93343, 46896, 8818, 4766, 676, 78390, 21991, 12945, 15224]"
113304,"[108015, 77096, 36530, 5687, 88631, 36706, 105230, 41521, 75052, 59345]"
113305,"[31936, 106683, 85816, 34203, 91186, 93020, 61169, 89840, 76650, 62303]"
113306,"[47065, 4990, 62470, 65383, 87898, 40127, 20981, 93005, 17273, 66662]"
113307,"[55513, 87116, 73617, 56611, 40025, 20949, 20850, 63712, 59566, 22337]"
113308,"[64132, 95746, 107668, 12662, 55797, 80151, 8491, 74621, 10317, 36194]"
113309,"[72625, 60405, 18422, 109310, 56098, 16689, 103246, 104921, 54836, 27123]"
113310,"[72117, 61712, 70389, 86050, 55373, 35750, 56587, 30828, 61273, 32373]"
113311,"[49547, 34761, 44773, 24550, 56659, 80079, 28361, 70436, 22829, 63825]"
113312,"[89900, 35218, 67617, 50025, 71984, 45589, 12438, 17810, 67331, 26039]"
113313,"[9096, 37505, 92812, 32189, 720, 94892, 101123, 66186, 51940, 47556]"
113314,"[31473, 65800, 13430, 85958, 27984, 20582, 69445, 61207, 51161, 50878]"
113315,"[41194, 75344, 52321, 37361, 36248, 84940, 44515, 71973, 31126, 103377]"
113316,"[76031, 70769, 82135, 95633, 92529, 3897, 53446, 17895, 71342, 39190]"
113317,"[49606, 99323, 88924, 60059, 34442, 74302, 44696, 34638, 34225, 47598]"
113318,"[59377, 35036, 60668, 74980, 16994, 25346, 87780, 97665, 6287, 16517]"
113319,"[82033, 42893, 109164, 34453, 63328, 4007, 8465, 13393, 13664, 77336]"
113320,"[1539, 26286, 4905, 66867, 36106, 105159, 12542, 7368, 107421, 98658]"
113321,"[106261, 1864, 95126, 28216, 10315, 15503, 93513, 100080, 27164, 76691]"
113322,"[54740, 8485, 37163, 79939, 100915, 68071, 53355, 50346, 79650, 54536]"
113323,"[39289, 100502, 80855, 92856, 104709, 43936, 97962, 39555, 26108, 82082]"
113324,"[27943, 67319, 96994, 36025, 104215, 441, 58815, 46344, 51183, 38767]"
113325,"[55437, 32914, 86819, 92135, 34207, 30373, 92938, 60129, 16791, 54420]"
113326,"[103828, 24117, 88170, 61837, 96272, 2310, 13706, 66438, 64874, 94711]"
113327,"[12680, 32533, 52846, 18219, 102232, 73356, 2308, 76781, 17067, 3194]"
113328,"[960, 11913, 88792, 98388, 61979, 72682, 84217, 105705, 54834, 89487]"
113329,"[62435, 55675, 855, 17269, 77116, 99550, 45332, 106777, 19913, 94855]"
113330,"[60844, 94616, 71061, 103128, 10606, 45777, 18198, 10611, 42080, 80727]"
113331,"[22209, 34134, 109150, 99119, 14065, 36929, 44125, 101766, 91824, 22868]"
113332,"[28380, 73145, 98623, 102571, 33986, 26161, 14104, 43821, 74917, 101832]"
113333,"[5911, 40642, 31942, 45763, 69480, 4664, 97162, 68023, 55161, 67208]"
113334,"[72875, 58251, 99220, 28904, 48016, 55290, 89839, 104515, 9604, 8667]"
113335,"[31416, 25662, 86685, 5650, 34755, 47225, 23225, 106877, 42831, 83243]"
113336,"[51114, 96170, 55278, 66604, 108378, 74979, 6779, 83229, 100925, 88595]"
113337,"[30108, 63520, 17565, 25705, 38970, 29717, 105759, 62028, 51067, 108497]"
113338,"[9476, 1234, 109498, 42206, 65769, 74513, 59612, 4220, 54587, 76748]"
113339,"[65340, 6254, 104818, 79268, 104313, 19233, 93691, 44660, 70680, 9687]"
113340,"[23949, 37213, 30670, 33113, 84254, 77792, 21232, 21134, 29089, 62252]"
113341,"[68347, 41296, 45462, 23667, 31785, 92126, 16788, 100884, 28065, 54833]"
113342,"[98811, 29225, 67767, 84938, 40278, 11068, 2491, 4998, 69882, 66906]"
113343,"[43549, 104746, 41763, 63597, 27498, 85460, 75712, 83390, 74085, 84298]"
113344,"[104220, 100301, 53033, 27916, 33629, 8410, 49907, 33515, 29186, 72446]"
113345,"[14078, 4019, 11197, 40089, 38495, 109640, 43509, 29480, 32991, 27288]"
113346,"[93434, 105456, 40364, 85521, 54019, 14161, 106889, 67005, 5757, 73978]"
113347,"[84456, 38853, 63684, 4734, 108940, 75239, 23237, 12678, 10854, 108343]"
113348,"[8427, 3090, 95880, 30852, 84295, 1418, 55918, 81684, 46451, 76228]"
113349,"[25791, 87258, 100214, 3509, 76663, 57005, 25000, 49446, 57315, 20675]"
113350,"[23970, 73746, 80195, 22360, 54075, 2754, 43292, 95040, 92995, 39194]"
113351,"[13778, 56937, 99035, 62307, 32263, 71920, 31710, 101677, 29801, 31252]"
113352,"[10459, 46646, 34720, 15934, 48582, 24240, 92963, 2101, 96729, 57287]"
113353,"[54676, 108274, 14398, 55407, 37771, 6378, 31880, 109488, 81482, 105502]"
113354,"[97084, 6736, 59405, 10546, 5449, 20411, 56334, 86144, 62925, 69522]"
113355,"[184, 58625, 107949, 73097, 98763, 93643, 93549, 107927, 33948, 85162]"
113356,"[53766, 87669, 20298, 98722, 55176, 61814, 105497, 7504, 83286, 79638]"
113357,"[17225, 40791, 61198, 106406, 74626, 1076, 41621, 5748, 58169, 38675]"
113358,"[77341, 51895, 29351, 72634, 80803, 85499, 28617, 90956, 78313, 93235]"
113359,"[76481, 108064, 88967, 14640, 65078, 77840, 37170, 97014, 106096, 14688]"
113360,"[41428, 84375, 73489, 20616, 87675, 63092, 29923, 109361, 85242, 83755]"
113361,"[8851, 98549, 19212, 16404, 41491, 23666, 37469, 29127, 53455, 357]"
113362,"[60822, 88443, 34884, 104899, 62008, 82384, 4009, 4626, 107464, 101379]"
113363,"[54728, 16533, 33373, 93857, 38044, 91453, 9925, 45258, 31469, 20433]"
113364,"[63433, 67750, 61696, 97094, 73873, 32597, 2276, 28846, 106967, 59594]"
113365,"[39160, 35286, 24702, 45308, 58673, 68895, 106360, 27971, 10370, 6877]"
113366,"[78628, 31890, 13987, 12336, 70633, 16032, 53802, 86854, 92363, 33341]"
113367,"[17031, 78426, 40920, 80057, 2415, 28938, 33851, 5137, 93490, 5082]"
113368,"[36611, 95258, 4280, 59876, 32473, 103737, 53819, 64330, 70582, 14145]"
113369,"[85544, 29122, 21127, 65819, 14017, 27100, 9436, 47912, 82398, 107179]"
113370,"[68556, 16050, 98807, 30280, 95817, 76682, 93695, 18933, 77703, 105041]"
113371,"[100419, 4487, 99990, 28799, 44710, 61435, 84913, 80649, 63381, 52427]"
113372,"[84597, 97949, 62164, 12083, 21882, 66236, 69703, 17637, 99471, 83350]"
113373,"[41704, 37476, 63594, 37367, 60776, 82020, 94436, 61661, 2081, 26171]"
113374,"[67950, 12748, 22533, 44220, 11184, 51599, 62855, 92701, 56454, 16337]"
113375,"[72667, 89095, 72724, 70219, 62961, 41316, 84120, 73651, 50479, 49751]"
113376,"[20383, 4920, 100295, 52070, 104428, 48889, 21164, 13657, 68400, 49703]"
113377,"[60104, 68447, 23674, 101036, 4340, 13294, 22561, 54548, 71614, 61491]"
113378,"[78420, 80203, 70307, 109624, 20190, 72023, 96569, 97439, 854, 40845]"
113379,"[86066, 39488, 106173, 1727, 66426, 43386, 78065, 100782, 3563, 5203]"
113380,"[34008, 96392, 16831, 48274, 20993, 13363, 88933, 72147, 76590, 28642]"
113381,"[2373, 17988, 9121, 13146, 47619, 40316, 29560, 6329, 92597, 79241]"
113382,"[45237, 54468, 38198, 65045, 4732, 66593, 57008, 43803, 91659, 80654]"
113383,"[20719, 34806, 20226, 33587, 29401, 38686, 43316, 95387, 73066, 27865]"
113384,"[107161, 23408, 78804, 31310, 39345, 75889, 97520, 92642, 18972, 71420]"
113385,"[32901, 102635, 48423, 35221, 3409, 25053, 70864, 77691, 106281, 107414]"
113386,"[41709, 34531, 77728, 90142, 73486, 66117, 18193, 45562, 176, 107156]"
113387,"[32218, 34120, 16255, 57030, 46858, 3009, 22373, 10953, 76760, 927]"
113388,"[44790, 19675, 42256, 89634, 84971, 19874, 3518, 84253, 42500, 48661]"
113389,"[107730, 72445, 12808, 99419, 49222, 32642, 101900, 101880, 88412, 72279]"
113390,"[81032, 94773, 64713, 47417, 23977, 42541, 34920, 61151, 108279, 61487]"
113391,"[13248, 45950, 97524, 63230, 38620, 95627, 14519, 24100, 87949, 58656]"
113392,"[46353, 92220, 69485, 79431, 28761, 85275, 87903, 19028, 74562, 28898]"
113393,"[69554, 7073, 87960, 67828, 4031, 66391, 51105, 98648, 68242, 12609]"
113394,"[56321, 4083, 15506, 45695, 55015, 42487, 17844, 44006, 6222, 108558]"
113395,"[21856, 100409, 67392, 32712, 82871, 83915, 85661, 30699, 64652, 104697]"
113396,"[59696, 8579, 14903, 90727, 36916, 58708, 699, 13737, 92100, 81915]"
113397,"[104935, 79560, 54603, 53068, 44005, 23483, 42841, 4207, 26627, 6301]"
113398,"[29928, 43133, 85885, 105570, 44792, 27185, 9131, 15595, 6474, 36056]"
113399,"[51637, 46243, 57658, 88310, 17584, 73515, 77223, 25746, 74263, 7474]"
113400,"[8879, 33925, 107055, 108920, 78461, 62949, 84986, 45755, 31122, 97201]"
113401,"[21042, 58987, 20951, 74192, 39839, 84720, 72346, 101702, 74249, 41251]"
113402,"[83102, 58566, 50700, 48920, 105981, 102998, 24354, 25567, 1673, 95452]"
113403,"[60051, 71422, 58214, 17191, 28107, 3589, 70228, 14939, 78703, 61879]"
113404,"[60432, 93058, 65145, 82277, 12089, 83719, 1130, 43046, 26430, 72605]"
113405,"[66772, 65003, 35654, 80072, 15165, 81182, 3504, 52713, 23874, 91532]"
113406,"[40221, 82579, 7851, 101420, 54795, 80111, 192, 40932, 46614, 81426]"
113407,"[63551, 1508, 13462, 92504, 37, 8219, 96893, 26384, 68269, 24860]"
113408,"[78105, 69187, 66244, 56740, 37802, 39137, 6524, 4233, 104273, 76510]"
113409,"[15331, 57286, 25650, 11580, 24837, 20307, 46596, 96834, 41612, 12744]"
113410,"[63356, 96645, 57393, 46895, 37713, 38361, 70494, 34550, 14076, 25867]"
113411,"[56014, 27175, 22349, 72068, 89948, 98419, 30701, 8056, 19120, 36303]"
113412,"[6736, 68762, 82963, 84485, 18014, 7241, 77696, 53412, 102168, 62018]"
113413,"[42618, 39211, 99240, 79955, 66902, 48699, 61811, 68554, 55929, 105932]"
113414,"[47508, 89418, 106726, 88349, 68836, 101358, 55075, 81437, 74649, 65937]"
113415,"[25010, 79998, 101233, 26215, 38997, 85230, 5707, 87388, 93652, 83130]"
113416,"[28720, 85648, 92520, 59742, 12551, 57907, 60821, 93086, 14985, 83496]"
113417,"[42142, 81088, 63100, 84928, 27602, 75762, 18185, 40004, 63974, 27369]"
113418,"[52112, 33759, 58888, 2001, 96033, 72351, 17928, 52562, 82683, 45989]"
113419,"[85472, 33340, 26878, 107213, 14836, 49124, 26304, 91707, 66176, 2411]"
113420,"[9023, 33644, 89230, 68427, 45697, 14946, 7244, 2854, 82555, 71363]"
113421,"[13309, 89357, 71896, 71257, 45272, 27085, 82423, 35259, 1156, 97963]"
113422,"[72395, 2018, 18299, 80255, 32800, 23591, 43007, 3928, 40632, 89432]"
113423,"[32069, 75485, 94306, 34658, 8325, 73635, 15764, 16137, 43297, 38067]"
113424,"[90986, 92514, 6598, 95752, 25921, 90418, 42081, 79558, 55627, 102512]"
113425,"[109414, 60734, 84045, 1424, 5494, 39940, 27045, 4279, 55041, 75333]"
113426,"[88215, 15367, 36772, 32002, 17206, 14110, 80042, 85084, 66826, 57089]"
113427,"[101705, 43328, 44402, 24415, 73612, 76577, 5195, 42989, 1395, 28746]"
113428,"[25130, 67623, 43050, 24042, 6295, 43670, 14345, 31575, 31273, 106018]"
113429,"[22864, 7097, 21076, 38692, 15568, 41959, 109637, 6213, 51818, 56495]"
113430,"[91667, 58548, 63951, 109563, 86827, 34630, 98131, 28002, 21283, 33603]"
113431,"[43358, 22279, 52641, 102816, 87028, 14286, 41513, 64174, 28773, 37862]"
113432,"[52224, 14761, 73090, 101810, 36107, 57471, 36070, 63328, 76078, 75330]"
113433,"[90099, 76452, 108412, 39691, 93599, 78445, 57095, 71581, 43180, 67099]"
113434,"[68234, 42027, 79888, 23376, 83974, 61670, 44301, 15047, 62688, 4170]"
113435,"[108036, 68113, 32034, 13576, 56953, 64500, 7583, 28928, 15346, 36819]"
113436,"[74145, 53588, 45387, 92922, 56494, 81316, 70670, 72836, 19549, 79855]"
113437,"[19262, 72408, 10669, 14991, 48969, 95254, 2149, 27141, 24475, 63635]"
113438,"[17049, 19261, 3973, 53274, 22748, 50776, 46904, 1233, 2046, 84395]"
113439,"[89933, 77705, 39198, 51080, 5492, 62341, 46801, 26743, 72604, 48035]"
113440,"[43354, 30217, 36019, 56424, 88737, 90286, 17704, 29586, 69710, 101680]"
113441,"[70355, 77072, 59397, 100336, 91865, 89717, 34278, 103542, 44672, 91787]"
113442,"[40334, 89190, 18292, 46677, 35391, 106017, 64401, 58647, 25372, 83381]"
113443,"[26224, 92439, 26862, 83012, 105939, 96907, 104655, 20604, 24739, 53053]"
113444,"[108019, 34047, 4095, 65875, 99385, 31322, 26960, 35758, 67477, 18025]"
113445,"[70583, 13703, 79510, 82606, 77511, 11885, 84412, 18163, 13589, 4733]"
113446,"[79174, 109295, 30715, 77537, 79557, 97555, 106450, 101686, 73072, 36327]"
113447,"[27660, 10060, 40448, 571, 46033, 69739, 81414, 77673, 41016, 19369]"
113448,"[4562, 104012, 82572, 49703, 18616, 67886, 67896, 80071, 69795, 104453]"
113449,"[4362, 12467, 3976, 78408, 43583, 98159, 22842, 31104, 45691, 51006]"
113450,"[88755, 3041, 38294, 55739, 102286, 35638, 25402, 44845, 57743, 39838]"
113451,"[59533, 8213, 4818, 54914, 89060, 54027, 53369, 55695, 51631, 59301]"
113452,"[90552, 91699, 92590, 93982, 42174, 96985, 39232, 101004, 84490, 18311]"
113453,"[99541, 16008, 60991, 86839, 96675, 77267, 78779, 78226, 7345, 40186]"
113454,"[58107, 18428, 91457, 61692, 73996, 59976, 105835, 26982, 97068, 3344]"
113455,"[20138, 50292, 109334, 29875, 67235, 35611, 70509, 50699, 83582, 18391]"
113456,"[46724, 31014, 98905, 72753, 10230, 82757, 20009, 68631, 72839, 106517]"
113457,"[7777, 24586, 7450, 7757, 35230, 17577, 65839, 99447, 7680, 72791]"
113458,"[80677, 101419, 97712, 40274, 38367, 17834, 11705, 13499, 95625, 16979]"
113459,"[72229, 23850, 61969, 103753, 87132, 85148, 16191, 2230, 26557, 82666]"
113460,"[49350, 8951, 16582, 85238, 109744, 38327, 87758, 31343, 23695, 60653]"
113461,"[35277, 70573, 93796, 88541, 75374, 21972, 53814, 95679, 32835, 90616]"
113462,"[32236, 102627, 61525, 91049, 4210, 78735, 92066, 56013, 56205, 12470]"
113463,"[34509, 23242, 98270, 63454, 66800, 86405, 68592, 15797, 12068, 16967]"
113464,"[39705, 56544, 61140, 91800, 3587, 60516, 9736, 37021, 31092, 51535]"
113465,"[16978, 98487, 108139, 32653, 56611, 31209, 62310, 99529, 38453, 23531]"
113466,"[54320, 25858, 6085, 459, 31636, 69411, 96809, 8124, 5058, 50449]"
113467,"[49661, 96871, 71060, 62421, 60480, 59193, 66848, 40609, 26980, 82565]"
113468,"[19955, 58950, 49160, 79419, 2863, 86700, 64334, 9826, 76327, 46225]"
113469,"[29399, 58354, 45074, 100223, 7684, 36454, 67990, 50734, 71557, 18547]"
113470,"[70387, 23911, 48797, 55285, 68972, 16537, 94513, 30325, 96665, 59907]"
113471,"[98002, 18866, 80492, 83450, 7135, 15489, 15618, 5289, 16633, 38384]"
113472,"[8652, 53972, 28087, 97744, 34596, 23986, 47991, 102843, 80266, 94431]"
113473,"[24138, 67537, 54839, 65006, 16547, 36541, 78322, 86108, 86687, 76686]"
113474,"[35367, 57671, 42166, 63311, 24347, 65124, 9276, 60650, 12958, 3124]"
113475,"[71174, 66125, 99319, 71015, 104976, 73704, 6362, 106709, 9875, 6543]"
113476,"[100828, 52339, 24136, 60903, 81844, 94789, 25382, 60477, 87941, 96916]"
113477,"[16514, 65243, 52150, 45821, 30317, 109742, 27708, 83888, 96670, 35360]"
113478,"[27728, 59594, 50442, 67410, 4666, 45937, 15347, 57285, 15572, 20740]"
113479,"[66478, 41998, 53793, 26081, 11562, 49460, 17960, 5619, 80382, 97217]"
113480,"[97819, 17703, 8820, 71232, 40124, 8174, 75914, 95242, 85497, 68487]"
113481,"[15566, 5530, 47957, 36905, 49780, 100895, 35619, 803, 16219, 1906]"
113482,"[90022, 85064, 80616, 21591, 44236, 34300, 28317, 84062, 15975, 14983]"
113483,"[24984, 98711, 36492, 34975, 99564, 95938, 22876, 97334, 108062, 62784]"
113484,"[109344, 68563, 11992, 86357, 42948, 22830, 27416, 68608, 49942, 465]"
113485,"[30224, 73151, 51520, 109231, 30196, 919, 24742, 4291, 52119, 78937]"
113486,"[90985, 75370, 21227, 57737, 89621, 9438, 35634, 103437, 90151, 29103]"
113487,"[76665, 22570, 1384, 100376, 105736, 39203, 35679, 63346, 62403, 34882]"
113488,"[52793, 18678, 55558, 54114, 2505, 29747, 87312, 68014, 65608, 38076]"
113489,"[90202, 104533, 27164, 44007, 97380, 55105, 74651, 25453, 54404, 99915]"
113490,"[11482, 31953, 99473, 42728, 48765, 91196, 64430, 40580, 98150, 54567]"
113491,"[20265, 31557, 22076, 101033, 52360, 41337, 71013, 50741, 93860, 75636]"
113492,"[4539, 91600, 28112, 10473, 75348, 95533, 108878, 44971, 4360, 66050]"
113493,"[102845, 86234, 82899, 81848, 67689, 86731, 103034, 75106, 46611, 27368]"
113494,"[46158, 62913, 46701, 98928, 66563, 66345, 41517, 69513, 8208, 94974]"
113495,"[20183, 107729, 102125, 75158, 3197, 106367, 103480, 8872, 97379, 39410]"
113496,"[29649, 54446, 30843, 48825, 55011, 53976, 77034, 50691, 37514, 92500]"
113497,"[28941, 20450, 66932, 55333, 16657, 19156, 16273, 33457, 76429, 88520]"
113498,"[22574, 17597, 96484, 46007, 54035, 26077, 20708, 107360, 28471, 73424]"
113499,"[28556, 82047, 109409, 8966, 74870, 77899, 46577, 51462, 49094, 92495]"
113500,"[77396, 32792, 9019, 32982, 40190, 32195, 102225, 22200, 105956, 26672]"
113501,"[98907, 33079, 22913, 80028, 56990, 61558, 76461, 89348, 39319, 7103]"
113502,"[28799, 99990, 100419, 4487, 66013, 49091, 48828, 20473, 101112, 41808]"
113503,"[4811, 10611, 33197, 78104, 71061, 103128, 82977, 78185, 94616, 17536]"
113504,"[105072, 68985, 64249, 85894, 30706, 21063, 2401, 30570, 108055, 82040]"
113505,"[50752, 66765, 43963, 1149, 31782, 47985, 93353, 98961, 87551, 86313]"
113506,"[58346, 83691, 11463, 72699, 46469, 43904, 67217, 103899, 37137, 98067]"
113507,"[52857, 56430, 33639, 88818, 72424, 56647, 64687, 11305, 70557, 5905]"
113508,"[64003, 22153, 62142, 109489, 49804, 64143, 93550, 105775, 85688, 79416]"
113509,"[101896, 91989, 4637, 81208, 65208, 86268, 5199, 70842, 71881, 102896]"
113510,"[88099, 72177, 103681, 78213, 105468, 107444, 73778, 11734, 26001, 68036]"
113511,"[6846, 68495, 57518, 12738, 73660, 39371, 6261, 24570, 35011, 33228]"
113512,"[79486, 33911, 33985, 109383, 27758, 23581, 90946, 97748, 4806, 6327]"
113513,"[4283, 83387, 100543, 86079, 1352, 78625, 90316, 55310, 64629, 58044]"
113514,"[66573, 84203, 103062, 72552, 64159, 72809, 29305, 49209, 48432, 10950]"
113515,"[44501, 32512, 36484, 61750, 70353, 85197, 109736, 11657, 88272, 62053]"
113516,"[32346, 50792, 59108, 102864, 36722, 58232, 70558, 31061, 106793, 69570]"
113517,"[57116, 24966, 54533, 53780, 97870, 10297, 48002, 30117, 85563, 24462]"
113518,"[62336, 95321, 17783, 66833, 69822, 39566, 82119, 26413, 38000, 78618]"
113519,"[66560, 38200, 34160, 55386, 97189, 61330, 23171, 30116, 102469, 79757]"
113520,"[55080, 19185, 27713, 15794, 106532, 97753, 39495, 108831, 66762, 41606]"
113521,"[22907, 64298, 29966, 77470, 49058, 50522, 96099, 51367, 106220, 29276]"
113522,"[20778, 37241, 53466, 23192, 81110, 84909, 55749, 36336, 13160, 35925]"
113523,"[69961, 40718, 27406, 5112, 61795, 19147, 98760, 37693, 27835, 43652]"
113524,"[34832, 44287, 15956, 95846, 82536, 65530, 50200, 14966, 93694, 48579]"
113525,"[83458, 15490, 27922, 107812, 55468, 34921, 106708, 81953, 4909, 92331]"
113526,"[42514, 101155, 37702, 89981, 1081, 73028, 98143, 77919, 54295, 39792]"
113527,"[629, 72749, 39343, 68039, 10525, 94216, 20827, 55330, 46363, 45900]"
113528,"[29801, 10601, 114, 26794, 99035, 66707, 102397, 54340, 12835, 77614]"
113529,"[42429, 22910, 8198, 103334, 63758, 45714, 93431, 94498, 76857, 105528]"
113530,"[102707, 28148, 27023, 72689, 101137, 84212, 51893, 16053, 21184, 68244]"
113531,"[83375, 43563, 23883, 93360, 71942, 58669, 34002, 8598, 86653, 74054]"
113532,"[64325, 100852, 16079, 97650, 33992, 42289, 75039, 76620, 61810, 69092]"
113533,"[88461, 58630, 96781, 86832, 65474, 54409, 72131, 107134, 39413, 103088]"
113534,"[106220, 92975, 51367, 29276, 72637, 29966, 22907, 64298, 16627, 97533]"
113535,"[101705, 108098, 109104, 106506, 25710, 27961, 31735, 4593, 51320, 97451]"
113536,"[25473, 52198, 77313, 66612, 14326, 87960, 67828, 6637, 11944, 24265]"
113537,"[69260, 1980, 76713, 70324, 101017, 24476, 59149, 59743, 46441, 42378]"
113538,"[55736, 68798, 36242, 98939, 10928, 2497, 53800, 76120, 54479, 44570]"
113539,"[26532, 67224, 4909, 41988, 70841, 73843, 60559, 82295, 15490, 27922]"
113540,"[104912, 21443, 96753, 47331, 45412, 6618, 77298, 69282, 108025, 98458]"
113541,"[40900, 57038, 100540, 37490, 15028, 79034, 19665, 101220, 21900, 14958]"
113542,"[107373, 49917, 22662, 101079, 83804, 69853, 2854, 96774, 11583, 87201]"
113543,"[8279, 53918, 35897, 14922, 6438, 58264, 45228, 64921, 99657, 82744]"
113544,"[22903, 54757, 37089, 24229, 31673, 11523, 68010, 99287, 56722, 45832]"
113545,"[45516, 79417, 92631, 89305, 19296, 61774, 3975, 381, 15323, 70662]"
113546,"[60073, 25900, 50440, 39070, 54190, 10506, 102995, 34712, 36602, 70158]"
113547,"[52451, 89884, 4281, 70238, 67089, 95482, 64005, 95545, 45320, 102338]"
113548,"[3117, 65027, 46485, 10214, 70294, 20689, 568, 106097, 14542, 46781]"
113549,"[19089, 6200, 81413, 9767, 99502, 72300, 61905, 79377, 95943, 56221]"
113550,"[23881, 73638, 106342, 90796, 5088, 98961, 106767, 71591, 61922, 20119]"
113551,"[97696, 91298, 106932, 86604, 61765, 5465, 37142, 10757, 48216, 84270]"
113552,"[42613, 94990, 74978, 42428, 94262, 14013, 63621, 21937, 40394, 79135]"
113553,"[6421, 69747, 31723, 39166, 69794, 61907, 25884, 94064, 15400, 55229]"
113554,"[93214, 89455, 45995, 106006, 4924, 90251, 96886, 47792, 18516, 85088]"
113555,"[1772, 85525, 85188, 35059, 72815, 34664, 103980, 4321, 96973, 81336]"
113556,"[81910, 102806, 12255, 107481, 5891, 30592, 12155, 98957, 73665, 10489]"
113557,"[70076, 89600, 43603, 104156, 57241, 56791, 40928, 46296, 33413, 2862]"
113558,"[49094, 53565, 48254, 94170, 51068, 76849, 51462, 92495, 28556, 7568]"
113559,"[40071, 67198, 62382, 68080, 96235, 7993, 101141, 24546, 52614, 33511]"
113560,"[46008, 12267, 57276, 19787, 102025, 77172, 7480, 14788, 1351, 17203]"
113561,"[83034, 53054, 101697, 49549, 21740, 3933, 68162, 66363, 6761, 71411]"
113562,"[27118, 79895, 32716, 88602, 28829, 108264, 80939, 46403, 21416, 9977]"
113563,"[92675, 32978, 63957, 56383, 51912, 11841, 65089, 63159, 33111, 29852]"
113564,"[48067, 48251, 100690, 11685, 10549, 49669, 94579, 60719, 11604, 102829]"
113565,"[7335, 87182, 52292, 16895, 56239, 20197, 37152, 2096, 61259, 41045]"
113566,"[17322, 59121, 47451, 38283, 93457, 19569, 88207, 22189, 10251, 53256]"
113567,"[86258, 75464, 21015, 87916, 51613, 18475, 53519, 38713, 29561, 107892]"
113568,"[57268, 98578, 53301, 56543, 95720, 30240, 72181, 84210, 48595, 10264]"
113569,"[52173, 66292, 741, 36294, 94788, 67906, 71409, 51441, 7013, 19863]"
113570,"[17885, 106959, 36677, 11766, 2461, 75009, 20719, 34806, 36770, 100024]"
113571,"[89489, 58723, 67656, 16863, 47052, 22651, 106448, 20409, 85166, 68918]"
113572,"[97986, 10378, 11650, 9111, 837, 79325, 102024, 75604, 85221, 58420]"
113573,"[83451, 7314, 86302, 2124, 38422, 8647, 39278, 92645, 37664, 41457]"
113574,"[97820, 34846, 54696, 97051, 9578, 100194, 6024, 7662, 81106, 85848]"
113575,"[97082, 86125, 85558, 86319, 2169, 100122, 22324, 90979, 93186, 43576]"
113576,"[17186, 98652, 32681, 871, 99399, 9914, 49334, 28918, 107389, 14627]"
113577,"[17006, 10367, 90633, 36896, 54793, 8821, 74817, 40987, 92293, 101219]"
113578,"[107327, 12200, 33081, 86836, 41183, 7957, 10523, 92892, 33874, 81124]"
113579,"[106336, 82530, 77379, 52712, 105466, 55138, 52136, 84238, 75296, 58075]"
113580,"[69110, 96700, 48459, 100415, 46844, 79220, 11951, 94004, 32181, 6766]"
113581,"[76354, 94328, 34158, 87423, 1550, 100173, 85845, 101141, 33511, 52614]"
113582,"[60521, 78974, 3442, 76204, 93793, 53907, 49881, 17582, 14705, 22098]"
113583,"[50886, 70869, 107517, 108675, 12123, 2414, 11311, 45542, 29115, 95742]"
113584,"[58933, 35646, 65720, 66629, 104570, 38884, 83969, 27435, 73584, 101649]"
113585,"[76753, 8627, 11508, 108365, 27769, 101694, 64499, 80211, 84230, 78862]"
113586,"[2711, 11453, 23744, 53576, 83988, 50271, 60924, 57387, 57242, 24278]"
113587,"[41990, 1812, 663, 3405, 47844, 4495, 31016, 79151, 65171, 3662]"
113588,"[20889, 21695, 72278, 84637, 107374, 11726, 3063, 53103, 324, 13255]"
113589,"[49419, 73404, 29204, 68297, 20701, 62516, 3926, 81402, 91343, 96161]"
113590,"[79383, 104048, 17303, 82823, 46087, 78017, 80205, 61735, 70814, 102735]"
113591,"[77380, 89415, 47499, 104615, 5187, 60304, 70236, 99709, 34646, 56818]"
113592,"[31787, 49700, 109462, 100427, 26013, 83373, 66975, 76048, 26912, 100801]"
113593,"[92207, 1379, 35805, 18087, 20659, 29872, 84340, 68854, 1693, 48423]"
113594,"[79779, 1955, 5061, 69243, 43339, 100105, 43390, 79549, 39869, 54109]"
113595,"[28787, 7178, 72896, 20969, 7252, 36330, 32082, 43756, 49128, 40930]"
113596,"[94192, 7311, 78511, 51038, 66384, 49418, 83654, 47828, 87852, 34442]"
113597,"[21563, 9010, 55742, 68675, 29405, 14944, 58652, 72134, 91677, 61397]"
113598,"[71762, 109201, 61996, 80619, 14254, 106537, 64059, 67297, 15255, 62059]"
113599,"[76983, 1043, 109068, 91256, 7709, 21201, 105639, 99019, 59906, 74452]"
113600,"[37802, 39137, 60990, 98312, 76370, 53995, 93522, 6524, 69187, 78105]"
113601,"[30062, 26616, 61942, 88839, 107464, 68975, 72226, 44307, 82384, 3054]"
113602,"[31622, 49775, 102390, 97865, 65537, 26581, 57160, 79988, 106978, 57772]"
113603,"[13790, 104565, 51025, 88557, 25803, 73442, 45286, 19196, 64653, 6838]"
113604,"[42180, 4072, 91900, 51665, 10236, 49586, 50313, 7333, 86948, 47995]"
113605,"[75681, 47291, 104393, 101687, 77894, 3308, 93762, 53229, 105585, 56604]"
113606,"[28739, 53949, 62431, 81476, 97772, 93875, 100943, 81743, 48101, 34392]"
113607,"[26707, 39274, 99742, 80159, 107866, 72495, 50927, 98751, 22978, 43784]"
113608,"[96656, 2586, 69888, 73261, 106138, 98265, 74644, 95017, 65546, 59342]"
113609,"[66486, 76287, 38677, 16744, 57598, 97114, 103343, 46704, 47753, 96552]"
113610,"[61254, 11656, 84759, 65414, 19800, 80867, 36045, 4816, 85657, 89444]"
113611,"[35984, 89059, 71604, 43442, 30070, 78816, 4066, 15020, 101914, 16892]"
113612,"[14765, 77860, 52958, 50789, 12611, 30118, 72065, 12326, 24558, 21256]"
113613,"[30565, 73619, 54688, 91467, 10811, 23683, 84946, 22221, 5952, 85023]"
113614,"[64061, 78744, 27790, 32894, 2305, 100437, 91888, 72682, 84217, 99062]"
113615,"[57956, 99079, 33941, 19906, 32460, 58975, 30697, 90992, 53000, 12226]"
113616,"[72456, 15958, 79054, 20671, 9939, 108121, 47335, 48627, 28108, 21508]"
113617,"[61635, 26184, 12493, 6490, 89880, 22487, 28402, 56040, 37870, 34729]"
113618,"[89184, 109330, 100577, 52468, 20697, 10518, 93627, 101190, 5252, 99526]"
113619,"[62922, 66465, 31487, 78586, 73707, 101403, 22528, 76206, 73887, 84354]"
113620,"[7789, 105400, 97394, 7926, 97790, 41904, 5536, 21074, 82326, 61400]"
113621,"[57660, 75660, 56602, 41833, 108156, 34377, 105998, 92746, 31821, 98642]"
113622,"[52964, 82986, 37380, 104498, 24428, 80906, 60758, 17154, 79216, 95788]"
113623,"[76200, 86920, 44499, 56351, 24302, 98920, 9242, 4193, 89604, 100320]"
113624,"[94084, 78704, 72143, 53893, 68377, 22050, 106575, 2152, 9814, 16883]"
113625,"[88191, 94714, 44656, 90960, 13817, 3140, 41838, 10495, 33890, 63814]"
113626,"[46155, 76782, 104392, 74798, 75173, 54274, 70384, 69117, 64001, 74576]"
113627,"[79500, 20976, 17153, 93007, 71961, 85691, 1364, 17772, 17453, 54582]"
113628,"[62378, 85030, 50084, 38165, 52022, 4381, 70928, 95716, 44555, 81778]"
113629,"[94590, 74041, 37381, 20793, 109163, 2859, 102286, 65240, 87239, 83578]"
113630,"[87607, 40312, 22803, 95911, 74592, 33324, 57091, 41009, 99900, 13101]"
113631,"[9822, 98142, 83456, 61528, 93998, 74886, 7287, 21208, 30818, 80685]"
113632,"[11630, 26223, 79618, 52864, 4204, 50978, 96063, 32660, 18150, 53265]"
113633,"[56493, 14587, 13740, 87942, 4694, 57040, 4208, 63247, 85155, 75404]"
113634,"[39600, 28211, 25654, 84899, 48609, 22056, 30603, 1851, 53961, 28761]"
113635,"[93276, 23681, 39449, 26635, 89483, 18239, 45993, 57652, 39442, 83329]"
113636,"[12442, 101870, 82742, 74114, 21669, 5656, 108873, 44325, 106477, 50598]"
113637,"[8895, 90490, 22563, 64141, 94769, 66889, 19453, 28494, 9011, 67795]"
113638,"[106139, 88921, 59839, 40247, 20533, 62912, 101862, 65786, 101752, 108750]"
113639,"[35554, 101756, 23678, 59491, 94486, 50337, 34697, 74457, 24788, 21561]"
113640,"[30534, 47797, 60907, 87643, 22131, 58922, 34698, 46638, 39864, 93288]"
113641,"[7734, 78206, 89239, 8050, 25311, 68386, 15508, 51889, 97845, 42194]"
113642,"[59528, 8148, 25500, 29112, 24463, 46384, 46104, 94853, 76831, 108166]"
113643,"[54096, 1921, 74760, 26122, 43208, 64519, 46232, 26211, 86812, 107477]"
113644,"[73453, 73341, 46496, 64465, 90714, 9834, 44345, 11290, 18234, 104577]"
113645,"[23935, 67010, 88907, 47829, 85756, 56416, 53237, 4383, 82715, 16168]"
113646,"[83442, 50474, 46165, 44932, 79448, 45544, 73717, 15781, 1315, 30100]"
113647,"[7138, 19624, 34517, 9625, 23420, 78417, 65571, 9284, 43149, 106810]"
113648,"[87969, 18187, 36153, 13667, 97607, 103774, 37221, 28144, 107132, 10782]"
113649,"[2926, 79046, 23092, 94519, 19108, 73827, 8546, 9494, 58776, 109515]"
113650,"[39184, 35735, 58156, 107376, 3680, 32196, 49748, 33734, 2422, 7060]"
113651,"[33625, 16783, 82939, 24992, 99243, 69186, 90769, 79410, 41960, 85677]"
113652,"[31770, 23101, 93820, 98684, 24491, 43312, 107869, 95240, 47611, 15356]"
113653,"[30556, 24217, 59637, 86153, 104221, 3754, 55198, 35915, 59659, 86880]"
113654,"[27900, 57548, 2982, 96016, 98004, 28989, 78895, 49452, 103768, 45792]"
113655,"[68919, 2428, 48886, 106762, 73325, 104483, 63591, 29920, 71759, 63552]"
113656,"[104088, 10281, 97067, 11249, 63286, 12695, 104611, 15718, 27553, 3891]"
113657,"[23662, 97471, 29230, 81808, 105727, 12039, 10235, 93418, 8093, 75521]"
113658,"[87764, 40738, 95468, 10409, 22807, 50005, 18062, 70102, 19299, 107377]"
113659,"[3368, 36260, 91976, 102944, 66402, 32937, 46057, 107107, 102550, 28970]"
113660,"[10942, 30589, 24963, 102641, 103047, 71032, 36, 89940, 11319, 108602]"
113661,"[29825, 90545, 77173, 24556, 15278, 36884, 67033, 3671, 15727, 61918]"
113662,"[93713, 42257, 2150, 100463, 36176, 529, 92045, 63114, 21637, 49465]"
113663,"[34424, 6442, 93772, 101311, 71414, 70110, 91501, 12456, 106887, 21854]"
113664,"[46071, 2913, 45545, 85799, 96959, 33031, 71040, 46709, 58456, 15179]"
113665,"[93188, 6676, 10172, 37572, 82796, 35615, 91927, 30392, 52341, 12337]"
113666,"[59987, 30940, 35125, 10095, 18542, 36357, 15908, 6463, 18679, 88542]"
113667,"[93031, 82841, 91067, 8604, 72594, 71042, 41814, 86387, 77040, 91504]"
113668,"[47873, 85959, 8294, 93806, 83557, 55595, 40027, 5235, 3199, 92292]"
113669,"[33216, 17775, 64547, 1779, 82011, 56470, 67909, 45720, 24123, 68638]"
113670,"[78871, 78469, 18408, 50930, 38863, 77345, 97586, 30269, 49944, 12752]"
113671,"[5526, 13, 49286, 79465, 61013, 41447, 24335, 102706, 16172, 107834]"
113672,"[51666, 31139, 87693, 6, 38307, 9139, 81358, 2180, 66491, 104137]"
113673,"[20339, 58224, 44876, 19856, 69573, 45883, 103518, 55948, 48777, 37280]"
113674,"[35184, 9084, 90051, 90352, 55480, 51258, 83851, 55745, 72993, 48888]"
113675,"[3912, 47731, 71041, 63326, 42838, 3957, 27455, 6241, 95173, 4638]"
113676,"[22323, 44176, 45914, 8527, 103918, 109321, 42223, 20823, 102962, 87707]"
113677,"[22207, 32115, 30171, 5291, 80916, 9773, 38181, 60054, 100597, 70008]"
113678,"[19535, 68082, 61031, 10979, 100007, 26401, 39129, 75843, 5827, 38070]"
113679,"[3111, 54623, 43762, 2226, 36060, 37716, 19655, 35371, 79105, 96910]"
113680,"[14054, 95167, 59088, 34648, 58857, 50864, 61453, 651, 31924, 78596]"
113681,"[74307, 87936, 4895, 99764, 21873, 30011, 52324, 107263, 82922, 80138]"
113682,"[57264, 42295, 29011, 105298, 82912, 57585, 52509, 75819, 67658, 84624]"
113683,"[62651, 66012, 73487, 77629, 109276, 15571, 30851, 24260, 45191, 82129]"
113684,"[63619, 103798, 52727, 63477, 65176, 555, 10072, 75827, 100673, 51372]"
113685,"[96935, 16580, 106500, 20430, 62086, 91241, 54557, 61894, 33829, 56546]"
113686,"[14173, 109692, 10758, 8388, 107139, 60939, 62446, 89259, 68244, 98383]"
113687,"[78210, 92897, 91439, 68217, 37405, 30431, 3449, 66839, 84512, 73975]"
113688,"[2559, 42029, 80255, 99553, 90397, 5884, 15451, 48206, 32852, 94980]"
113689,"[67954, 77964, 61169, 93020, 36396, 77731, 67059, 76931, 47218, 84722]"
113690,"[19131, 24803, 41380, 41029, 62280, 49357, 56733, 62169, 26115, 51740]"
113691,"[53962, 1063, 31058, 84530, 97429, 100172, 9770, 61109, 76501, 72207]"
113692,"[72682, 81362, 87049, 68669, 64061, 78744, 27790, 3296, 98379, 32894]"
113693,"[81671, 102157, 96215, 96368, 101115, 28456, 19479, 16635, 40256, 53073]"
113694,"[90026, 85995, 93752, 83432, 53933, 89696, 7388, 74275, 11274, 49229]"
113695,"[30255, 56507, 85331, 90820, 106444, 84532, 88650, 29983, 61906, 67013]"
113696,"[55994, 61369, 72317, 103952, 5936, 7057, 10937, 13269, 11222, 49572]"
113697,"[59906, 99019, 15173, 76983, 105639, 91256, 1043, 109068, 7709, 88345]"
113698,"[54742, 105121, 56798, 103331, 106116, 47515, 61096, 13303, 5654, 38399]"
113699,"[90398, 96948, 106380, 2869, 50062, 46690, 68583, 86067, 93166, 71376]"
113700,"[103967, 29050, 100739, 106351, 84662, 11253, 94312, 90176, 19011, 106300]"
113701,"[32879, 48669, 106221, 21548, 91868, 77276, 58311, 44967, 44425, 18040]"
113702,"[15773, 13328, 86389, 73972, 59215, 88632, 103873, 72498, 78366, 4715]"
113703,"[101803, 50286, 54175, 55372, 46585, 20477, 10490, 64735, 44316, 4296]"
113704,"[18899, 34367, 58211, 84209, 35304, 36483, 28368, 107958, 104541, 70039]"
113705,"[59927, 85868, 31218, 37254, 75101, 85410, 37694, 102640, 5618, 5626]"
113706,"[49817, 16763, 33586, 67534, 73103, 13189, 52578, 81252, 50565, 96724]"
113707,"[18251, 62817, 30895, 74027, 34855, 95234, 10338, 75594, 52085, 47773]"
113708,"[94171, 101257, 53340, 11089, 78296, 31500, 63536, 64446, 109613, 102886]"
113709,"[80873, 86767, 65899, 72636, 25615, 109400, 63793, 61599, 89542, 22306]"
113710,"[3938, 72059, 38206, 61473, 56004, 29741, 29408, 66670, 13819, 37111]"
113711,"[59216, 22796, 46423, 52860, 108281, 75062, 104824, 14539, 65946, 12359]"
113712,"[54891, 69239, 91080, 85918, 74535, 94235, 39512, 80121, 72418, 96113]"
113713,"[28116, 7694, 58688, 6934, 13693, 11074, 90780, 36177, 3605, 109418]"
113714,"[67698, 179, 38530, 36966, 84655, 81530, 64113, 51475, 73485, 8573]"
113715,"[9163, 85574, 33058, 62292, 107577, 79093, 33850, 28363, 47771, 29224]"
113716,"[44369, 105199, 38828, 64062, 38271, 92548, 58036, 104979, 14278, 9275]"
113717,"[47957, 5530, 15566, 36905, 35619, 42830, 21412, 11615, 107750, 67362]"
113718,"[37570, 81557, 104450, 36349, 6982, 93919, 81212, 39766, 66825, 86315]"
113719,"[65132, 20141, 54294, 101101, 83428, 101543, 17649, 5946, 86616, 27076]"
113720,"[50736, 68082, 19535, 1345, 25077, 85583, 73192, 80081, 7226, 36483]"
113721,"[46134, 10566, 8033, 29245, 701, 104326, 40756, 44930, 21197, 86163]"
113722,"[106727, 66972, 71948, 81467, 67998, 96594, 28513, 102554, 25951, 99816]"
113723,"[84955, 16326, 107880, 85522, 57898, 52218, 5277, 32051, 83690, 60908]"
113724,"[21088, 38705, 60999, 25234, 27179, 38912, 75840, 19865, 18618, 64275]"
113725,"[91675, 64225, 72141, 62914, 35241, 91162, 8581, 24896, 4711, 818]"
113726,"[46288, 61833, 105041, 72244, 42962, 96040, 101986, 7064, 49504, 81924]"
113727,"[11420, 18401, 109342, 44013, 54292, 12147, 102894, 94859, 92342, 35018]"
113728,"[86835, 62519, 69382, 92324, 53813, 66087, 92658, 21560, 32405, 35204]"
113729,"[77119, 53074, 11531, 105780, 20360, 75303, 73266, 66032, 73474, 7685]"
113730,"[94620, 29470, 31503, 61103, 40416, 79385, 108116, 45000, 31540, 14079]"
113731,"[11249, 63286, 97067, 12695, 10281, 88896, 104088, 23369, 76423, 73520]"
113732,"[74169, 61672, 72318, 106423, 102093, 52854, 49074, 95151, 11102, 81144]"
113733,"[8666, 77450, 73628, 98298, 29455, 26781, 31242, 86090, 68042, 5556]"
113734,"[88591, 27477, 43282, 76277, 63302, 69854, 84577, 9300, 22144, 28869]"
113735,"[57807, 27231, 67287, 87757, 101052, 735, 13803, 3077, 68608, 99282]"
113736,"[14480, 24358, 70511, 12704, 76646, 39918, 62718, 102667, 47521, 108827]"
113737,"[35346, 22996, 78294, 52392, 35468, 65311, 36080, 52423, 56635, 19138]"
113738,"[99187, 16591, 27436, 8675, 4045, 24703, 12218, 80142, 36278, 42711]"
113739,"[86320, 62430, 101053, 80967, 18584, 30969, 25878, 19310, 37900, 32625]"
113740,"[43103, 67806, 55810, 97108, 42317, 9720, 101484, 44583, 45273, 56219]"
113741,"[77921, 32981, 22102, 52664, 95755, 41835, 44973, 98849, 15635, 66356]"
113742,"[31880, 71484, 109488, 11411, 47493, 76739, 60837, 54676, 98096, 89577]"
113743,"[1185, 97575, 109526, 16124, 3870, 27222, 50970, 32300, 75705, 1191]"
113744,"[89873, 26554, 93136, 49807, 40728, 70192, 82165, 97547, 76649, 84779]"
113745,"[19215, 2639, 32931, 1090, 2512, 57361, 22943, 35942, 33306, 7497]"
113746,"[71818, 105341, 78534, 49481, 89646, 92630, 83371, 93282, 25610, 93745]"
113747,"[63380, 109131, 84046, 67853, 27050, 108977, 3574, 11148, 19294, 34609]"
113748,"[19522, 105419, 35801, 3041, 43470, 53204, 47419, 18805, 10215, 62248]"
113749,"[4204, 106013, 739, 33743, 32106, 54059, 26223, 29742, 63008, 92174]"
113750,"[104414, 58227, 48804, 98527, 90195, 98489, 79195, 96818, 53131, 37914]"
113751,"[6486, 54519, 69683, 68153, 76169, 92486, 27769, 33642, 69896, 73625]"
113752,"[25711, 17924, 56816, 65813, 85586, 45223, 58111, 27087, 108222, 14175]"
113753,"[62116, 74222, 30958, 31103, 95929, 15768, 105805, 40905, 65932, 73384]"
113754,"[105964, 72540, 86292, 69772, 27321, 77972, 12816, 92058, 70277, 37693]"
113755,"[74739, 47829, 28736, 67010, 11234, 37284, 96134, 36275, 30153, 44217]"
113756,"[40186, 27905, 20621, 98590, 78226, 108032, 7345, 77267, 78779, 14990]"
113757,"[23487, 46382, 86936, 89066, 52564, 62492, 74578, 48809, 92136, 101474]"
113758,"[36101, 75411, 53197, 90203, 84552, 28266, 43430, 3163, 49342, 10346]"
113759,"[93105, 90439, 105738, 13314, 97226, 10784, 59832, 10080, 48358, 47167]"
113760,"[98995, 74937, 1053, 10551, 25608, 6191, 108020, 36754, 41918, 99544]"
113761,"[59548, 28153, 35486, 12785, 85572, 100625, 28864, 93182, 84518, 105180]"
113762,"[20058, 83478, 33445, 101145, 72457, 98715, 67211, 108167, 81645, 51891]"
113763,"[5259, 55071, 77776, 39701, 34496, 85247, 56107, 8216, 105163, 69977]"
113764,"[56476, 64920, 58124, 26284, 58554, 49970, 64971, 58306, 89915, 108603]"
113765,"[93563, 4051, 34467, 38309, 106216, 17104, 21213, 24048, 100912, 68574]"
113766,"[19147, 61795, 1251, 79936, 36120, 73138, 21946, 52165, 69961, 29679]"
113767,"[93229, 1025, 61080, 49924, 94305, 59754, 3634, 14638, 106805, 24858]"
113768,"[19973, 21113, 8499, 90673, 51449, 6472, 106831, 15617, 12107, 70530]"
113769,"[34563, 46719, 76638, 75982, 9916, 55129, 4369, 29287, 97148, 30985]"
113770,"[18, 88190, 78074, 78434, 63092, 84375, 20616, 41428, 73489, 29923]"
113771,"[47010, 78148, 35315, 99913, 85473, 25176, 97459, 86831, 100955, 36874]"
113772,"[62362, 35441, 6887, 107495, 85748, 70065, 70982, 75928, 54638, 105272]"
113773,"[104233, 2519, 90035, 45017, 96030, 83589, 73616, 84523, 90464, 42342]"
113774,"[15686, 71012, 63539, 48113, 89228, 102166, 44087, 95537, 21562, 75722]"
113775,"[86582, 27209, 56302, 3361, 49689, 40647, 90168, 93361, 107722, 23703]"
113776,"[91163, 75535, 95568, 49690, 65430, 17956, 41209, 82098, 46342, 73954]"
113777,"[20478, 11227, 74360, 43458, 74349, 77336, 3516, 27016, 70950, 49181]"
113778,"[100042, 77814, 11060, 18695, 18467, 69981, 97666, 58245, 35663, 1009]"
113779,"[2810, 109660, 66873, 32078, 37799, 27357, 90419, 103701, 4635, 1279]"
113780,"[35853, 95460, 58626, 16074, 65850, 42320, 18321, 97238, 82130, 15413]"
113781,"[9095, 105026, 15828, 56816, 29456, 50213, 95920, 54301, 18960, 79037]"
113782,"[31534, 103129, 57381, 27640, 99696, 87681, 23116, 95779, 48537, 1906]"
113783,"[22745, 103854, 106648, 33248, 64934, 67725, 20463, 69093, 103407, 7093]"
113784,"[63062, 55168, 9367, 86945, 32289, 7289, 93083, 84294, 102275, 16587]"
113785,"[37607, 28837, 26783, 56235, 11460, 38028, 47824, 32810, 91556, 71558]"
113786,"[23669, 36544, 79359, 104449, 21096, 39264, 49171, 86919, 6260, 107181]"
113787,"[39856, 100389, 84822, 54169, 64757, 52493, 91364, 50545, 55481, 71152]"
113788,"[42934, 77771, 22140, 36332, 54331, 104076, 74201, 7326, 55364, 80368]"
113789,"[32350, 55785, 54342, 25807, 106877, 68025, 1610, 63325, 44037, 55921]"
113790,"[61334, 47833, 46125, 30727, 67039, 58070, 92673, 82884, 86112, 63136]"
113791,"[42845, 90082, 72561, 7562, 73601, 106137, 59890, 94288, 2129, 19971]"
113792,"[102187, 39634, 71254, 75670, 26595, 95973, 5082, 78826, 25148, 14591]"
113793,"[2298, 3572, 1844, 93546, 9366, 75948, 637, 19736, 9120, 95878]"
113794,"[5959, 9561, 15532, 104260, 42537, 16379, 33154, 42689, 18146, 91452]"
113795,"[89220, 76282, 23024, 81985, 15954, 3866, 67955, 9808, 34309, 62579]"
113796,"[56526, 68181, 108714, 58210, 41500, 105096, 13075, 35997, 84113, 104043]"
113797,"[16998, 17241, 59464, 95544, 70292, 64981, 57066, 2445, 8253, 102653]"
113798,"[48990, 88364, 7273, 32713, 81127, 66263, 23211, 561, 2920, 30991]"
113799,"[57357, 51389, 101714, 44645, 96405, 29168, 52035, 62871, 13472, 58903]"
113800,"[104436, 54009, 41426, 19684, 81383, 39150, 81369, 94233, 108452, 51833]"
113801,"[48857, 71, 16860, 26952, 62227, 32404, 32052, 2811, 91956, 46676]"
113802,"[47775, 13216, 52392, 35346, 78294, 22996, 105082, 52037, 12777, 20770]"
113803,"[24930, 7825, 79044, 27595, 105396, 11697, 78298, 44298, 22036, 41750]"
113804,"[97603, 70364, 3835, 93231, 44019, 86390, 94303, 108502, 8422, 70763]"
113805,"[92418, 44517, 106897, 75547, 37267, 22950, 56165, 68707, 38138, 17508]"
113806,"[83145, 59677, 59233, 88969, 97532, 86402, 17798, 99205, 35582, 19458]"
113807,"[8813, 55919, 76566, 81589, 8900, 80034, 22485, 94001, 7718, 102460]"
113808,"[7053, 56003, 109552, 77890, 252, 91745, 19546, 23802, 11013, 99861]"
113809,"[101089, 93162, 29513, 55780, 50556, 72537, 108565, 27868, 74412, 14868]"
113810,"[73405, 105037, 42995, 102985, 71664, 54534, 49259, 84116, 94313, 94071]"
113811,"[13278, 82819, 58527, 37986, 98371, 43521, 11991, 108453, 97587, 108875]"
113812,"[11265, 10422, 15080, 32922, 50840, 104134, 38397, 41859, 69995, 6848]"
113813,"[36980, 17129, 100278, 56398, 86036, 105313, 53693, 4422, 79341, 53923]"
113814,"[68811, 28248, 81565, 79934, 88744, 86793, 44048, 62048, 23032, 61716]"
113815,"[42634, 103215, 68547, 103752, 100219, 46126, 53593, 8257, 107236, 4431]"
113816,"[29420, 103549, 49181, 64206, 13393, 49831, 42100, 71486, 45846, 41102]"
113817,"[28291, 96837, 63120, 66865, 74086, 91365, 27091, 36572, 86553, 69954]"
113818,"[10359, 28756, 28349, 82253, 24519, 5879, 103234, 35473, 17846, 98878]"
113819,"[10342, 2200, 79077, 88386, 48795, 89860, 99409, 6414, 79829, 107628]"
113820,"[103871, 39649, 31666, 59341, 21483, 10796, 80401, 48485, 95329, 79551]"
113821,"[58064, 41148, 17708, 96756, 51053, 90078, 57065, 40188, 59935, 204]"
113822,"[29441, 44539, 47301, 5854, 21210, 75189, 39151, 39823, 76095, 66361]"
113823,"[102150, 40554, 66914, 13212, 21283, 6924, 38990, 30903, 28002, 28519]"
113824,"[87941, 68619, 66943, 72163, 81844, 95237, 83625, 4968, 105534, 94477]"
113825,"[5693, 82319, 60092, 34545, 73129, 63542, 95534, 49983, 51595, 88526]"
113826,"[84640, 91338, 34090, 102796, 107918, 6259, 107448, 46018, 49879, 63275]"
113827,"[7317, 57215, 87107, 77907, 79996, 66974, 87439, 22288, 101712, 19456]"
113828,"[2832, 99154, 12684, 109758, 96133, 20659, 63466, 87256, 21770, 21479]"
113829,"[82747, 94706, 108041, 90085, 79547, 76237, 64044, 8963, 83184, 29222]"
113830,"[70846, 9184, 36461, 83644, 109761, 107418, 67481, 22803, 10549, 103252]"
113831,"[61307, 42177, 73109, 92173, 85710, 9816, 20337, 13729, 32704, 75882]"
113832,"[8085, 60141, 29003, 52649, 29368, 29867, 42889, 48605, 83830, 96193]"
113833,"[103018, 41369, 57395, 78900, 58890, 11862, 6425, 79045, 11192, 17651]"
113834,"[47111, 65093, 37842, 21317, 106161, 53590, 25267, 96695, 29237, 76041]"
113835,"[78174, 45914, 95241, 63198, 65724, 7981, 70335, 54215, 69694, 87620]"
113836,"[55634, 108638, 40481, 75026, 16772, 66865, 86095, 39731, 83934, 25658]"
113837,"[908, 5143, 23526, 39913, 43551, 32913, 4030, 37400, 107233, 13161]"
113838,"[101818, 23048, 8640, 23427, 16114, 104470, 17424, 19212, 16404, 98549]"
113839,"[108148, 10276, 34051, 64789, 20825, 104445, 88471, 72683, 61058, 64236]"
113840,"[54230, 102510, 98413, 15271, 44791, 66199, 107087, 3903, 98084, 40846]"
113841,"[8341, 3964, 62258, 61114, 25171, 52605, 48736, 95989, 65873, 2685]"
113842,"[63423, 3289, 14393, 158, 65618, 5228, 15488, 81317, 34821, 108995]"
113843,"[13011, 88571, 17190, 59588, 34286, 39854, 52189, 68157, 37008, 50605]"
113844,"[66448, 35760, 56912, 103372, 93846, 34133, 43370, 67397, 42628, 51648]"
113845,"[27353, 102160, 43225, 36098, 19862, 85413, 77440, 48951, 101213, 37258]"
113846,"[18634, 27927, 20996, 35987, 88624, 33453, 10187, 34789, 73316, 14899]"
113847,"[12421, 48432, 50614, 96290, 12547, 60005, 68800, 47251, 106418, 59949]"
113848,"[36534, 86535, 17301, 81538, 87925, 99340, 27717, 88267, 80208, 99702]"
113849,"[75974, 17805, 11488, 45991, 11984, 42383, 88234, 22689, 102948, 70482]"
113850,"[63088, 12993, 59607, 17027, 101706, 81451, 686, 18795, 89278, 96391]"
113851,"[33170, 15247, 59330, 108844, 94459, 2587, 74920, 89653, 103392, 17367]"
113852,"[19691, 45508, 106433, 1078, 70100, 94335, 41681, 89481, 28447, 46448]"
113853,"[19466, 63184, 69481, 33168, 50746, 84561, 50773, 17696, 45475, 23849]"
113854,"[73597, 78147, 56981, 80900, 63812, 8520, 44145, 57321, 75569, 63098]"
113855,"[32470, 8026, 9917, 11536, 19180, 21695, 107238, 9519, 39309, 76313]"
113856,"[85478, 16649, 49473, 30006, 1990, 79606, 42521, 22893, 49243, 103019]"
113857,"[42802, 74775, 69126, 3094, 26229, 75115, 2424, 48115, 50010, 99294]"
113858,"[92979, 83550, 1927, 105651, 36890, 1238, 45766, 38958, 100872, 29878]"
113859,"[81872, 94775, 28448, 11322, 66530, 106165, 109752, 57461, 75528, 53906]"
113860,"[91356, 17452, 63836, 77547, 69409, 90576, 73062, 101643, 2421, 104609]"
113861,"[39302, 45368, 19436, 46558, 103422, 63244, 75420, 87751, 8455, 4536]"
113862,"[42443, 58220, 102068, 77269, 81260, 82490, 62566, 6672, 7645, 40050]"
113863,"[34374, 103882, 35034, 38565, 8108, 59945, 98435, 106596, 71024, 86508]"
113864,"[16179, 11635, 36092, 90929, 31628, 101159, 21029, 26516, 8107, 25546]"
113865,"[99920, 39415, 101821, 23198, 1623, 55103, 46980, 38834, 13749, 96828]"
113866,"[9422, 1046, 33877, 55216, 23322, 41773, 94489, 91539, 15478, 67640]"
113867,"[104350, 60630, 62985, 24435, 73001, 13271, 46599, 32628, 107823, 105663]"
113868,"[91069, 51975, 107671, 3050, 5379, 10559, 106323, 13350, 44246, 16059]"
113869,"[18656, 65255, 18135, 61154, 61918, 45063, 92428, 29509, 89007, 44684]"
113870,"[100022, 83116, 89817, 86097, 60138, 38745, 7053, 64650, 62633, 7140]"
113871,"[20309, 83819, 29775, 98857, 25796, 97123, 25826, 58540, 64716, 65091]"
113872,"[16190, 11114, 60612, 28261, 89421, 105527, 24370, 71870, 46794, 104752]"
113873,"[81578, 84281, 35423, 17590, 42943, 68733, 29370, 88669, 79987, 61029]"
113874,"[78865, 97135, 5228, 54895, 8827, 33756, 24609, 95470, 23937, 107070]"
113875,"[96539, 94681, 73816, 105413, 77855, 18105, 39513, 26313, 7780, 57939]"
113876,"[40110, 30785, 103013, 101560, 53115, 7458, 72908, 66753, 99290, 72551]"
113877,"[27956, 101019, 59627, 98236, 20938, 69582, 76707, 45116, 55556, 53934]"
113878,"[85321, 96614, 90364, 22431, 97156, 8986, 109133, 35781, 37872, 36543]"
113879,"[67931, 44253, 31129, 89276, 67095, 51583, 40889, 71244, 6663, 44852]"
113880,"[24580, 94866, 25724, 31919, 82484, 60799, 6395, 22673, 54766, 31865]"
113881,"[52406, 92529, 72551, 2867, 108248, 75534, 13620, 45372, 89824, 79768]"
113882,"[79582, 53118, 70910, 66504, 9744, 77393, 7224, 101671, 77767, 96531]"
113883,"[78618, 59204, 85469, 42434, 37099, 46977, 46658, 59962, 60810, 69235]"
113884,"[55927, 72680, 96306, 16838, 14532, 106216, 83872, 21937, 11533, 80717]"
113885,"[44318, 71904, 91982, 6981, 3599, 90915, 51823, 80524, 14718, 21682]"
113886,"[78640, 23021, 20852, 5919, 71829, 69802, 90333, 61562, 105789, 88708]"
113887,"[53915, 78115, 64180, 38684, 95811, 47094, 100704, 64176, 8248, 73808]"
113888,"[77322, 101112, 24974, 81061, 5204, 1468, 72771, 22080, 70828, 4529]"
113889,"[99005, 10110, 81050, 68995, 47734, 14784, 100561, 4287, 68580, 14365]"
113890,"[24844, 50010, 48115, 78066, 84700, 90223, 56767, 19500, 2682, 98589]"
113891,"[50621, 88083, 90868, 58335, 106698, 48727, 41764, 22750, 61064, 104254]"
113892,"[4816, 19583, 11365, 45697, 80867, 61254, 15091, 17628, 36045, 85657]"
113893,"[76727, 22235, 62050, 43881, 62116, 74222, 6582, 66372, 62141, 30958]"
113894,"[84030, 65764, 46889, 65682, 55936, 71266, 108483, 21425, 48975, 7407]"
113895,"[84998, 27506, 96522, 48854, 72382, 72010, 71933, 5456, 5368, 12092]"
113896,"[39564, 81075, 72927, 25884, 65313, 94064, 31265, 54308, 15400, 82104]"
113897,"[1590, 22617, 9611, 2569, 81790, 84929, 77512, 57855, 50353, 76314]"
113898,"[99340, 70756, 24654, 58862, 108720, 106905, 61608, 70540, 101616, 79564]"
113899,"[567, 48144, 76484, 100277, 73726, 40043, 64045, 40491, 5366, 40687]"
113900,"[54228, 7155, 74853, 29537, 50898, 109129, 61322, 39890, 81521, 72987]"
113901,"[69299, 10072, 98448, 10347, 36837, 107570, 60189, 69591, 9418, 83692]"
113902,"[30776, 44266, 64173, 67940, 87442, 85189, 35064, 64069, 44677, 84278]"
113903,"[95615, 42822, 30530, 53892, 98100, 39616, 65421, 59441, 76943, 93801]"
113904,"[30601, 1775, 99882, 71670, 60138, 68882, 61512, 9307, 33271, 9884]"
113905,"[77842, 58141, 50775, 46363, 94216, 103026, 16069, 5460, 79123, 87734]"
113906,"[67291, 16208, 69143, 94235, 67183, 1041, 20880, 9408, 78962, 37223]"
113907,"[28823, 20206, 79756, 37735, 6910, 108107, 88074, 104369, 96978, 23961]"
113908,"[93009, 76322, 32883, 90823, 18022, 31505, 44139, 19864, 56614, 251]"
113909,"[53853, 66325, 25997, 69517, 43452, 77790, 71975, 108215, 537, 50036]"
113910,"[84968, 34286, 59588, 77244, 43222, 67420, 51255, 73834, 59248, 36768]"
113911,"[8042, 53344, 65618, 8136, 60928, 92199, 35723, 26920, 101167, 44023]"
113912,"[62283, 13557, 94784, 41706, 56266, 71658, 28095, 13882, 109619, 19278]"
113913,"[26048, 65563, 68473, 18614, 16274, 21495, 99354, 57460, 16794, 2429]"
113914,"[104139, 35835, 76912, 14256, 10236, 104957, 90726, 15634, 60267, 7623]"
113915,"[41628, 82942, 11781, 89068, 86507, 37082, 51687, 72587, 43926, 23494]"
113916,"[108126, 43642, 39787, 82141, 66291, 34324, 29167, 64205, 102462, 107277]"
113917,"[105462, 78513, 42785, 38736, 5971, 55900, 7727, 76261, 41524, 25728]"
113918,"[55530, 87901, 49721, 44608, 102748, 18071, 90069, 89865, 16523, 59131]"
113919,"[37957, 17223, 38073, 12320, 96265, 79351, 20162, 6235, 58392, 87005]"
113920,"[68481, 41647, 34581, 20105, 95208, 20511, 47799, 28382, 73020, 74693]"
113921,"[73175, 46227, 75906, 49011, 57536, 55810, 97108, 34863, 63426, 61926]"
113922,"[101657, 35628, 69317, 44587, 30106, 51471, 35519, 40132, 22314, 16252]"
113923,"[74914, 29356, 34848, 26340, 85696, 68270, 75113, 87078, 6305, 73936]"
113924,"[101066, 90075, 6445, 44756, 59463, 87967, 70976, 35014, 105821, 45471]"
113925,"[83954, 12589, 38411, 18349, 107058, 90390, 19389, 29427, 95737, 102713]"
113926,"[34891, 84935, 101098, 106592, 41698, 28212, 88099, 67770, 69211, 11397]"
113927,"[103472, 5551, 106130, 54346, 47077, 71058, 73568, 86331, 73372, 98050]"
113928,"[71960, 35606, 11670, 68257, 78420, 38948, 2618, 7561, 23536, 65328]"
113929,"[3611, 51706, 51361, 84125, 93217, 98490, 64467, 102660, 106495, 16332]"
113930,"[101486, 12056, 42110, 82887, 14033, 82612, 66768, 47487, 39894, 31729]"
113931,"[103381, 85718, 93029, 54722, 89523, 97849, 39932, 6794, 34991, 59515]"
113932,"[84216, 34863, 90902, 34405, 94850, 61471, 73175, 14164, 35860, 57316]"
113933,"[79936, 36120, 107201, 106781, 61795, 102833, 62018, 14270, 27406, 87146]"
113934,"[4906, 79573, 36880, 78686, 8217, 74794, 72666, 82171, 79094, 18997]"
113935,"[95613, 77579, 45672, 15103, 59206, 47367, 76408, 74776, 23613, 76584]"
113936,"[2923, 62569, 8469, 18638, 63449, 45700, 69695, 72978, 106732, 103743]"
113937,"[105550, 33005, 28862, 109412, 46119, 34267, 13491, 89429, 75314, 91625]"
113938,"[38294, 102286, 55739, 35638, 57305, 98118, 86153, 21482, 9454, 86045]"
113939,"[86711, 109105, 482, 81684, 54714, 105741, 85261, 87630, 71959, 102831]"
113940,"[80074, 24656, 76483, 55459, 106897, 12607, 3238, 103811, 102000, 53482]"
113941,"[93028, 80229, 22618, 50397, 72474, 20992, 106202, 26343, 82787, 38025]"
113942,"[92687, 62809, 109620, 80331, 36293, 21335, 65143, 98575, 88233, 25632]"
113943,"[71024, 94251, 12665, 80857, 69507, 101532, 86508, 57308, 45127, 32061]"
113944,"[66736, 7291, 92063, 95536, 29720, 25970, 10944, 41590, 73589, 59522]"
113945,"[77871, 76348, 61698, 26122, 75384, 86812, 1800, 26211, 107477, 46232]"
113946,"[61458, 100611, 69625, 60106, 67104, 62211, 50301, 102429, 89070, 64350]"
113947,"[1049, 42445, 52800, 23270, 82540, 105988, 97498, 54660, 51387, 19570]"
113948,"[47187, 22849, 68752, 11208, 74392, 73253, 3454, 82470, 47831, 58951]"
113949,"[6458, 94240, 80836, 85221, 97986, 75604, 58851, 104953, 93816, 70251]"
113950,"[24362, 70079, 55821, 107912, 60164, 46438, 4708, 58847, 74219, 53410]"
113951,"[103750, 78512, 48932, 96579, 99960, 41154, 50298, 17429, 59754, 3634]"
113952,"[5699, 39556, 14811, 96228, 91734, 51935, 96839, 30226, 5918, 93847]"
113953,"[76149, 26549, 22687, 43950, 39214, 101371, 86695, 29613, 506, 72606]"
113954,"[78100, 33019, 8408, 79196, 93055, 69792, 4094, 37484, 81766, 37140]"
113955,"[48299, 22272, 94416, 71354, 657, 53482, 26595, 104367, 46208, 68887]"
113956,"[8320, 99541, 106276, 89599, 88335, 107896, 33752, 13225, 55707, 99619]"
113957,"[79170, 15059, 53337, 11417, 57849, 2978, 25539, 72115, 56502, 84136]"
113958,"[13300, 95391, 105918, 54310, 4048, 63206, 56773, 19970, 87394, 25930]"
113959,"[32996, 2598, 12360, 69761, 62816, 98818, 99182, 91539, 67640, 46352]"
113960,"[34063, 108523, 8907, 88958, 102376, 71242, 89214, 59363, 24233, 61197]"
113961,"[93613, 73697, 74315, 72149, 23307, 40568, 82482, 67947, 66938, 46178]"
113962,"[69643, 20411, 70246, 108187, 36304, 77696, 104877, 23860, 96187, 1732]"
113963,"[28817, 21891, 46920, 75025, 8620, 65151, 19891, 76596, 78321, 90578]"
113964,"[23995, 1855, 2066, 10499, 101166, 6408, 45312, 106697, 13126, 106984]"
113965,"[57383, 54857, 70043, 104256, 31845, 86346, 65028, 9287, 21812, 68089]"
113966,"[73679, 91798, 54161, 70454, 60428, 25128, 96168, 49578, 61393, 32171]"
113967,"[80283, 99809, 8579, 84903, 29498, 31932, 44009, 107148, 60065, 49781]"
113968,"[46436, 7197, 24490, 22960, 50120, 99342, 7843, 37180, 18128, 68985]"
113969,"[64106, 6781, 30892, 10698, 75220, 4308, 107005, 93796, 53814, 35277]"
113970,"[39224, 59697, 11135, 75553, 49490, 1095, 33333, 35175, 64292, 82453]"
113971,"[54370, 70259, 73879, 19172, 89210, 54869, 1116, 93191, 94116, 87560]"
113972,"[95984, 36158, 56180, 101197, 82767, 58717, 32599, 72935, 45380, 16576]"
113973,"[67704, 19644, 3037, 102511, 4798, 85950, 46989, 30578, 62022, 104886]"
113974,"[31481, 51687, 58592, 89068, 101922, 5144, 73403, 305, 29486, 41628]"
113975,"[13843, 13081, 4448, 4272, 10041, 7111, 25996, 80016, 108916, 106699]"
113976,"[77440, 43225, 102160, 27353, 85413, 36098, 19862, 22410, 69132, 37258]"
113977,"[16368, 51049, 17604, 44668, 1254, 8295, 32024, 75044, 81372, 74971]"
113978,"[43954, 74573, 5547, 58188, 73744, 32897, 37372, 7900, 91348, 72241]"
113979,"[92856, 104709, 80855, 74499, 51690, 56790, 49306, 6950, 89640, 90156]"
113980,"[39285, 107183, 75130, 33903, 82626, 67308, 38702, 72479, 100177, 87716]"
113981,"[50298, 21544, 14638, 57271, 5681, 66334, 102564, 3634, 106805, 107531]"
113982,"[104872, 106994, 27918, 41266, 69494, 95610, 1987, 11704, 44436, 13801]"
113983,"[81603, 87389, 66645, 43583, 23482, 20424, 19890, 9183, 108977, 13134]"
113984,"[75020, 95485, 43162, 65766, 47057, 13253, 99610, 97971, 74984, 30588]"
113985,"[71950, 41680, 37964, 62580, 3807, 77670, 79407, 85417, 79531, 84566]"
113986,"[96217, 51003, 87191, 9763, 5480, 38971, 93451, 59992, 44716, 85713]"
113987,"[32222, 8849, 94844, 31717, 8064, 107527, 97183, 67286, 101417, 26686]"
113988,"[93091, 28181, 69407, 94566, 80255, 32800, 23591, 41054, 25750, 97770]"
113989,"[100465, 10097, 78683, 49256, 10914, 16553, 63792, 4819, 75453, 100033]"
113990,"[4147, 68569, 64545, 100865, 108286, 106529, 58575, 99986, 63195, 62628]"
113991,"[105388, 73668, 48503, 90469, 65331, 48457, 50478, 25279, 4908, 11644]"
113992,"[2381, 56100, 86100, 67396, 63982, 87814, 75179, 60447, 2669, 37011]"
113993,"[93915, 29193, 86018, 23994, 12612, 18575, 9429, 21051, 76280, 31426]"
113994,"[101439, 2749, 86714, 24406, 47139, 34536, 27269, 289, 39742, 50948]"
113995,"[69938, 43692, 57226, 43835, 48622, 65960, 100352, 33880, 64577, 35767]"
113996,"[60135, 70103, 70133, 46000, 75776, 36035, 97636, 3885, 9399, 17165]"
113997,"[35891, 58038, 44220, 44079, 58118, 78346, 5657, 70620, 22533, 92701]"
113998,"[76846, 13563, 88145, 94355, 82355, 39171, 7191, 107904, 37323, 10653]"
113999,"[32922, 50840, 11265, 53968, 58754, 82898, 37133, 57753, 98599, 75354]"
114000,"[97893, 50083, 28011, 51304, 63555, 7809, 84057, 743, 23446, 61284]"
114001,"[56955, 105925, 36181, 9572, 71175, 106705, 66587, 22030, 13747, 79826]"
114002,"[24376, 16732, 104741, 65536, 88647, 72870, 70956, 48796, 24164, 53025]"
114003,"[56200, 10365, 92466, 849, 75247, 103146, 61903, 13571, 98551, 33879]"
114004,"[14140, 75127, 101450, 57694, 39512, 4441, 26579, 35412, 45230, 93782]"
114005,"[79934, 28248, 68811, 98389, 102762, 65681, 62934, 8671, 66938, 17112]"
114006,"[91719, 48781, 64682, 108595, 103119, 14285, 73820, 12443, 8881, 3599]"
114007,"[59600, 6974, 14415, 30249, 83616, 55008, 48054, 15110, 90734, 82686]"
114008,"[41312, 39146, 40703, 57009, 36352, 16861, 61831, 56518, 84429, 2558]"
114009,"[23238, 26483, 48779, 53764, 35274, 71788, 96928, 92281, 106946, 84704]"
114010,"[104684, 71962, 52551, 51116, 34311, 3120, 53533, 64584, 55556, 78214]"
114011,"[90210, 16654, 2867, 108248, 68001, 11393, 14668, 64236, 10276, 26412]"
114012,"[100510, 82383, 92718, 67365, 34554, 53977, 71720, 104391, 89671, 57499]"
114013,"[21041, 96012, 55922, 48801, 88347, 37063, 54372, 42446, 62971, 47824]"
114014,"[46645, 29186, 31085, 83118, 34356, 101793, 57626, 60290, 97338, 97539]"
114015,"[23133, 101775, 1040, 57147, 108548, 70260, 22390, 51199, 57700, 46773]"
114016,"[89102, 44245, 90229, 17505, 51845, 17574, 63608, 101748, 32110, 14216]"
114017,"[35609, 21382, 33423, 22042, 27180, 53703, 105498, 34443, 79258, 13950]"
114018,"[21697, 42034, 66963, 97443, 105318, 34388, 20121, 77980, 106952, 42890]"
114019,"[86394, 104650, 28673, 89322, 73451, 46771, 63520, 96054, 105551, 62055]"
114020,"[58359, 26293, 59077, 11911, 68132, 40532, 107416, 38576, 82663, 53871]"
114021,"[82529, 65933, 71207, 99450, 91946, 32136, 73991, 80991, 11261, 78256]"
114022,"[31904, 7343, 19020, 12569, 96536, 103688, 45576, 34911, 64420, 38015]"
114023,"[94439, 28865, 11430, 60601, 14288, 15397, 17868, 108226, 34826, 86756]"
114024,"[87268, 12087, 21606, 86503, 30939, 72905, 17724, 106346, 5729, 100453]"
114025,"[100923, 7079, 15761, 108406, 76095, 15601, 95349, 24183, 79277, 81648]"
114026,"[55467, 87857, 72516, 108791, 33084, 29256, 63539, 29778, 25501, 79623]"
114027,"[18671, 72092, 44058, 1967, 90409, 10307, 49562, 45007, 65839, 12436]"
114028,"[69753, 77416, 56045, 87156, 85509, 46259, 64548, 20648, 31911, 82850]"
114029,"[70235, 98858, 81200, 54701, 1008, 62542, 56723, 100405, 73685, 74954]"
114030,"[66234, 87099, 76269, 98799, 57982, 73733, 24997, 12317, 15798, 77729]"
114031,"[73291, 107794, 18643, 53034, 36304, 84082, 105016, 94049, 53988, 32402]"
114032,"[98834, 51472, 90581, 87128, 59054, 15095, 48246, 63761, 75645, 87746]"
114033,"[17443, 37476, 102951, 51002, 12947, 27727, 41799, 53325, 34923, 10227]"
114034,"[103771, 105050, 22603, 28437, 90077, 50227, 107615, 11226, 96684, 35651]"
114035,"[66228, 12741, 37599, 39164, 9170, 93232, 85401, 1165, 55086, 32542]"
114036,"[73208, 72832, 5032, 104297, 28760, 73992, 80947, 103551, 20054, 54698]"
114037,"[84909, 66916, 55603, 87900, 55194, 71478, 20778, 55749, 36336, 58159]"
114038,"[102610, 4404, 88507, 1370, 85947, 60772, 72049, 66436, 25891, 32522]"
114039,"[41408, 25941, 4251, 80984, 40646, 52071, 94656, 81835, 42834, 69242]"
114040,"[46751, 73266, 35016, 77395, 60940, 11531, 69069, 8684, 42439, 76974]"
114041,"[86897, 3179, 4792, 36353, 108287, 78903, 106364, 91944, 20864, 41515]"
114042,"[70493, 97618, 11185, 28463, 109127, 51268, 59118, 80532, 25506, 86973]"
114043,"[47968, 86682, 40007, 106040, 74768, 72161, 72858, 51215, 71654, 16083]"
114044,"[59412, 10687, 77069, 54634, 8297, 19110, 15660, 101430, 40753, 98499]"
114045,"[47994, 35256, 91991, 104316, 56868, 54963, 49742, 8884, 71069, 2691]"
114046,"[43708, 24135, 62900, 19226, 50157, 34502, 34396, 95002, 81349, 103823]"
114047,"[51018, 32699, 71700, 95949, 65706, 97172, 100545, 5624, 18445, 72627]"
114048,"[80655, 23820, 61535, 84435, 14403, 32241, 73058, 109293, 43114, 38550]"
114049,"[19754, 46050, 71687, 94497, 76539, 4153, 53909, 59570, 28389, 45692]"
114050,"[22967, 8708, 93186, 76149, 91745, 43576, 27452, 36216, 43915, 72606]"
114051,"[103457, 98839, 10688, 106413, 46507, 42633, 56193, 83088, 80319, 60826]"
114052,"[71734, 1453, 31045, 58396, 75259, 97652, 33987, 76152, 3056, 73397]"
114053,"[23225, 42831, 106071, 29510, 16391, 88634, 97513, 14586, 31416, 4786]"
114054,"[54664, 47301, 7617, 15761, 103140, 93773, 50726, 49496, 4878, 33352]"
114055,"[37138, 100465, 78683, 49096, 7471, 39387, 37212, 59081, 73464, 60466]"
114056,"[100268, 1224, 73344, 81625, 51663, 95094, 89306, 11474, 88771, 99864]"
114057,"[13504, 35154, 32980, 1675, 3664, 10262, 61491, 107152, 107740, 79005]"
114058,"[81653, 23042, 103855, 80628, 21194, 16834, 84248, 10612, 43071, 47048]"
114059,"[28055, 52599, 104509, 78308, 5181, 101057, 40347, 106460, 93499, 52264]"
114060,"[59915, 6886, 32390, 67003, 24435, 104350, 73001, 62985, 60630, 46524]"
114061,"[41672, 23097, 39927, 100197, 24753, 97094, 77816, 12561, 105810, 46991]"
114062,"[104784, 14827, 23975, 75987, 102870, 104081, 46943, 101875, 71005, 44008]"
114063,"[22169, 32634, 88159, 42321, 65379, 106334, 25850, 95367, 14268, 57541]"
114064,"[80089, 58139, 43805, 97054, 98190, 33892, 31693, 29293, 48095, 95860]"
114065,"[63402, 73265, 71433, 73974, 72430, 68516, 98844, 41844, 9627, 100390]"
114066,"[26194, 18385, 81641, 28985, 17552, 59162, 23413, 82554, 53385, 60729]"
114067,"[68330, 69977, 85089, 96399, 35224, 93695, 9980, 34496, 102214, 76682]"
114068,"[22341, 17898, 7139, 33446, 88548, 10198, 54791, 6738, 53715, 105694]"
114069,"[2409, 17930, 9089, 95458, 7529, 6564, 16578, 32068, 104213, 106484]"
114070,"[29473, 76548, 34294, 7168, 77738, 18918, 103311, 72493, 50690, 97613]"
114071,"[81319, 105870, 36221, 10599, 62695, 38170, 92650, 3984, 29789, 76054]"
114072,"[102981, 60720, 1990, 18699, 43488, 71583, 35057, 55549, 81789, 87506]"
114073,"[71252, 32633, 17172, 91235, 10535, 102412, 67774, 24303, 92207, 48525]"
114074,"[75155, 21933, 6046, 34902, 1708, 3777, 44333, 92543, 14727, 42033]"
114075,"[12102, 93341, 89688, 99915, 4967, 88559, 93945, 27164, 90202, 44007]"
114076,"[12152, 50101, 45702, 51327, 103111, 22505, 87224, 22300, 16237, 41062]"
114077,"[2038, 71744, 39528, 3868, 5048, 26533, 67862, 65372, 62956, 4559]"
114078,"[15671, 16767, 12111, 91941, 99351, 108643, 75634, 56598, 41561, 2327]"
114079,"[59354, 53303, 68718, 49502, 21972, 35277, 12418, 90912, 86343, 82272]"
114080,"[77815, 101231, 100250, 19845, 38078, 41451, 86282, 30503, 38445, 33655]"
114081,"[80378, 7786, 95052, 5877, 61155, 78097, 63615, 107339, 60632, 90002]"
114082,"[85974, 87101, 62059, 84441, 25140, 71859, 44095, 81170, 109201, 58711]"
114083,"[97737, 100171, 29460, 95071, 9310, 109039, 16754, 72697, 72040, 69184]"
114084,"[10765, 17933, 11833, 87399, 1594, 54826, 89595, 36547, 106644, 63559]"
114085,"[19320, 24515, 1197, 3275, 18754, 67586, 79315, 105360, 54969, 69264]"
114086,"[79490, 32062, 50028, 24048, 14725, 10268, 9922, 100912, 98584, 68574]"
114087,"[18270, 46301, 34864, 59935, 53596, 53912, 40188, 57065, 74123, 53987]"
114088,"[86172, 37450, 59723, 82926, 5044, 74722, 71348, 99234, 54278, 106802]"
114089,"[42248, 60803, 12389, 77392, 16466, 105457, 67652, 56006, 36931, 102926]"
114090,"[5980, 101173, 96610, 48086, 49909, 52931, 2493, 89179, 96823, 74663]"
114091,"[65815, 30292, 87380, 29822, 72104, 87041, 29736, 82371, 88796, 68357]"
114092,"[88441, 8991, 76339, 30148, 23185, 14442, 51990, 60253, 102776, 35488]"
114093,"[49863, 12208, 92367, 59590, 1694, 85854, 75489, 39950, 83421, 89548]"
114094,"[30584, 48456, 69449, 79396, 2752, 100779, 11999, 65072, 16534, 91207]"
114095,"[89095, 72724, 62961, 70219, 72667, 84120, 50479, 73651, 49751, 15395]"
114096,"[32286, 7840, 70354, 34301, 16163, 96899, 22600, 91854, 55543, 10357]"
114097,"[19073, 67662, 41621, 92564, 81214, 87838, 57860, 59763, 44054, 19545]"
114098,"[96243, 90632, 104146, 30092, 34710, 66347, 59964, 88372, 38381, 58809]"
114099,"[13795, 12631, 69507, 31290, 52559, 44657, 94419, 106945, 29007, 80857]"
114100,"[39408, 55811, 10375, 107977, 68835, 6906, 16774, 90052, 55618, 101510]"
114101,"[48482, 69137, 31743, 2292, 3310, 88702, 64568, 19996, 22850, 32987]"
114102,"[3272, 89280, 24204, 80827, 38393, 3332, 20197, 56239, 83457, 51635]"
114103,"[9548, 8661, 89187, 12440, 87415, 72805, 81437, 55075, 101358, 31237]"
114104,"[39651, 108513, 29616, 82453, 69954, 52770, 42219, 16425, 15144, 28862]"
114105,"[65538, 67691, 91461, 54430, 29013, 70628, 31349, 44151, 47877, 80868]"
114106,"[103140, 49295, 83417, 57683, 35039, 88730, 60430, 11576, 81648, 53343]"
114107,"[98402, 7384, 96660, 105892, 93887, 88684, 78809, 63780, 2170, 106032]"
114108,"[70246, 69643, 20411, 108187, 53034, 95398, 96187, 23860, 1732, 104877]"
114109,"[15265, 89602, 23553, 95637, 29704, 2214, 76551, 61083, 116, 108451]"
114110,"[58458, 76895, 49794, 50309, 105114, 90609, 48740, 98718, 63525, 86304]"
114111,"[67197, 55578, 7252, 49128, 100181, 62842, 11437, 4609, 18787, 109398]"
114112,"[9720, 101484, 101644, 51447, 43103, 38281, 45273, 44583, 102747, 5871]"
114113,"[94553, 24058, 97217, 70673, 17882, 26588, 99465, 35545, 25435, 64770]"
114114,"[3979, 58261, 1836, 49634, 85567, 91251, 57368, 23821, 10459, 65207]"
114115,"[87787, 35531, 108149, 42069, 98649, 54303, 106263, 104384, 39640, 59723]"
114116,"[8866, 89848, 4754, 9344, 70673, 17882, 27528, 81975, 89806, 24058]"
114117,"[66765, 1149, 50752, 43963, 31782, 19472, 87551, 93353, 98961, 49164]"
114118,"[29332, 53044, 39735, 75613, 74763, 19054, 33296, 40155, 106171, 80840]"
114119,"[18483, 31895, 72997, 106359, 2750, 107612, 56347, 36340, 61467, 34204]"
114120,"[23490, 6611, 77197, 11429, 58043, 25766, 78477, 19380, 81925, 77656]"
114121,"[46633, 52543, 57973, 3478, 56715, 51902, 12979, 78119, 101708, 59662]"
114122,"[6895, 83047, 84618, 62587, 13232, 61300, 91454, 82638, 16651, 103838]"
114123,"[37661, 103810, 7534, 2220, 44863, 85871, 66927, 69156, 46434, 39322]"
114124,"[11901, 35246, 25785, 94157, 59264, 102884, 84, 25637, 1578, 33485]"
114125,"[28593, 84878, 80199, 6346, 16656, 99413, 49304, 69583, 51682, 56743]"
114126,"[22113, 92420, 26220, 47221, 26715, 25771, 98906, 15789, 7997, 21689]"
114127,"[52476, 36241, 36952, 102239, 1854, 55783, 20945, 52216, 54416, 45797]"
114128,"[6999, 49730, 52144, 328, 25023, 78037, 7461, 6129, 57754, 98172]"
114129,"[46092, 1665, 25517, 14723, 11127, 61065, 82595, 94223, 67887, 13001]"
114130,"[46388, 3331, 38625, 104468, 55151, 9611, 33180, 66857, 97696, 29119]"
114131,"[104611, 4109, 23369, 89956, 63294, 104088, 27553, 15718, 105195, 47117]"
114132,"[69551, 66636, 92730, 106474, 77118, 70616, 56898, 98095, 89355, 106460]"
114133,"[1688, 45273, 88682, 11190, 46227, 15287, 73175, 61926, 63426, 74097]"
114134,"[53776, 96087, 58280, 104542, 86071, 1942, 45519, 81969, 9217, 47858]"
114135,"[71600, 43934, 16837, 8618, 13817, 101545, 97583, 103134, 54069, 99777]"
114136,"[97475, 13884, 60870, 47750, 27982, 16569, 22181, 92200, 25207, 27584]"
114137,"[104953, 22100, 60593, 80836, 32161, 70251, 43375, 21640, 75604, 85221]"
114138,"[75962, 64389, 102614, 18032, 73508, 75051, 99896, 4533, 14866, 102091]"
114139,"[55736, 14764, 69812, 74921, 21865, 4837, 42337, 65244, 30743, 86335]"
114140,"[36618, 89428, 52678, 33599, 53531, 93625, 22539, 384, 104289, 44781]"
114141,"[58778, 3991, 67846, 90965, 10983, 11919, 37819, 53552, 94543, 13894]"
114142,"[45492, 105876, 22262, 13685, 55409, 10429, 13555, 35884, 1676, 33537]"
114143,"[73411, 106575, 65401, 93000, 79468, 17472, 1832, 36091, 6337, 54827]"
114144,"[75607, 56817, 4891, 108727, 79460, 61731, 6702, 65803, 11482, 98150]"
114145,"[31317, 53124, 26231, 17707, 45474, 3546, 73244, 60334, 25021, 40179]"
114146,"[17587, 33860, 43972, 52030, 81556, 38442, 71944, 70149, 17212, 72096]"
114147,"[75192, 44707, 1062, 19284, 77036, 49464, 17689, 35719, 106850, 3281]"
114148,"[34854, 75413, 52631, 23179, 21767, 2545, 18287, 57847, 34092, 65185]"
114149,"[86410, 39853, 58761, 1414, 107552, 1257, 56171, 76623, 91320, 56212]"
114150,"[11009, 12799, 6540, 99948, 36307, 61098, 12650, 47018, 1420, 16534]"
114151,"[70135, 90061, 2829, 56854, 27839, 21543, 60447, 27306, 102771, 12463]"
114152,"[23518, 35770, 11341, 96636, 45862, 92446, 100698, 95961, 44389, 49362]"
114153,"[107116, 30600, 35778, 31370, 87015, 58127, 41132, 867, 80963, 94770]"
114154,"[69127, 14567, 19325, 12315, 56071, 95019, 68337, 103682, 53669, 4450]"
114155,"[40713, 29015, 51909, 28936, 64311, 32906, 97936, 59703, 78106, 84678]"
114156,"[55839, 85902, 69636, 61390, 45958, 45056, 89242, 98820, 55685, 107624]"
114157,"[82679, 8366, 8249, 56204, 31076, 104244, 63892, 53799, 94410, 3057]"
114158,"[16215, 94604, 2391, 11715, 71239, 103138, 102064, 107203, 83546, 59335]"
114159,"[82220, 36575, 25185, 56460, 69577, 2935, 56365, 74305, 99866, 49095]"
114160,"[78725, 77612, 88105, 5271, 95889, 94151, 55251, 40537, 53755, 14825]"
114161,"[85405, 67412, 66534, 48121, 14490, 93401, 94732, 92087, 63118, 28798]"
114162,"[40933, 94962, 58194, 71888, 26954, 103542, 65475, 65371, 8672, 87561]"
114163,"[58166, 48562, 100702, 40231, 18427, 23197, 8072, 97723, 86510, 100298]"
114164,"[41412, 50249, 39749, 21712, 3890, 68549, 55160, 43964, 13892, 52952]"
114165,"[62395, 63181, 4145, 51865, 79896, 101027, 82316, 99547, 98774, 95621]"
114166,"[40272, 94231, 37982, 4459, 87829, 13094, 50533, 41108, 25216, 96110]"
114167,"[76061, 82290, 67565, 66837, 8118, 76223, 49260, 7535, 28827, 106475]"
114168,"[73445, 79698, 15902, 105095, 75520, 33613, 42597, 29858, 73430, 83729]"
114169,"[108349, 107007, 77042, 107392, 38238, 5753, 22414, 30684, 33090, 4749]"
114170,"[98328, 30164, 63357, 59277, 100257, 51090, 39403, 89967, 29753, 108739]"
114171,"[3307, 36598, 63725, 101300, 614, 830, 98585, 70465, 59862, 101822]"
114172,"[18623, 51841, 108636, 39050, 109432, 89768, 71932, 18237, 97189, 95278]"
114173,"[16730, 25193, 55641, 39362, 50612, 19906, 28282, 24116, 44660, 19233]"
114174,"[86037, 58785, 82149, 34495, 75562, 101058, 102502, 69500, 47039, 30669]"
114175,"[48882, 30975, 65898, 27068, 98548, 48561, 32794, 5833, 47680, 39346]"
114176,"[7950, 65744, 44991, 35094, 2645, 5265, 47716, 63453, 33003, 291]"
114177,"[39011, 103671, 100095, 105931, 21594, 78682, 60497, 11288, 12844, 101094]"
114178,"[70862, 55619, 107766, 44536, 23646, 8974, 80023, 12366, 36001, 3837]"
114179,"[79966, 85164, 52710, 105073, 54375, 84012, 32685, 88431, 68553, 85866]"
114180,"[52805, 107267, 52691, 90344, 15951, 12161, 47255, 58235, 9641, 10263]"
114181,"[60628, 82234, 68951, 43653, 75930, 48858, 53578, 31929, 32705, 73945]"
114182,"[5518, 69209, 65816, 83753, 81965, 3654, 69302, 53098, 93589, 102302]"
114183,"[2279, 37507, 58293, 18496, 66365, 64222, 101467, 1735, 97497, 75753]"
114184,"[83630, 55849, 91291, 58855, 79229, 72165, 13251, 90863, 52413, 68828]"
114185,"[56324, 27628, 36567, 46281, 41003, 19241, 71739, 20547, 33529, 63110]"
114186,"[82141, 36594, 106840, 43642, 34324, 44283, 108126, 65180, 101690, 64252]"
114187,"[70457, 4860, 68695, 71073, 95153, 3064, 31841, 31608, 107492, 86456]"
114188,"[85667, 25138, 99903, 102561, 101591, 12081, 100161, 95548, 55306, 62131]"
114189,"[82683, 3513, 17928, 96033, 2001, 72351, 58888, 52562, 52112, 23647]"
114190,"[74850, 81831, 68179, 71790, 53211, 60359, 40535, 73937, 63371, 14001]"
114191,"[95281, 23575, 2659, 28991, 76106, 88463, 44372, 46932, 51862, 10609]"
114192,"[23753, 62621, 109064, 58046, 52291, 66359, 72547, 87625, 29440, 87260]"
114193,"[52771, 47933, 109769, 90781, 71408, 71829, 43558, 81473, 57724, 94641]"
114194,"[76667, 105316, 84780, 82039, 63881, 41921, 51196, 67310, 72381, 100851]"
114195,"[33011, 98369, 2197, 59488, 5522, 15402, 44203, 18713, 60228, 13861]"
114196,"[103543, 87948, 91823, 27439, 105223, 88011, 70567, 18331, 1828, 67088]"
114197,"[56347, 107612, 1998, 8748, 12546, 18483, 31895, 67373, 2750, 63375]"
114198,"[60258, 105256, 44717, 296, 9227, 105361, 54081, 85073, 82340, 79035]"
114199,"[48522, 83098, 26481, 7435, 48818, 94103, 464, 55896, 44002, 55463]"
114200,"[26566, 15526, 88992, 107167, 9530, 72467, 95407, 75744, 106144, 104892]"
114201,"[32360, 95287, 7255, 38864, 88628, 3690, 102673, 62076, 45530, 15775]"
114202,"[12510, 48826, 98866, 89572, 54345, 88459, 4276, 19366, 109437, 99631]"
114203,"[50197, 54249, 61284, 7809, 56680, 104225, 11480, 51304, 28011, 18346]"
114204,"[23236, 76423, 67035, 91910, 55813, 349, 93381, 109191, 88896, 77027]"
114205,"[74217, 46637, 37155, 61786, 106603, 104150, 49344, 80693, 19286, 102029]"
114206,"[83264, 12974, 99391, 54856, 54162, 55993, 96347, 103491, 38657, 102697]"
114207,"[11712, 94987, 1449, 79426, 77277, 77109, 101901, 52874, 12860, 88961]"
114208,"[70627, 100148, 103732, 76853, 36222, 7890, 4367, 42672, 20761, 60969]"
114209,"[87123, 92177, 29116, 34957, 24907, 15316, 39355, 107609, 96504, 101502]"
114210,"[46713, 5947, 29724, 562, 40847, 25365, 102459, 102485, 105579, 17194]"
114211,"[97720, 63850, 64740, 47976, 22694, 95992, 107865, 97399, 58202, 39826]"
114212,"[73653, 90215, 1333, 5054, 71084, 59011, 49362, 83175, 78427, 93128]"
114213,"[1175, 38245, 24893, 78265, 2521, 33317, 5637, 33376, 27997, 107083]"
114214,"[22035, 39057, 42531, 60133, 68812, 49153, 18029, 9174, 52261, 74495]"
114215,"[36700, 51610, 100744, 70208, 97503, 37244, 100556, 96580, 62906, 42357]"
114216,"[86833, 84715, 25586, 77843, 57101, 36287, 16324, 74209, 107178, 80612]"
114217,"[107680, 106181, 19283, 104464, 96060, 53997, 65528, 19467, 69658, 99435]"
114218,"[75890, 109755, 2443, 32433, 45027, 40748, 15632, 78681, 28834, 5927]"
114219,"[94432, 16916, 53269, 31792, 86594, 51921, 78919, 41811, 20678, 10926]"
114220,"[55859, 2504, 55122, 33569, 22800, 74737, 41237, 53807, 94251, 76373]"
114221,"[108969, 95375, 93827, 22945, 75696, 99246, 83911, 107856, 107887, 95088]"
114222,"[50716, 5416, 62426, 63166, 21642, 97696, 98511, 106932, 109439, 52040]"
114223,"[35065, 69553, 76178, 37855, 87052, 2487, 4533, 58184, 23469, 11366]"
114224,"[20999, 105973, 24941, 54988, 93311, 4796, 73710, 17458, 49087, 51312]"
114225,"[58449, 104297, 38104, 36655, 77517, 10555, 47941, 103477, 55807, 16188]"
114226,"[10072, 69299, 98448, 10347, 36837, 107570, 9418, 29198, 57410, 60189]"
114227,"[4915, 2767, 17002, 40922, 91727, 1797, 37734, 72173, 37928, 93802]"
114228,"[104253, 52445, 66978, 469, 93153, 48162, 70660, 18374, 82605, 65226]"
114229,"[50822, 38398, 90884, 15452, 64509, 16197, 69161, 653, 35063, 43182]"
114230,"[78814, 61850, 23783, 2432, 63290, 44511, 36351, 85115, 77988, 11759]"
114231,"[27769, 84230, 77663, 68153, 6486, 83847, 101119, 79289, 13476, 33518]"
114232,"[13504, 64014, 72754, 49157, 78475, 95979, 102821, 79005, 107740, 10711]"
114233,"[27849, 56328, 15408, 56496, 85522, 73396, 37552, 101471, 103862, 34602]"
114234,"[47994, 35256, 104316, 91991, 56868, 54963, 71069, 2691, 61159, 49742]"
114235,"[21672, 96715, 88748, 64644, 14933, 99207, 1972, 31913, 108844, 13285]"
114236,"[68810, 46809, 12884, 92717, 10131, 46894, 54025, 77733, 67234, 84018]"
114237,"[13311, 38022, 45778, 5275, 99501, 75837, 85939, 106369, 61786, 90310]"
114238,"[38562, 29242, 12, 77990, 53140, 68497, 32208, 75382, 43410, 2362]"
114239,"[40587, 29537, 82344, 15123, 25859, 14689, 38632, 18689, 95437, 78154]"
114240,"[100001, 7614, 84430, 53660, 83771, 93070, 14084, 4925, 89092, 64259]"
114241,"[72590, 8789, 105575, 66285, 10339, 27865, 83158, 17606, 67903, 66490]"
114242,"[105624, 38606, 29992, 46372, 108825, 21401, 75560, 70880, 87622, 3603]"
114243,"[35422, 42352, 20593, 26715, 43046, 102399, 80237, 12638, 20581, 14557]"
114244,"[109219, 65818, 6920, 9881, 44398, 31246, 62205, 12712, 44127, 41830]"
114245,"[65046, 25944, 53262, 73775, 60548, 89256, 42524, 64737, 98519, 65232]"
114246,"[7734, 89239, 78206, 44750, 31715, 6186, 43329, 16144, 5747, 85435]"
114247,"[106134, 70216, 92070, 89392, 80190, 86881, 106866, 33106, 6302, 83833]"
114248,"[78697, 91384, 48832, 35896, 38936, 73443, 1694, 36673, 62265, 64094]"
114249,"[37228, 30568, 29714, 50240, 23181, 27245, 73828, 100327, 12999, 5255]"
114250,"[38422, 29325, 17525, 39358, 73426, 25519, 38241, 72111, 31795, 50366]"
114251,"[53387, 102918, 24814, 33064, 4748, 29728, 25452, 17389, 86361, 85867]"
114252,"[78526, 45611, 90524, 43118, 85662, 81924, 101986, 7064, 65642, 3095]"
114253,"[72117, 18021, 61712, 70389, 93233, 80599, 86050, 56587, 61273, 20625]"
114254,"[53703, 27180, 22042, 18494, 66443, 35609, 105498, 37379, 34443, 79258]"
114255,"[33201, 53676, 105856, 60669, 64612, 15641, 35868, 38393, 16851, 9836]"
114256,"[49686, 61368, 18206, 76752, 32825, 99755, 22560, 38025, 82787, 85218]"
114257,"[16673, 60207, 96732, 106559, 109568, 92175, 48501, 81889, 79589, 103729]"
114258,"[54186, 82941, 15513, 8433, 30635, 96686, 46351, 60723, 81589, 36992]"
114259,"[5867, 52841, 69763, 20853, 95904, 42145, 14240, 72232, 87162, 94206]"
114260,"[87652, 56166, 62347, 23503, 40251, 103410, 19047, 100401, 83688, 25933]"
114261,"[61605, 47947, 23614, 97448, 42232, 91253, 27972, 33436, 56476, 82633]"
114262,"[31933, 12701, 84021, 22950, 19523, 94383, 103524, 100350, 64655, 86428]"
114263,"[44495, 23170, 49555, 22152, 58849, 7131, 27729, 43085, 12719, 98781]"
114264,"[74898, 42798, 106843, 59541, 73442, 39915, 64653, 58214, 19086, 22537]"
114265,"[109100, 9469, 14868, 38557, 70054, 2174, 55645, 3027, 55780, 50556]"
114266,"[99447, 64397, 4432, 18998, 7680, 72791, 72092, 10307, 49562, 44058]"
114267,"[14565, 21823, 39948, 99952, 78407, 55515, 2075, 30896, 48175, 19975]"
114268,"[39661, 9201, 46452, 42873, 21149, 35899, 67158, 36568, 71251, 89481]"
114269,"[51889, 99303, 55580, 54248, 45648, 24527, 1574, 100908, 6355, 37351]"
114270,"[78222, 81923, 99353, 19553, 35999, 84837, 82167, 11085, 19649, 733]"
114271,"[16009, 70564, 38416, 39117, 87134, 105966, 79371, 31952, 57813, 73444]"
114272,"[1788, 8915, 106726, 18424, 109240, 57770, 68937, 72805, 101358, 25090]"
114273,"[71843, 68263, 56763, 85988, 50965, 53933, 91274, 96755, 10831, 11274]"
114274,"[71905, 44637, 80355, 41499, 104412, 78197, 107672, 71086, 22959, 13125]"
114275,"[55162, 17495, 35891, 96659, 49270, 67950, 101421, 84514, 105757, 12748]"
114276,"[18260, 83929, 63379, 63534, 1533, 90552, 77488, 79923, 17343, 25781]"
114277,"[11986, 70948, 58008, 106022, 21686, 61542, 74004, 24237, 59803, 36170]"
114278,"[49483, 67809, 93460, 41755, 41784, 60481, 10541, 73980, 16284, 12518]"
114279,"[79528, 68056, 97928, 17470, 77924, 48575, 7015, 59555, 54979, 50465]"
114280,"[49878, 72830, 18831, 55126, 50987, 94360, 102688, 921, 20398, 96703]"
114281,"[49077, 19759, 18380, 101329, 28496, 42713, 104410, 50794, 45189, 95252]"
114282,"[54676, 92250, 60837, 98096, 89577, 87178, 25129, 2171, 6107, 38437]"
114283,"[93710, 88375, 20296, 57389, 18878, 97390, 4580, 15345, 98128, 97568]"
114284,"[86884, 81254, 73940, 97504, 10559, 73554, 58853, 54918, 95474, 77806]"
114285,"[86824, 8739, 58814, 61181, 65217, 3015, 107754, 16189, 58568, 13080]"
114286,"[36049, 60942, 16812, 54649, 72950, 15708, 44900, 89304, 59586, 97175]"
114287,"[104449, 49173, 23669, 79359, 36544, 76601, 8757, 101847, 82870, 62972]"
114288,"[8855, 33942, 18616, 109041, 52544, 43969, 79102, 12889, 7893, 30430]"
114289,"[57817, 43221, 93378, 88327, 96542, 44093, 64797, 33138, 81555, 95957]"
114290,"[39884, 35035, 94756, 33667, 76055, 34772, 53152, 81104, 64548, 65087]"
114291,"[13899, 45297, 52885, 65982, 102699, 9396, 22602, 38607, 41925, 97424]"
114292,"[105664, 38101, 86861, 92219, 11795, 96209, 79000, 30492, 91451, 40694]"
114293,"[102042, 2514, 56871, 102428, 77641, 19534, 3949, 43635, 27750, 53811]"
114294,"[56308, 63180, 2595, 60565, 33721, 109638, 71971, 10679, 73419, 16069]"
114295,"[12083, 84597, 97949, 106396, 62180, 83350, 41589, 31612, 94334, 77474]"
114296,"[17216, 91406, 103419, 34541, 84729, 1744, 89732, 69799, 100666, 98609]"
114297,"[71020, 99769, 63211, 79470, 62759, 67290, 48587, 105141, 26587, 1443]"
114298,"[36835, 65101, 23384, 63834, 99969, 38821, 11865, 22546, 88079, 47338]"
114299,"[27818, 113, 78503, 4497, 25752, 66830, 105216, 98560, 44549, 73020]"
114300,"[81540, 81731, 32475, 29590, 1316, 55843, 97695, 36374, 89440, 3815]"
114301,"[91299, 36131, 85712, 8949, 15363, 35590, 84544, 72218, 43670, 14345]"
114302,"[81561, 37377, 42399, 77456, 23269, 50446, 87205, 107740, 92903, 71754]"
114303,"[37245, 74295, 106634, 102749, 96188, 52323, 67423, 60827, 5560, 101068]"
114304,"[14224, 98615, 109673, 20424, 63176, 19890, 20135, 58331, 44003, 53309]"
114305,"[45276, 39441, 41909, 94074, 71301, 90744, 16614, 12330, 16269, 28502]"
114306,"[35910, 18955, 56803, 29654, 35024, 14989, 71937, 88167, 74740, 27219]"
114307,"[26027, 87386, 10812, 96104, 45714, 9569, 17023, 69240, 74913, 36248]"
114308,"[88705, 17605, 57610, 7932, 42855, 44488, 19800, 11789, 16653, 72314]"
114309,"[55137, 86069, 1701, 42690, 98215, 32609, 4656, 77001, 59793, 69169]"
114310,"[5036, 59571, 86490, 76574, 13732, 17167, 25434, 72655, 485, 99752]"
114311,"[27124, 48057, 17030, 52974, 89171, 13721, 39100, 62256, 87814, 75179]"
114312,"[101797, 2319, 54710, 88012, 20415, 16577, 10387, 61727, 53470, 8811]"
114313,"[24593, 14511, 101118, 43522, 34450, 70247, 83941, 3266, 98765, 61379]"
114314,"[65338, 28264, 74472, 90301, 33033, 7916, 39673, 39199, 74875, 70217]"
114315,"[32504, 45948, 66713, 63048, 8892, 108435, 12568, 86725, 80744, 38836]"
114316,"[75871, 103390, 62886, 6645, 23076, 36671, 43403, 16933, 12164, 107001]"
114317,"[52891, 38262, 23922, 63412, 57087, 70579, 96842, 53582, 41568, 97493]"
114318,"[108520, 50568, 24945, 27633, 90734, 15110, 90694, 63441, 1892, 86325]"
114319,"[13759, 39593, 44466, 12199, 82817, 25722, 18823, 76909, 21597, 99770]"
114320,"[273, 91906, 23491, 67526, 12715, 56564, 39911, 99057, 100082, 8808]"
114321,"[4121, 34824, 728, 36497, 15767, 96136, 109571, 51525, 102223, 67553]"
114322,"[40747, 39262, 96485, 72975, 60139, 74999, 64946, 17666, 13867, 90475]"
114323,"[29644, 799, 6268, 64749, 109247, 98633, 35113, 93254, 34742, 99683]"
114324,"[16153, 86202, 24492, 66067, 90275, 20919, 34197, 73382, 78265, 82250]"
114325,"[87208, 14967, 22511, 68636, 84474, 44270, 8045, 88746, 97221, 31534]"
114326,"[94935, 105385, 87920, 9717, 8766, 15691, 12601, 32391, 93089, 79186]"
114327,"[44082, 21201, 24812, 64128, 54952, 66682, 78634, 33595, 14619, 52129]"
114328,"[104520, 61166, 95858, 86520, 38190, 44948, 28378, 81836, 29573, 77402]"
114329,"[81994, 70835, 15082, 92630, 25610, 78016, 7658, 22820, 39822, 76309]"
114330,"[65695, 25203, 59415, 108028, 95933, 43731, 88941, 57336, 60912, 1311]"
114331,"[81398, 79301, 51139, 43218, 13219, 99211, 35694, 2938, 83863, 12363]"
114332,"[16045, 95424, 34900, 65270, 17510, 109728, 73880, 16464, 164, 76564]"
114333,"[68078, 96946, 63050, 22296, 86215, 79901, 15674, 30068, 45447, 101902]"
114334,"[34242, 57216, 7549, 49353, 55842, 3515, 42682, 69737, 91350, 46772]"
114335,"[99956, 15734, 66782, 37736, 87555, 68019, 3729, 5263, 68026, 31065]"
114336,"[36100, 95415, 26968, 37792, 78984, 62004, 80429, 90531, 10019, 4050]"
114337,"[97044, 46975, 43039, 107738, 52657, 19277, 28915, 7491, 39930, 24626]"
114338,"[104042, 75768, 82421, 14285, 67375, 2833, 94814, 10002, 55800, 80524]"
114339,"[103233, 73805, 12058, 95079, 16124, 3870, 27222, 50970, 1185, 97575]"
114340,"[80281, 106089, 85511, 32027, 56065, 63867, 60664, 27851, 1950, 11705]"
114341,"[5638, 34172, 101736, 96036, 104940, 29785, 96302, 101456, 78842, 46557]"
114342,"[59653, 1137, 43656, 35459, 16403, 13562, 66111, 55345, 69454, 56361]"
114343,"[56152, 91912, 15906, 70826, 63414, 60585, 12542, 109507, 77823, 58910]"
114344,"[57860, 59763, 67662, 81214, 19545, 44054, 92077, 90424, 93294, 103321]"
114345,"[28214, 29609, 38186, 33679, 96479, 4565, 93702, 11121, 56883, 52863]"
114346,"[42458, 103058, 17237, 30804, 3825, 87940, 38523, 9017, 73328, 87688]"
114347,"[25952, 97530, 67673, 14626, 83869, 74997, 61086, 102970, 19729, 753]"
114348,"[6622, 93935, 82589, 93830, 106577, 583, 11377, 36387, 58619, 77105]"
114349,"[24055, 106745, 56962, 57100, 106639, 98849, 95755, 39348, 37537, 75414]"
114350,"[72944, 56685, 5427, 66438, 31198, 65997, 99725, 47634, 108859, 13133]"
114351,"[81234, 71030, 19068, 41121, 99857, 35862, 77550, 94448, 27563, 48736]"
114352,"[32068, 95458, 98903, 2409, 7529, 6564, 16578, 17871, 102646, 106484]"
114353,"[70390, 39587, 94129, 45665, 88713, 48434, 21660, 15878, 59893, 62844]"
114354,"[90160, 45886, 39411, 107125, 106180, 35600, 33131, 48985, 67580, 96434]"
114355,"[84977, 74627, 3532, 92190, 14683, 58614, 85829, 61105, 59556, 76267]"
114356,"[20557, 9556, 59501, 58795, 68916, 102121, 36462, 85111, 34286, 59588]"
114357,"[39747, 88388, 63554, 10892, 55240, 4821, 7885, 65099, 82153, 31051]"
114358,"[105709, 74159, 1395, 21819, 28746, 73612, 46541, 99338, 97210, 93406]"
114359,"[55976, 23809, 19668, 99846, 74612, 28701, 72012, 50973, 5232, 43155]"
114360,"[47194, 103038, 29938, 39984, 77580, 60992, 63462, 103648, 50260, 58037]"
114361,"[41318, 91918, 48978, 64989, 22193, 70989, 84250, 32155, 61645, 49134]"
114362,"[54279, 50120, 99342, 7197, 24490, 22960, 31988, 21063, 30706, 76724]"
114363,"[103630, 33029, 32524, 102953, 30867, 72567, 105369, 13728, 25856, 38882]"
114364,"[68979, 64013, 54168, 17718, 73308, 19129, 67127, 92973, 91805, 88118]"
114365,"[15542, 64021, 68309, 93615, 39119, 54992, 37232, 23012, 969, 96880]"
114366,"[15880, 25140, 40910, 109081, 98756, 74838, 72006, 17060, 106493, 78302]"
114367,"[92686, 78068, 15169, 45, 60245, 65125, 104430, 72674, 22497, 107080]"
114368,"[85270, 30911, 90053, 11968, 28637, 46601, 72766, 54916, 66650, 79653]"
114369,"[12629, 46819, 14605, 32172, 100441, 54117, 17501, 57538, 87458, 99255]"
114370,"[26649, 1494, 81926, 30093, 19810, 17267, 77795, 106750, 28992, 57168]"
114371,"[50536, 39464, 98987, 96718, 22981, 96353, 46509, 55525, 4572, 103309]"
114372,"[65803, 82483, 53525, 82502, 25460, 51617, 98553, 56817, 108727, 4891]"
114373,"[103181, 93001, 100564, 21271, 44252, 36102, 38093, 100688, 31789, 27513]"
114374,"[107306, 38663, 95380, 89896, 2131, 8961, 9920, 67622, 24404, 41101]"
114375,"[21985, 88264, 75872, 55913, 108217, 78453, 6904, 98178, 20211, 105513]"
114376,"[88831, 69610, 107669, 82946, 53217, 39902, 30685, 70012, 22392, 97491]"
114377,"[25629, 13105, 44702, 66408, 91698, 79824, 37002, 26525, 36725, 10576]"
114378,"[67548, 691, 101607, 69648, 84777, 41543, 99912, 39157, 12151, 89836]"
114379,"[66995, 31867, 24075, 71541, 94528, 24420, 73866, 61311, 81942, 1174]"
114380,"[53510, 81854, 26521, 92262, 99087, 108716, 33127, 19705, 84011, 57019]"
114381,"[32151, 107113, 107657, 31853, 2822, 41618, 51921, 86500, 16916, 53269]"
114382,"[23173, 101882, 109660, 69925, 54551, 49910, 76248, 108960, 78245, 16827]"
114383,"[61232, 22930, 55704, 3842, 105328, 43100, 61385, 20635, 107154, 88874]"
114384,"[97502, 101131, 51904, 50143, 42207, 57293, 82751, 74020, 93756, 94242]"
114385,"[60027, 60115, 108244, 35173, 88770, 83497, 2916, 9429, 6493, 96908]"
114386,"[17682, 74510, 83612, 51132, 20000, 50213, 76280, 20744, 57346, 98570]"
114387,"[41411, 19304, 69893, 104344, 97396, 32624, 104789, 48266, 10369, 87200]"
114388,"[85903, 73761, 87807, 73011, 84323, 30512, 86669, 79703, 59186, 15681]"
114389,"[52096, 57756, 69910, 46750, 42692, 86795, 69274, 47920, 33764, 9242]"
114390,"[64800, 32326, 8069, 76655, 95231, 52663, 109171, 88609, 40135, 59998]"
114391,"[9766, 27286, 58635, 34062, 6624, 31735, 49268, 99321, 27961, 108098]"
114392,"[44609, 78297, 5074, 99198, 91980, 7375, 88919, 55313, 87259, 27911]"
114393,"[95368, 44224, 86848, 10596, 37712, 31587, 27107, 38428, 46045, 46756]"
114394,"[65214, 80711, 89980, 26366, 6792, 83968, 107931, 109353, 106126, 28548]"
114395,"[96725, 6103, 46075, 73306, 70484, 34626, 104719, 25411, 85323, 74332]"
114396,"[105042, 10639, 52045, 48812, 82533, 41900, 24459, 10275, 26969, 49835]"
114397,"[9398, 43434, 44185, 49908, 56626, 19240, 41683, 87639, 47993, 104136]"
114398,"[54671, 44430, 22995, 82756, 26582, 35797, 50668, 34567, 107251, 78735]"
114399,"[69831, 11646, 68007, 16389, 59136, 90281, 54299, 56684, 47712, 30453]"
114400,"[93988, 100880, 6820, 103952, 7813, 48662, 56074, 59689, 64869, 102990]"
114401,"[38025, 76694, 66830, 25615, 38268, 90767, 9045, 94925, 26774, 85218]"
114402,"[27704, 59829, 7573, 57369, 98879, 12230, 85539, 1051, 95262, 16071]"
114403,"[75829, 68030, 92806, 48508, 29330, 412, 12358, 26734, 52498, 20724]"
114404,"[56828, 34741, 16542, 31149, 28276, 108711, 109089, 94393, 56606, 88306]"
114405,"[49921, 23733, 27917, 63418, 84013, 9835, 15846, 7526, 6952, 54501]"
114406,"[42034, 21697, 97443, 66963, 105157, 10678, 70697, 44342, 2896, 5161]"
114407,"[59071, 85663, 103635, 100031, 66091, 28696, 15546, 52509, 105298, 42295]"
114408,"[97854, 8755, 106059, 28472, 80685, 98142, 16200, 63177, 39014, 60433]"
114409,"[57723, 101707, 90158, 84703, 34633, 36877, 96119, 38921, 77726, 69498]"
114410,"[29038, 80647, 96543, 21467, 47609, 85467, 107067, 82851, 66598, 27412]"
114411,"[43909, 99798, 24671, 59429, 88180, 46114, 68504, 37844, 71367, 26336]"
114412,"[46413, 6101, 40731, 65042, 39740, 59568, 96799, 16935, 5062, 56623]"
114413,"[42610, 72368, 31091, 80452, 104609, 69409, 77547, 93356, 6930, 6928]"
114414,"[22590, 17316, 106821, 100720, 89867, 21477, 26620, 65435, 24576, 72232]"
114415,"[22274, 51982, 57579, 41007, 77239, 33053, 100081, 44024, 67060, 103995]"
114416,"[54986, 53392, 23595, 56431, 13521, 28957, 77601, 93064, 5150, 43367]"
114417,"[45189, 95252, 42713, 50794, 87953, 56369, 28496, 104410, 29870, 105367]"
114418,"[90206, 84941, 29243, 46032, 98940, 98909, 27887, 19814, 39029, 99007]"
114419,"[50300, 48824, 52459, 65352, 10609, 33537, 57999, 15379, 62734, 75433]"
114420,"[102370, 11601, 86976, 18035, 66691, 5786, 44615, 315, 21016, 22650]"
114421,"[26287, 14505, 34863, 84216, 60327, 20417, 35860, 14164, 61471, 10243]"
114422,"[19543, 46427, 14015, 86240, 99072, 7753, 73929, 34279, 43779, 91027]"
114423,"[108008, 3475, 62015, 32669, 5222, 16141, 16936, 72955, 36513, 69778]"
114424,"[87732, 80968, 21314, 94573, 76248, 49910, 54551, 82116, 72312, 67500]"
114425,"[85704, 93118, 67515, 101297, 75371, 2913, 96652, 15326, 17293, 89171]"
114426,"[5757, 73978, 51057, 72135, 69879, 93610, 27999, 53564, 56394, 100292]"
114427,"[75036, 13666, 79809, 23055, 58944, 28109, 73732, 30720, 12075, 73957]"
114428,"[59126, 10270, 30561, 78881, 41417, 15092, 18204, 76791, 82047, 79077]"
114429,"[23753, 62621, 45593, 31629, 69972, 42064, 9082, 20874, 79729, 27737]"
114430,"[3169, 57578, 101616, 106394, 103379, 31646, 51694, 81944, 102969, 43392]"
114431,"[64774, 108241, 5426, 63675, 75510, 59107, 80999, 63961, 18561, 82987]"
114432,"[47021, 82211, 96858, 2537, 33015, 22504, 70788, 87507, 36459, 74622]"
114433,"[44470, 105207, 41294, 80091, 14230, 79816, 62489, 71725, 38141, 41381]"
114434,"[89067, 63791, 20816, 16645, 285, 281, 94142, 8251, 100873, 41701]"
114435,"[31077, 31956, 10083, 33385, 47040, 88521, 59411, 42575, 66155, 88352]"
114436,"[96326, 71256, 24585, 878, 89280, 18033, 34504, 52292, 23168, 81304]"
114437,"[22190, 2869, 65189, 21405, 11250, 60652, 17904, 51298, 7092, 38911]"
114438,"[87942, 54657, 84476, 84192, 7460, 54620, 72987, 86983, 39890, 36429]"
114439,"[57739, 70521, 16738, 15981, 97220, 24940, 405, 78951, 34096, 12940]"
114440,"[41794, 36811, 6396, 10333, 108258, 70408, 101238, 80215, 76861, 46216]"
114441,"[42919, 103903, 93247, 71919, 49813, 82968, 87718, 66955, 44145, 101531]"
114442,"[92035, 3871, 10137, 109759, 30220, 21893, 73006, 59250, 75456, 12251]"
114443,"[87865, 76055, 82658, 88306, 47256, 34553, 100988, 87632, 33667, 24931]"
114444,"[67327, 60446, 36390, 100249, 3333, 74182, 78660, 81366, 5076, 82329]"
114445,"[91392, 880, 23523, 105619, 13858, 40902, 31941, 33899, 43818, 23713]"
114446,"[24228, 55747, 7578, 92283, 40302, 38055, 105872, 95048, 8075, 53887]"
114447,"[96833, 13130, 74934, 50728, 18578, 693, 10717, 106292, 64246, 108039]"
114448,"[122, 86659, 98086, 66640, 83291, 35555, 96238, 97802, 83798, 101011]"
114449,"[14826, 63327, 50637, 63229, 107734, 55569, 4364, 102851, 101980, 71619]"
114450,"[34054, 53370, 351, 42573, 38634, 70786, 85482, 29621, 93821, 56831]"
114451,"[90450, 48685, 107472, 52304, 82150, 76026, 50405, 102922, 22474, 78011]"
114452,"[88342, 18280, 80345, 43491, 55857, 28708, 13475, 106530, 34415, 45327]"
114453,"[61836, 52375, 55060, 95441, 48487, 108426, 85396, 93070, 83771, 40954]"
114454,"[102382, 78261, 75884, 63966, 104676, 88013, 103030, 54058, 13896, 87536]"
114455,"[59217, 14866, 29274, 55472, 19525, 102091, 49390, 44538, 104852, 71691]"
114456,"[79486, 27758, 90946, 97748, 26247, 4806, 2015, 44428, 60087, 86957]"
114457,"[20628, 26006, 17039, 91591, 43538, 96404, 27498, 103560, 12829, 24734]"
114458,"[81265, 64604, 6410, 51007, 64048, 18610, 66615, 37940, 62229, 107427]"
114459,"[75265, 67250, 95959, 73162, 36231, 25591, 63744, 9660, 12458, 10953]"
114460,"[60817, 91249, 51187, 87995, 8842, 94832, 91294, 69773, 26275, 62705]"
114461,"[99199, 17134, 74912, 50472, 24991, 26441, 25909, 95418, 44512, 87408]"
114462,"[98028, 89032, 85937, 83784, 13187, 107255, 46607, 63633, 25980, 107921]"
114463,"[94240, 92078, 35413, 3382, 50492, 30063, 19804, 30575, 61911, 43749]"
114464,"[31001, 35604, 67699, 102180, 89381, 25943, 99299, 2438, 53815, 99456]"
114465,"[6358, 68784, 77230, 55431, 83293, 31973, 98859, 22260, 3601, 10006]"
114466,"[70885, 67974, 63561, 109224, 75087, 13668, 39421, 92024, 72591, 9029]"
114467,"[97251, 105100, 40495, 35006, 89166, 46593, 34020, 100337, 36043, 89248]"
114468,"[75714, 28434, 3445, 33456, 75215, 51400, 49101, 85782, 98639, 89910]"
114469,"[26926, 71528, 67511, 107531, 45650, 71457, 43665, 23512, 59402, 37474]"
114470,"[8385, 65939, 79992, 77207, 10173, 4697, 37896, 8348, 42515, 62730]"
114471,"[19084, 90323, 105854, 54028, 87117, 78601, 46312, 39633, 7663, 4053]"
114472,"[95463, 86652, 45192, 73532, 71443, 89359, 69473, 17667, 41193, 5042]"
114473,"[11329, 3356, 82682, 61603, 19946, 90550, 91200, 40285, 43427, 54023]"
114474,"[74442, 109702, 29977, 60015, 46939, 56945, 97969, 87296, 81617, 3365]"
114475,"[56837, 23382, 9246, 92924, 104930, 21716, 28929, 23679, 52751, 31146]"
114476,"[68506, 26828, 88947, 99899, 1362, 79149, 50016, 95124, 11526, 40546]"
114477,"[104184, 49797, 24983, 83992, 86529, 878, 24585, 62498, 68673, 75512]"
114478,"[81576, 99050, 10490, 74686, 54351, 35815, 75170, 80046, 78833, 13741]"
114479,"[17791, 106004, 60770, 9798, 9922, 109301, 96172, 71243, 40394, 16768]"
114480,"[54024, 16171, 7442, 22594, 44239, 2729, 69234, 96219, 98501, 109157]"
114481,"[32377, 8252, 67177, 53903, 88816, 93278, 65684, 4619, 1534, 1060]"
114482,"[24769, 64972, 28707, 66442, 91083, 85596, 66877, 76178, 99484, 11492]"
114483,"[104127, 28202, 23200, 776, 90465, 41179, 23377, 12304, 83716, 29846]"
114484,"[65052, 4772, 85537, 36986, 58125, 73694, 3730, 76286, 52584, 105259]"
114485,"[8983, 66147, 78201, 61497, 1824, 90148, 14867, 47005, 74252, 32671]"
114486,"[73820, 6228, 15630, 55708, 72330, 50801, 92986, 79641, 52990, 68504]"
114487,"[95270, 49850, 76023, 25224, 71505, 40344, 12803, 85474, 5734, 95072]"
114488,"[43332, 39778, 85565, 38308, 7359, 557, 941, 52315, 8310, 86025]"
114489,"[957, 25493, 76151, 21119, 71185, 67452, 49341, 37428, 104107, 40017]"
114490,"[77931, 60688, 46403, 19758, 79494, 49400, 90615, 14114, 82014, 105158]"
114491,"[13711, 85272, 90957, 29352, 50109, 90319, 58559, 58025, 45316, 29410]"
114492,"[55683, 99196, 90503, 99548, 43993, 55461, 51535, 14005, 69480, 1413]"
114493,"[21055, 7393, 59052, 32594, 60980, 67844, 99447, 29263, 54067, 76904]"
114494,"[31907, 62056, 100717, 94307, 64745, 76436, 107141, 76647, 31672, 46501]"
114495,"[47377, 41899, 37279, 19714, 49477, 4446, 10654, 69357, 47829, 19303]"
114496,"[105249, 35602, 55816, 37368, 37162, 66794, 19526, 44942, 20549, 38612]"
114497,"[41334, 6701, 47083, 83016, 26996, 89361, 80439, 43719, 56383, 57666]"
114498,"[10795, 79313, 103674, 36941, 96594, 68296, 10581, 27278, 90356, 63976]"
114499,"[16981, 93986, 62170, 103149, 23281, 108668, 20065, 91082, 65525, 83911]"
114500,"[87438, 90695, 55760, 32631, 22670, 54831, 21171, 25665, 17498, 99642]"
114501,"[105851, 4926, 73829, 86025, 82561, 105312, 14992, 65422, 41647, 22560]"
114502,"[61163, 82643, 107289, 101662, 109008, 39093, 70590, 56334, 17935, 56226]"
114503,"[42934, 77771, 22140, 7326, 104076, 36332, 54331, 55364, 74201, 80368]"
114504,"[56137, 43585, 85815, 5651, 49782, 38155, 61174, 72125, 49283, 32409]"
114505,"[10309, 31307, 103427, 42805, 96581, 52799, 68425, 103932, 103114, 27808]"
114506,"[65961, 108351, 101815, 3088, 10781, 73234, 92255, 49951, 97994, 78380]"
114507,"[26950, 45112, 8523, 47917, 38835, 4973, 45998, 29425, 12657, 107971]"
114508,"[10675, 84791, 51343, 88448, 32571, 5192, 75595, 35863, 70540, 58646]"
114509,"[91727, 40046, 63833, 103606, 85625, 91487, 3739, 108567, 90193, 15813]"
114510,"[97510, 37432, 50234, 13536, 6034, 39872, 4022, 52655, 13930, 77178]"
114511,"[84862, 77930, 81949, 96201, 64474, 56521, 11600, 96254, 88660, 62049]"
114512,"[15211, 75201, 104239, 52719, 65113, 55024, 19774, 28897, 60975, 108891]"
114513,"[14518, 58525, 97241, 53810, 74606, 81276, 67464, 38418, 48936, 61463]"
114514,"[71237, 46176, 65254, 17517, 99063, 68552, 85663, 52775, 14478, 71726]"
114515,"[70938, 23793, 62122, 42030, 41650, 96467, 6124, 13168, 45663, 52532]"
114516,"[75019, 31143, 33360, 36820, 88876, 35996, 11161, 98019, 23707, 87327]"
114517,"[74285, 63866, 107867, 98630, 35339, 19897, 78997, 58214, 12768, 103840]"
114518,"[11060, 11768, 8515, 55580, 25536, 45648, 54248, 72308, 24527, 1574]"
114519,"[71615, 97296, 82277, 102706, 26406, 83587, 56362, 79856, 26538, 93607]"
114520,"[16516, 10802, 76502, 42394, 90305, 87590, 2954, 57774, 91863, 76765]"
114521,"[23738, 66348, 14207, 30976, 59802, 100555, 62136, 103851, 47017, 99525]"
114522,"[71644, 33283, 72624, 43806, 105268, 57945, 43171, 98448, 92296, 10347]"
114523,"[103670, 106060, 70505, 38777, 79144, 25932, 104612, 25049, 9117, 6098]"
114524,"[68278, 33062, 29559, 77879, 65332, 93948, 75144, 101555, 11891, 1769]"
114525,"[102459, 82351, 105579, 17194, 80779, 27710, 33237, 46713, 29724, 5947]"
114526,"[6058, 528, 24555, 42755, 99855, 97761, 8788, 58975, 5696, 53000]"
114527,"[66250, 97673, 52092, 24084, 99628, 103690, 94094, 13160, 70773, 6675]"
114528,"[79718, 38118, 7670, 28956, 42256, 84971, 84253, 19874, 3518, 90730]"
114529,"[90073, 106424, 103537, 13874, 53110, 40003, 16114, 78113, 86930, 88645]"
114530,"[92997, 26090, 52216, 98705, 105750, 21138, 6565, 74293, 95461, 36952]"
114531,"[38576, 53871, 68999, 55074, 82663, 88822, 58711, 59077, 53857, 90555]"
114532,"[97483, 104011, 49840, 98422, 21389, 68935, 38908, 9177, 98615, 39261]"
114533,"[92121, 91622, 55159, 79975, 25516, 91452, 103943, 83659, 55039, 43114]"
114534,"[88332, 15843, 76195, 50465, 36500, 31178, 8331, 107200, 87622, 81108]"
114535,"[48930, 43322, 13545, 95295, 59099, 40073, 85665, 21961, 48708, 94159]"
114536,"[19107, 6205, 37793, 82950, 77167, 27333, 55465, 101130, 94543, 9586]"
114537,"[20829, 53233, 98023, 37846, 11927, 43713, 60697, 63413, 73028, 34149]"
114538,"[99800, 26102, 19512, 14133, 19338, 106145, 13167, 55111, 72790, 40085]"
114539,"[52874, 34714, 106813, 62747, 58657, 62353, 47980, 41753, 10533, 15222]"
114540,"[89951, 77286, 64742, 81473, 100484, 42329, 100481, 20374, 61918, 62996]"
114541,"[4422, 79341, 57472, 53622, 71075, 17129, 36980, 100278, 53693, 86036]"
114542,"[90612, 104112, 84776, 26458, 16291, 105965, 72038, 78568, 44760, 13564]"
114543,"[2476, 29960, 60866, 49, 20211, 98178, 105513, 11145, 34532, 7886]"
114544,"[64839, 85408, 100685, 899, 25091, 55598, 40161, 105056, 22727, 297]"
114545,"[100883, 85240, 59439, 60903, 24136, 100828, 75141, 91610, 96673, 97049]"
114546,"[29181, 15073, 35262, 101800, 56291, 74671, 80863, 67891, 99140, 35678]"
114547,"[97185, 51460, 55113, 97245, 7635, 18786, 12876, 4472, 2209, 103222]"
114548,"[82677, 5594, 46308, 15423, 2784, 55420, 6610, 86252, 67694, 80686]"
114549,"[34737, 6912, 24332, 100625, 84293, 105180, 85572, 59769, 84518, 27237]"
114550,"[77339, 97562, 22883, 95207, 91133, 3585, 74672, 42978, 19693, 83696]"
114551,"[55148, 3389, 610, 107303, 105032, 109194, 50827, 9625, 20863, 60909]"
114552,"[22671, 11057, 6209, 52753, 1129, 43511, 50893, 11110, 45501, 51821]"
114553,"[102524, 65431, 106103, 26269, 105975, 50863, 16041, 38435, 58343, 98406]"
114554,"[93808, 71784, 100963, 96450, 19139, 59510, 43403, 56011, 93633, 17211]"
114555,"[83380, 47735, 81668, 25577, 84093, 11480, 106163, 56027, 97764, 71908]"
114556,"[28364, 26722, 10141, 19431, 28595, 57552, 103378, 18818, 16969, 45232]"
114557,"[63398, 25923, 26079, 101278, 92543, 3777, 32311, 100344, 6677, 89357]"
114558,"[25005, 87366, 106324, 6439, 66020, 3609, 11566, 32706, 8437, 42770]"
114559,"[7163, 96714, 95771, 46966, 95528, 86820, 58481, 21398, 56111, 13260]"
114560,"[26787, 8229, 30974, 15, 78883, 76567, 76338, 10057, 43390, 100105]"
114561,"[19370, 67619, 6746, 45933, 35394, 88204, 104181, 34165, 84975, 8053]"
114562,"[66704, 96966, 88857, 53494, 67383, 6768, 27586, 27530, 46570, 47777]"
114563,"[92256, 107470, 13057, 8541, 103319, 88872, 39660, 3034, 7227, 100110]"
114564,"[56810, 10815, 77779, 77977, 96505, 28133, 101547, 17132, 109555, 32690]"
114565,"[109693, 49054, 94644, 38604, 109429, 82979, 72106, 77361, 42396, 100186]"
114566,"[64624, 67994, 81330, 102447, 60695, 79755, 90422, 46940, 98156, 55734]"
114567,"[82743, 47424, 70578, 29478, 68448, 10030, 81405, 52889, 3259, 43894]"
114568,"[92302, 107383, 78463, 32483, 35119, 97289, 80061, 98599, 34687, 39965]"
114569,"[40633, 6236, 57684, 4547, 98266, 92129, 82516, 13299, 68986, 104006]"
114570,"[46571, 72109, 14024, 67813, 64811, 18994, 104807, 4435, 69476, 62148]"
114571,"[22230, 28795, 10331, 36638, 84693, 54886, 53999, 2965, 64646, 80328]"
114572,"[74131, 823, 93415, 40949, 48424, 40109, 40005, 14392, 32398, 33987]"
114573,"[81545, 76273, 8564, 61178, 8219, 11900, 61055, 81554, 27299, 10153]"
114574,"[104606, 85760, 26212, 59953, 22843, 98123, 62405, 16406, 108930, 58497]"
114575,"[96240, 39068, 70483, 54228, 25936, 18255, 108162, 81707, 93721, 81521]"
114576,"[21263, 104218, 20060, 29494, 69441, 4629, 54655, 61733, 71475, 4642]"
114577,"[32618, 72126, 94959, 66093, 86353, 15465, 33910, 106447, 39325, 29064]"
114578,"[20502, 101076, 20582, 86842, 27984, 104215, 94402, 48008, 100132, 35549]"
114579,"[31126, 103377, 84940, 54259, 96357, 94803, 98513, 33274, 31999, 103692]"
114580,"[108213, 105305, 38364, 71046, 69699, 27775, 52744, 49225, 86166, 14232]"
114581,"[72470, 88900, 6201, 91584, 61112, 34944, 97590, 107544, 7305, 23546]"
114582,"[17534, 19356, 28776, 32194, 35686, 67429, 98815, 96729, 21124, 84724]"
114583,"[104557, 45564, 87307, 58811, 2590, 57975, 1896, 39055, 98014, 75272]"
114584,"[15866, 41375, 20864, 109402, 38894, 101732, 101529, 85361, 28488, 44776]"
114585,"[30244, 78422, 262, 84771, 50695, 95147, 29964, 104224, 61537, 32640]"
114586,"[109236, 59347, 84281, 4623, 32527, 46108, 59119, 74415, 16548, 47753]"
114587,"[94732, 61046, 1454, 108334, 5399, 23146, 53713, 67412, 85405, 38779]"
114588,"[26875, 55854, 37191, 5214, 95716, 72900, 11269, 52022, 4381, 70928]"
114589,"[45423, 38331, 91326, 15448, 83871, 93086, 41247, 78849, 80396, 13063]"
114590,"[25023, 67722, 22135, 52431, 66543, 97120, 105023, 3856, 5355, 89668]"
114591,"[74031, 16182, 68118, 102077, 46135, 96888, 23875, 51982, 93344, 11502]"
114592,"[28007, 33413, 3541, 21500, 42247, 3739, 20071, 62261, 8672, 65371]"
114593,"[46833, 105129, 49932, 39312, 64895, 101852, 14714, 81672, 12436, 5489]"
114594,"[65954, 14908, 80379, 74023, 47268, 48705, 1450, 3981, 91455, 23075]"
114595,"[100272, 26554, 11894, 6332, 37122, 108604, 12789, 33720, 89950, 60812]"
114596,"[6784, 69975, 86047, 34886, 44891, 63988, 30998, 94107, 36807, 59577]"
114597,"[17494, 106915, 22449, 52253, 68325, 7667, 75640, 11603, 49726, 51169]"
114598,"[3386, 38284, 44937, 37049, 77251, 29701, 103261, 47274, 24768, 70231]"
114599,"[54089, 75653, 56329, 73735, 28940, 29546, 40248, 55930, 22178, 23664]"
114600,"[980, 87476, 53492, 6356, 1200, 35939, 74753, 28277, 82269, 25595]"
114601,"[41990, 663, 1812, 4495, 31016, 47844, 105866, 79151, 35165, 3405]"
114602,"[93725, 16019, 105488, 88570, 4999, 90606, 49133, 67775, 20779, 18031]"
114603,"[13315, 94428, 62119, 53300, 4589, 101338, 87780, 88308, 25346, 70650]"
114604,"[41191, 29391, 24599, 24487, 14667, 31012, 20806, 77238, 50630, 106865]"
114605,"[10593, 105547, 108247, 20327, 12200, 33081, 14307, 22268, 86502, 71201]"
114606,"[4033, 20045, 10435, 92293, 91916, 59240, 19442, 106111, 72989, 18773]"
114607,"[13917, 31476, 91279, 73027, 85141, 86220, 57425, 67476, 91183, 16451]"
114608,"[48544, 66102, 32020, 60502, 46923, 100330, 82515, 22946, 81970, 31668]"
114609,"[63201, 1641, 81606, 53557, 48279, 108790, 23448, 100994, 38786, 45447]"
114610,"[53224, 92386, 25674, 15866, 14892, 89846, 64919, 41375, 27756, 56278]"
114611,"[69805, 57729, 102766, 45073, 88149, 102656, 41452, 63162, 8977, 7291]"
114612,"[17987, 24839, 71773, 565, 5117, 39629, 16840, 26086, 52048, 18952]"
114613,"[9065, 102316, 54100, 50043, 44822, 57299, 10465, 81771, 52679, 59423]"
114614,"[83799, 57054, 89960, 45805, 69191, 105467, 50355, 59477, 109004, 12971]"
114615,"[104358, 62653, 32485, 56722, 87143, 107857, 43663, 80166, 89415, 77380]"
114616,"[34315, 53470, 60556, 38545, 101797, 35366, 44630, 8811, 70295, 91028]"
114617,"[27731, 81438, 95837, 8793, 12660, 44106, 102540, 108872, 95135, 13385]"
114618,"[103249, 29623, 61869, 32119, 3972, 84665, 45123, 100794, 1124, 9705]"
114619,"[12235, 28910, 86501, 103853, 12420, 55517, 71184, 16090, 25468, 23908]"
114620,"[40667, 77111, 104770, 69954, 36572, 11979, 66309, 86553, 82128, 63120]"
114621,"[90795, 52298, 91965, 98078, 96415, 62191, 4094, 35820, 30745, 69792]"
114622,"[3447, 86772, 61718, 82515, 106698, 85080, 51340, 77825, 90487, 60205]"
114623,"[91262, 36780, 9844, 21835, 203, 106889, 91513, 48045, 99606, 83425]"
114624,"[91374, 83361, 100266, 48514, 57517, 85597, 63202, 78185, 33197, 18500]"
114625,"[64092, 23098, 99778, 19434, 59112, 82328, 26843, 44786, 64505, 35584]"
114626,"[45128, 94141, 81445, 52671, 9870, 73917, 106375, 48902, 21366, 76989]"
114627,"[62444, 94172, 14179, 14230, 10742, 4649, 25059, 105207, 84487, 64013]"
114628,"[48322, 105208, 17762, 6021, 88044, 40620, 17304, 58160, 25085, 33801]"
114629,"[105530, 20590, 56653, 12306, 66827, 92203, 61069, 88726, 72911, 53369]"
114630,"[79588, 31280, 34875, 9692, 5395, 11798, 87525, 91219, 93102, 57721]"
114631,"[100130, 33528, 70543, 5253, 84915, 23404, 72442, 62124, 98415, 33121]"
114632,"[1529, 86443, 45303, 19616, 49187, 40066, 21585, 38154, 53069, 83053]"
114633,"[8155, 48155, 79581, 23905, 31299, 98109, 28825, 108797, 4853, 93808]"
114634,"[95480, 57521, 82476, 11993, 9852, 65881, 4141, 68863, 3905, 98361]"
114635,"[76630, 70673, 102690, 25435, 86034, 86692, 87736, 35545, 55558, 102041]"
114636,"[35597, 108865, 100930, 26097, 14823, 101633, 46212, 41155, 65194, 41067]"
114637,"[3577, 109680, 91929, 45603, 71217, 12860, 101901, 30872, 2823, 76]"
114638,"[56838, 105732, 41440, 41917, 44578, 74006, 35898, 100100, 68475, 98121]"
114639,"[82401, 47636, 52048, 92657, 9959, 34379, 103423, 71992, 27159, 24378]"
114640,"[50017, 64100, 73006, 75456, 9250, 41225, 92035, 82547, 23561, 32761]"
114641,"[51827, 74368, 8030, 92949, 15878, 41742, 75949, 32519, 71861, 56888]"
114642,"[80556, 92739, 1188, 28901, 90081, 103014, 88737, 15755, 91697, 45769]"
114643,"[59241, 3284, 2819, 14074, 81776, 87793, 104118, 72245, 56727, 100378]"
114644,"[63485, 63949, 92183, 109514, 10651, 89579, 85797, 61825, 70429, 10994]"
114645,"[8470, 5169, 98194, 44753, 103597, 88563, 43667, 3162, 52810, 76951]"
114646,"[5001, 42106, 100835, 70674, 74128, 92158, 44519, 33200, 32772, 76266]"
114647,"[52930, 83744, 9298, 83623, 31425, 60393, 93896, 42420, 45220, 18548]"
114648,"[101327, 46255, 13894, 82691, 11446, 11919, 3991, 67846, 10983, 90965]"
114649,"[15579, 72376, 40256, 82553, 64395, 9361, 90107, 49135, 65281, 96368]"
114650,"[49991, 61875, 108499, 18247, 74535, 85918, 91080, 54891, 66319, 47671]"
114651,"[26192, 65203, 50811, 57926, 78856, 31899, 50122, 53480, 89422, 81369]"
114652,"[61075, 7315, 51802, 10230, 5455, 56804, 8660, 28315, 25726, 103414]"
114653,"[9652, 10597, 30164, 63357, 52420, 42730, 97261, 95998, 9473, 43251]"
114654,"[80873, 98015, 109400, 22306, 72636, 63793, 61599, 25615, 86767, 89542]"
114655,"[101194, 65605, 82932, 88124, 44154, 1184, 101394, 6226, 95511, 10714]"
114656,"[52273, 109591, 95737, 72902, 8175, 38411, 58262, 98421, 94753, 17540]"
114657,"[86019, 14784, 74600, 38222, 62387, 16956, 15391, 58661, 16445, 92252]"
114658,"[87317, 38551, 9765, 28468, 51678, 97902, 71547, 49166, 34462, 38571]"
114659,"[36732, 15137, 22891, 12233, 64000, 66381, 28072, 106270, 25822, 24469]"
114660,"[94535, 84823, 65346, 40895, 103981, 35121, 84473, 67566, 55746, 15763]"
114661,"[56545, 86408, 96121, 108281, 14539, 78574, 7383, 108389, 5639, 73678]"
114662,"[27432, 96719, 80753, 9051, 18491, 71362, 85417, 31709, 38417, 25079]"
114663,"[41093, 24101, 92394, 41991, 33272, 105964, 37693, 25030, 45524, 29679]"
114664,"[91434, 80726, 98754, 21557, 53502, 7602, 61579, 80442, 74540, 973]"
114665,"[13660, 99003, 103133, 74446, 73229, 17701, 96308, 47264, 30103, 9581]"
114666,"[34432, 78336, 28635, 1019, 88392, 92519, 7366, 24205, 105786, 7875]"
114667,"[3395, 99191, 86532, 66035, 47360, 57702, 48063, 37598, 46451, 55399]"
114668,"[57656, 22573, 108783, 48469, 28461, 52705, 5517, 79507, 87057, 38695]"
114669,"[91103, 44112, 19692, 73875, 102996, 17840, 69931, 106676, 21724, 68573]"
114670,"[101970, 79365, 93135, 90052, 28375, 68835, 55811, 39408, 10375, 16774]"
114671,"[15743, 81763, 105558, 40572, 25492, 33708, 47977, 53625, 19399, 95066]"
114672,"[78110, 7461, 36176, 2150, 40771, 42257, 99405, 71680, 19918, 3336]"
114673,"[20596, 72501, 79335, 5958, 28623, 38988, 78739, 79596, 6724, 103386]"
114674,"[29958, 93531, 69829, 102970, 46662, 28454, 98974, 78077, 105523, 753]"
114675,"[105465, 31021, 107001, 12164, 16933, 100781, 75632, 43278, 47570, 5874]"
114676,"[65282, 80863, 5487, 107146, 64824, 37116, 96046, 14123, 63940, 37681]"
114677,"[24641, 65592, 34505, 36075, 40331, 84070, 77995, 79603, 24434, 25249]"
114678,"[97307, 57606, 84193, 18204, 87252, 29744, 85938, 92799, 51462, 12136]"
114679,"[84033, 47454, 3970, 101901, 71217, 54031, 103265, 49022, 60675, 37696]"
114680,"[96829, 77401, 88387, 52016, 27069, 71057, 87836, 80361, 62198, 80289]"
114681,"[33696, 65449, 52697, 20836, 9907, 102194, 89037, 2180, 89684, 3059]"
114682,"[104741, 53025, 5932, 96584, 26589, 61780, 17376, 3038, 4436, 68449]"
114683,"[52657, 107738, 43039, 46975, 97044, 24002, 45780, 52874, 103676, 59451]"
114684,"[47504, 29837, 99279, 87830, 26670, 40666, 106821, 94506, 27735, 23321]"
114685,"[31098, 51603, 34597, 13451, 34988, 40679, 11241, 99631, 95991, 46404]"
114686,"[16012, 53041, 86304, 13099, 74781, 93796, 70113, 1872, 76351, 49502]"
114687,"[39142, 54865, 31679, 66080, 25170, 93735, 70686, 64954, 71470, 96085]"
114688,"[82856, 47325, 36877, 34633, 84703, 6933, 59961, 13578, 11014, 65259]"
114689,"[42668, 62278, 108839, 53126, 97564, 69827, 32778, 38006, 5246, 25257]"
114690,"[17197, 88507, 4404, 102610, 65237, 65426, 21541, 41810, 84524, 33399]"
114691,"[764, 104269, 105467, 85168, 29583, 84529, 90974, 45784, 89960, 23275]"
114692,"[8154, 107030, 33620, 77707, 15932, 84612, 54159, 53030, 88095, 66959]"
114693,"[77796, 24440, 27234, 22761, 87175, 59669, 55713, 32844, 68000, 57047]"
114694,"[67101, 69469, 64952, 65227, 68164, 45145, 97710, 4914, 35469, 63606]"
114695,"[100783, 11092, 48137, 36451, 40266, 60749, 67388, 20567, 11251, 105364]"
114696,"[33003, 73994, 89890, 96884, 109247, 1904, 11468, 95546, 5265, 82512]"
114697,"[20904, 40414, 17744, 29873, 25095, 99200, 25531, 58767, 105642, 95379]"
114698,"[2598, 32996, 12360, 37534, 35387, 98818, 69761, 99182, 62816, 108314]"
114699,"[96546, 76666, 28040, 93593, 30106, 68530, 69317, 91611, 102687, 42520]"
114700,"[79919, 19388, 28735, 80385, 29421, 4720, 80995, 28117, 69544, 29987]"
114701,"[54189, 70015, 103384, 48347, 88237, 866, 10692, 4710, 8568, 71564]"
114702,"[2616, 29944, 89221, 97626, 248, 827, 105177, 30030, 40374, 55245]"
114703,"[42768, 1690, 74397, 20458, 2183, 70156, 49038, 67987, 100898, 78347]"
114704,"[74790, 64142, 89258, 19291, 15330, 77428, 64396, 62124, 97339, 66086]"
114705,"[71349, 45084, 44574, 106316, 47045, 1204, 84712, 105145, 11440, 97409]"
114706,"[64695, 31763, 108901, 92508, 38801, 78231, 19684, 23144, 1397, 108800]"
114707,"[11973, 9249, 5969, 17069, 66141, 58308, 78942, 3287, 449, 2136]"
114708,"[72315, 8998, 91720, 28245, 106298, 95021, 28029, 97222, 55240, 10892]"
114709,"[101753, 42647, 41017, 103371, 51325, 45594, 14707, 90543, 14675, 13034]"
114710,"[27392, 65503, 1875, 96578, 102277, 36546, 95133, 18015, 53004, 79736]"
114711,"[33760, 52005, 34040, 64960, 55366, 108119, 17995, 63726, 23626, 303]"
114712,"[93276, 23681, 39449, 83329, 73271, 28022, 11078, 106354, 49879, 107448]"
114713,"[13240, 95240, 14775, 93468, 37500, 25237, 32701, 23445, 52347, 17760]"
114714,"[53722, 73246, 39893, 31114, 76456, 46023, 34590, 29851, 68539, 102366]"
114715,"[32781, 3925, 23248, 64996, 14922, 86940, 78710, 73734, 106056, 34653]"
114716,"[87682, 52882, 17969, 12475, 65108, 48493, 20259, 38508, 75068, 10617]"
114717,"[48930, 43322, 95295, 13545, 59099, 40073, 85665, 21961, 94159, 40459]"
114718,"[85643, 61221, 54545, 48291, 96647, 58311, 31771, 36, 23228, 91868]"
114719,"[27768, 1483, 89871, 50247, 101763, 59439, 84028, 101287, 84840, 25723]"
114720,"[30662, 45466, 65772, 34123, 67165, 100720, 14492, 68275, 101083, 50681]"
114721,"[12280, 97754, 50136, 16091, 62914, 50845, 72141, 54738, 65647, 89669]"
114722,"[99169, 50730, 59454, 61433, 48197, 15161, 60922, 53748, 32429, 79554]"
114723,"[33036, 33002, 29851, 100879, 4917, 99267, 108533, 79732, 102379, 66710]"
114724,"[102632, 21907, 82870, 35651, 22485, 52994, 97704, 94471, 28855, 80922]"
114725,"[49329, 64686, 9269, 15084, 68772, 45443, 52740, 58227, 33223, 87484]"
114726,"[58008, 106022, 70948, 11986, 15749, 74004, 24237, 59803, 3743, 36170]"
114727,"[34721, 39200, 4447, 42226, 21254, 104444, 70547, 4813, 73644, 28986]"
114728,"[87601, 32216, 37489, 104987, 75769, 40555, 31803, 79112, 58924, 74910]"
114729,"[60793, 94737, 23721, 94537, 85860, 72460, 5373, 48391, 22387, 81878]"
114730,"[98324, 101182, 31846, 105339, 92564, 62683, 8667, 102089, 87838, 35694]"
114731,"[63871, 4627, 48407, 53052, 103863, 88283, 43509, 100409, 73630, 1670]"
114732,"[38276, 80215, 24716, 80908, 3235, 93038, 43505, 48222, 8158, 101354]"
114733,"[84150, 46654, 91757, 95743, 79662, 96601, 85312, 4238, 80132, 57666]"
114734,"[55025, 82216, 1305, 7285, 59204, 60959, 3355, 78789, 27683, 82416]"
114735,"[16766, 101304, 36798, 42238, 53184, 62522, 11323, 17864, 103132, 74438]"
114736,"[39416, 96537, 67971, 93384, 91955, 91351, 29584, 76277, 57500, 101535]"
114737,"[5249, 28653, 17160, 96436, 32573, 102116, 7464, 26562, 65280, 64951]"
114738,"[37573, 58350, 105791, 35812, 1327, 76958, 91064, 75117, 53561, 3952]"
114739,"[4834, 47630, 18093, 87347, 72665, 4322, 78883, 16508, 109380, 46755]"
114740,"[56510, 25337, 16380, 573, 21776, 87233, 67674, 60264, 46909, 72679]"
114741,"[108302, 87782, 68584, 56785, 5631, 80023, 12366, 65594, 48558, 2234]"
114742,"[107959, 47826, 25389, 69256, 38718, 39480, 40412, 103519, 33384, 109004]"
114743,"[175, 18641, 89739, 75954, 18855, 101190, 57402, 91072, 3636, 31724]"
114744,"[94630, 27884, 39352, 11731, 109206, 82253, 90623, 19868, 60135, 91771]"
114745,"[57040, 63247, 36429, 84192, 84476, 13740, 4208, 4694, 64666, 98207]"
114746,"[61536, 40018, 51332, 34352, 59889, 65455, 57575, 28155, 97007, 87588]"
114747,"[9171, 85263, 107545, 28178, 93053, 41423, 74098, 74122, 104285, 45068]"
114748,"[82189, 21101, 54227, 22707, 82694, 76549, 90494, 61849, 78052, 15023]"
114749,"[68393, 6056, 31297, 25251, 58702, 73749, 22365, 50364, 65912, 107438]"
114750,"[72910, 103182, 97823, 103302, 62707, 107864, 49113, 88979, 6410, 51007]"
114751,"[31621, 76829, 78646, 37555, 71502, 54368, 78171, 108281, 14539, 75062]"
114752,"[27567, 9462, 81896, 64689, 80103, 23868, 86646, 58089, 70404, 17262]"
114753,"[19507, 23652, 82344, 5372, 88612, 108310, 27829, 69524, 13756, 60569]"
114754,"[66347, 94817, 38381, 8446, 14338, 50855, 58176, 59964, 80886, 57185]"
114755,"[23933, 80622, 77032, 18685, 71023, 38274, 41866, 2091, 84374, 46831]"
114756,"[47242, 16429, 5380, 8633, 109099, 90922, 97604, 93542, 30888, 9173]"
114757,"[21246, 101496, 80086, 45195, 65330, 25431, 24969, 43315, 73784, 10460]"
114758,"[95957, 3861, 101288, 61935, 35433, 16911, 85791, 69307, 57817, 43221]"
114759,"[23587, 70780, 72558, 78961, 98102, 21411, 74832, 51270, 28778, 822]"
114760,"[5490, 4377, 94617, 64410, 88010, 78500, 56597, 85889, 55020, 50999]"
114761,"[27296, 89773, 69446, 74599, 87390, 65410, 25405, 75651, 66465, 83465]"
114762,"[46220, 39780, 49919, 1161, 85360, 20614, 47058, 19305, 87446, 75523]"
114763,"[15637, 25042, 56223, 87532, 33496, 99810, 298, 66389, 108762, 22196]"
114764,"[12183, 78719, 19911, 41754, 81930, 46519, 81419, 77035, 32878, 7430]"
114765,"[66275, 7833, 11272, 89373, 34368, 29607, 7104, 90959, 63066, 5399]"
114766,"[68328, 48943, 37569, 103087, 20279, 92586, 96248, 89114, 97349, 87350]"
114767,"[97523, 32399, 99056, 103826, 44805, 26267, 42112, 75469, 51967, 1356]"
114768,"[103124, 79210, 17323, 84208, 21330, 75825, 86004, 103784, 19020, 80638]"
114769,"[104130, 26292, 28390, 58984, 56768, 5056, 46531, 36164, 1863, 55224]"
114770,"[11733, 19418, 10026, 81569, 38482, 19684, 43584, 16411, 16142, 7563]"
114771,"[31756, 27659, 29159, 3887, 3341, 101618, 47227, 62899, 12977, 63910]"
114772,"[56272, 10167, 43734, 72550, 9647, 43645, 87318, 33177, 29427, 102713]"
114773,"[1337, 85398, 76851, 34318, 97929, 94249, 54052, 86606, 64177, 33205]"
114774,"[30338, 109505, 90737, 13012, 21240, 56963, 22488, 17456, 22351, 94957]"
114775,"[67444, 59438, 66163, 103, 24196, 30807, 9100, 83489, 71073, 77366]"
114776,"[366, 32001, 8737, 50724, 106338, 83872, 51648, 22646, 83807, 23558]"
114777,"[16226, 35006, 37344, 106889, 203, 14161, 104382, 98741, 60599, 2498]"
114778,"[5781, 13035, 21989, 93114, 2507, 100832, 4722, 5191, 45425, 37325]"
114779,"[97878, 90527, 25348, 8663, 100724, 99322, 97567, 9209, 66642, 8860]"
114780,"[50230, 33260, 99685, 41488, 16103, 18931, 46798, 12448, 73268, 102250]"
114781,"[63999, 97146, 29862, 38320, 31106, 96407, 83360, 53769, 4011, 15524]"
114782,"[48338, 50253, 11562, 20574, 16330, 41998, 61308, 6557, 40994, 92629]"
114783,"[36596, 85496, 90604, 38860, 100238, 109372, 100403, 10805, 24501, 52381]"
114784,"[55826, 15368, 13306, 72053, 46137, 24102, 10152, 59851, 51422, 42572]"
114785,"[88102, 66584, 33116, 9336, 23808, 25508, 59997, 7354, 19653, 41286]"
114786,"[21615, 56685, 60742, 37617, 24349, 10106, 53503, 32185, 63565, 39212]"
114787,"[5200, 63689, 109523, 19847, 93892, 35974, 18097, 7130, 60861, 8142]"
114788,"[89427, 59101, 63236, 48750, 90049, 76315, 53984, 95770, 85982, 108818]"
114789,"[69268, 79117, 49915, 68822, 17488, 5538, 88948, 97223, 108135, 80833]"
114790,"[84837, 82167, 11085, 30204, 19696, 36848, 733, 35808, 23398, 19649]"
114791,"[25560, 67836, 38265, 80566, 6858, 104575, 6592, 20970, 83222, 44121]"
114792,"[36778, 11769, 60232, 88209, 8349, 3195, 21804, 100266, 22710, 53211]"
114793,"[24443, 49509, 67614, 104280, 63614, 61343, 56681, 28190, 60911, 79405]"
114794,"[40531, 92693, 45025, 6217, 98555, 104878, 101163, 96969, 84177, 68255]"
114795,"[31149, 16542, 8516, 28276, 45309, 88122, 56279, 109089, 38428, 66849]"
114796,"[79394, 95805, 74383, 109333, 79678, 67364, 3418, 33270, 89497, 43077]"
114797,"[16991, 70530, 51449, 35275, 19683, 16644, 22498, 93893, 91063, 22497]"
114798,"[102607, 82227, 94426, 101636, 102782, 47725, 96378, 38193, 69468, 3595]"
114799,"[75192, 44707, 1062, 19284, 77036, 49464, 17689, 35719, 106850, 3281]"
114800,"[72494, 33208, 94661, 76896, 3364, 65532, 56481, 41964, 32883, 71007]"
114801,"[84575, 56995, 20704, 39069, 85747, 100453, 58259, 108512, 66159, 23912]"
114802,"[40231, 100702, 48562, 18427, 23197, 8072, 97723, 86510, 88750, 86562]"
114803,"[2814, 105119, 153, 73919, 35509, 31111, 79263, 83304, 94985, 42128]"
114804,"[96943, 77801, 1398, 109317, 69163, 49005, 60713, 86712, 88011, 70567]"
114805,"[95943, 56221, 61905, 79377, 81413, 99502, 6200, 72300, 9767, 19089]"
114806,"[80589, 107167, 103388, 26566, 8178, 67805, 91676, 75961, 100044, 87510]"
114807,"[203, 83425, 58147, 19979, 89039, 83703, 27147, 77454, 11413, 106889]"
114808,"[40282, 43820, 82325, 58892, 31101, 96568, 6617, 81263, 39887, 16676]"
114809,"[87459, 46691, 84835, 100755, 18802, 65916, 20476, 24442, 84920, 73710]"
114810,"[49126, 78906, 108767, 37771, 105502, 81482, 55407, 35588, 3197, 87791]"
114811,"[30435, 70288, 15968, 47128, 56603, 32251, 7268, 78926, 109225, 49440]"
114812,"[85616, 4957, 52860, 46423, 83484, 8063, 64865, 23466, 86701, 70576]"
114813,"[106243, 100999, 43059, 29719, 43989, 85553, 61135, 2918, 94332, 46509]"
114814,"[13073, 72574, 54650, 75401, 64631, 49083, 71640, 84003, 103118, 16593]"
114815,"[70560, 35230, 24586, 7777, 45007, 21139, 49562, 9425, 42557, 61641]"
114816,"[90153, 98094, 38301, 90137, 27186, 697, 103095, 95996, 49237, 58856]"
114817,"[46672, 55990, 85415, 17425, 81932, 28665, 89419, 109355, 92240, 15219]"
114818,"[42490, 73999, 72563, 86773, 66930, 62304, 56560, 109452, 82549, 100871]"
114819,"[68195, 108416, 74556, 63678, 80932, 97198, 6168, 60416, 6066, 26666]"
114820,"[54308, 8972, 32212, 104540, 91834, 39564, 8326, 81354, 13853, 71274]"
114821,"[48669, 106221, 32879, 104425, 103579, 91868, 58311, 77276, 44967, 98387]"
114822,"[92543, 99746, 26079, 36899, 93196, 34902, 6046, 89604, 49858, 100320]"
114823,"[108281, 14539, 31120, 100618, 88910, 101306, 11698, 16038, 104824, 59216]"
114824,"[88429, 89520, 32818, 47507, 74739, 40979, 109022, 94953, 71807, 19069]"
114825,"[91744, 27446, 73794, 70345, 10350, 95427, 23326, 8084, 44685, 72063]"
114826,"[4274, 53196, 100696, 97844, 8714, 26831, 18454, 76761, 76430, 25106]"
114827,"[56300, 74734, 50419, 35208, 89097, 99648, 16004, 94399, 4935, 109653]"
114828,"[102459, 82351, 105579, 17194, 80779, 33237, 27710, 29724, 562, 46713]"
114829,"[89461, 17631, 10742, 30342, 37954, 84214, 63011, 22633, 34842, 1015]"
114830,"[106337, 95331, 99765, 89093, 73531, 73247, 86111, 93741, 47935, 77354]"
114831,"[29514, 54221, 70972, 27758, 59244, 67818, 52629, 100743, 24658, 52773]"
114832,"[93924, 105581, 72230, 107599, 53965, 102744, 7638, 7481, 39905, 97103]"
114833,"[29358, 53955, 48179, 42557, 108388, 92808, 58779, 79184, 35230, 90645]"
114834,"[30802, 93179, 42006, 2324, 20591, 54655, 4629, 44027, 97776, 23567]"
114835,"[16580, 96935, 42644, 10716, 10040, 29804, 62001, 27365, 80661, 75080]"
114836,"[104768, 84758, 98890, 30862, 80348, 86334, 79848, 95182, 90358, 70187]"
114837,"[39698, 64423, 60925, 37418, 17440, 21126, 21547, 67864, 17280, 59810]"
114838,"[6322, 68303, 65612, 60386, 30597, 68253, 68863, 65881, 67688, 4181]"
114839,"[91580, 104881, 3787, 82537, 37337, 108041, 38618, 7770, 109614, 68172]"
114840,"[105270, 77649, 42647, 41017, 101753, 21515, 88496, 71175, 43660, 97350]"
114841,"[634, 26848, 4798, 706, 54422, 41956, 57826, 100175, 80625, 42135]"
114842,"[22611, 10882, 14548, 17031, 19523, 102187, 30391, 88846, 71010, 17235]"
114843,"[65340, 104818, 6254, 28282, 19906, 50612, 24116, 104313, 44660, 71657]"
114844,"[41050, 71375, 76087, 17754, 65885, 324, 53103, 107374, 13255, 1415]"
114845,"[78143, 16533, 22939, 11338, 14347, 61571, 11541, 102371, 52133, 11957]"
114846,"[90257, 25131, 88275, 37408, 39716, 36538, 52541, 95635, 104272, 59877]"
114847,"[10519, 59573, 100728, 32876, 21805, 60148, 69168, 80545, 40716, 94947]"
114848,"[53957, 51330, 65672, 88759, 72249, 8798, 84481, 14757, 105112, 41141]"
114849,"[83521, 90111, 108209, 36698, 16719, 63090, 42105, 93864, 89850, 31325]"
114850,"[74600, 8034, 100561, 15391, 58661, 87659, 16956, 38222, 24267, 37982]"
114851,"[109244, 94777, 16595, 100562, 91210, 78885, 39145, 68269, 70080, 32553]"
114852,"[63216, 77669, 20625, 71429, 84985, 55680, 27053, 51738, 60003, 87794]"
114853,"[68266, 93938, 49172, 31136, 2129, 19971, 109106, 31446, 84671, 20157]"
114854,"[2579, 1187, 21795, 91809, 41626, 73398, 98017, 96395, 38725, 36722]"
114855,"[100766, 77650, 107610, 60445, 18504, 80085, 13529, 34336, 80009, 71412]"
114856,"[6658, 33798, 11366, 21155, 867, 95533, 98075, 60215, 61123, 87052]"
114857,"[74496, 33089, 41812, 92773, 19778, 19657, 89399, 7475, 96156, 36279]"
114858,"[9786, 38938, 60405, 18422, 72625, 121, 81515, 66628, 53073, 5299]"
114859,"[60628, 82234, 68951, 75930, 43653, 53578, 48858, 31929, 60098, 21251]"
114860,"[3791, 85865, 43367, 21215, 23595, 53888, 31558, 59772, 50185, 4679]"
114861,"[24882, 90370, 22244, 60964, 83681, 90673, 21113, 8499, 19973, 839]"
114862,"[77535, 68670, 32551, 39087, 63712, 59926, 5709, 74827, 59566, 20949]"
114863,"[78838, 44328, 72192, 68690, 43925, 10017, 83033, 24378, 34440, 97616]"
114864,"[50444, 21518, 75742, 34019, 73286, 45947, 1705, 72777, 80934, 14654]"
114865,"[103723, 53750, 28290, 94268, 98034, 85980, 101787, 107151, 102283, 64829]"
114866,"[43418, 48807, 15703, 22516, 85392, 18726, 61037, 91235, 92207, 15375]"
114867,"[16825, 67811, 17842, 9662, 95295, 43322, 13545, 80591, 86377, 44358]"
114868,"[21126, 17440, 21547, 89505, 106061, 70568, 37271, 23898, 81788, 76014]"
114869,"[10478, 42279, 68940, 66255, 2115, 104857, 99295, 36315, 17239, 36419]"
114870,"[30046, 104305, 72833, 107710, 5404, 10052, 6979, 54926, 59786, 21297]"
114871,"[36900, 91282, 64363, 30404, 38956, 83036, 43560, 2587, 15072, 15519]"
114872,"[105668, 66289, 89904, 43794, 68776, 90963, 38991, 54401, 65777, 54389]"
114873,"[105450, 71502, 54368, 60107, 37555, 78646, 76829, 54491, 107394, 5639]"
114874,"[84505, 53093, 78468, 47694, 109272, 105150, 3315, 68368, 40148, 97334]"
114875,"[98909, 54823, 27887, 90206, 19814, 99007, 39029, 84941, 29243, 46032]"
114876,"[63974, 32042, 71601, 104284, 64647, 19367, 7567, 35941, 43744, 36610]"
114877,"[23741, 10734, 59226, 39864, 102980, 101406, 70308, 2804, 97321, 33718]"
114878,"[39936, 16296, 82100, 296, 72710, 89823, 5726, 45440, 81202, 90984]"
114879,"[20909, 97385, 70187, 13238, 27037, 102265, 60522, 32302, 2601, 106816]"
114880,"[33064, 18843, 26946, 66776, 87455, 87913, 51018, 53568, 91713, 38985]"
114881,"[33788, 36656, 14033, 108933, 96166, 9069, 65716, 42110, 101486, 103871]"
114882,"[54608, 784, 65560, 26151, 47569, 38801, 14181, 39339, 80413, 11292]"
114883,"[58770, 10973, 102372, 86821, 94196, 75756, 66756, 89309, 102284, 4246]"
114884,"[76139, 20354, 86543, 38389, 1917, 62150, 15354, 28825, 75981, 86658]"
114885,"[1910, 78717, 11912, 44973, 27113, 68416, 108935, 65377, 5601, 68493]"
114886,"[78597, 98536, 51070, 46199, 25113, 58890, 6425, 79045, 78900, 57395]"
114887,"[65846, 95377, 92331, 27934, 107812, 82295, 66458, 73843, 26532, 67224]"
114888,"[58803, 10505, 42957, 108024, 19158, 63798, 30711, 32183, 60423, 44551]"
114889,"[17251, 39509, 93208, 39682, 43051, 85142, 35345, 34398, 38143, 49575]"
114890,"[19266, 8204, 35368, 108552, 50368, 74196, 42709, 42275, 100839, 22047]"
114891,"[53618, 106449, 74090, 10644, 33076, 24678, 38725, 44895, 39062, 53254]"
114892,"[57443, 37614, 75793, 47755, 94917, 67902, 55102, 5077, 61526, 50859]"
114893,"[52732, 30722, 52232, 24634, 74541, 39758, 87618, 52160, 22142, 94008]"
114894,"[109103, 26052, 35596, 93736, 88915, 61720, 7644, 100231, 464, 56909]"
114895,"[5384, 7555, 3614, 38476, 48650, 87757, 7390, 48365, 46171, 65140]"
114896,"[43505, 49492, 101354, 101095, 19317, 24716, 80215, 38276, 48222, 8158]"
114897,"[108068, 42947, 4861, 86487, 23109, 19005, 7408, 103024, 46177, 67513]"
114898,"[89481, 44893, 37079, 28179, 19691, 36568, 46452, 39661, 47484, 70100]"
114899,"[49345, 93198, 8531, 95032, 95581, 54523, 62073, 38384, 27628, 33529]"
114900,"[5485, 89878, 32406, 12824, 96059, 12392, 61740, 54739, 72653, 16237]"
114901,"[9219, 97637, 75950, 35563, 68059, 36208, 13702, 66646, 101635, 61261]"
114902,"[40881, 46292, 22948, 78038, 13086, 98079, 4226, 24758, 27627, 13866]"
114903,"[100651, 12198, 75665, 35739, 97267, 31661, 2387, 95271, 66284, 31815]"
114904,"[83843, 54556, 12558, 107515, 41711, 5354, 92524, 88024, 54984, 46991]"
114905,"[32395, 13672, 101040, 109340, 35820, 68882, 18810, 33271, 23385, 95525]"
114906,"[88254, 36839, 56479, 52280, 3042, 9369, 48413, 62346, 89159, 12078]"
114907,"[289, 61889, 33449, 103990, 77896, 91546, 101609, 39742, 50948, 85904]"
114908,"[72568, 25235, 18754, 71451, 59468, 55996, 64113, 11853, 48776, 106397]"
114909,"[54951, 15240, 23155, 65725, 41518, 38671, 20153, 106756, 62281, 52361]"
114910,"[23522, 16741, 17673, 80983, 94376, 61958, 83392, 109537, 19786, 36763]"
114911,"[3036, 19619, 99304, 72227, 72805, 90666, 92285, 82880, 104163, 70525]"
114912,"[82383, 100510, 92718, 67365, 96362, 109745, 34811, 104391, 71720, 57499]"
114913,"[31815, 2387, 100834, 27883, 85911, 49025, 59138, 31661, 31811, 12198]"
114914,"[88072, 43345, 92706, 84155, 97523, 42112, 51967, 75469, 1356, 32399]"
114915,"[9752, 12319, 90637, 4878, 1179, 67731, 66361, 10410, 20709, 6207]"
114916,"[88884, 102404, 53245, 2041, 44921, 88891, 107710, 51556, 109745, 94465]"
114917,"[90099, 76452, 39691, 108412, 93599, 74815, 93649, 43721, 29299, 65670]"
114918,"[33310, 96534, 47622, 84377, 101096, 80420, 109558, 72051, 104064, 30505]"
114919,"[33048, 24359, 65421, 42822, 53892, 26247, 85584, 4806, 22872, 20317]"
114920,"[87648, 23915, 34954, 28026, 66153, 19677, 49112, 126, 37505, 92812]"
114921,"[81563, 50134, 97505, 9842, 67098, 10601, 114, 51182, 11175, 53775]"
114922,"[75489, 46275, 145, 85026, 50382, 12079, 78244, 81505, 52591, 39950]"
114923,"[98833, 20377, 8186, 92904, 99704, 53452, 106077, 37660, 75897, 35796]"
114924,"[63653, 41206, 14670, 104018, 46795, 56905, 7011, 97554, 14400, 68302]"
114925,"[88312, 32319, 87139, 31902, 100861, 23950, 73513, 83660, 29832, 99743]"
114926,"[89392, 78930, 92636, 72698, 70237, 85458, 19676, 31338, 79995, 29951]"
114927,"[76217, 22693, 65962, 2708, 100669, 66141, 87149, 191, 13282, 75934]"
114928,"[77256, 108876, 61179, 103457, 98839, 81206, 13205, 27903, 27058, 107299]"
114929,"[95462, 92157, 32049, 71534, 68081, 19529, 15731, 19849, 104876, 43550]"
114930,"[64367, 16495, 109741, 87106, 1903, 51345, 90711, 52631, 68837, 76620]"
114931,"[83944, 105605, 25735, 96613, 45389, 42245, 3363, 96802, 69162, 32600]"
114932,"[31140, 53373, 10968, 23283, 82486, 57564, 27980, 70128, 75869, 48055]"
114933,"[38545, 38256, 52057, 17933, 106092, 23771, 51286, 91028, 35366, 53470]"
114934,"[60722, 33512, 26090, 92866, 69025, 18980, 38560, 43771, 84621, 376]"
114935,"[94606, 97935, 97730, 9034, 42820, 98233, 10150, 59293, 94685, 93548]"
114936,"[46431, 3614, 95269, 99082, 41642, 44162, 107074, 93708, 41117, 79369]"
114937,"[30687, 42444, 65787, 39588, 29581, 101597, 53585, 84600, 44089, 100971]"
114938,"[47350, 46960, 99793, 50426, 101561, 41399, 33769, 62591, 49163, 83734]"
114939,"[53590, 73722, 85337, 109267, 70297, 68655, 61270, 78547, 77983, 95990]"
114940,"[90179, 48895, 92911, 38391, 77915, 27084, 85705, 105257, 93660, 67317]"
114941,"[104236, 2888, 44059, 12024, 70320, 63538, 76858, 101959, 62763, 86471]"
114942,"[27929, 83543, 39865, 44639, 49818, 48596, 37440, 94279, 102720, 4725]"
114943,"[70979, 89486, 28826, 51518, 34390, 53132, 102337, 67322, 79838, 26903]"
114944,"[19820, 14426, 103442, 64914, 38310, 102707, 20388, 34771, 30753, 15504]"
114945,"[74426, 89683, 101078, 85179, 18510, 3031, 50201, 25765, 31922, 70646]"
114946,"[27087, 94333, 18841, 74510, 47857, 83612, 25949, 93541, 65813, 58111]"
114947,"[15173, 100810, 99019, 59906, 44082, 50253, 61308, 77030, 74888, 26210]"
114948,"[93432, 5183, 67326, 34958, 24510, 89664, 79766, 13774, 71778, 13519]"
114949,"[77806, 54880, 58742, 54720, 78558, 28446, 69804, 75230, 30022, 56739]"
114950,"[25558, 32791, 56117, 4812, 73576, 92229, 83854, 71567, 100499, 48522]"
114951,"[937, 30537, 18315, 70299, 11705, 44832, 72708, 16636, 74536, 13499]"
114952,"[23722, 102075, 36083, 57813, 17922, 77748, 97301, 97992, 78972, 57504]"
114953,"[75383, 106968, 50943, 77945, 69723, 79221, 80581, 90013, 45655, 90244]"
114954,"[42730, 82833, 78879, 11536, 8026, 8318, 75710, 97261, 95998, 9652]"
114955,"[11278, 98412, 70030, 84590, 7912, 40747, 98949, 43426, 61106, 43377]"
114956,"[17536, 82977, 45777, 18198, 94616, 78104, 71061, 103128, 4811, 57517]"
114957,"[75202, 35549, 19801, 76369, 29495, 210, 65866, 30675, 91947, 87524]"
114958,"[14579, 109113, 87991, 53036, 950, 24422, 33470, 47814, 1531, 38874]"
114959,"[67782, 68257, 75085, 84760, 87860, 26328, 54486, 60747, 10114, 96490]"
114960,"[47075, 30832, 43795, 30981, 82269, 90807, 25595, 24414, 84205, 61222]"
114961,"[73775, 51671, 73993, 6847, 50223, 44266, 57237, 5755, 11241, 84578]"
114962,"[16152, 24454, 1022, 87280, 69623, 41738, 101626, 58530, 20327, 94949]"
114963,"[28309, 59145, 40039, 3921, 22440, 25406, 84093, 25577, 11480, 63790]"
114964,"[6982, 70498, 89963, 61658, 67084, 93919, 108594, 104450, 30586, 87483]"
114965,"[15264, 53722, 99854, 68539, 102366, 34590, 29851, 49568, 106838, 33002]"
114966,"[17380, 47198, 21723, 97123, 35768, 49213, 83819, 29775, 63679, 36082]"
114967,"[38691, 53062, 51746, 66999, 94577, 21803, 40892, 28518, 87429, 4805]"
114968,"[77474, 78787, 39291, 77740, 35060, 30084, 42641, 12083, 83949, 44305]"
114969,"[74299, 55109, 108808, 30427, 30700, 47562, 59896, 20598, 66278, 62160]"
114970,"[42889, 16122, 35955, 105858, 98456, 4527, 69091, 22254, 494, 109149]"
114971,"[93882, 93269, 40186, 106569, 98899, 78779, 78226, 77267, 108032, 7345]"
114972,"[106604, 87521, 81783, 67122, 30141, 91170, 14279, 56246, 20413, 92752]"
114973,"[79544, 75447, 18280, 47631, 60752, 11444, 24634, 88342, 34415, 43491]"
114974,"[17220, 53467, 29087, 59030, 42309, 75203, 78752, 91750, 95857, 49463]"
114975,"[103053, 79579, 57063, 20504, 81105, 45186, 12265, 88180, 20313, 109067]"
114976,"[66073, 106714, 817, 64911, 7215, 97606, 10498, 6065, 46015, 100113]"
114977,"[73195, 60299, 102410, 50136, 72836, 46340, 23328, 37951, 17097, 70670]"
114978,"[56105, 109014, 68594, 68353, 13506, 69011, 50491, 87448, 40290, 58817]"
114979,"[57140, 76462, 11143, 101029, 19989, 82712, 102668, 18230, 38469, 73604]"
114980,"[57399, 20216, 26040, 107928, 103643, 6325, 47746, 44937, 38284, 95203]"
114981,"[2996, 88004, 45251, 96937, 17642, 86661, 28699, 76814, 29758, 104928]"
114982,"[85667, 25138, 99903, 102561, 101591, 60826, 62677, 95548, 62131, 55306]"
114983,"[103104, 50760, 41846, 16189, 58568, 13080, 66376, 41844, 47363, 63391]"
114984,"[2321, 109649, 988, 62196, 62046, 105071, 7736, 74788, 105684, 44768]"
114985,"[97959, 63859, 98732, 48060, 15791, 56834, 48386, 102096, 39047, 16011]"
114986,"[93475, 104067, 11639, 61701, 56970, 42076, 100121, 109073, 95175, 27938]"
114987,"[3784, 7347, 74146, 55024, 48723, 71513, 99430, 13088, 40026, 50077]"
114988,"[58653, 42007, 72468, 65813, 58111, 16696, 101209, 94333, 18841, 87054]"
114989,"[37797, 26195, 56150, 13998, 40435, 72913, 80761, 31359, 94309, 4315]"
114990,"[32739, 37496, 43861, 5180, 73565, 64168, 2890, 24426, 27747, 98284]"
114991,"[38362, 31215, 42982, 56173, 62308, 45918, 18470, 8223, 80940, 7032]"
114992,"[48639, 51658, 52470, 54725, 20344, 27247, 17910, 101002, 99016, 24164]"
114993,"[31109, 69409, 47774, 96672, 32608, 46523, 82761, 75170, 844, 54935]"
114994,"[70813, 70052, 24355, 34362, 74195, 14900, 12607, 85498, 75027, 105967]"
114995,"[38219, 26689, 13812, 109762, 78679, 59030, 106479, 16796, 14938, 17304]"
114996,"[15461, 11648, 36679, 724, 51828, 71864, 109033, 41223, 65780, 45537]"
114997,"[82058, 9222, 48507, 869, 87388, 43429, 46910, 75723, 64567, 43967]"
114998,"[76416, 108662, 98766, 27612, 103067, 70586, 63254, 48991, 22201, 57947]"
114999,"[21814, 58022, 71192, 66537, 32080, 30097, 81586, 109390, 105393, 103235]"
115000,"[101811, 87126, 62944, 86016, 68535, 88008, 21596, 47779, 109286, 85639]"
115001,"[5551, 103472, 106130, 54283, 1524, 89295, 37871, 103872, 6710, 22311]"
115002,"[35197, 81025, 74512, 5733, 107423, 25618, 87379, 68833, 56706, 20602]"
115003,"[91394, 14185, 57929, 54919, 59122, 35956, 28249, 57600, 20348, 45727]"
115004,"[107135, 36846, 106018, 84370, 21009, 93145, 5684, 35998, 68016, 75517]"
115005,"[86513, 18761, 91697, 99699, 65185, 95050, 27933, 24106, 45728, 22188]"
115006,"[33858, 22357, 25927, 78056, 70680, 45342, 97858, 44423, 21752, 16615]"
115007,"[35443, 78440, 58226, 88671, 43947, 37206, 41127, 52353, 37467, 58393]"
115008,"[7883, 51753, 4735, 3522, 37832, 53149, 43615, 19239, 9489, 42945]"
115009,"[23359, 56742, 72216, 90446, 57526, 102241, 34069, 91333, 67524, 23904]"
115010,"[16997, 63625, 1371, 97970, 39961, 93329, 82389, 45217, 74900, 36135]"
115011,"[27122, 27811, 29074, 33244, 14260, 41320, 88095, 18163, 93018, 59761]"
115012,"[104400, 11611, 41457, 36229, 73426, 108170, 12966, 83784, 45427, 80114]"
115013,"[102575, 35725, 38828, 8702, 61713, 59500, 71531, 101933, 13090, 66942]"
115014,"[72443, 105608, 109771, 82769, 41036, 86362, 16352, 75375, 50326, 17666]"
115015,"[44218, 60705, 24871, 83273, 61980, 73000, 18085, 77822, 47978, 92961]"
115016,"[95538, 76452, 43721, 89715, 25048, 29299, 29477, 105463, 76047, 83284]"
115017,"[26056, 14936, 64188, 49327, 72807, 104536, 95722, 101661, 34255, 49082]"
115018,"[54622, 50494, 58329, 71643, 66996, 67142, 61704, 100877, 94027, 17606]"
115019,"[37817, 109117, 105086, 75796, 103883, 74419, 18479, 55945, 22526, 34028]"
115020,"[22536, 46176, 44617, 8217, 87218, 99347, 26805, 29671, 50904, 80722]"
115021,"[46075, 96725, 6103, 109288, 73306, 104719, 34626, 70484, 88750, 74332]"
115022,"[51479, 84445, 63300, 61820, 106980, 23111, 70123, 19533, 51493, 52785]"
115023,"[87465, 49525, 23041, 74070, 92841, 36117, 38124, 28804, 5327, 6942]"
115024,"[90706, 63620, 76450, 37791, 46086, 27361, 38010, 71940, 28968, 5363]"
115025,"[50177, 36369, 81780, 22607, 22936, 36702, 7662, 90834, 19333, 60797]"
115026,"[77846, 66284, 14115, 85516, 44459, 20515, 5544, 36072, 71480, 57268]"
115027,"[58243, 76244, 44344, 62730, 42515, 30406, 50614, 37896, 72552, 102852]"
115028,"[98131, 38470, 59917, 90693, 18976, 108115, 91667, 82006, 68946, 41306]"
115029,"[17110, 40375, 63156, 10771, 94910, 41966, 102506, 17204, 46411, 84230]"
115030,"[21008, 23607, 50148, 86746, 46751, 23703, 89765, 107703, 1074, 46626]"
115031,"[68514, 70729, 43004, 70800, 72658, 93315, 91861, 57169, 10506, 11547]"
115032,"[36157, 54469, 22280, 103726, 81892, 39648, 49869, 74057, 53701, 39750]"
115033,"[12081, 60826, 100161, 62677, 102561, 95548, 99903, 62131, 85667, 55306]"
115034,"[101348, 104646, 71990, 37243, 79255, 109347, 21977, 3120, 42682, 55842]"
115035,"[15618, 62073, 17515, 64738, 88294, 26096, 47635, 72450, 96902, 71684]"
115036,"[65920, 91997, 81501, 29403, 109065, 27677, 76160, 84346, 24126, 72960]"
115037,"[88199, 67549, 39906, 17776, 76441, 51891, 107942, 109682, 6232, 89380]"
115038,"[72409, 4003, 95649, 18636, 58560, 8754, 83911, 75696, 107856, 20065]"
115039,"[38785, 32786, 75981, 48317, 3571, 90119, 15597, 79967, 56910, 44449]"
115040,"[55228, 71653, 28711, 69990, 86583, 47273, 20114, 5430, 67662, 107257]"
115041,"[20345, 96533, 46807, 233, 80377, 74109, 59139, 64027, 62635, 55669]"
115042,"[22254, 8127, 41684, 90033, 20513, 50984, 83492, 98189, 26526, 95081]"
115043,"[89788, 106973, 22206, 5654, 91451, 3499, 103331, 47515, 105121, 920]"
115044,"[9036, 80850, 33025, 30150, 70062, 34252, 88375, 46265, 104779, 67952]"
115045,"[88566, 34462, 37993, 1344, 71547, 75506, 75003, 47565, 56231, 76668]"
115046,"[91377, 61277, 49068, 15135, 103326, 892, 93850, 74354, 62713, 82627]"
115047,"[105682, 24893, 101330, 43796, 20869, 94918, 22743, 5637, 70164, 29380]"
115048,"[11517, 76515, 42901, 43408, 62737, 29877, 14673, 67119, 81135, 33264]"
115049,"[86583, 40400, 28711, 69990, 90165, 91562, 55228, 71653, 56036, 39426]"
115050,"[103406, 43713, 13365, 46618, 41721, 46078, 47532, 31172, 105490, 18653]"
115051,"[48047, 62370, 73540, 96971, 102280, 56972, 22575, 108718, 1382, 37788]"
115052,"[66306, 83172, 93473, 96820, 69236, 68932, 42100, 33171, 52224, 61890]"
115053,"[39717, 81357, 42884, 25160, 7924, 75957, 93347, 95910, 21746, 71008]"
115054,"[33756, 46395, 95470, 24609, 23937, 46439, 70089, 104075, 52617, 84716]"
115055,"[2977, 254, 100638, 109514, 70429, 79253, 63485, 66071, 76584, 27442]"
115056,"[106727, 57224, 79980, 78391, 32731, 107762, 45004, 52921, 60746, 55153]"
115057,"[58917, 98831, 37845, 104817, 57486, 68471, 17369, 108744, 105689, 106150]"
115058,"[92385, 47002, 75520, 15902, 24405, 69328, 47158, 62532, 45229, 78369]"
115059,"[4448, 13081, 13843, 10041, 4272, 25996, 7111, 62329, 98224, 6481]"
115060,"[59047, 62270, 56508, 91769, 11268, 32831, 80309, 49564, 72151, 17845]"
115061,"[15522, 69271, 56427, 5163, 16600, 58143, 77978, 11510, 104201, 74661]"
115062,"[12938, 36821, 39809, 108415, 90245, 76473, 70264, 74130, 49607, 46920]"
115063,"[61094, 49699, 94838, 64821, 84660, 42571, 100446, 26892, 64909, 48250]"
115064,"[47638, 1974, 2723, 30855, 91333, 67524, 98162, 32301, 5338, 85445]"
115065,"[36789, 1141, 3526, 7815, 24741, 75524, 39764, 64659, 33674, 68894]"
115066,"[77057, 44293, 3562, 94723, 95278, 72070, 74370, 19374, 90571, 5243]"
115067,"[33379, 88034, 50323, 50584, 70127, 84300, 42987, 56491, 98183, 20008]"
115068,"[10050, 71575, 92639, 66202, 90128, 30919, 53675, 26461, 88395, 11874]"
115069,"[83527, 72902, 52028, 89706, 41611, 94588, 7649, 100599, 68645, 105962]"
115070,"[83163, 35797, 6853, 13683, 70294, 26582, 7512, 89535, 67338, 46485]"
115071,"[69170, 78114, 44644, 62438, 38600, 92931, 36059, 18864, 44460, 81023]"
115072,"[53275, 4863, 2148, 87276, 12864, 48733, 96434, 15923, 41230, 97426]"
115073,"[78986, 29232, 331, 85490, 18749, 40008, 65409, 94449, 13705, 6818]"
115074,"[65587, 31849, 44199, 91239, 5114, 59965, 108848, 519, 30745, 56153]"
115075,"[21762, 26625, 24634, 74541, 30722, 103773, 58187, 75503, 21736, 96076]"
115076,"[107619, 108836, 64456, 20348, 25754, 79198, 77863, 72017, 32535, 64242]"
115077,"[82450, 24307, 68019, 99956, 67331, 12438, 96879, 59288, 109065, 27677]"
115078,"[40613, 45326, 79031, 43295, 38638, 61952, 6313, 97836, 41482, 24151]"
115079,"[38247, 48870, 47079, 85362, 93459, 92239, 895, 27161, 46083, 41378]"
115080,"[72873, 105910, 57222, 36000, 17806, 77240, 54314, 94958, 88230, 12841]"
115081,"[61609, 26776, 87001, 85013, 106570, 107817, 74849, 105237, 27695, 104906]"
115082,"[12875, 4378, 108495, 54084, 39339, 64261, 36227, 52774, 78915, 29626]"
115083,"[13696, 63490, 21117, 8664, 97329, 85531, 85126, 72209, 17912, 50429]"
115084,"[38360, 98944, 15231, 84311, 104660, 1177, 66613, 76030, 89931, 54246]"
115085,"[6975, 15162, 97841, 85330, 74648, 33813, 77581, 8239, 13838, 30186]"
115086,"[42290, 80960, 11824, 20446, 27422, 98904, 82275, 37622, 59942, 3239]"
115087,"[19287, 102487, 53020, 98718, 32288, 51643, 53028, 22717, 80665, 82622]"
115088,"[11147, 103476, 52581, 9955, 54770, 52099, 34935, 25027, 7024, 35971]"
115089,"[27144, 18264, 14729, 105863, 92900, 71892, 52081, 51011, 2331, 13129]"
115090,"[23141, 109447, 42450, 81425, 79553, 27255, 41457, 2215, 2127, 829]"
115091,"[54903, 72648, 83873, 73623, 103983, 55649, 84611, 104857, 68272, 78995]"
115092,"[48371, 52095, 92081, 39910, 44098, 16929, 18283, 38606, 47252, 7322]"
115093,"[35913, 30054, 62434, 104217, 5561, 107975, 36637, 88232, 62182, 105567]"
115094,"[16186, 25068, 26642, 20528, 1329, 77596, 46562, 88806, 37302, 25552]"
115095,"[79434, 27639, 70031, 56057, 21200, 22369, 44352, 74393, 62588, 67479]"
115096,"[5625, 57211, 25146, 58682, 73449, 11817, 87817, 12985, 39900, 80460]"
115097,"[67482, 23761, 22585, 80645, 41188, 23511, 15831, 94451, 64747, 90747]"
115098,"[21834, 109043, 24184, 34226, 10921, 56914, 15651, 11319, 102641, 27148]"
115099,"[59445, 68993, 56570, 29730, 87220, 32271, 108959, 17006, 54793, 8821]"
115100,"[4966, 54855, 91020, 88813, 27497, 37958, 11137, 74071, 98984, 85875]"
115101,"[36735, 82057, 65888, 23801, 99721, 5774, 57407, 13429, 108682, 68337]"
115102,"[23439, 81528, 62406, 77000, 74436, 72585, 48787, 102783, 102675, 44503]"
115103,"[70806, 87195, 94812, 86901, 74239, 108206, 105911, 55432, 3808, 78638]"
115104,"[45903, 89352, 22746, 95266, 97802, 57875, 40281, 7447, 53817, 12901]"
115105,"[1688, 99341, 21497, 45273, 88682, 15649, 15287, 46227, 11190, 73175]"
115106,"[49892, 13597, 18620, 106547, 67275, 66923, 94068, 25739, 68321, 19145]"
115107,"[39971, 13943, 34479, 36238, 23452, 57846, 18617, 51047, 40259, 61753]"
115108,"[26298, 27687, 64768, 48976, 28623, 4984, 18732, 37153, 88568, 78954]"
115109,"[95719, 87190, 12061, 106903, 16211, 101429, 3947, 36225, 54091, 19826]"
115110,"[50472, 74912, 17134, 99199, 94370, 69742, 25103, 102638, 52749, 107398]"
115111,"[82172, 41448, 65574, 57633, 75430, 3868, 61303, 56977, 66233, 48103]"
115112,"[68944, 90995, 52735, 137, 13772, 28478, 74590, 31024, 39933, 28195]"
115113,"[94001, 7718, 80034, 26134, 10575, 66535, 85533, 20991, 16786, 6257]"
115114,"[30118, 12611, 15447, 81690, 77338, 100073, 32537, 29771, 13101, 14765]"
115115,"[21790, 75753, 23220, 85431, 64222, 18496, 58293, 37619, 74125, 50370]"
115116,"[77426, 25153, 103743, 74172, 31196, 108155, 58907, 14751, 38353, 52959]"
115117,"[83826, 61204, 54451, 46527, 12183, 15041, 85554, 15648, 66723, 2883]"
115118,"[89566, 83100, 22115, 53326, 56256, 24480, 85438, 69863, 98869, 98504]"
115119,"[73396, 8027, 75935, 71803, 108912, 58225, 12643, 31195, 4301, 103862]"
115120,"[47256, 30873, 13211, 48670, 60876, 53152, 72490, 15832, 52305, 18088]"
115121,"[83950, 64700, 19853, 81096, 64197, 26868, 12571, 79023, 99764, 55718]"
115122,"[42436, 66539, 47466, 68677, 63492, 4237, 31728, 29692, 23846, 11809]"
115123,"[51357, 42623, 103130, 54315, 105323, 88606, 9534, 34638, 94192, 53174]"
115124,"[103120, 58291, 79319, 55088, 32058, 71156, 30849, 58118, 3827, 43814]"
115125,"[9048, 2688, 96516, 71333, 19917, 29922, 74421, 1939, 102241, 83799]"
115126,"[83819, 29775, 42243, 20309, 17380, 47198, 36082, 63679, 25614, 66904]"
115127,"[66573, 84203, 103062, 72552, 64159, 72809, 34021, 50265, 56401, 5964]"
115128,"[195, 30712, 60007, 96539, 46817, 73418, 43993, 89388, 103296, 2612]"
115129,"[77348, 66819, 19999, 57159, 45112, 8523, 101753, 106574, 97255, 86006]"
115130,"[18491, 71001, 25079, 31709, 38417, 108666, 84566, 51523, 44364, 35268]"
115131,"[37052, 106732, 40874, 41537, 96957, 18839, 87371, 75899, 47968, 105094]"
115132,"[69826, 74364, 32912, 92094, 101641, 17978, 67117, 47087, 51969, 55462]"
115133,"[63352, 78416, 56807, 81850, 67772, 94669, 35109, 92550, 106718, 108329]"
115134,"[72293, 108355, 24017, 80755, 9898, 54435, 8062, 53882, 48444, 73836]"
115135,"[85192, 67157, 30319, 48324, 32630, 56169, 75750, 80433, 48686, 80921]"
115136,"[57112, 78099, 19886, 103895, 53584, 30651, 52289, 5199, 82038, 71881]"
115137,"[106167, 7065, 16228, 17714, 109173, 39857, 15749, 86980, 3246, 96577]"
115138,"[79358, 52076, 43677, 72788, 84170, 93363, 90468, 107254, 54497, 91766]"
115139,"[100468, 5666, 74175, 89547, 85957, 81180, 19670, 22352, 74566, 54101]"
115140,"[76304, 95352, 95909, 101900, 10624, 36717, 6130, 47938, 63470, 2640]"
115141,"[88460, 67463, 52996, 80194, 86062, 26466, 108163, 108572, 1564, 29887]"
115142,"[95491, 70363, 109147, 73618, 58789, 36466, 80725, 109210, 50276, 65927]"
115143,"[74010, 84065, 44182, 13285, 4068, 59129, 7446, 79577, 34409, 25299]"
115144,"[88227, 14139, 95869, 4363, 73621, 95565, 89096, 11545, 102126, 16620]"
115145,"[45629, 73922, 53483, 15914, 12780, 81130, 69462, 99909, 105529, 34038]"
115146,"[52713, 23874, 65003, 98929, 35569, 4721, 97268, 83633, 108843, 105576]"
115147,"[99807, 54987, 101067, 17533, 57048, 39452, 97271, 69558, 39286, 25352]"
115148,"[51119, 63246, 107487, 53302, 10717, 18578, 693, 15962, 11214, 58843]"
115149,"[92905, 80554, 108216, 82205, 300, 30539, 53263, 91249, 42942, 12246]"
115150,"[20672, 13839, 63134, 98466, 40507, 105518, 97389, 105120, 73164, 78089]"
115151,"[70695, 38892, 63456, 81532, 39946, 33141, 1014, 24540, 61475, 93221]"
115152,"[55303, 47716, 47926, 73391, 26652, 103521, 35631, 84267, 17892, 33898]"
115153,"[19024, 35434, 11024, 99748, 63203, 42509, 86648, 102106, 39296, 3224]"
115154,"[32520, 71903, 15227, 50058, 40374, 70473, 102259, 107329, 40800, 71556]"
115155,"[22613, 62592, 50422, 31833, 93999, 17858, 106286, 83790, 2522, 17545]"
115156,"[86767, 25615, 89542, 61599, 63793, 22306, 23169, 10664, 73920, 65899]"
115157,"[106084, 105716, 74267, 70249, 57051, 43949, 6551, 85280, 84025, 96529]"
115158,"[34313, 23194, 45844, 91238, 50880, 13211, 23497, 71112, 34741, 107862]"
115159,"[88123, 79312, 73516, 93296, 25828, 21182, 20492, 24016, 75568, 59930]"
115160,"[60117, 11574, 53079, 2231, 56309, 59087, 101658, 60975, 62678, 74097]"
115161,"[28894, 26925, 55610, 94259, 96449, 43108, 88302, 10486, 92341, 37043]"
115162,"[23056, 74717, 67571, 108915, 36409, 39518, 100918, 45422, 94365, 100946]"
115163,"[88776, 26819, 36293, 64358, 80543, 62354, 31465, 12099, 53608, 51696]"
115164,"[79826, 13377, 79442, 54532, 2617, 90334, 58289, 33234, 102599, 76410]"
115165,"[65701, 12929, 54001, 72029, 71186, 65397, 4660, 61745, 139, 48960]"
115166,"[24382, 105122, 45551, 12997, 59460, 55910, 3455, 89009, 79787, 68524]"
115167,"[43204, 3892, 4955, 88125, 57273, 99602, 7622, 62499, 74247, 34713]"
115168,"[91553, 50508, 20294, 4836, 54227, 34381, 104918, 61142, 21101, 82189]"
115169,"[84818, 57918, 37982, 99303, 67256, 89239, 70720, 26480, 34017, 8131]"
115170,"[68218, 105153, 58842, 16370, 2478, 11219, 70523, 61262, 19936, 43081]"
115171,"[18114, 23160, 21154, 81828, 100243, 54008, 771, 83003, 63410, 45982]"
115172,"[14480, 24358, 70511, 108924, 62718, 108827, 47521, 102667, 9714, 43878]"
115173,"[39676, 65327, 22606, 71622, 90212, 60962, 29748, 74014, 35120, 21299]"
115174,"[55293, 28934, 49238, 39795, 86293, 45486, 67568, 103534, 109131, 106171]"
115175,"[12857, 70889, 24912, 18603, 40149, 82735, 84483, 67097, 86560, 86387]"
115176,"[70586, 63254, 103067, 7409, 108662, 98766, 27612, 76416, 21494, 22519]"
115177,"[23869, 42403, 61288, 48960, 57247, 12716, 16685, 79616, 61745, 4660]"
115178,"[3038, 17376, 28731, 27019, 106470, 10210, 103533, 29167, 4436, 23782]"
115179,"[12826, 46387, 36433, 89120, 75016, 45416, 71251, 45483, 67659, 37472]"
115180,"[89287, 90584, 24102, 59851, 92261, 23990, 2713, 99216, 36695, 41361]"
115181,"[42721, 67019, 37003, 5863, 96940, 2081, 26171, 90829, 28772, 94436]"
115182,"[95634, 61192, 9380, 59284, 59292, 9048, 96516, 34815, 51619, 84813]"
115183,"[10079, 76409, 98868, 98048, 87899, 109139, 15619, 96736, 19125, 43347]"
115184,"[5195, 31735, 51320, 27961, 108098, 79051, 103033, 74588, 15517, 98217]"
115185,"[84878, 28593, 80199, 6346, 99413, 56743, 49304, 69583, 16656, 1886]"
115186,"[12115, 43720, 67266, 107543, 39706, 29279, 52699, 47339, 22770, 105615]"
115187,"[9573, 53122, 107768, 65433, 58099, 87569, 58160, 1423, 69515, 101665]"
115188,"[6133, 49427, 105265, 61052, 41936, 25420, 38368, 96473, 87497, 63853]"
115189,"[95931, 105352, 56994, 76445, 44580, 79639, 23615, 55694, 40177, 23274]"
115190,"[50686, 70933, 104975, 13923, 94015, 70843, 70511, 43878, 73517, 14480]"
115191,"[73007, 8271, 22714, 49605, 6359, 18856, 80844, 44015, 14039, 48476]"
115192,"[27433, 30830, 108022, 95942, 50402, 75191, 108796, 77577, 73040, 98791]"
115193,"[106297, 6406, 6594, 37358, 18680, 70010, 78198, 75827, 76080, 107756]"
115194,"[66412, 82253, 47535, 17165, 66298, 75776, 84494, 12928, 89733, 67895]"
115195,"[72226, 68975, 360, 26616, 82384, 30062, 44307, 107464, 4626, 71825]"
115196,"[92473, 55484, 50264, 77117, 49406, 56750, 104490, 99772, 77135, 78584]"
115197,"[105550, 89429, 33005, 28862, 46119, 34267, 13491, 109412, 75314, 39274]"
115198,"[23999, 31233, 19445, 77620, 1509, 26153, 78395, 42351, 51079, 50357]"
115199,"[21410, 44113, 99460, 78252, 82511, 74289, 92537, 22695, 10163, 89816]"
115200,"[6830, 18873, 4686, 72249, 41780, 16683, 96252, 51330, 32223, 65672]"
115201,"[2776, 93844, 23183, 35287, 96636, 11341, 62079, 40559, 79130, 21450]"
115202,"[63306, 46992, 84781, 12851, 104229, 77854, 86918, 18361, 79064, 76203]"
115203,"[39228, 32645, 27743, 82118, 54944, 88273, 37424, 34445, 50911, 18611]"
115204,"[95279, 37775, 42521, 13258, 81240, 32751, 55986, 4974, 33407, 88286]"
115205,"[27336, 70796, 7553, 102418, 29521, 71080, 54474, 86889, 93506, 26237]"
115206,"[20279, 77694, 63101, 50448, 68328, 30465, 75903, 82228, 1841, 96248]"
115207,"[65176, 27286, 30291, 46668, 104282, 96860, 74007, 23063, 83924, 103950]"
115208,"[103373, 3980, 107020, 105157, 10678, 87812, 101445, 57343, 15481, 58097]"
115209,"[23832, 5226, 90758, 32204, 90480, 70320, 24668, 101600, 86717, 49361]"
115210,"[101898, 7045, 77077, 51650, 83193, 68031, 86694, 68414, 12951, 3429]"
115211,"[93399, 21473, 58621, 19843, 93955, 49609, 97913, 106304, 72517, 49269]"
115212,"[82038, 102896, 106871, 18477, 46940, 86760, 52545, 17155, 25328, 71881]"
115213,"[42519, 10200, 3613, 52072, 15424, 87196, 6729, 54374, 35899, 43443]"
115214,"[27355, 9079, 105987, 5376, 78695, 69119, 30165, 12025, 63541, 43058]"
115215,"[87976, 70740, 80242, 36934, 60131, 78840, 25171, 29707, 41566, 89136]"
115216,"[81066, 25206, 43349, 66745, 61987, 98154, 91369, 65835, 72261, 22308]"
115217,"[64774, 99300, 59107, 75510, 63675, 80999, 63961, 82987, 18561, 77833]"
115218,"[38668, 36387, 102439, 22778, 59246, 102986, 38426, 81635, 59868, 94197]"
115219,"[28426, 39889, 25664, 2463, 25520, 29341, 96685, 50422, 93999, 17858]"
115220,"[104736, 32582, 82023, 56200, 33879, 98551, 51012, 83894, 85000, 63585]"
115221,"[57750, 101508, 2000, 6319, 61741, 14550, 77711, 445, 42750, 31712]"
115222,"[245, 23354, 54020, 64005, 91242, 62735, 62810, 98471, 78074, 45565]"
115223,"[5610, 3820, 77196, 15106, 95589, 55238, 23153, 79024, 76011, 33149]"
115224,"[71616, 6074, 68674, 99510, 95820, 2346, 7964, 55650, 29547, 99925]"
115225,"[105885, 105397, 85730, 52201, 57196, 54150, 48680, 3404, 84147, 96500]"
115226,"[80890, 6288, 77226, 50678, 65767, 51360, 102235, 15778, 46359, 107415]"
115227,"[91875, 6052, 88454, 6482, 64771, 23512, 44848, 104405, 78802, 54734]"
115228,"[17692, 94224, 81925, 19380, 62035, 59715, 60046, 91919, 73215, 20286]"
115229,"[104124, 81464, 91951, 39067, 55823, 56668, 14148, 79547, 37337, 3787]"
115230,"[61445, 84049, 29481, 69562, 77183, 15417, 39425, 10044, 27301, 48303]"
115231,"[36912, 9479, 49408, 28869, 18870, 21916, 16034, 85381, 38082, 19658]"
115232,"[25369, 100044, 41264, 87510, 75961, 14218, 23834, 94981, 20194, 17852]"
115233,"[45337, 49365, 102967, 38142, 102956, 106550, 70566, 33579, 104620, 45917]"
115234,"[52389, 59923, 10915, 5058, 5956, 84967, 44115, 63407, 88084, 1089]"
115235,"[101681, 52, 96957, 1115, 99646, 105094, 40874, 4262, 26160, 81543]"
115236,"[35749, 1450, 6329, 89106, 53522, 63319, 61812, 75879, 3981, 91455]"
115237,"[75154, 95366, 34955, 84466, 75884, 88013, 103030, 102382, 87536, 13896]"
115238,"[56772, 92309, 9500, 25613, 30403, 39124, 54489, 56876, 80006, 70767]"
115239,"[80784, 84270, 83707, 67271, 40551, 78372, 34716, 108758, 9432, 41012]"
115240,"[86344, 19607, 96795, 3608, 101041, 89990, 104032, 40360, 80266, 99239]"
115241,"[6737, 60028, 64765, 89919, 10141, 19431, 26722, 28364, 41990, 87308]"
115242,"[38716, 108980, 97867, 95310, 19442, 61283, 17736, 101219, 17006, 100201]"
115243,"[95371, 37807, 24320, 27241, 24665, 4892, 32345, 24305, 99717, 29731]"
115244,"[51799, 38177, 96344, 43199, 45742, 29229, 56199, 589, 12215, 23396]"
115245,"[19522, 105419, 35801, 3041, 43470, 53204, 47419, 18805, 10215, 62248]"
115246,"[98042, 47589, 5513, 48147, 16504, 71782, 32607, 106918, 89713, 51237]"
115247,"[51268, 25506, 96182, 67461, 59118, 109127, 28463, 11185, 70493, 80532]"
115248,"[78600, 43540, 19509, 73482, 11903, 104724, 6177, 79848, 20909, 70187]"
115249,"[50752, 43963, 66765, 1149, 101482, 101460, 67329, 93353, 87551, 98961]"
115250,"[4457, 108964, 83610, 99789, 67499, 30714, 36281, 86891, 3716, 15374]"
115251,"[29737, 56764, 97894, 71651, 26055, 66723, 5023, 60936, 106387, 95944]"
115252,"[45582, 48404, 107049, 21472, 35475, 103588, 23212, 12748, 32153, 67950]"
115253,"[63077, 75457, 77968, 4022, 28343, 68649, 4242, 22112, 106289, 62274]"
115254,"[47090, 23247, 87462, 47456, 84089, 29184, 105556, 44340, 4797, 56026]"
115255,"[7423, 20641, 67911, 24660, 21549, 71000, 103040, 62980, 42928, 109025]"
115256,"[19831, 55526, 62748, 60679, 80276, 56353, 66377, 47220, 49385, 50863]"
115257,"[17116, 90940, 12665, 55184, 87040, 64834, 38587, 60011, 4928, 43467]"
115258,"[55512, 32416, 34287, 80043, 40312, 87607, 72813, 30086, 81939, 41009]"
115259,"[46500, 108709, 74715, 42272, 69633, 64463, 5189, 76733, 5708, 76815]"
115260,"[105039, 78775, 18178, 13872, 100602, 70310, 6079, 71360, 7153, 25156]"
115261,"[4878, 87969, 15202, 545, 86489, 100524, 14204, 34866, 59158, 48974]"
115262,"[41909, 94074, 89700, 49064, 45276, 39441, 70329, 90744, 22312, 39394]"
115263,"[75183, 23135, 95317, 28134, 26639, 74012, 52126, 103900, 89680, 31388]"
115264,"[8062, 21973, 22557, 54435, 108355, 30094, 97526, 49661, 36812, 691]"
115265,"[63320, 11135, 109403, 108958, 109412, 46119, 33005, 58412, 96258, 74877]"
115266,"[89006, 54108, 39350, 90283, 86946, 62225, 63037, 91365, 88517, 79821]"
115267,"[40038, 66922, 25764, 54637, 67708, 16676, 39887, 50358, 104448, 50937]"
115268,"[12512, 97495, 84672, 103631, 8429, 83675, 5407, 50123, 96609, 38286]"
115269,"[9078, 57596, 85642, 47041, 40579, 87628, 41827, 64024, 2274, 94330]"
115270,"[3379, 1111, 40844, 9161, 53753, 30946, 27882, 44304, 74654, 27531]"
115271,"[80667, 69136, 53337, 24569, 38671, 25024, 47044, 47382, 95305, 97631]"
115272,"[93282, 94778, 93745, 40569, 61913, 23880, 27558, 47181, 107457, 76311]"
115273,"[56548, 91104, 51949, 55506, 106446, 13983, 13835, 12690, 91232, 59178]"
115274,"[40186, 27905, 20621, 98590, 7345, 108032, 78779, 77267, 78226, 60655]"
115275,"[64749, 98633, 83279, 4601, 19504, 58018, 44991, 32228, 83549, 35053]"
115276,"[102903, 70059, 77562, 58816, 47934, 55302, 88688, 89299, 7334, 31379]"
115277,"[76419, 84579, 35956, 14556, 80845, 108836, 64456, 91702, 57929, 61446]"
115278,"[27133, 3016, 2907, 21074, 31281, 31728, 43571, 52856, 52100, 89465]"
115279,"[9269, 49329, 64686, 57835, 45443, 68772, 83109, 30347, 58227, 52740]"
115280,"[68591, 58242, 40730, 24061, 2136, 83920, 43054, 32209, 21044, 87149]"
115281,"[75149, 70039, 104541, 29636, 1109, 72855, 60583, 9668, 1235, 42871]"
115282,"[105843, 44626, 103327, 15939, 30609, 41489, 81873, 72764, 105961, 19895]"
115283,"[59901, 96697, 54566, 6061, 64000, 86764, 27466, 35384, 108641, 7843]"
115284,"[40474, 31614, 44386, 1504, 62952, 45301, 75727, 91373, 67405, 76598]"
115285,"[73497, 108980, 92532, 61407, 87333, 62107, 32271, 59, 43137, 25186]"
115286,"[67675, 73558, 97797, 43492, 11780, 39666, 24478, 3915, 41305, 100709]"
115287,"[69049, 24263, 23129, 95324, 43213, 13029, 96714, 66853, 75698, 86497]"
115288,"[64376, 27825, 95765, 96363, 90601, 5344, 33567, 67342, 64893, 51098]"
115289,"[22493, 101230, 72771, 56544, 31305, 82102, 47662, 87238, 51046, 102740]"
115290,"[85708, 25821, 53469, 94911, 57841, 42093, 13077, 34303, 102988, 90801]"
115291,"[56485, 102786, 86335, 51432, 61481, 30743, 2094, 21865, 55479, 30445]"
115292,"[13524, 3500, 79370, 68221, 7901, 59780, 97423, 80638, 21330, 38015]"
115293,"[103472, 106130, 5551, 22311, 14729, 66024, 89295, 37871, 6710, 103872]"
115294,"[89512, 17863, 1936, 15913, 28503, 81602, 35614, 55280, 53716, 18672]"
115295,"[104924, 86306, 79005, 21651, 26836, 10493, 47119, 75003, 75506, 21959]"
115296,"[44589, 95149, 49340, 80265, 79235, 4948, 64745, 90604, 19630, 76436]"
115297,"[17234, 99553, 62661, 2069, 44269, 9835, 3519, 14864, 94207, 81724]"
115298,"[72376, 15579, 82553, 40256, 64395, 9361, 43474, 63732, 65281, 49135]"
115299,"[61692, 58107, 18428, 91457, 73996, 59976, 109200, 84244, 46233, 82727]"
115300,"[22802, 19992, 97693, 99320, 46568, 79110, 107211, 63246, 87126, 58027]"
115301,"[93066, 12093, 70769, 89824, 79768, 104, 31883, 53115, 72551, 80359]"
115302,"[15526, 88992, 26566, 30468, 75744, 106144, 95407, 104892, 72467, 11784]"
115303,"[88186, 98741, 104382, 37344, 60192, 80749, 14161, 21835, 48045, 33412]"
115304,"[81917, 103177, 68614, 58159, 10990, 2280, 34906, 34064, 36766, 62171]"
115305,"[22522, 56297, 46975, 28915, 43039, 97044, 24626, 12899, 39930, 35115]"
115306,"[33982, 95054, 30290, 9487, 13336, 32484, 98350, 29889, 103602, 66174]"
115307,"[69481, 19466, 23272, 15441, 109545, 23089, 52132, 64998, 11876, 47307]"
115308,"[100327, 12999, 5255, 32840, 75602, 37228, 30568, 14724, 50424, 37754]"
115309,"[37204, 64146, 39085, 50080, 76884, 104168, 98795, 10395, 47245, 82987]"
115310,"[64669, 87327, 30608, 98019, 62347, 87652, 103410, 19047, 100401, 83688]"
115311,"[69430, 53206, 42768, 74397, 1690, 106658, 48625, 8486, 82111, 70032]"
115312,"[76423, 104763, 67035, 55375, 47117, 63286, 58284, 85576, 11249, 7148]"
115313,"[66671, 31024, 38673, 50799, 91785, 38920, 584, 106457, 137, 74590]"
115314,"[79515, 1480, 29735, 94840, 61146, 6934, 28997, 96156, 7694, 22512]"
115315,"[71923, 32341, 46585, 63179, 89020, 84081, 4876, 108373, 17452, 57880]"
115316,"[6055, 29657, 3281, 59320, 108713, 6302, 35719, 16775, 83833, 77065]"
115317,"[16014, 90145, 104135, 11234, 30153, 34187, 38180, 37284, 74422, 90006]"
115318,"[88383, 45370, 99439, 55937, 86146, 66925, 102473, 90557, 60718, 9978]"
115319,"[75116, 51051, 108894, 43342, 50600, 52894, 85853, 81091, 108001, 77411]"
115320,"[97234, 69618, 77187, 5312, 36525, 34678, 15883, 73037, 101194, 93207]"
115321,"[98657, 6788, 6104, 64842, 85396, 48487, 60376, 55060, 12286, 85606]"
115322,"[48449, 8782, 51814, 35593, 18849, 10124, 74707, 85447, 81534, 44166]"
115323,"[56379, 49570, 86866, 45016, 15404, 8983, 46816, 14395, 59093, 30416]"
115324,"[58680, 1173, 26544, 11850, 27379, 61492, 26089, 47330, 84426, 3942]"
115325,"[1887, 35921, 23849, 60744, 11876, 22700, 22358, 32769, 28598, 17696]"
115326,"[86261, 42709, 22047, 7961, 19266, 42275, 105497, 5230, 100839, 29251]"
115327,"[46041, 61986, 40607, 63252, 55791, 55368, 67244, 24133, 56120, 45995]"
115328,"[1846, 47492, 7663, 54928, 31817, 73898, 98450, 97736, 103679, 52655]"
115329,"[13517, 6241, 96840, 103263, 64247, 72025, 72477, 5164, 85866, 68726]"
115330,"[49613, 80204, 86019, 5378, 19898, 83986, 81042, 49684, 51331, 23124]"
115331,"[26390, 42092, 24246, 50605, 11907, 52189, 76783, 1803, 1787, 49959]"
115332,"[92177, 34957, 107851, 81878, 33566, 2821, 29211, 22387, 104294, 64141]"
115333,"[28800, 91541, 38144, 82634, 39334, 4007, 60769, 77143, 102254, 25737]"
115334,"[56454, 16337, 21472, 11184, 62855, 22533, 44220, 51599, 92701, 46055]"
115335,"[98152, 28271, 70021, 40694, 97577, 14397, 37780, 3071, 13614, 84568]"
115336,"[104036, 95186, 44159, 35906, 91885, 70130, 66249, 100915, 65303, 53355]"
115337,"[14685, 8611, 12181, 74292, 8312, 104662, 67387, 49322, 10379, 62499]"
115338,"[32731, 12681, 72873, 98340, 106409, 106758, 52823, 18209, 107319, 76949]"
115339,"[25117, 57476, 60157, 22, 173, 20242, 46905, 80270, 75304, 37411]"
115340,"[19174, 40951, 47730, 100079, 82007, 24894, 103159, 42781, 82359, 99765]"
115341,"[87020, 108697, 49790, 96469, 87119, 36110, 6802, 53594, 82939, 16783]"
115342,"[103264, 105726, 105731, 31187, 90133, 42464, 26518, 63728, 60815, 5201]"
115343,"[38422, 17525, 39358, 73426, 11611, 28236, 72111, 31795, 50366, 30792]"
115344,"[109644, 43595, 66771, 64721, 83664, 85500, 45984, 107262, 35507, 18080]"
115345,"[72198, 31539, 46124, 43420, 39238, 80957, 19430, 22553, 35071, 11683]"
115346,"[59049, 94479, 7609, 41820, 30256, 15472, 20638, 47918, 103508, 70350]"
115347,"[35346, 22996, 78294, 10941, 47775, 67875, 52423, 23456, 17176, 19138]"
115348,"[9829, 4769, 76475, 70262, 20151, 64257, 69366, 47370, 94642, 37915]"
115349,"[49382, 7182, 50897, 68508, 6042, 7799, 3350, 88519, 2952, 94698]"
115350,"[59187, 27836, 71701, 26749, 26861, 55269, 106427, 109264, 33675, 48589]"
115351,"[52130, 50226, 19607, 108363, 72907, 106302, 51337, 24225, 42783, 36531]"
115352,"[47815, 102328, 100058, 711, 93942, 15455, 95320, 44209, 31642, 63223]"
115353,"[30423, 89629, 20785, 28292, 3917, 75667, 11591, 15172, 55438, 69182]"
115354,"[20610, 50727, 75839, 29987, 55829, 66097, 36563, 27570, 32680, 107769]"
115355,"[32572, 83922, 4149, 95283, 77210, 72539, 62057, 90514, 31002, 100686]"
115356,"[60857, 11045, 68428, 21163, 3065, 91844, 21343, 83000, 34558, 82322]"
115357,"[51042, 74561, 92222, 22330, 63479, 75362, 17046, 101491, 80501, 64146]"
115358,"[49337, 35120, 63809, 100234, 11543, 64393, 47003, 63462, 108472, 19187]"
115359,"[105989, 84654, 38423, 64709, 21264, 15619, 96736, 72929, 88637, 6899]"
115360,"[43438, 26899, 90673, 60252, 48528, 89462, 107363, 56175, 88444, 84044]"
115361,"[39290, 92862, 47523, 47066, 41301, 83882, 72350, 57365, 983, 26948]"
115362,"[101594, 20670, 88255, 71864, 109033, 79928, 46053, 7579, 95658, 66653]"
115363,"[70593, 15940, 30393, 93707, 72925, 42856, 11364, 45830, 73374, 69303]"
115364,"[25163, 97691, 101743, 15032, 17875, 54016, 65509, 17202, 7199, 32983]"
115365,"[39650, 80167, 67739, 95640, 7489, 74814, 57649, 5287, 33391, 97446]"
115366,"[47839, 18939, 55701, 70017, 78334, 33190, 51028, 58716, 92451, 8055]"
115367,"[89394, 96521, 95564, 49867, 651, 88055, 67861, 9610, 15121, 93575]"
115368,"[104993, 14167, 63366, 16541, 97259, 27639, 1166, 101224, 35294, 54254]"
115369,"[95183, 59689, 30598, 95651, 96843, 24881, 7813, 43229, 5290, 61035]"
115370,"[84071, 98481, 98337, 990, 50846, 5764, 37340, 9899, 63531, 58539]"
115371,"[37447, 99566, 75488, 69686, 86609, 81491, 15672, 67860, 51174, 109693]"
115372,"[21632, 42237, 9476, 53981, 18471, 93676, 72089, 36638, 98769, 61610]"
115373,"[72665, 48041, 96338, 52017, 80891, 15711, 106549, 4834, 12586, 3810]"
115374,"[69565, 100545, 78035, 11637, 47989, 60309, 61332, 45819, 54441, 71700]"
115375,"[4949, 95194, 10201, 40000, 37602, 79706, 28324, 54542, 104983, 16061]"
115376,"[90138, 20833, 46317, 98079, 49330, 66944, 93992, 24109, 86057, 93740]"
115377,"[94908, 105130, 33598, 33593, 86911, 61373, 90222, 57946, 73770, 91253]"
115378,"[67631, 49019, 95578, 82890, 32809, 31704, 66780, 62287, 84565, 70563]"
115379,"[53448, 32010, 23502, 10248, 108307, 71239, 76070, 11715, 94604, 93528]"
115380,"[91002, 81737, 90874, 34055, 99646, 64193, 25846, 44905, 194, 47102]"
115381,"[70688, 22677, 88554, 38471, 48364, 31331, 76131, 101915, 83280, 65098]"
115382,"[40626, 48575, 81108, 56829, 1777, 35152, 50465, 79528, 36583, 68056]"
115383,"[22372, 31750, 89924, 86872, 59514, 85975, 45222, 79945, 59012, 96897]"
115384,"[58436, 109470, 31290, 74977, 36872, 80993, 97265, 102552, 8630, 7014]"
115385,"[66440, 19034, 85484, 27168, 36874, 16662, 27929, 84482, 37873, 84838]"
115386,"[70696, 60644, 109155, 79304, 57236, 34373, 61403, 22284, 40796, 61700]"
115387,"[12300, 60530, 51826, 21574, 88525, 13971, 101558, 38833, 97346, 35275]"
115388,"[73794, 91744, 27446, 25951, 102554, 99816, 72063, 14820, 87046, 40878]"
115389,"[13757, 93604, 71687, 94497, 103906, 59426, 41993, 76405, 48907, 31700]"
115390,"[6954, 19982, 61629, 49418, 40236, 66384, 51038, 49045, 43816, 28990]"
115391,"[43991, 78648, 104801, 19738, 76283, 64762, 93766, 27471, 6175, 19587]"
115392,"[66292, 45642, 52173, 102343, 94572, 16102, 96173, 87909, 48875, 74479]"
115393,"[44641, 22051, 98175, 3306, 11873, 4301, 11728, 37552, 76499, 75332]"
115394,"[6634, 41829, 107120, 31247, 43643, 33017, 6132, 31770, 23101, 80846]"
115395,"[100062, 106087, 96590, 57891, 80099, 57208, 104983, 59279, 71870, 105527]"
115396,"[35112, 62058, 23464, 54908, 58902, 73150, 67494, 70558, 67590, 75250]"
115397,"[90186, 104920, 25657, 13608, 44437, 24098, 88487, 91710, 59500, 85070]"
115398,"[42142, 82300, 21080, 6320, 19682, 104699, 86603, 10105, 69587, 32614]"
115399,"[56985, 104596, 55647, 100622, 102954, 9942, 37199, 27491, 4875, 100135]"
115400,"[42610, 72368, 31091, 71923, 27889, 85815, 90576, 94827, 63836, 58215]"
115401,"[12284, 87121, 51023, 94851, 64680, 31391, 49827, 30850, 38086, 47379]"
115402,"[1292, 21997, 36284, 70263, 96612, 10318, 69033, 8304, 95407, 75528]"
115403,"[78065, 35937, 93447, 108174, 9059, 39664, 66426, 43386, 70972, 105083]"
115404,"[94288, 107127, 99382, 88968, 54250, 66661, 42162, 104806, 74342, 62490]"
115405,"[1390, 80489, 86762, 62801, 31028, 68037, 87984, 94623, 15222, 38090]"
115406,"[68262, 64925, 72156, 77822, 91949, 24871, 83273, 69617, 70426, 98855]"
115407,"[67800, 106291, 53595, 10520, 54749, 59539, 100699, 84989, 11596, 841]"
115408,"[73207, 73422, 1899, 74193, 46312, 33479, 28582, 40281, 31740, 39872]"
115409,"[80079, 1449, 3338, 54031, 86762, 54572, 47980, 62353, 103265, 22403]"
115410,"[75851, 96287, 103303, 96638, 105198, 103153, 48056, 97090, 38748, 81812]"
115411,"[79698, 15902, 105095, 75520, 33613, 73445, 48453, 83729, 5286, 16378]"
115412,"[47022, 109756, 89728, 66106, 37343, 28147, 65243, 107367, 2600, 97263]"
115413,"[36921, 92620, 48382, 51105, 82334, 86210, 58594, 29110, 45182, 51528]"
115414,"[57603, 60333, 3013, 102496, 66367, 23552, 86729, 33664, 38667, 54729]"
115415,"[46318, 24397, 76000, 36924, 84303, 76850, 36580, 67770, 108028, 51504]"
115416,"[82148, 87295, 19781, 96107, 84732, 37629, 42916, 9997, 40333, 4502]"
115417,"[20489, 16564, 90654, 106322, 71090, 78103, 81659, 74474, 25626, 33575]"
115418,"[94606, 97730, 97935, 62595, 11176, 107706, 94258, 65836, 103370, 20420]"
115419,"[24772, 88774, 35377, 70180, 68519, 73375, 102818, 17581, 3394, 6717]"
115420,"[52068, 23709, 28160, 57692, 54048, 10650, 45204, 69164, 6297, 74322]"
115421,"[67085, 29036, 36130, 9803, 20718, 13460, 88661, 77824, 7147, 75071]"
115422,"[1112, 109317, 69163, 84679, 42561, 69252, 85222, 77186, 38448, 35491]"
115423,"[77804, 32358, 60894, 84116, 102985, 86744, 41319, 75943, 81177, 109192]"
115424,"[83450, 18866, 98002, 32942, 99551, 77447, 41732, 88294, 47635, 97904]"
115425,"[74644, 98265, 55898, 60517, 108145, 96656, 69888, 2586, 740, 36712]"
115426,"[3278, 92153, 105815, 27045, 109414, 4279, 30638, 74556, 1052, 24128]"
115427,"[73963, 20913, 67318, 9419, 41554, 103902, 87301, 99127, 12305, 26542]"
115428,"[107932, 54968, 1964, 56622, 88128, 12227, 102386, 30305, 1592, 28792]"
115429,"[43878, 73517, 70843, 56489, 28173, 50377, 140, 104389, 97541, 50196]"
115430,"[51634, 87289, 13020, 85685, 57772, 27218, 74981, 50836, 82509, 57160]"
115431,"[68505, 5099, 108070, 108580, 18663, 19320, 37135, 8382, 61668, 10803]"
115432,"[67609, 78491, 37868, 57902, 2530, 57268, 12055, 38117, 105661, 36074]"
115433,"[63039, 12161, 52805, 792, 90344, 91759, 45678, 22689, 24503, 35302]"
115434,"[78138, 13016, 4365, 75438, 42561, 38799, 60713, 1099, 69163, 71533]"
115435,"[42000, 57726, 60538, 12753, 29129, 6695, 88077, 88601, 36215, 61901]"
115436,"[73266, 46626, 46751, 77119, 84875, 2238, 88863, 2855, 18859, 8622]"
115437,"[22940, 24390, 8338, 106518, 56574, 105971, 86782, 20552, 54398, 34819]"
115438,"[56522, 19066, 42863, 32930, 5833, 98548, 32794, 14933, 4017, 48882]"
115439,"[17899, 42747, 85042, 78635, 83338, 87027, 95814, 99817, 11700, 23893]"
115440,"[82471, 39714, 89837, 6708, 101313, 42773, 97784, 40621, 42813, 64101]"
115441,"[96997, 84826, 71356, 78319, 59930, 10534, 67601, 75126, 68325, 3148]"
115442,"[26160, 4262, 84348, 29392, 58988, 105292, 32851, 53090, 74144, 26208]"
115443,"[34239, 68452, 49741, 44228, 36798, 35179, 37025, 16263, 12273, 82362]"
115444,"[9071, 28778, 75561, 21411, 78961, 72558, 98102, 39361, 107719, 8524]"
115445,"[17934, 44606, 4187, 101948, 56140, 6348, 27715, 21696, 100345, 42422]"
115446,"[3048, 25321, 103622, 108214, 45783, 79226, 84271, 69731, 102938, 16229]"
115447,"[72536, 5159, 101246, 11191, 69457, 11686, 88223, 18906, 47374, 94127]"
115448,"[81431, 73930, 11436, 90399, 83137, 58152, 15179, 18607, 82459, 61637]"
115449,"[48291, 96647, 54545, 85643, 61221, 48669, 87574, 34226, 76694, 83957]"
115450,"[103493, 13569, 31897, 77584, 84573, 61787, 89982, 61279, 76041, 29237]"
115451,"[65845, 26786, 32401, 72730, 41610, 26669, 91525, 73378, 76270, 103992]"
115452,"[34064, 59834, 48094, 71832, 28611, 92304, 63461, 7755, 58181, 58159]"
115453,"[21460, 16936, 71690, 99712, 12758, 89663, 105588, 35806, 12474, 54493]"
115454,"[61497, 83976, 71456, 51423, 102289, 13277, 38045, 3240, 20238, 61215]"
115455,"[65002, 62209, 17319, 33209, 73509, 96438, 20415, 108709, 49805, 19803]"
115456,"[43282, 85381, 108741, 4730, 38082, 29555, 94547, 97684, 9479, 36912]"
115457,"[358, 34998, 32949, 83852, 96134, 37284, 6851, 68358, 11234, 42066]"
115458,"[79124, 65851, 36152, 7256, 91852, 58751, 58000, 72703, 12288, 55720]"
115459,"[16024, 86422, 92225, 90076, 35330, 61279, 40343, 80514, 14510, 92057]"
115460,"[97628, 67947, 40568, 28220, 95540, 30567, 50118, 99193, 12592, 109453]"
115461,"[96943, 77801, 1398, 71533, 38448, 31970, 85222, 86712, 48923, 1099]"
115462,"[45535, 36549, 30026, 83878, 64803, 63723, 79709, 62259, 63702, 71763]"
115463,"[35506, 21938, 33985, 33911, 106296, 39018, 22669, 85590, 99433, 109544]"
115464,"[41758, 7676, 57755, 109221, 69781, 64174, 64050, 19049, 19313, 103136]"
115465,"[45858, 86529, 24983, 878, 24585, 83992, 49797, 62526, 36716, 9009]"
115466,"[44167, 57003, 103489, 72107, 7456, 12475, 39140, 108573, 61190, 83820]"
115467,"[43975, 27228, 103049, 49728, 65160, 105300, 55877, 7478, 48176, 106148]"
115468,"[65650, 105834, 108267, 32913, 79148, 95003, 85525, 65904, 35059, 1772]"
115469,"[36819, 28928, 20356, 23673, 25701, 58577, 72228, 50248, 10966, 67783]"
115470,"[38820, 37511, 66680, 90967, 6943, 95129, 31451, 43798, 25508, 60787]"
115471,"[5098, 36413, 75926, 22821, 32643, 96974, 64262, 59198, 49493, 87633]"
115472,"[76262, 105685, 52923, 50951, 64375, 2830, 50329, 87348, 16694, 79962]"
115473,"[26092, 62627, 53400, 92843, 3956, 3700, 51991, 98163, 95606, 105191]"
115474,"[73541, 58162, 19170, 9009, 61469, 82545, 18020, 62436, 24585, 52195]"
115475,"[97004, 10100, 12234, 56549, 53250, 26729, 79509, 101543, 49681, 20141]"
115476,"[51060, 54599, 57859, 99921, 37810, 70422, 79085, 35106, 49355, 80582]"
115477,"[40193, 38617, 41075, 29876, 3191, 5030, 75004, 9542, 24676, 85180]"
115478,"[69679, 30015, 20188, 20888, 102475, 22075, 45259, 10836, 15749, 40048]"
115479,"[73749, 6056, 65912, 22365, 25251, 50364, 4381, 74213, 46116, 37095]"
115480,"[64278, 62713, 94627, 82627, 65375, 54386, 10360, 49068, 15135, 18195]"
115481,"[46382, 60994, 97401, 34034, 89066, 74578, 66268, 40057, 55770, 66001]"
115482,"[15606, 74930, 61534, 58263, 36073, 3847, 76811, 95233, 59337, 31359]"
115483,"[86362, 80469, 2307, 51716, 41554, 71652, 32411, 23470, 93332, 30313]"
115484,"[82036, 21432, 97946, 53745, 87531, 8813, 55919, 78072, 6303, 39178]"
115485,"[13079, 86960, 51651, 47854, 14869, 109100, 43070, 37321, 80467, 54869]"
115486,"[45134, 6441, 14968, 77753, 48387, 23425, 62139, 56408, 10841, 63197]"
115487,"[104339, 5150, 56533, 62488, 101171, 51205, 90760, 75372, 17833, 73182]"
115488,"[50610, 58255, 10125, 55043, 68845, 7585, 71305, 101303, 646, 80828]"
115489,"[10488, 52537, 48022, 9655, 33901, 23536, 38948, 27631, 83782, 16276]"
115490,"[61507, 49798, 79015, 94766, 106258, 90646, 35665, 59683, 6448, 60401]"
115491,"[94853, 24463, 16613, 98290, 74490, 198, 15982, 22627, 16099, 58578]"
115492,"[82612, 14033, 9069, 65716, 66949, 36656, 47487, 70494, 73872, 109096]"
115493,"[29523, 75913, 67147, 37808, 27216, 92614, 45210, 98210, 45573, 54653]"
115494,"[26716, 31820, 57871, 62, 38488, 97602, 60563, 8311, 63019, 104001]"
115495,"[108510, 91265, 103405, 26995, 76687, 10204, 1576, 39823, 43119, 69587]"
115496,"[28738, 6678, 25714, 79812, 77959, 28026, 55893, 26994, 23915, 13662]"
115497,"[13110, 3045, 55899, 45129, 36666, 63188, 81318, 59303, 23160, 103069]"
115498,"[49986, 107829, 34330, 35807, 21610, 16790, 43017, 60418, 92223, 55083]"
115499,"[54731, 32290, 21801, 105796, 66094, 38324, 57171, 27564, 52185, 15438]"
115500,"[77439, 72483, 35309, 58586, 31950, 66964, 38583, 108483, 71266, 55936]"
115501,"[39016, 52954, 92700, 65733, 8743, 45767, 64352, 28122, 21424, 443]"
115502,"[104884, 82870, 94471, 80922, 75969, 49711, 105674, 17149, 74874, 101847]"
115503,"[71035, 23714, 17266, 74958, 31130, 11863, 6156, 76817, 78395, 37801]"
115504,"[23649, 70866, 109438, 9525, 6905, 3192, 47487, 12770, 87349, 6468]"
115505,"[48394, 9864, 14350, 77389, 6552, 46198, 43102, 84671, 3351, 73100]"
115506,"[40870, 7083, 74565, 72639, 41955, 61966, 100011, 107125, 35884, 87674]"
115507,"[44616, 50908, 838, 55623, 44862, 61738, 81308, 58934, 86659, 50572]"
115508,"[63005, 86806, 81458, 48912, 98211, 53822, 53884, 17325, 58518, 1823]"
115509,"[3868, 67862, 26533, 5048, 65372, 40726, 72967, 2038, 71744, 39528]"
115510,"[88891, 96366, 100066, 59786, 96710, 20091, 47130, 50650, 33783, 12834]"
115511,"[90208, 100450, 58686, 50195, 85517, 71506, 19417, 109753, 43932, 38804]"
115512,"[71929, 99431, 77850, 34602, 74620, 48064, 5034, 22179, 107891, 21665]"
115513,"[18859, 88863, 47721, 8622, 101222, 84875, 48684, 66032, 7685, 42439]"
115514,"[36336, 27440, 21052, 81110, 34508, 55603, 55194, 16498, 35100, 87900]"
115515,"[89392, 92636, 72698, 78930, 81574, 76398, 70237, 79995, 31338, 48229]"
115516,"[69841, 32007, 67109, 58844, 38952, 35636, 86266, 55103, 82826, 18809]"
115517,"[108371, 46463, 37102, 60923, 103600, 24628, 59828, 100592, 27604, 16589]"
115518,"[1269, 44686, 86086, 53124, 40390, 92906, 30837, 92559, 68743, 15625]"
115519,"[11482, 102323, 38047, 29726, 98311, 2910, 97783, 47246, 79871, 31466]"
115520,"[80609, 108942, 27837, 10111, 46728, 38708, 36797, 51032, 56628, 11347]"
115521,"[18327, 39369, 35469, 52792, 44498, 9425, 8857, 96092, 92322, 41476]"
115522,"[49891, 20362, 33075, 41130, 49379, 63673, 38105, 55033, 102796, 24080]"
115523,"[22230, 23492, 104330, 97130, 37947, 86753, 28025, 33761, 67052, 52303]"
115524,"[76945, 87044, 10592, 2650, 13702, 91834, 62484, 32212, 54389, 8326]"
115525,"[69822, 39566, 82119, 66833, 28759, 62336, 17783, 95321, 18877, 38000]"
115526,"[31790, 45108, 39000, 48110, 74835, 87588, 69296, 99597, 24616, 95233]"
115527,"[91012, 55170, 6899, 90757, 103627, 83295, 83892, 39353, 98868, 64709]"
115528,"[20820, 109274, 42839, 92453, 8701, 45934, 707, 74828, 48418, 57869]"
115529,"[64986, 48906, 2281, 88260, 10720, 18093, 5159, 84689, 56515, 30974]"
115530,"[37713, 34550, 72100, 109425, 53873, 105359, 65163, 98803, 101210, 96645]"
115531,"[13708, 19942, 41512, 31173, 75134, 94368, 54011, 76010, 27263, 15019]"
115532,"[92882, 3138, 28061, 19610, 87105, 46747, 93505, 77554, 41670, 99811]"
115533,"[30853, 25211, 48196, 30883, 45238, 21636, 50073, 3132, 86314, 96915]"
115534,"[107356, 27824, 101203, 1108, 41934, 73232, 97071, 36762, 91021, 96281]"
115535,"[93379, 22224, 89637, 21903, 34048, 43211, 33138, 61059, 98088, 91287]"
115536,"[93775, 9123, 31974, 76327, 69570, 103537, 41436, 13995, 7541, 8640]"
115537,"[44757, 82183, 79818, 49132, 44236, 84062, 14983, 15975, 15200, 41594]"
115538,"[30420, 83363, 87179, 75369, 58739, 18937, 28424, 27986, 92140, 106148]"
115539,"[102477, 85564, 97085, 109286, 18558, 23798, 82577, 81006, 15521, 84993]"
115540,"[101093, 1940, 52422, 102406, 89442, 51062, 24452, 68070, 87694, 41921]"
115541,"[39635, 28997, 94396, 28039, 93704, 35648, 70070, 13693, 3605, 89859]"
115542,"[88193, 49096, 23319, 49401, 55535, 96550, 41022, 107568, 588, 96863]"
115543,"[15843, 76195, 102539, 88332, 36583, 50465, 24481, 37326, 72261, 50075]"
115544,"[19463, 86094, 52975, 37247, 85414, 20774, 9176, 90590, 34866, 62549]"
115545,"[578, 43793, 64514, 55920, 106348, 1419, 48917, 50646, 86595, 26076]"
115546,"[4223, 70762, 22164, 37831, 11256, 57395, 78900, 13900, 82593, 91981]"
115547,"[85124, 20263, 106278, 33994, 48186, 20148, 58960, 105169, 20498, 81119]"
115548,"[13371, 2962, 72896, 65606, 91623, 18539, 11816, 29582, 89181, 80838]"
115549,"[17542, 109469, 78479, 52995, 36110, 19249, 59411, 60195, 42575, 59958]"
115550,"[10229, 64233, 87968, 738, 84918, 93164, 25159, 96094, 54760, 45936]"
115551,"[19941, 88353, 80808, 45081, 98882, 22294, 6567, 77928, 60091, 24867]"
115552,"[45067, 53091, 45052, 72536, 39249, 85916, 96138, 69120, 39687, 91717]"
115553,"[69596, 59910, 59438, 103, 86347, 62645, 43973, 17837, 17809, 40105]"
115554,"[21405, 60652, 17904, 11250, 91921, 22190, 4412, 3844, 65948, 75857]"
115555,"[35637, 25166, 106684, 91587, 88142, 100383, 64748, 53347, 95394, 51399]"
115556,"[63677, 91485, 40124, 8174, 74704, 61376, 107561, 63105, 25581, 95894]"
115557,"[10015, 87601, 32216, 1696, 61984, 56758, 68102, 47200, 342, 36813]"
115558,"[103167, 32930, 66937, 94596, 100937, 29253, 47944, 3561, 21133, 107835]"
115559,"[47498, 108509, 32947, 104868, 29289, 105170, 61449, 53350, 37767, 71162]"
115560,"[17221, 30239, 103868, 103117, 25527, 60714, 96625, 34041, 83130, 57120]"
115561,"[86768, 89737, 11362, 79381, 91707, 21557, 107185, 12896, 67890, 34909]"
115562,"[12371, 65173, 100799, 102388, 14172, 70778, 31003, 77946, 79887, 51819]"
115563,"[11836, 102534, 23510, 21196, 71813, 54130, 56883, 11121, 20172, 64789]"
115564,"[93470, 13922, 8545, 60818, 83605, 41778, 33590, 82259, 5843, 96996]"
115565,"[3602, 67268, 107756, 10856, 89618, 38919, 60681, 93835, 36929, 94060]"
115566,"[96407, 25521, 77967, 104439, 72179, 54518, 98431, 37520, 96369, 17056]"
115567,"[98016, 106404, 1492, 21725, 87285, 67986, 92862, 14260, 51429, 108598]"
115568,"[60497, 6313, 97836, 37558, 70537, 53695, 105931, 46373, 27936, 63112]"
115569,"[3615, 21115, 50824, 54092, 21510, 63878, 22399, 109249, 96284, 74308]"
115570,"[30125, 76317, 107540, 23574, 33117, 43609, 103825, 39124, 24875, 94597]"
115571,"[97518, 52444, 438, 18194, 91423, 6093, 47093, 2009, 40198, 15519]"
115572,"[44432, 104377, 5880, 15691, 26163, 4324, 67620, 51571, 42852, 58381]"
115573,"[1297, 46376, 11174, 47497, 26404, 83242, 84653, 49725, 7379, 96618]"
115574,"[29602, 86998, 57922, 29672, 18709, 69084, 87507, 10512, 60269, 101966]"
115575,"[92889, 86783, 3237, 32190, 106898, 3734, 33377, 76396, 59848, 80877]"
115576,"[56150, 4315, 50537, 26195, 37797, 13998, 10924, 76635, 59889, 28155]"
115577,"[106568, 11820, 20711, 5765, 85831, 58685, 47957, 27062, 23381, 69898]"
115578,"[99922, 94967, 88106, 44393, 16178, 64784, 7469, 19562, 77145, 27279]"
115579,"[81526, 101792, 109217, 27787, 15698, 8574, 43149, 45417, 89416, 95192]"
115580,"[46615, 29961, 6959, 84182, 61458, 91859, 24551, 55997, 64350, 60316]"
115581,"[101085, 71560, 38678, 71686, 39316, 3715, 92443, 85984, 82067, 22665]"
115582,"[29493, 22525, 73843, 65663, 106028, 28682, 99062, 93216, 33450, 8880]"
115583,"[51413, 369, 29995, 95541, 85115, 11759, 79724, 14381, 12751, 99216]"
115584,"[60202, 46902, 61934, 83058, 102070, 58985, 66839, 94467, 86834, 2475]"
115585,"[49774, 108363, 36794, 29317, 85823, 3616, 24560, 25157, 6743, 68813]"
115586,"[80589, 107167, 16348, 54615, 103388, 26566, 8178, 75961, 54347, 107217]"
115587,"[54532, 40323, 7212, 41662, 94322, 105302, 49604, 32325, 46311, 83817]"
115588,"[99021, 78304, 37920, 21257, 67773, 5017, 19942, 81979, 99355, 20140]"
115589,"[18684, 27232, 31528, 29339, 80465, 1913, 47387, 83080, 16327, 71278]"
115590,"[63483, 39724, 108771, 22163, 47294, 21950, 56547, 27437, 108530, 74939]"
115591,"[85757, 37320, 56672, 16810, 47926, 7705, 35994, 99707, 104805, 9759]"
115592,"[65735, 65664, 108080, 11102, 71477, 72899, 72096, 9510, 50060, 95199]"
115593,"[94944, 87227, 86771, 61014, 101552, 69826, 92094, 32912, 74364, 101641]"
115594,"[18138, 63710, 24590, 56393, 82597, 19795, 39657, 35464, 5428, 66214]"
115595,"[48605, 73959, 72840, 42889, 73729, 26597, 29310, 100072, 35142, 77073]"
115596,"[90500, 77220, 25901, 103546, 20507, 98675, 28559, 67134, 35690, 43314]"
115597,"[20631, 38338, 15029, 57882, 66204, 12666, 26235, 44818, 55587, 25537]"
115598,"[45106, 44353, 11974, 15783, 64685, 76288, 108085, 50767, 55195, 83991]"
115599,"[19831, 55526, 62748, 60679, 80276, 56353, 66377, 47220, 49385, 50863]"
115600,"[66424, 27044, 22129, 28088, 93172, 327, 88213, 54381, 79206, 93702]"
115601,"[49043, 11317, 72969, 41260, 92449, 35192, 57176, 108989, 34083, 5062]"
115602,"[12672, 82321, 31661, 100651, 34785, 22861, 97640, 71088, 60108, 87331]"
115603,"[84349, 35170, 24799, 30803, 13223, 100810, 58607, 49284, 11529, 65116]"
115604,"[51410, 13296, 50607, 23291, 93830, 31452, 29367, 17693, 82651, 3497]"
115605,"[108850, 28024, 22201, 64598, 105185, 100671, 17881, 82640, 7952, 70138]"
115606,"[93762, 58700, 44735, 3308, 108497, 107949, 51067, 62028, 56012, 58625]"
115607,"[29140, 96443, 72478, 106819, 9305, 68308, 3221, 86220, 57425, 67476]"
115608,"[97976, 82759, 102498, 80435, 13471, 11034, 55226, 35775, 11701, 108016]"
115609,"[45280, 13592, 56409, 3676, 80875, 47547, 28784, 88349, 12356, 96831]"
115610,"[10292, 70211, 37568, 103603, 70377, 85794, 32823, 32805, 72005, 20723]"
115611,"[109567, 83232, 16018, 44676, 66431, 31634, 60080, 14201, 90841, 38133]"
115612,"[80604, 106306, 108674, 69947, 93302, 48064, 38174, 74620, 76071, 43395]"
115613,"[5243, 19374, 90571, 64386, 91280, 44293, 95278, 94723, 77057, 3562]"
115614,"[75596, 97950, 97891, 14329, 82264, 31262, 49010, 35751, 6694, 75854]"
115615,"[19193, 68033, 39681, 22888, 11864, 33634, 87235, 80942, 44605, 91015]"
115616,"[68635, 9798, 11128, 59133, 34739, 99869, 63271, 34470, 12461, 32468]"
115617,"[20051, 93202, 63750, 64515, 77013, 59143, 5336, 89080, 32473, 82311]"
115618,"[31924, 651, 78596, 96044, 31589, 57392, 95167, 14054, 58857, 59088]"
115619,"[47777, 25011, 78773, 38680, 62400, 107940, 74916, 71357, 27530, 95206]"
115620,"[108247, 26250, 61215, 53925, 45876, 88480, 87441, 101626, 86836, 3240]"
115621,"[85789, 70464, 1396, 31198, 103828, 106207, 94711, 88170, 65997, 24117]"
115622,"[880, 69389, 33899, 52996, 74668, 79387, 99015, 105619, 36855, 13858]"
115623,"[11813, 97029, 65161, 24615, 60985, 71785, 108446, 97476, 88818, 68498]"
115624,"[46161, 100037, 102946, 16129, 1718, 913, 47528, 14998, 39720, 54574]"
115625,"[56470, 45720, 70455, 1779, 82011, 79286, 61257, 67909, 61255, 63401]"
115626,"[62329, 97490, 73172, 38208, 37104, 101192, 7431, 20806, 34312, 39736]"
115627,"[34542, 104322, 89386, 55751, 28423, 82491, 58764, 54972, 108819, 60508]"
115628,"[72326, 70574, 5608, 46717, 62468, 96423, 56674, 55740, 58173, 47656]"
115629,"[47900, 47954, 49601, 46987, 99497, 25182, 41945, 107374, 14242, 7473]"
115630,"[29108, 1806, 88892, 5111, 43704, 28184, 697, 21673, 90043, 42826]"
115631,"[72379, 77793, 31064, 80607, 18962, 59830, 94338, 50398, 105643, 532]"
115632,"[13197, 90829, 1265, 83938, 40143, 46141, 4074, 48677, 92384, 24827]"
115633,"[14041, 99391, 54856, 84750, 64388, 7016, 29126, 93160, 28242, 61771]"
115634,"[71255, 103229, 44343, 72419, 85948, 81935, 50211, 4718, 51099, 85905]"
115635,"[9558, 64875, 25922, 40093, 60454, 65011, 107110, 70373, 81081, 23489]"
115636,"[67605, 97734, 75711, 85694, 78092, 81940, 85990, 38229, 68818, 30508]"
115637,"[64592, 102808, 15754, 62568, 108313, 44086, 37089, 55924, 66962, 93459]"
115638,"[2302, 57332, 104387, 95901, 75544, 107700, 100663, 56644, 71927, 47719]"
115639,"[57012, 82510, 30353, 100751, 36164, 59338, 50243, 39183, 99122, 84064]"
115640,"[109266, 28917, 11992, 101052, 27231, 67287, 87757, 57807, 13803, 735]"
115641,"[1105, 23660, 73466, 93422, 54988, 20999, 24941, 53620, 109503, 68045]"
115642,"[12310, 69932, 38466, 68308, 24584, 50319, 12848, 26796, 3221, 23127]"
115643,"[23981, 38819, 55630, 31763, 93026, 109473, 75634, 54316, 54264, 90567]"
115644,"[60882, 40125, 21537, 69644, 9193, 101961, 31551, 24345, 80001, 98129]"
115645,"[22385, 36755, 67188, 3045, 59058, 26324, 9044, 74291, 66681, 9037]"
115646,"[54398, 77938, 27249, 42749, 82911, 51873, 101831, 11347, 51032, 79198]"
115647,"[96959, 71040, 46709, 33031, 58456, 85799, 46071, 2913, 45545, 109258]"
115648,"[67793, 91495, 59988, 29288, 98904, 3239, 75259, 58396, 58355, 7146]"
115649,"[26746, 109133, 84295, 95921, 66966, 12599, 95880, 19381, 45693, 50797]"
115650,"[99750, 17641, 33420, 86238, 20441, 59792, 45761, 80311, 66787, 28334]"
115651,"[84885, 19017, 45481, 17563, 51739, 18189, 18604, 15675, 24946, 18651]"
115652,"[56052, 31501, 72339, 11627, 31690, 51862, 103755, 4215, 101290, 30044]"
115653,"[39779, 61989, 3662, 65171, 837, 5621, 97661, 102224, 56156, 108160]"
115654,"[32263, 93748, 57202, 90488, 106934, 7787, 31710, 71920, 64590, 13699]"
115655,"[79263, 94985, 83304, 60366, 72488, 68148, 31402, 65508, 25004, 80446]"
115656,"[86976, 18035, 11601, 53, 99703, 48856, 83715, 76552, 93738, 50603]"
115657,"[98172, 14829, 6151, 63291, 101974, 8039, 85045, 58526, 46244, 34960]"
115658,"[85045, 5100, 79625, 22114, 92726, 78037, 98261, 9738, 14255, 54477]"
115659,"[65693, 33718, 73163, 66608, 17089, 99281, 87950, 80033, 69656, 23174]"
115660,"[80682, 70119, 61796, 91468, 31508, 45676, 108749, 45995, 20220, 41612]"
115661,"[68559, 100452, 109550, 97540, 41676, 44889, 33309, 79664, 22993, 21273]"
115662,"[96749, 46299, 79279, 13273, 27206, 109724, 12900, 45221, 48573, 87564]"
115663,"[87679, 102836, 60018, 49925, 80849, 82915, 97374, 53326, 68031, 3429]"
115664,"[13978, 100039, 78024, 78312, 13329, 29965, 85015, 36419, 23433, 13840]"
115665,"[47817, 50074, 26485, 52328, 34716, 69295, 46187, 72718, 52040, 32925]"
115666,"[95533, 61656, 23469, 62781, 82944, 66050, 6658, 86964, 98075, 867]"
115667,"[26099, 71743, 5420, 75007, 39841, 43715, 64407, 42979, 93823, 92523]"
115668,"[30183, 19307, 68746, 11195, 109001, 89192, 92655, 10294, 55528, 61669]"
115669,"[39867, 68758, 27058, 27903, 73084, 62917, 26607, 20684, 21953, 7313]"
115670,"[99737, 74473, 16811, 41631, 67144, 11818, 28873, 3949, 69067, 100436]"
115671,"[3691, 11991, 109377, 69508, 99580, 4560, 52139, 53621, 87339, 24127]"
115672,"[23588, 108471, 25738, 81845, 64328, 35931, 9700, 103747, 63244, 75033]"
115673,"[64541, 56830, 43381, 37979, 100904, 64472, 11414, 29189, 70670, 56494]"
115674,"[50771, 63555, 106704, 27080, 82248, 4168, 63790, 40553, 81980, 67872]"
115675,"[38399, 91451, 20158, 920, 3499, 61096, 105121, 89788, 106973, 47515]"
115676,"[57470, 55719, 67471, 106698, 59044, 34922, 51340, 22750, 104254, 61064]"
115677,"[77302, 95181, 89552, 101864, 47983, 56880, 9187, 8088, 41691, 99585]"
115678,"[94255, 14070, 2880, 3108, 9960, 36370, 16255, 108815, 21122, 99683]"
115679,"[61480, 17094, 2501, 51907, 24709, 79542, 44923, 68893, 89523, 34991]"
115680,"[24681, 37150, 88376, 40608, 28006, 98418, 50521, 34897, 71464, 3456]"
115681,"[95747, 62806, 39721, 37654, 54552, 25503, 45127, 86321, 56475, 26646]"
115682,"[86309, 15379, 46999, 109444, 55702, 3193, 103255, 19105, 55409, 10429]"
115683,"[99995, 54711, 67425, 36922, 38712, 78659, 91, 3151, 96321, 49047]"
115684,"[80978, 19118, 88954, 50297, 42910, 7344, 4775, 71050, 8104, 21469]"
115685,"[66318, 102291, 10842, 80976, 48001, 59586, 47588, 54649, 106820, 35920]"
115686,"[10016, 48530, 71199, 94048, 31255, 37292, 10340, 28044, 106061, 68866]"
115687,"[64478, 16272, 56425, 38254, 101789, 62365, 74983, 103660, 34455, 71270]"
115688,"[77187, 69618, 97234, 78715, 1587, 86894, 70522, 67235, 45434, 62298]"
115689,"[40936, 83330, 66001, 42932, 24482, 99408, 84134, 82620, 9293, 91408]"
115690,"[85889, 81620, 60544, 79226, 76599, 23833, 18707, 72199, 108214, 92088]"
115691,"[12206, 42018, 47250, 104327, 33716, 35626, 42985, 109235, 45219, 11597]"
115692,"[61135, 3920, 29719, 43059, 74531, 76012, 76846, 13563, 94355, 88145]"
115693,"[3222, 71141, 12400, 67445, 45083, 3455, 93982, 4902, 79787, 89009]"
115694,"[8201, 70642, 74370, 46755, 29387, 5802, 59348, 12586, 3810, 73257]"
115695,"[69882, 66906, 2491, 4998, 15261, 12800, 18574, 92865, 105372, 107586]"
115696,"[79656, 11540, 29329, 73996, 59976, 95201, 96248, 84125, 55246, 43803]"
115697,"[19444, 43884, 30842, 57525, 99824, 57309, 26960, 99178, 89074, 73562]"
115698,"[70807, 19622, 97032, 56913, 43960, 32632, 30982, 107072, 96263, 87273]"
115699,"[30055, 98338, 61045, 12952, 80234, 94306, 75278, 63997, 21106, 17438]"
115700,"[82920, 61739, 62768, 50749, 34731, 90743, 46001, 46236, 4424, 80626]"
115701,"[54662, 67833, 68948, 4986, 15032, 105658, 17734, 20049, 9267, 4167]"
115702,"[89384, 37585, 9070, 44659, 86667, 44358, 76096, 94159, 85665, 21961]"
115703,"[13929, 80196, 15537, 4393, 3261, 59975, 66622, 90981, 39250, 67216]"
115704,"[48577, 46418, 26240, 59094, 5252, 3418, 40560, 67364, 35454, 43077]"
115705,"[33072, 73663, 97968, 46514, 45063, 89007, 21988, 96803, 85678, 24873]"
115706,"[103397, 54637, 41984, 67708, 40038, 6470, 88221, 69546, 41801, 4078]"
115707,"[13000, 62028, 89627, 108497, 51067, 56012, 23074, 58700, 17565, 100990]"
115708,"[15030, 102728, 92375, 75636, 52360, 52442, 6312, 5294, 30282, 19120]"
115709,"[78285, 24858, 34106, 90509, 92457, 37474, 47241, 73592, 103583, 103226]"
115710,"[42945, 22795, 19239, 9489, 3522, 7883, 51753, 4735, 37832, 25181]"
115711,"[56769, 65941, 87254, 33085, 79467, 67831, 48628, 4001, 7688, 12545]"
115712,"[107974, 337, 65553, 34632, 20234, 22422, 49126, 78906, 108767, 59484]"
115713,"[98653, 5857, 29381, 13787, 91872, 228, 70527, 64668, 97487, 44939]"
115714,"[102724, 88913, 92785, 89255, 48569, 40705, 87011, 39958, 71967, 32447]"
115715,"[67397, 1993, 100160, 80426, 71137, 108781, 58777, 45152, 83807, 94990]"
115716,"[39504, 108504, 106753, 66036, 1648, 49791, 14875, 6855, 34389, 101444]"
115717,"[31157, 53611, 64558, 85638, 30348, 18666, 10554, 91393, 54930, 106364]"
115718,"[71021, 33607, 96814, 100202, 16782, 35078, 89993, 38653, 26699, 79278]"
115719,"[6863, 38068, 18027, 100765, 16920, 6924, 38990, 30903, 43718, 101376]"
115720,"[55766, 5986, 103985, 93881, 47531, 57872, 35455, 1469, 45561, 75093]"
115721,"[73222, 71908, 84789, 17502, 89636, 45357, 23446, 27091, 63505, 74086]"
115722,"[24842, 47517, 59505, 80883, 35102, 2416, 104219, 72976, 53877, 39349]"
115723,"[23734, 18222, 11047, 94715, 79705, 86304, 24938, 48752, 77263, 28161]"
115724,"[16080, 21857, 73525, 88905, 63046, 11822, 22124, 90071, 53639, 96989]"
115725,"[36181, 47615, 56955, 105925, 101512, 17710, 43889, 90206, 55971, 106175]"
115726,"[48418, 104777, 11193, 20867, 20820, 103813, 31785, 107690, 30713, 61418]"
115727,"[31866, 4126, 95611, 10271, 62222, 41851, 48255, 2348, 52145, 100735]"
115728,"[23304, 82883, 105681, 25049, 58377, 9117, 104612, 31700, 25932, 65995]"
115729,"[82983, 63222, 84816, 11211, 13766, 37091, 57123, 10225, 79195, 96818]"
115730,"[6218, 42230, 10464, 104303, 23536, 17037, 39301, 38948, 83782, 83414]"
115731,"[7956, 96343, 56050, 109077, 76863, 99388, 102530, 23923, 97040, 61463]"
115732,"[101986, 7064, 103512, 15989, 84772, 71575, 92639, 55735, 78526, 3095]"
115733,"[70122, 23851, 42020, 45301, 62382, 68080, 76696, 61002, 46666, 29070]"
115734,"[108822, 65008, 73054, 8496, 71284, 40070, 16625, 22917, 95122, 107162]"
115735,"[86266, 38952, 35636, 46371, 36325, 34753, 101578, 79784, 46980, 62188]"
115736,"[76836, 16151, 66590, 9108, 61946, 24679, 83995, 44060, 102498, 53738]"
115737,"[84483, 82735, 41341, 107532, 40149, 18603, 12857, 77040, 91504, 65135]"
115738,"[51410, 13296, 42190, 1162, 80934, 53547, 78782, 97943, 82505, 14211]"
115739,"[63860, 3740, 69971, 99659, 31951, 52953, 78813, 84747, 93510, 54141]"
115740,"[67199, 40824, 49208, 69857, 56215, 83802, 107536, 87758, 3245, 97569]"
115741,"[73191, 608, 51155, 54150, 59377, 22934, 37399, 89544, 52632, 105266]"
115742,"[12289, 73416, 24918, 91016, 3354, 33770, 79609, 76776, 65569, 108809]"
115743,"[72159, 12502, 12100, 20202, 30297, 98068, 70204, 9142, 70022, 87084]"
115744,"[6696, 102884, 17945, 63519, 8511, 50101, 12152, 86612, 72344, 70909]"
115745,"[22671, 6209, 11057, 52753, 40326, 43700, 37418, 70568, 23898, 71779]"
115746,"[91419, 25140, 64528, 36711, 77743, 56304, 13615, 3269, 32513, 82066]"
115747,"[98324, 92564, 101182, 8667, 62683, 31846, 102089, 87838, 105339, 108201]"
115748,"[3218, 75491, 63968, 87752, 96399, 13005, 20727, 64437, 72980, 77163]"
115749,"[86215, 15674, 86839, 96675, 60991, 41159, 68078, 63287, 20621, 83343]"
115750,"[83783, 1009, 32438, 75295, 75966, 46193, 7426, 39844, 19027, 70346]"
115751,"[57280, 5888, 53343, 52047, 41385, 63840, 19995, 94792, 62531, 51781]"
115752,"[86101, 63502, 41862, 67324, 30721, 99963, 109067, 8881, 92960, 79579]"
115753,"[32167, 1068, 36264, 10948, 105862, 17113, 92325, 90516, 70937, 70676]"
115754,"[29144, 31436, 43131, 21022, 41537, 75899, 18839, 87371, 38847, 35887]"
115755,"[50784, 22255, 103282, 104419, 84957, 100754, 77782, 94736, 58135, 16848]"
115756,"[98110, 70195, 31154, 100366, 48168, 107725, 54881, 85600, 39494, 38579]"
115757,"[68632, 19197, 59938, 91896, 99310, 13120, 85240, 63947, 17393, 55822]"
115758,"[104327, 12206, 47250, 42018, 22317, 18459, 71120, 9442, 19850, 12747]"
115759,"[81857, 58075, 64549, 13169, 97427, 47785, 55924, 52712, 76214, 41148]"
115760,"[91189, 86994, 47026, 57156, 27672, 92913, 93828, 53150, 31558, 21748]"
115761,"[61141, 8288, 54174, 33467, 87281, 2263, 37329, 35260, 28511, 25687]"
115762,"[105529, 32292, 54851, 15453, 35282, 78801, 39026, 38511, 48825, 29649]"
115763,"[42492, 104263, 107839, 68549, 63874, 22664, 58651, 86849, 105052, 38264]"
115764,"[68432, 104928, 47262, 45251, 81373, 81420, 15050, 23006, 32464, 90383]"
115765,"[67900, 24422, 56767, 59664, 53957, 51330, 105112, 76413, 41141, 14757]"
115766,"[13983, 106446, 83435, 91104, 56548, 93806, 4584, 65199, 104759, 83557]"
115767,"[37191, 19486, 80162, 26875, 1828, 67416, 34747, 27439, 48923, 1112]"
115768,"[23876, 61572, 54191, 19433, 72098, 59297, 84901, 40475, 79598, 9642]"
115769,"[47225, 31416, 25662, 86685, 5650, 81466, 46414, 6264, 50701, 2745]"
115770,"[63321, 11978, 57515, 50083, 104649, 20759, 41669, 5647, 15112, 32566]"
115771,"[20520, 53625, 109609, 95066, 15743, 47977, 14989, 207, 71937, 31376]"
115772,"[47344, 1770, 31714, 21296, 48462, 45726, 25990, 2083, 16923, 41320]"
115773,"[27834, 93601, 55524, 82302, 58260, 92012, 83096, 87704, 75331, 108544]"
115774,"[57008, 43803, 91659, 17845, 20102, 90921, 22404, 66487, 66593, 4732]"
115775,"[70546, 43531, 44831, 75281, 82804, 90632, 96243, 32623, 71554, 80303]"
115776,"[100686, 100460, 76482, 36037, 43889, 25953, 48911, 35359, 17710, 74635]"
115777,"[13794, 30238, 41020, 45819, 101952, 36607, 64473, 61332, 60309, 49974]"
115778,"[46988, 109423, 94993, 15657, 52294, 100700, 75533, 47866, 92994, 70792]"
115779,"[90791, 79693, 8854, 81350, 105690, 77039, 56301, 74988, 14436, 108117]"
115780,"[10706, 11634, 24512, 29674, 42341, 51905, 10213, 17962, 21553, 49262]"
115781,"[39650, 80167, 67739, 105167, 7489, 103063, 26972, 85563, 59758, 67797]"
115782,"[21985, 88264, 75872, 55913, 108217, 78453, 6904, 98178, 20211, 105513]"
115783,"[60569, 13756, 27829, 69524, 108310, 24386, 43858, 55626, 23652, 19507]"
115784,"[43370, 74363, 75177, 33118, 101012, 52642, 70330, 10175, 70883, 2158]"
115785,"[104302, 108037, 19141, 49376, 46290, 4259, 15738, 30734, 92589, 75293]"
115786,"[55280, 35614, 3367, 31405, 9564, 25568, 89512, 53716, 18672, 109636]"
115787,"[97767, 43946, 89468, 80704, 62364, 42497, 18620, 92286, 15345, 16248]"
115788,"[46296, 83317, 40275, 44016, 83923, 100336, 65130, 45214, 64526, 9554]"
115789,"[42121, 7331, 80853, 16756, 33192, 30337, 61002, 2325, 68404, 19626]"
115790,"[59247, 69340, 70772, 82345, 38090, 90846, 2488, 3217, 7844, 99480]"
115791,"[83043, 104694, 6755, 92737, 89250, 49078, 39019, 75567, 86042, 96881]"
115792,"[47466, 68677, 42436, 66539, 70735, 23846, 31728, 29692, 11809, 89594]"
115793,"[50166, 65408, 89319, 63512, 77909, 39108, 89869, 40179, 95758, 66926]"
115794,"[75346, 82566, 64943, 48868, 67232, 91187, 107966, 54614, 81856, 93421]"
115795,"[39904, 6338, 82994, 106227, 85656, 79739, 46899, 30788, 3875, 75169]"
115796,"[60482, 42940, 44170, 38943, 63521, 73496, 60494, 67891, 51936, 37681]"
115797,"[59685, 1314, 60098, 108469, 2032, 39907, 18559, 4043, 26919, 21293]"
115798,"[55991, 93443, 33422, 11008, 74219, 58847, 27334, 87160, 8872, 101048]"
115799,"[84803, 94682, 104197, 43953, 60732, 47070, 11682, 23208, 33805, 98942]"
115800,"[14295, 8319, 5883, 52352, 26876, 35777, 106146, 86951, 57251, 96856]"
115801,"[74780, 20602, 78665, 56706, 83055, 58964, 74512, 71391, 82551, 68968]"
115802,"[24215, 98314, 61457, 57697, 54861, 108283, 47722, 23776, 93103, 55247]"
115803,"[8215, 11076, 44202, 44477, 84387, 69280, 3689, 83998, 14664, 50768]"
115804,"[103112, 25968, 41884, 61992, 9352, 72415, 88226, 50923, 58666, 81885]"
115805,"[70994, 74141, 40561, 86599, 92171, 70613, 47823, 28894, 96449, 94259]"
115806,"[94400, 20442, 60935, 90574, 14306, 16493, 3142, 107391, 36328, 30142]"
115807,"[85707, 30553, 94491, 107205, 9621, 49715, 95803, 75568, 24016, 59873]"
115808,"[11018, 71410, 51497, 7873, 21679, 27184, 33253, 108698, 18250, 6495]"
115809,"[18955, 35910, 35024, 56803, 29654, 95066, 14989, 23445, 25237, 27219]"
115810,"[2818, 37897, 82705, 97593, 2455, 80053, 79233, 75929, 23606, 97006]"
115811,"[42914, 1281, 17363, 103905, 70276, 17973, 60782, 64552, 84778, 28851]"
115812,"[28426, 25664, 39889, 96685, 69283, 29341, 93999, 50422, 17858, 11031]"
115813,"[60683, 58756, 109491, 44324, 78937, 75081, 30224, 5830, 576, 12595]"
115814,"[73690, 99842, 28704, 4106, 22099, 103415, 105263, 757, 9837, 64668]"
115815,"[78931, 16019, 94052, 109748, 66933, 47882, 69894, 50957, 95148, 51627]"
115816,"[47407, 53420, 28975, 42170, 58587, 69653, 43648, 95818, 85120, 95878]"
115817,"[85893, 97335, 92974, 57467, 69516, 2333, 89641, 26268, 48840, 74210]"
115818,"[49428, 105178, 31432, 69767, 49038, 97486, 39992, 93784, 68526, 28605]"
115819,"[37862, 95768, 94494, 94154, 12069, 45463, 43358, 106333, 82728, 102756]"
115820,"[80245, 51807, 53018, 51702, 74678, 81933, 24661, 88243, 40794, 27059]"
115821,"[10943, 58649, 100040, 24201, 42791, 3802, 44662, 21166, 51397, 76224]"
115822,"[61459, 59735, 98789, 64591, 73021, 10913, 24589, 51575, 83534, 12517]"
115823,"[37613, 49720, 108931, 60577, 64164, 70207, 39623, 102508, 50954, 42084]"
115824,"[35129, 102601, 82208, 58184, 77155, 89156, 97608, 75348, 20790, 104852]"
115825,"[41890, 8246, 100587, 73273, 59779, 32669, 52673, 12758, 105588, 72076]"
115826,"[28669, 23755, 59863, 95077, 80611, 54451, 10893, 9699, 52886, 67354]"
115827,"[103390, 6645, 75871, 1921, 74760, 25712, 73019, 71883, 79902, 81100]"
115828,"[98269, 83326, 55200, 50417, 59836, 80427, 28558, 26118, 7760, 13442]"
115829,"[91880, 75389, 70869, 94226, 75999, 83686, 58691, 17923, 53714, 53530]"
115830,"[69194, 84484, 58986, 60274, 19585, 34932, 44532, 78271, 90328, 2807]"
115831,"[43655, 93667, 54872, 86984, 43801, 46979, 11689, 61124, 48912, 25024]"
115832,"[22877, 9888, 62317, 28973, 43518, 84130, 51436, 80461, 105222, 103315]"
115833,"[10797, 51238, 92246, 55384, 13786, 26944, 44209, 75504, 76408, 76068]"
115834,"[4725, 95137, 102720, 25971, 80919, 27929, 94279, 37440, 49818, 48596]"
115835,"[27027, 17244, 71142, 93676, 98780, 98525, 55042, 92336, 39710, 61871]"
115836,"[93583, 10068, 39158, 53066, 109260, 12685, 74587, 71324, 25323, 84357]"
115837,"[48228, 55759, 94530, 19979, 86963, 18581, 89039, 91511, 100772, 98187]"
115838,"[11755, 82901, 98588, 55689, 63329, 85546, 62856, 8675, 27436, 13526]"
115839,"[3477, 73263, 95327, 46056, 44841, 78680, 6660, 36219, 45596, 55715]"
115840,"[1239, 99263, 68178, 15405, 3360, 2300, 55425, 95199, 84763, 65664]"
115841,"[63410, 45982, 70996, 16288, 32860, 78641, 94329, 84697, 94751, 96275]"
115842,"[54807, 24864, 9221, 79828, 100734, 64114, 24461, 107395, 65671, 72426]"
115843,"[42165, 84268, 30535, 14200, 26490, 8294, 93806, 767, 90363, 32818]"
115844,"[17215, 56106, 97682, 108989, 15946, 55547, 41774, 32444, 68474, 49043]"
115845,"[39099, 48533, 96216, 1182, 70147, 51173, 9673, 98758, 16343, 51338]"
115846,"[31212, 85314, 31460, 54780, 91998, 68969, 40609, 50505, 48209, 77372]"
115847,"[42205, 22248, 100193, 5846, 51937, 99606, 86963, 55378, 107940, 84692]"
115848,"[42224, 8109, 18389, 34778, 52496, 46965, 9602, 44178, 109233, 88124]"
115849,"[73148, 97377, 60888, 70897, 3928, 78792, 88315, 76837, 99965, 4579]"
115850,"[86270, 7559, 69118, 107641, 70406, 36558, 94392, 53301, 79672, 20028]"
115851,"[16906, 38875, 38349, 95645, 43527, 98012, 28610, 68814, 101131, 97502]"
115852,"[38793, 14129, 33883, 45267, 77819, 30375, 73923, 31966, 37996, 9287]"
115853,"[11248, 91100, 71227, 22838, 57217, 41575, 49120, 36922, 88388, 48280]"
115854,"[70350, 20638, 39453, 33998, 8293, 60735, 99678, 71776, 83089, 50907]"
115855,"[907, 102197, 86777, 38583, 66964, 30013, 55781, 72483, 36374, 12322]"
115856,"[18137, 51782, 14157, 84825, 30415, 106066, 107724, 5387, 44285, 7184]"
115857,"[18236, 79720, 14566, 64896, 103475, 92518, 39810, 13021, 108078, 40735]"
115858,"[22797, 107368, 46131, 39468, 60887, 30551, 59631, 64643, 106730, 49183]"
115859,"[92026, 42206, 50585, 59612, 109498, 1234, 49842, 3225, 44565, 24748]"
115860,"[53756, 96268, 45738, 45814, 59223, 17972, 48890, 87499, 46597, 62291]"
115861,"[87261, 26728, 40793, 63655, 105675, 53820, 104604, 108034, 49862, 46605]"
115862,"[81938, 40178, 39815, 11423, 2730, 7998, 102960, 49641, 79752, 22166]"
115863,"[81742, 68346, 99872, 84944, 17034, 98784, 50629, 35823, 23987, 62087]"
115864,"[86270, 47723, 7559, 69118, 107641, 70406, 36558, 53301, 37945, 57268]"
115865,"[62054, 97809, 55292, 65731, 51435, 64033, 98139, 92141, 103218, 53706]"
115866,"[61123, 14184, 64372, 64972, 48683, 98075, 86964, 60215, 96706, 867]"
115867,"[43510, 17230, 80340, 61145, 20970, 51604, 11614, 21428, 60527, 54281]"
115868,"[101969, 65554, 22500, 42367, 61566, 26059, 39388, 83933, 25425, 60442]"
115869,"[60184, 8923, 68614, 76692, 91672, 34906, 67834, 57792, 84631, 63170]"
115870,"[8566, 46549, 57735, 31089, 97263, 78144, 34925, 20620, 83518, 41768]"
115871,"[75561, 49576, 8524, 42119, 72558, 39361, 21411, 78961, 67726, 67185]"
115872,"[18530, 98230, 31009, 15302, 13606, 72278, 90101, 65885, 31947, 88638]"
115873,"[1213, 47786, 90414, 12003, 53058, 109474, 56026, 19694, 16634, 105209]"
115874,"[97453, 67636, 1066, 68806, 43737, 9437, 80098, 36322, 1617, 19297]"
115875,"[70506, 78756, 99143, 93295, 22964, 4687, 106728, 13617, 14117, 47743]"
115876,"[77777, 52269, 60158, 79771, 85109, 102796, 64720, 53901, 39547, 24913]"
115877,"[75476, 42102, 48933, 75024, 45616, 7814, 93165, 22523, 103020, 94346]"
115878,"[85419, 46164, 47235, 68973, 27003, 76371, 79097, 48970, 82144, 93605]"
115879,"[52697, 20836, 65449, 9907, 33696, 102194, 28136, 9139, 18860, 57045]"
115880,"[22494, 72633, 41720, 99477, 16442, 50894, 76946, 37282, 105767, 32147]"
115881,"[94800, 96083, 26339, 3179, 86897, 108287, 4792, 36353, 42637, 73563]"
115882,"[100000, 50245, 76105, 38566, 21177, 46283, 57746, 82974, 8942, 49799]"
115883,"[71240, 71780, 35156, 30642, 61893, 61121, 49165, 62695, 84511, 4687]"
115884,"[82091, 89493, 42300, 92579, 51314, 24985, 90661, 97082, 73318, 79406]"
115885,"[66437, 38729, 81376, 19076, 98745, 12619, 90320, 57901, 74248, 73901]"
115886,"[13859, 62939, 88529, 71262, 51083, 101396, 18604, 68194, 14011, 70091]"
115887,"[54834, 77751, 16197, 76241, 51290, 11913, 960, 89487, 38398, 90884]"
115888,"[66963, 97443, 21697, 42034, 64019, 87812, 81155, 101445, 2371, 47602]"
115889,"[55994, 12203, 105351, 56423, 5936, 10937, 13269, 11222, 33401, 86356]"
115890,"[10032, 89729, 1051, 100298, 28563, 78464, 85539, 62482, 98665, 37032]"
115891,"[55710, 100660, 47126, 33818, 44758, 1747, 78043, 68667, 45735, 69407]"
115892,"[55802, 61871, 54490, 98769, 96889, 39548, 27027, 108332, 98525, 17244]"
115893,"[93132, 85244, 53267, 35341, 81954, 23913, 94567, 95939, 21082, 19408]"
115894,"[32158, 42370, 75513, 60660, 6039, 32856, 7894, 30731, 89721, 81394]"
115895,"[103512, 84772, 15989, 7064, 101986, 101588, 93659, 58314, 47876, 61833]"
115896,"[42611, 29137, 41695, 32174, 65456, 8067, 36265, 32477, 14348, 108753]"
115897,"[36007, 85752, 46029, 43910, 91815, 22638, 89679, 102905, 28036, 7228]"
115898,"[15797, 86405, 68592, 106418, 47251, 98270, 12068, 23242, 34509, 65036]"
115899,"[66396, 23054, 105913, 59332, 73260, 57955, 101968, 2363, 7322, 61310]"
115900,"[91157, 55264, 89859, 96694, 415, 35626, 51642, 76526, 108569, 43597]"
115901,"[4765, 104174, 59506, 52163, 55843, 77439, 100800, 58586, 35309, 31950]"
115902,"[70156, 79831, 7866, 49038, 51473, 72538, 67987, 5867, 95904, 7324]"
115903,"[36775, 74197, 106924, 90330, 33910, 71423, 86353, 106698, 105137, 37851]"
115904,"[29519, 12364, 27597, 69363, 27356, 56008, 8256, 45109, 22926, 77807]"
115905,"[60978, 26721, 108194, 49007, 76242, 61196, 88365, 67404, 101583, 2589]"
115906,"[35372, 43653, 48320, 104486, 32705, 92479, 75930, 82234, 32421, 11284]"
115907,"[20281, 3999, 30435, 70288, 41677, 51840, 77560, 13719, 43150, 53277]"
115908,"[12928, 1814, 99675, 82253, 56318, 60135, 45049, 54717, 65334, 17165]"
115909,"[20996, 91250, 27927, 18634, 24890, 48837, 51384, 102085, 91723, 90642]"
115910,"[13385, 44565, 1984, 30146, 41545, 35070, 37149, 64871, 227, 108872]"
115911,"[1969, 58493, 14271, 36986, 73684, 53540, 76286, 100494, 68382, 106082]"
115912,"[97682, 66169, 98767, 25287, 309, 38390, 41242, 18545, 32585, 32444]"
115913,"[81655, 6130, 71247, 5174, 79021, 19478, 20562, 101059, 44541, 98566]"
115914,"[17310, 94986, 17663, 1426, 91484, 5453, 40558, 92832, 80683, 44602]"
115915,"[36334, 29030, 55721, 95332, 18312, 43017, 67706, 92223, 55083, 29091]"
115916,"[104096, 29367, 82505, 7128, 20713, 29936, 20448, 89979, 31824, 102617]"
115917,"[22984, 13235, 17029, 39395, 89574, 96661, 22249, 46085, 21001, 101663]"
115918,"[40292, 104574, 93209, 56504, 80097, 1689, 25804, 35328, 5821, 109754]"
115919,"[45145, 4914, 97710, 69074, 67101, 64952, 69469, 69116, 33070, 63082]"
115920,"[19915, 215, 48386, 98732, 15393, 109585, 17896, 53256, 64445, 63859]"
115921,"[86399, 53259, 20769, 52497, 76088, 79906, 38467, 74761, 1416, 39483]"
115922,"[35431, 6116, 52306, 72642, 91004, 74569, 106343, 4877, 72720, 44343]"
115923,"[22053, 11084, 96430, 59273, 78652, 57384, 8930, 51515, 75938, 91347]"
115924,"[102787, 57947, 106548, 95456, 63264, 108307, 28024, 71239, 103067, 63254]"
115925,"[58235, 9641, 10263, 7492, 83424, 27341, 45678, 52805, 107267, 90344]"
115926,"[30866, 36219, 57096, 76334, 57905, 80485, 44990, 3107, 20429, 30038]"
115927,"[95234, 34855, 10338, 8815, 89203, 87229, 97002, 6309, 24272, 48325]"
115928,"[18646, 39590, 86676, 14024, 23048, 46632, 14081, 6517, 95451, 47969]"
115929,"[53692, 20335, 75435, 52768, 99384, 90656, 43419, 47562, 85165, 40533]"
115930,"[44125, 101766, 101916, 79586, 99843, 59797, 36929, 105709, 61927, 1395]"
115931,"[75327, 62186, 10950, 50427, 20995, 51915, 8694, 22547, 59949, 2107]"
115932,"[40422, 80627, 99622, 8747, 55454, 22756, 7735, 48752, 51166, 31859]"
115933,"[65611, 85925, 37814, 75004, 97789, 95895, 69678, 70895, 50724, 74099]"
115934,"[4740, 108093, 37975, 70986, 72938, 8780, 52272, 67720, 86161, 19913]"
115935,"[23494, 90100, 305, 41478, 108490, 51759, 11781, 37082, 72587, 43926]"
115936,"[107616, 109510, 6652, 83689, 103113, 29204, 103667, 85054, 7946, 82662]"
115937,"[76805, 34901, 48619, 100996, 67869, 75064, 83552, 85066, 4522, 11765]"
115938,"[92163, 13158, 64792, 94136, 74582, 33055, 1408, 57584, 100140, 91414]"
115939,"[6647, 93757, 18381, 45792, 96016, 78895, 13289, 28989, 87553, 14750]"
115940,"[20385, 2832, 99154, 40307, 31591, 56546, 18028, 63975, 10311, 18433]"
115941,"[4280, 80140, 18978, 11952, 18139, 20218, 41433, 55522, 9603, 75668]"
115942,"[28429, 3136, 29056, 69114, 71579, 74226, 103644, 14031, 61, 77671]"
115943,"[102867, 70447, 10712, 98063, 32272, 30174, 18550, 85424, 32932, 69593]"
115944,"[748, 74242, 99697, 51622, 72693, 88651, 25244, 43770, 10166, 102784]"
115945,"[72177, 78213, 103681, 88099, 105468, 12917, 68036, 107444, 26001, 73778]"
115946,"[57063, 104743, 103053, 37844, 88086, 32022, 26336, 109141, 36427, 90915]"
115947,"[76585, 94687, 105832, 98292, 16843, 25268, 42557, 85576, 6786, 15225]"
115948,"[70572, 8971, 61228, 79398, 2383, 18977, 30824, 36405, 35260, 101245]"
115949,"[80755, 72293, 54435, 8062, 104038, 100608, 81031, 35327, 28601, 105724]"
115950,"[14784, 81195, 62387, 92252, 105652, 76460, 27314, 96954, 37119, 49585]"
115951,"[18732, 4984, 56265, 78954, 67648, 11144, 37153, 88568, 47973, 52672]"
115952,"[51327, 45702, 12152, 50101, 16237, 22300, 103111, 87224, 48898, 72344]"
115953,"[46918, 51064, 6927, 88233, 70426, 98855, 1633, 10374, 96361, 84047]"
115954,"[99293, 25361, 52246, 19558, 48840, 96916, 90224, 78020, 56446, 39746]"
115955,"[61348, 3157, 56206, 34449, 41927, 2592, 47284, 39172, 57296, 3738]"
115956,"[53113, 91332, 36792, 7531, 63514, 84086, 54988, 20999, 42004, 34343]"
115957,"[83977, 51498, 44985, 71655, 59400, 41368, 14598, 44327, 50184, 64312]"
115958,"[50763, 80853, 8995, 76127, 9782, 89492, 33192, 30337, 100155, 47491]"
115959,"[10790, 53196, 106875, 72094, 25696, 89970, 69799, 109337, 4969, 88058]"
115960,"[59530, 89843, 77030, 19074, 30803, 60223, 11529, 64767, 25823, 35170]"
115961,"[72846, 10543, 16418, 70777, 63125, 14290, 47992, 58935, 80424, 24724]"
115962,"[60541, 108044, 96967, 49617, 45300, 106805, 93229, 34106, 78285, 24858]"
115963,"[38822, 96984, 55128, 96131, 2633, 15444, 109770, 78539, 25032, 35844]"
115964,"[16724, 12910, 79328, 60737, 95189, 102064, 88039, 38939, 27489, 90972]"
115965,"[54132, 23572, 51583, 75567, 92737, 37146, 87393, 50411, 107776, 20510]"
115966,"[22662, 107373, 49917, 95250, 107590, 12353, 47465, 62295, 15394, 62280]"
115967,"[49878, 48577, 75332, 50987, 94360, 18831, 102688, 55126, 51531, 52193]"
115968,"[36941, 103674, 79313, 10795, 48729, 11447, 107762, 63718, 43184, 96731]"
115969,"[4124, 58764, 16927, 53978, 94905, 74696, 104934, 103148, 39254, 29256]"
115970,"[63531, 108269, 38345, 55355, 58601, 95289, 63996, 105778, 52467, 25284]"
115971,"[41110, 53017, 70347, 68506, 1343, 68756, 59690, 103151, 20100, 48925]"
115972,"[69672, 42707, 49556, 17826, 5458, 54900, 7276, 86972, 52252, 17290]"
115973,"[9399, 48032, 36035, 36200, 3885, 97636, 60552, 98101, 78815, 70055]"
115974,"[59565, 74643, 79273, 28416, 18813, 12837, 65250, 101632, 49349, 47080]"
115975,"[23386, 96742, 64272, 35465, 95401, 75238, 95840, 4123, 25709, 33338]"
115976,"[73326, 29520, 102127, 13347, 45330, 58237, 82032, 97442, 2310, 13133]"
115977,"[54732, 66056, 33195, 41364, 83197, 65613, 74611, 17242, 40292, 63233]"
115978,"[47034, 21311, 21859, 24960, 95357, 84722, 80743, 45405, 7012, 59638]"
115979,"[100392, 71329, 57241, 65974, 81043, 57076, 58194, 10485, 76252, 70750]"
115980,"[83850, 19912, 64185, 90853, 9132, 82970, 71520, 58788, 53477, 22551]"
115981,"[60571, 53092, 96754, 78932, 81217, 106011, 45889, 45712, 64697, 19864]"
115982,"[71087, 8179, 77249, 69536, 106921, 67298, 52222, 23841, 4791, 109501]"
115983,"[29229, 56199, 589, 55941, 108382, 77521, 12215, 23396, 45742, 51799]"
115984,"[38173, 45379, 2091, 41866, 84374, 24719, 42727, 80622, 87311, 12254]"
115985,"[88072, 43345, 24653, 3490, 84155, 51967, 27352, 1356, 75469, 32399]"
115986,"[23644, 3114, 100969, 94912, 87967, 15141, 76855, 69941, 47858, 18762]"
115987,"[88462, 95830, 29063, 89506, 98805, 69178, 26111, 11479, 52428, 64229]"
115988,"[89570, 101520, 94561, 58196, 88888, 8830, 58179, 9389, 37831, 24694]"
115989,"[87505, 9792, 98708, 4838, 4911, 15340, 105028, 2740, 33737, 13847]"
115990,"[29224, 90799, 71533, 87523, 84788, 92465, 85574, 9163, 56698, 29290]"
115991,"[21395, 36927, 58504, 71416, 246, 68708, 41047, 66603, 32790, 92354]"
115992,"[83441, 40719, 35940, 70831, 41138, 65376, 54285, 69177, 87240, 69464]"
115993,"[7926, 7789, 97790, 41904, 97394, 105400, 8549, 82326, 71482, 9358]"
115994,"[17969, 91152, 82391, 104799, 16234, 90855, 38424, 90763, 83696, 61815]"
115995,"[43263, 7745, 93840, 4981, 12787, 83789, 55315, 12511, 31029, 30074]"
115996,"[37043, 81590, 92341, 10486, 14353, 33310, 47622, 28894, 94259, 55610]"
115997,"[105130, 90222, 104045, 54746, 33598, 33593, 75773, 86911, 62066, 33602]"
115998,"[10541, 83639, 77967, 64391, 64301, 47955, 93004, 49483, 95033, 73980]"
115999,"[29665, 18414, 101169, 54387, 47051, 12641, 43130, 58195, 10980, 77906]"
116000,"[94807, 91732, 41919, 43962, 46116, 69252, 75459, 24449, 76378, 21454]"
116001,"[58710, 75620, 78534, 35599, 84357, 25323, 94552, 10393, 97181, 103831]"
116002,"[95459, 12072, 57934, 103267, 83896, 63131, 64761, 104526, 32469, 43319]"
116003,"[19165, 107573, 28546, 38327, 18049, 22304, 65104, 47564, 11331, 49350]"
116004,"[46505, 63292, 100894, 25783, 36906, 56399, 46752, 53327, 66215, 73766]"
116005,"[69812, 74921, 14764, 23295, 33067, 5801, 90244, 18827, 78685, 69723]"
116006,"[44151, 15523, 70861, 66566, 39734, 36326, 60572, 51232, 61829, 41841]"
116007,"[105327, 97140, 86952, 97176, 51132, 101945, 69758, 56392, 103636, 34973]"
116008,"[77222, 67886, 42536, 37205, 105884, 6189, 50931, 32628, 105522, 32921]"
116009,"[81408, 16165, 3070, 32711, 72678, 30075, 86473, 50269, 73251, 5944]"
116010,"[71621, 51997, 78938, 86893, 83949, 20325, 61287, 78820, 104033, 44173]"
116011,"[73603, 92028, 81339, 47300, 70363, 103607, 10674, 63186, 88106, 37427]"
116012,"[28961, 79956, 32987, 4618, 95895, 43236, 32865, 24676, 67388, 40266]"
116013,"[103121, 17970, 108120, 9497, 51744, 90996, 96428, 73950, 50254, 65434]"
116014,"[67437, 34300, 67668, 63829, 4350, 92589, 64128, 100582, 106635, 103452]"
116015,"[28905, 65771, 4661, 73865, 80818, 81070, 108294, 85078, 60123, 85019]"
116016,"[812, 89719, 105396, 41185, 29421, 11791, 38303, 28592, 106363, 107104]"
116017,"[84005, 15560, 82528, 39038, 30587, 56214, 4607, 2702, 102469, 79757]"
116018,"[30937, 29610, 57587, 32803, 12178, 105023, 3336, 19918, 99405, 108073]"
116019,"[57091, 41009, 28051, 69521, 107418, 99900, 87607, 40312, 80043, 32537]"
116020,"[44313, 17760, 84499, 15743, 68926, 72325, 17360, 108107, 51512, 13240]"
116021,"[44344, 58243, 76244, 49516, 18860, 154, 9139, 57045, 19913, 87396]"
116022,"[95361, 3189, 76065, 95317, 65382, 37494, 7032, 60224, 25518, 65743]"
116023,"[107065, 50905, 74051, 40115, 51887, 26332, 43671, 4847, 54176, 98470]"
116024,"[103489, 72107, 44167, 57003, 12475, 7456, 108573, 39140, 77624, 65677]"
116025,"[24739, 96977, 108773, 42467, 107524, 101773, 10597, 80733, 82833, 53053]"
116026,"[55669, 2043, 100929, 5885, 38809, 14008, 43662, 64027, 89458, 67507]"
116027,"[42771, 105350, 47628, 97668, 39618, 13496, 75592, 92211, 66960, 59718]"
116028,"[96474, 96115, 84038, 58361, 50224, 52402, 82, 97275, 38370, 37485]"
116029,"[33089, 41812, 19778, 92773, 89399, 19657, 96156, 7475, 36279, 38800]"
116030,"[93941, 90200, 57815, 38852, 45579, 77388, 81762, 90225, 26880, 72255]"
116031,"[88236, 12426, 94145, 1937, 51427, 75673, 89699, 949, 103463, 19673]"
116032,"[30567, 82482, 99193, 41439, 50118, 97628, 12592, 109453, 73697, 74315]"
116033,"[52772, 29550, 65294, 79406, 97559, 61167, 39133, 69816, 20167, 68749]"
116034,"[13863, 33494, 36014, 108197, 102516, 31302, 109639, 79116, 59649, 82116]"
116035,"[12661, 85431, 65576, 92592, 87905, 96283, 105598, 83579, 102320, 23220]"
116036,"[39866, 18166, 9145, 22735, 30474, 41152, 105457, 73771, 16466, 42248]"
116037,"[18553, 28392, 92763, 53775, 77614, 18885, 85924, 8424, 51174, 35987]"
116038,"[64096, 86059, 90027, 96442, 51370, 86162, 96925, 29608, 31385, 29312]"
116039,"[15468, 48271, 101125, 10323, 51331, 100423, 81042, 56787, 21359, 79833]"
116040,"[49683, 107335, 5084, 64765, 60028, 103465, 92240, 65518, 46678, 43873]"
116041,"[61246, 96305, 104016, 73386, 72589, 23312, 80856, 74841, 82025, 103562]"
116042,"[65925, 74641, 104046, 103392, 20479, 44080, 73321, 71212, 43183, 12486]"
116043,"[12758, 12474, 89663, 35806, 105588, 99712, 54493, 16936, 71690, 101287]"
116044,"[67877, 83508, 80213, 2239, 58999, 74153, 73802, 53637, 9973, 49943]"
116045,"[94183, 99675, 13646, 78855, 73926, 37356, 71095, 82055, 70124, 83274]"
116046,"[58683, 96292, 13934, 102581, 101326, 39445, 83970, 71721, 31186, 1794]"
116047,"[25955, 42372, 78636, 30007, 70819, 59542, 5564, 38637, 76672, 101339]"
116048,"[19975, 48175, 9603, 54614, 93421, 69208, 81856, 39948, 14565, 99952]"
116049,"[51381, 3597, 40151, 105482, 104044, 70502, 106960, 8675, 27436, 62586]"
116050,"[28641, 19972, 64067, 23432, 63187, 25515, 74784, 20180, 49405, 66961]"
116051,"[78332, 54846, 59451, 24002, 6084, 97044, 79390, 46975, 43039, 91651]"
116052,"[53362, 83409, 5429, 95492, 51999, 65865, 28540, 30672, 9562, 28410]"
116053,"[57501, 71023, 38274, 42727, 49506, 53820, 77032, 80622, 38173, 87311]"
116054,"[88462, 89506, 95830, 29063, 98805, 52428, 26111, 69178, 11479, 57672]"
116055,"[102067, 71346, 39186, 99885, 31079, 71044, 49825, 9961, 76419, 108836]"
116056,"[101600, 16627, 40208, 63538, 92023, 47348, 33853, 1883, 5223, 2888]"
116057,"[83307, 107036, 63752, 65926, 88681, 52037, 55644, 66341, 90805, 23513]"
116058,"[73580, 3575, 105081, 99164, 3481, 76258, 18003, 103746, 43981, 1339]"
116059,"[73505, 58900, 96576, 39318, 72631, 91126, 58043, 17633, 60764, 13321]"
116060,"[61006, 102352, 85207, 107902, 109395, 89356, 13560, 91782, 33564, 77979]"
116061,"[49347, 97752, 74232, 32564, 81451, 48616, 9735, 17450, 109084, 71592]"
116062,"[56659, 34761, 44773, 24550, 49547, 3338, 99480, 62747, 50772, 21499]"
116063,"[42169, 96132, 99006, 101193, 59692, 76431, 76569, 52834, 61518, 74272]"
116064,"[53649, 680, 17243, 38857, 93591, 106275, 94726, 77091, 42619, 44797]"
116065,"[12392, 96059, 86651, 40784, 27615, 73223, 55716, 5485, 32406, 89878]"
116066,"[79908, 86484, 45489, 31288, 31207, 44834, 6586, 36034, 35484, 12119]"
116067,"[4722, 5523, 42356, 69875, 11678, 53793, 93114, 100832, 2507, 5781]"
116068,"[78824, 45809, 59044, 34922, 38029, 67471, 37851, 105137, 88083, 58492]"
116069,"[41013, 97489, 7778, 27937, 54964, 108481, 79932, 85864, 77184, 80479]"
116070,"[77736, 36845, 65541, 63235, 69716, 80346, 32462, 22438, 95561, 85785]"
116071,"[24303, 44963, 1474, 73388, 48735, 29321, 3409, 31417, 53119, 39976]"
116072,"[89721, 67559, 28115, 7025, 70381, 48853, 93056, 83211, 31004, 25545]"
116073,"[67203, 63094, 1994, 18790, 24704, 49929, 5571, 85381, 9479, 97684]"
116074,"[75648, 90699, 52706, 13092, 53785, 93553, 82960, 37646, 47175, 2603]"
116075,"[75157, 45602, 7245, 8414, 10853, 41235, 78180, 16920, 53721, 86646]"
116076,"[73581, 63135, 26396, 54416, 29924, 104212, 57302, 6380, 1434, 109199]"
116077,"[72269, 15102, 85996, 9876, 67936, 10073, 50633, 48304, 6505, 102611]"
116078,"[92430, 97075, 64500, 56953, 85438, 63760, 102451, 26882, 69863, 100805]"
116079,"[6104, 98657, 6788, 64842, 48487, 85396, 60376, 55060, 12286, 85606]"
116080,"[39436, 97555, 79557, 49070, 48252, 24623, 99517, 76832, 16466, 64518]"
116081,"[70858, 22989, 74605, 85985, 69540, 55992, 38670, 94795, 85641, 11862]"
116082,"[50440, 71339, 94285, 69807, 97589, 89950, 60812, 52064, 63667, 66586]"
116083,"[24820, 49049, 81098, 66469, 14130, 83508, 34996, 45314, 60122, 41483]"
116084,"[22549, 99015, 77128, 91010, 64398, 87542, 98157, 47364, 1211, 66262]"
116085,"[5639, 108389, 11698, 23466, 56545, 96121, 86408, 105450, 31386, 51561]"
116086,"[3069, 59082, 61393, 32171, 25128, 73679, 57852, 93993, 48204, 107360]"
116087,"[79709, 62259, 39557, 24251, 40950, 34959, 13209, 58115, 36549, 83878]"
116088,"[42564, 102851, 101980, 105173, 38561, 99993, 17884, 17919, 81093, 2626]"
116089,"[99114, 2365, 40535, 53211, 60359, 54764, 18592, 62868, 55959, 107584]"
116090,"[50708, 73842, 18030, 2168, 96334, 38740, 15062, 30060, 58889, 100244]"
116091,"[45757, 24361, 26657, 39743, 73426, 85992, 100740, 17525, 2124, 86302]"
116092,"[15560, 84005, 68768, 88110, 65194, 39038, 82528, 30116, 70534, 97900]"
116093,"[64804, 51185, 86855, 74266, 60004, 75501, 84976, 94417, 34706, 34256]"
116094,"[82765, 34225, 8651, 20637, 79505, 9931, 3732, 95139, 99323, 20361]"
116095,"[50669, 40347, 8044, 52676, 17551, 100691, 8643, 3485, 19416, 80047]"
116096,"[71789, 32474, 99420, 80161, 42872, 71647, 57537, 7697, 27784, 102652]"
116097,"[44157, 89440, 66659, 79075, 26761, 13072, 35309, 55843, 59506, 18442]"
116098,"[41780, 18873, 96252, 6830, 16683, 4686, 72249, 51330, 88759, 69240]"
116099,"[99048, 56361, 6481, 97253, 59653, 1137, 69454, 87344, 18989, 61635]"
116100,"[28618, 13880, 43496, 25533, 73365, 104576, 47476, 63719, 103819, 15560]"
116101,"[91421, 19112, 66082, 46898, 1358, 18833, 20184, 12528, 5370, 62396]"
116102,"[107102, 31891, 102673, 18991, 3172, 40606, 43945, 103759, 34400, 103402]"
116103,"[84583, 65794, 8339, 56410, 87975, 106938, 87831, 106790, 51420, 4505]"
116104,"[22219, 101001, 15487, 10472, 81717, 85311, 53559, 25378, 69599, 3404]"
116105,"[17778, 34644, 8992, 100288, 76778, 89227, 14219, 27484, 80179, 3764]"
116106,"[103240, 22914, 34002, 22635, 9546, 6169, 67572, 86653, 49445, 75079]"
116107,"[106241, 97382, 50303, 38278, 84040, 55745, 23826, 88773, 52230, 94900]"
116108,"[84024, 17199, 29113, 11272, 101370, 40434, 32647, 47149, 85905, 51099]"
116109,"[107966, 91187, 49383, 77708, 54806, 75346, 16491, 91604, 77528, 48242]"
116110,"[60467, 56908, 81849, 78678, 57011, 73688, 76288, 14379, 57908, 83753]"
116111,"[57040, 63247, 36429, 84192, 84476, 13740, 4208, 4694, 64666, 98207]"
116112,"[88511, 67995, 107384, 14473, 105761, 9254, 76633, 62863, 78666, 92050]"
116113,"[101705, 91531, 102482, 56462, 58954, 104473, 82083, 14195, 46541, 79051]"
116114,"[22485, 75799, 79713, 85533, 8813, 64750, 83115, 45849, 69666, 79130]"
116115,"[50968, 63811, 90573, 28203, 81683, 109280, 51400, 57511, 89910, 85782]"
116116,"[52000, 14934, 62805, 48183, 27566, 83978, 51585, 85836, 92072, 73451]"
116117,"[26603, 105404, 27363, 96513, 26455, 55877, 22155, 93440, 109587, 14746]"
116118,"[75124, 90859, 57218, 14854, 53548, 29267, 73813, 94891, 27579, 59765]"
116119,"[78732, 6723, 46583, 106652, 789, 98344, 72770, 35145, 24371, 28241]"
116120,"[11175, 10971, 82782, 75002, 20043, 53775, 10601, 114, 18553, 66581]"
116121,"[33061, 15145, 86475, 96373, 58086, 103528, 106052, 96838, 88630, 65484]"
116122,"[93318, 48758, 8779, 48813, 33611, 80144, 13038, 96918, 88003, 56454]"
116123,"[97498, 62111, 21744, 26171, 53763, 12947, 37476, 73645, 36163, 8719]"
116124,"[47295, 30864, 52456, 55825, 77988, 69032, 12395, 20944, 4861, 26829]"
116125,"[109225, 14141, 18766, 30154, 20159, 94178, 68046, 102166, 32261, 75234]"
116126,"[77601, 93064, 106244, 53392, 56054, 4679, 13521, 74189, 107224, 25410]"
116127,"[55485, 69864, 18294, 48558, 66210, 68584, 12366, 80023, 65594, 108302]"
116128,"[25865, 41553, 94160, 76404, 17725, 2366, 94609, 65755, 53231, 65739]"
116129,"[84807, 27154, 8765, 72043, 96923, 65439, 65286, 88923, 16216, 96624]"
116130,"[5182, 8089, 61202, 73218, 105181, 109427, 34250, 55938, 63508, 88883]"
116131,"[101388, 98274, 102057, 52407, 48325, 15939, 60813, 64409, 83463, 90188]"
116132,"[43334, 88337, 22293, 28646, 105128, 33508, 73671, 24741, 1116, 75524]"
116133,"[18617, 98165, 101314, 102294, 80129, 63378, 57846, 39971, 91705, 101003]"
116134,"[100217, 11617, 89657, 44200, 32329, 10348, 100844, 42696, 43675, 93360]"
116135,"[72337, 31564, 59970, 89591, 28287, 20809, 104652, 73273, 79830, 38781]"
116136,"[15844, 28333, 1000, 93061, 2030, 60091, 24867, 3125, 62793, 127]"
116137,"[23337, 23123, 105116, 72514, 1518, 91639, 1537, 105098, 98365, 31233]"
116138,"[27533, 23536, 38948, 58438, 93958, 7724, 88508, 101323, 25087, 6218]"
116139,"[30542, 105483, 37885, 7501, 41690, 104591, 63685, 41388, 45182, 58594]"
116140,"[88203, 79295, 33220, 62480, 65080, 83101, 108436, 99286, 46327, 10537]"
116141,"[98355, 16726, 31721, 15996, 104041, 77407, 16440, 104666, 88912, 16913]"
116142,"[77739, 46908, 71474, 74160, 73253, 11208, 59719, 97477, 52718, 97611]"
116143,"[42813, 101313, 102329, 40697, 18535, 101047, 47581, 81665, 2223, 4773]"
116144,"[27460, 10018, 6706, 95738, 5230, 29251, 19266, 83779, 3209, 98722]"
116145,"[29775, 83819, 51657, 108652, 20309, 47198, 17380, 63679, 36082, 23263]"
116146,"[4364, 93654, 34945, 10792, 26187, 44046, 86285, 37114, 1227, 103453]"
116147,"[63629, 44431, 7467, 79352, 96743, 88943, 20509, 106810, 109189, 91856]"
116148,"[62154, 3914, 9707, 75824, 109329, 57968, 46402, 66890, 50073, 13229]"
116149,"[2645, 35094, 291, 31836, 32228, 78124, 11301, 63453, 95546, 85846]"
116150,"[49488, 12297, 16, 10583, 81728, 17311, 98703, 108025, 69282, 16070]"
116151,"[68271, 101458, 72725, 74987, 102305, 16240, 77929, 30639, 99057, 84912]"
116152,"[87805, 70905, 106032, 64204, 91909, 20378, 3329, 23847, 106572, 59067]"
116153,"[74495, 34810, 100373, 107006, 20094, 52011, 18029, 80522, 97733, 64341]"
116154,"[3310, 2292, 30194, 96172, 15790, 42628, 38056, 83339, 42428, 32001]"
116155,"[47323, 41775, 37500, 93468, 64983, 14775, 95405, 26590, 70161, 107328]"
116156,"[16520, 39039, 22029, 52575, 38887, 13190, 76493, 102521, 41074, 90648]"
116157,"[108627, 90279, 68019, 72336, 45362, 7830, 47113, 24307, 82450, 12438]"
116158,"[14485, 97311, 97788, 23854, 51341, 21014, 52958, 9675, 50789, 12326]"
116159,"[96234, 4413, 7453, 75596, 75804, 87051, 25246, 6694, 97950, 97891]"
116160,"[42979, 71743, 26099, 64407, 92523, 99474, 43715, 93823, 5420, 40404]"
116161,"[13198, 39554, 89350, 27111, 65517, 85802, 75080, 108913, 57190, 44471]"
116162,"[22322, 52200, 97885, 105826, 93883, 77941, 11782, 87005, 3381, 46204]"
116163,"[79661, 45685, 54485, 5739, 83874, 103674, 36941, 100165, 49375, 47239]"
116164,"[57609, 32099, 108808, 30700, 30427, 47562, 634, 15269, 6075, 4310]"
116165,"[100203, 35504, 93552, 101740, 17625, 107268, 34582, 106990, 108800, 85004]"
116166,"[75438, 96327, 70567, 14137, 88011, 18331, 76886, 91823, 85030, 50084]"
116167,"[23202, 22061, 72561, 109536, 26488, 59575, 91425, 33646, 47485, 36320]"
116168,"[91864, 294, 71803, 22051, 64743, 15838, 15408, 11728, 12643, 75332]"
116169,"[17262, 19864, 64697, 9141, 69885, 104062, 18022, 33123, 21677, 31505]"
116170,"[91229, 59552, 83253, 43977, 16913, 93004, 16713, 72045, 69190, 36247]"
116171,"[18908, 81744, 19837, 26069, 62436, 58162, 79421, 79461, 62498, 94568]"
116172,"[75030, 83832, 22156, 57020, 82620, 91573, 52229, 87660, 91408, 99408]"
116173,"[12307, 94677, 71315, 40863, 87239, 79630, 94126, 92086, 88755, 31316]"
116174,"[19033, 87846, 6877, 28896, 107454, 109287, 48734, 83258, 506, 107832]"
116175,"[23757, 40656, 77375, 70518, 35497, 24308, 60132, 99734, 100349, 53362]"
116176,"[71120, 22317, 18459, 104327, 35222, 49507, 104811, 76024, 108550, 76717]"
116177,"[94209, 25192, 87587, 15549, 93351, 84979, 69952, 5423, 19240, 98352]"
116178,"[22122, 75499, 13265, 31712, 27699, 27661, 69245, 106723, 10156, 21152]"
116179,"[60916, 11506, 11412, 65627, 47863, 55022, 60204, 77259, 100444, 30955]"
116180,"[59443, 577, 30724, 92403, 94695, 16481, 5359, 42132, 109672, 66415]"
116181,"[23151, 96358, 84667, 48488, 53654, 16511, 59573, 91134, 940, 39539]"
116182,"[17443, 37476, 102951, 51002, 12947, 27727, 41799, 53325, 34923, 10227]"
116183,"[92638, 60833, 95674, 24884, 101352, 1086, 9173, 5380, 72633, 8633]"
116184,"[74292, 12181, 102237, 78728, 91634, 94995, 33471, 87444, 59829, 73330]"
116185,"[105533, 103208, 109534, 29910, 75706, 61614, 109449, 88071, 66279, 38993]"
116186,"[71101, 100056, 45338, 54525, 34537, 65458, 3710, 66273, 63081, 10816]"
116187,"[56201, 97852, 48523, 32029, 80374, 108346, 66683, 58187, 68379, 86586]"
116188,"[68207, 66677, 24118, 109735, 24625, 45913, 67394, 42626, 105692, 25582]"
116189,"[23744, 53576, 50271, 2711, 83988, 11453, 73906, 84072, 1008, 55692]"
116190,"[107357, 78134, 97060, 10392, 53311, 105118, 84126, 108701, 16377, 31148]"
116191,"[26720, 66075, 70467, 51352, 38636, 1395, 5195, 42989, 79261, 104424]"
116192,"[60151, 73185, 23094, 104335, 64291, 26824, 2779, 9248, 102349, 40168]"
116193,"[106191, 36883, 8535, 83060, 53570, 68745, 42977, 52755, 85494, 60694]"
116194,"[85141, 91279, 91183, 86220, 67476, 57425, 13917, 31476, 73027, 16451]"
116195,"[49778, 90056, 102551, 78396, 64661, 33027, 12379, 79530, 45060, 60751]"
116196,"[99564, 10564, 42157, 96626, 77266, 44094, 55125, 42327, 108432, 95981]"
116197,"[72919, 106273, 44424, 108887, 43032, 19250, 17657, 51646, 84571, 74802]"
116198,"[77173, 90545, 29825, 62798, 58928, 3671, 15727, 61918, 104309, 18248]"
116199,"[78062, 67237, 41502, 16509, 24350, 39729, 58279, 67021, 64283, 75589]"
116200,"[35270, 27607, 94120, 67858, 41464, 56609, 18811, 43393, 14582, 59837]"
116201,"[55039, 83659, 30547, 53374, 41096, 69697, 92661, 55159, 91622, 92121]"
116202,"[12607, 42951, 88991, 53547, 12282, 74816, 29504, 152, 70361, 40144]"
116203,"[19704, 11647, 93271, 79333, 51226, 62551, 96752, 17274, 106156, 90890]"
116204,"[6602, 104192, 69185, 70014, 38488, 103758, 96680, 56815, 54547, 1698]"
116205,"[32871, 78938, 62882, 70507, 64818, 75492, 2116, 30495, 66939, 14546]"
116206,"[41849, 18898, 72039, 59739, 48700, 108696, 12895, 35814, 29437, 106247]"
116207,"[108892, 25918, 58877, 95547, 33978, 39044, 59404, 56314, 62907, 57311]"
116208,"[106087, 100062, 96590, 80099, 64541, 95194, 72906, 4949, 57208, 79599]"
116209,"[5861, 58276, 26196, 30383, 69100, 50490, 14374, 44020, 18576, 101187]"
116210,"[23424, 23453, 68433, 62235, 9995, 36642, 18457, 16064, 59699, 8722]"
116211,"[71632, 57225, 9052, 84328, 63276, 65581, 48754, 31968, 27248, 52408]"
116212,"[103601, 59972, 90396, 42760, 81860, 57328, 104910, 18531, 71756, 46957]"
116213,"[79707, 104620, 70566, 92, 34878, 60815, 61308, 72968, 103782, 1629]"
116214,"[54563, 89597, 45064, 33688, 50069, 25753, 98463, 8190, 6930, 104609]"
116215,"[81817, 37586, 72403, 62276, 74291, 6679, 76935, 58240, 60180, 82201]"
116216,"[3407, 29780, 79600, 102165, 83503, 7748, 53124, 93393, 92906, 107264]"
116217,"[74836, 97250, 108085, 101566, 93355, 14523, 50767, 4267, 83991, 43454]"
116218,"[34635, 85340, 106737, 93096, 83134, 107626, 87314, 55871, 86098, 33973]"
116219,"[84596, 59678, 85554, 4098, 81839, 5060, 5501, 41454, 25034, 56227]"
116220,"[101669, 53124, 37651, 86086, 44686, 62084, 106428, 17064, 2484, 107681]"
116221,"[83838, 60200, 85541, 91901, 46836, 18350, 48780, 11722, 86665, 6128]"
116222,"[11089, 29169, 6176, 66967, 101257, 53340, 94171, 4108, 67286, 90469]"
116223,"[27742, 86049, 82905, 103783, 95595, 54674, 7535, 49260, 76223, 561]"
116224,"[77794, 59313, 77065, 98565, 16775, 99805, 45981, 6055, 29657, 35719]"
116225,"[49830, 108962, 83785, 55850, 73025, 108181, 11675, 48832, 21413, 102388]"
116226,"[83196, 91673, 3998, 15148, 10753, 78410, 9409, 20540, 35809, 14720]"
116227,"[88236, 89699, 94145, 1937, 75673, 12426, 51427, 87009, 27174, 77585]"
116228,"[21288, 66985, 18901, 5354, 54556, 12558, 6118, 87115, 23938, 11950]"
116229,"[77795, 17267, 28992, 106750, 37345, 35111, 42113, 26649, 81360, 103980]"
116230,"[98804, 62081, 22092, 90469, 48503, 78296, 34999, 57820, 22216, 48969]"
116231,"[27393, 102008, 35408, 99996, 38895, 25564, 109543, 2903, 98056, 16291]"
116232,"[95865, 98931, 46579, 88818, 33639, 72424, 52857, 56430, 82315, 108446]"
116233,"[17341, 8040, 7332, 65376, 54285, 90567, 54264, 35402, 41268, 69177]"
116234,"[62523, 50125, 42014, 33196, 7175, 52347, 32701, 25237, 23445, 37735]"
116235,"[68434, 30780, 45818, 96817, 98918, 92184, 48706, 5832, 41987, 11267]"
116236,"[25136, 79965, 54500, 39101, 76541, 17087, 48879, 57874, 63898, 48848]"
116237,"[40720, 85081, 86965, 55430, 6192, 91812, 94454, 94410, 27071, 1582]"
116238,"[30151, 48827, 18653, 71662, 47532, 87478, 19195, 6454, 32103, 97573]"
116239,"[17513, 58817, 63129, 25774, 47008, 108501, 48789, 35972, 28538, 18262]"
116240,"[29152, 91629, 106399, 60517, 108145, 33963, 21944, 9086, 106138, 5756]"
116241,"[76509, 84991, 94444, 36350, 23017, 17105, 86381, 22367, 41979, 86585]"
116242,"[92587, 32557, 107380, 2282, 47987, 15230, 109307, 8537, 48771, 107076]"
116243,"[64804, 107090, 8958, 91396, 58067, 45099, 68868, 40654, 48430, 52318]"
116244,"[91717, 68002, 4085, 6258, 100414, 45067, 8507, 6641, 51794, 69120]"
116245,"[72303, 62951, 66451, 86416, 3859, 16877, 76112, 17795, 26166, 5055]"
116246,"[81514, 87449, 39746, 29658, 26135, 33476, 72634, 80803, 50002, 46433]"
116247,"[4848, 98157, 23194, 57748, 46169, 77128, 47364, 16886, 36277, 8516]"
116248,"[95663, 59624, 24508, 18039, 79371, 28854, 600, 74623, 40648, 61652]"
116249,"[20794, 24547, 28991, 2659, 14770, 52661, 53862, 83907, 77897, 28474]"
116250,"[103144, 1674, 88245, 81868, 85566, 16028, 74075, 43752, 51240, 59484]"
116251,"[78985, 3104, 107432, 75951, 109694, 91433, 76001, 39678, 48740, 38140]"
116252,"[40093, 22957, 50482, 86805, 54219, 32793, 50190, 108903, 108002, 36031]"
116253,"[59022, 40556, 33597, 14448, 25265, 3897, 103082, 71342, 106814, 9481]"
116254,"[29426, 97361, 35748, 15576, 47524, 15525, 27212, 38429, 69734, 75409]"
116255,"[6891, 7658, 78016, 83014, 34057, 100956, 50124, 8635, 64109, 72985]"
116256,"[5495, 83190, 8166, 25067, 20386, 68974, 104627, 20838, 2939, 16607]"
116257,"[53980, 22859, 92580, 52663, 60317, 49839, 18448, 67945, 51051, 26060]"
116258,"[9786, 60405, 18422, 72625, 58128, 17811, 94271, 34159, 53741, 104138]"
116259,"[41789, 14987, 48954, 8015, 11036, 72756, 98740, 89671, 106566, 14527]"
116260,"[26825, 70809, 40776, 49034, 65728, 8100, 71020, 5900, 2565, 84278]"
116261,"[43336, 70142, 83355, 4556, 81787, 4218, 36470, 12615, 23787, 11216]"
116262,"[100847, 101369, 86581, 62039, 92571, 71688, 84064, 93899, 17100, 19516]"
116263,"[22461, 86397, 54996, 34862, 17761, 93104, 10872, 88297, 38032, 52703]"
116264,"[4190, 98267, 47237, 85305, 102843, 82329, 19238, 84649, 65175, 59999]"
116265,"[57191, 32419, 24891, 24220, 14932, 34188, 161, 84334, 99080, 17330]"
116266,"[91996, 320, 22614, 87357, 10871, 1759, 4864, 103051, 53630, 59072]"
116267,"[41933, 109732, 21381, 10724, 82548, 74647, 52287, 39155, 99705, 94539]"
116268,"[7461, 78110, 93713, 40771, 3336, 19918, 99405, 92208, 70495, 67506]"
116269,"[59814, 86211, 6626, 10820, 52682, 91321, 60271, 50220, 75815, 77828]"
116270,"[29108, 1806, 88892, 20215, 46776, 64603, 5111, 43704, 28184, 697]"
116271,"[46582, 47045, 44574, 106316, 5411, 70148, 91853, 20789, 24328, 54247]"
116272,"[105694, 40061, 29955, 7392, 84298, 85460, 104746, 41763, 74085, 43549]"
116273,"[28021, 37932, 99850, 92374, 85888, 62962, 97151, 33181, 35928, 59315]"
116274,"[45860, 108091, 93224, 10878, 1380, 81293, 84738, 37968, 47030, 50379]"
116275,"[17567, 42426, 55425, 19749, 3430, 32389, 68178, 105568, 15405, 3360]"
116276,"[97750, 101024, 9812, 85280, 4135, 97196, 65366, 80839, 38136, 12669]"
116277,"[109518, 45693, 54714, 97565, 85321, 109133, 85261, 105741, 66966, 84295]"
116278,"[97842, 102013, 42102, 61990, 12849, 55322, 99358, 87307, 18808, 48933]"
116279,"[46720, 94952, 43250, 93240, 30001, 54386, 78413, 93012, 37037, 15782]"
116280,"[46642, 76392, 93542, 5380, 109099, 9173, 8633, 97604, 106766, 36589]"
116281,"[96691, 15792, 70243, 5649, 31134, 33187, 16562, 32111, 108788, 43921]"
116282,"[101926, 2967, 8712, 29684, 60306, 64436, 18905, 43877, 15181, 47495]"
116283,"[78683, 58871, 76316, 100465, 32479, 66330, 40871, 77759, 79880, 53710]"
116284,"[18825, 99939, 70882, 27559, 44320, 26445, 109626, 3421, 16150, 31868]"
116285,"[10027, 86329, 4842, 68213, 81091, 82247, 73980, 11856, 12521, 71587]"
116286,"[74079, 47860, 78977, 61503, 62828, 15678, 50000, 54555, 100104, 27207]"
116287,"[56378, 101397, 82067, 31447, 11287, 84186, 17544, 73990, 46498, 70819]"
116288,"[78377, 78936, 38645, 108376, 61782, 55868, 82364, 9164, 86828, 102977]"
116289,"[107491, 73146, 67592, 30419, 51866, 11124, 11405, 83437, 23538, 51040]"
116290,"[37173, 44368, 91779, 23573, 96828, 36325, 35671, 13749, 89569, 94672]"
116291,"[48169, 74147, 106746, 88374, 64814, 28448, 55498, 11091, 94232, 70285]"
116292,"[54893, 99386, 101505, 98990, 109686, 29967, 64036, 79639, 46488, 60961]"
116293,"[56080, 45831, 23467, 57997, 55344, 31876, 99317, 71865, 91272, 105600]"
116294,"[30331, 4791, 85922, 69850, 2395, 57785, 33201, 105856, 60669, 9836]"
116295,"[35399, 16479, 22032, 105690, 3484, 56301, 82117, 59129, 25299, 55545]"
116296,"[1680, 71137, 5805, 1465, 59966, 80426, 1993, 14013, 39654, 67355]"
116297,"[24374, 8940, 35664, 103049, 24808, 59291, 31693, 49728, 22605, 45455]"
116298,"[19723, 84781, 2635, 32046, 12851, 22062, 67576, 23421, 70258, 95057]"
116299,"[8467, 65226, 69423, 54388, 44988, 81294, 21019, 8659, 82605, 104355]"
116300,"[28203, 59224, 102978, 100082, 27478, 105675, 23892, 72521, 8808, 273]"
116301,"[32269, 46968, 11396, 68510, 49939, 39254, 834, 72432, 49550, 52137]"
116302,"[73972, 59215, 88632, 103873, 32959, 49063, 76048, 13328, 15773, 50415]"
116303,"[94245, 45404, 60955, 19710, 65519, 10376, 2607, 89050, 17362, 39371]"
116304,"[5973, 75143, 90081, 28901, 46706, 89103, 78904, 42553, 95560, 68796]"
116305,"[19203, 30026, 63723, 36549, 64803, 45535, 97847, 199, 104203, 15910]"
116306,"[27089, 88031, 66897, 41156, 91159, 43661, 88618, 73700, 20252, 27383]"
116307,"[80232, 4761, 20382, 36013, 65304, 59610, 12845, 68059, 99826, 88182]"
116308,"[9999, 64028, 77265, 50097, 75357, 46081, 26630, 80630, 74278, 61500]"
116309,"[104715, 47797, 74467, 84847, 106995, 70144, 79456, 15054, 77505, 100735]"
116310,"[105911, 11457, 32491, 27495, 36669, 79083, 8773, 84850, 108372, 26158]"
116311,"[104264, 86284, 69000, 6484, 19319, 71275, 80286, 19965, 18230, 38469]"
116312,"[27738, 67529, 20588, 103626, 3282, 14138, 82335, 9113, 42720, 108085]"
116313,"[21036, 46544, 15140, 10091, 3058, 54756, 40397, 11288, 100095, 103671]"
116314,"[65664, 65735, 11102, 108080, 72899, 72096, 9510, 50060, 95199, 84763]"
116315,"[98620, 72909, 41730, 36470, 42987, 56491, 54117, 20984, 17501, 27490]"
116316,"[36696, 60746, 12898, 33369, 102, 80644, 86512, 98555, 106595, 96969]"
116317,"[22688, 76388, 48172, 60654, 68789, 59015, 3805, 66595, 103529, 78303]"
116318,"[959, 73214, 103709, 21807, 63270, 2151, 21054, 109657, 24623, 99406]"
116319,"[74332, 94541, 754, 22169, 5744, 46075, 96725, 6103, 65379, 32634]"
116320,"[80864, 48375, 46653, 11787, 56619, 36134, 51938, 45616, 26385, 55322]"
116321,"[6876, 21852, 93906, 14686, 42904, 66521, 21568, 37277, 58369, 66294]"
116322,"[55780, 88739, 44297, 54370, 73879, 93162, 70259, 19172, 28646, 105128]"
116323,"[12386, 3254, 46890, 107214, 45764, 1023, 97425, 44462, 41249, 14382]"
116324,"[82936, 27221, 71320, 2892, 4854, 35133, 87278, 19137, 60831, 15141]"
116325,"[15935, 19806, 32243, 54095, 48560, 40533, 19213, 51860, 11398, 51191]"
116326,"[37520, 13595, 10832, 10732, 10541, 41784, 17056, 15386, 72045, 77967]"
116327,"[82208, 89156, 39138, 35129, 77155, 58184, 75348, 10473, 20790, 71691]"
116328,"[76904, 87177, 93603, 15633, 57842, 74751, 67844, 21055, 99447, 60980]"
116329,"[71429, 20625, 73164, 77669, 63216, 25218, 69445, 80599, 56587, 88100]"
116330,"[27572, 93342, 45884, 63304, 66807, 44388, 42073, 17990, 62473, 82381]"
116331,"[21624, 66466, 107409, 54928, 727, 57736, 60919, 45445, 80907, 73751]"
116332,"[24169, 798, 43319, 85109, 38105, 93663, 56744, 64761, 55274, 55033]"
116333,"[17313, 68534, 26757, 88247, 95576, 80512, 59544, 13853, 49378, 106580]"
116334,"[31068, 105301, 82056, 42078, 81580, 7829, 59025, 2121, 85390, 39780]"
116335,"[25255, 99247, 81320, 93432, 39348, 57100, 95755, 106639, 37537, 56962]"
116336,"[14718, 80524, 51823, 101356, 21915, 71904, 91982, 44318, 74366, 31643]"
116337,"[74957, 19637, 37169, 93034, 16444, 72298, 92644, 49839, 79142, 87463]"
116338,"[53466, 23192, 37241, 84695, 85105, 74269, 43620, 90899, 58914, 31617]"
116339,"[36737, 7859, 106929, 68498, 73769, 59265, 7401, 25343, 25114, 65161]"
116340,"[11592, 36997, 98938, 67504, 33829, 61894, 74322, 79382, 29604, 96289]"
116341,"[89095, 62961, 70219, 72724, 72667, 50398, 54971, 9347, 73651, 50479]"
116342,"[68669, 87049, 72682, 32636, 59991, 43117, 64061, 5461, 98379, 7017]"
116343,"[102532, 1026, 6674, 5205, 52571, 27875, 53453, 47341, 22671, 50893]"
116344,"[89813, 101581, 9720, 101484, 73175, 46227, 67396, 55810, 97108, 14164]"
116345,"[65847, 551, 10455, 87178, 25129, 89577, 98096, 73837, 905, 81761]"
116346,"[26457, 41275, 79157, 25502, 57528, 23602, 94741, 85986, 86770, 38686]"
116347,"[91361, 39239, 101537, 5047, 38035, 94125, 37026, 39697, 39192, 53916]"
116348,"[22854, 12097, 34145, 34495, 16244, 93435, 90298, 75562, 31044, 101058]"
116349,"[64875, 9558, 25922, 102800, 22071, 16571, 37492, 103308, 81081, 65011]"
116350,"[93558, 28386, 77160, 80515, 87834, 88495, 42123, 61129, 46040, 62844]"
116351,"[105845, 75167, 79831, 16340, 13015, 39591, 7324, 29688, 75527, 2852]"
116352,"[65561, 37339, 55287, 21829, 91831, 39049, 81299, 98275, 53228, 2360]"
116353,"[106058, 97756, 83546, 9506, 22452, 48146, 93368, 76707, 27956, 45116]"
116354,"[57751, 2877, 7850, 56597, 33078, 95214, 54956, 54257, 53573, 87568]"
116355,"[61013, 27802, 57044, 41447, 102706, 16172, 51148, 13, 107834, 25646]"
116356,"[51581, 67840, 92610, 43550, 19849, 42981, 19529, 68081, 106573, 95462]"
116357,"[64526, 44016, 91787, 22875, 55087, 91191, 83923, 46296, 100336, 70355]"
116358,"[20501, 37923, 3708, 10517, 38304, 66491, 2180, 40309, 96592, 100637]"
116359,"[49842, 37346, 53999, 48649, 28025, 2898, 52125, 50585, 21141, 77484]"
116360,"[56755, 86489, 52975, 13373, 37247, 62549, 34866, 90590, 86094, 85414]"
116361,"[68455, 96350, 30242, 73471, 99014, 85135, 104967, 26274, 836, 92300]"
116362,"[14878, 22213, 70567, 91823, 20037, 11481, 14137, 76886, 47771, 89583]"
116363,"[109156, 88313, 101962, 3623, 96203, 56600, 106233, 382, 73406, 75233]"
116364,"[26253, 6108, 65262, 107585, 74613, 12485, 54225, 29763, 88265, 78901]"
116365,"[27231, 67287, 57807, 87757, 3077, 101052, 13803, 735, 22830, 76678]"
116366,"[64494, 11031, 3919, 67059, 2080, 67374, 72033, 77964, 28426, 39889]"
116367,"[57299, 50043, 44822, 10465, 81771, 52679, 37425, 59423, 95524, 36657]"
116368,"[11985, 82853, 86627, 97012, 80708, 4428, 14325, 64036, 6437, 89081]"
116369,"[7427, 27133, 81592, 28418, 26983, 8638, 13150, 53690, 23530, 39072]"
116370,"[104055, 54997, 16561, 55222, 1949, 75809, 25404, 29972, 39982, 92964]"
116371,"[102164, 32606, 74003, 37360, 59349, 90361, 72711, 21351, 60089, 45227]"
116372,"[16922, 49003, 38644, 21948, 20942, 49412, 57176, 52148, 18545, 25287]"
116373,"[27894, 46763, 58094, 17127, 100279, 65556, 87357, 18106, 1759, 101808]"
116374,"[57809, 58881, 26685, 109174, 46821, 63742, 55843, 42555, 70649, 1217]"
116375,"[89455, 93214, 45995, 61409, 70119, 22660, 80682, 23758, 66150, 35384]"
116376,"[97806, 15960, 12330, 16614, 55209, 14536, 89687, 36052, 92840, 44261]"
116377,"[88708, 61562, 18248, 94641, 59658, 23021, 10475, 27828, 78640, 100540]"
116378,"[85140, 24058, 92678, 61778, 56762, 69911, 103782, 1629, 72968, 57527]"
116379,"[24080, 38105, 102796, 55033, 6960, 41130, 33075, 20362, 49891, 49379]"
116380,"[60104, 68447, 23674, 101036, 4340, 13294, 22561, 54548, 71614, 61491]"
116381,"[86736, 22586, 74988, 50408, 10869, 65186, 33671, 62857, 77039, 85504]"
116382,"[105216, 98560, 34986, 61658, 70555, 47799, 64573, 69352, 102146, 108049]"
116383,"[4100, 31077, 6340, 79884, 71287, 41960, 67730, 85677, 92875, 9494]"
116384,"[68934, 21177, 71077, 10369, 98103, 36040, 90683, 50245, 61051, 58799]"
116385,"[44813, 13822, 94440, 90495, 76804, 307, 36353, 101221, 92107, 7962]"
116386,"[61219, 14922, 3925, 64996, 8279, 95839, 71919, 27535, 43037, 42513]"
116387,"[29992, 38606, 46372, 30680, 48371, 100940, 81585, 27428, 39579, 68692]"
116388,"[33500, 48223, 19491, 92001, 32318, 10887, 106217, 11407, 13324, 83963]"
116389,"[2358, 15005, 19122, 75277, 26270, 71096, 16717, 71657, 24116, 9916]"
116390,"[70887, 26860, 25632, 44291, 103293, 61418, 65399, 707, 20025, 96518]"
116391,"[17956, 95568, 53336, 62696, 46342, 73954, 36973, 65430, 49690, 18760]"
116392,"[64301, 33609, 34150, 10763, 45392, 43977, 77967, 10541, 83639, 64391]"
116393,"[1829, 4570, 102683, 84949, 74501, 34887, 95638, 46115, 62242, 11981]"
116394,"[9979, 70976, 21020, 99908, 24348, 54696, 34846, 37536, 104542, 86071]"
116395,"[96514, 7014, 8547, 31807, 59086, 45531, 13166, 97484, 39597, 49437]"
116396,"[61975, 14668, 44996, 99290, 6963, 21196, 23510, 55566, 3510, 37177]"
116397,"[85804, 25884, 61907, 65844, 100362, 31723, 39166, 104802, 31639, 84802]"
116398,"[38719, 9099, 48711, 77758, 53222, 48341, 96133, 68854, 71108, 9283]"
116399,"[74698, 99608, 44834, 103639, 63965, 20777, 78438, 24929, 94879, 45997]"
116400,"[39511, 9699, 103123, 91353, 97759, 67679, 39315, 63298, 5363, 81646]"
116401,"[91116, 103622, 29973, 17128, 3428, 84271, 102938, 77920, 58486, 45783]"
116402,"[22300, 103111, 16237, 41062, 50101, 51327, 12152, 45702, 22505, 86737]"
116403,"[8881, 92960, 90220, 36427, 107771, 20261, 50989, 86101, 41862, 63502]"
116404,"[44510, 101454, 2722, 4965, 61718, 101134, 6584, 38416, 55719, 72046]"
116405,"[60203, 14359, 91433, 59550, 40899, 69304, 51645, 24336, 4994, 56339]"
116406,"[11541, 26680, 88694, 6069, 68751, 1815, 15801, 87485, 8445, 91686]"
116407,"[24520, 82181, 52280, 3042, 9369, 56479, 94754, 18358, 46852, 85719]"
116408,"[109121, 100620, 31326, 47152, 43478, 99720, 5876, 59867, 81598, 103294]"
116409,"[34725, 59845, 57072, 41864, 69388, 15600, 79623, 80169, 32251, 46762]"
116410,"[96931, 77520, 69696, 10682, 50727, 20610, 99618, 39354, 66508, 58328]"
116411,"[18339, 4901, 51120, 37637, 36564, 51580, 36022, 78130, 19310, 47871]"
116412,"[23239, 53095, 102367, 35936, 55231, 32079, 12682, 68849, 49629, 101006]"
116413,"[49090, 87964, 96204, 92414, 106442, 94251, 31955, 33147, 43842, 38458]"
116414,"[105664, 38101, 92219, 86861, 19579, 23494, 52288, 68843, 44868, 80087]"
116415,"[12821, 2405, 54131, 94373, 98802, 66074, 79825, 8451, 65148, 16915]"
116416,"[90558, 103999, 37521, 33417, 40784, 25666, 77469, 44626, 37148, 18143]"
116417,"[24771, 103975, 108755, 16629, 11930, 28318, 109554, 46337, 107162, 21161]"
116418,"[81626, 6462, 88263, 2999, 93711, 86519, 84517, 65097, 99516, 105677]"
116419,"[108947, 71566, 25888, 100147, 64924, 1579, 79159, 96819, 96393, 100398]"
116420,"[67688, 68095, 72979, 99579, 60708, 49612, 88483, 100523, 14195, 56462]"
116421,"[27297, 5630, 91491, 72903, 87070, 27684, 12322, 67219, 21360, 94043]"
116422,"[104419, 54371, 22255, 29019, 21589, 89123, 3567, 22712, 16540, 15846]"
116423,"[87535, 71043, 86846, 31521, 101863, 55867, 101281, 98500, 44677, 84582]"
116424,"[108541, 36491, 11532, 4571, 6252, 9021, 56303, 105864, 95933, 108028]"
116425,"[109203, 14087, 5667, 38557, 102204, 66910, 70965, 4018, 27635, 3801]"
116426,"[61145, 80340, 100224, 43510, 17230, 45073, 29553, 88149, 47000, 57651]"
116427,"[84408, 85056, 82552, 3434, 42606, 107751, 69410, 31136, 106137, 49172]"
116428,"[78181, 100228, 34266, 107147, 86365, 1240, 7129, 23163, 29034, 100125]"
116429,"[68734, 69427, 72716, 22083, 31784, 1723, 109244, 32874, 16595, 45278]"
116430,"[4801, 53060, 33009, 14387, 4885, 14320, 48316, 86068, 12572, 96775]"
116431,"[98444, 72086, 24252, 99306, 90493, 11030, 84950, 102417, 46972, 108193]"
116432,"[69800, 21936, 34498, 108777, 84262, 85346, 18701, 69779, 59225, 67893]"
116433,"[98608, 9799, 24971, 79816, 96949, 3993, 52139, 4560, 87266, 78211]"
116434,"[50182, 91135, 35740, 94749, 99081, 7691, 46263, 42489, 102063, 64535]"
116435,"[66889, 92177, 24907, 34957, 28494, 9011, 19453, 8895, 90490, 44018]"
116436,"[53273, 95174, 102685, 63041, 72680, 34143, 4787, 79135, 11533, 80717]"
116437,"[69963, 28145, 84364, 101955, 108631, 73560, 35013, 33556, 33176, 57372]"
116438,"[6119, 2134, 45093, 68687, 85364, 24536, 20445, 36956, 89047, 98380]"
116439,"[102106, 14938, 98136, 16796, 41177, 7219, 109762, 78679, 86611, 58099]"
116440,"[92174, 69375, 85899, 63008, 99371, 29742, 94483, 48408, 41034, 60496]"
116441,"[42967, 34343, 109041, 81863, 85830, 2954, 54391, 96309, 92139, 11900]"
116442,"[45452, 2316, 68285, 11515, 108203, 16918, 8032, 91371, 96633, 52259]"
116443,"[20037, 11481, 31791, 52676, 8044, 104702, 69496, 67088, 13147, 49005]"
116444,"[52307, 76918, 65876, 11521, 57509, 18372, 98088, 33138, 103266, 96360]"
116445,"[88456, 48614, 65598, 89639, 86386, 58287, 69773, 79308, 88489, 83529]"
116446,"[22124, 11822, 79447, 2374, 47931, 35068, 24322, 90071, 16080, 98352]"
116447,"[30552, 54817, 103648, 96139, 99414, 53167, 81610, 109763, 95044, 3206]"
116448,"[63186, 15668, 57981, 103607, 37427, 88106, 44393, 3266, 36082, 63679]"
116449,"[95296, 6862, 95185, 109487, 64379, 43191, 48457, 65331, 31717, 102038]"
116450,"[30555, 50655, 48556, 55176, 95738, 61278, 42278, 89802, 7961, 32823]"
116451,"[92073, 36381, 61726, 7248, 33334, 52190, 63308, 103888, 20013, 52140]"
116452,"[35580, 36931, 74025, 56006, 24623, 102926, 48252, 95843, 42248, 60803]"
116453,"[108305, 46742, 47776, 81778, 72773, 42392, 44569, 8197, 8732, 20310]"
116454,"[93750, 89738, 71935, 26509, 64772, 466, 11281, 50971, 13937, 91554]"
116455,"[80098, 21322, 88769, 83225, 76946, 4111, 42649, 50049, 11923, 88029]"
116456,"[95352, 31527, 84797, 11203, 76663, 49446, 63585, 75176, 25000, 107197]"
116457,"[23980, 8533, 103131, 85976, 16110, 28826, 41404, 70979, 51518, 26903]"
116458,"[72118, 36345, 13583, 62828, 77650, 78531, 100963, 93808, 59510, 19139]"
116459,"[53766, 66139, 33198, 93462, 26758, 43383, 8204, 27887, 45112, 8523]"
116460,"[63151, 19867, 65112, 56031, 47184, 99598, 96216, 70147, 70450, 73146]"
116461,"[13731, 67780, 57204, 87527, 65836, 3717, 93443, 66778, 97379, 103480]"
116462,"[95536, 40901, 84718, 73589, 66736, 92063, 58414, 43724, 29720, 10944]"
116463,"[53714, 75999, 23302, 18329, 84931, 74374, 25832, 12176, 43127, 58691]"
116464,"[70920, 14247, 60044, 40998, 102548, 65296, 34869, 9283, 34308, 38719]"
116465,"[58698, 29713, 42312, 74411, 107765, 59068, 96778, 85286, 24398, 86104]"
116466,"[92927, 100308, 92566, 67892, 28795, 71142, 23009, 92336, 60471, 21869]"
116467,"[84448, 43295, 5982, 74430, 12843, 63445, 78817, 93289, 75848, 78115]"
116468,"[71172, 29282, 63002, 97031, 3401, 2651, 8356, 94313, 84116, 94071]"
116469,"[82985, 14340, 104472, 29648, 6752, 76449, 83493, 103644, 68069, 101400]"
116470,"[58865, 73323, 42200, 21187, 70838, 72081, 84455, 56852, 27853, 71633]"
116471,"[34443, 12710, 35609, 53703, 13950, 79258, 27180, 22042, 105498, 72980]"
116472,"[52116, 90814, 76573, 42051, 66022, 52159, 40416, 9787, 61325, 107216]"
116473,"[59922, 17843, 36829, 5080, 69798, 44712, 33502, 59415, 90960, 92841]"
116474,"[66144, 101544, 42586, 102420, 46291, 100849, 84892, 30965, 90331, 73100]"
116475,"[26662, 70958, 76893, 21109, 51836, 92421, 39670, 15610, 73295, 59538]"
116476,"[43366, 31935, 20203, 107160, 5979, 51354, 66145, 75694, 7852, 98750]"
116477,"[63726, 64960, 55366, 33760, 108119, 17995, 52005, 34040, 6911, 2792]"
116478,"[5193, 12076, 97341, 48468, 92232, 35364, 48307, 76148, 14450, 70619]"
116479,"[6989, 55132, 108185, 35347, 62125, 70491, 19918, 32972, 99405, 3336]"
116480,"[56337, 77401, 38678, 89944, 79930, 46640, 20871, 13923, 28624, 81479]"
116481,"[79671, 64137, 74064, 80232, 79177, 14346, 28450, 4761, 88182, 85245]"
116482,"[102265, 78566, 11547, 21347, 27037, 20909, 7265, 90765, 34328, 10506]"
116483,"[84547, 9055, 44644, 62438, 42953, 36059, 108726, 44285, 21814, 66537]"
116484,"[82209, 77877, 14682, 108582, 26344, 91736, 95975, 7955, 16551, 81931]"
116485,"[93131, 72276, 55895, 31284, 41869, 78415, 3086, 102898, 96387, 58826]"
116486,"[13859, 62939, 73985, 51083, 98712, 88529, 79224, 77329, 35007, 14011]"
116487,"[22211, 7570, 99870, 97038, 8692, 90242, 32621, 87425, 14907, 3917]"
116488,"[92278, 7399, 61426, 53581, 82744, 99657, 78146, 77940, 75782, 15697]"
116489,"[5324, 6210, 90376, 29816, 93174, 75399, 19521, 105319, 36058, 8537]"
116490,"[59904, 40358, 671, 67918, 1925, 35268, 20856, 46398, 48919, 63121]"
116491,"[74821, 46420, 50144, 51421, 74950, 54497, 91766, 65159, 12974, 20720]"
116492,"[21393, 97371, 69818, 80578, 67484, 107592, 91784, 106407, 78304, 17635]"
116493,"[31269, 52893, 24995, 32673, 50805, 44941, 16359, 15119, 76253, 93336]"
116494,"[75154, 95366, 7222, 66818, 83233, 103030, 3877, 16155, 104676, 10586]"
116495,"[13282, 48332, 21245, 67209, 70734, 66254, 72401, 17688, 191, 15275]"
116496,"[47526, 14352, 48846, 60896, 41063, 51536, 7968, 20341, 72472, 34248]"
116497,"[108845, 83837, 57826, 41956, 54422, 52440, 8875, 3670, 634, 70244]"
116498,"[77554, 41670, 16662, 84838, 5789, 96526, 18348, 92882, 38782, 99811]"
116499,"[2582, 69914, 33180, 86906, 85169, 67131, 103955, 22617, 9611, 66857]"
116500,"[49562, 45007, 21139, 72092, 99447, 1967, 10307, 4432, 70560, 35230]"
116501,"[64386, 5243, 19374, 90571, 30476, 94723, 77057, 31776, 63362, 108966]"
116502,"[28411, 20294, 2429, 89659, 46956, 28936, 4836, 25676, 53321, 108540]"
116503,"[95162, 21436, 61203, 58713, 60383, 90479, 14559, 4940, 12163, 106707]"
116504,"[108545, 62494, 65647, 910, 7874, 61300, 6895, 34928, 24896, 104601]"
116505,"[107141, 31672, 46501, 83793, 63461, 29347, 7755, 92304, 18963, 79344]"
116506,"[96802, 3363, 32600, 69162, 89660, 36577, 11691, 70603, 48766, 27770]"
116507,"[97860, 63484, 78690, 97228, 32486, 68992, 34140, 4411, 43324, 83939]"
116508,"[79872, 62469, 41842, 60401, 67334, 27308, 6305, 77655, 82700, 24736]"
116509,"[79056, 59186, 84323, 40212, 61535, 23820, 23817, 80655, 52945, 72891]"
116510,"[66190, 63240, 36644, 61051, 46569, 93142, 18346, 54431, 29616, 56680]"
116511,"[84659, 79087, 64390, 105856, 102691, 40239, 63909, 44591, 54629, 1507]"
116512,"[104343, 1722, 4952, 23514, 69605, 50150, 523, 35086, 39218, 18922]"
116513,"[33140, 96055, 89961, 55204, 69756, 49223, 71494, 78672, 26536, 39570]"
116514,"[106820, 25993, 58316, 30198, 5578, 51026, 70510, 12316, 89561, 69437]"
116515,"[84276, 26836, 95589, 47956, 20941, 9508, 21651, 57092, 70812, 27367]"
116516,"[67372, 77482, 11139, 18328, 64905, 19660, 92257, 35157, 65325, 17569]"
116517,"[106392, 60305, 12732, 48399, 68491, 37990, 86913, 89887, 60072, 63481]"
116518,"[97130, 64874, 23492, 104330, 97442, 3207, 10884, 52942, 35069, 2310]"
116519,"[88215, 15367, 32002, 36772, 17206, 14110, 79121, 57545, 66826, 83174]"
116520,"[39349, 9030, 107541, 102729, 93817, 63838, 68548, 52879, 71423, 39879]"
116521,"[31555, 27663, 23395, 49439, 82915, 47032, 35052, 41178, 91563, 7452]"
116522,"[44730, 35292, 97626, 86908, 75073, 85385, 1308, 2430, 68568, 65155]"
116523,"[93250, 84461, 34314, 107739, 78857, 36782, 92301, 214, 88514, 102245]"
116524,"[84207, 62031, 109023, 45912, 59806, 47787, 53990, 95014, 37801, 30238]"
116525,"[64488, 89855, 68997, 18355, 39447, 77562, 58816, 66113, 95963, 37590]"
116526,"[61894, 24778, 95572, 67096, 35215, 108021, 74322, 8731, 56463, 96935]"
116527,"[90228, 62860, 42089, 72577, 41718, 27955, 26050, 53685, 98276, 67538]"
116528,"[19318, 77241, 2771, 32967, 71583, 100537, 101736, 33922, 79515, 6934]"
116529,"[70502, 105482, 109095, 3597, 40151, 51381, 52154, 16591, 99187, 96090]"
116530,"[72906, 66337, 70690, 67645, 102103, 30718, 44396, 107814, 26918, 1761]"
116531,"[65132, 65089, 17642, 99134, 83428, 20141, 101101, 101543, 17649, 86616]"
116532,"[77731, 84785, 87937, 67954, 77964, 72033, 47218, 76931, 77817, 84722]"
116533,"[82744, 17420, 36251, 82567, 10594, 18749, 92278, 85751, 82968, 59939]"
116534,"[39623, 17613, 95347, 53295, 92487, 77154, 26042, 42556, 25778, 69204]"
116535,"[4599, 77463, 18384, 90860, 42432, 29183, 64640, 60121, 34476, 14018]"
116536,"[71431, 22528, 109144, 40942, 42109, 44030, 101726, 41596, 37401, 55233]"
116537,"[47471, 4182, 71364, 18777, 72862, 103768, 59815, 99684, 29720, 2716]"
116538,"[93248, 21435, 5169, 52620, 19766, 94699, 82373, 29735, 20342, 36467]"
116539,"[107259, 96276, 84431, 67884, 40442, 95892, 46936, 50414, 63296, 102007]"
116540,"[83029, 53202, 39380, 2671, 46578, 16278, 30599, 71766, 57570, 15079]"
116541,"[37691, 8858, 79847, 54726, 104945, 71807, 35122, 79555, 61813, 97192]"
116542,"[74153, 40150, 73802, 53637, 14399, 61824, 13709, 64040, 37224, 85514]"
116543,"[78576, 21962, 3163, 75444, 57368, 53197, 90203, 84027, 10346, 73226]"
116544,"[64680, 81977, 81073, 87121, 89379, 100683, 51023, 97438, 106225, 24281]"
116545,"[104037, 64444, 67586, 50531, 31175, 76910, 66260, 45854, 12242, 26065]"
116546,"[44364, 95318, 77961, 33990, 3996, 16112, 87824, 41046, 59504, 81033]"
116547,"[59716, 51939, 92723, 83662, 68895, 58108, 107301, 66519, 41712, 9157]"
116548,"[44037, 32350, 107677, 20122, 63325, 1610, 54342, 55785, 105250, 38610]"
116549,"[23188, 24339, 13705, 24859, 86811, 83781, 61925, 46529, 66485, 86869]"
116550,"[17033, 75859, 82671, 54106, 95481, 94135, 2300, 52828, 72484, 43167]"
116551,"[105919, 36036, 7978, 50458, 79034, 33624, 8827, 65018, 12709, 74810]"
116552,"[16536, 37325, 72814, 80382, 50719, 62506, 103934, 25390, 29838, 2472]"
116553,"[103969, 7390, 63231, 98886, 10838, 74688, 43038, 50128, 50012, 14897]"
116554,"[35567, 16092, 42204, 72772, 43449, 89562, 93578, 92512, 29973, 25321]"
116555,"[7924, 75957, 25160, 42884, 81357, 55652, 17179, 61542, 49664, 13269]"
116556,"[100201, 102250, 7860, 51416, 21383, 63665, 42738, 40452, 54793, 8821]"
116557,"[49916, 100239, 6436, 25521, 53769, 58389, 10732, 60849, 372, 91510]"
116558,"[65108, 20259, 48493, 16234, 38508, 87682, 52882, 39875, 94261, 82829]"
116559,"[16067, 19880, 18642, 10022, 37062, 58668, 74552, 1912, 20916, 67838]"
116560,"[58552, 45590, 106245, 106596, 32200, 66793, 67139, 67877, 45314, 14130]"
116561,"[2100, 104685, 95905, 34465, 39925, 40219, 106056, 51901, 40014, 102703]"
116562,"[103006, 62399, 76068, 64372, 27559, 40063, 23462, 48683, 14184, 24683]"
116563,"[65096, 46676, 98770, 15803, 19258, 55552, 93978, 3143, 26952, 873]"
116564,"[26809, 25179, 103007, 37939, 84055, 6486, 54519, 68153, 69683, 76169]"
116565,"[109389, 84501, 17387, 101019, 39391, 50027, 102855, 29155, 107087, 20612]"
116566,"[106908, 28019, 12878, 37198, 77363, 78938, 96567, 6562, 95634, 764]"
116567,"[29272, 11369, 73005, 94615, 59691, 72729, 32523, 109681, 50738, 11846]"
116568,"[44163, 18883, 72077, 99167, 36444, 44152, 106521, 5483, 96915, 86314]"
116569,"[62100, 49255, 20206, 28823, 52166, 107328, 47323, 32284, 95405, 104369]"
116570,"[9320, 63183, 108899, 97357, 108584, 99462, 54410, 18541, 101806, 3834]"
116571,"[65535, 8670, 47415, 70700, 105706, 95852, 88687, 61353, 30170, 55455]"
116572,"[12987, 58750, 48510, 90512, 109469, 70046, 10083, 53896, 10078, 84315]"
116573,"[35558, 80121, 31399, 3812, 91080, 74535, 70162, 85918, 98354, 57694]"
116574,"[103275, 55567, 41657, 8764, 27198, 2876, 27259, 58755, 69099, 65301]"
116575,"[71558, 6633, 103808, 106391, 78538, 8038, 17636, 16505, 101421, 107049]"
116576,"[56423, 55994, 74203, 61369, 31174, 88868, 26044, 44557, 28124, 12868]"
116577,"[28597, 22417, 93454, 95976, 20504, 60564, 82261, 39646, 69748, 35232]"
116578,"[90552, 73229, 1533, 91699, 92590, 45083, 42174, 39232, 96985, 101004]"
116579,"[39343, 49209, 629, 93854, 61015, 105469, 34021, 50265, 19925, 72505]"
116580,"[60499, 78865, 97135, 27675, 52240, 56368, 35195, 60798, 101167, 100584]"
116581,"[103200, 36124, 105507, 13678, 33235, 66446, 47315, 103581, 9894, 20755]"
116582,"[16305, 7626, 8592, 95839, 44145, 63098, 51495, 78147, 73597, 75569]"
116583,"[107017, 95670, 73805, 21159, 28101, 21144, 103233, 79746, 15095, 13074]"
116584,"[21187, 72081, 70838, 58865, 56852, 84455, 27853, 92714, 6713, 100993]"
116585,"[95763, 45420, 80893, 19518, 94224, 60086, 1755, 8837, 82238, 20286]"
116586,"[54292, 6625, 83541, 11816, 95251, 5511, 4292, 3429, 18401, 11420]"
116587,"[62387, 14784, 92252, 23124, 68580, 3277, 91902, 74786, 16445, 53489]"
116588,"[96355, 13163, 63335, 4057, 22004, 10277, 57414, 22723, 31329, 104805]"
116589,"[62460, 18636, 4235, 18645, 50430, 73248, 83911, 75696, 36578, 91082]"
116590,"[70441, 87166, 31183, 85318, 57125, 30638, 90832, 74556, 27045, 6459]"
116591,"[34573, 65329, 107679, 90675, 44580, 55997, 82924, 14333, 84182, 55573]"
116592,"[85730, 105885, 105397, 88568, 54150, 48680, 3404, 84147, 91612, 96500]"
116593,"[19133, 51573, 30882, 15916, 106600, 4692, 6666, 79924, 24793, 27795]"
116594,"[95997, 82900, 839, 46329, 41272, 73408, 105809, 33687, 41280, 10415]"
116595,"[36426, 95881, 88405, 7719, 5744, 92509, 85323, 70612, 10470, 4483]"
116596,"[85659, 36706, 88631, 5687, 9775, 90604, 105230, 108015, 31352, 85496]"
116597,"[64685, 76288, 23552, 51558, 108085, 50767, 55195, 83991, 11974, 44353]"
116598,"[31824, 60365, 62075, 98982, 71798, 78431, 11377, 70052, 41839, 28856]"
116599,"[48143, 102424, 86833, 84715, 25586, 19300, 25875, 10708, 47166, 74209]"
116600,"[26255, 80811, 14644, 92634, 82127, 61818, 85806, 102008, 78630, 87150]"
116601,"[46127, 64968, 47470, 16701, 63622, 28680, 104200, 64178, 37020, 48495]"
116602,"[44757, 84062, 44236, 15200, 14983, 49132, 15975, 79818, 79644, 41594]"
116603,"[29103, 52138, 35634, 103437, 90151, 53056, 70755, 43832, 89621, 9438]"
116604,"[92171, 83715, 77441, 30505, 76552, 84897, 70994, 43173, 87556, 64299]"
116605,"[19268, 13162, 105142, 5616, 101440, 105592, 87926, 60209, 40187, 36051]"
116606,"[31102, 56795, 102380, 95710, 42159, 35234, 85334, 22673, 60799, 95244]"
116607,"[59475, 59629, 6280, 16299, 30902, 26496, 36166, 55156, 71483, 20376]"
116608,"[29891, 102211, 78969, 6892, 53192, 44169, 64852, 37673, 99253, 68192]"
116609,"[729, 65098, 48310, 16173, 88611, 106534, 44403, 8588, 25947, 80716]"
116610,"[35874, 23554, 96483, 70913, 88348, 24162, 63044, 51314, 92579, 24985]"
116611,"[47878, 32684, 22723, 57414, 27661, 10156, 11266, 96355, 29360, 13265]"
116612,"[103969, 63231, 7390, 43038, 10838, 74688, 98886, 40673, 78002, 42496]"
116613,"[20414, 105784, 9468, 2022, 74519, 47552, 62581, 106801, 85411, 24102]"
116614,"[24841, 26394, 1219, 28175, 71491, 76957, 74351, 82949, 80049, 103909]"
116615,"[107285, 100247, 34617, 57208, 41475, 16225, 95582, 65212, 100440, 96356]"
116616,"[78455, 46904, 51206, 38439, 17049, 19261, 57182, 44865, 70613, 21318]"
116617,"[2518, 83239, 63137, 67028, 37098, 50274, 26473, 5622, 105608, 108102]"
116618,"[104464, 104117, 106181, 5524, 82110, 38711, 55204, 86423, 37587, 6108]"
116619,"[87183, 90703, 73786, 40989, 6023, 3155, 105669, 80995, 4720, 29421]"
116620,"[44785, 73650, 74320, 55992, 49812, 47157, 5797, 11667, 6845, 87800]"
116621,"[77169, 54098, 70012, 108317, 102590, 97264, 23002, 103516, 27289, 85182]"
116622,"[18588, 70426, 98855, 42303, 11569, 6927, 104781, 98720, 76171, 47978]"
116623,"[40412, 103519, 34521, 57762, 8493, 12811, 50947, 38718, 39480, 107959]"
116624,"[30045, 14842, 98726, 12319, 35403, 48720, 37592, 11217, 26839, 89308]"
116625,"[716, 75118, 74152, 92964, 86218, 20587, 67498, 49144, 30197, 51164]"
116626,"[98874, 45661, 105164, 13589, 20168, 62897, 46703, 26449, 98709, 4733]"
116627,"[68210, 104591, 41690, 26070, 61419, 41333, 48588, 101973, 13520, 68200]"
116628,"[35050, 2724, 32334, 82402, 97370, 105818, 4476, 30080, 4449, 102480]"
116629,"[85384, 59104, 106054, 91130, 87875, 2077, 84924, 76249, 100594, 10332]"
116630,"[16928, 1095, 49490, 88517, 79821, 91365, 75553, 31367, 48775, 66865]"
116631,"[96943, 1398, 77801, 85030, 34747, 84679, 88318, 86712, 78138, 48923]"
116632,"[38462, 107135, 36846, 11960, 52094, 57266, 105297, 53841, 41003, 66623]"
116633,"[26162, 54699, 3674, 78374, 74831, 26032, 38462, 76347, 52094, 7988]"
116634,"[87854, 57642, 25309, 109196, 104394, 93184, 36453, 105200, 468, 100492]"
116635,"[36276, 7890, 47080, 70658, 8011, 65367, 17366, 74906, 23300, 63594]"
116636,"[86823, 18119, 21598, 48695, 96469, 47392, 48422, 71771, 66673, 32757]"
116637,"[24326, 73950, 16289, 101563, 55703, 52013, 54357, 26261, 30132, 8477]"
116638,"[19517, 95713, 15336, 21103, 41863, 89131, 10137, 21387, 3871, 3212]"
116639,"[89174, 36496, 52483, 103341, 66572, 83573, 34013, 87433, 29231, 70305]"
116640,"[77608, 48494, 105765, 53123, 35266, 103534, 5676, 50056, 9177, 23403]"
116641,"[49408, 28869, 69854, 27109, 63207, 4889, 9300, 81902, 49515, 43282]"
116642,"[53162, 17209, 62390, 9517, 94455, 37229, 91822, 89914, 8270, 104674]"
116643,"[106567, 14005, 51535, 54965, 54033, 31092, 55461, 40001, 81381, 29004]"
116644,"[97807, 22784, 88120, 1075, 14093, 101057, 97126, 40347, 93244, 3485]"
116645,"[65113, 52719, 55539, 7398, 19447, 73450, 5248, 71922, 97073, 2214]"
116646,"[86554, 67067, 87766, 58868, 28409, 82741, 102164, 32606, 68499, 17927]"
116647,"[7678, 65323, 50359, 42622, 41136, 38055, 52061, 62764, 71055, 88452]"
116648,"[58618, 25065, 61350, 57743, 39838, 105949, 96403, 51566, 65240, 65911]"
116649,"[100713, 9857, 94361, 21088, 22175, 94898, 64104, 96387, 3086, 95594]"
116650,"[106556, 17181, 60510, 30493, 72332, 45684, 89958, 93926, 15442, 70286]"
116651,"[76312, 45431, 3816, 54669, 11543, 65245, 63109, 93226, 95097, 28649]"
116652,"[9633, 41087, 35876, 99239, 72907, 42783, 36531, 93693, 13836, 85787]"
116653,"[13878, 8013, 90916, 91161, 22937, 70940, 11344, 31060, 83975, 51370]"
116654,"[84155, 74800, 42828, 30072, 88072, 43345, 63617, 102176, 54244, 73129]"
116655,"[41409, 52950, 87531, 96983, 63967, 38776, 51237, 35167, 52983, 89713]"
116656,"[67480, 58962, 40800, 104919, 91111, 24426, 64168, 60670, 67242, 70473]"
116657,"[16944, 71428, 92872, 21428, 25490, 7207, 59414, 45073, 88149, 93579]"
116658,"[29995, 95541, 369, 51413, 105340, 61350, 68666, 57481, 72357, 34852]"
116659,"[86285, 77047, 86247, 2828, 13098, 23657, 10939, 6047, 84094, 63669]"
116660,"[7452, 34402, 55030, 45898, 27663, 65606, 75777, 67434, 35052, 41178]"
116661,"[51099, 85905, 3697, 61728, 70470, 31664, 4718, 50211, 32647, 40434]"
116662,"[2751, 12197, 49702, 43977, 10451, 101382, 3205, 81462, 95341, 11479]"
116663,"[4628, 32580, 60175, 54934, 20597, 16181, 51021, 108204, 16801, 28980]"
116664,"[57008, 43803, 91659, 41084, 20102, 90921, 93770, 45237, 66593, 4732]"
116665,"[40809, 39278, 94750, 26446, 82725, 60545, 25980, 74873, 63633, 58368]"
116666,"[31990, 18071, 51783, 89865, 18992, 55890, 8123, 20088, 81165, 38269]"
116667,"[73258, 6779, 88595, 76546, 28110, 96084, 99637, 52786, 96170, 63988]"
116668,"[91618, 107884, 45075, 101973, 75998, 68200, 13520, 68210, 104591, 27746]"
116669,"[14543, 107413, 78687, 68537, 69887, 95697, 71545, 83588, 37858, 8358]"
116670,"[26155, 75855, 16298, 25725, 60199, 19408, 75510, 67175, 44544, 45249]"
116671,"[70780, 23587, 78961, 72558, 21411, 98102, 74832, 51270, 28778, 822]"
116672,"[90802, 82260, 51301, 21086, 43866, 86324, 30320, 53551, 39458, 103893]"
116673,"[53188, 91532, 86820, 66034, 26431, 83576, 17528, 46966, 92667, 11048]"
116674,"[86645, 49794, 76895, 85229, 26059, 61566, 75951, 107432, 96493, 3104]"
116675,"[100530, 15612, 26042, 7736, 69204, 106488, 72735, 79427, 58400, 90349]"
116676,"[105596, 30698, 15482, 68265, 52243, 74303, 40768, 59983, 79208, 85225]"
116677,"[74714, 100805, 19688, 9649, 80152, 30083, 501, 7673, 59785, 84066]"
116678,"[2989, 21272, 79780, 96812, 86650, 81117, 63089, 28000, 33771, 32773]"
116679,"[34135, 85859, 35127, 84626, 33963, 21944, 19566, 4066, 30661, 16892]"
116680,"[58309, 3740, 51176, 101432, 5542, 52829, 20732, 70625, 55681, 59969]"
116681,"[2427, 101149, 91545, 53604, 5710, 65198, 68225, 38356, 68742, 91572]"
116682,"[31161, 6944, 39332, 100169, 91494, 40191, 86457, 96498, 1569, 103678]"
116683,"[33921, 56390, 34870, 4808, 30968, 43827, 31289, 74685, 89987, 18002]"
116684,"[32573, 7464, 96436, 102116, 17160, 5249, 28653, 95305, 48912, 25024]"
116685,"[92245, 23290, 57742, 73454, 101867, 40897, 42892, 8664, 17449, 41308]"
116686,"[27509, 41602, 1642, 76978, 29597, 56024, 96995, 23858, 94482, 61760]"
116687,"[109152, 2207, 29606, 92435, 50493, 5586, 74177, 55787, 15884, 95647]"
116688,"[6853, 25799, 35797, 50668, 34567, 12370, 10214, 68898, 22451, 90595]"
116689,"[70904, 55500, 87580, 11894, 2601, 73482, 91259, 104351, 85883, 56108]"
116690,"[1843, 33346, 65501, 6272, 53182, 67711, 72960, 68141, 7406, 81501]"
116691,"[38685, 99124, 13082, 31396, 35777, 85252, 89559, 18464, 77970, 64908]"
116692,"[62608, 92213, 106363, 104816, 69007, 38303, 38254, 5146, 10469, 78920]"
116693,"[86464, 30216, 94541, 74332, 109448, 70484, 14268, 106334, 87368, 80664]"
116694,"[71755, 108010, 71942, 4127, 1692, 95448, 28678, 6650, 23132, 34604]"
116695,"[2376, 56631, 69254, 35195, 74164, 21121, 85476, 8827, 5228, 54895]"
116696,"[42604, 29187, 106733, 76586, 80645, 34814, 43380, 90747, 67482, 73733]"
116697,"[51610, 100744, 36700, 108589, 70208, 97503, 37244, 97397, 62906, 49000]"
116698,"[28225, 9142, 70204, 39311, 58200, 31027, 35812, 76958, 37184, 75117]"
116699,"[35299, 88723, 43834, 45348, 18752, 41228, 15608, 55316, 56884, 56382]"
116700,"[79713, 75799, 85533, 22485, 76566, 80034, 66535, 83115, 64750, 45849]"
116701,"[16665, 69432, 39824, 20137, 98087, 38403, 57151, 95662, 95703, 87731]"
116702,"[106683, 34203, 91186, 85816, 89840, 84785, 61169, 70325, 7524, 94175]"
116703,"[52179, 78830, 101143, 26980, 108507, 35297, 60187, 96678, 98859, 14938]"
116704,"[68309, 30240, 53301, 88253, 18317, 14743, 76595, 21423, 91088, 61302]"
116705,"[69797, 81056, 28189, 15070, 59742, 807, 31907, 83793, 46501, 93146]"
116706,"[9408, 57848, 32784, 56959, 25458, 67291, 69143, 67183, 1041, 3079]"
116707,"[73381, 42133, 11861, 80408, 80039, 41573, 29508, 19581, 9755, 15702]"
116708,"[31001, 72252, 38871, 59176, 24518, 91882, 27526, 71263, 53815, 99456]"
116709,"[71755, 108010, 18211, 4127, 1692, 28678, 95448, 6650, 23132, 43563]"
116710,"[69167, 68202, 51192, 39614, 38539, 62268, 30466, 77098, 51248, 99078]"
116711,"[100709, 57801, 54950, 85266, 102987, 3915, 105516, 24478, 41305, 67675]"
116712,"[4002, 82062, 43224, 87709, 38333, 79331, 48619, 42448, 21154, 81828]"
116713,"[106626, 14701, 104792, 24256, 47769, 52268, 100887, 42119, 8524, 73739]"
116714,"[53795, 92516, 80894, 108100, 81955, 4941, 19054, 18657, 39226, 20135]"
116715,"[36741, 16957, 32513, 107180, 36711, 60455, 22052, 64528, 69841, 19662]"
116716,"[7412, 60533, 53320, 29787, 22527, 50218, 19950, 27465, 26989, 60654]"
116717,"[95104, 84764, 90418, 106546, 14446, 57093, 5387, 106106, 31353, 82580]"
116718,"[87151, 19355, 79026, 102669, 44629, 95197, 46586, 64, 20902, 100525]"
116719,"[12242, 74282, 78726, 89833, 105360, 54969, 4222, 67586, 50531, 64444]"
116720,"[92364, 87855, 50700, 47780, 86223, 13851, 52002, 101048, 55536, 80244]"
116721,"[106749, 89814, 37312, 61724, 31616, 75654, 49906, 12713, 54901, 64075]"
116722,"[93289, 69103, 67958, 26302, 85042, 86201, 42747, 28826, 41367, 87027]"
116723,"[105281, 26652, 52812, 95684, 56840, 42750, 31712, 85878, 14748, 9197]"
116724,"[57784, 68167, 9825, 34881, 18705, 93680, 55465, 46287, 82950, 37793]"
116725,"[60428, 591, 86080, 2937, 9990, 99860, 8116, 1554, 11891, 77321]"
116726,"[81418, 53242, 38666, 81729, 70218, 75222, 6785, 98598, 2368, 15715]"
116727,"[86717, 92912, 16292, 98080, 374, 67762, 96892, 83657, 101521, 5720]"
116728,"[81231, 23034, 29703, 20959, 92877, 58217, 8853, 52634, 19366, 109437]"
116729,"[46854, 4529, 39917, 1014, 24540, 70828, 95265, 16787, 72240, 71059]"
116730,"[9547, 70412, 16581, 46406, 42579, 45737, 7499, 12131, 24838, 53825]"
116731,"[4068, 42697, 1658, 104829, 7074, 30901, 16479, 35399, 36786, 81929]"
116732,"[109233, 54327, 21252, 44178, 70150, 54240, 31274, 97906, 10714, 45990]"
116733,"[89596, 59668, 81972, 99966, 61430, 104988, 29088, 84261, 81715, 68426]"
116734,"[48613, 84874, 68996, 66427, 44482, 73580, 5858, 63419, 19456, 31866]"
116735,"[35409, 83583, 88133, 91388, 73035, 98168, 16664, 14072, 103571, 54126]"
116736,"[41744, 38541, 11259, 25236, 19475, 31185, 91544, 79942, 16682, 105553]"
116737,"[63955, 4189, 26579, 45230, 35963, 62388, 35412, 17441, 76166, 35920]"
116738,"[86232, 66017, 12019, 5739, 52234, 11243, 70565, 92653, 84670, 34236]"
116739,"[100625, 84293, 80085, 90698, 87533, 63639, 43639, 75436, 68701, 55648]"
116740,"[42279, 10478, 66255, 68940, 99295, 104857, 36315, 11987, 65034, 64507]"
116741,"[17287, 21602, 92612, 62167, 32974, 84896, 28532, 85176, 30663, 63028]"
116742,"[99037, 57249, 63277, 88182, 28450, 106874, 47269, 61452, 74303, 52243]"
116743,"[102388, 100799, 12371, 65173, 14172, 51819, 99091, 97732, 97677, 55076]"
116744,"[21643, 107198, 92768, 80249, 646, 50610, 101303, 7585, 70683, 21792]"
116745,"[48044, 52938, 22232, 25636, 38051, 104373, 28157, 97683, 84621, 92041]"
116746,"[108151, 45614, 1303, 27159, 103423, 56789, 95182, 65817, 10697, 10715]"
116747,"[89066, 13097, 55770, 66001, 4437, 96167, 66268, 57451, 7263, 19223]"
116748,"[90555, 83423, 53857, 35970, 26841, 34307, 68999, 55074, 53871, 38576]"
116749,"[74632, 8400, 37365, 80909, 24202, 24266, 26087, 16057, 53156, 55340]"
116750,"[36908, 18122, 97512, 35830, 25801, 105938, 33539, 74940, 63059, 45032]"
116751,"[2734, 47673, 4288, 10048, 31599, 46780, 104963, 24832, 48106, 49162]"
116752,"[88658, 102897, 55891, 31413, 24531, 69632, 85722, 81297, 52733, 50251]"
116753,"[48742, 43514, 89567, 63431, 3243, 66138, 63133, 44504, 16804, 16695]"
116754,"[74310, 44817, 20556, 79412, 48087, 63756, 59877, 32549, 30169, 71284]"
116755,"[35654, 61899, 15165, 23874, 52713, 80072, 66772, 62584, 81182, 20844]"
116756,"[14424, 103211, 106987, 38491, 100141, 49920, 8702, 108011, 89450, 99241]"
116757,"[62508, 1996, 60043, 73655, 3440, 29681, 8086, 9119, 64544, 1409]"
116758,"[21739, 21951, 50420, 12688, 35942, 22187, 96256, 107678, 36250, 21667]"
116759,"[87409, 52251, 4962, 59592, 98195, 58607, 8948, 73259, 28533, 49284]"
116760,"[63303, 13346, 39774, 10578, 6914, 84736, 34447, 70465, 98585, 64812]"
116761,"[68247, 51128, 92837, 82786, 3906, 1003, 38655, 9460, 98674, 104426]"
116762,"[34737, 27516, 85875, 82981, 23642, 86368, 41153, 79967, 85428, 74155]"
116763,"[76518, 7622, 45795, 102880, 39860, 101501, 40709, 43204, 65284, 107566]"
116764,"[62262, 35773, 73898, 58270, 41857, 95266, 22746, 68291, 78601, 52751]"
116765,"[46299, 96749, 53239, 2628, 64008, 90523, 46355, 25057, 51778, 22906]"
116766,"[35418, 4174, 94290, 6298, 83245, 49616, 97421, 2526, 65644, 28111]"
116767,"[101821, 67297, 39415, 61996, 12765, 60468, 79341, 9722, 105202, 99423]"
116768,"[26961, 35560, 96619, 73327, 9677, 19716, 15014, 73522, 29244, 68312]"
116769,"[88683, 45355, 50259, 15933, 107370, 994, 28607, 9196, 38807, 106397]"
116770,"[82054, 70615, 88015, 60176, 92925, 55202, 75055, 48911, 2944, 35359]"
116771,"[50643, 58433, 81888, 38902, 9156, 22620, 92845, 8840, 25339, 82144]"
116772,"[18945, 86538, 105229, 17353, 48707, 68885, 96084, 24749, 39794, 52786]"
116773,"[44065, 25374, 20656, 20634, 47403, 43300, 49660, 12446, 5027, 23523]"
116774,"[88188, 85503, 52131, 64126, 92999, 84562, 95717, 84148, 90669, 57946]"
116775,"[104870, 98051, 66083, 103402, 98205, 83, 38540, 60270, 10876, 26352]"
116776,"[1738, 53945, 17797, 80103, 17262, 21677, 41111, 10938, 81896, 10853]"
116777,"[15525, 15576, 47524, 29426, 97361, 89064, 89899, 82661, 40759, 90170]"
116778,"[104084, 98282, 108005, 21028, 95205, 104099, 16342, 60036, 1991, 86747]"
116779,"[68470, 49218, 14867, 28168, 78201, 66147, 57791, 18418, 38234, 57529]"
116780,"[62403, 53818, 62396, 6932, 7583, 96003, 42143, 45031, 66082, 52855]"
116781,"[103262, 50964, 13137, 48673, 49546, 52817, 80163, 103490, 33120, 28553]"
116782,"[44039, 26257, 58844, 82826, 1623, 105202, 68093, 69408, 71075, 24495]"
116783,"[107371, 37463, 23846, 473, 95412, 97955, 52856, 526, 92091, 94776]"
116784,"[44100, 96124, 86506, 98392, 49929, 45659, 23443, 19658, 70468, 93937]"
116785,"[75763, 7203, 48128, 103403, 53659, 99820, 31835, 75702, 71538, 3569]"
116786,"[43325, 95936, 13619, 103886, 39542, 46891, 3991, 32354, 64289, 53961]"
116787,"[84020, 31604, 34204, 106320, 67989, 45089, 78071, 93156, 24416, 51993]"
116788,"[98808, 28301, 100905, 48119, 575, 63256, 38940, 47404, 105187, 26857]"
116789,"[45480, 54639, 28986, 56687, 71590, 78598, 86802, 40757, 48216, 108198]"
116790,"[102352, 85207, 61006, 89356, 13560, 91782, 109395, 47105, 99610, 11197]"
116791,"[59102, 33600, 105127, 105380, 64573, 37882, 14992, 31771, 54178, 3939]"
116792,"[9020, 18524, 44961, 99464, 913, 105600, 1813, 108050, 81796, 81219]"
116793,"[19739, 55553, 27331, 30008, 63644, 82856, 82951, 109160, 45437, 84617]"
116794,"[37413, 51560, 12736, 26630, 9999, 63354, 80630, 18969, 53347, 13067]"
116795,"[58576, 78713, 60905, 49957, 25480, 41678, 88076, 38630, 49032, 53035]"
116796,"[37786, 16498, 35100, 55749, 104690, 87900, 71478, 55194, 55603, 21052]"
116797,"[108288, 8180, 105987, 52842, 22854, 5376, 42151, 34495, 19957, 31044]"
116798,"[67896, 73332, 91954, 68962, 100755, 16958, 83936, 102138, 41552, 84982]"
116799,"[57153, 34605, 68193, 14793, 11273, 70892, 91649, 66802, 101203, 52546]"
116800,"[13590, 52677, 36591, 30667, 84243, 3253, 39297, 41834, 66315, 32129]"
116801,"[38829, 76934, 66821, 56295, 105374, 22388, 13623, 86165, 6658, 6231]"
116802,"[15721, 91633, 99732, 7170, 17097, 19549, 16091, 61326, 89669, 26325]"
116803,"[60152, 4394, 104157, 49206, 57227, 9828, 96043, 85399, 7071, 2985]"
116804,"[65557, 92637, 7055, 62971, 42446, 96753, 71558, 64536, 77298, 6618]"
116805,"[94811, 24288, 41166, 18736, 816, 95792, 6783, 70194, 76455, 77389]"
116806,"[1330, 24786, 52474, 101054, 84898, 83471, 83018, 41366, 29338, 53598]"
116807,"[104010, 59602, 27388, 85843, 91552, 93137, 46043, 72020, 33603, 58548]"
116808,"[1393, 84547, 70712, 38600, 17177, 76981, 42953, 56242, 109586, 14824]"
116809,"[96518, 24170, 107624, 95632, 57869, 10374, 1633, 20025, 79240, 6246]"
116810,"[78136, 85471, 55818, 19221, 63709, 66728, 55795, 92376, 59933, 35478]"
116811,"[25178, 60098, 43868, 1314, 88112, 9105, 32732, 41018, 68951, 101802]"
116812,"[83751, 8619, 89241, 101709, 23619, 98488, 13541, 8355, 10817, 54320]"
116813,"[105108, 58504, 36927, 21395, 11148, 100941, 94176, 37665, 43552, 52391]"
116814,"[32509, 81081, 108903, 108002, 40093, 36031, 74902, 48792, 18096, 60589]"
116815,"[2326, 67259, 220, 28899, 10624, 12335, 106398, 51329, 94344, 98423]"
116816,"[108880, 66225, 47418, 95437, 81161, 38632, 14689, 78154, 25859, 93810]"
116817,"[26779, 5087, 63258, 4233, 81060, 94464, 1506, 59410, 56829, 77924]"
116818,"[24763, 6157, 100230, 46429, 81021, 92213, 54302, 86332, 99834, 25250]"
116819,"[22510, 93980, 37321, 95026, 89062, 91807, 29844, 71082, 27862, 39764]"
116820,"[19044, 8631, 80169, 103436, 59845, 15600, 104322, 55751, 89386, 41864]"
116821,"[64877, 74389, 12645, 7593, 91315, 32063, 47754, 38990, 100765, 33916]"
116822,"[77761, 77709, 76683, 11969, 81510, 86272, 71125, 61158, 65688, 54693]"
116823,"[78605, 17943, 106649, 93457, 46249, 102266, 38526, 63243, 51986, 98571]"
116824,"[32924, 92044, 42851, 4327, 29575, 23255, 35190, 5170, 89621, 45806]"
116825,"[28116, 58688, 7694, 13693, 11074, 90780, 36177, 89826, 20559, 3605]"
116826,"[21149, 9201, 42873, 39661, 46452, 35899, 70985, 40764, 85619, 68702]"
116827,"[72472, 13051, 43860, 39495, 20692, 28255, 65804, 96173, 87909, 12044]"
116828,"[84157, 5474, 12790, 81934, 31070, 76228, 49384, 54711, 15000, 36723]"
116829,"[5036, 86490, 59571, 76574, 13732, 17167, 485, 99752, 25434, 72655]"
116830,"[40013, 61366, 21977, 32639, 100671, 104646, 101348, 109347, 3120, 34242]"
116831,"[33811, 1664, 27207, 32773, 53705, 79875, 81117, 61503, 15006, 88282]"
116832,"[7435, 464, 83098, 94103, 48522, 26481, 48818, 109234, 28981, 73468]"
116833,"[72613, 11830, 30749, 42729, 104299, 24271, 44807, 61049, 107901, 74226]"
116834,"[5499, 86909, 69256, 523, 84162, 88256, 88597, 22896, 20325, 25389]"
116835,"[61760, 20375, 30606, 15322, 74630, 86075, 104864, 34570, 99025, 47205]"
116836,"[108346, 97852, 32029, 48523, 80374, 56201, 66683, 26625, 75503, 58187]"
116837,"[22993, 107711, 21273, 4866, 102363, 58274, 82597, 74133, 4063, 107047]"
116838,"[11212, 31295, 9224, 36930, 34332, 106754, 53919, 108173, 44388, 42073]"
116839,"[74325, 80689, 40060, 100091, 89138, 69487, 67027, 89679, 102905, 87972]"
116840,"[102777, 99898, 69301, 96019, 71162, 56557, 36202, 83490, 65290, 105329]"
116841,"[29334, 66848, 96871, 40609, 49661, 62421, 89291, 22447, 48374, 86481]"
116842,"[51002, 49651, 47345, 76661, 96940, 19570, 54660, 88501, 47329, 64479]"
116843,"[43354, 36019, 30217, 56424, 34990, 101680, 107173, 69710, 36742, 50214]"
116844,"[78652, 57384, 8930, 46994, 109316, 23650, 51515, 96430, 108546, 105549]"
116845,"[9201, 39661, 46452, 21149, 42873, 35899, 36568, 67158, 71251, 33088]"
116846,"[47738, 63589, 54364, 79367, 24403, 27807, 34190, 37680, 75156, 69144]"
116847,"[102029, 109245, 17467, 60645, 107032, 77628, 95715, 40302, 83107, 64345]"
116848,"[87867, 86618, 97263, 41683, 46549, 67676, 258, 29160, 50630, 81439]"
116849,"[13734, 43984, 108563, 22588, 83993, 106248, 68042, 57535, 709, 20525]"
116850,"[5750, 66176, 2411, 66561, 76329, 47770, 62754, 103216, 61422, 2826]"
116851,"[2331, 87572, 102526, 34718, 105583, 41641, 104931, 46804, 29384, 38059]"
116852,"[55469, 89670, 10592, 76945, 2650, 91834, 62484, 13702, 53661, 65777]"
116853,"[64021, 33961, 15435, 42430, 969, 40766, 95433, 59272, 78956, 12672]"
116854,"[31662, 36582, 44132, 22031, 66470, 7752, 3126, 44996, 8905, 10656]"
116855,"[76445, 79639, 81449, 60961, 98990, 25588, 41674, 36201, 35029, 107514]"
116856,"[75098, 18246, 10591, 33121, 98415, 65365, 94866, 3860, 77459, 42643]"
116857,"[45561, 1469, 24650, 35455, 93881, 100142, 95444, 86169, 81978, 93617]"
116858,"[103589, 52387, 69779, 108777, 62376, 13301, 41145, 17721, 21930, 21936]"
116859,"[1931, 105982, 99603, 108582, 78476, 29713, 59068, 73110, 109325, 79807]"
116860,"[91400, 56182, 50541, 57530, 44501, 88272, 40045, 7906, 65368, 36965]"
116861,"[10092, 68857, 53447, 7096, 75319, 27415, 50713, 95238, 23480, 93456]"
116862,"[80255, 69407, 94566, 93091, 28181, 2018, 72395, 42029, 2559, 6383]"
116863,"[56308, 68800, 63180, 2595, 63657, 53345, 92356, 2255, 50614, 48432]"
116864,"[16057, 85072, 80909, 10671, 101425, 74632, 26415, 28573, 96768, 37884]"
116865,"[57028, 9846, 61991, 6501, 67946, 69414, 48967, 7370, 65271, 41592]"
116866,"[39194, 107883, 54075, 73746, 80338, 39294, 39817, 5883, 80195, 52352]"
116867,"[20289, 102541, 38714, 12801, 80959, 81451, 48616, 46088, 67693, 29314]"
116868,"[104980, 35643, 45735, 85142, 18450, 93739, 46515, 48995, 33582, 18369]"
116869,"[64440, 23842, 103161, 42141, 103613, 99647, 108769, 22468, 101490, 57961]"
116870,"[52006, 100604, 109302, 107302, 49437, 2929, 74977, 25830, 105768, 58904]"
116871,"[41953, 76202, 83538, 35239, 87312, 56157, 51150, 94185, 32767, 108443]"
116872,"[51129, 94096, 33932, 63992, 87951, 64734, 37980, 53734, 44248, 18575]"
116873,"[56178, 3898, 70308, 51820, 102666, 73631, 42498, 101406, 66987, 107045]"
116874,"[63209, 33406, 10055, 85010, 9604, 20295, 85655, 93405, 103321, 71872]"
116875,"[103927, 46594, 47652, 84936, 26789, 101310, 78095, 56281, 43147, 23218]"
116876,"[49417, 3935, 35960, 22032, 9790, 12486, 3561, 21133, 17163, 5538]"
116877,"[22901, 4332, 35784, 28354, 31462, 28562, 3676, 47547, 43976, 59386]"
116878,"[12338, 105283, 4042, 1376, 17868, 45600, 17994, 21700, 103286, 108276]"
116879,"[83494, 100512, 46106, 106192, 7968, 20341, 37424, 88273, 34445, 27300]"
116880,"[9047, 66280, 25237, 23445, 17468, 96599, 36938, 86035, 7175, 17698]"
116881,"[88942, 7939, 32694, 19116, 108451, 10243, 20244, 94019, 61471, 12341]"
116882,"[103926, 47752, 61649, 87636, 65105, 33455, 43857, 108568, 1310, 75772]"
116883,"[20103, 44170, 56983, 46866, 53166, 87226, 91236, 74964, 55067, 102828]"
116884,"[67486, 3062, 46776, 54898, 67398, 8144, 32008, 25776, 98094, 98464]"
116885,"[24188, 6642, 55923, 74570, 97592, 4696, 38543, 60033, 14946, 7244]"
116886,"[15080, 102455, 98941, 62984, 39955, 98676, 56933, 50475, 98193, 63873]"
116887,"[49273, 83668, 74080, 98711, 54200, 88391, 32747, 33885, 8466, 93478]"
116888,"[92462, 103173, 105628, 43546, 15315, 8442, 32622, 64963, 42584, 1624]"
116889,"[7068, 2175, 75140, 95520, 84704, 59520, 45229, 77589, 11943, 62532]"
116890,"[90473, 87439, 58532, 9364, 57215, 14315, 45957, 50159, 101341, 7713]"
116891,"[70987, 61984, 1696, 36813, 94470, 108260, 35351, 105405, 22018, 9617]"
116892,"[98641, 81621, 51870, 30172, 52799, 68425, 96581, 103932, 10309, 69548]"
116893,"[16942, 41269, 105511, 70061, 47638, 89266, 75007, 87471, 101212, 1974]"
116894,"[76710, 2699, 3809, 38960, 106730, 97664, 49183, 64643, 107368, 20866]"
116895,"[61428, 83957, 28355, 15684, 16349, 75802, 9944, 66489, 66830, 73020]"
116896,"[78480, 62976, 31438, 78740, 92141, 103218, 54770, 14029, 3776, 52099]"
116897,"[27457, 76211, 45402, 11115, 102274, 46933, 61242, 37293, 13553, 14273]"
116898,"[22960, 27557, 7197, 54279, 42098, 31278, 30570, 39485, 82040, 108055]"
116899,"[29027, 83672, 11452, 9567, 96487, 85498, 14900, 152, 24592, 105967]"
116900,"[104829, 82784, 105690, 19200, 77989, 33671, 79117, 81686, 68182, 24274]"
116901,"[60924, 11453, 2711, 98685, 89068, 67991, 33650, 101920, 90771, 42182]"
116902,"[15834, 89576, 56397, 92247, 33964, 31525, 16231, 24409, 18819, 86860]"
116903,"[90744, 70329, 39394, 71301, 49064, 22312, 94074, 39441, 29355, 61053]"
116904,"[43489, 84234, 8395, 9686, 87221, 7550, 62200, 40041, 95306, 27520]"
116905,"[47837, 98221, 104359, 56721, 31067, 48464, 108366, 48438, 12066, 54034]"
116906,"[82549, 88613, 21087, 936, 16931, 73999, 62304, 109452, 72563, 42490]"
116907,"[96245, 80805, 23864, 60783, 65946, 59216, 75062, 38789, 7448, 8904]"
116908,"[53541, 108391, 61981, 26285, 43760, 4342, 77092, 12584, 32453, 101552]"
116909,"[33331, 65136, 39813, 47502, 10754, 48552, 64462, 13661, 103788, 60923]"
116910,"[107643, 105392, 85113, 24202, 26415, 56583, 51809, 31670, 18157, 39]"
116911,"[73721, 95094, 103251, 21474, 84480, 88725, 106191, 36883, 53570, 8535]"
116912,"[8305, 75552, 91071, 55369, 88059, 74047, 101190, 70888, 102207, 25272]"
116913,"[82397, 17983, 44069, 94907, 44198, 71003, 47049, 6164, 47290, 109506]"
116914,"[82652, 18625, 107901, 64052, 42236, 108073, 19918, 99405, 3336, 48521]"
116915,"[88901, 54830, 60736, 26435, 90385, 79644, 15975, 82183, 84062, 14983]"
116916,"[49344, 106603, 19286, 80693, 104150, 38881, 74217, 68397, 72986, 32172]"
116917,"[37212, 101069, 60220, 45426, 30386, 58883, 23163, 24930, 23319, 39725]"
116918,"[76080, 101705, 83592, 85589, 75827, 81146, 107756, 5664, 20971, 78198]"
116919,"[67282, 28057, 30861, 86681, 40371, 67016, 99343, 50636, 91999, 95245]"
116920,"[37229, 64162, 99609, 3776, 52196, 96794, 50966, 7040, 25483, 28832]"
116921,"[24787, 82012, 86723, 47540, 23742, 69629, 75740, 97932, 57699, 89074]"
116922,"[21149, 42873, 39661, 9201, 46452, 35899, 68702, 40764, 87547, 12030]"
116923,"[15985, 103143, 28047, 38791, 33952, 47136, 7793, 22208, 84629, 96347]"
116924,"[48114, 23700, 47813, 58303, 16720, 81854, 25191, 19883, 96928, 67393]"
116925,"[33380, 40600, 14095, 41546, 99083, 87703, 8360, 80820, 40483, 105087]"
116926,"[104411, 50812, 71160, 13457, 4572, 46509, 8031, 55525, 96353, 86370]"
116927,"[83645, 23389, 79099, 26600, 14091, 74777, 98921, 77066, 28794, 25295]"
116928,"[54807, 9221, 79828, 24864, 100734, 64114, 107395, 24461, 86683, 2376]"
116929,"[18748, 28677, 68087, 40938, 73569, 96996, 82973, 91704, 87801, 97468]"
116930,"[90623, 92761, 49302, 30751, 6333, 16044, 31838, 49926, 83201, 8138]"
116931,"[76056, 39250, 88977, 90981, 7, 13443, 106800, 69426, 84281, 39462]"
116932,"[52755, 83935, 38102, 36805, 90971, 70036, 85494, 29241, 107260, 10589]"
116933,"[55959, 24265, 10896, 73602, 68875, 102663, 88368, 95001, 15829, 108918]"
116934,"[74494, 104647, 67272, 93184, 29185, 73210, 16937, 59293, 58566, 104564]"
116935,"[79202, 81951, 21469, 55286, 76046, 20883, 40395, 53188, 50297, 75467]"
116936,"[17798, 10546, 46652, 5449, 72599, 47756, 12816, 86292, 72540, 66965]"
116937,"[22373, 83279, 34168, 96244, 32107, 3694, 11825, 105290, 64166, 4541]"
116938,"[53442, 37436, 103638, 7062, 17325, 95918, 15411, 43579, 98429, 2942]"
116939,"[71237, 71726, 40355, 65715, 14478, 65254, 82501, 17517, 99063, 47892]"
116940,"[8324, 92978, 713, 109523, 19847, 54224, 85184, 68372, 62085, 98397]"
116941,"[97935, 94606, 97730, 98233, 9034, 42820, 30379, 59293, 16937, 10150]"
116942,"[84169, 35472, 59838, 46763, 42597, 48453, 27894, 43507, 82301, 53630]"
116943,"[34955, 65356, 36856, 101469, 83148, 58441, 78289, 25231, 80251, 36547]"
116944,"[103815, 32616, 96340, 18319, 75468, 55664, 63239, 46267, 107878, 37835]"
116945,"[14688, 29045, 70902, 37170, 106096, 97014, 81232, 3119, 75060, 60295]"
116946,"[31930, 105501, 12023, 102121, 37547, 37812, 64048, 107427, 85297, 62309]"
116947,"[92835, 90354, 12394, 609, 75024, 67407, 5447, 2297, 79496, 38735]"
116948,"[104601, 4169, 65341, 91454, 15922, 81640, 62494, 5316, 108545, 83047]"
116949,"[106950, 3777, 65654, 23777, 1708, 21933, 24171, 32530, 63398, 25923]"
116950,"[77263, 90609, 109694, 58458, 50309, 39678, 105114, 38140, 39241, 72002]"
116951,"[79904, 13376, 18282, 17445, 47587, 47550, 102110, 2777, 56848, 77922]"
116952,"[106927, 7206, 52158, 97062, 13709, 3250, 58192, 14235, 68163, 6416]"
116953,"[103967, 29050, 100739, 106351, 84662, 11253, 94312, 90176, 19011, 106300]"
116954,"[94307, 100717, 62056, 31617, 100238, 35909, 95790, 85352, 84320, 58159]"
116955,"[82870, 94471, 80922, 98033, 20156, 6260, 86919, 62803, 40879, 104449]"
116956,"[43207, 15833, 47531, 55766, 93881, 5986, 103985, 4561, 96880, 74508]"
116957,"[84700, 93090, 104842, 51691, 2682, 98589, 81262, 20667, 20887, 30513]"
116958,"[66654, 46983, 7295, 83089, 11707, 75522, 7609, 41820, 42867, 96154]"
116959,"[96046, 1448, 14123, 37116, 46185, 13763, 93449, 104187, 51673, 97982]"
116960,"[90692, 49580, 51517, 58388, 69300, 72089, 34271, 106272, 99209, 9911]"
116961,"[6581, 31578, 73233, 4406, 26055, 71651, 28052, 1476, 21224, 70949]"
116962,"[17956, 95568, 53336, 36973, 62696, 73954, 46342, 49690, 65430, 82098]"
116963,"[38424, 90763, 104799, 82391, 90855, 16234, 17969, 91152, 72127, 104760]"
116964,"[47084, 47584, 50198, 37168, 22622, 68126, 399, 58528, 86784, 93868]"
116965,"[70555, 62026, 27070, 30058, 86315, 66825, 87483, 100697, 36067, 98560]"
116966,"[54717, 17165, 54785, 45072, 71095, 21627, 60135, 45049, 49302, 82253]"
116967,"[48081, 52122, 76013, 45341, 105293, 19716, 15014, 35560, 29871, 45260]"
116968,"[13849, 17471, 68587, 58268, 29259, 46025, 32245, 88116, 75147, 36357]"
116969,"[31477, 82838, 59065, 56765, 60086, 33504, 79657, 9258, 89774, 87486]"
116970,"[97983, 83352, 5579, 90574, 20442, 97558, 82845, 59686, 84226, 81575]"
116971,"[41312, 39146, 40703, 57009, 36352, 16861, 61831, 56518, 84429, 2558]"
116972,"[19359, 11629, 8930, 106729, 81629, 70575, 26183, 26453, 22053, 46897]"
116973,"[17475, 88882, 50718, 100666, 68541, 89970, 87065, 90253, 91641, 33281]"
116974,"[90526, 79834, 91743, 30107, 54231, 87219, 84701, 94665, 42975, 2623]"
116975,"[18161, 10394, 90097, 36703, 105391, 9874, 106756, 106223, 6136, 97550]"
116976,"[86341, 16143, 107299, 37082, 99118, 71981, 106583, 44525, 130, 2390]"
116977,"[21358, 46093, 1353, 85733, 79136, 63141, 57041, 57491, 63527, 75955]"
116978,"[51585, 4873, 73451, 85836, 78993, 882, 68652, 62805, 16115, 18062]"
116979,"[75987, 23975, 104784, 14827, 12934, 44008, 60782, 51544, 50214, 108591]"
116980,"[82191, 71260, 12988, 87037, 85386, 29222, 56668, 29002, 5800, 79547]"
116981,"[2765, 80130, 97554, 64320, 13112, 1270, 55931, 83481, 99125, 94983]"
116982,"[77378, 66769, 58805, 19050, 46734, 77279, 29702, 96912, 89660, 18335]"
116983,"[50155, 18223, 81767, 27358, 82686, 74929, 40763, 98134, 178, 40330]"
116984,"[25300, 30898, 33970, 70098, 35952, 43992, 53276, 102452, 81442, 87112]"
116985,"[25063, 6521, 85644, 69041, 51344, 54495, 20804, 58422, 35623, 100614]"
116986,"[87824, 41046, 105733, 28714, 67210, 34039, 37414, 22476, 34691, 94198]"
116987,"[87542, 73312, 12050, 22549, 28298, 43818, 23713, 12446, 96934, 35362]"
116988,"[63343, 20810, 58631, 28608, 54804, 51412, 50841, 76278, 76579, 71509]"
116989,"[55719, 94959, 66093, 68373, 15465, 67471, 74197, 38029, 7108, 36775]"
116990,"[83380, 96914, 108480, 81668, 56027, 106163, 97764, 56680, 63790, 4168]"
116991,"[97892, 60192, 80749, 67278, 30692, 31960, 88186, 80279, 96050, 82604]"
116992,"[284, 57154, 40539, 96735, 75114, 43374, 58633, 60050, 45107, 103254]"
116993,"[70399, 109380, 28272, 56515, 92809, 8201, 19228, 42776, 5802, 90505]"
116994,"[45212, 16712, 13542, 106575, 17880, 89805, 9963, 73068, 35977, 22754]"
116995,"[48020, 2788, 47318, 24442, 109041, 48248, 104087, 45269, 87654, 61431]"
116996,"[82547, 59648, 14109, 64100, 19720, 52220, 9250, 60747, 21387, 42607]"
116997,"[1420, 95063, 32640, 58632, 84488, 67790, 16534, 6540, 72264, 28926]"
116998,"[65944, 101256, 24213, 42333, 28352, 3186, 44144, 11465, 43809, 36808]"
116999,"[69294, 40478, 37272, 28772, 10958, 90829, 16048, 93698, 92384, 82072]"
117000,"[55724, 48198, 85630, 74786, 91902, 23124, 78751, 38574, 48258, 20450]"
117001,"[54387, 18414, 101169, 29665, 47051, 12641, 43130, 26275, 62705, 77906]"
117002,"[88585, 2318, 9581, 30103, 98600, 14265, 57547, 54376, 46950, 72150]"
117003,"[83927, 38279, 33465, 18692, 101143, 87569, 58160, 101665, 1423, 82565]"
117004,"[26319, 85848, 83402, 60950, 8776, 74243, 40821, 83135, 99176, 88698]"
117005,"[41866, 84374, 2091, 34600, 16832, 38173, 38274, 71023, 91000, 87091]"
117006,"[33294, 77837, 92345, 41424, 18930, 40729, 50142, 10743, 78036, 95934]"
117007,"[10196, 75309, 46816, 52318, 30416, 53829, 74252, 94867, 2934, 109434]"
117008,"[102927, 28944, 73147, 10856, 93835, 36226, 38919, 60681, 69299, 89618]"
117009,"[54581, 36506, 64414, 47455, 59285, 24856, 74185, 7981, 41231, 31191]"
117010,"[44078, 51305, 65901, 78475, 106267, 96123, 89097, 45910, 86306, 35154]"
117011,"[63509, 57357, 44645, 29168, 96405, 931, 63463, 85778, 94029, 101539]"
117012,"[68331, 44260, 72093, 7505, 32241, 73058, 109293, 14403, 40212, 52075]"
117013,"[55248, 92648, 53931, 48181, 5783, 51172, 70569, 28079, 54120, 101179]"
117014,"[81467, 74567, 104409, 5856, 43269, 2547, 94691, 44576, 35196, 12498]"
117015,"[87655, 36727, 95821, 31532, 55142, 89244, 2539, 78944, 2958, 60243]"
117016,"[75874, 52620, 108059, 101456, 96302, 46557, 78842, 34172, 60038, 89934]"
117017,"[92230, 58307, 89452, 24909, 20811, 42855, 58689, 108635, 93652, 26316]"
117018,"[34618, 18549, 99056, 42576, 70525, 47410, 37420, 96831, 55523, 92706]"
117019,"[71410, 51497, 77662, 11018, 69720, 80569, 41459, 11554, 71441, 107120]"
117020,"[43376, 6889, 57936, 45554, 106815, 2296, 52376, 79648, 100093, 84784]"
117021,"[82226, 61101, 20173, 43942, 52893, 70859, 17482, 14222, 50474, 83442]"
117022,"[47748, 98216, 58524, 105545, 98425, 53812, 106480, 13291, 14630, 92781]"
117023,"[86431, 61441, 12807, 16175, 44652, 93997, 92498, 33107, 68888, 36328]"
117024,"[96587, 28111, 38080, 87168, 67222, 76756, 103728, 46506, 88664, 9918]"
117025,"[22883, 95207, 77339, 97562, 74672, 25790, 72942, 69233, 19693, 72127]"
117026,"[44932, 79448, 50474, 83442, 61101, 82226, 63268, 54820, 13409, 12536]"
117027,"[69845, 46732, 104958, 102464, 15877, 29526, 101487, 107298, 75335, 86471]"
117028,"[75132, 97578, 41392, 82731, 33186, 94971, 64189, 42212, 32967, 81102]"
117029,"[77006, 37505, 13662, 43974, 16858, 39947, 92006, 87648, 66186, 26199]"
117030,"[75655, 83147, 29390, 57124, 66399, 36178, 85861, 30326, 49414, 102504]"
117031,"[107579, 79481, 84581, 78852, 21582, 73691, 36608, 37687, 22599, 27042]"
117032,"[53873, 25630, 52364, 72100, 37713, 34550, 87670, 71961, 87522, 45294]"
117033,"[33588, 109346, 58745, 11224, 107917, 28209, 77553, 47090, 83123, 6784]"
117034,"[89500, 55940, 9814, 29912, 36223, 8475, 65919, 2490, 16883, 94084]"
117035,"[9933, 39920, 68456, 5941, 78911, 28290, 99292, 10120, 109243, 54890]"
117036,"[27395, 34663, 77791, 89507, 57026, 13059, 22322, 18049, 44929, 74575]"
117037,"[54569, 44461, 107796, 95067, 51762, 4887, 87097, 39377, 60738, 50351]"
117038,"[68898, 10214, 22451, 12370, 25799, 6853, 98846, 15358, 44519, 71062]"
117039,"[72325, 5313, 44313, 105558, 84499, 19848, 6178, 84919, 9047, 53653]"
117040,"[27080, 44155, 63783, 6976, 63555, 24631, 100991, 41291, 56330, 102819]"
117041,"[52016, 27069, 96829, 77401, 88387, 56337, 34295, 37679, 94780, 11389]"
117042,"[81816, 38179, 42600, 96747, 36818, 28563, 78464, 48562, 51461, 103939]"
117043,"[57570, 30599, 2671, 46578, 83029, 71766, 16278, 53202, 39380, 28441]"
117044,"[74802, 72167, 4228, 64561, 24874, 3174, 36249, 36881, 105593, 49843]"
117045,"[81189, 9790, 5538, 22032, 12486, 3561, 21133, 17163, 49417, 65925]"
117046,"[42852, 55494, 100071, 32499, 3786, 56821, 5962, 15691, 72947, 23545]"
117047,"[14557, 31058, 37468, 70018, 56319, 99448, 32403, 1995, 12450, 100334]"
117048,"[45878, 25578, 58834, 57243, 27977, 85743, 36972, 55939, 67547, 30422]"
117049,"[43146, 41970, 43388, 66944, 107538, 76841, 71262, 105611, 860, 74067]"
117050,"[49782, 50174, 17614, 30681, 45093, 6119, 24744, 101643, 90576, 85501]"
117051,"[14856, 10647, 71179, 16658, 88008, 21596, 47779, 22745, 22568, 24669]"
117052,"[68507, 48876, 46334, 83643, 37913, 65579, 8004, 70717, 62244, 98634]"
117053,"[169, 91151, 11297, 61695, 30613, 104560, 31937, 51289, 69834, 71427]"
117054,"[107017, 21144, 28101, 95670, 73805, 103233, 15095, 79746, 21159, 60917]"
117055,"[69824, 34948, 40869, 33755, 78537, 72481, 61290, 34620, 11782, 85104]"
117056,"[18034, 93717, 74656, 58321, 51425, 62787, 75305, 14220, 30330, 4718]"
117057,"[69175, 50941, 104454, 75044, 91947, 71577, 67675, 54950, 69936, 89275]"
117058,"[35508, 92019, 45454, 13914, 29834, 80173, 65191, 30042, 6003, 48687]"
117059,"[18032, 75051, 73508, 99896, 40700, 87863, 74313, 64389, 75962, 102614]"
117060,"[61909, 52754, 87411, 83844, 30729, 107241, 59932, 69588, 252, 77890]"
117061,"[55622, 49361, 734, 78375, 21604, 80701, 101316, 27240, 8059, 31917]"
117062,"[37241, 105068, 75726, 51630, 11027, 25187, 81770, 82190, 3931, 26906]"
117063,"[26627, 24372, 8402, 9203, 101038, 101183, 20530, 31177, 48331, 83814]"
117064,"[63367, 107762, 27370, 85608, 103042, 37974, 45999, 62758, 59448, 76363]"
117065,"[2008, 11291, 11451, 96404, 56925, 47461, 99890, 75712, 100503, 33157]"
117066,"[32349, 10398, 107406, 59720, 78880, 71488, 47514, 13135, 104809, 62989]"
117067,"[109703, 7692, 10959, 9256, 104328, 104624, 78015, 104838, 15478, 60850]"
117068,"[70201, 66231, 75850, 31865, 70376, 31878, 92260, 20005, 19611, 64026]"
117069,"[5302, 79356, 66269, 60096, 16544, 108352, 49048, 70177, 108643, 86138]"
117070,"[36866, 21674, 94187, 70343, 94895, 62880, 31508, 45676, 59060, 55557]"
117071,"[91350, 37778, 10956, 76969, 107587, 92591, 67694, 80686, 33968, 69353]"
117072,"[56532, 31908, 50495, 85615, 76251, 10740, 78533, 89966, 21295, 49464]"
117073,"[73273, 80088, 72337, 104652, 20809, 89591, 79830, 59970, 28287, 38781]"
117074,"[32685, 88431, 84012, 79966, 105073, 52710, 54375, 45255, 64247, 103263]"
117075,"[24056, 15131, 34457, 11997, 68066, 70118, 82576, 73573, 64063, 57058]"
117076,"[21716, 68988, 107455, 83798, 22147, 34097, 98058, 23679, 28929, 42554]"
117077,"[66916, 82507, 24338, 41616, 84909, 55603, 55194, 87900, 71478, 75477]"
117078,"[55425, 42426, 19749, 17567, 20899, 2300, 1239, 99263, 81370, 105621]"
117079,"[58005, 93661, 81356, 20015, 12756, 104874, 45901, 22346, 42374, 16647]"
117080,"[107469, 67905, 94353, 102897, 40265, 94005, 20444, 21991, 37848, 78049]"
117081,"[36053, 67460, 96032, 102155, 48987, 96112, 33779, 14635, 53382, 1544]"
117082,"[109585, 15393, 96755, 17896, 40562, 53664, 68302, 7093, 86752, 64605]"
117083,"[6405, 38507, 51538, 1619, 96852, 105891, 81708, 69664, 102817, 70358]"
117084,"[35485, 64667, 88778, 31125, 56270, 66997, 56359, 51274, 82101, 109026]"
117085,"[11030, 72086, 84950, 98444, 102417, 90493, 24252, 99306, 23330, 105324]"
117086,"[99527, 91458, 34066, 104556, 47500, 40966, 4478, 32990, 28261, 25319]"
117087,"[65880, 71996, 20380, 12226, 41967, 6080, 2721, 65279, 29287, 18727]"
117088,"[16757, 48539, 64334, 50896, 67827, 3133, 15310, 78113, 83161, 81760]"
117089,"[84237, 87621, 10741, 28828, 106426, 83124, 104843, 44732, 82147, 60138]"
117090,"[35956, 84579, 76419, 103544, 41954, 107619, 32535, 64242, 36899, 59479]"
117091,"[32082, 29953, 62842, 36330, 43756, 40930, 12525, 96859, 100461, 71261]"
117092,"[80346, 94722, 55301, 103023, 15399, 23594, 82094, 61920, 38106, 104882]"
117093,"[89365, 76353, 21448, 64453, 13847, 64294, 7428, 67462, 64027, 31862]"
117094,"[777, 18250, 7873, 50762, 42808, 41661, 108698, 33253, 27184, 53653]"
117095,"[55753, 7484, 13001, 67887, 81497, 34327, 101987, 28977, 54356, 93872]"
117096,"[48600, 69333, 42390, 29365, 98059, 42977, 87571, 64169, 17463, 41240]"
117097,"[94500, 91011, 86724, 86121, 15804, 18170, 16240, 102305, 101608, 77929]"
117098,"[28239, 76397, 94478, 79836, 59220, 77994, 21928, 94978, 27551, 63935]"
117099,"[59600, 61758, 14415, 30249, 6974, 83616, 90734, 83655, 15110, 82686]"
117100,"[97231, 88854, 2118, 19805, 57543, 28200, 92088, 91116, 24059, 42280]"
117101,"[62051, 90741, 56726, 61920, 9616, 24633, 29442, 34186, 35769, 95561]"
117102,"[77072, 59397, 70355, 100336, 17222, 50466, 49396, 37928, 54722, 80986]"
117103,"[45010, 6596, 103711, 89282, 7712, 85128, 40175, 49235, 93623, 31680]"
117104,"[59667, 74087, 47859, 66894, 96556, 32577, 15760, 36699, 76952, 74991]"
117105,"[33008, 67964, 79725, 86133, 82271, 79735, 5442, 82189, 21101, 22707]"
117106,"[54754, 26504, 56495, 61615, 94588, 49448, 22899, 5882, 62404, 8873]"
117107,"[9417, 75515, 2251, 66674, 30641, 103589, 7285, 80788, 61596, 62720]"
117108,"[39387, 60220, 101069, 45426, 53974, 76709, 51632, 87183, 30051, 54668]"
117109,"[12736, 75545, 33087, 62470, 4990, 109604, 40052, 67143, 108648, 60525]"
117110,"[65384, 30962, 37930, 51582, 67802, 83341, 109209, 23660, 24806, 50721]"
117111,"[92607, 52850, 84291, 22457, 65761, 31992, 30359, 32637, 54005, 38874]"
117112,"[18728, 43783, 87840, 82514, 75327, 76244, 92356, 14102, 24234, 22788]"
117113,"[80561, 55653, 50383, 58311, 23228, 36, 54545, 28121, 61221, 44967]"
117114,"[108132, 68025, 55250, 85888, 33096, 33181, 28021, 97151, 102625, 62962]"
117115,"[4486, 21021, 100939, 8439, 34111, 24892, 9204, 48659, 29154, 44164]"
117116,"[20416, 24489, 12329, 13899, 52885, 65982, 42843, 108128, 45928, 45297]"
117117,"[75814, 71314, 75632, 100781, 13583, 93771, 14993, 100625, 68815, 93182]"
117118,"[84113, 35997, 41500, 16769, 101802, 58210, 9105, 95962, 64880, 48693]"
117119,"[45849, 83115, 64750, 20991, 34967, 102460, 6257, 87545, 79713, 22485]"
117120,"[10276, 108148, 34051, 20825, 72683, 88471, 104445, 11836, 17480, 16654]"
117121,"[40469, 74392, 104990, 71384, 18557, 80902, 57938, 99128, 70099, 50969]"
117122,"[105917, 85783, 96357, 105112, 16791, 107483, 108266, 60129, 54420, 50770]"
117123,"[21292, 88356, 67145, 60186, 93350, 108411, 11228, 2564, 97378, 46945]"
117124,"[103507, 66470, 44132, 5296, 96186, 101467, 10673, 89021, 11071, 75424]"
117125,"[23444, 18047, 83524, 29151, 44745, 75145, 1369, 2845, 35894, 28645]"
117126,"[24700, 11300, 40706, 4368, 5764, 50846, 990, 41635, 57637, 47923]"
117127,"[29711, 40976, 15551, 28927, 36720, 59860, 6009, 74457, 31356, 95577]"
117128,"[62047, 89695, 27082, 78502, 72074, 96806, 325, 7903, 98257, 54199]"
117129,"[3074, 16021, 57133, 17328, 108539, 49865, 22127, 97513, 77199, 6921]"
117130,"[84724, 9871, 25755, 60068, 31104, 502, 88300, 81204, 22842, 57287]"
117131,"[41910, 94963, 90054, 96825, 53112, 859, 12258, 64796, 45902, 70193]"
117132,"[41051, 99158, 86374, 31638, 50065, 43624, 59639, 49753, 34014, 99002]"
117133,"[72828, 30588, 74984, 97971, 106752, 40563, 96297, 100916, 6640, 75020]"
117134,"[48741, 88873, 55914, 11421, 41080, 102227, 77840, 65078, 80215, 35747]"
117135,"[3490, 30072, 74800, 42828, 58656, 74236, 95059, 34427, 2294, 49680]"
117136,"[64912, 17804, 76299, 20154, 4614, 25724, 30453, 22913, 86245, 105277]"
117137,"[95216, 43288, 37055, 63347, 103007, 24233, 88163, 78439, 28577, 90784]"
117138,"[95209, 13372, 67871, 26522, 36117, 38967, 102776, 11544, 57986, 99189]"
117139,"[94819, 104312, 63937, 75, 103541, 54590, 63914, 16798, 37291, 14182]"
117140,"[60119, 79200, 36099, 103947, 222, 18372, 89637, 21045, 11773, 15904]"
117141,"[8726, 61668, 38807, 67988, 106397, 69443, 42716, 19679, 24816, 18663]"
117142,"[24653, 3490, 43345, 88072, 46726, 3532, 70365, 42576, 41719, 89881]"
117143,"[79355, 100934, 17079, 70847, 47354, 70067, 35419, 95789, 55626, 95953]"
117144,"[19737, 106941, 47743, 69061, 4329, 63460, 72091, 90303, 49909, 100444]"
117145,"[101443, 31536, 81511, 57706, 35571, 82616, 80128, 21278, 25725, 38694]"
117146,"[61636, 60023, 63438, 90196, 46166, 68599, 23154, 100455, 46031, 89178]"
117147,"[82157, 84768, 5484, 4937, 59032, 57468, 66653, 95658, 96524, 109033]"
117148,"[65635, 84756, 49682, 44284, 90464, 63648, 9612, 97203, 42342, 59652]"
117149,"[7797, 63161, 30119, 48236, 48804, 22400, 45196, 8899, 15827, 87197]"
117150,"[96972, 92856, 104709, 74499, 80855, 49306, 51690, 89640, 56790, 6950]"
117151,"[18058, 27198, 27259, 65301, 58755, 2876, 69099, 41657, 103275, 55567]"
117152,"[35333, 94270, 19451, 30145, 42970, 550, 11625, 8049, 101368, 69929]"
117153,"[667, 97859, 6147, 43072, 39360, 4534, 50398, 93426, 78843, 67466]"
117154,"[55831, 46043, 93137, 72020, 85723, 86827, 44866, 27388, 43718, 86116]"
117155,"[71896, 13309, 71257, 89357, 69801, 97963, 35259, 1156, 96728, 33223]"
117156,"[66374, 47054, 13764, 77520, 29906, 28234, 9155, 63439, 30793, 97327]"
117157,"[17102, 43682, 28366, 81460, 52889, 10030, 107543, 18987, 39706, 70217]"
117158,"[79535, 30408, 33868, 41915, 19343, 4755, 4687, 5822, 23739, 91558]"
117159,"[55241, 82655, 93517, 19593, 11555, 57893, 79046, 74199, 1276, 108342]"
117160,"[27866, 60934, 72671, 25092, 87282, 43477, 18345, 30476, 5482, 96789]"
117161,"[12195, 23505, 58819, 7995, 24129, 81978, 44485, 76706, 98538, 12393]"
117162,"[76952, 74991, 2613, 15760, 15468, 103166, 7144, 74087, 59667, 47859]"
117163,"[2123, 88317, 86552, 82873, 15567, 32909, 59522, 36901, 102449, 45073]"
117164,"[14165, 13395, 84842, 81914, 41560, 71608, 34212, 42240, 30962, 13657]"
117165,"[7296, 20477, 94725, 74686, 81576, 99050, 841, 11596, 16437, 31411]"
117166,"[61424, 49665, 5288, 10108, 89603, 40176, 9329, 36243, 89847, 104013]"
117167,"[92407, 87293, 104730, 57385, 7057, 94870, 65795, 1047, 55652, 104378]"
117168,"[95908, 97089, 41335, 86600, 74712, 2831, 22944, 64125, 90755, 73898]"
117169,"[44541, 19478, 5174, 81551, 22974, 55916, 108824, 20675, 57315, 78353]"
117170,"[62207, 62701, 91360, 11299, 32060, 99938, 78164, 35512, 109511, 99263]"
117171,"[53904, 68467, 109739, 72272, 79562, 26894, 107332, 51024, 56752, 10459]"
117172,"[33220, 62480, 35840, 84528, 36629, 24398, 88203, 48025, 16551, 62158]"
117173,"[97102, 16780, 52906, 93194, 13214, 15817, 85417, 42366, 18266, 79531]"
117174,"[51638, 79582, 53368, 101503, 23366, 70896, 61355, 103269, 2097, 99749]"
117175,"[32140, 20749, 23090, 76772, 48015, 9217, 81969, 4910, 60462, 12664]"
117176,"[48403, 88656, 63074, 42955, 63730, 12913, 99441, 18745, 92973, 87339]"
117177,"[85697, 27571, 768, 13009, 78410, 7947, 2886, 68228, 104498, 80906]"
117178,"[71576, 17464, 1221, 12222, 41993, 37076, 35783, 85199, 59426, 92312]"
117179,"[77199, 6921, 97513, 20905, 94481, 22127, 107997, 1700, 12038, 95558]"
117180,"[33454, 107470, 84660, 13057, 19459, 89928, 45644, 28001, 4397, 54974]"
117181,"[36081, 26553, 53860, 55394, 92167, 31587, 36852, 21728, 62716, 5027]"
117182,"[12947, 66692, 73645, 36163, 53258, 77021, 101935, 61620, 3377, 4074]"
117183,"[96431, 37196, 14087, 5667, 14868, 9469, 109100, 38557, 108240, 92194]"
117184,"[33410, 72433, 96690, 86790, 41828, 79900, 101805, 16711, 52554, 100624]"
117185,"[36359, 41556, 39, 29562, 91144, 100081, 93661, 67060, 10748, 45882]"
117186,"[57651, 60527, 54281, 45730, 76847, 61145, 80340, 91201, 37115, 7291]"
117187,"[60081, 27826, 36353, 108287, 91944, 42637, 76804, 86897, 1042, 62982]"
117188,"[68453, 66185, 76873, 28946, 30906, 99840, 40486, 25621, 8463, 68892]"
117189,"[33596, 29670, 93065, 44267, 10988, 21270, 44624, 77471, 81926, 30093]"
117190,"[56469, 64544, 106531, 33097, 24277, 100318, 57699, 69858, 42485, 53964]"
117191,"[74791, 104119, 27691, 5558, 81185, 9932, 18059, 27304, 89988, 34588]"
117192,"[8540, 87110, 5448, 90098, 39843, 63563, 60240, 79584, 5752, 30980]"
117193,"[80359, 40548, 3126, 33555, 84478, 8621, 9802, 29143, 81078, 74990]"
117194,"[49263, 75515, 65935, 104279, 103416, 86385, 101587, 87431, 80788, 69547]"
117195,"[12141, 40125, 27369, 19198, 69867, 70639, 56406, 35198, 18185, 40004]"
117196,"[91898, 101110, 40700, 87863, 14671, 72200, 109419, 14469, 99896, 62632]"
117197,"[62734, 33537, 96689, 10429, 104210, 55409, 22262, 6196, 53809, 25910]"
117198,"[5129, 15917, 87496, 9749, 7475, 19778, 19657, 72360, 89399, 32141]"
117199,"[52415, 54526, 20988, 7647, 16478, 69544, 106363, 107104, 69696, 32680]"
117200,"[80846, 75494, 31770, 23101, 40861, 94457, 43698, 6634, 6132, 18764]"
117201,"[52949, 31060, 57108, 103392, 12926, 62857, 98770, 90027, 86059, 51370]"
117202,"[25630, 93655, 55457, 42485, 64158, 67684, 54582, 23119, 79500, 20086]"
117203,"[92416, 95673, 22980, 52043, 88180, 46114, 95697, 83588, 109067, 108061]"
117204,"[24368, 88241, 27781, 9073, 22566, 12244, 11498, 85071, 33169, 93098]"
117205,"[77840, 65078, 34643, 68476, 76481, 109114, 67598, 48369, 45220, 2912]"
117206,"[17396, 53426, 108908, 10493, 107713, 79005, 107740, 46122, 93333, 23674]"
117207,"[80333, 90849, 48850, 39845, 31164, 67218, 54659, 91972, 96438, 26078]"
117208,"[1819, 26797, 89347, 17188, 39156, 43767, 10168, 14335, 45919, 89662]"
117209,"[14371, 89187, 83248, 24559, 64074, 85829, 106693, 59556, 103779, 76267]"
117210,"[72826, 90894, 63887, 108338, 6696, 34964, 36747, 63079, 90402, 104995]"
117211,"[35366, 44630, 29731, 106555, 106861, 103171, 83283, 52057, 15294, 86698]"
117212,"[67853, 67475, 84046, 3536, 43163, 39735, 70535, 9183, 19890, 32790]"
117213,"[103704, 63295, 19027, 70346, 96196, 77603, 40387, 84604, 79762, 103166]"
117214,"[77802, 43696, 3573, 87573, 1378, 25274, 47768, 56368, 52240, 108551]"
117215,"[66154, 80570, 109326, 5634, 4244, 79242, 32960, 89015, 64455, 102888]"
117216,"[33940, 61882, 107092, 87359, 80984, 14385, 57697, 35617, 107485, 54861]"
117217,"[106647, 53509, 5732, 91269, 93396, 91838, 83154, 32861, 9184, 103252]"
117218,"[8118, 66837, 76061, 49260, 76223, 67565, 82290, 82905, 86049, 3083]"
117219,"[83159, 67486, 944, 60993, 83386, 98464, 90153, 90137, 98094, 27186]"
117220,"[70809, 80538, 84110, 75631, 62759, 79470, 83889, 13675, 62358, 31896]"
117221,"[55933, 2247, 35185, 108984, 56586, 77778, 13432, 109451, 81913, 19243]"
117222,"[22170, 30992, 19581, 76123, 41573, 65235, 41927, 6433, 62045, 22572]"
117223,"[99740, 98307, 43228, 26573, 20223, 42756, 12729, 81663, 5238, 5841]"
117224,"[13519, 102941, 67326, 71778, 13774, 5183, 74407, 93432, 93889, 14897]"
117225,"[5244, 40722, 62110, 7828, 94149, 15551, 29711, 101137, 60604, 34782]"
117226,"[63536, 13541, 88939, 96809, 94171, 31636, 100071, 89163, 24573, 20352]"
117227,"[79079, 86291, 76369, 11661, 1973, 35381, 103089, 30480, 70917, 18407]"
117228,"[27540, 15446, 68711, 8206, 105211, 19984, 6809, 11882, 75699, 92030]"
117229,"[36064, 46723, 22669, 85590, 99433, 17658, 98864, 76393, 100961, 93447]"
117230,"[68517, 12644, 86030, 89191, 4639, 90274, 59089, 1811, 60573, 21341]"
117231,"[24036, 41548, 78992, 83226, 26156, 25747, 51950, 52107, 64056, 72705]"
117232,"[62544, 2236, 28053, 44227, 98497, 57448, 78582, 71059, 41205, 56029]"
117233,"[107009, 37853, 86297, 16619, 35584, 82328, 56103, 94269, 49225, 49759]"
117234,"[62665, 83333, 106595, 77821, 45165, 86512, 104878, 51934, 11842, 80644]"
117235,"[60653, 109744, 23695, 37286, 49253, 12514, 21135, 32547, 13775, 87758]"
117236,"[45139, 102423, 74013, 94823, 80526, 3962, 56528, 28148, 81249, 27014]"
117237,"[97344, 18269, 100382, 100005, 45471, 78273, 61573, 69941, 54696, 104542]"
117238,"[49971, 53924, 96295, 109113, 14579, 56737, 108633, 98513, 52850, 1531]"
117239,"[3264, 40322, 33826, 3511, 86150, 58036, 37912, 71715, 75979, 92764]"
117240,"[48976, 26298, 27687, 44414, 95225, 5958, 29687, 88800, 89913, 67332]"
117241,"[8197, 95834, 17779, 40023, 68974, 35947, 37471, 59018, 108305, 42392]"
117242,"[104983, 75451, 103525, 39233, 15782, 75108, 24370, 10201, 95194, 4949]"
117243,"[31757, 89652, 4418, 1093, 55215, 59590, 91586, 7100, 76835, 41971]"
117244,"[16826, 40732, 109294, 1270, 80130, 55931, 97554, 83481, 94983, 99125]"
117245,"[14627, 17374, 107581, 64672, 83804, 42512, 25017, 60457, 19904, 21230]"
117246,"[59272, 57872, 32877, 61165, 8570, 78590, 6587, 78956, 95433, 85911]"
117247,"[35387, 56091, 78662, 5909, 56338, 72509, 9966, 56701, 10959, 31078]"
117248,"[6120, 72799, 99726, 82073, 93192, 21025, 86555, 48508, 49099, 69312]"
117249,"[63798, 66808, 21369, 94044, 100074, 90608, 67808, 93263, 101357, 87794]"
117250,"[72147, 76590, 28642, 109349, 82374, 2367, 27549, 88933, 77205, 58530]"
117251,"[88042, 35950, 39373, 69232, 28417, 81711, 50065, 38415, 107750, 68440]"
117252,"[5941, 93980, 47668, 14149, 14103, 84310, 67792, 32916, 1116, 88974]"
117253,"[61862, 74221, 100417, 44844, 50352, 64109, 19782, 16214, 49481, 2936]"
117254,"[11167, 105679, 67339, 78886, 106678, 48886, 85527, 63388, 46309, 48121]"
117255,"[43509, 29480, 1670, 102246, 53232, 32991, 7975, 4019, 33114, 38495]"
117256,"[15015, 60582, 102706, 6802, 27802, 71615, 57542, 39030, 87119, 98906]"
117257,"[63294, 99308, 58284, 55375, 47117, 27553, 104088, 3891, 15718, 104611]"
117258,"[81528, 62406, 74436, 77000, 72585, 23439, 85495, 99461, 102675, 43067]"
117259,"[105130, 90222, 54746, 104045, 34896, 33593, 33598, 86911, 108397, 62066]"
117260,"[24042, 15243, 33745, 42473, 27499, 77131, 42577, 106018, 21009, 84370]"
117261,"[89081, 86132, 55573, 59001, 36399, 44580, 55997, 88787, 95202, 91859]"
117262,"[40926, 86554, 108520, 50568, 36479, 29874, 57788, 23277, 20579, 1146]"
117263,"[4662, 94469, 105997, 23655, 73336, 15363, 5684, 106018, 84544, 21009]"
117264,"[47136, 73540, 43523, 7321, 58178, 32230, 11588, 15985, 46133, 13313]"
117265,"[68910, 87144, 70053, 21118, 66212, 28071, 86660, 24401, 31578, 7430]"
117266,"[20278, 10026, 16142, 92747, 16411, 78231, 7563, 43584, 41426, 81569]"
117267,"[33769, 91246, 52836, 17259, 88646, 88359, 5316, 13730, 106239, 84135]"
117268,"[45942, 67697, 99409, 10342, 79077, 88386, 48795, 83266, 28686, 59311]"
117269,"[81995, 108700, 48909, 70911, 33819, 68116, 103229, 107758, 3697, 93717]"
117270,"[84884, 30739, 56463, 60002, 48368, 79111, 85587, 60624, 86971, 39328]"
117271,"[102872, 13938, 65418, 51103, 72936, 73105, 33505, 74084, 49361, 86717]"
117272,"[92045, 63114, 60842, 37956, 107069, 109050, 3336, 529, 42257, 93050]"
117273,"[72839, 68631, 8442, 1624, 90471, 660, 105628, 64963, 32622, 42584]"
117274,"[43080, 57079, 26892, 56015, 58420, 75604, 48660, 77984, 97986, 85221]"
117275,"[59831, 22976, 1404, 282, 4521, 25640, 62947, 11083, 57908, 43307]"
117276,"[6144, 74355, 742, 73338, 94065, 63517, 8135, 47959, 29347, 91557]"
117277,"[32955, 92441, 108996, 80642, 49786, 94407, 99327, 96429, 109277, 74542]"
117278,"[29235, 38730, 51750, 39092, 14985, 39202, 99260, 26974, 84187, 53220]"
117279,"[105140, 45660, 1792, 6385, 34024, 29993, 106033, 70462, 38631, 52899]"
117280,"[76361, 72968, 1629, 103782, 108526, 8948, 85838, 65116, 13523, 35170]"
117281,"[1140, 42026, 48788, 55492, 489, 32563, 83344, 31079, 60692, 77295]"
117282,"[85013, 45608, 104072, 32945, 34985, 54837, 70464, 57307, 83379, 227]"
117283,"[96503, 93965, 10588, 18463, 16560, 79843, 19441, 61493, 12290, 102631]"
117284,"[84764, 90418, 95104, 1228, 54535, 36668, 19867, 106106, 99495, 104835]"
117285,"[82882, 76435, 46094, 68425, 69402, 40197, 88260, 109124, 4085, 68002]"
117286,"[87529, 35800, 14657, 64078, 85955, 74984, 53392, 43094, 71402, 23595]"
117287,"[41234, 31114, 9681, 24868, 20009, 69988, 50399, 63528, 72180, 36831]"
117288,"[101956, 77804, 60894, 7391, 32358, 72462, 88493, 17634, 63002, 78729]"
117289,"[68181, 56526, 74101, 100456, 98173, 6502, 21293, 87963, 49191, 109125]"
117290,"[106589, 67478, 85896, 16502, 45246, 69828, 41733, 91989, 33687, 15169]"
117291,"[50525, 8680, 51723, 58528, 81440, 81794, 96336, 21108, 92237, 97342]"
117292,"[32027, 106089, 80281, 85511, 56065, 4668, 63867, 108102, 48479, 100773]"
117293,"[96012, 55922, 21041, 66741, 16296, 82100, 61493, 10542, 36403, 65557]"
117294,"[105859, 30144, 46641, 99574, 30839, 42511, 67705, 32108, 32919, 3525]"
117295,"[35020, 41582, 65967, 83933, 39388, 20085, 65554, 16382, 60442, 25425]"
117296,"[41513, 71713, 45379, 102816, 64174, 52641, 14286, 87028, 43358, 28773]"
117297,"[13844, 26851, 88244, 100733, 57153, 108553, 69576, 109746, 6746, 35450]"
117298,"[31662, 868, 30637, 29143, 81078, 40548, 10656, 3126, 44996, 36582]"
117299,"[36961, 95069, 86968, 18156, 50086, 82448, 11518, 26185, 78186, 94656]"
117300,"[69610, 107669, 88831, 96375, 85960, 81899, 6037, 50712, 60843, 49653]"
117301,"[47682, 42592, 45815, 37717, 16361, 54665, 106175, 82282, 47337, 79267]"
117302,"[86500, 19007, 19061, 80350, 60201, 94432, 41806, 16916, 41618, 37887]"
117303,"[21660, 32889, 74432, 63497, 63313, 103487, 37454, 57417, 60406, 96698]"
117304,"[22028, 24038, 27111, 63609, 28294, 63466, 21479, 87256, 21770, 65667]"
117305,"[83663, 629, 39343, 52936, 62186, 50427, 95994, 34571, 75995, 46363]"
117306,"[75784, 52692, 85107, 87034, 24989, 40907, 61923, 33697, 62095, 98550]"
117307,"[23296, 65001, 85043, 8068, 14327, 2228, 71783, 83665, 53414, 108011]"
117308,"[65173, 102388, 12371, 100799, 14172, 27018, 51819, 78836, 74056, 31760]"
117309,"[75289, 7821, 70292, 64981, 6426, 59464, 85927, 59216, 81948, 5516]"
117310,"[20710, 25703, 36039, 8592, 16305, 28475, 10381, 47881, 46894, 59933]"
117311,"[99001, 91675, 62914, 64225, 72141, 51394, 78235, 104610, 56342, 28324]"
117312,"[26919, 17647, 71833, 50664, 4043, 2032, 99969, 108469, 63834, 38821]"
117313,"[29066, 47737, 5813, 87173, 5090, 50369, 89036, 71991, 69685, 29931]"
117314,"[64003, 2877, 57751, 7850, 95214, 33078, 54956, 54257, 56597, 53573]"
117315,"[28108, 76885, 63524, 75011, 31646, 106394, 105330, 20671, 101616, 21508]"
117316,"[55689, 5077, 29452, 11755, 106960, 59268, 62586, 21984, 20595, 94072]"
117317,"[28576, 34025, 75772, 29374, 12154, 67381, 33455, 43857, 5471, 109729]"
117318,"[24205, 99895, 50350, 16678, 24530, 34432, 96908, 63992, 99522, 53921]"
117319,"[6290, 90470, 13919, 27227, 27632, 73639, 25356, 78485, 51062, 23308]"
117320,"[11405, 54177, 107390, 25414, 87337, 9263, 55865, 73146, 85213, 26987]"
117321,"[37227, 30411, 53039, 6107, 54296, 44577, 104394, 37771, 55407, 50314]"
117322,"[29141, 95464, 100303, 53757, 91948, 38757, 25247, 38302, 29164, 102895]"
117323,"[15176, 11054, 7518, 56672, 82512, 1904, 67250, 25591, 450, 73162]"
117324,"[36277, 56828, 213, 62321, 93767, 56606, 88122, 5643, 27815, 66849]"
117325,"[36277, 56828, 20733, 100620, 23668, 16886, 8516, 109121, 26898, 108542]"
117326,"[2946, 90695, 20269, 48317, 192, 4300, 46550, 89010, 86244, 67765]"
117327,"[92835, 12394, 90354, 15958, 56180, 12413, 35932, 53583, 7169, 19218]"
117328,"[47272, 67500, 91594, 21314, 87732, 94573, 69020, 14466, 62724, 107437]"
117329,"[78453, 39001, 39032, 108628, 100488, 6049, 99708, 71695, 99522, 44329]"
117330,"[80038, 28919, 88044, 76991, 52538, 73270, 48322, 105208, 17762, 6021]"
117331,"[108708, 97481, 36854, 15414, 41493, 34920, 35176, 39170, 76988, 84491]"
117332,"[18921, 96251, 74239, 60643, 64068, 42580, 2869, 51572, 57418, 65948]"
117333,"[9583, 71435, 22556, 60771, 34068, 5860, 106095, 107987, 69702, 41553]"
117334,"[40105, 100270, 17809, 86347, 3743, 31538, 16363, 69596, 43973, 17837]"
117335,"[86897, 3179, 4792, 36353, 108287, 68551, 108383, 94800, 73563, 35001]"
117336,"[16809, 33392, 99121, 73269, 92640, 62819, 18525, 46778, 4035, 4125]"
117337,"[4435, 43875, 46632, 67813, 18994, 65828, 8530, 20481, 99853, 106547]"
117338,"[62125, 108185, 35347, 715, 92214, 55132, 6989, 5355, 3856, 67506]"
117339,"[28430, 66600, 15580, 76660, 33032, 44859, 49326, 55631, 109544, 93202]"
117340,"[92183, 10651, 89579, 63949, 70429, 79253, 61825, 10994, 85797, 109514]"
117341,"[40772, 97741, 59110, 28445, 96296, 3334, 61952, 38638, 97836, 24151]"
117342,"[60692, 66527, 32242, 38984, 14516, 74118, 107777, 38896, 65649, 17521]"
117343,"[516, 28421, 75224, 103172, 81036, 88633, 40457, 15387, 21146, 85963]"
117344,"[11361, 52340, 71676, 21033, 35292, 64788, 93550, 44634, 75088, 47091]"
117345,"[99894, 88663, 67238, 66030, 48766, 62538, 83613, 95268, 69354, 6987]"
117346,"[50880, 91238, 46169, 45844, 34313, 108090, 85307, 69373, 6371, 91692]"
117347,"[47526, 81998, 7590, 41063, 51536, 7968, 20341, 60896, 48846, 67978]"
117348,"[95415, 36100, 43110, 12763, 20226, 43074, 19293, 35489, 2543, 90787]"
117349,"[1253, 26675, 55077, 21290, 70921, 61004, 81272, 54796, 39107, 106475]"
117350,"[47082, 4750, 88180, 24671, 22980, 74366, 105604, 40977, 73272, 18896]"
117351,"[13252, 103459, 106668, 108504, 36832, 31206, 63408, 77660, 92214, 15530]"
117352,"[42120, 50153, 83104, 40842, 104544, 85953, 28013, 91606, 30799, 41968]"
117353,"[84944, 99872, 68346, 81742, 84954, 69608, 98784, 17034, 50629, 35823]"
117354,"[37293, 101837, 12159, 61073, 94783, 102274, 101191, 40437, 109763, 3849]"
117355,"[87675, 20616, 29923, 109361, 84375, 85242, 73489, 41428, 63092, 96962]"
117356,"[66440, 19034, 84838, 84482, 27929, 16662, 37873, 36874, 49576, 59883]"
117357,"[39671, 21026, 50622, 36175, 49754, 42391, 88469, 55835, 105779, 2513]"
117358,"[17992, 22521, 11392, 8482, 15130, 34629, 53105, 57782, 38647, 89720]"
117359,"[13653, 50324, 95532, 94871, 91327, 96365, 22145, 102883, 100571, 78721]"
117360,"[89948, 22705, 72575, 80129, 22349, 85046, 17337, 27317, 57078, 57777]"
117361,"[90721, 73545, 51404, 54, 18244, 6504, 10454, 68068, 78499, 52267]"
117362,"[27046, 2712, 2440, 101613, 71369, 26642, 27871, 102891, 27269, 31935]"
117363,"[34590, 24868, 17036, 101387, 6352, 26352, 41571, 20078, 9306, 49568]"
117364,"[72968, 1629, 56762, 27294, 13530, 57527, 33828, 49365, 45337, 68824]"
117365,"[87352, 103861, 14045, 94511, 107400, 13013, 56778, 51300, 89204, 28]"
117366,"[64178, 27679, 79750, 81511, 64968, 40423, 67613, 86044, 98773, 36589]"
117367,"[33067, 5801, 74921, 14764, 69812, 107075, 6259, 34874, 46018, 79349]"
117368,"[78539, 23908, 22298, 2633, 76622, 32909, 88317, 13688, 43425, 26475]"
117369,"[12468, 93357, 69757, 109525, 71427, 92485, 11631, 10827, 103561, 53246]"
117370,"[50963, 37300, 10836, 102574, 71008, 21686, 44557, 63963, 66547, 23963]"
117371,"[92569, 13061, 508, 103615, 26334, 80284, 90394, 109044, 85137, 89735]"
117372,"[74607, 84946, 30565, 5952, 22221, 105070, 57642, 34403, 23346, 9964]"
117373,"[78811, 73696, 89040, 64243, 59170, 100029, 61433, 68456, 28646, 5659]"
117374,"[10897, 76349, 11398, 80163, 51191, 49266, 19213, 51860, 68932, 33171]"
117375,"[86172, 42685, 37450, 62501, 101534, 47248, 31567, 80712, 83939, 44993]"
117376,"[39800, 28853, 87874, 60570, 42199, 7737, 107702, 11192, 95402, 19521]"
117377,"[37010, 60937, 48982, 72257, 6834, 86283, 75247, 33879, 67259, 23732]"
117378,"[62443, 54461, 38163, 81346, 104121, 28920, 53183, 37699, 2626, 91143]"
117379,"[102787, 45307, 41911, 60728, 78225, 56957, 101622, 37479, 13403, 22089]"
117380,"[103652, 65829, 71869, 94579, 8498, 1580, 66675, 31013, 91269, 35944]"
117381,"[19258, 91956, 69313, 52949, 31060, 98770, 86059, 51370, 90027, 98701]"
117382,"[72089, 69300, 58388, 51517, 106272, 99209, 90692, 49580, 34271, 21869]"
117383,"[59318, 14584, 24705, 94971, 58003, 75601, 10816, 29632, 877, 103019]"
117384,"[100412, 7876, 32727, 21836, 109252, 108304, 31838, 49926, 43406, 89733]"
117385,"[17383, 30009, 85688, 56597, 93550, 99593, 15036, 17897, 75073, 2430]"
117386,"[108442, 69226, 51313, 2662, 50191, 88415, 49795, 50013, 76977, 49503]"
117387,"[39018, 8764, 89633, 63918, 24790, 69839, 53153, 72883, 81996, 80720]"
117388,"[79745, 49411, 35212, 4159, 59402, 87762, 43999, 77853, 87559, 93734]"
117389,"[71293, 69912, 18120, 88584, 17042, 97005, 102993, 77016, 85228, 79858]"
117390,"[5075, 34528, 79067, 48475, 24649, 8719, 12947, 66692, 73645, 36163]"
117391,"[7624, 28905, 35773, 68291, 73898, 62262, 58270, 22746, 78601, 41857]"
117392,"[81744, 18908, 19837, 105243, 4442, 106715, 82545, 43766, 26069, 76321]"
117393,"[56303, 54003, 108028, 50270, 10635, 59415, 53544, 65695, 96924, 42869]"
117394,"[67989, 107184, 5310, 81807, 15903, 14420, 84549, 52941, 63693, 42931]"
117395,"[33463, 14196, 38486, 84247, 84761, 103322, 91564, 64123, 30489, 98660]"
117396,"[56091, 35387, 78662, 56338, 72509, 5909, 33394, 3464, 37887, 86594]"
117397,"[52189, 76783, 50605, 11907, 47870, 1158, 42092, 26390, 13011, 103302]"
117398,"[61895, 12925, 92251, 100715, 49159, 917, 24276, 65988, 102923, 104948]"
117399,"[28956, 5697, 20846, 10607, 1080, 61182, 67062, 11046, 36099, 35799]"
117400,"[81941, 77774, 109556, 44079, 93700, 23863, 32810, 109538, 100355, 35891]"
117401,"[51987, 21580, 95554, 31433, 76691, 93513, 35499, 76350, 27164, 100080]"
117402,"[2110, 40032, 39075, 91029, 9951, 63283, 76351, 90912, 49794, 33929]"
117403,"[28463, 109127, 1279, 11185, 70493, 51268, 80532, 59118, 25506, 43267]"
117404,"[45381, 57010, 43092, 47906, 84661, 66124, 40910, 12993, 2241, 17450]"
117405,"[34308, 71108, 29615, 37989, 53119, 60002, 20741, 98628, 9011, 34869]"
117406,"[6492, 105468, 108335, 23195, 42603, 92255, 102776, 79733, 49525, 49951]"
117407,"[27041, 81107, 7621, 45446, 84326, 51220, 51707, 107177, 64313, 62296]"
117408,"[56367, 59635, 51514, 62332, 65410, 62715, 64860, 70723, 100236, 9316]"
117409,"[60673, 90906, 41321, 92850, 96850, 12866, 5078, 67457, 4898, 44808]"
117410,"[4755, 91613, 12634, 32579, 23766, 14407, 26668, 40993, 43939, 67311]"
117411,"[59430, 87479, 93027, 30248, 75896, 72458, 8037, 21570, 38157, 57297]"
117412,"[107539, 95168, 56595, 23237, 104977, 86548, 10854, 74689, 73799, 50654]"
117413,"[51852, 78184, 5070, 53297, 24685, 44101, 36981, 31340, 51867, 34972]"
117414,"[43655, 93667, 54872, 86984, 43801, 46979, 11689, 61124, 48912, 25024]"
117415,"[108225, 86308, 65715, 86720, 90547, 102278, 11857, 28696, 15546, 41161]"
117416,"[106949, 13310, 38558, 104595, 98840, 11503, 11035, 64862, 77821, 82053]"
117417,"[1579, 100147, 71566, 25888, 108947, 47614, 82806, 14929, 89862, 101828]"
117418,"[69800, 21936, 34498, 46658, 29782, 85346, 18701, 69779, 59225, 67893]"
117419,"[72116, 37998, 89547, 85957, 40079, 49564, 7760, 70765, 62826, 32831]"
117420,"[85626, 81523, 31335, 101436, 98540, 74577, 76828, 30568, 17447, 2070]"
117421,"[33329, 73428, 77436, 77002, 63143, 1118, 74773, 44128, 63582, 108851]"
117422,"[73910, 82573, 77012, 6090, 78472, 33580, 76146, 59149, 13498, 18975]"
117423,"[16884, 32667, 61775, 67252, 17568, 38509, 13750, 66668, 31576, 107686]"
117424,"[61081, 41098, 6836, 80627, 16382, 367, 93317, 90312, 61175, 22500]"
117425,"[51568, 5990, 93345, 5465, 85725, 102798, 50070, 80326, 81890, 89516]"
117426,"[66021, 30828, 75319, 82442, 67518, 84985, 51738, 27053, 60003, 77669]"
117427,"[73565, 102001, 71871, 70798, 72794, 5197, 85962, 10366, 72421, 19857]"
117428,"[7095, 87929, 7832, 101504, 4858, 20655, 84956, 85599, 18465, 97595]"
117429,"[28135, 8199, 78293, 7636, 69802, 79497, 13217, 62630, 97662, 20886]"
117430,"[69379, 19182, 72971, 22415, 59320, 75619, 52025, 108713, 66840, 59005]"
117431,"[3566, 21394, 35830, 105938, 102177, 33839, 66822, 102072, 31650, 95581]"
117432,"[20531, 101497, 102351, 41256, 99323, 20361, 61629, 38589, 74003, 90361]"
117433,"[39561, 8162, 46252, 75320, 74028, 107341, 83673, 109451, 13432, 55933]"
117434,"[79095, 51482, 43255, 105085, 5731, 73285, 55697, 2703, 91019, 77357]"
117435,"[48972, 24357, 2668, 2236, 94889, 107340, 11695, 16414, 81532, 63456]"
117436,"[17027, 101706, 38834, 46822, 63088, 89278, 96391, 69899, 17379, 18795]"
117437,"[22699, 8863, 78807, 29462, 103400, 36770, 43468, 76795, 90182, 66285]"
117438,"[64095, 48953, 41912, 37144, 12414, 93800, 92501, 13327, 90604, 88195]"
117439,"[68748, 41699, 18986, 2442, 105141, 1443, 59532, 27061, 102415, 84578]"
117440,"[4621, 64443, 97539, 88935, 13748, 99852, 51612, 55863, 15383, 34011]"
117441,"[83142, 99161, 80537, 7279, 34400, 73429, 41315, 64857, 37770, 54592]"
117442,"[20425, 38309, 86068, 37189, 84681, 76773, 80296, 89533, 33552, 84007]"
117443,"[33185, 18932, 21070, 30193, 51892, 70169, 57422, 83648, 26816, 107103]"
117444,"[86750, 104386, 106562, 13096, 104861, 100417, 5500, 65380, 106461, 103369]"
117445,"[91821, 84551, 21017, 32676, 66472, 42177, 61307, 40257, 11580, 56715]"
117446,"[13085, 7000, 102474, 260, 83905, 15194, 49141, 1132, 102237, 108632]"
117447,"[48044, 52938, 22232, 25636, 28157, 104373, 38051, 84621, 97683, 83980]"
117448,"[41274, 4093, 30351, 20691, 53080, 96106, 39065, 61490, 14061, 40084]"
117449,"[96418, 67779, 104754, 94195, 80347, 17589, 20027, 70668, 4363, 93081]"
117450,"[10132, 97906, 59115, 31274, 14410, 36180, 46965, 105578, 54006, 95511]"
117451,"[11259, 38541, 41744, 33291, 24972, 78939, 68000, 53954, 35166, 8214]"
117452,"[13430, 65800, 31473, 85958, 27984, 86842, 101076, 55373, 50878, 61207]"
117453,"[5038, 80886, 63516, 88620, 82581, 42338, 67447, 61115, 89907, 88931]"
117454,"[73161, 98017, 68834, 86451, 96395, 75541, 41358, 2579, 91809, 21795]"
117455,"[38714, 13744, 102541, 46371, 20289, 23596, 75708, 22908, 63218, 78788]"
117456,"[25300, 30898, 33970, 70098, 35952, 43992, 53276, 102452, 81442, 87112]"
117457,"[54986, 77601, 93064, 13521, 56431, 106244, 59759, 53392, 23595, 56054]"
117458,"[36751, 78033, 33919, 70177, 12006, 53168, 29626, 94233, 44622, 42490]"
117459,"[20349, 96867, 43602, 61697, 41723, 35860, 2829, 11725, 15287, 10243]"
117460,"[100614, 38584, 22931, 61317, 29318, 56547, 89965, 99, 69584, 14383]"
117461,"[37051, 68689, 41900, 41336, 875, 103361, 73946, 58773, 56223, 44776]"
117462,"[70523, 42658, 49933, 59419, 20079, 18308, 29344, 70875, 11219, 27919]"
117463,"[9199, 19993, 95639, 73711, 53427, 101204, 84536, 36328, 47351, 91129]"
117464,"[32801, 85845, 36412, 7566, 99028, 76354, 51795, 57952, 105179, 89042]"
117465,"[531, 69716, 106337, 92599, 47730, 77354, 64944, 47935, 95331, 73247]"
117466,"[106788, 22290, 7515, 81566, 91668, 32434, 79772, 74671, 80966, 72497]"
117467,"[16712, 45212, 2152, 78704, 85769, 45045, 13043, 222, 103947, 37544]"
117468,"[105010, 54690, 89734, 40754, 4102, 44378, 64098, 14883, 20399, 85142]"
117469,"[26603, 105404, 93440, 26455, 109587, 55877, 22155, 91703, 77024, 14746]"
117470,"[83968, 40352, 83776, 44929, 74575, 34539, 23730, 96662, 102557, 26807]"
117471,"[57734, 1011, 60369, 70886, 55705, 56219, 78888, 12341, 104239, 67515]"
117472,"[4909, 41988, 105451, 67224, 26532, 73309, 55468, 34921, 27934, 92331]"
117473,"[59069, 68747, 58748, 15957, 96608, 101104, 96603, 82583, 34498, 65450]"
117474,"[96563, 103432, 108415, 90245, 29798, 84550, 32814, 24188, 38543, 39809]"
117475,"[68237, 75989, 68667, 17532, 54747, 40596, 79018, 2181, 44758, 100660]"
117476,"[47631, 60752, 61134, 29094, 30247, 32029, 45327, 37074, 101256, 9089]"
117477,"[59849, 69909, 9635, 23339, 28491, 71184, 31113, 10970, 2288, 25468]"
117478,"[8741, 10591, 26512, 82088, 77527, 70313, 102017, 19575, 45955, 54975]"
117479,"[99816, 102554, 25951, 89302, 88980, 83874, 73561, 88121, 96594, 16687]"
117480,"[61165, 8570, 57872, 78590, 59272, 6587, 32877, 26755, 14445, 55766]"
117481,"[83448, 52372, 98257, 7903, 26516, 31629, 73881, 63175, 91248, 56513]"
117482,"[79955, 66902, 32352, 99639, 76407, 48699, 42618, 61811, 68554, 55929]"
117483,"[14920, 28934, 55293, 49238, 35772, 44208, 63380, 74763, 51776, 71166]"
117484,"[76841, 31226, 95764, 66279, 29910, 6221, 44408, 38289, 75984, 51813]"
117485,"[48560, 54095, 51860, 19213, 19806, 15935, 32243, 40533, 80163, 85252]"
117486,"[46392, 80401, 105359, 36421, 65163, 46566, 77491, 98803, 8254, 73779]"
117487,"[54047, 63639, 86368, 28484, 74823, 80009, 13529, 40932, 38131, 192]"
117488,"[109424, 33112, 29439, 56023, 51560, 39046, 81583, 98216, 32480, 9784]"
117489,"[107581, 17374, 14627, 105901, 25017, 21230, 888, 85729, 42819, 105923]"
117490,"[26743, 72604, 51080, 46801, 48035, 62341, 5492, 77705, 85477, 9240]"
117491,"[71420, 83796, 39345, 92642, 75889, 31310, 97520, 11032, 1563, 95726]"
117492,"[19703, 89206, 3675, 74236, 49998, 70974, 1851, 48609, 14984, 80767]"
117493,"[101032, 44418, 84458, 60059, 38111, 7125, 39115, 47644, 67150, 84345]"
117494,"[7811, 9827, 17408, 30318, 17484, 6033, 84484, 58986, 103434, 90960]"
117495,"[22462, 91617, 9042, 57350, 80846, 64326, 1456, 17951, 91514, 61248]"
117496,"[26331, 43526, 12863, 106195, 87167, 15333, 38315, 41717, 54514, 35081]"
117497,"[27223, 99112, 45695, 56321, 55015, 82050, 14199, 10101, 73952, 43056]"
117498,"[73990, 59542, 70819, 8676, 82067, 82275, 76023, 44620, 25331, 20491]"
117499,"[57008, 43803, 91659, 90921, 20102, 66593, 4732, 54468, 45237, 38198]"
117500,"[107105, 3212, 64309, 19838, 43693, 42227, 47619, 15336, 40241, 39922]"
117501,"[32182, 498, 78746, 13663, 19633, 22111, 91324, 39912, 43317, 102984]"
117502,"[45066, 41905, 42114, 59095, 59608, 106075, 34682, 52748, 104406, 87895]"
117503,"[17648, 82499, 4211, 53112, 65674, 76124, 86413, 54794, 6343, 96129]"
117504,"[72143, 13043, 2152, 78704, 45045, 17626, 45586, 94084, 103947, 104068]"
117505,"[105183, 87880, 13673, 64389, 14469, 74313, 79223, 40063, 40451, 62399]"
117506,"[85904, 46003, 28821, 89213, 94589, 109145, 101609, 103990, 33449, 64217]"
117507,"[26956, 79069, 29293, 46285, 109644, 68751, 82273, 8801, 51868, 82071]"
117508,"[61013, 107807, 72207, 9770, 70230, 99888, 100258, 100334, 18119, 99818]"
117509,"[49771, 1348, 107871, 53240, 86246, 66033, 22948, 98251, 44681, 71381]"
117510,"[55254, 22377, 42320, 41323, 89969, 82862, 25824, 7335, 15641, 57785]"
117511,"[79836, 29676, 56483, 100277, 5011, 58612, 59220, 93163, 78743, 63935]"
117512,"[52863, 83579, 105712, 20172, 33214, 1735, 64789, 86145, 85713, 64965]"
117513,"[90363, 32818, 767, 55595, 42165, 30535, 14200, 84268, 26490, 85703]"
117514,"[75601, 107798, 10816, 29632, 24705, 14584, 59318, 5331, 90780, 36177]"
117515,"[22377, 55254, 42320, 35853, 61259, 25824, 82862, 2395, 57785, 68856]"
117516,"[5758, 51061, 60667, 16492, 585, 58334, 65598, 10343, 108343, 52056]"
117517,"[50590, 8494, 58444, 14248, 94078, 54062, 107085, 58230, 94102, 48849]"
117518,"[26622, 92089, 66997, 2344, 87564, 30272, 16410, 31321, 62780, 74968]"
117519,"[102035, 78702, 21823, 4490, 2802, 903, 6897, 31197, 98821, 46723]"
117520,"[23659, 60554, 32498, 24574, 26246, 26600, 83121, 48193, 94564, 60197]"
117521,"[43257, 39834, 77987, 6990, 3021, 25388, 5396, 73757, 47984, 88316]"
117522,"[49848, 65182, 5604, 53169, 94064, 99412, 99232, 90341, 38991, 75331]"
117523,"[22968, 103009, 94447, 70077, 20174, 7836, 37646, 62401, 87549, 68829]"
117524,"[59400, 2559, 42029, 18299, 65061, 86184, 3190, 81382, 47874, 54646]"
117525,"[65034, 64507, 103340, 1139, 20646, 85062, 85701, 32102, 58841, 54094]"
117526,"[33023, 51154, 37386, 68545, 105557, 59643, 5315, 5039, 87927, 10923]"
117527,"[80149, 92546, 108693, 101449, 28996, 64351, 108416, 5700, 104740, 74872]"
117528,"[92698, 101172, 60705, 19702, 48162, 93153, 18374, 51817, 82221, 8659]"
117529,"[84969, 4715, 105960, 51969, 26840, 92340, 66824, 26013, 10123, 36217]"
117530,"[91030, 104955, 39176, 75736, 76979, 33789, 21041, 87687, 21472, 10583]"
117531,"[31024, 50799, 584, 91785, 38920, 106457, 38673, 66671, 137, 90995]"
117532,"[78382, 84770, 18123, 82747, 68172, 53717, 94706, 108041, 29222, 64044]"
117533,"[50023, 72781, 101205, 43996, 50647, 34910, 91792, 14618, 50866, 55846]"
117534,"[2687, 20249, 36930, 77857, 39405, 55733, 37891, 69705, 31301, 39549]"
117535,"[35230, 70560, 7757, 7450, 49562, 45007, 21139, 44498, 39404, 89743]"
117536,"[62388, 89536, 24227, 4441, 67600, 30581, 60181, 15802, 10842, 92440]"
117537,"[31768, 4331, 22597, 47394, 14574, 46147, 68486, 55642, 2428, 69921]"
117538,"[93426, 31132, 78328, 74353, 34667, 64138, 105983, 102621, 13342, 99427]"
117539,"[104265, 40369, 100767, 80912, 97780, 83324, 60711, 4257, 107124, 93189]"
117540,"[105180, 85572, 61683, 81426, 80111, 54795, 40221, 82579, 7851, 86650]"
117541,"[36047, 80325, 107986, 2755, 107367, 14790, 77212, 23760, 79353, 86411]"
117542,"[76037, 107131, 107247, 2021, 49539, 72016, 53055, 29830, 73705, 32217]"
117543,"[1633, 10374, 84047, 96361, 7619, 32691, 24170, 18983, 49834, 6927]"
117544,"[53023, 11465, 44144, 100752, 61056, 77080, 20707, 28845, 70073, 34655]"
117545,"[53086, 109517, 40619, 4783, 89731, 89862, 21407, 43398, 91447, 23861]"
117546,"[57637, 81800, 86255, 105474, 58601, 24700, 37183, 36150, 95289, 86693]"
117547,"[86564, 100111, 52867, 12096, 60595, 101483, 22836, 49030, 2059, 53812]"
117548,"[68375, 97573, 105490, 67626, 41469, 52987, 48505, 25652, 78981, 36903]"
117549,"[60803, 12389, 42248, 77392, 18166, 41152, 56006, 35580, 36931, 74025]"
117550,"[86760, 27812, 84083, 101265, 27030, 87087, 104348, 71345, 102662, 39081]"
117551,"[47083, 31025, 47850, 107708, 63159, 26996, 83016, 24779, 81987, 79662]"
117552,"[93200, 237, 4727, 73179, 45579, 77976, 13804, 21773, 81314, 30268]"
117553,"[50061, 72258, 84058, 101113, 107722, 48657, 10684, 23703, 3361, 58740]"
117554,"[8082, 56082, 9189, 51960, 53862, 28204, 98313, 19824, 67136, 106992]"
117555,"[85887, 78996, 50929, 27585, 83349, 15311, 9253, 45791, 38541, 25236]"
117556,"[100626, 10823, 4345, 63486, 101043, 56555, 35602, 34276, 27202, 3625]"
117557,"[92109, 64021, 33961, 15435, 42430, 39119, 37232, 94100, 70406, 26967]"
117558,"[58273, 2864, 108612, 20106, 92093, 93307, 54163, 78790, 46572, 59888]"
117559,"[86736, 91858, 43183, 47093, 67001, 75893, 104046, 97518, 103167, 52444]"
117560,"[36627, 105473, 19822, 45691, 46162, 63841, 77608, 60213, 54366, 38989]"
117561,"[8756, 28966, 37376, 25478, 60351, 41767, 61557, 69690, 106250, 64978]"
117562,"[40856, 24989, 30380, 61752, 27753, 99546, 66120, 88890, 87034, 85107]"
117563,"[104391, 71720, 2836, 103444, 98474, 67365, 92718, 82383, 89671, 47596]"
117564,"[104176, 32668, 26129, 82695, 90591, 18347, 32793, 108474, 102681, 28016]"
117565,"[61959, 77264, 59333, 49006, 58751, 73747, 79124, 29953, 79250, 53178]"
117566,"[84754, 23257, 101420, 80111, 1968, 16394, 94828, 34469, 11832, 40221]"
117567,"[1366, 29728, 55782, 22319, 55493, 19146, 94526, 31496, 80804, 65120]"
117568,"[61406, 94589, 109145, 74028, 89213, 56576, 3943, 67025, 58848, 7251]"
117569,"[85218, 101106, 10942, 38025, 99755, 49686, 7359, 61368, 38308, 41647]"
117570,"[42890, 10161, 3947, 19826, 29620, 36225, 22709, 48215, 54091, 80175]"
117571,"[20821, 75741, 91387, 45382, 84906, 30591, 699, 36916, 90727, 14903]"
117572,"[49551, 64082, 19207, 53328, 42049, 59476, 63245, 20434, 85219, 82557]"
117573,"[84356, 76576, 36206, 61630, 107674, 666, 102380, 56795, 57087, 41568]"
117574,"[18012, 94238, 86343, 28302, 49502, 82272, 58353, 79765, 16711, 44404]"
117575,"[106279, 7275, 30938, 101589, 66628, 63570, 26263, 4573, 107239, 20747]"
117576,"[103126, 50219, 10021, 30726, 42453, 83469, 107324, 23434, 48222, 75575]"
117577,"[36230, 55140, 7091, 8807, 48402, 55382, 17749, 94777, 34220, 95477]"
117578,"[16938, 11457, 32491, 106178, 4515, 82422, 94700, 26772, 89992, 45570]"
117579,"[14967, 87208, 68636, 22511, 44270, 84474, 57381, 58875, 17345, 11491]"
117580,"[77436, 73986, 32862, 74108, 33396, 90864, 100126, 11209, 4348, 1864]"
117581,"[22400, 8899, 35892, 42879, 45196, 48804, 88156, 22840, 65648, 89604]"
117582,"[79523, 107112, 51793, 22870, 53765, 9893, 107026, 43573, 21577, 15678]"
117583,"[81997, 45801, 58537, 58779, 104088, 94687, 97381, 7841, 46410, 3632]"
117584,"[46475, 63576, 87538, 23099, 91808, 87345, 80470, 29870, 101329, 92892]"
117585,"[65005, 50288, 80845, 86920, 102754, 71439, 105984, 82495, 97106, 63126]"
117586,"[89583, 104627, 45040, 58702, 37471, 35947, 95834, 8197, 68393, 37092]"
117587,"[83181, 3421, 61960, 16150, 82903, 40451, 102426, 91083, 93141, 19331]"
117588,"[22833, 48285, 43932, 58406, 69149, 91506, 5000, 23456, 1582, 97278]"
117589,"[9365, 96221, 42712, 26033, 50328, 90254, 18342, 5457, 17519, 29527]"
117590,"[22662, 38759, 49917, 107373, 89830, 62280, 77166, 85313, 25931, 41380]"
117591,"[68890, 55589, 93907, 4105, 77836, 31701, 83855, 91125, 14369, 76678]"
117592,"[83302, 55947, 107654, 27432, 18491, 9051, 36196, 71001, 25079, 38417]"
117593,"[71693, 87918, 56160, 24650, 14047, 45561, 1469, 15930, 85198, 20200]"
117594,"[54492, 18490, 29410, 89485, 77500, 14245, 73431, 51880, 81410, 42166]"
117595,"[81597, 91755, 96346, 38818, 75955, 25905, 60484, 73043, 79215, 108793]"
117596,"[69171, 99075, 9182, 19693, 3585, 25790, 94261, 29379, 107660, 74672]"
117597,"[699, 36916, 30591, 2412, 84715, 78063, 19300, 90459, 74209, 22779]"
117598,"[31457, 63602, 108746, 87857, 55467, 27056, 37329, 52393, 63001, 7159]"
117599,"[20938, 98236, 69582, 7952, 22201, 27956, 18256, 71962, 25748, 83077]"
117600,"[27500, 94248, 6609, 15248, 39300, 7286, 38167, 98520, 32725, 65571]"
117601,"[61212, 105504, 70961, 30358, 96453, 82000, 102417, 69552, 21329, 98471]"
117602,"[48329, 24159, 19221, 58899, 95839, 6438, 99657, 7626, 46039, 85751]"
117603,"[59467, 13508, 9570, 56159, 36693, 51918, 100616, 11229, 55870, 50924]"
117604,"[90070, 63933, 106157, 70302, 93852, 108918, 81594, 58066, 76463, 28733]"
117605,"[76457, 41950, 36104, 121, 85674, 1321, 5299, 37704, 104987, 44131]"
117606,"[34858, 83084, 57580, 107192, 11504, 73455, 18511, 31870, 28565, 104830]"
117607,"[44674, 20524, 55434, 3766, 92022, 70270, 55982, 69736, 108558, 68397]"
117608,"[23190, 40121, 90207, 58028, 99964, 71654, 16083, 16809, 1798, 64233]"
117609,"[50545, 102297, 91364, 101840, 80221, 22340, 101062, 8314, 28256, 67946]"
117610,"[81646, 386, 2583, 6581, 40325, 44598, 25676, 75475, 70949, 49320]"
117611,"[103785, 104826, 100119, 27171, 43251, 104183, 74343, 61395, 9473, 97261]"
117612,"[80381, 59266, 104597, 23720, 63434, 74584, 95136, 69036, 8346, 1367]"
117613,"[68551, 54930, 97290, 108383, 6062, 99479, 86897, 3179, 10554, 46636]"
117614,"[55898, 60517, 33963, 21944, 73261, 19353, 21478, 11860, 85859, 77638]"
117615,"[75490, 25224, 91441, 77534, 98531, 55422, 71190, 109283, 23062, 5441]"
117616,"[105067, 47346, 81786, 72770, 24508, 4429, 55943, 64067, 94686, 47368]"
117617,"[33271, 28495, 86096, 109719, 35820, 81732, 79192, 24722, 91121, 897]"
117618,"[93985, 84545, 66341, 43297, 16137, 73635, 102050, 94306, 15764, 36650]"
117619,"[30208, 94816, 50955, 90281, 29682, 43124, 56708, 59136, 60358, 25691]"
117620,"[71242, 22663, 102376, 108523, 88958, 89214, 7374, 8907, 38096, 65953]"
117621,"[65411, 46182, 9063, 29473, 50690, 65970, 103311, 49971, 67167, 56212]"
117622,"[80969, 37397, 15060, 6620, 20930, 78021, 100664, 59196, 94678, 101071]"
117623,"[16622, 15688, 21636, 37921, 57968, 66890, 9707, 75824, 1134, 3914]"
117624,"[99923, 29504, 74816, 103313, 24699, 42951, 88991, 83005, 35410, 61586]"
117625,"[7943, 13186, 7941, 101793, 76984, 37900, 278, 884, 43651, 101542]"
117626,"[59119, 94759, 88443, 101379, 4009, 60822, 4626, 34884, 104899, 62008]"
117627,"[72384, 79191, 89623, 92795, 35753, 25564, 23791, 59831, 38895, 35408]"
117628,"[21736, 78362, 76998, 41181, 96076, 103773, 77892, 75503, 68379, 86586]"
117629,"[69608, 84954, 107014, 26534, 109112, 16496, 105489, 76142, 33793, 83303]"
117630,"[103383, 69140, 664, 107846, 89690, 31038, 56325, 28846, 106967, 28046]"
117631,"[6916, 8006, 16345, 108710, 36600, 20020, 25597, 65360, 42411, 97445]"
117632,"[40675, 78402, 2500, 7816, 73819, 77245, 90554, 38679, 33310, 86589]"
117633,"[16693, 84836, 50338, 46759, 11526, 104583, 36978, 15929, 81090, 101782]"
117634,"[77780, 71979, 22750, 61064, 104254, 54894, 69949, 74273, 59835, 11883]"
117635,"[5826, 29154, 15254, 13937, 62887, 47964, 29593, 11281, 50971, 17430]"
117636,"[68014, 74888, 102041, 35545, 11081, 96051, 21989, 2505, 29747, 52793]"
117637,"[12851, 84781, 2635, 22062, 23421, 79666, 32046, 19723, 66378, 23930]"
117638,"[93401, 14490, 85405, 48121, 67412, 66534, 53713, 23146, 5399, 108334]"
117639,"[11017, 4005, 37484, 97559, 107301, 44599, 7140, 58472, 103060, 62633]"
117640,"[4204, 739, 106013, 79409, 55576, 26223, 54059, 94483, 63008, 29742]"
117641,"[27686, 32993, 15845, 101217, 11875, 653, 43182, 69228, 45457, 29770]"
117642,"[6084, 45842, 27579, 65653, 101992, 53548, 30772, 99272, 85763, 62833]"
117643,"[18363, 26063, 40809, 94010, 93564, 79585, 87125, 69343, 228, 53287]"
117644,"[56950, 58059, 83069, 32719, 88027, 68829, 11286, 70077, 32400, 86981]"
117645,"[48460, 77429, 65676, 22925, 15706, 106341, 103615, 53970, 21960, 3402]"
117646,"[68484, 54260, 69212, 16618, 97904, 29952, 95581, 25001, 11623, 66822]"
117647,"[22916, 61275, 39791, 5230, 51201, 32984, 46888, 61183, 17941, 104550]"
117648,"[78940, 19190, 923, 53672, 89028, 104961, 47176, 50110, 33525, 85130]"
117649,"[72485, 61351, 83251, 63836, 4876, 41517, 77547, 73062, 42480, 56137]"
117650,"[67086, 15210, 25318, 83165, 100659, 30533, 5107, 69876, 10886, 86008]"
117651,"[17545, 2522, 94175, 101129, 34203, 91186, 24553, 509, 19387, 1020]"
117652,"[48806, 26366, 6792, 40967, 102012, 102285, 54406, 57453, 28879, 63715]"
117653,"[11638, 77448, 68018, 38442, 109029, 50813, 36187, 106775, 108953, 25306]"
117654,"[88663, 99894, 67238, 48766, 62538, 66030, 95268, 83613, 90265, 95529]"
117655,"[24756, 44258, 90652, 22229, 99551, 54699, 94469, 34082, 91101, 24537]"
117656,"[107967, 101387, 49290, 34817, 25547, 90313, 82369, 26352, 6352, 102646]"
117657,"[51767, 41048, 22758, 83362, 20730, 87103, 48126, 68119, 94024, 105769]"
117658,"[24896, 57415, 53331, 106177, 35255, 56088, 49163, 91162, 108545, 62494]"
117659,"[85600, 30315, 67687, 95060, 63851, 108863, 22327, 51956, 10419, 66294]"
117660,"[99378, 61888, 89533, 16205, 53323, 57593, 68229, 91918, 48978, 85295]"
117661,"[40089, 4019, 11197, 14078, 7975, 1670, 38495, 21365, 37860, 35249]"
117662,"[25615, 86767, 22306, 63793, 89542, 61599, 76694, 66830, 23169, 73920]"
117663,"[33717, 63707, 96455, 44172, 37795, 63719, 18742, 25533, 104576, 103819]"
117664,"[17016, 66580, 83804, 105901, 90037, 57738, 53253, 12353, 15394, 95250]"
117665,"[12844, 103848, 105020, 28652, 5778, 34978, 14812, 69339, 19128, 38188]"
117666,"[86786, 45936, 54760, 109187, 107529, 99646, 34055, 87908, 2413, 738]"
117667,"[36480, 33087, 21234, 22698, 57345, 107282, 86056, 23249, 43911, 4990]"
117668,"[14130, 45314, 34996, 97916, 37657, 80440, 60492, 14281, 44657, 17661]"
117669,"[63935, 78743, 95446, 13804, 13064, 109375, 4727, 20285, 75172, 59220]"
117670,"[50712, 39209, 26189, 69890, 60707, 65730, 86505, 31342, 104002, 44701]"
117671,"[41540, 76816, 66804, 81756, 46608, 95630, 99773, 2111, 58226, 73962]"
117672,"[103274, 20803, 631, 57122, 52576, 37257, 22217, 6950, 56790, 20754]"
117673,"[15673, 31506, 70205, 53410, 97155, 94057, 27334, 101827, 46438, 35076]"
117674,"[30526, 36625, 6476, 52032, 37077, 38517, 51184, 1861, 37982, 78671]"
117675,"[7789, 7926, 97790, 97394, 105400, 41904, 21074, 5536, 61400, 43848]"
117676,"[69410, 40686, 65077, 84408, 62719, 31446, 109106, 55110, 84671, 20660]"
117677,"[17475, 26937, 84289, 73293, 42128, 63099, 85386, 86719, 68135, 104932]"
117678,"[36178, 43593, 12138, 40212, 79047, 7505, 31355, 67540, 85861, 16395]"
117679,"[71104, 26942, 30129, 66541, 38484, 50516, 2769, 108263, 35747, 85444]"
117680,"[83095, 14394, 36213, 48298, 66560, 14798, 71413, 42902, 101554, 8201]"
117681,"[88660, 21032, 62049, 96254, 69767, 52213, 90850, 84862, 77930, 6496]"
117682,"[8268, 77636, 84313, 92143, 78611, 95593, 76099, 83466, 58015, 11527]"
117683,"[104366, 4076, 68842, 101664, 44598, 27178, 6581, 26055, 71651, 18614]"
117684,"[9781, 8413, 41167, 71428, 4982, 7207, 16944, 59522, 66498, 38703]"
117685,"[54062, 881, 39368, 99312, 48849, 79579, 94102, 58230, 107085, 73782]"
117686,"[35561, 104081, 102870, 80888, 39938, 71005, 14827, 40523, 95664, 92425]"
117687,"[10055, 9604, 85010, 74626, 106406, 15296, 6014, 59763, 67662, 44054]"
117688,"[4457, 108964, 83610, 99789, 67499, 30714, 36281, 86891, 3716, 15374]"
117689,"[15317, 108289, 45166, 52816, 4438, 98976, 5872, 103244, 61243, 61235]"
117690,"[11218, 4540, 12308, 99112, 27223, 75690, 75565, 73918, 45695, 75863]"
117691,"[75141, 97049, 9679, 10450, 80445, 46091, 83625, 72163, 47643, 25382]"
117692,"[73862, 21373, 1719, 89376, 99468, 21999, 60361, 27830, 21563, 55742]"
117693,"[49555, 103775, 35681, 3397, 23170, 44495, 560, 66733, 37522, 62942]"
117694,"[84745, 95849, 4318, 58011, 45992, 38946, 29076, 85599, 18465, 42519]"
117695,"[6879, 18562, 66456, 26462, 102763, 104578, 88850, 49035, 30087, 26470]"
117696,"[45637, 1675, 91792, 100473, 13504, 26436, 90042, 75003, 9832, 97868]"
117697,"[78121, 61647, 69022, 87640, 54288, 75349, 58238, 97311, 34613, 30964]"
117698,"[15601, 24183, 95349, 79277, 32100, 60302, 40584, 5567, 91939, 68124]"
117699,"[67043, 89061, 103866, 76633, 90883, 100910, 79621, 101817, 22169, 42321]"
117700,"[9360, 26402, 25604, 74405, 44988, 23117, 54388, 31465, 86898, 23136]"
117701,"[65459, 100029, 40526, 21212, 10568, 78911, 54890, 34642, 93598, 105128]"
117702,"[41463, 39607, 30922, 87377, 79446, 83153, 61001, 66109, 89517, 3643]"
117703,"[109458, 38872, 98350, 86337, 107137, 42909, 23490, 20286, 60684, 808]"
117704,"[62252, 29089, 21134, 80497, 75860, 78370, 10339, 23949, 85467, 96543]"
117705,"[44893, 94879, 49486, 35484, 25525, 70985, 107189, 15768, 84118, 70421]"
117706,"[30115, 56657, 107886, 8915, 58925, 80571, 6653, 16930, 52319, 88536]"
117707,"[8773, 55432, 86901, 105911, 108206, 3808, 70806, 41435, 94812, 62935]"
117708,"[45116, 83385, 48146, 83546, 98413, 15271, 66199, 44791, 54230, 82721]"
117709,"[90952, 99764, 1833, 33403, 106282, 46184, 103556, 93860, 74964, 96345]"
117710,"[93499, 68779, 11783, 52264, 68974, 37471, 22213, 93340, 12579, 40915]"
117711,"[47487, 66768, 9371, 73779, 96122, 8404, 29497, 100454, 48319, 1905]"
117712,"[77997, 98016, 60060, 51366, 63293, 88380, 45887, 104736, 92466, 849]"
117713,"[29389, 98521, 36876, 9541, 57648, 5303, 97506, 88305, 98760, 101649]"
117714,"[44342, 5161, 2896, 49036, 70697, 15481, 58097, 61564, 52086, 57343]"
117715,"[30713, 107690, 69512, 101172, 56917, 21019, 36743, 31279, 56259, 15183]"
117716,"[82942, 89068, 41628, 11781, 58592, 46021, 31481, 65675, 21863, 90100]"
117717,"[85999, 15554, 66025, 23750, 1490, 92242, 81777, 28229, 49164, 56456]"
117718,"[102164, 32606, 72711, 37360, 59349, 90361, 74003, 21351, 60089, 23277]"
117719,"[14366, 28092, 9701, 105988, 72706, 73481, 51186, 10837, 16447, 81305]"
117720,"[77829, 46464, 39095, 71344, 60523, 18004, 14787, 33152, 78819, 85740]"
117721,"[81774, 52888, 78972, 23722, 102075, 36083, 57813, 17922, 70323, 5921]"
117722,"[71208, 54034, 24327, 65631, 15361, 11983, 66594, 75215, 17554, 17326]"
117723,"[79836, 29676, 56483, 100277, 63102, 76484, 39277, 93354, 44491, 9333]"
117724,"[107117, 35448, 13612, 70756, 24654, 99340, 391, 11391, 5192, 24379]"
117725,"[37972, 102881, 48706, 65589, 16287, 58623, 31564, 5, 2528, 5832]"
117726,"[76590, 28642, 109349, 72147, 83620, 44688, 2367, 27549, 13363, 107090]"
117727,"[54355, 10149, 34838, 85869, 56708, 19291, 15330, 58503, 89526, 64142]"
117728,"[44767, 22621, 31940, 92952, 59040, 107901, 22090, 57723, 64052, 7174]"
117729,"[30580, 96785, 63828, 96588, 4365, 49005, 16727, 106948, 5326, 56095]"
117730,"[20451, 31314, 11356, 50135, 61201, 31886, 39838, 39237, 49031, 60587]"
117731,"[97827, 80763, 59675, 93125, 37148, 96827, 3660, 76719, 52746, 94581]"
117732,"[70227, 17838, 6654, 88704, 38953, 54338, 32190, 73911, 106208, 86783]"
117733,"[71924, 71184, 25468, 37423, 88718, 79217, 36458, 10662, 14551, 31113]"
117734,"[26146, 87043, 105713, 40544, 16113, 106204, 32998, 102973, 92238, 69939]"
117735,"[85128, 7712, 40175, 49235, 93623, 31680, 6596, 89282, 30893, 45010]"
117736,"[107361, 38799, 96693, 16346, 4025, 43755, 35010, 4514, 54456, 41151]"
117737,"[66516, 3046, 102192, 108699, 59275, 83134, 97224, 98338, 13049, 93096]"
117738,"[42412, 8183, 36548, 38875, 20953, 25255, 30576, 104571, 68814, 98012]"
117739,"[41974, 101771, 22915, 97077, 68264, 108332, 6938, 96890, 52942, 84406]"
117740,"[102202, 80989, 55002, 65978, 56043, 66694, 2014, 102296, 102473, 23624]"
117741,"[23798, 34847, 82577, 81006, 18558, 15521, 84993, 37261, 56878, 87126]"
117742,"[84041, 72611, 71827, 7232, 65223, 2632, 108271, 46360, 17268, 81231]"
117743,"[53899, 96019, 104614, 94183, 56552, 95610, 105329, 1814, 22724, 41202]"
117744,"[6042, 3350, 94698, 2952, 88519, 7799, 5851, 14294, 7182, 49382]"
117745,"[100851, 62194, 24452, 17949, 52249, 86027, 6290, 23308, 8914, 99976]"
117746,"[80153, 32481, 36769, 108536, 81341, 66836, 107336, 79078, 45005, 6495]"
117747,"[143, 60790, 21248, 49672, 94166, 97200, 15768, 45997, 36337, 24915]"
117748,"[73533, 61803, 34613, 14765, 72065, 52958, 30118, 12611, 50789, 24558]"
117749,"[86855, 83514, 51185, 34706, 60004, 74266, 107911, 34256, 26383, 34894]"
117750,"[57311, 1526, 35665, 76872, 25918, 108892, 20729, 102429, 62907, 56314]"
117751,"[100614, 38584, 74939, 69584, 99, 89965, 21357, 84897, 94557, 62103]"
117752,"[55244, 97319, 93646, 73074, 77360, 86938, 72970, 80854, 85001, 27416]"
117753,"[91946, 50987, 8882, 106597, 78969, 102211, 6892, 29891, 53192, 75159]"
117754,"[20163, 21264, 29597, 54065, 14663, 41880, 27766, 100532, 87575, 24655]"
117755,"[61538, 91517, 57203, 12376, 13237, 34610, 24874, 58149, 44424, 85934]"
117756,"[83989, 64975, 49034, 26959, 54684, 84601, 34224, 70809, 18979, 65170]"
117757,"[36648, 33482, 2470, 53865, 12970, 48696, 53185, 5949, 18527, 49014]"
117758,"[53299, 63697, 92915, 93348, 97875, 21163, 43891, 58330, 11929, 24906]"
117759,"[52759, 108800, 107268, 98326, 51004, 24539, 95798, 66178, 31899, 46427]"
117760,"[11614, 101328, 60892, 76622, 26045, 3416, 41347, 35844, 56857, 107271]"
117761,"[50861, 21239, 37591, 11006, 32863, 84226, 97558, 61441, 86431, 99858]"
117762,"[67570, 106833, 103055, 3471, 104600, 100359, 38622, 26520, 90870, 47474]"
117763,"[56222, 27443, 71131, 29645, 6380, 67399, 12040, 89984, 73581, 82791]"
117764,"[52405, 84280, 30376, 77465, 56492, 10553, 15020, 79791, 85429, 84084]"
117765,"[89682, 28810, 32760, 91533, 26589, 67032, 109549, 67899, 37849, 62602]"
117766,"[47088, 90497, 39703, 58541, 60813, 30549, 74585, 62481, 27387, 72383]"
117767,"[56485, 102786, 65244, 30743, 61481, 2094, 42337, 67448, 86335, 4837]"
117768,"[103471, 84335, 33471, 31115, 100269, 94995, 9994, 18197, 45470, 7000]"
117769,"[34727, 54947, 8534, 21996, 42035, 58584, 46024, 14466, 13360, 31790]"
117770,"[6759, 64594, 56899, 103731, 8707, 52907, 34811, 9279, 106133, 103080]"
117771,"[11472, 89236, 28982, 103147, 20734, 25347, 51127, 37676, 90269, 98548]"
117772,"[19846, 71231, 17306, 47613, 81123, 2079, 7159, 107428, 1730, 105594]"
117773,"[47857, 25949, 83612, 74510, 27087, 93286, 14698, 11406, 56850, 80730]"
117774,"[36351, 17594, 108982, 66806, 78814, 56290, 85115, 61850, 54087, 64885]"
117775,"[88087, 44851, 81224, 49816, 72166, 96413, 19623, 98707, 18916, 56874]"
117776,"[102934, 25636, 14742, 22232, 42348, 54291, 53496, 69832, 97995, 41604]"
117777,"[56593, 37912, 35077, 23047, 40322, 3264, 71715, 58036, 92764, 75979]"
117778,"[41919, 91732, 94807, 74213, 69252, 16691, 75459, 70926, 109122, 14174]"
117779,"[87131, 91593, 104262, 13164, 94524, 41276, 61912, 29814, 37991, 26416]"
117780,"[95757, 44055, 73209, 76656, 30656, 29402, 86186, 63385, 96551, 65056]"
117781,"[66977, 104009, 104031, 96772, 67639, 64983, 88074, 84462, 89770, 21530]"
117782,"[84348, 4262, 26160, 39338, 11658, 72434, 73447, 92102, 59324, 8976]"
117783,"[30952, 34257, 8194, 76365, 58281, 61442, 75466, 5899, 47213, 56315]"
117784,"[5083, 13191, 102196, 95094, 51475, 64333, 73485, 81625, 28886, 64663]"
117785,"[50962, 67274, 27225, 73583, 42015, 82107, 60745, 87978, 59945, 14631]"
117786,"[21693, 41894, 92176, 27313, 4586, 59489, 80881, 87440, 34195, 63736]"
117787,"[95906, 65317, 27065, 34620, 12330, 16614, 16269, 28502, 18254, 89700]"
117788,"[71433, 1711, 36423, 109116, 5295, 11797, 5186, 42291, 61243, 85103]"
117789,"[106618, 3904, 21119, 72733, 71185, 49341, 72076, 25493, 93699, 957]"
117790,"[100187, 29098, 58080, 11716, 70119, 89058, 61796, 86991, 46633, 75128]"
117791,"[43500, 97972, 98704, 49579, 91746, 101347, 101599, 23934, 34762, 4772]"
117792,"[89543, 78073, 95035, 2261, 19834, 65498, 2670, 99108, 56666, 2037]"
117793,"[38363, 60763, 43730, 45021, 49977, 62746, 87370, 89241, 69411, 17107]"
117794,"[98846, 55707, 70178, 88335, 108790, 41656, 12018, 109228, 38981, 10214]"
117795,"[21919, 83792, 45119, 22755, 18933, 42962, 76117, 102592, 33524, 37236]"
117796,"[34148, 46434, 44863, 2220, 59218, 4398, 100924, 47296, 65680, 12865]"
117797,"[1037, 106164, 74326, 75162, 50165, 98547, 51985, 107599, 81974, 72230]"
117798,"[76403, 68389, 22368, 3339, 104085, 21186, 87013, 109540, 104493, 57204]"
117799,"[102035, 42971, 89437, 78702, 78065, 31455, 17963, 97129, 72921, 46792]"
117800,"[98626, 86264, 30676, 89934, 29735, 90749, 78233, 91608, 46516, 16471]"
117801,"[25779, 87485, 8445, 91686, 15801, 91232, 3379, 1815, 1111, 95062]"
117802,"[30455, 16315, 9909, 51632, 104863, 9859, 75615, 106485, 77262, 81239]"
117803,"[75763, 48128, 7203, 46985, 10102, 13674, 83984, 22518, 64464, 99416]"
117804,"[28338, 99535, 33704, 42283, 27501, 61374, 23184, 33007, 47430, 97649]"
117805,"[86863, 37176, 76004, 101251, 40801, 12954, 94246, 18311, 101004, 75679]"
117806,"[98979, 33983, 34284, 13190, 69020, 30387, 98400, 81154, 29721, 47414]"
117807,"[103908, 79281, 84221, 18514, 104402, 81895, 18546, 53560, 15244, 58511]"
117808,"[13000, 41131, 30108, 58700, 72806, 107381, 60147, 44735, 66077, 89627]"
117809,"[65572, 53092, 32531, 36473, 20528, 82866, 54658, 99372, 77596, 1329]"
117810,"[99719, 77484, 21141, 7882, 76748, 109021, 54587, 65423, 49842, 4220]"
117811,"[31266, 47110, 18705, 68167, 72227, 82319, 48367, 92190, 93680, 83248]"
117812,"[36363, 78045, 41947, 85217, 85371, 37486, 12761, 38913, 85624, 6008]"
117813,"[30994, 65712, 35382, 1630, 54012, 63575, 92792, 93505, 60379, 76326]"
117814,"[40829, 52271, 45926, 50981, 38162, 69425, 9413, 68396, 19571, 68860]"
117815,"[69612, 11215, 101768, 7724, 96855, 17294, 71716, 5340, 44322, 95689]"
117816,"[28905, 57333, 80818, 85078, 81070, 60123, 108294, 4661, 85019, 65771]"
117817,"[74320, 44785, 73650, 51375, 78597, 81795, 38107, 23014, 26653, 81166]"
117818,"[1660, 79081, 49605, 79424, 88259, 27368, 97220, 24940, 16738, 78951]"
117819,"[12824, 73223, 1647, 15210, 90218, 86008, 10886, 30533, 25318, 83710]"
117820,"[100855, 81414, 8031, 86370, 7223, 94332, 89872, 14406, 106047, 10653]"
117821,"[59224, 8808, 66321, 18208, 72521, 15065, 78578, 9152, 45130, 17520]"
117822,"[42939, 91565, 88344, 5111, 11941, 64603, 14841, 62418, 8462, 51179]"
117823,"[85091, 5377, 47072, 64405, 44899, 2074, 63144, 72241, 14170, 18946]"
117824,"[1278, 138, 31504, 66928, 9474, 13912, 31431, 104775, 101544, 102420]"
117825,"[1333, 90215, 73653, 43548, 20156, 98033, 27217, 21509, 74617, 96686]"
117826,"[43906, 25725, 9593, 66875, 37020, 48495, 58706, 75855, 86044, 26155]"
117827,"[56789, 66586, 12700, 6807, 108151, 95182, 40599, 86334, 48914, 80348]"
117828,"[76341, 93818, 3060, 91599, 106848, 89818, 37792, 89767, 62004, 78984]"
117829,"[1152, 72206, 23343, 88430, 40242, 16221, 15510, 98375, 87850, 81952]"
117830,"[40472, 84480, 8573, 94101, 442, 108018, 54559, 70145, 8454, 85494]"
117831,"[22845, 42609, 89345, 40295, 50751, 3648, 85206, 23651, 75737, 87169]"
117832,"[16720, 58303, 36274, 53246, 29079, 109214, 43777, 89369, 47974, 8544]"
117833,"[33135, 105626, 103387, 39145, 54911, 26384, 68269, 92159, 67003, 36230]"
117834,"[94419, 59360, 97484, 94293, 29450, 2929, 20842, 62660, 14631, 15565]"
117835,"[4418, 1093, 89652, 31757, 91586, 59590, 7100, 105721, 82380, 77946]"
117836,"[11035, 64862, 77821, 82053, 13310, 106949, 38558, 104595, 98840, 8820]"
117837,"[59818, 76412, 29397, 43230, 82298, 103713, 60734, 106200, 82745, 105176]"
117838,"[64251, 7629, 9208, 7591, 30519, 88844, 34700, 55205, 108179, 86036]"
117839,"[93340, 97400, 59449, 10532, 67849, 89752, 40915, 12579, 60095, 92730]"
117840,"[50724, 33249, 53323, 3867, 70989, 366, 97789, 70895, 95895, 65611]"
117841,"[7390, 103969, 63231, 10838, 43038, 98886, 74688, 13519, 77041, 54937]"
117842,"[21465, 18551, 34119, 25257, 15004, 5246, 37971, 54619, 63224, 61897]"
117843,"[67672, 37718, 53100, 47580, 51230, 11041, 59798, 17388, 67446, 94184]"
117844,"[64026, 90281, 94816, 7103, 109388, 87543, 11646, 68007, 89348, 62629]"
117845,"[23662, 97471, 103598, 47133, 60690, 105756, 106680, 15895, 109237, 105727]"
117846,"[89620, 59595, 5645, 54005, 76224, 42791, 92522, 58649, 39105, 45879]"
117847,"[102645, 20447, 78934, 86228, 49904, 79093, 33850, 47771, 28363, 9163]"
117848,"[11939, 19021, 90369, 93557, 67305, 25363, 90481, 94274, 35578, 18660]"
117849,"[108496, 84935, 34891, 67770, 46840, 43226, 88099, 28212, 103889, 99189]"
117850,"[81899, 85960, 96375, 53217, 82946, 21390, 90620, 39726, 86505, 31342]"
117851,"[13714, 56499, 55534, 9363, 25179, 34733, 103357, 89478, 7374, 62753]"
117852,"[101025, 66450, 45662, 12727, 103404, 46280, 41545, 93651, 72808, 57143]"
117853,"[3686, 8586, 38451, 90163, 23790, 104145, 77142, 31249, 36555, 44488]"
117854,"[38135, 18985, 97955, 106803, 62327, 91505, 91407, 91532, 105344, 38903]"
117855,"[100036, 88264, 109426, 87054, 29059, 91091, 100188, 94333, 70760, 7442]"
117856,"[13951, 33631, 107898, 93059, 58158, 26453, 5640, 102355, 36323, 23735]"
117857,"[105578, 95511, 54006, 44154, 1184, 88124, 10132, 36180, 31274, 97906]"
117858,"[61053, 29860, 16614, 12330, 65317, 16269, 49064, 70329, 90744, 22312]"
117859,"[54082, 104372, 62658, 16146, 43282, 84577, 22144, 88591, 27477, 28869]"
117860,"[3066, 17171, 34803, 107644, 56010, 68739, 99931, 5886, 92004, 73380]"
117861,"[97354, 268, 2088, 92842, 106584, 44105, 42817, 48985, 73882, 4863]"
117862,"[94398, 47477, 74155, 75814, 63774, 10103, 74071, 76291, 85875, 27516]"
117863,"[34783, 64950, 9574, 88135, 50241, 74115, 75010, 442, 54559, 43284]"
117864,"[39086, 48311, 73644, 109, 43193, 42788, 48216, 10770, 84270, 108198]"
117865,"[39950, 4954, 41218, 92378, 78244, 81505, 89548, 52591, 50382, 75489]"
117866,"[26245, 39064, 107598, 95065, 96335, 99661, 57620, 18708, 89868, 73752]"
117867,"[79350, 23977, 78111, 67015, 50194, 41727, 17901, 5631, 38353, 1437]"
117868,"[84883, 85758, 54383, 35764, 24883, 84305, 92635, 56845, 49104, 30815]"
117869,"[70138, 54874, 3425, 3903, 79255, 15661, 61366, 108850, 7952, 77551]"
117870,"[73654, 94474, 35978, 188, 22129, 45098, 64258, 80392, 9545, 98917]"
117871,"[16787, 37457, 9090, 16414, 18105, 24540, 1014, 95265, 61475, 4529]"
117872,"[95918, 87050, 11107, 25870, 77318, 2942, 98429, 4617, 74895, 55171]"
117873,"[50771, 63555, 106704, 59646, 27080, 52608, 44155, 65395, 96650, 4168]"
117874,"[64910, 87930, 42872, 102576, 84105, 31510, 26992, 104896, 5496, 51078]"
117875,"[26549, 6940, 90681, 23385, 95525, 5113, 79905, 64650, 38745, 86097]"
117876,"[70364, 97603, 44019, 3835, 93231, 18347, 52077, 52767, 71135, 53650]"
117877,"[82405, 46178, 17112, 88372, 57185, 80816, 85943, 48769, 94817, 24950]"
117878,"[5927, 70797, 32433, 3346, 71379, 28834, 31049, 7664, 93280, 22584]"
117879,"[93712, 64266, 29899, 5151, 11575, 45448, 24636, 39094, 31258, 71814]"
117880,"[34371, 102464, 101487, 86471, 107298, 75335, 72457, 12718, 15877, 69845]"
117881,"[20942, 46949, 6261, 38644, 63207, 19734, 89050, 68495, 94245, 33228]"
117882,"[35183, 25931, 60206, 16968, 6206, 27718, 73070, 79933, 108209, 36698]"
117883,"[97485, 42081, 69170, 53013, 21885, 15733, 103988, 46298, 93743, 25921]"
117884,"[51764, 27193, 10595, 104015, 5460, 49209, 16069, 5685, 32277, 54560]"
117885,"[543, 55533, 97722, 9485, 78550, 26297, 100109, 39148, 66444, 73741]"
117886,"[2211, 19717, 3192, 75142, 97932, 75740, 19257, 61714, 34045, 46156]"
117887,"[102287, 8401, 32431, 66188, 59912, 34054, 53370, 3318, 69965, 106811]"
117888,"[21135, 96662, 15097, 23730, 23695, 12514, 109744, 60653, 83968, 27479]"
117889,"[5903, 108592, 7172, 99643, 73441, 26555, 77232, 67615, 21833, 32860]"
117890,"[22600, 22416, 76334, 99388, 3107, 76863, 22876, 50317, 50416, 5727]"
117891,"[29809, 73198, 12477, 108460, 98246, 11016, 21185, 83634, 59453, 12760]"
117892,"[106568, 11820, 45796, 17585, 8548, 109561, 69898, 23381, 80431, 19777]"
117893,"[36264, 10948, 79857, 32167, 105862, 90516, 17113, 92325, 1068, 70937]"
117894,"[1774, 7016, 29126, 25286, 75283, 62155, 5476, 82644, 83136, 12403]"
117895,"[103513, 70652, 4101, 43883, 77259, 49034, 87535, 98500, 40776, 83795]"
117896,"[54555, 50000, 105184, 12991, 81503, 45398, 50111, 17211, 28825, 68721]"
117897,"[103913, 55699, 66732, 43316, 80985, 75412, 52027, 68777, 108308, 4032]"
117898,"[57064, 66351, 103463, 88236, 6549, 19673, 34030, 45693, 50797, 52784]"
117899,"[15018, 6480, 20845, 57687, 46630, 71874, 42544, 11110, 58182, 26621]"
117900,"[16646, 103186, 30322, 43294, 66101, 100413, 22352, 45198, 27340, 23862]"
117901,"[31905, 102100, 87497, 73894, 64618, 91438, 96473, 47438, 67204, 60883]"
117902,"[77378, 96644, 42031, 108130, 6987, 20763, 14524, 93689, 66382, 57752]"
117903,"[59217, 14866, 29274, 55472, 19525, 102091, 49390, 44538, 104852, 71691]"
117904,"[9065, 10465, 52679, 33562, 44822, 50043, 57299, 36657, 81771, 101294]"
117905,"[108697, 87119, 87020, 49790, 24335, 75182, 41447, 61013, 26845, 16172]"
117906,"[43043, 53763, 24269, 69374, 102145, 19785, 23479, 24622, 59139, 40319]"
117907,"[43995, 15822, 106957, 11793, 18410, 17093, 59227, 105893, 27115, 18756]"
117908,"[94441, 72017, 88875, 41954, 89604, 65648, 22840, 24457, 83288, 88802]"
117909,"[32599, 79444, 1190, 58717, 18332, 13022, 43791, 56982, 44358, 82767]"
117910,"[45171, 109098, 55800, 12653, 27034, 40016, 81859, 72330, 55708, 69987]"
117911,"[82345, 109020, 25743, 69340, 50935, 21578, 57484, 32698, 83676, 85763]"
117912,"[68751, 52133, 11541, 106037, 43595, 29836, 104900, 8801, 82273, 107636]"
117913,"[2810, 82116, 66873, 32078, 55441, 90419, 27357, 103701, 4635, 90517]"
117914,"[9862, 72466, 2101, 78349, 22245, 98145, 40903, 51153, 43634, 33876]"
117915,"[15870, 84061, 98200, 53547, 90028, 37305, 133, 56292, 29234, 31452]"
117916,"[13531, 34850, 47429, 40838, 101061, 106624, 21619, 96763, 28439, 105213]"
117917,"[14304, 48844, 23055, 7076, 19169, 85366, 25946, 78728, 34626, 104719]"
117918,"[51455, 15608, 33425, 49704, 16966, 32004, 45348, 88723, 43834, 95786]"
117919,"[64992, 10315, 42340, 72910, 49113, 88979, 62707, 103182, 59534, 62229]"
117920,"[104608, 52838, 31005, 53696, 84403, 108134, 100793, 60472, 80787, 47886]"
117921,"[80376, 7948, 10052, 5404, 74782, 103731, 99089, 60847, 104559, 98452]"
117922,"[83584, 47734, 45033, 90975, 99005, 10110, 42438, 91738, 16445, 32730]"
117923,"[71878, 301, 35278, 48292, 1041, 94235, 67183, 50921, 70789, 59586]"
117924,"[35541, 59345, 38483, 36142, 40431, 41659, 11173, 86276, 6765, 27083]"
117925,"[93862, 86023, 41036, 1950, 27851, 74536, 82360, 99801, 71652, 80475]"
117926,"[390, 82077, 19648, 105336, 59718, 81003, 30911, 39439, 45541, 54789]"
117927,"[78599, 56110, 40182, 52548, 101077, 86978, 15816, 59920, 2679, 37006]"
117928,"[61817, 54546, 82363, 55402, 96147, 79687, 45361, 34882, 18017, 32407]"
117929,"[71551, 26206, 54641, 85909, 83532, 3732, 9931, 102535, 5968, 48542]"
117930,"[30710, 2456, 64059, 64442, 13615, 98612, 3269, 106794, 94348, 90880]"
117931,"[36853, 9103, 17920, 82768, 27214, 17899, 34420, 76834, 11823, 106685]"
117932,"[47716, 19504, 83279, 50204, 35053, 2645, 35094, 63453, 74369, 10703]"
117933,"[44242, 69916, 60949, 91873, 4845, 18241, 97659, 34218, 52203, 96762]"
117934,"[69668, 6942, 88629, 42588, 40240, 11931, 92841, 81230, 21361, 7152]"
117935,"[35626, 96694, 42018, 33716, 415, 89859, 49473, 90953, 877, 30006]"
117936,"[44126, 99824, 30842, 47648, 28154, 43064, 6985, 107294, 94841, 10007]"
117937,"[30200, 71822, 65709, 99998, 41840, 95306, 103958, 32433, 40748, 45027]"
117938,"[20218, 41433, 101946, 8764, 106173, 43386, 81996, 106228, 23548, 52752]"
117939,"[23028, 752, 67294, 72359, 36300, 28049, 42782, 68567, 21099, 107693]"
117940,"[69953, 80974, 93964, 20979, 44544, 88078, 21437, 86131, 81201, 93523]"
117941,"[105033, 26384, 11779, 48778, 105349, 8219, 32390, 76276, 52668, 61178]"
117942,"[53798, 24743, 6152, 41916, 90958, 30552, 29696, 64550, 67228, 69063]"
117943,"[29012, 76827, 73910, 71596, 70721, 69810, 7938, 27182, 93922, 45352]"
117944,"[92430, 97075, 64500, 56953, 85438, 63760, 102451, 26882, 69863, 100805]"
117945,"[75671, 56613, 7018, 58478, 31901, 29645, 6380, 100020, 94004, 32181]"
117946,"[69272, 109701, 5033, 27910, 11199, 100120, 47979, 74965, 36540, 31619]"
117947,"[81214, 44054, 59763, 67662, 19545, 57860, 92077, 60693, 71872, 13873]"
117948,"[3017, 93146, 17375, 26985, 21052, 34508, 27440, 66916, 84343, 58374]"
117949,"[27229, 9987, 95094, 65266, 102196, 103930, 55590, 27979, 36726, 101279]"
117950,"[68557, 520, 79787, 38406, 106952, 12400, 77980, 67445, 42890, 105240]"
117951,"[13974, 66948, 72343, 49722, 8745, 31279, 56259, 33545, 15183, 64358]"
117952,"[31213, 28555, 25575, 12082, 31022, 16355, 71511, 11607, 50291, 35028]"
117953,"[71280, 48271, 62387, 68580, 8034, 100561, 14784, 99005, 102205, 74786]"
117954,"[83858, 24406, 2749, 55892, 66145, 19022, 60571, 98558, 33520, 83673]"
117955,"[74751, 57842, 87177, 76904, 64710, 2792, 9950, 68164, 108176, 84023]"
117956,"[162, 48951, 101717, 30945, 34163, 40695, 60710, 64091, 54286, 43741]"
117957,"[41711, 107515, 83843, 5354, 92524, 92574, 81825, 41874, 32829, 84440]"
117958,"[9819, 33421, 6273, 95530, 35043, 29109, 33844, 95048, 59125, 64345]"
117959,"[61593, 95498, 62952, 15656, 15304, 93900, 22280, 81604, 83358, 9050]"
117960,"[75752, 92780, 47270, 74553, 11920, 58602, 37911, 11912, 97834, 58301]"
117961,"[33196, 50125, 62523, 42014, 74459, 74740, 36938, 23445, 52347, 32701]"
117962,"[32828, 70815, 63146, 53754, 70766, 72130, 11619, 53986, 15640, 106712]"
117963,"[69217, 33748, 98185, 48637, 71494, 24239, 25339, 26513, 19699, 82197]"
117964,"[7073, 85597, 78185, 51105, 63435, 80916, 5291, 3929, 71307, 48382]"
117965,"[49941, 88070, 88212, 7020, 78659, 97503, 108589, 93913, 22215, 74614]"
117966,"[107111, 1446, 39482, 57710, 1375, 72181, 14743, 10264, 48595, 84210]"
117967,"[32357, 104281, 88534, 86377, 20947, 25196, 22523, 95277, 71281, 109531]"
117968,"[16839, 45793, 9283, 65296, 97765, 37561, 48735, 39976, 24778, 62424]"
117969,"[85828, 101360, 22502, 62859, 8011, 23300, 74906, 70588, 24269, 103777]"
117970,"[101745, 47081, 30943, 107398, 100085, 50750, 42136, 105613, 74912, 50472]"
117971,"[58574, 96867, 43602, 78888, 61697, 48059, 93, 93118, 1011, 69416]"
117972,"[44344, 76244, 58243, 49516, 38307, 52697, 99550, 154, 27519, 106777]"
117973,"[82324, 101284, 4037, 13060, 29255, 21320, 107960, 2398, 72435, 40579]"
117974,"[5, 10386, 28188, 104223, 48840, 39746, 106764, 15616, 99293, 96916]"
117975,"[96459, 6611, 74045, 82238, 19380, 77656, 23799, 81925, 59498, 51071]"
117976,"[3514, 90149, 64660, 6188, 59082, 94085, 591, 93948, 75144, 7956]"
117977,"[30128, 22041, 91818, 30385, 101570, 11348, 90046, 23917, 13953, 78230]"
117978,"[6678, 50202, 39851, 67767, 107586, 29225, 11068, 65314, 29522, 15994]"
117979,"[30475, 92568, 49482, 42395, 26825, 30754, 106728, 39859, 22019, 5067]"
117980,"[86654, 107433, 81050, 99005, 44492, 50533, 45722, 94490, 41108, 70503]"
117981,"[9491, 3260, 1146, 68499, 1892, 90694, 86325, 63441, 39048, 20579]"
117982,"[58509, 14834, 71993, 61711, 15230, 9040, 48631, 34142, 103872, 89295]"
117983,"[25508, 23808, 59997, 30865, 3276, 59751, 34962, 88102, 66584, 35759]"
117984,"[85432, 39690, 22401, 39344, 2300, 90496, 98164, 19749, 95316, 82842]"
117985,"[64236, 93669, 10843, 101754, 4347, 105712, 66856, 80714, 33214, 85713]"
117986,"[51157, 9235, 104276, 97217, 89193, 26081, 45425, 95509, 13236, 62726]"
117987,"[86865, 6065, 817, 10498, 97606, 92481, 4412, 64911, 86647, 83564]"
117988,"[45206, 62649, 9900, 88208, 84589, 81132, 32018, 15098, 38516, 43453]"
117989,"[46188, 101750, 64681, 67140, 41686, 9518, 85525, 35059, 65904, 95003]"
117990,"[18621, 4146, 27748, 49909, 72091, 732, 2493, 13617, 96239, 45539]"
117991,"[87550, 28979, 30027, 7990, 57166, 89849, 67036, 815, 80025, 56028]"
117992,"[60701, 94151, 55251, 905, 7260, 97716, 11169, 58566, 12659, 81020]"
117993,"[43037, 42513, 101531, 1547, 75395, 103903, 42919, 23188, 27535, 57321]"
117994,"[25930, 97500, 54310, 54962, 72321, 82957, 63206, 101292, 103367, 9515]"
117995,"[48415, 98807, 51058, 99784, 20439, 38409, 39701, 76673, 51256, 79399]"
117996,"[108865, 103180, 100958, 45067, 66727, 60228, 44172, 30172, 72972, 8507]"
117997,"[13446, 102182, 44739, 95038, 89204, 87352, 56778, 11108, 24895, 69341]"
117998,"[20785, 19335, 14776, 30423, 28292, 75667, 40168, 33714, 14907, 55673]"
117999,"[96162, 107193, 34614, 40262, 28056, 13507, 17690, 86216, 61865, 78424]"
118000,"[66227, 22692, 6672, 86283, 6834, 58220, 75247, 103146, 37902, 18522]"
118001,"[101437, 85250, 40477, 59373, 79948, 38150, 63796, 17183, 26849, 10189]"
118002,"[71401, 80952, 35919, 54389, 108577, 96410, 24203, 64214, 95607, 44809]"
118003,"[6574, 43143, 14291, 92498, 93997, 56377, 12807, 16175, 44652, 95306]"
118004,"[23748, 4673, 83856, 104783, 94940, 56949, 38837, 68226, 60007, 9090]"
118005,"[16771, 80041, 412, 29330, 59537, 100457, 24730, 92609, 5306, 8997]"
118006,"[95423, 43979, 47647, 20018, 72959, 25810, 48603, 57280, 62531, 5888]"
118007,"[36454, 99297, 2013, 72165, 85936, 98464, 25776, 944, 34915, 80256]"
118008,"[21757, 103552, 14753, 49824, 56757, 5120, 68623, 27086, 15766, 44504]"
118009,"[17386, 78912, 85161, 42363, 31093, 95120, 10577, 32631, 2359, 108454]"
118010,"[59523, 71890, 74127, 17955, 46120, 44413, 98483, 3249, 8937, 50697]"
118011,"[107368, 22797, 78629, 72664, 59631, 60887, 39468, 30551, 106730, 20866]"
118012,"[68506, 53997, 40546, 43455, 76464, 62420, 4815, 85419, 37426, 55717]"
118013,"[39066, 60385, 84867, 47121, 70624, 44041, 42664, 83279, 75813, 14070]"
118014,"[33715, 18021, 50371, 37835, 20582, 92134, 29643, 87524, 6487, 101076]"
118015,"[16408, 88824, 76369, 38355, 91368, 35549, 27984, 35381, 54188, 13465]"
118016,"[41908, 58437, 39887, 107897, 40417, 105900, 59935, 80418, 204, 40282]"
118017,"[55588, 18129, 167, 50540, 26879, 57181, 17935, 53317, 50333, 35762]"
118018,"[31400, 71054, 1440, 83003, 49002, 76528, 70996, 25904, 44486, 18114]"
118019,"[54305, 14105, 12933, 71215, 11379, 82792, 73625, 43991, 78648, 35529]"
118020,"[4884, 105365, 77706, 90611, 51152, 57675, 30125, 40506, 92209, 68793]"
118021,"[63490, 13696, 21117, 8664, 43778, 31936, 81715, 26274, 68455, 69342]"
118022,"[82039, 84780, 105316, 76667, 11178, 53641, 51062, 105955, 38270, 50916]"
118023,"[51549, 56569, 95822, 28166, 72131, 65869, 105232, 89704, 96781, 33292]"
118024,"[92354, 68708, 53936, 79065, 97700, 43634, 9862, 58504, 91322, 58261]"
118025,"[95997, 25656, 83438, 1567, 45967, 21854, 98977, 108890, 97771, 101896]"
118026,"[89017, 107414, 106281, 77691, 102635, 32901, 21370, 6110, 21533, 62086]"
118027,"[17668, 85036, 90136, 78551, 14740, 24522, 60477, 19983, 18357, 32669]"
118028,"[8189, 4576, 90019, 46959, 10674, 2209, 7635, 12876, 18786, 4472]"
118029,"[31589, 38855, 97921, 109059, 55490, 70878, 57392, 14715, 78596, 35605]"
118030,"[101794, 92729, 10043, 86974, 29447, 17602, 27282, 93487, 22648, 51756]"
118031,"[5663, 90422, 80731, 102099, 53697, 4637, 12300, 45670, 97584, 21574]"
118032,"[1929, 10140, 90270, 8284, 102545, 103590, 74481, 2018, 55596, 72395]"
118033,"[4101, 43883, 70652, 86846, 1443, 5534, 81681, 22964, 93295, 33888]"
118034,"[19199, 45821, 28322, 90481, 16590, 19963, 23786, 64675, 54758, 94311]"
118035,"[74530, 93640, 88794, 40680, 81510, 1483, 6115, 7934, 84840, 71125]"
118036,"[76799, 32089, 20827, 5964, 100771, 33093, 38145, 76295, 8348, 29305]"
118037,"[104100, 50832, 14254, 44095, 67843, 41542, 98809, 109728, 79537, 26159]"
118038,"[36306, 57441, 70795, 96671, 32166, 89157, 11232, 109749, 75280, 80546]"
118039,"[39836, 9046, 49857, 92757, 85069, 84184, 49673, 5877, 76747, 50596]"
118040,"[59342, 88754, 60438, 81765, 90833, 19082, 91264, 96656, 6354, 2586]"
118041,"[104444, 70547, 4813, 7953, 63543, 39200, 10757, 40696, 28628, 63738]"
118042,"[87150, 73202, 45521, 106232, 22495, 55784, 69125, 78630, 13031, 82127]"
118043,"[13086, 43951, 103707, 49330, 46292, 40881, 98079, 66944, 20833, 11774]"
118044,"[22825, 67115, 79425, 54676, 25344, 69176, 10000, 57405, 49250, 95932]"
118045,"[46336, 3287, 78942, 21833, 15079, 105958, 70734, 100115, 17688, 66254]"
118046,"[102468, 3924, 100609, 94260, 76344, 38561, 86247, 83854, 92229, 10792]"
118047,"[19753, 32402, 97532, 59233, 66496, 92464, 6736, 82963, 68762, 21068]"
118048,"[47826, 25389, 96567, 15534, 107645, 90058, 91448, 17384, 58275, 65476]"
118049,"[92920, 52141, 22786, 79378, 77951, 44795, 43180, 42005, 67099, 92567]"
118050,"[12758, 105588, 99712, 12474, 89663, 35806, 54493, 32910, 16936, 101287]"
118051,"[64886, 70430, 41378, 895, 46083, 27161, 70726, 19532, 9496, 104957]"
118052,"[61680, 18681, 35536, 37339, 41774, 80177, 62445, 34083, 21948, 16922]"
118053,"[29681, 8086, 28154, 43064, 6985, 107294, 10007, 109394, 70494, 21220]"
118054,"[43539, 26347, 65930, 32709, 49197, 14147, 46343, 12653, 40990, 91682]"
118055,"[11475, 68766, 6360, 11119, 68799, 94065, 84187, 14985, 26974, 53220]"
118056,"[12498, 9311, 81467, 90356, 43269, 94691, 44576, 2547, 5856, 63976]"
118057,"[27156, 55538, 90738, 42559, 9529, 5047, 38035, 34647, 5953, 15514]"
118058,"[77316, 22162, 81359, 52128, 102826, 91134, 73850, 101232, 56648, 7606]"
118059,"[45498, 61168, 84522, 75919, 79070, 100729, 40403, 2554, 59512, 85702]"
118060,"[76127, 8995, 66239, 17644, 7993, 89492, 102221, 50763, 9782, 32700]"
118061,"[97005, 77016, 102993, 35398, 70000, 39688, 29335, 88584, 88382, 1622]"
118062,"[54918, 40170, 30329, 29067, 104831, 28403, 94724, 77806, 16059, 35966]"
118063,"[19614, 22975, 41900, 41336, 68689, 95155, 86237, 61114, 19755, 20046]"
118064,"[15308, 12084, 81389, 29342, 69647, 54633, 22191, 21266, 48464, 51456]"
118065,"[55935, 32530, 24171, 19346, 55984, 104162, 104651, 20558, 99942, 29777]"
118066,"[35753, 92795, 89623, 25564, 72384, 79191, 79088, 73925, 93732, 44353]"
118067,"[90626, 102917, 63480, 38718, 58095, 95749, 28976, 109635, 79767, 41339]"
118068,"[91762, 17309, 5428, 18138, 42796, 50511, 47304, 2268, 63710, 24590]"
118069,"[39837, 66589, 52437, 55621, 106612, 82697, 6197, 49448, 38692, 67359]"
118070,"[27998, 56835, 9892, 58121, 7477, 101859, 13921, 33658, 11287, 31447]"
118071,"[3627, 11236, 27040, 23367, 6532, 44340, 52177, 62465, 5562, 95855]"
118072,"[93769, 1926, 8275, 41301, 47523, 47066, 39290, 54312, 90021, 57988]"
118073,"[79315, 1197, 24515, 3275, 18754, 67586, 105360, 54969, 69264, 12478]"
118074,"[46446, 60155, 29599, 11669, 51655, 50346, 27698, 68637, 26451, 103499]"
118075,"[73517, 56489, 43878, 28173, 70843, 13707, 50377, 54970, 140, 85857]"
118076,"[75629, 50700, 35088, 95452, 1673, 55821, 70079, 24362, 58566, 60701]"
118077,"[14250, 9386, 82797, 21298, 61186, 16867, 38861, 28330, 77236, 80199]"
118078,"[90731, 95034, 3998, 15148, 83196, 10753, 91673, 73674, 72835, 17657]"
118079,"[39723, 47559, 27449, 80222, 11952, 18139, 80666, 22237, 63722, 65426]"
118080,"[31979, 71393, 23350, 23326, 59551, 69370, 29905, 1350, 73050, 105005]"
118081,"[17308, 69450, 106747, 41499, 40170, 30022, 58581, 73940, 5379, 67573]"
118082,"[26940, 22991, 93927, 20038, 76901, 26775, 61693, 98556, 60313, 33763]"
118083,"[90145, 59291, 16014, 89207, 105307, 17434, 47829, 83852, 69357, 4446]"
118084,"[73681, 90732, 64384, 88334, 27890, 6643, 19144, 2748, 88547, 93095]"
118085,"[106259, 103054, 75070, 49430, 64378, 72463, 96477, 74149, 98839, 103457]"
118086,"[45276, 39441, 40623, 41909, 94074, 28502, 51236, 12330, 16614, 16269]"
118087,"[31532, 89244, 87655, 36727, 95821, 55142, 80945, 89137, 100256, 24327]"
118088,"[10084, 24635, 61181, 95692, 41844, 68516, 78227, 87424, 98976, 73456]"
118089,"[44687, 26856, 87740, 29416, 4856, 74076, 25135, 69734, 95923, 86091]"
118090,"[51042, 74752, 22330, 74561, 75362, 63479, 17046, 101491, 48689, 55401]"
118091,"[51817, 15842, 64145, 103778, 79213, 46098, 54579, 9608, 67880, 75221]"
118092,"[50123, 7387, 14173, 38286, 96609, 103631, 8429, 58175, 12512, 5407]"
118093,"[27240, 79287, 101814, 5720, 107694, 10640, 50414, 105714, 88965, 101521]"
118094,"[33893, 51468, 105459, 15696, 101601, 75976, 98067, 37137, 103899, 56520]"
118095,"[83782, 27631, 7724, 94442, 101768, 76044, 2375, 38948, 23536, 16276]"
118096,"[7724, 32097, 67212, 69612, 11215, 17294, 44322, 96855, 95689, 5340]"
118097,"[34476, 89530, 28709, 54213, 23232, 28240, 64055, 13564, 106232, 94558]"
118098,"[91409, 72612, 69036, 65471, 9640, 30372, 10358, 44837, 100812, 5905]"
118099,"[90215, 73653, 1333, 50224, 74617, 97262, 20156, 98033, 27217, 83722]"
118100,"[74733, 29027, 83672, 32393, 24355, 65286, 5908, 36721, 68887, 46208]"
118101,"[91563, 31459, 18650, 15398, 3236, 90999, 98869, 102270, 35052, 82915]"
118102,"[103426, 37906, 1506, 26779, 54110, 36583, 81886, 40444, 25431, 49610]"
118103,"[34254, 19407, 78695, 38516, 16817, 35683, 60927, 58699, 18597, 62649]"
118104,"[9007, 25076, 68156, 15704, 37779, 72874, 108763, 20781, 91709, 17600]"
118105,"[106339, 90303, 82740, 100444, 47863, 33499, 104249, 60916, 4248, 11506]"
118106,"[6357, 23072, 37195, 103654, 91337, 80320, 39197, 49896, 3201, 16720]"
118107,"[17304, 104500, 38154, 38183, 19616, 108273, 23082, 6021, 40620, 48322]"
118108,"[98927, 25568, 80398, 55218, 64879, 52972, 108101, 48445, 79932, 43774]"
118109,"[54331, 74201, 55364, 80368, 22140, 7326, 77771, 36332, 42934, 104076]"
118110,"[51804, 682, 105419, 24095, 23333, 99390, 105579, 2594, 101126, 11225]"
118111,"[65679, 38271, 83760, 90347, 91216, 86666, 1121, 32130, 66079, 53414]"
118112,"[98498, 81030, 100390, 73456, 81092, 83699, 33592, 52816, 36923, 74396]"
118113,"[27191, 5698, 80482, 73212, 45488, 5945, 56876, 54193, 80006, 56019]"
118114,"[66334, 5681, 102564, 74162, 96967, 42528, 48192, 21544, 49617, 108044]"
118115,"[70189, 6968, 92647, 71282, 38910, 18130, 39161, 37523, 2741, 80425]"
118116,"[42986, 25173, 20678, 10926, 31507, 75188, 16916, 53269, 31792, 78919]"
118117,"[94099, 82807, 100706, 96377, 90978, 94554, 98629, 2095, 103790, 60262]"
118118,"[13582, 76917, 57461, 65092, 64543, 14323, 57351, 34905, 38515, 62892]"
118119,"[98180, 89805, 67709, 9149, 38021, 58551, 44168, 8087, 21906, 35988]"
118120,"[61459, 98789, 59735, 64591, 73021, 71628, 44103, 14832, 59671, 81808]"
118121,"[79922, 84865, 42269, 39982, 58439, 91122, 15204, 66524, 16109, 90370]"
118122,"[15866, 41375, 83411, 63979, 101529, 101732, 28488, 85361, 74225, 96575]"
118123,"[20803, 631, 103274, 57122, 52576, 54989, 22797, 94081, 86168, 107325]"
118124,"[24678, 39062, 44895, 10644, 33076, 53618, 38725, 74090, 104474, 100448]"
118125,"[63957, 72918, 42245, 81779, 90080, 75391, 72597, 31424, 39230, 87702]"
118126,"[42392, 36995, 25362, 108305, 46742, 47776, 42663, 102544, 8197, 97023]"
118127,"[88047, 42008, 30736, 98090, 106538, 65638, 108862, 88423, 66660, 86951]"
118128,"[75062, 67219, 68099, 102653, 59216, 22796, 104824, 108281, 14539, 65946]"
118129,"[100256, 89137, 98359, 60326, 84870, 60642, 74563, 49615, 16240, 104837]"
118130,"[54243, 17690, 78424, 47563, 7084, 97587, 83260, 55012, 20690, 13507]"
118131,"[27889, 85815, 90576, 94827, 2421, 15283, 42074, 50782, 63836, 58215]"
118132,"[83530, 90843, 6771, 101031, 1601, 26934, 69926, 30491, 25243, 56719]"
118133,"[55087, 31117, 64526, 44016, 91191, 38166, 100336, 46296, 83923, 70355]"
118134,"[40849, 46638, 811, 68680, 102832, 67618, 77505, 79456, 100735, 52145]"
118135,"[63975, 20385, 34941, 63373, 85392, 43418, 15703, 92699, 41638, 35832]"
118136,"[44560, 41056, 33516, 101649, 90613, 85795, 35487, 21966, 27630, 103574]"
118137,"[21184, 72689, 16053, 86914, 52765, 1751, 91166, 67264, 17111, 9978]"
118138,"[25670, 30205, 99372, 31935, 43366, 45712, 44377, 21424, 81217, 78457]"
118139,"[97408, 37824, 40704, 85227, 76973, 70183, 99162, 91683, 75818, 80145]"
118140,"[80293, 97366, 19062, 109522, 65364, 81430, 13784, 86534, 70870, 57763]"
118141,"[92390, 88964, 16882, 59867, 32488, 77416, 42294, 87156, 69753, 56045]"
118142,"[60890, 28531, 32101, 36553, 60012, 43172, 3633, 73331, 75294, 51039]"
118143,"[23141, 109447, 41457, 81425, 79553, 42450, 27255, 2215, 829, 2127]"
118144,"[98045, 99864, 78367, 11474, 89306, 19210, 69264, 36167, 67721, 106663]"
118145,"[13388, 44801, 83009, 73060, 7017, 23605, 54834, 68845, 95843, 72956]"
118146,"[89798, 91557, 46501, 93146, 59742, 807, 83793, 31907, 52535, 31764]"
118147,"[36171, 63279, 11386, 20365, 20101, 23333, 63115, 90584, 35237, 43320]"
118148,"[53551, 49154, 24200, 11662, 30320, 21086, 86324, 45717, 19368, 90802]"
118149,"[33096, 85888, 4357, 108132, 33181, 59315, 74757, 3074, 62962, 25685]"
118150,"[21551, 38616, 82734, 72013, 57494, 41990, 87308, 67519, 54786, 80259]"
118151,"[58448, 12504, 94733, 48018, 5280, 11659, 74012, 28134, 91174, 17196]"
118152,"[5039, 27235, 66532, 10923, 87927, 54503, 69851, 51154, 37386, 33023]"
118153,"[83157, 24713, 56530, 47396, 11736, 51102, 81821, 106238, 17015, 10735]"
118154,"[34571, 1894, 47115, 56155, 68800, 34214, 88358, 83663, 3059, 2107]"
118155,"[62617, 53736, 78569, 59382, 52468, 6892, 78969, 99526, 103178, 7754]"
118156,"[39275, 52532, 108085, 67529, 55195, 50767, 72684, 20588, 21229, 42720]"
118157,"[25283, 52866, 76600, 32355, 15937, 58672, 884, 99852, 8705, 12686]"
118158,"[101285, 63248, 81109, 50972, 48076, 97574, 31302, 6518, 87440, 63736]"
118159,"[26031, 64129, 108798, 63775, 70645, 42492, 38264, 59331, 2584, 50199]"
118160,"[51461, 25848, 60391, 85682, 3116, 107633, 79137, 42600, 5930, 103939]"
118161,"[11216, 7578, 92771, 2949, 38049, 89297, 89568, 4540, 13561, 84336]"
118162,"[63549, 79366, 90751, 48479, 4700, 15792, 61025, 15765, 48350, 72529]"
118163,"[52889, 81460, 28366, 10030, 43682, 17102, 79969, 87472, 20568, 11105]"
118164,"[102035, 78702, 55515, 107494, 76943, 59441, 93801, 22237, 72523, 39664]"
118165,"[95610, 69564, 47327, 6083, 73013, 69077, 22724, 85353, 46425, 39024]"
118166,"[72391, 56167, 3058, 45986, 75588, 45077, 14053, 43879, 60287, 64673]"
118167,"[73508, 99896, 18032, 75051, 74313, 64389, 75962, 102614, 64086, 27031]"
118168,"[81595, 61429, 21065, 75209, 51908, 74404, 56654, 25794, 82412, 90]"
118169,"[58661, 16956, 15391, 96495, 81042, 51331, 71280, 74600, 38222, 45033]"
118170,"[68087, 18748, 28677, 55210, 70643, 38504, 81283, 683, 101151, 39861]"
118171,"[47385, 86896, 23329, 8947, 64048, 23976, 64820, 19929, 107427, 72910]"
118172,"[90524, 67247, 3095, 49574, 65642, 13092, 14950, 40107, 101588, 4029]"
118173,"[49990, 99379, 47147, 82246, 98196, 66947, 41508, 63565, 35108, 106570]"
118174,"[25156, 11774, 27627, 15577, 66944, 78775, 105039, 98079, 49330, 81380]"
118175,"[22919, 74277, 89150, 20828, 1557, 102871, 61048, 26772, 97974, 83395]"
118176,"[46938, 83374, 58856, 20073, 79976, 91105, 87810, 52839, 23795, 7992]"
118177,"[75422, 10529, 87796, 76047, 29889, 83284, 85342, 107667, 29795, 89715]"
118178,"[71893, 50160, 19113, 21151, 82630, 44731, 44513, 105452, 22640, 83042]"
118179,"[68732, 87472, 2205, 87382, 70285, 107543, 39706, 13831, 83765, 65338]"
118180,"[72919, 106273, 44424, 108887, 43032, 19250, 17657, 51646, 84571, 74802]"
118181,"[100313, 28941, 28284, 20600, 87907, 61224, 94614, 102389, 36699, 91637]"
118182,"[70567, 91823, 67088, 14137, 76886, 105223, 103543, 11134, 98559, 97400]"
118183,"[79884, 71287, 6340, 67730, 4100, 85677, 92875, 20581, 25825, 26430]"
118184,"[30239, 17221, 75779, 80302, 67734, 44120, 80552, 20449, 36442, 82242]"
118185,"[97000, 52319, 64191, 80571, 19652, 88536, 17082, 30115, 16930, 89267]"
118186,"[99329, 19934, 57453, 84379, 4690, 25108, 45076, 66192, 89775, 47564]"
118187,"[95560, 23858, 66069, 41602, 82729, 34990, 61126, 66701, 74103, 34570]"
118188,"[15530, 28600, 37943, 77747, 6752, 14031, 39017, 77660, 71637, 106951]"
118189,"[26242, 99358, 102013, 106425, 22569, 108121, 94802, 105330, 84791, 79054]"
118190,"[18962, 77793, 31064, 80607, 72379, 49751, 19919, 82333, 9347, 532]"
118191,"[43892, 73239, 35142, 29310, 42411, 109573, 25597, 97445, 96643, 37850]"
118192,"[26142, 15827, 38708, 3777, 10111, 49329, 75748, 37124, 99455, 59474]"
118193,"[44186, 24901, 37580, 45136, 34621, 108712, 90040, 59166, 67785, 13044]"
118194,"[88019, 70266, 29139, 12711, 71362, 83302, 95999, 73238, 31397, 89767]"
118195,"[49318, 34951, 97630, 50919, 78055, 40913, 94763, 47288, 109349, 58530]"
118196,"[58616, 59846, 106641, 30168, 13019, 60383, 16402, 63670, 9577, 36329]"
118197,"[70227, 17838, 6654, 88704, 38953, 73553, 74256, 54338, 106208, 73911]"
118198,"[19019, 90812, 27370, 78394, 85608, 45612, 32848, 10963, 57909, 103042]"
118199,"[55735, 36683, 85662, 8120, 82387, 25972, 37236, 48084, 109269, 28974]"
118200,"[46611, 75106, 67689, 86731, 97207, 81852, 61626, 60995, 64732, 108340]"
118201,"[51156, 3630, 10954, 101651, 26539, 55, 74298, 63219, 1101, 15143]"
118202,"[48388, 30955, 40776, 17570, 96610, 61396, 81851, 99769, 95718, 89572]"
118203,"[20271, 83446, 95871, 84476, 36429, 86983, 84192, 21732, 108417, 640]"
118204,"[591, 86080, 8116, 2937, 99860, 9990, 1554, 11891, 77321, 90149]"
118205,"[27787, 109217, 101792, 36428, 15698, 71433, 98520, 102363, 54550, 58274]"
118206,"[29155, 102855, 107087, 3384, 40378, 36802, 93528, 101019, 20612, 78626]"
118207,"[18074, 27779, 15039, 106162, 63872, 99771, 45109, 88141, 28508, 15272]"
118208,"[61471, 94019, 10243, 20244, 96959, 44012, 88942, 7939, 19116, 32694]"
118209,"[52598, 37006, 55219, 27065, 65317, 95906, 94074, 41909, 89700, 40182]"
118210,"[22474, 78011, 24797, 73903, 69846, 1313, 14213, 55336, 96627, 56247]"
118211,"[63775, 108798, 60379, 26031, 106626, 30252, 91583, 14701, 63874, 58651]"
118212,"[47669, 79921, 49757, 20557, 40788, 83965, 7336, 105478, 75256, 3374]"
118213,"[64684, 72778, 10446, 47481, 25568, 40464, 58910, 57291, 61720, 107421]"
118214,"[23720, 60350, 69943, 95559, 33814, 80979, 102996, 8346, 33965, 68573]"
118215,"[55273, 47586, 71347, 14178, 49402, 55266, 74029, 41996, 38876, 91857]"
118216,"[63700, 73958, 96705, 76873, 99840, 99315, 101132, 15418, 66931, 45577]"
118217,"[36492, 49273, 24984, 33589, 15249, 49424, 84174, 95981, 56144, 93261]"
118218,"[16373, 40518, 67309, 73299, 13218, 67553, 97405, 54107, 96136, 39675]"
118219,"[69968, 30627, 37081, 49415, 87744, 103520, 59235, 5583, 90055, 4028]"
118220,"[96325, 102220, 17089, 66608, 65699, 89852, 22288, 101711, 76097, 58532]"
118221,"[28081, 41386, 4064, 63232, 106981, 50062, 65189, 90398, 106380, 60643]"
118222,"[99966, 61430, 92300, 30546, 89596, 29088, 96350, 104988, 31394, 836]"
118223,"[73487, 62651, 77629, 66012, 95816, 99582, 22068, 82129, 45191, 15571]"
118224,"[35192, 57176, 96413, 90772, 70340, 73490, 82650, 34083, 49043, 46845]"
118225,"[73409, 51372, 57349, 49016, 81644, 36590, 10704, 69725, 83810, 48635]"
118226,"[100062, 106087, 96590, 57891, 80099, 57208, 104983, 59279, 71870, 105527]"
118227,"[92030, 41870, 8206, 72709, 6809, 94555, 73024, 84985, 55680, 60423]"
118228,"[83192, 91889, 58704, 14162, 93783, 7295, 27568, 94400, 26701, 10759]"
118229,"[48584, 8309, 23613, 3978, 77200, 8416, 90964, 47367, 14022, 74776]"
118230,"[21627, 71095, 56552, 17165, 46947, 30915, 1556, 8559, 14615, 89283]"
118231,"[89592, 63662, 83454, 10759, 53089, 7944, 106986, 72579, 81628, 11612]"
118232,"[63666, 1489, 108333, 105290, 1514, 73162, 95959, 79595, 61587, 81145]"
118233,"[63831, 59936, 4398, 34148, 2220, 44863, 5528, 51500, 47296, 100924]"
118234,"[38304, 10517, 37923, 20501, 3708, 11858, 89684, 2180, 14120, 40309]"
118235,"[27020, 95223, 13925, 33538, 81658, 84104, 55276, 108695, 93433, 100361]"
118236,"[72952, 38827, 97247, 87771, 57733, 72717, 91879, 9981, 45923, 20853]"
118237,"[34407, 97573, 32210, 92436, 25652, 71662, 87478, 30151, 28575, 94748]"
118238,"[72559, 80956, 53523, 12888, 68436, 34165, 28785, 24079, 17330, 50354]"
118239,"[69057, 99313, 67822, 105791, 74112, 67007, 58350, 109618, 19472, 39990]"
118240,"[58457, 3927, 37998, 72116, 103222, 35229, 96878, 92357, 83328, 104489]"
118241,"[36847, 63721, 45839, 45225, 38609, 12248, 58934, 62450, 102904, 2561]"
118242,"[68843, 85676, 98985, 31879, 82427, 29854, 20350, 36554, 98685, 95791]"
118243,"[54884, 103202, 33387, 93495, 32031, 100707, 100806, 75472, 91297, 90430]"
118244,"[85598, 64392, 75534, 61122, 78810, 52406, 6216, 24255, 39606, 21844]"
118245,"[58482, 31925, 71581, 23982, 72277, 1755, 26126, 16792, 103805, 28041]"
118246,"[47741, 46729, 108758, 51069, 48216, 23399, 69154, 71387, 10053, 26485]"
118247,"[20558, 104162, 55935, 104651, 19346, 101831, 34819, 5477, 65654, 82423]"
118248,"[46901, 68715, 67899, 67032, 37486, 66291, 28810, 34324, 44283, 46721]"
118249,"[35422, 20593, 42352, 88169, 94318, 101317, 23216, 88422, 72605, 19108]"
118250,"[91556, 73465, 47453, 88989, 73501, 79164, 56089, 31861, 36366, 12297]"
118251,"[67792, 90511, 98304, 25963, 53363, 11346, 41431, 1141, 36789, 86774]"
118252,"[30500, 6612, 43126, 58521, 40180, 98479, 23132, 22415, 68392, 53319]"
118253,"[64636, 35872, 62218, 82700, 2904, 10553, 67539, 52180, 74644, 23274]"
118254,"[2658, 53632, 14592, 57523, 84397, 20643, 10617, 5886, 92004, 87682]"
118255,"[52818, 107474, 85395, 50113, 64791, 51416, 55845, 2871, 55678, 46798]"
118256,"[36967, 105958, 69505, 92990, 66575, 77583, 29457, 81488, 100067, 12012]"
118257,"[40036, 63554, 482, 49000, 108087, 30996, 63553, 93781, 22215, 55399]"
118258,"[23893, 106985, 11700, 49300, 17899, 99817, 83338, 42747, 78635, 73514]"
118259,"[38542, 101155, 52227, 63868, 28194, 92039, 10255, 24285, 8504, 12557]"
118260,"[68827, 66810, 52776, 87830, 46663, 32521, 28848, 32388, 76966, 29908]"
118261,"[103238, 59759, 28957, 76005, 33037, 53150, 16022, 63894, 88325, 32712]"
118262,"[47636, 82401, 15563, 51207, 25271, 8264, 28569, 109322, 39070, 49602]"
118263,"[84046, 102718, 7628, 67853, 15001, 1487, 21794, 66645, 33876, 81603]"
118264,"[88084, 25357, 31727, 13823, 100340, 18231, 59923, 44115, 26648, 52389]"
118265,"[12631, 13795, 41483, 50962, 60122, 96111, 29450, 21501, 62284, 94996]"
118266,"[37457, 9090, 16787, 96895, 106002, 37016, 55963, 28766, 39903, 23748]"
118267,"[56565, 66217, 13497, 60573, 68517, 69532, 71580, 45976, 21341, 28083]"
118268,"[24093, 28698, 42382, 31490, 64881, 90777, 56229, 54050, 6566, 92643]"
118269,"[54832, 50848, 28432, 44280, 16639, 20931, 6861, 68528, 69626, 29217]"
118270,"[96149, 99852, 107874, 60700, 35702, 105097, 85203, 540, 39753, 5864]"
118271,"[48616, 81451, 83513, 97752, 74232, 32564, 49347, 17510, 102541, 20289]"
118272,"[87639, 57890, 13758, 74947, 69078, 3466, 42850, 41683, 19240, 11822]"
118273,"[93027, 30248, 86392, 28541, 91224, 34399, 68803, 18133, 28073, 44314]"
118274,"[24680, 23823, 47695, 71751, 37453, 81196, 102591, 72686, 54061, 7695]"
118275,"[30163, 102047, 27502, 68384, 85349, 99217, 4970, 4390, 26243, 9414]"
118276,"[85375, 71978, 53842, 62895, 65431, 97121, 58570, 48224, 70834, 45138]"
118277,"[51836, 77913, 29182, 104869, 76893, 46689, 35698, 71162, 43628, 94628]"
118278,"[16891, 92160, 82060, 59481, 58366, 57964, 93871, 77062, 16354, 81920]"
118279,"[59063, 83984, 64464, 22489, 53615, 52060, 95484, 71593, 28838, 71538]"
118280,"[20944, 98118, 46824, 78412, 49127, 56072, 48427, 50467, 88214, 92016]"
118281,"[102160, 77440, 36098, 19862, 85413, 43225, 27353, 34163, 60710, 101213]"
118282,"[30237, 87885, 87384, 34394, 23064, 94900, 35695, 85852, 44579, 52101]"
118283,"[95943, 72300, 61905, 99502, 6200, 56221, 81413, 79377, 9767, 19089]"
118284,"[15631, 48376, 40856, 10780, 90828, 38824, 33772, 55852, 55012, 83091]"
118285,"[6477, 53150, 88325, 34447, 16006, 39774, 42602, 12856, 78149, 72342]"
118286,"[64369, 62162, 44359, 101831, 5477, 5851, 54407, 50945, 88802, 51873]"
118287,"[41493, 102634, 45550, 55654, 48231, 77764, 14895, 103765, 24885, 39338]"
118288,"[15841, 101195, 72255, 40136, 85029, 93088, 40769, 5878, 56704, 97462]"
118289,"[17919, 81093, 100499, 22690, 85367, 13761, 55463, 54461, 76882, 77542]"
118290,"[93492, 92885, 35272, 66687, 88679, 73048, 62962, 45930, 83961, 35928]"
118291,"[84873, 4786, 97671, 91984, 49514, 46140, 102313, 87818, 36795, 24533]"
118292,"[40521, 103575, 92087, 74859, 91090, 37584, 44740, 41597, 84714, 44553]"
118293,"[66803, 80095, 52560, 15772, 11680, 53820, 104604, 55150, 64163, 101480]"
118294,"[24721, 44444, 31347, 109696, 59091, 62334, 55466, 29062, 84809, 54217]"
118295,"[4190, 98267, 47237, 85305, 102843, 82329, 10519, 59999, 3616, 84649]"
118296,"[79945, 59012, 46038, 15009, 82078, 9805, 90560, 51225, 45222, 31750]"
118297,"[102601, 30899, 35129, 109553, 45001, 61123, 4672, 91600, 4539, 108878]"
118298,"[27292, 46540, 38867, 57854, 78689, 38443, 43123, 107700, 88873, 81720]"
118299,"[53375, 1323, 87520, 87413, 55694, 57303, 63813, 93843, 2873, 35201]"
118300,"[108872, 95135, 106272, 24748, 60165, 98085, 13385, 93749, 57950, 41545]"
118301,"[79380, 26901, 104980, 45735, 35643, 26631, 108407, 32842, 6043, 17157]"
118302,"[39794, 19564, 41383, 86039, 3378, 109577, 26212, 83123, 107917, 24692]"
118303,"[39490, 17752, 88033, 13838, 81885, 41665, 91601, 16616, 78884, 75638]"
118304,"[78439, 43288, 103007, 24233, 37055, 88163, 95216, 49244, 58622, 59687]"
118305,"[65117, 50285, 33740, 744, 25741, 37976, 50089, 335, 34327, 24210]"
118306,"[69044, 74512, 104724, 6177, 87557, 87228, 99192, 80395, 970, 90926]"
118307,"[108878, 10514, 49336, 36023, 266, 22780, 67321, 62385, 59497, 30899]"
118308,"[57386, 17645, 98354, 101836, 70162, 91080, 85918, 74535, 100977, 105099]"
118309,"[18059, 34588, 89988, 27304, 9932, 351, 38634, 42573, 34054, 104171]"
118310,"[8703, 8330, 76472, 8272, 23780, 85434, 37550, 2471, 48384, 5347]"
118311,"[95138, 56634, 107350, 88427, 17741, 89615, 100446, 48250, 64909, 100590]"
118312,"[9257, 88235, 41986, 47503, 4149, 100686, 72539, 100460, 31002, 62057]"
118313,"[54677, 36712, 740, 16892, 11747, 9318, 40304, 3326, 89448, 55311]"
118314,"[37651, 62084, 84999, 53784, 102606, 37255, 68064, 25254, 41390, 11275]"
118315,"[104389, 97541, 13707, 89917, 84225, 50377, 28173, 140, 50196, 40919]"
118316,"[30897, 17953, 20154, 12241, 62335, 15593, 1741, 34838, 56563, 47712]"
118317,"[10904, 104681, 48747, 79649, 102364, 29324, 63361, 91247, 56600, 73406]"
118318,"[32118, 27975, 30486, 13155, 81480, 76870, 34262, 87435, 71580, 26237]"
118319,"[17673, 69246, 35746, 54399, 80983, 23522, 86024, 8412, 96739, 22942]"
118320,"[102523, 102222, 17704, 74103, 34990, 88737, 103014, 8953, 90286, 29586]"
118321,"[105503, 86981, 2991, 47593, 57565, 89423, 69115, 13720, 85542, 94275]"
118322,"[86620, 80629, 62862, 39602, 31618, 79041, 93785, 101465, 56977, 20839]"
118323,"[57624, 62919, 95778, 93493, 91747, 70318, 108411, 29323, 23527, 86179]"
118324,"[106225, 102701, 87121, 100683, 24281, 51023, 97438, 89379, 23931, 38870]"
118325,"[9257, 47267, 88235, 41986, 16430, 47503, 93853, 21910, 32572, 42592]"
118326,"[75792, 105610, 54408, 84404, 4826, 45224, 13760, 89922, 1098, 52779]"
118327,"[14507, 3443, 31641, 91707, 64418, 74126, 71039, 64516, 17831, 106755]"
118328,"[44900, 72950, 54649, 15708, 60942, 75280, 57403, 25730, 98670, 12703]"
118329,"[77015, 20777, 5994, 78438, 88654, 50618, 90009, 66372, 80594, 40905]"
118330,"[92681, 50521, 99117, 75597, 52115, 58730, 27557, 70343, 95150, 25083]"
118331,"[37666, 27611, 56236, 12008, 63815, 108736, 10701, 43231, 42648, 51041]"
118332,"[16065, 10739, 65833, 95838, 61361, 27411, 55882, 100571, 96365, 91851]"
118333,"[43065, 52532, 59210, 97137, 54782, 39275, 6124, 13168, 45663, 70938]"
118334,"[34372, 22275, 14972, 98348, 78793, 29428, 27653, 48700, 83001, 91168]"
118335,"[9414, 17290, 81333, 81539, 35538, 14489, 18556, 47324, 52252, 6716]"
118336,"[65240, 41201, 17594, 39838, 57743, 25065, 109396, 63290, 57305, 50135]"
118337,"[33273, 38469, 78797, 107800, 80286, 30970, 43266, 36895, 5920, 19394]"
118338,"[85705, 27084, 23030, 30149, 34471, 90179, 9220, 59399, 82017, 57829]"
118339,"[8427, 95880, 3090, 61411, 17426, 74072, 49271, 95921, 86711, 482]"
118340,"[102502, 69500, 35825, 47039, 34495, 42151, 14322, 86037, 13139, 101058]"
118341,"[99445, 23824, 41019, 19473, 55300, 32827, 45270, 71117, 14289, 78563]"
118342,"[84946, 22221, 5952, 23683, 10811, 61651, 6378, 66137, 91467, 29585]"
118343,"[47463, 104793, 16765, 50677, 10763, 34947, 76163, 92644, 49839, 87463]"
118344,"[83909, 71199, 31148, 27745, 62874, 7237, 61839, 86286, 73861, 88767]"
118345,"[101580, 42975, 94665, 3655, 98674, 32733, 3906, 84143, 66138, 3243]"
118346,"[89269, 72757, 52928, 34151, 24643, 3727, 28875, 94972, 87254, 46812]"
118347,"[53323, 70989, 50724, 33249, 3867, 32001, 8737, 88702, 107318, 89012]"
118348,"[52969, 40154, 19647, 75388, 93341, 53749, 4173, 50456, 163, 72060]"
118349,"[8845, 29806, 72185, 49109, 91739, 35523, 97953, 6004, 68412, 74679]"
118350,"[98264, 28760, 54925, 85084, 1662, 101868, 460, 40022, 53433, 20054]"
118351,"[53064, 51547, 33960, 43023, 20900, 72691, 98803, 73941, 75743, 36421]"
118352,"[96014, 21788, 750, 100820, 65335, 30170, 94515, 89815, 83357, 99335]"
118353,"[100493, 38806, 53569, 11153, 615, 39241, 41848, 41398, 81723, 64118]"
118354,"[15984, 47460, 102841, 53214, 45239, 54036, 95286, 40653, 41231, 62491]"
118355,"[83087, 67474, 65542, 91263, 81518, 23077, 70956, 102186, 44959, 75253]"
118356,"[69118, 47723, 86270, 7559, 53042, 55392, 67609, 29051, 71395, 78491]"
118357,"[83870, 52977, 97001, 44458, 38779, 89891, 88421, 39342, 59254, 102229]"
118358,"[13030, 60252, 26899, 26429, 81208, 70842, 35275, 91989, 35067, 82917]"
118359,"[30764, 63877, 19962, 59344, 514, 30017, 82703, 56430, 51334, 60208]"
118360,"[104171, 36476, 33753, 72811, 55476, 7443, 84108, 14486, 75318, 50787]"
118361,"[13115, 33736, 90152, 85715, 56823, 54172, 4802, 90709, 1530, 14099]"
118362,"[73174, 10910, 45725, 29029, 109757, 22077, 34234, 66313, 106064, 60341]"
118363,"[59459, 27097, 80416, 9747, 98379, 5461, 317, 9659, 70916, 28014]"
118364,"[14550, 89159, 57750, 61741, 56457, 73844, 108333, 59787, 9613, 61587]"
118365,"[17398, 47361, 62290, 8053, 104695, 34165, 88204, 104181, 19370, 84975]"
118366,"[44843, 101828, 51274, 109026, 74878, 93759, 13444, 42694, 32514, 52944]"
118367,"[5874, 21291, 95782, 43278, 16933, 75632, 107521, 51854, 78656, 98679]"
118368,"[58542, 78483, 14309, 60862, 46825, 72527, 90648, 43270, 82690, 10001]"
118369,"[75128, 31272, 85727, 73460, 52543, 70119, 64249, 85710, 91821, 13729]"
118370,"[77978, 74661, 104201, 97493, 78971, 58143, 33549, 11510, 35979, 15522]"
118371,"[37797, 26195, 80761, 31359, 94309, 4315, 56150, 13998, 8542, 72857]"
118372,"[83175, 27217, 83722, 17500, 97262, 43548, 78427, 71110, 71084, 93128]"
118373,"[85282, 964, 31700, 42230, 48705, 62451, 73624, 54358, 35396, 9117]"
118374,"[1819, 26797, 89347, 39156, 17188, 43767, 10168, 14335, 19138, 28064]"
118375,"[31449, 82187, 20778, 51675, 2280, 91672, 100628, 13160, 81917, 6675]"
118376,"[15951, 55936, 80135, 28702, 90344, 47255, 107267, 12161, 52691, 66656]"
118377,"[48481, 78553, 871, 38759, 91840, 89444, 85657, 1626, 93952, 9914]"
118378,"[30474, 73771, 39866, 9145, 41152, 22735, 18166, 105457, 12389, 28119]"
118379,"[27991, 75830, 59139, 7522, 21817, 96165, 62635, 25872, 80377, 89458]"
118380,"[21734, 93105, 18832, 102134, 63021, 35419, 58318, 71462, 70067, 51197]"
118381,"[32333, 83992, 18321, 15413, 36716, 2378, 79421, 79461, 5589, 17913]"
118382,"[100035, 18611, 50911, 100353, 107307, 107196, 14108, 19909, 17462, 26943]"
118383,"[97880, 70092, 2995, 20025, 52203, 46918, 48851, 108473, 98916, 6927]"
118384,"[28630, 18340, 88652, 77302, 6384, 5715, 43287, 91790, 103928, 75635]"
118385,"[63204, 28723, 10240, 2714, 68627, 66947, 29651, 50611, 65029, 94507]"
118386,"[37475, 97657, 48905, 87054, 10857, 27305, 106830, 34432, 37103, 72701]"
118387,"[52398, 69192, 37700, 37733, 94280, 105016, 31758, 101670, 102648, 13552]"
118388,"[102536, 104515, 11892, 54529, 91311, 102551, 57833, 107257, 1076, 40791]"
118389,"[79067, 48475, 78386, 18013, 18293, 19508, 64366, 24649, 5075, 26585]"
118390,"[105729, 35534, 10483, 90103, 79516, 38738, 62447, 29594, 104422, 6397]"
118391,"[11041, 93585, 17388, 59798, 1767, 47580, 53100, 99791, 8475, 2490]"
118392,"[74465, 70990, 66151, 23924, 7136, 26777, 67715, 96606, 93727, 12704]"
118393,"[75280, 25730, 57403, 89304, 13068, 107208, 15708, 54649, 13439, 42959]"
118394,"[78844, 103661, 69515, 83053, 53069, 35327, 102900, 28601, 30730, 81031]"
118395,"[61944, 43962, 42561, 41919, 91732, 46116, 35491, 29476, 52721, 13577]"
118396,"[3488, 492, 33302, 49372, 81365, 80053, 7589, 75977, 91312, 61652]"
118397,"[87741, 18406, 89616, 51600, 35002, 13105, 83224, 88651, 59388, 104531]"
118398,"[38875, 20953, 18444, 96851, 26307, 70922, 106694, 33000, 68416, 34798]"
118399,"[97769, 53349, 53461, 23162, 3024, 29783, 43425, 24226, 53816, 13832]"
118400,"[76545, 82068, 43000, 91331, 95398, 77696, 31934, 19464, 44429, 36304]"
118401,"[100974, 88869, 63680, 99371, 109480, 95858, 4204, 739, 106013, 31066]"
118402,"[51610, 36700, 100744, 17008, 104058, 95140, 70687, 96372, 97397, 44935]"
118403,"[68463, 27882, 12670, 19819, 26455, 22155, 79259, 91703, 109587, 51607]"
118404,"[62964, 64813, 49391, 100535, 79293, 17166, 47620, 7046, 34078, 58054]"
118405,"[10739, 16065, 63785, 18796, 69008, 83228, 91327, 53652, 42130, 97359]"
118406,"[25531, 2495, 1256, 3456, 28942, 21017, 66472, 32686, 89273, 16484]"
118407,"[82889, 81313, 22411, 102647, 46479, 103753, 85148, 68659, 66047, 88845]"
118408,"[41256, 105891, 41352, 20361, 72668, 44526, 47598, 29438, 49643, 47406]"
118409,"[16269, 28502, 12330, 16614, 51236, 18254, 27065, 39441, 45276, 37006]"
118410,"[48491, 11517, 76515, 74414, 91047, 107892, 13106, 3006, 99945, 66390]"
118411,"[91660, 98811, 100262, 8716, 19852, 45053, 392, 7350, 18862, 82043]"
118412,"[108304, 21836, 109252, 55037, 97655, 99494, 1987, 100426, 95591, 31838]"
118413,"[37931, 97507, 51791, 88239, 59067, 33434, 64937, 59802, 66348, 70234]"
118414,"[9429, 6493, 2916, 46953, 30120, 7437, 94316, 16089, 60115, 108244]"
118415,"[101116, 40384, 35788, 80405, 91724, 105210, 108531, 106064, 26299, 44743]"
118416,"[40819, 5096, 20241, 54200, 37615, 95981, 80587, 15249, 36492, 56144]"
118417,"[3222, 71141, 12400, 67445, 3455, 4902, 93982, 55910, 45083, 79787]"
118418,"[20345, 49176, 25475, 74109, 80377, 19855, 62635, 24622, 67507, 38809]"
118419,"[76364, 87826, 88107, 811, 58501, 41073, 69923, 61018, 524, 107171]"
118420,"[37415, 76627, 25706, 27858, 20071, 33413, 3596, 6628, 82714, 109049]"
118421,"[40296, 76259, 78287, 23857, 108715, 39562, 63638, 29880, 80640, 83278]"
118422,"[97265, 92838, 12046, 42015, 29007, 107939, 109470, 31290, 103446, 20373]"
118423,"[70351, 54323, 14533, 904, 106838, 36831, 77942, 50399, 99854, 93063]"
118424,"[34749, 2212, 15474, 71485, 81963, 76938, 41232, 108732, 921, 49474]"
118425,"[85612, 40405, 6448, 87986, 69625, 100611, 6143, 20191, 56797, 64677]"
118426,"[18598, 36868, 48666, 102668, 19989, 70767, 28718, 98105, 54489, 102457]"
118427,"[104985, 97364, 51055, 71083, 28363, 60712, 10791, 103677, 4247, 42488]"
118428,"[64013, 68979, 88118, 32070, 82266, 52097, 50325, 5451, 18324, 90276]"
118429,"[95182, 7571, 10715, 1979, 1566, 91605, 73648, 3023, 97496, 56789]"
118430,"[47065, 4990, 62470, 65383, 87898, 40127, 20981, 93005, 17273, 66662]"
118431,"[34685, 13652, 98915, 26493, 3905, 57322, 22682, 35116, 4512, 16869]"
118432,"[38478, 6231, 56738, 63949, 92183, 61825, 70840, 43057, 109195, 7784]"
118433,"[88231, 78409, 37848, 28183, 94353, 67905, 107469, 62614, 66171, 78049]"
118434,"[4230, 26294, 103503, 104463, 13952, 63919, 68479, 51013, 57128, 34604]"
118435,"[4196, 89962, 51811, 98223, 98585, 63303, 94434, 25984, 91477, 25915]"
118436,"[69413, 83588, 95697, 74366, 79579, 74533, 52043, 33241, 67324, 86101]"
118437,"[10510, 76531, 107453, 105706, 70700, 47415, 107925, 46485, 39565, 83728]"
118438,"[67877, 83508, 80213, 2239, 73802, 74153, 53637, 65523, 49943, 9973]"
118439,"[37443, 9307, 9884, 64650, 44949, 19808, 63821, 60138, 25934, 19003]"
118440,"[58067, 42713, 34706, 107911, 68868, 91396, 40654, 45099, 17835, 69946]"
118441,"[98246, 11016, 21185, 29814, 92574, 106382, 22242, 14038, 39927, 38676]"
118442,"[76633, 100910, 103866, 90883, 21579, 99356, 55243, 67043, 97206, 57369]"
118443,"[62670, 41658, 57077, 9614, 41003, 93097, 106993, 11960, 26032, 48878]"
118444,"[66856, 105712, 23394, 98917, 17895, 25265, 14251, 101754, 80714, 64965]"
118445,"[53438, 19709, 19501, 107844, 55438, 60555, 12847, 8420, 51685, 3917]"
118446,"[76217, 22693, 66141, 100669, 87149, 191, 13282, 71327, 2708, 75934]"
118447,"[23369, 41943, 88896, 77027, 33799, 23236, 109191, 349, 23626, 12964]"
118448,"[68376, 105715, 19452, 52074, 74314, 100277, 64791, 6370, 72992, 76484]"
118449,"[106110, 80495, 2840, 107091, 62815, 70151, 43837, 90288, 96582, 17181]"
118450,"[79187, 60460, 101227, 69298, 26538, 79856, 62957, 7997, 15789, 33542]"
118451,"[106727, 57224, 79980, 94182, 26544, 105569, 12898, 63718, 9140, 45004]"
118452,"[29015, 40713, 51909, 28936, 32906, 64311, 59703, 97936, 48027, 84678]"
118453,"[31554, 108031, 69421, 91044, 12960, 40386, 43909, 99798, 54825, 59190]"
118454,"[60173, 16620, 37621, 11664, 46106, 63636, 54189, 10977, 84519, 102004]"
118455,"[75441, 85959, 90562, 55563, 54726, 78527, 78196, 1639, 30420, 27986]"
118456,"[82896, 23318, 72306, 66799, 1311, 68547, 8257, 33336, 45595, 107236]"
118457,"[100855, 82861, 54716, 68659, 81414, 46843, 17764, 22329, 37978, 66484]"
118458,"[26266, 3759, 61449, 66014, 9399, 36035, 3885, 97636, 75776, 95085]"
118459,"[31296, 89908, 6366, 22531, 47006, 97522, 71994, 17938, 18543, 10074]"
118460,"[50088, 69984, 64230, 53180, 62379, 45349, 100744, 81824, 47845, 72347]"
118461,"[52509, 105298, 42295, 29011, 57585, 82912, 57264, 25454, 83171, 60241]"
118462,"[78036, 40428, 47755, 61011, 29338, 107688, 50142, 74216, 39808, 33294]"
118463,"[58974, 20751, 39745, 65457, 106122, 94494, 87091, 55220, 50007, 38383]"
118464,"[27268, 17982, 94690, 50412, 29196, 109471, 63770, 26991, 52495, 107978]"
118465,"[4463, 1512, 63082, 67009, 58153, 92594, 46117, 93491, 64960, 16807]"
118466,"[94083, 104562, 6444, 99122, 47835, 37857, 23785, 63104, 75798, 34227]"
118467,"[24425, 26408, 33692, 61953, 55027, 10034, 10439, 74789, 70485, 27757]"
118468,"[47327, 95610, 73013, 69077, 97340, 102777, 22273, 1791, 100271, 65334]"
118469,"[75655, 83147, 39689, 29390, 103553, 76588, 57124, 102504, 48724, 107101]"
118470,"[10344, 35342, 28909, 52453, 6614, 58133, 91833, 50132, 74388, 46901]"
118471,"[66680, 90967, 38820, 37511, 95129, 6943, 31451, 43798, 53233, 81095]"
118472,"[53879, 59732, 96955, 51175, 3262, 33878, 19891, 25843, 24865, 28817]"
118473,"[83095, 14394, 48298, 36213, 11552, 71413, 38156, 14798, 42902, 101554]"
118474,"[41628, 11781, 82942, 89068, 51687, 86507, 72587, 23494, 80087, 43926]"
118475,"[47864, 67498, 40787, 64305, 12431, 155, 72390, 75118, 73140, 109255]"
118476,"[55577, 90004, 70059, 61740, 95727, 84391, 14645, 83094, 84, 100281]"
118477,"[100380, 66468, 25651, 15163, 74718, 3270, 11622, 59424, 53927, 12545]"
118478,"[52930, 83744, 9298, 83623, 31425, 60393, 93896, 42420, 45220, 18548]"
118479,"[74214, 60233, 94517, 33842, 91685, 40818, 22926, 108378, 39751, 77807]"
118480,"[30718, 107814, 33225, 36324, 44396, 92182, 90391, 65362, 15055, 53951]"
118481,"[19418, 98220, 102129, 31899, 54713, 18799, 90549, 99911, 10026, 46072]"
118482,"[73483, 35539, 34375, 8634, 25831, 48506, 11773, 49631, 21045, 89637]"
118483,"[80276, 68175, 38928, 55856, 49158, 83143, 5837, 33912, 74727, 53735]"
118484,"[55450, 109508, 65597, 95759, 30583, 86472, 92510, 56132, 22941, 87685]"
118485,"[20145, 52651, 4323, 61389, 54916, 46348, 62305, 73549, 104889, 75749]"
118486,"[88170, 13385, 24349, 8012, 81438, 53869, 28068, 83271, 93641, 99955]"
118487,"[83884, 76626, 81704, 93577, 39084, 2715, 26566, 20781, 108763, 41788]"
118488,"[63692, 10363, 92976, 20935, 31712, 42750, 85878, 9197, 7518, 14748]"
118489,"[35034, 54538, 46758, 58904, 89029, 42794, 285, 63601, 5389, 32175]"
118490,"[20623, 3110, 71873, 30968, 26601, 33075, 91142, 16101, 10928, 60526]"
118491,"[8752, 1532, 918, 99600, 107664, 91301, 58110, 62646, 12311, 21722]"
118492,"[91345, 89487, 12101, 26029, 5529, 90884, 38398, 48225, 18714, 56376]"
118493,"[32802, 11867, 40580, 67368, 24318, 81882, 99473, 42728, 31953, 10385]"
118494,"[104979, 18217, 73944, 21667, 19155, 66942, 35725, 101933, 13090, 71531]"
118495,"[33172, 49710, 2361, 96093, 52603, 51763, 61488, 76703, 32132, 31598]"
118496,"[106088, 1928, 23746, 87766, 71446, 69383, 14391, 90366, 86333, 13093]"
118497,"[44085, 35011, 24570, 27109, 65951, 25639, 12738, 73660, 27477, 88591]"
118498,"[105132, 36505, 14363, 60208, 47161, 68498, 56647, 59344, 68693, 3419]"
118499,"[6706, 27460, 74658, 50655, 59861, 59875, 18961, 83817, 39762, 82054]"
118500,"[56049, 96208, 53930, 57954, 91509, 52589, 32405, 9231, 92658, 35204]"
118501,"[18926, 67640, 9966, 82061, 69616, 37353, 57555, 28838, 71538, 95383]"
118502,"[97491, 30685, 87264, 9831, 6037, 66233, 48103, 55774, 107119, 10629]"
118503,"[101031, 81271, 26934, 1601, 30491, 69926, 40769, 84420, 34103, 100518]"
118504,"[33010, 82661, 40759, 67992, 15576, 39856, 104056, 63085, 87776, 57818]"
118505,"[107864, 3853, 16971, 95586, 69951, 72910, 103182, 92716, 51007, 6410]"
118506,"[87838, 1627, 44054, 92077, 15296, 19073, 81214, 19545, 67662, 57860]"
118507,"[76990, 86569, 28365, 3209, 33163, 36033, 41836, 8071, 26003, 54687]"
118508,"[100147, 71566, 25888, 108947, 9560, 64924, 1579, 16181, 109669, 80946]"
118509,"[62046, 60134, 105071, 988, 321, 8754, 95649, 62170, 86601, 7929]"
118510,"[83338, 17899, 99817, 87027, 78635, 85042, 95814, 42747, 82768, 11700]"
118511,"[49145, 19780, 50685, 15863, 58880, 94005, 24531, 55891, 103384, 7711]"
118512,"[37705, 50305, 60814, 76346, 67213, 30916, 100656, 40449, 50487, 102030]"
118513,"[22411, 29666, 78183, 55499, 81961, 24382, 47602, 2371, 69526, 51510]"
118514,"[87571, 106663, 13191, 54559, 13882, 75010, 98045, 68745, 34783, 69031]"
118515,"[73995, 71833, 17647, 43653, 75930, 61879, 20545, 39031, 65101, 23384]"
118516,"[72988, 103536, 57490, 94260, 36510, 63577, 44704, 45770, 65225, 43401]"
118517,"[5474, 84157, 12790, 81934, 31070, 1436, 76228, 49384, 23616, 54711]"
118518,"[35535, 90430, 100806, 46134, 10566, 21197, 86163, 100707, 32031, 103202]"
118519,"[17157, 8669, 10154, 54501, 9125, 107016, 18369, 33582, 18306, 79380]"
118520,"[31503, 94620, 29470, 61325, 75160, 79385, 31540, 108116, 45000, 42327]"
118521,"[47487, 66768, 65716, 9069, 101486, 82612, 12056, 62820, 39894, 46687]"
118522,"[102038, 5309, 35225, 7022, 101795, 51571, 55868, 29169, 44879, 81657]"
118523,"[50134, 67098, 97505, 81563, 9842, 61500, 9784, 58681, 24890, 92763]"
118524,"[76651, 35324, 89382, 97072, 84613, 2024, 16167, 42261, 29001, 59644]"
118525,"[71426, 60085, 105402, 43404, 73928, 14435, 24412, 38667, 24295, 98325]"
118526,"[54318, 41883, 54457, 92810, 57747, 99458, 22126, 90307, 93766, 104801]"
118527,"[5237, 38263, 20776, 33774, 45952, 32435, 104307, 95145, 8137, 85612]"
118528,"[60860, 12578, 14923, 11403, 97063, 40727, 34647, 13890, 99664, 29245]"
118529,"[13876, 17865, 97956, 47636, 44439, 107423, 5733, 25618, 19160, 49994]"
118530,"[10183, 26682, 8172, 9575, 94051, 96953, 47408, 80389, 60055, 37308]"
118531,"[82541, 5144, 73403, 107299, 96371, 70606, 23955, 82610, 82673, 13205]"
118532,"[36131, 8949, 85712, 18368, 82722, 3076, 58628, 80492, 50050, 1649]"
118533,"[70896, 11910, 33791, 80280, 104368, 34107, 456, 101598, 60008, 34463]"
118534,"[7520, 14632, 32587, 16943, 58168, 93375, 64246, 85368, 46795, 104018]"
118535,"[94866, 25724, 24580, 21162, 106432, 16529, 56795, 102380, 11032, 75889]"
118536,"[27208, 28911, 108445, 76994, 60615, 23410, 32234, 86904, 13143, 12915]"
118537,"[35670, 33098, 54170, 107150, 86759, 35474, 97269, 20553, 52763, 40662]"
118538,"[29667, 108294, 1331, 102636, 37477, 57896, 38334, 75479, 57787, 66640]"
118539,"[98286, 63482, 55272, 103567, 2882, 108815, 7729, 45812, 7271, 54663]"
118540,"[72319, 80776, 44188, 106042, 9155, 62101, 34258, 53974, 29034, 7756]"
118541,"[20592, 80805, 17805, 96245, 91645, 60781, 66964, 60575, 99760, 72903]"
118542,"[15820, 16307, 76935, 72403, 107748, 39083, 107411, 82198, 67926, 60963]"
118543,"[79985, 52760, 71328, 27141, 61071, 36828, 44114, 30874, 22927, 98179]"
118544,"[85144, 40783, 19460, 93300, 42203, 3276, 16238, 30395, 33698, 28741]"
118545,"[100184, 68236, 49735, 70099, 71384, 24427, 82806, 60331, 73262, 107970]"
118546,"[7369, 98148, 85870, 17370, 99441, 18745, 48191, 63730, 42955, 87339]"
118547,"[100749, 90176, 84059, 62606, 104115, 12549, 23847, 33474, 66348, 60617]"
118548,"[25174, 97974, 89992, 45570, 86301, 36669, 97388, 59123, 46835, 1032]"
118549,"[85750, 8058, 7923, 53614, 103028, 107638, 52127, 90264, 54627, 50221]"
118550,"[6541, 107123, 86036, 53693, 86230, 64251, 105313, 96294, 12765, 67520]"
118551,"[96174, 97497, 102822, 1735, 79206, 27044, 66424, 11121, 54381, 80714]"
118552,"[105220, 76459, 36049, 95125, 56959, 97175, 90565, 62394, 52014, 71878]"
118553,"[4600, 97240, 94933, 98779, 3601, 10006, 6814, 93301, 47852, 6358]"
118554,"[33041, 56292, 47646, 32450, 34141, 64864, 80057, 2415, 40920, 18042]"
118555,"[45242, 72541, 4557, 36999, 39077, 107666, 11761, 89464, 52833, 21489]"
118556,"[106604, 87351, 9986, 71710, 27593, 87521, 52475, 58117, 36658, 2943]"
118557,"[57761, 56386, 108562, 58260, 93897, 40578, 60083, 49354, 17849, 101656]"
118558,"[98269, 83326, 55200, 50417, 59836, 80427, 28558, 26118, 7760, 13442]"
118559,"[6100, 85369, 43559, 24831, 82125, 14145, 48242, 77528, 75346, 54614]"
118560,"[62899, 101618, 47227, 63910, 12977, 102294, 87470, 29159, 31756, 27659]"
118561,"[87681, 1906, 68967, 23116, 48537, 90492, 31534, 95779, 15548, 103129]"
118562,"[93808, 71784, 38461, 51576, 47894, 85339, 43368, 27944, 79875, 18359]"
118563,"[42148, 43380, 109071, 51539, 1865, 29996, 97557, 2655, 30111, 28955]"
118564,"[60596, 27582, 5413, 96405, 44645, 29168, 62871, 50519, 31511, 8538]"
118565,"[29437, 106247, 12895, 35814, 27484, 95700, 108035, 34568, 50031, 18298]"
118566,"[36467, 107798, 103597, 76951, 80310, 7618, 20342, 94203, 94699, 60038]"
118567,"[54235, 9760, 27354, 29187, 17445, 75271, 38125, 83997, 47587, 41772]"
118568,"[83923, 50034, 52021, 44016, 56621, 100769, 8505, 64526, 46296, 100336]"
118569,"[14150, 90944, 58383, 73639, 95210, 39630, 3714, 47253, 78958, 48096]"
118570,"[26076, 41531, 38627, 43372, 48154, 50646, 43793, 578, 47261, 81336]"
118571,"[84204, 12638, 45840, 5989, 16782, 71021, 35078, 89993, 100202, 73352]"
118572,"[86392, 56354, 98160, 91224, 18133, 68803, 56370, 28541, 36391, 4942]"
118573,"[109099, 8633, 97604, 46538, 99453, 11996, 93542, 5380, 16200, 51321]"
118574,"[35801, 82888, 38294, 85115, 36351, 56290, 6467, 47295, 56836, 4433]"
118575,"[45892, 88822, 82663, 87428, 58711, 15255, 40532, 107416, 23196, 66383]"
118576,"[43611, 85912, 63270, 2151, 106131, 85818, 22702, 64, 43402, 36954]"
118577,"[52247, 6538, 104939, 72294, 42699, 18945, 105229, 86538, 17353, 62921]"
118578,"[35239, 69519, 9441, 100886, 9376, 85064, 82183, 19229, 80262, 55974]"
118579,"[9661, 73136, 33694, 58271, 95295, 8334, 79444, 77159, 36210, 82940]"
118580,"[87248, 56976, 19640, 82608, 40069, 40365, 70466, 13701, 60863, 24029]"
118581,"[27597, 80528, 108461, 24995, 32673, 50805, 44941, 52893, 31269, 73717]"
118582,"[72706, 9701, 28092, 105988, 14366, 84184, 49673, 1302, 99396, 57674]"
118583,"[67553, 51525, 67309, 13218, 18804, 4121, 34824, 102223, 103157, 76890]"
118584,"[3845, 26036, 66639, 75546, 19577, 63333, 3018, 105607, 32285, 81519]"
118585,"[59608, 50839, 67859, 44973, 78717, 94377, 1910, 465, 49942, 57100]"
118586,"[92653, 102, 33369, 60746, 12898, 36696, 2634, 11503, 55315, 95894]"
118587,"[53886, 27347, 3489, 78393, 45029, 11585, 68204, 79399, 51256, 37646]"
118588,"[47166, 10708, 21069, 102609, 9162, 74209, 34333, 66574, 92097, 101309]"
118589,"[57037, 43425, 34072, 108860, 30426, 45792, 109770, 18381, 25032, 72862]"
118590,"[82662, 33308, 54922, 7946, 109510, 85054, 83689, 48931, 103667, 100525]"
118591,"[46121, 26117, 84447, 48751, 41807, 95575, 26408, 29133, 18298, 33012]"
118592,"[105276, 54050, 68205, 23926, 3480, 85176, 23136, 22037, 23520, 97178]"
118593,"[42920, 59903, 39104, 4001, 52928, 83502, 84730, 95399, 34151, 46812]"
118594,"[38867, 19432, 1957, 7228, 77578, 60804, 49969, 68476, 34643, 5981]"
118595,"[16635, 101277, 93979, 9776, 2555, 61360, 8988, 44691, 26826, 30979]"
118596,"[106720, 57643, 98486, 69314, 100735, 24456, 79456, 77226, 6288, 80890]"
118597,"[56400, 7221, 104650, 36754, 28932, 105838, 41536, 80852, 100990, 59295]"
118598,"[84414, 92511, 38574, 27846, 101659, 67419, 12113, 83986, 103467, 33122]"
118599,"[96147, 79687, 14600, 106434, 32407, 45361, 91052, 82363, 61817, 34882]"
118600,"[95042, 105642, 6861, 68528, 7141, 6105, 84734, 95379, 44438, 75963]"
118601,"[8303, 87492, 58466, 34302, 34181, 54268, 53692, 99780, 109477, 75086]"
118602,"[63916, 28588, 35886, 11570, 2931, 75165, 90827, 81375, 76648, 75590]"
118603,"[57402, 91072, 89725, 84400, 3636, 42298, 54328, 18855, 89739, 75954]"
118604,"[75326, 65140, 90221, 89922, 13760, 53417, 77499, 84914, 21438, 74553]"
118605,"[13105, 25629, 24293, 44295, 66408, 79824, 26525, 37002, 91698, 44702]"
118606,"[63163, 26442, 78107, 12938, 43686, 64756, 107226, 54586, 28918, 79446]"
118607,"[26397, 32547, 47564, 28879, 27479, 107573, 38327, 23695, 87758, 109744]"
118608,"[70456, 77050, 68978, 48548, 93164, 77508, 7976, 5559, 48558, 31613]"
118609,"[9810, 94265, 96910, 88279, 75600, 55334, 84925, 41518, 2978, 15059]"
118610,"[80666, 22237, 39723, 47559, 80222, 27449, 85466, 97129, 51405, 27538]"
118611,"[86779, 18852, 69368, 85453, 30573, 52206, 4073, 46697, 2049, 16737]"
118612,"[7378, 85842, 94034, 98727, 35367, 109232, 89320, 101353, 48545, 42166]"
118613,"[11375, 63353, 55503, 21403, 48037, 16546, 77498, 21053, 1126, 15171]"
118614,"[109716, 5808, 23482, 40433, 7628, 88399, 76641, 73818, 65207, 8814]"
118615,"[4737, 16709, 76741, 109082, 76683, 26230, 42601, 97680, 100600, 40123]"
118616,"[57586, 94149, 42359, 58473, 18322, 98622, 4751, 75310, 54703, 14173]"
118617,"[104271, 19032, 63199, 86224, 20864, 46461, 96083, 108383, 8126, 99479]"
118618,"[44267, 107096, 31008, 84591, 84380, 23421, 79666, 32046, 95057, 15876]"
118619,"[40041, 9686, 87221, 62200, 7550, 46016, 107998, 64102, 73711, 53427]"
118620,"[50089, 93872, 84307, 104976, 31109, 47774, 37976, 335, 87738, 37498]"
118621,"[82378, 59185, 31869, 79218, 68859, 29962, 22611, 7546, 30925, 79605]"
118622,"[15885, 82415, 31210, 52609, 46309, 63911, 51835, 95260, 56717, 34452]"
118623,"[87385, 39573, 60127, 86122, 104866, 63810, 26119, 4868, 85008, 107608]"
118624,"[47765, 14902, 2145, 83133, 77957, 62719, 85174, 99518, 72225, 15602]"
118625,"[47543, 90194, 29655, 14618, 97798, 24293, 44702, 70817, 55542, 26321]"
118626,"[79364, 30658, 8609, 99062, 91888, 105705, 72682, 84217, 20772, 746]"
118627,"[74468, 92834, 60029, 53335, 17874, 44550, 63906, 93348, 75345, 10774]"
118628,"[46612, 54857, 67345, 45689, 23057, 51128, 60932, 39431, 92837, 49599]"
118629,"[39944, 51299, 69337, 53179, 60388, 93956, 34217, 28855, 49711, 75969]"
118630,"[78885, 102138, 69905, 76502, 48402, 54859, 52666, 78397, 44062, 94777]"
118631,"[100981, 41123, 62273, 59558, 23630, 54736, 8870, 6803, 69018, 109419]"
118632,"[9804, 76909, 27547, 21597, 41089, 2652, 76868, 35881, 35964, 12199]"
118633,"[35261, 107443, 10289, 101443, 7769, 89977, 24762, 83400, 74361, 93523]"
118634,"[17952, 99615, 36650, 70414, 42809, 81329, 86277, 36149, 46040, 19435]"
118635,"[22185, 20556, 74310, 44817, 95122, 40070, 56703, 103871, 73054, 8496]"
118636,"[16588, 32880, 45553, 9575, 38778, 76153, 100307, 73968, 72137, 103557]"
118637,"[42045, 48663, 83209, 66557, 47858, 18762, 87839, 94912, 53854, 78686]"
118638,"[99169, 50730, 59454, 61433, 48197, 15161, 60922, 53748, 32429, 79554]"
118639,"[81513, 108765, 2512, 11416, 82582, 84744, 18212, 78288, 91710, 15685]"
118640,"[64630, 41221, 49766, 97208, 17827, 57688, 67056, 11699, 24687, 70075]"
118641,"[3012, 92339, 74692, 107646, 56110, 52548, 78599, 103705, 83776, 40352]"
118642,"[93648, 83281, 60841, 45457, 8861, 109216, 18447, 74847, 74165, 12922]"
118643,"[43936, 25756, 56114, 36295, 39289, 92856, 104709, 97962, 108981, 103239]"
118644,"[77405, 40815, 84405, 105605, 85344, 88561, 30032, 104675, 35264, 57340]"
118645,"[23395, 25777, 31555, 7252, 32082, 36330, 101722, 628, 28787, 91038]"
118646,"[39438, 19981, 47499, 70042, 7476, 14229, 21244, 62568, 73661, 26931]"
118647,"[8741, 106527, 9521, 31878, 66903, 67491, 100215, 71618, 63412, 54975]"
118648,"[67197, 86010, 88377, 49006, 85150, 31167, 3313, 69749, 92471, 86547]"
118649,"[82997, 75786, 71332, 39944, 34696, 39912, 30569, 23066, 54635, 65665]"
118650,"[58616, 59846, 106641, 30168, 13019, 60383, 16402, 63670, 9577, 36329]"
118651,"[79569, 51334, 1766, 82703, 101372, 106929, 81858, 51713, 77900, 44306]"
118652,"[66305, 66043, 34382, 102946, 79074, 1718, 102794, 100037, 16129, 38934]"
118653,"[21993, 105936, 90761, 46437, 59022, 80714, 23629, 10843, 48286, 36218]"
118654,"[102218, 86462, 107847, 17219, 20355, 37844, 54892, 99387, 94079, 74450]"
118655,"[86172, 37450, 59723, 82926, 5044, 74722, 71348, 99234, 54278, 106802]"
118656,"[6102, 11221, 17973, 64552, 55737, 68724, 47616, 17704, 27766, 102870]"
118657,"[84438, 33280, 70621, 20535, 24887, 103833, 91061, 67312, 53951, 65138]"
118658,"[14081, 59741, 92128, 18735, 104803, 42384, 18486, 39062, 73398, 105888]"
118659,"[28629, 23372, 48923, 104936, 8081, 76886, 96785, 96327, 63828, 49005]"
118660,"[47575, 43908, 69570, 9826, 22486, 109339, 102864, 59108, 88898, 75894]"
118661,"[5783, 70569, 67508, 57131, 63776, 18333, 78739, 78178, 28079, 69359]"
118662,"[88139, 63267, 108456, 105106, 80454, 54236, 84362, 105144, 99611, 56403]"
118663,"[52141, 92920, 107964, 35687, 32394, 60230, 23982, 71685, 77656, 72277]"
118664,"[68579, 95801, 94275, 15887, 67095, 77998, 56950, 90651, 33954, 32221]"
118665,"[40633, 6236, 57684, 57388, 82516, 13299, 68986, 104006, 99194, 84822]"
118666,"[23769, 27424, 34949, 108396, 23772, 52861, 61519, 83298, 23411, 46402]"
118667,"[88076, 58576, 78713, 41678, 60905, 49957, 38630, 25480, 49032, 18924]"
118668,"[63813, 77058, 17507, 66506, 43136, 87526, 36125, 569, 23615, 55694]"
118669,"[75016, 45416, 47911, 70359, 51631, 106433, 98437, 66663, 107563, 67431]"
118670,"[21355, 40636, 94047, 74247, 59394, 67269, 93397, 73902, 57972, 15762]"
118671,"[48240, 59833, 62361, 52944, 70771, 34277, 43502, 17292, 15133, 52901]"
118672,"[66482, 95686, 20041, 91185, 21847, 93013, 68920, 71791, 92690, 56902]"
118673,"[41708, 75588, 56167, 64427, 40167, 33362, 103734, 12014, 42747, 73611]"
118674,"[11632, 20661, 67296, 43044, 54705, 44711, 76379, 36838, 25486, 7181]"
118675,"[40756, 4271, 51089, 93730, 72012, 99650, 66290, 99846, 19668, 61705]"
118676,"[107608, 4868, 20770, 74420, 78492, 86122, 85008, 39573, 87385, 60127]"
118677,"[47468, 75235, 72985, 83046, 30178, 7637, 60610, 48471, 103369, 106461]"
118678,"[33357, 25747, 51950, 52202, 28308, 45435, 63053, 59288, 20406, 39584]"
118679,"[103017, 17722, 96538, 59563, 85075, 56551, 45558, 95418, 25909, 87408]"
118680,"[6415, 44834, 3782, 94413, 61318, 1637, 77969, 109369, 11752, 63139]"
118681,"[81192, 72614, 50580, 78867, 60948, 20434, 14298, 2014, 59476, 72689]"
118682,"[44931, 71884, 27818, 44549, 113, 25752, 66830, 85294, 95208, 8917]"
118683,"[2623, 84701, 37996, 21336, 90526, 79834, 38793, 17041, 42975, 108233]"
118684,"[73071, 77064, 94948, 77136, 73374, 100996, 11364, 71221, 64564, 29539]"
118685,"[76424, 33974, 11357, 76719, 52746, 94581, 87187, 98729, 3427, 21089]"
118686,"[96240, 39068, 70483, 93721, 25936, 18255, 108162, 81707, 81521, 82635]"
118687,"[94273, 34864, 40152, 78040, 84879, 59177, 66922, 18270, 53596, 92820]"
118688,"[75687, 98202, 58220, 44068, 87002, 107059, 73346, 68963, 37090, 6834]"
118689,"[53109, 66494, 3122, 91876, 97386, 46316, 73490, 26432, 28949, 52745]"
118690,"[29893, 87877, 107935, 57795, 83707, 60491, 98511, 765, 50353, 57855]"
118691,"[54352, 83094, 25637, 84, 12029, 93512, 28139, 69866, 97144, 89215]"
118692,"[62957, 69186, 90769, 79187, 26538, 79856, 13177, 22639, 82939, 16783]"
118693,"[91425, 102865, 65621, 89610, 33646, 69624, 76399, 36320, 16893, 79602]"
118694,"[25976, 19399, 4409, 81442, 21325, 38089, 774, 69380, 95240, 24491]"
118695,"[40986, 47459, 40054, 98984, 70160, 14026, 23905, 79436, 31299, 16845]"
118696,"[77265, 9999, 64028, 75545, 17511, 69065, 37413, 80630, 46081, 75357]"
118697,"[54310, 63206, 95391, 4048, 13300, 105918, 49484, 13068, 107208, 31399]"
118698,"[7846, 62569, 99121, 33392, 68671, 82825, 14800, 31196, 7554, 8469]"
118699,"[98565, 35542, 55827, 35719, 75298, 56992, 49464, 44707, 42748, 92636]"
118700,"[28901, 90081, 75143, 5973, 46706, 69159, 57098, 41924, 33153, 90286]"
118701,"[92913, 53116, 56431, 53888, 78149, 12856, 4679, 41114, 65153, 103247]"
118702,"[79213, 46098, 81667, 82221, 18374, 64145, 100968, 103778, 15842, 65190]"
118703,"[17509, 39295, 80030, 74358, 73333, 60467, 18410, 108736, 17093, 79001]"
118704,"[95678, 26036, 7287, 21208, 83456, 21914, 19487, 40779, 5580, 72795]"
118705,"[101872, 93562, 107767, 93442, 71402, 32712, 63894, 28957, 61933, 69100]"
118706,"[21463, 59800, 109312, 22467, 13945, 103745, 102417, 100495, 72012, 37401]"
118707,"[66444, 39148, 16979, 64579, 103651, 74989, 4501, 91654, 100109, 95620]"
118708,"[29312, 29608, 31385, 96925, 100858, 51266, 64096, 71212, 20479, 15519]"
118709,"[41066, 66687, 93492, 83388, 53186, 29510, 60340, 84873, 96364, 80008]"
118710,"[54740, 78754, 106107, 27479, 85238, 21135, 83968, 65214, 49491, 109353]"
118711,"[81206, 45567, 59993, 53746, 72152, 75623, 103457, 98839, 27058, 13205]"
118712,"[94788, 36253, 86190, 76173, 63067, 29543, 67906, 71409, 741, 24509]"
118713,"[20825, 31662, 78698, 104445, 10276, 88471, 72683, 108148, 34051, 63056]"
118714,"[52570, 71223, 3879, 53391, 35415, 104659, 54313, 28453, 11093, 67243]"
118715,"[10812, 26027, 87386, 96104, 45714, 48412, 9569, 17023, 74913, 18758]"
118716,"[41253, 87731, 95662, 20137, 7589, 79498, 83495, 52330, 74928, 75977]"
118717,"[73850, 59132, 8856, 109601, 73119, 90515, 102228, 56648, 7606, 77316]"
118718,"[54101, 74566, 51005, 42427, 3927, 100468, 17903, 87786, 43294, 66101]"
118719,"[48284, 96499, 7283, 44457, 26098, 18440, 74674, 80623, 89853, 30771]"
118720,"[9421, 43144, 4256, 74963, 48214, 16010, 8972, 88247, 60083, 13104]"
118721,"[95629, 28538, 18262, 58817, 16309, 44212, 34556, 17513, 101630, 83027]"
118722,"[55640, 13325, 34892, 102310, 87926, 44421, 102966, 40205, 71772, 5616]"
118723,"[35238, 102858, 32707, 15386, 10614, 17876, 99013, 50666, 71337, 31327]"
118724,"[62632, 91898, 87863, 101110, 72200, 14671, 40700, 109419, 28707, 93141]"
118725,"[104870, 98051, 66083, 103402, 19398, 98205, 83, 60270, 38540, 80537]"
118726,"[59836, 83326, 55200, 98269, 50417, 13359, 2249, 1982, 65705, 55564]"
118727,"[62479, 82291, 43241, 49809, 101779, 37390, 96210, 15677, 104654, 86766]"
118728,"[87876, 60035, 11036, 97871, 51143, 54417, 72756, 3880, 28643, 91435]"
118729,"[68866, 69193, 11690, 49594, 51542, 45501, 104553, 3159, 39065, 96106]"
118730,"[4962, 87409, 52251, 74762, 43061, 55974, 41434, 60736, 24564, 38076]"
118731,"[67618, 77505, 102832, 37030, 50284, 78515, 73093, 53157, 45375, 10734]"
118732,"[99124, 38685, 49494, 88423, 99349, 108862, 43897, 32099, 23504, 7235]"
118733,"[12560, 30464, 34274, 94067, 59094, 33270, 89497, 103194, 11187, 60908]"
118734,"[21189, 95966, 107940, 87294, 38013, 9372, 24584, 23127, 57928, 73027]"
118735,"[88078, 95674, 69108, 43020, 40423, 67613, 81201, 107443, 21437, 86131]"
118736,"[8969, 17239, 11987, 26533, 81573, 103675, 20584, 51181, 76352, 2585]"
118737,"[11846, 64889, 63759, 22501, 16682, 41815, 20788, 50738, 31185, 14269]"
118738,"[109050, 48903, 107069, 40771, 65269, 51565, 3039, 14829, 5957, 94647]"
118739,"[72832, 77561, 49442, 52260, 82479, 78279, 51639, 76766, 14099, 92861]"
118740,"[24356, 90749, 16471, 19657, 45335, 33312, 98626, 92773, 83405, 109406]"
118741,"[38336, 84241, 4969, 6796, 72103, 84240, 41570, 27599, 33281, 108505]"
118742,"[24499, 21132, 21371, 68681, 13509, 109250, 35877, 11641, 17217, 91904]"
118743,"[52518, 34853, 45847, 103822, 62061, 50310, 57621, 55636, 33918, 94772]"
118744,"[24563, 17438, 86290, 59275, 105541, 91363, 13243, 21106, 40489, 43525]"
118745,"[40204, 69732, 28267, 69675, 104066, 8324, 8867, 26949, 64047, 62085]"
118746,"[55589, 68890, 4105, 93907, 26739, 78002, 31701, 50143, 76678, 14369]"
118747,"[15395, 43890, 26823, 61022, 71355, 84648, 101301, 60487, 19202, 100655]"
118748,"[57204, 67780, 13731, 105200, 47446, 20234, 108274, 49126, 78906, 108767]"
118749,"[40763, 87820, 46849, 30279, 25833, 21779, 86043, 109006, 3279, 39582]"
118750,"[75795, 1517, 51465, 36455, 82171, 76947, 81969, 65309, 4910, 9217]"
118751,"[21442, 63887, 90719, 48760, 7281, 269, 89238, 3427, 83463, 87224]"
118752,"[102630, 17936, 18832, 102134, 64873, 105920, 6347, 68864, 44290, 64234]"
118753,"[44934, 101323, 36522, 101621, 88508, 93958, 37865, 94092, 62451, 47177]"
118754,"[92234, 66613, 34656, 44355, 64252, 76030, 54246, 35312, 4376, 4605]"
118755,"[18051, 60413, 84301, 55713, 7468, 24440, 105899, 27234, 87030, 50980]"
118756,"[56660, 4935, 99648, 42225, 65856, 91464, 97141, 4665, 101036, 50866]"
118757,"[81585, 27428, 72652, 54822, 75560, 51996, 73550, 105624, 94945, 21401]"
118758,"[90847, 76257, 105903, 108500, 28325, 83959, 9216, 69787, 1724, 90135]"
118759,"[55763, 17005, 3412, 71888, 52370, 18124, 67229, 11770, 80293, 82285]"
118760,"[109744, 49253, 23695, 37286, 60653, 23730, 96662, 49350, 47564, 19165]"
118761,"[13130, 96833, 16011, 20463, 33971, 53302, 62944, 107487, 39608, 102059]"
118762,"[91171, 5073, 40034, 106564, 46997, 104792, 40817, 24548, 34027, 7682]"
118763,"[59412, 10687, 77069, 54634, 8297, 19110, 15660, 101430, 40753, 98499]"
118764,"[55564, 13359, 23263, 46754, 27463, 33353, 32845, 4744, 16178, 108652]"
118765,"[86388, 12532, 77923, 49201, 92256, 33733, 34052, 37181, 42284, 86672]"
118766,"[74032, 50810, 83879, 6034, 38343, 86675, 5954, 56197, 44616, 30890]"
118767,"[68032, 35067, 17841, 66282, 32331, 96904, 81208, 11050, 70842, 60069]"
118768,"[103147, 44869, 77886, 9680, 84284, 59707, 35399, 55545, 16479, 24854]"
118769,"[5141, 109715, 52527, 41969, 5534, 67239, 22923, 37589, 31521, 81681]"
118770,"[58227, 82090, 7479, 69274, 104651, 7797, 63161, 16054, 48236, 109009]"
118771,"[88848, 51523, 71188, 84566, 71001, 25079, 67918, 56811, 71649, 17547]"
118772,"[55780, 25477, 93936, 101089, 50556, 54869, 55620, 105995, 22293, 19998]"
118773,"[68865, 87875, 54808, 59444, 2077, 29721, 104504, 6166, 61125, 38177]"
118774,"[56558, 21305, 26923, 37876, 98688, 20150, 17706, 37973, 29838, 17743]"
118775,"[48040, 22205, 58120, 75500, 77895, 50938, 65430, 49690, 16104, 33169]"
118776,"[70110, 73140, 49144, 86282, 31753, 86809, 106887, 64198, 108890, 21854]"
118777,"[70343, 39191, 94895, 77476, 42393, 36866, 21674, 53024, 90251, 23758]"
118778,"[77010, 51113, 44699, 91514, 77490, 95405, 66814, 50496, 8950, 18602]"
118779,"[34445, 37424, 88273, 7429, 50388, 92461, 83494, 31413, 100353, 85722]"
118780,"[44949, 64650, 37443, 19808, 63821, 60138, 6940, 38745, 86097, 67541]"
118781,"[60940, 77119, 53074, 11531, 20360, 105780, 60992, 73266, 48684, 89529]"
118782,"[76421, 84189, 16568, 17916, 74238, 24087, 72618, 13587, 68994, 32615]"
118783,"[50135, 11356, 88214, 50467, 48427, 20124, 78828, 42947, 41201, 84677]"
118784,"[97856, 64648, 16923, 2269, 95810, 54159, 84612, 101930, 45726, 36660]"
118785,"[75244, 15650, 107036, 1582, 1819, 28064, 89030, 65926, 88681, 63752]"
118786,"[100158, 88635, 66932, 4287, 76685, 100561, 8034, 91902, 71280, 92252]"
118787,"[14915, 62585, 36147, 81605, 70857, 60934, 27866, 18906, 64986, 96160]"
118788,"[20472, 22715, 84856, 38205, 30529, 71270, 66330, 107365, 85736, 48351]"
118789,"[20134, 14741, 82072, 96940, 76661, 28772, 94436, 76853, 61661, 11312]"
118790,"[35137, 42469, 25634, 8810, 19953, 104274, 102392, 99204, 51263, 54763]"
118791,"[33228, 51775, 84258, 72969, 3495, 4889, 63302, 63207, 55815, 93518]"
118792,"[36694, 18871, 101799, 56005, 14604, 7543, 28808, 89172, 46790, 12390]"
118793,"[100518, 52311, 99055, 59469, 88564, 21573, 35044, 91271, 89480, 29142]"
118794,"[29074, 108228, 101930, 7405, 97856, 64648, 36660, 59761, 84612, 54159]"
118795,"[18996, 14529, 74905, 29848, 86, 21077, 77304, 37765, 64057, 84172]"
118796,"[59295, 102908, 83420, 62028, 51067, 108497, 38970, 95666, 14626, 39981]"
118797,"[106198, 90307, 12225, 22383, 25179, 23008, 90756, 6966, 41883, 92810]"
118798,"[56175, 1795, 86282, 19845, 18894, 84044, 16866, 43438, 88444, 60964]"
118799,"[97156, 22431, 90364, 8986, 85321, 96614, 95921, 55674, 55932, 17426]"
118800,"[13222, 12621, 101094, 80889, 22792, 44129, 12053, 47898, 87617, 8885]"
118801,"[55686, 52732, 8865, 30722, 58784, 18991, 16643, 82369, 105614, 62068]"
118802,"[25878, 9238, 37637, 86320, 62430, 47871, 17347, 51580, 78130, 18339]"
118803,"[8641, 32108, 27617, 105227, 46028, 15041, 109610, 48935, 34533, 4564]"
118804,"[3431, 98, 88699, 68444, 100040, 73502, 69847, 54685, 12188, 3121]"
118805,"[63743, 49610, 7611, 84890, 43315, 1506, 2184, 2117, 26979, 63329]"
118806,"[99779, 38853, 68349, 63905, 106085, 59527, 92782, 585, 79308, 3932]"
118807,"[88995, 89954, 94545, 34029, 86285, 67346, 11938, 64954, 64348, 26188]"
118808,"[71467, 37973, 27528, 79458, 50719, 41593, 48956, 37876, 38142, 108647]"
118809,"[40439, 81311, 39187, 7863, 96497, 107118, 77750, 14390, 89832, 3140]"
118810,"[91638, 70584, 3463, 52855, 96147, 41607, 64589, 23673, 105445, 36819]"
118811,"[29282, 63002, 71172, 55227, 40542, 65737, 50054, 41133, 7391, 79796]"
118812,"[87268, 12087, 72905, 17724, 86503, 30939, 67947, 97906, 59115, 80777]"
118813,"[65385, 45751, 23076, 36671, 94828, 85448, 6547, 73714, 103554, 108033]"
118814,"[78972, 97006, 69949, 57813, 36083, 102075, 23722, 17922, 20180, 63187]"
118815,"[23832, 48026, 5226, 32204, 90758, 90480, 33505, 74084, 73105, 72936]"
118816,"[26807, 107646, 19949, 62433, 89775, 29355, 57616, 21310, 57594, 31568]"
118817,"[65769, 74513, 101478, 57950, 58388, 69300, 65914, 72089, 51517, 9476]"
118818,"[13779, 37593, 88894, 26606, 13507, 55012, 80091, 74339, 104756, 26375]"
118819,"[69308, 99899, 64559, 26828, 99932, 33777, 37171, 33439, 76451, 49788]"
118820,"[10076, 37481, 3675, 41752, 46456, 83188, 61729, 74082, 21918, 19107]"
118821,"[86251, 37892, 51252, 104332, 77443, 97338, 45305, 12177, 75861, 4879]"
118822,"[34894, 94417, 3234, 60198, 68470, 34256, 38234, 18418, 49218, 91664]"
118823,"[47234, 32100, 35622, 19463, 67922, 9176, 66403, 74918, 52975, 86094]"
118824,"[78307, 79667, 2905, 61444, 52216, 36241, 98135, 22075, 27405, 6565]"
118825,"[33571, 49995, 14648, 72767, 4846, 76555, 16729, 47233, 28142, 109645]"
118826,"[10276, 108148, 34051, 20825, 72683, 104445, 88471, 102534, 61058, 14668]"
118827,"[22271, 49966, 17677, 70912, 29934, 62795, 107910, 107928, 103643, 72621]"
118828,"[10633, 63332, 105181, 80862, 74596, 51285, 54594, 10718, 79907, 65264]"
118829,"[8542, 28687, 79076, 45687, 23130, 77848, 84560, 15279, 64870, 15081]"
118830,"[77119, 53074, 11531, 105780, 20360, 75303, 73266, 66032, 73474, 7685]"
118831,"[47642, 86359, 63004, 30910, 71996, 20380, 8711, 37259, 75164, 20857]"
118832,"[68856, 91892, 35743, 7472, 15641, 35868, 20197, 105856, 56239, 64612]"
118833,"[102573, 44794, 28613, 56597, 7850, 8263, 90935, 67773, 64172, 82929]"
118834,"[68146, 20304, 19605, 40862, 11180, 34429, 67667, 86626, 15658, 40396]"
118835,"[67735, 81327, 70027, 98396, 7386, 103892, 108632, 73732, 94073, 5930]"
118836,"[88078, 104634, 102053, 69108, 43020, 67613, 40423, 44544, 78258, 83400]"
118837,"[37977, 61836, 82630, 24798, 44602, 80683, 4925, 74778, 86022, 64025]"
118838,"[36297, 62650, 101824, 75994, 8758, 84586, 94294, 83838, 36310, 61630]"
118839,"[107289, 33404, 93954, 40718, 50425, 1251, 41056, 106781, 82643, 61163]"
118840,"[95818, 57663, 69653, 58587, 43648, 102296, 47407, 53420, 13375, 49948]"
118841,"[36356, 89810, 57892, 1986, 11079, 62977, 64353, 25572, 102145, 49857]"
118842,"[6326, 37579, 98067, 100418, 9685, 103899, 99276, 37137, 2372, 100999]"
118843,"[2436, 98453, 48542, 103706, 13532, 74518, 1826, 74003, 68905, 103435]"
118844,"[89807, 62264, 98091, 23020, 76577, 24415, 68095, 72979, 53536, 14217]"
118845,"[2130, 35672, 11841, 77834, 29698, 56383, 3774, 51730, 60021, 69602]"
118846,"[81782, 13990, 15907, 36239, 28694, 100506, 55657, 40965, 31785, 2338]"
118847,"[100071, 55494, 42852, 93507, 97751, 63536, 12601, 8766, 51897, 66467]"
118848,"[59522, 15567, 93579, 59414, 88149, 9781, 8413, 29720, 25970, 73589]"
118849,"[69744, 103463, 19673, 68884, 52784, 90364, 81509, 27996, 12426, 54812]"
118850,"[19928, 58416, 105143, 83539, 82576, 76429, 33457, 100908, 95863, 57032]"
118851,"[31883, 53115, 94819, 80392, 64258, 11408, 32806, 9802, 12093, 93066]"
118852,"[82072, 14741, 20761, 5613, 4367, 88501, 76661, 96940, 34524, 28772]"
118853,"[22573, 57656, 108783, 52705, 28461, 87057, 79507, 5517, 12051, 102913]"
118854,"[102877, 77120, 68023, 61523, 97162, 68435, 93575, 102740, 9211, 7918]"
118855,"[98183, 9084, 17619, 56863, 49785, 49042, 38709, 70127, 50178, 66435]"
118856,"[35970, 90555, 26841, 83423, 53857, 34307, 68999, 55074, 53871, 38576]"
118857,"[64430, 57927, 104965, 11482, 47434, 78264, 108812, 77741, 8403, 45146]"
118858,"[71717, 30359, 95614, 46684, 97288, 44515, 21648, 38874, 33274, 51227]"
118859,"[73711, 53427, 19993, 9199, 9686, 64102, 87221, 62200, 40041, 7550]"
118860,"[99096, 81455, 70849, 41651, 24214, 70241, 74262, 43314, 72186, 103546]"
118861,"[31993, 54695, 2585, 51181, 413, 37724, 27765, 58610, 52443, 11987]"
118862,"[78575, 97788, 71417, 31725, 96081, 50296, 98997, 59357, 81874, 97817]"
118863,"[58068, 31337, 14234, 83920, 67209, 107907, 15483, 53051, 36967, 89205]"
118864,"[64830, 65583, 31808, 33626, 24325, 27309, 56325, 34107, 28846, 60217]"
118865,"[39361, 74832, 51270, 98102, 72558, 78961, 21411, 9071, 73739, 75561]"
118866,"[80346, 94722, 103023, 15399, 38106, 100014, 23594, 36737, 20164, 75049]"
118867,"[21119, 72076, 72733, 106618, 71185, 49341, 3904, 957, 25493, 93699]"
118868,"[61983, 65230, 59737, 74449, 58974, 46831, 27478, 32666, 88676, 101876]"
118869,"[41443, 101444, 63408, 68475, 18820, 98121, 68821, 48260, 42422, 57878]"
118870,"[10266, 102631, 41546, 68704, 14095, 40600, 68527, 29433, 22118, 81113]"
118871,"[10071, 1463, 85651, 60877, 20794, 16052, 51810, 29697, 28477, 52661]"
118872,"[74501, 84949, 106076, 1829, 4570, 11048, 55460, 69392, 4775, 13870]"
118873,"[67857, 76197, 43568, 90435, 74560, 81889, 98467, 89374, 89957, 97008]"
118874,"[2385, 26263, 97074, 39797, 15364, 43800, 108803, 56098, 42732, 64884]"
118875,"[29460, 95071, 11804, 83463, 87224, 22343, 89238, 80972, 64409, 48674]"
118876,"[13605, 67677, 103253, 27776, 58081, 59380, 40604, 102608, 18948, 16235]"
118877,"[83620, 95706, 44688, 42505, 88775, 28642, 76590, 90621, 16993, 50933]"
118878,"[29374, 75772, 28576, 34025, 67381, 12154, 8045, 61649, 50093, 97191]"
118879,"[3359, 63261, 48787, 90164, 85495, 72585, 74436, 102783, 81528, 18824]"
118880,"[45426, 60220, 101069, 72859, 63350, 66005, 27105, 51212, 57639, 94364]"
118881,"[78292, 37881, 26998, 87355, 89187, 90776, 56987, 28655, 74488, 42679]"
118882,"[39111, 83495, 108761, 4417, 21513, 68251, 81365, 79498, 35710, 33427]"
118883,"[37369, 6923, 66616, 50593, 96158, 53833, 79995, 104728, 40192, 4269]"
118884,"[68790, 33077, 64282, 53165, 33372, 16157, 66795, 66721, 81959, 5512]"
118885,"[84659, 79087, 64390, 33375, 23423, 63909, 40239, 44591, 92226, 1507]"
118886,"[7200, 77716, 50548, 55428, 78742, 91066, 84389, 16688, 30179, 39324]"
118887,"[101171, 17156, 91825, 6828, 105146, 48360, 52739, 92805, 89748, 58276]"
118888,"[61577, 105420, 70596, 57183, 85584, 102217, 33911, 84328, 49989, 20961]"
118889,"[93401, 67412, 85405, 66534, 14490, 48121, 108334, 53713, 5399, 23146]"
118890,"[45611, 76469, 78526, 28796, 84772, 15989, 61513, 9980, 47876, 58314]"
118891,"[91331, 43000, 82068, 76545, 45524, 77696, 53034, 36304, 31100, 31934]"
118892,"[46062, 64306, 10254, 102546, 29207, 99809, 40914, 86972, 58091, 25875]"
118893,"[96090, 55112, 61526, 106960, 62586, 27954, 50859, 13224, 70502, 16591]"
118894,"[13280, 12548, 93863, 45461, 10505, 90815, 15415, 88326, 58803, 42957]"
118895,"[92018, 7648, 53334, 23631, 34803, 98373, 82835, 57660, 49406, 85389]"
118896,"[10355, 60603, 26414, 26995, 76687, 89902, 70001, 3986, 47647, 62531]"
118897,"[11609, 101013, 95313, 32890, 22824, 97477, 71474, 100607, 105525, 10117]"
118898,"[33174, 38690, 90394, 100825, 71034, 75136, 46525, 83904, 100117, 5656]"
118899,"[32765, 67975, 105261, 9098, 5702, 33657, 30523, 79113, 72629, 56133]"
118900,"[10606, 60844, 18198, 45777, 10611, 100266, 104954, 83361, 53211, 40535]"
118901,"[96967, 49617, 108044, 78285, 103583, 106805, 93229, 24858, 34106, 5681]"
118902,"[67161, 13716, 100575, 35493, 10329, 21879, 59141, 104278, 42643, 7598]"
118903,"[51541, 99466, 1351, 82218, 3320, 66432, 12633, 25580, 50176, 45980]"
118904,"[79534, 33487, 14257, 38405, 109175, 76490, 24936, 38983, 103257, 20786]"
118905,"[10217, 13040, 104505, 43139, 14699, 52329, 95612, 8565, 24952, 38747]"
118906,"[19441, 4738, 45497, 36048, 61493, 96503, 93965, 108973, 102335, 16296]"
118907,"[27219, 88167, 74740, 7175, 86035, 18955, 35024, 29654, 35910, 56803]"
118908,"[15944, 102884, 63519, 86737, 17945, 59356, 47178, 104995, 70909, 86612]"
118909,"[47590, 68803, 18133, 82137, 91224, 28541, 75287, 86392, 55663, 87198]"
118910,"[50423, 12293, 9595, 22407, 105425, 50394, 45667, 59503, 7890, 42672]"
118911,"[77428, 44562, 36140, 89258, 64142, 74790, 21162, 97219, 93323, 5943]"
118912,"[28193, 69706, 12049, 56640, 84853, 87418, 53412, 25030, 29679, 80557]"
118913,"[72249, 18873, 41780, 96252, 16683, 6830, 4686, 98083, 73839, 53957]"
118914,"[41721, 46078, 53087, 23419, 47532, 103406, 12989, 19195, 18653, 41441]"
118915,"[94601, 60335, 264, 15889, 21703, 97965, 2499, 65889, 14423, 58618]"
118916,"[26606, 88894, 37593, 13779, 55012, 13507, 5552, 61876, 106233, 23501]"
118917,"[49305, 18735, 104803, 14081, 42384, 92128, 59741, 91809, 60986, 108138]"
118918,"[97010, 38817, 23887, 82276, 59237, 37663, 46745, 64600, 48115, 50010]"
118919,"[79644, 90385, 41594, 60736, 26435, 104323, 54830, 58854, 44757, 68802]"
118920,"[59261, 98039, 84988, 103789, 88830, 60076, 75175, 109250, 75271, 71507]"
118921,"[301, 35278, 71878, 20001, 63637, 72418, 66058, 69239, 51355, 83170]"
118922,"[93208, 98567, 17251, 35652, 103802, 49175, 35345, 34340, 39682, 38143]"
118923,"[69211, 82468, 11397, 28212, 99866, 54396, 56066, 23199, 78522, 89019]"
118924,"[15178, 92644, 77043, 34930, 12568, 108435, 90374, 41755, 32504, 45948]"
118925,"[54773, 62824, 7699, 18402, 105438, 99859, 8103, 43713, 1081, 71325]"
118926,"[41418, 49756, 80913, 65336, 64199, 73317, 8613, 92150, 19184, 63430]"
118927,"[52555, 94117, 82332, 45509, 1325, 60971, 52412, 109460, 102006, 91759]"
118928,"[13246, 46462, 45003, 65516, 83929, 84820, 88145, 33386, 93419, 63025]"
118929,"[79789, 52280, 101508, 87745, 35994, 104805, 9759, 4057, 92939, 6319]"
118930,"[79678, 79394, 74383, 109333, 95805, 65774, 5252, 75332, 72830, 64743]"
118931,"[13300, 95391, 105918, 54310, 4048, 63206, 56773, 19970, 87394, 25930]"
118932,"[65684, 93278, 108883, 77334, 95435, 2733, 99040, 78865, 56631, 2376]"
118933,"[2321, 109649, 62196, 62046, 105071, 988, 7736, 72417, 44768, 105684]"
118934,"[30901, 74920, 495, 108844, 90269, 4068, 7074, 31275, 74641, 59707]"
118935,"[4890, 45777, 60844, 10606, 18198, 10611, 104103, 101426, 56669, 41310]"
118936,"[55962, 41279, 28627, 75504, 4513, 2034, 87509, 84942, 55305, 15991]"
118937,"[32633, 71252, 67795, 40743, 37561, 97765, 39577, 91235, 15375, 48156]"
118938,"[22969, 71151, 95272, 91751, 8369, 108262, 26558, 23235, 56073, 263]"
118939,"[18072, 14961, 5508, 3351, 29525, 38861, 28330, 6346, 16867, 61186]"
118940,"[27266, 6708, 87484, 12291, 41954, 93010, 44803, 103544, 24302, 88875]"
118941,"[104473, 82083, 58954, 56462, 44402, 43328, 563, 106506, 109104, 7928]"
118942,"[100030, 77869, 65661, 99039, 16819, 100941, 27050, 3574, 29099, 49538]"
118943,"[89782, 23215, 15498, 35226, 82122, 94730, 45577, 81677, 98593, 89391]"
118944,"[61765, 5465, 37142, 85725, 91298, 97696, 106932, 108257, 54639, 40470]"
118945,"[22688, 76388, 36649, 21348, 68789, 3805, 103529, 78303, 66595, 45815]"
118946,"[63380, 109131, 102718, 74763, 44003, 106171, 68630, 86293, 19617, 40155]"
118947,"[30866, 57096, 76334, 36219, 57905, 3107, 20429, 80485, 44990, 30038]"
118948,"[102625, 15008, 73719, 68128, 44810, 29195, 15303, 57861, 95051, 79926]"
118949,"[107776, 20510, 26138, 48499, 54132, 23572, 87393, 27274, 100978, 33648]"
118950,"[31530, 63856, 18143, 72383, 20699, 11586, 94418, 239, 104972, 62875]"
118951,"[48603, 104669, 19463, 19847, 62549, 36914, 52975, 86094, 37247, 85414]"
118952,"[108372, 69127, 82422, 94700, 27495, 57599, 79083, 8773, 84850, 26614]"
118953,"[10204, 3775, 8181, 59957, 50726, 5463, 54664, 19097, 49496, 10764]"
118954,"[35478, 59194, 75395, 101597, 53585, 10131, 27048, 24262, 43311, 52758]"
118955,"[78400, 105517, 53615, 39056, 54606, 96547, 22518, 34043, 93547, 61743]"
118956,"[72258, 84058, 50061, 102803, 21931, 71118, 47003, 66304, 17579, 63462]"
118957,"[85285, 17964, 13293, 80006, 88618, 48737, 38934, 30403, 91159, 107705]"
118958,"[642, 72847, 77462, 77288, 59622, 69729, 16409, 30021, 32965, 29489]"
118959,"[27660, 10060, 571, 40448, 69739, 46033, 81414, 41016, 77673, 19369]"
118960,"[83778, 72734, 42368, 48815, 73066, 32247, 96018, 104423, 24069, 54990]"
118961,"[58987, 74192, 84720, 20951, 39839, 21042, 102804, 18025, 94841, 107294]"
118962,"[46979, 11689, 25649, 77054, 61124, 35737, 7062, 23645, 70183, 40704]"
118963,"[76165, 71544, 87291, 212, 48650, 87757, 48365, 93889, 88798, 27231]"
118964,"[95610, 47327, 73013, 69077, 6083, 69564, 71095, 104614, 87853, 91820]"
118965,"[34386, 100808, 47159, 73329, 6180, 62290, 59203, 74907, 8053, 60476]"
118966,"[25952, 97530, 67673, 14626, 61086, 83869, 20670, 102970, 19729, 60920]"
118967,"[71131, 57430, 19354, 41031, 86745, 33477, 3246, 28213, 26090, 60848]"
118968,"[471, 42791, 76224, 105112, 48306, 5645, 73462, 89822, 7402, 27830]"
118969,"[60416, 61257, 16265, 61719, 35809, 23309, 14720, 85319, 62126, 53454]"
118970,"[2003, 69974, 100732, 1309, 91985, 55967, 77610, 35021, 16076, 36182]"
118971,"[5195, 79051, 27961, 60078, 60983, 103033, 74588, 89398, 98217, 15517]"
118972,"[63664, 99022, 22574, 32286, 91854, 55543, 58269, 17597, 96484, 44898]"
118973,"[93511, 89229, 77257, 89569, 15458, 103517, 94672, 100508, 88097, 45364]"
118974,"[59729, 2758, 70613, 28888, 28954, 40285, 102710, 14954, 33684, 59343]"
118975,"[13007, 42942, 91177, 300, 30539, 91249, 53263, 27930, 12246, 79937]"
118976,"[72782, 67121, 29208, 49967, 91461, 56036, 22094, 57714, 89261, 47877]"
118977,"[24074, 31200, 80155, 103344, 83342, 77712, 107579, 45638, 84581, 22599]"
118978,"[54063, 56944, 9594, 14762, 34316, 27344, 44667, 16782, 44915, 31229]"
118979,"[72325, 5313, 15743, 19848, 95704, 76554, 9047, 53653, 76843, 29950]"
118980,"[92435, 57696, 30206, 12839, 50699, 89927, 95647, 74497, 74177, 29606]"
118981,"[88131, 109126, 98315, 98199, 39638, 20457, 48885, 81759, 48340, 47603]"
118982,"[86515, 47284, 77026, 74233, 58304, 8691, 74487, 10685, 34449, 94165]"
118983,"[37164, 73452, 40693, 49275, 20232, 71097, 32948, 79243, 56592, 79488]"
118984,"[68083, 74820, 89531, 105647, 15074, 68172, 53717, 8963, 83184, 23379]"
118985,"[67319, 27943, 2012, 75273, 98433, 48668, 62689, 45970, 108932, 97034]"
118986,"[76234, 101744, 68274, 98098, 61454, 82194, 57619, 53072, 16001, 47480]"
118987,"[56765, 97291, 61130, 77340, 14180, 67099, 92567, 52140, 76697, 89947]"
118988,"[45539, 18481, 42095, 96239, 17268, 55022, 52527, 33888, 7042, 65627]"
118989,"[43382, 10218, 66096, 78802, 102674, 78262, 21957, 12333, 43999, 21544]"
118990,"[89025, 15445, 40199, 38547, 44970, 60680, 11693, 74851, 91397, 24247]"
118991,"[72453, 4809, 97621, 90154, 32404, 62227, 76325, 56058, 96586, 16204]"
118992,"[36164, 100751, 30353, 82510, 57012, 25917, 51203, 104130, 26292, 82283]"
118993,"[69424, 38223, 29780, 31688, 13289, 87553, 16538, 45639, 4903, 46142]"
118994,"[52866, 76600, 25283, 37199, 15937, 58672, 32355, 278, 108902, 27831]"
118995,"[19507, 23652, 41438, 104794, 108310, 27829, 69524, 13756, 60569, 72987]"
118996,"[38336, 84241, 27599, 72103, 84240, 6796, 88058, 64565, 2544, 108505]"
118997,"[50938, 19527, 91572, 77895, 16758, 78496, 48040, 22205, 21470, 95568]"
118998,"[89418, 47508, 845, 8177, 88349, 65937, 98401, 74649, 101682, 24843]"
118999,"[31887, 53136, 100192, 70068, 62110, 7828, 99009, 85040, 60939, 81192]"
119000,"[89212, 93692, 64907, 34456, 25089, 105935, 85129, 66166, 88570, 85534]"
119001,"[97609, 64356, 33342, 92049, 76967, 106494, 79498, 2416, 89049, 40163]"
119002,"[63793, 22306, 25615, 86767, 89542, 61599, 48513, 73920, 10664, 23169]"
119003,"[9145, 22735, 41152, 73771, 39866, 105457, 18166, 30474, 77392, 12389]"
119004,"[22962, 56109, 9615, 70667, 44590, 49102, 48225, 99406, 9124, 35657]"
119005,"[29567, 44292, 2708, 19548, 75212, 16278, 39380, 57570, 53202, 46578]"
119006,"[81075, 58260, 72927, 31723, 65844, 54140, 38848, 75168, 16010, 68714]"
119007,"[82889, 81313, 100901, 102647, 8273, 15372, 61969, 66047, 83691, 88845]"
119008,"[46870, 33120, 33558, 62363, 99470, 64035, 51191, 87492, 11398, 13814]"
119009,"[80740, 85130, 105509, 1123, 1142, 81802, 90582, 89043, 37732, 78940]"
119010,"[108505, 64565, 101593, 105991, 10872, 36969, 8067, 65456, 24284, 34862]"
119011,"[107247, 109180, 93629, 16586, 25488, 70580, 47441, 69837, 88085, 14257]"
119012,"[85939, 17739, 82995, 66789, 108161, 50584, 32728, 10101, 38709, 9949]"
119013,"[23765, 69754, 13992, 36960, 24010, 30046, 15181, 63980, 82988, 2836]"
119014,"[107560, 3826, 60748, 38239, 9178, 60906, 26143, 103649, 65895, 36542]"
119015,"[79047, 70595, 102245, 73011, 87807, 16395, 36178, 81843, 51812, 84153]"
119016,"[80564, 18626, 26131, 65867, 43021, 46873, 24627, 26348, 43808, 47210]"
119017,"[80943, 77559, 52790, 9820, 73981, 78958, 96448, 982, 39306, 102317]"
119018,"[72569, 26423, 44233, 105591, 66584, 14711, 2062, 106287, 40377, 1166]"
119019,"[83710, 95727, 84391, 102326, 93168, 61740, 85034, 109039, 29281, 59495]"
119020,"[52696, 71476, 66970, 7523, 21120, 3430, 59076, 32389, 81601, 90496]"
119021,"[52653, 88775, 82374, 42505, 109349, 28908, 84436, 30502, 105547, 20322]"
119022,"[12435, 37768, 70215, 23634, 64977, 47849, 87116, 32551, 73617, 41751]"
119023,"[45114, 5821, 67960, 104574, 25804, 86904, 16496, 44045, 21267, 60615]"
119024,"[20864, 46461, 63979, 109402, 38894, 98596, 31441, 2025, 24257, 26339]"
119025,"[5062, 52148, 35124, 4852, 80721, 46302, 43854, 93310, 19534, 35192]"
119026,"[58926, 15122, 94037, 86575, 80269, 25497, 71208, 95977, 66835, 97464]"
119027,"[93889, 75707, 71544, 26739, 49050, 76165, 67287, 13519, 27231, 88798]"
119028,"[52495, 101389, 58024, 78915, 48648, 60451, 75634, 28158, 81126, 12367]"
119029,"[9190, 48254, 79716, 94170, 81619, 61700, 57255, 69622, 22284, 31990]"
119030,"[10044, 80793, 37746, 40447, 47817, 58827, 13317, 94829, 5219, 20405]"
119031,"[77654, 6639, 36622, 76858, 96178, 747, 63789, 70320, 21604, 78375]"
119032,"[58842, 24726, 88045, 16370, 68218, 10860, 18308, 87834, 29344, 29443]"
119033,"[21815, 29124, 83500, 553, 75540, 19666, 40521, 92087, 103575, 38375]"
119034,"[86909, 99714, 25418, 5499, 46315, 58972, 91448, 58275, 20161, 44305]"
119035,"[10491, 29498, 78933, 95897, 47411, 87586, 44395, 4209, 94657, 89709]"
119036,"[51473, 7866, 78347, 100898, 49038, 5867, 70156, 72538, 67987, 38664]"
119037,"[34647, 5953, 12976, 15514, 9529, 55538, 42559, 90738, 27156, 30341]"
119038,"[31384, 5101, 15915, 92775, 6068, 2450, 33510, 96608, 1503, 85157]"
119039,"[14837, 45057, 49058, 18665, 93533, 50522, 96099, 69482, 98080, 15430]"
119040,"[10531, 102651, 59886, 60188, 40786, 78862, 69631, 47672, 4374, 29694]"
119041,"[1238, 105651, 45766, 100872, 91897, 12593, 8690, 36890, 92979, 38958]"
119042,"[39753, 18560, 23035, 20658, 102033, 85203, 105097, 96149, 8654, 51120]"
119043,"[11432, 74268, 100090, 24157, 46467, 94926, 26243, 34423, 71406, 50820]"
119044,"[1353, 46093, 85733, 21358, 63141, 87251, 33746, 22860, 8151, 22168]"
119045,"[947, 100467, 60634, 3301, 89157, 11232, 94818, 31748, 72950, 44900]"
119046,"[38263, 5237, 14325, 86627, 64036, 82853, 6437, 11985, 4428, 60760]"
119047,"[20578, 26483, 92056, 72358, 102497, 102708, 46763, 27894, 100279, 87357]"
119048,"[41675, 77371, 96047, 52109, 18515, 46422, 22775, 3645, 102788, 106005]"
119049,"[108709, 46500, 73509, 19803, 101833, 52235, 91537, 54631, 5266, 102889]"
119050,"[30218, 87979, 39789, 3534, 109744, 44734, 38327, 16311, 78754, 106107]"
119051,"[64283, 2483, 75589, 28783, 16509, 78062, 41502, 24350, 67237, 39729]"
119052,"[6978, 91824, 35929, 94390, 73059, 60386, 30597, 65612, 22109, 14065]"
119053,"[32523, 109681, 69699, 79981, 36599, 28332, 14269, 29272, 73005, 11369]"
119054,"[23176, 54554, 65318, 52175, 71763, 80151, 97486, 66379, 1632, 36194]"
119055,"[56652, 66777, 90500, 47314, 74262, 35690, 67134, 43314, 84632, 8055]"
119056,"[5902, 102224, 56156, 94645, 108160, 59774, 89603, 89847, 14904, 38553]"
119057,"[71995, 106617, 82293, 98251, 109289, 16068, 102937, 80760, 12935, 10906]"
119058,"[18333, 63776, 108078, 69611, 98775, 94009, 36842, 14566, 72564, 15943]"
119059,"[31317, 26231, 17707, 45474, 90597, 73244, 3546, 41563, 66898, 72638]"
119060,"[106028, 28682, 33450, 93216, 99062, 58364, 105777, 6568, 29493, 22525]"
119061,"[69988, 101755, 58782, 75627, 57502, 58319, 33945, 63489, 70351, 63528]"
119062,"[43280, 61074, 47458, 54246, 82141, 64252, 76030, 6008, 104660, 62883]"
119063,"[97493, 104201, 58143, 77978, 74661, 78971, 33549, 11510, 15522, 69271]"
119064,"[47589, 5513, 98042, 48147, 16504, 35167, 89713, 90428, 40454, 30384]"
119065,"[39133, 38420, 99882, 43414, 19272, 85246, 9307, 93186, 2169, 49499]"
119066,"[49806, 44142, 8399, 58427, 33912, 83143, 5837, 74727, 57025, 53735]"
119067,"[40122, 93790, 53458, 43938, 24326, 33636, 71241, 8729, 76108, 107149]"
119068,"[60032, 83170, 70087, 108609, 62394, 57258, 97175, 28251, 87394, 25458]"
119069,"[59843, 19238, 23986, 61883, 41087, 81366, 53972, 8652, 47991, 23519]"
119070,"[82298, 101536, 59818, 94058, 57048, 72744, 90731, 80212, 25387, 20758]"
119071,"[71666, 85032, 51945, 22805, 74904, 38503, 44972, 32918, 71313, 83205]"
119072,"[81709, 94073, 59829, 27704, 6374, 39533, 270, 54066, 5930, 73732]"
119073,"[9112, 47150, 53712, 105974, 43757, 101086, 52267, 86663, 78627, 4542]"
119074,"[34836, 62931, 49626, 66381, 89935, 27466, 56642, 69889, 32510, 46561]"
119075,"[99377, 56537, 34428, 32734, 38954, 102798, 69562, 21290, 1253, 4]"
119076,"[86742, 38748, 105198, 96638, 75851, 103303, 103153, 46785, 81812, 30439]"
119077,"[83703, 16226, 35006, 75018, 86963, 52667, 106605, 19979, 71357, 107940]"
119078,"[38783, 89540, 25458, 22513, 49484, 97641, 99066, 7349, 73461, 5462]"
119079,"[83331, 43300, 47403, 20634, 49660, 32305, 5027, 108542, 93767, 20897]"
119080,"[28498, 78615, 17414, 75428, 90653, 25812, 46882, 23888, 44448, 63769]"
119081,"[6126, 13970, 5730, 30267, 15871, 102936, 106417, 56605, 60479, 8713]"
119082,"[61100, 50129, 41104, 19772, 84161, 32418, 81188, 100507, 22632, 73492]"
119083,"[96697, 59901, 64000, 6061, 54566, 22891, 27466, 108641, 35384, 37180]"
119084,"[2994, 80197, 49930, 29395, 935, 7532, 105357, 3293, 58455, 76097]"
119085,"[28308, 52202, 51950, 25747, 33357, 27541, 96800, 26039, 46140, 88184]"
119086,"[54737, 57769, 89634, 38064, 51156, 86256, 4293, 26539, 50438, 92807]"
119087,"[37824, 98602, 2942, 53884, 17325, 1823, 63005, 58518, 19596, 74507]"
119088,"[17349, 42174, 99673, 108046, 91699, 92590, 79592, 8478, 63006, 10368]"
119089,"[10709, 31730, 9269, 57835, 2697, 9509, 96784, 56881, 74758, 51045]"
119090,"[85514, 92502, 32175, 65853, 58192, 58999, 80213, 102924, 61751, 53807]"
119091,"[57061, 65717, 53863, 68550, 86275, 19244, 82695, 94241, 85892, 28016]"
119092,"[10774, 97393, 72760, 8658, 77248, 67488, 1362, 50016, 79149, 92834]"
119093,"[34092, 67651, 98048, 89772, 27481, 30370, 64709, 91012, 98868, 34854]"
119094,"[100788, 94550, 86578, 61133, 106019, 6229, 31948, 23865, 2028, 106828]"
119095,"[47012, 51859, 78200, 47016, 23160, 29500, 83301, 99643, 69109, 17011]"
119096,"[85562, 5984, 68160, 90240, 33536, 32019, 29336, 23958, 27189, 60777]"
119097,"[96492, 23126, 104416, 50372, 69815, 66454, 58832, 12775, 104368, 27946]"
119098,"[59286, 96332, 15714, 95742, 89199, 39711, 12123, 15237, 56183, 63823]"
119099,"[51523, 88848, 18491, 95318, 84566, 71001, 25079, 99867, 54595, 3060]"
119100,"[90632, 96243, 104146, 30092, 34710, 34678, 82804, 75281, 95511, 88620]"
119101,"[78159, 104297, 88222, 84218, 77517, 10555, 56841, 77273, 20881, 72600]"
119102,"[78415, 55895, 23653, 95751, 86688, 3274, 78979, 45558, 51385, 19639]"
119103,"[22626, 26358, 17620, 21721, 46144, 62783, 27271, 90400, 29742, 33743]"
119104,"[85192, 10989, 7264, 75557, 23246, 38505, 100997, 38754, 57508, 3553]"
119105,"[50897, 49382, 7182, 6042, 3350, 2952, 94698, 7799, 88519, 47946]"
119106,"[67081, 75437, 25713, 57135, 103110, 38720, 14023, 36533, 87181, 21468]"
119107,"[64445, 19915, 48386, 215, 102096, 39047, 97959, 16011, 64605, 38526]"
119108,"[30485, 98206, 100581, 59389, 106907, 29377, 70183, 11067, 20153, 18944]"
119109,"[109579, 41769, 87033, 42334, 49530, 8205, 21005, 107121, 45456, 109085]"
119110,"[36552, 73547, 79345, 83627, 11887, 31739, 53748, 38966, 75226, 94116]"
119111,"[71581, 14180, 74815, 60230, 106256, 57095, 93649, 61448, 31925, 58482]"
119112,"[105563, 70123, 15409, 93647, 93868, 66871, 51832, 68126, 78342, 46350]"
119113,"[101315, 100788, 69111, 100141, 49920, 104618, 21742, 68582, 24473, 26487]"
119114,"[104449, 49173, 100144, 79359, 23669, 36544, 101847, 82870, 62972, 56978]"
119115,"[22368, 68389, 21352, 106906, 94943, 87527, 4555, 88245, 77672, 105886]"
119116,"[4187, 44606, 108073, 42236, 3136, 106115, 51565, 43839, 3039, 25598]"
119117,"[90118, 77285, 98847, 60723, 61706, 54369, 97275, 96663, 55127, 103011]"
119118,"[57947, 65687, 78225, 55842, 98714, 31409, 3515, 46766, 98766, 76416]"
119119,"[24175, 36548, 32417, 71182, 15812, 76516, 53959, 42314, 42412, 8183]"
119120,"[59369, 35897, 51095, 107858, 3380, 95905, 3582, 74633, 24092, 39407]"
119121,"[42311, 39937, 31182, 8832, 55082, 97110, 40309, 16066, 27177, 13581]"
119122,"[26692, 3135, 39131, 21820, 23222, 98532, 66579, 68685, 27323, 10115]"
119123,"[109067, 39341, 88599, 99963, 105587, 12265, 105306, 30721, 71367, 36427]"
119124,"[41282, 49378, 106580, 95607, 17313, 68534, 51294, 109712, 71401, 105287]"
119125,"[7183, 37358, 87067, 46668, 48489, 6827, 91824, 84127, 22868, 98217]"
119126,"[7273, 94382, 8809, 98643, 104025, 32688, 80793, 66263, 64382, 96031]"
119127,"[43294, 22352, 100413, 108578, 2209, 11223, 7542, 12876, 7635, 79392]"
119128,"[109768, 42178, 83297, 5688, 31094, 86883, 85415, 109367, 63956, 21780]"
119129,"[106203, 91767, 13765, 870, 48638, 27872, 107051, 60709, 35700, 109563]"
119130,"[37452, 49240, 7697, 27784, 21314, 71789, 80968, 50972, 80161, 48076]"
119131,"[62496, 8245, 55847, 46682, 9232, 13611, 71263, 89381, 10658, 48967]"
119132,"[88106, 44393, 99922, 94967, 96380, 38438, 21895, 27463, 66904, 23263]"
119133,"[52458, 85028, 77424, 34580, 1908, 75762, 73523, 67293, 32472, 80021]"
119134,"[40962, 95927, 66521, 87833, 73569, 51200, 46850, 40938, 21568, 101151]"
119135,"[65761, 91527, 48306, 56171, 29055, 29829, 97613, 91320, 76623, 1257]"
119136,"[37101, 66110, 92896, 1280, 25983, 12905, 9728, 74738, 55744, 4930]"
119137,"[83369, 46952, 8695, 108402, 11188, 26328, 65703, 88950, 10137, 10828]"
119138,"[106859, 5441, 9714, 96903, 20443, 90752, 79930, 47791, 102742, 75490]"
119139,"[33357, 25747, 51950, 52202, 28308, 91899, 37647, 25006, 45435, 63053]"
119140,"[13813, 24866, 59902, 82059, 5242, 42273, 88726, 97649, 37472, 85634]"
119141,"[82783, 14035, 4198, 87330, 30378, 101466, 10256, 8631, 80169, 7268]"
119142,"[37035, 43419, 90656, 18464, 63234, 65638, 107653, 47562, 23547, 20335]"
119143,"[24899, 97997, 20379, 52400, 80657, 77588, 20040, 91230, 9708, 67220]"
119144,"[6966, 78890, 107305, 77581, 25179, 90307, 12225, 106198, 22383, 12933]"
119145,"[10270, 59126, 50057, 41417, 78881, 30561, 104102, 10291, 22334, 107737]"
119146,"[16698, 17598, 96162, 107193, 7775, 108057, 31949, 88710, 74753, 20129]"
119147,"[60712, 12309, 52849, 31637, 48617, 107577, 74399, 74931, 65305, 42488]"
119148,"[83519, 20495, 96274, 46349, 23919, 2348, 100668, 108986, 50678, 106995]"
119149,"[6509, 21029, 28806, 18338, 43215, 68354, 23481, 66832, 85304, 91302]"
119150,"[74723, 66658, 99908, 24348, 108225, 49561, 952, 7662, 76693, 11815]"
119151,"[71899, 101590, 57253, 51234, 105722, 109139, 73440, 101680, 69662, 1553]"
119152,"[25263, 16811, 8308, 81483, 12249, 41631, 30686, 78442, 19623, 74473]"
119153,"[108187, 69643, 20411, 70246, 31100, 19464, 31934, 23860, 95398, 22652]"
119154,"[18032, 99896, 75051, 73508, 79223, 109419, 75962, 102614, 64389, 27031]"
119155,"[66546, 88814, 88961, 6881, 92962, 68593, 7847, 49044, 5092, 47433]"
119156,"[43608, 43626, 58753, 103427, 31307, 80574, 4405, 85580, 90505, 65497]"
119157,"[92834, 67488, 37758, 28327, 105384, 49788, 40462, 31640, 83189, 57130]"
119158,"[28959, 8573, 81153, 87872, 108018, 442, 54559, 38656, 24515, 8454]"
119159,"[35696, 108567, 44923, 44925, 68893, 40592, 2501, 9439, 44192, 32695]"
119160,"[109582, 55118, 98485, 21258, 11745, 25602, 2406, 103590, 61657, 94566]"
119161,"[8914, 80473, 97095, 12289, 73416, 24918, 91016, 24452, 23308, 6290]"
119162,"[75877, 35240, 88445, 65952, 42309, 28126, 68784, 31964, 75203, 42301]"
119163,"[102950, 55930, 40248, 28940, 106602, 89564, 21626, 93968, 33581, 44146]"
119164,"[79205, 20117, 28250, 31098, 7967, 48048, 87585, 64737, 93400, 89362]"
119165,"[8085, 60141, 41972, 29003, 52649, 19956, 68760, 29444, 85204, 57454]"
119166,"[47238, 16484, 81247, 97168, 75963, 36280, 94813, 86441, 71464, 56715]"
119167,"[107788, 24501, 80396, 13063, 6749, 100628, 38331, 45423, 23358, 38860]"
119168,"[77615, 98036, 106875, 90610, 4612, 59034, 46796, 85523, 50718, 19173]"
119169,"[15809, 99841, 8220, 33929, 89292, 15384, 65967, 97406, 89870, 69503]"
119170,"[5514, 35953, 35379, 78145, 28491, 70544, 22298, 97769, 100224, 89083]"
119171,"[55254, 22377, 42320, 106972, 41323, 95460, 56239, 25824, 82862, 61259]"
119172,"[6431, 14046, 4096, 78541, 50267, 23690, 33272, 92394, 43179, 19464]"
119173,"[55809, 52051, 85838, 59592, 90385, 46290, 35545, 93388, 100726, 52251]"
119174,"[49899, 96796, 108408, 92376, 59933, 20710, 25703, 20063, 21205, 45124]"
119175,"[29210, 106373, 100520, 3011, 83883, 12617, 22353, 85114, 96550, 14030]"
119176,"[19297, 39014, 4997, 47655, 23729, 447, 16439, 67636, 97453, 83955]"
119177,"[40050, 95603, 7645, 105164, 70583, 8275, 99175, 49522, 62566, 34619]"
119178,"[81533, 51675, 41797, 87250, 57907, 23437, 91399, 65810, 76129, 98462]"
119179,"[80898, 45502, 49718, 19599, 18589, 100876, 30617, 43141, 38008, 33167]"
119180,"[4961, 27103, 55799, 5172, 84992, 22317, 18459, 48380, 96302, 54888]"
119181,"[90923, 55867, 11073, 13617, 93187, 45080, 61121, 61893, 14407, 95718]"
119182,"[57063, 104743, 103053, 79641, 26336, 88086, 37844, 32022, 89155, 101084]"
119183,"[50002, 95802, 26135, 72213, 72076, 85499, 85850, 80803, 72634, 72311]"
119184,"[98809, 41542, 109728, 2956, 65270, 10109, 16045, 44095, 14254, 104100]"
119185,"[67699, 99456, 47625, 33066, 48572, 67137, 24518, 34794, 34093, 19377]"
119186,"[46831, 23892, 49215, 30639, 77492, 100082, 273, 8808, 72521, 91906]"
119187,"[72095, 54739, 97703, 86455, 29460, 86363, 82394, 11586, 72697, 5917]"
119188,"[9, 58218, 54053, 64045, 40491, 40043, 5366, 40687, 100191, 76484]"
119189,"[89125, 31083, 109073, 82085, 91773, 7258, 55615, 3854, 35438, 66099]"
119190,"[78254, 26433, 11170, 8551, 12017, 82685, 100795, 499, 8706, 43166]"
119191,"[108275, 95902, 4545, 22874, 72813, 31601, 30632, 68830, 50296, 48845]"
119192,"[23008, 92814, 106198, 22383, 107305, 58941, 27769, 100021, 84230, 46411]"
119193,"[108006, 29925, 20568, 79969, 64377, 43987, 6988, 69033, 9032, 67805]"
119194,"[56906, 104444, 14082, 99394, 13332, 21254, 81637, 80784, 5416, 75254]"
119195,"[9591, 82139, 94492, 18777, 99684, 84711, 45964, 60892, 17707, 32670]"
119196,"[101560, 55566, 96486, 8621, 37177, 3510, 12932, 6963, 108248, 93669]"
119197,"[34358, 5220, 5374, 105437, 84167, 9074, 76064, 39323, 86374, 3010]"
119198,"[49151, 21359, 57957, 90975, 83584, 101125, 10323, 79833, 84877, 56787]"
119199,"[12919, 78096, 35509, 73919, 80510, 106217, 18454, 26831, 65508, 25004]"
119200,"[45350, 3467, 27131, 83382, 98563, 36713, 18749, 10594, 40008, 65409]"
119201,"[81018, 12308, 14199, 50178, 66435, 27407, 92381, 41791, 73952, 32728]"
119202,"[31535, 52408, 22450, 39018, 106296, 109544, 93202, 53153, 1727, 35506]"
119203,"[87428, 45892, 88822, 82663, 58711, 15255, 53871, 58359, 23196, 66383]"
119204,"[23515, 90532, 89059, 43442, 81415, 3765, 56994, 98955, 25588, 41674]"
119205,"[86762, 11002, 59050, 11122, 73347, 94826, 87984, 54572, 104693, 68037]"
119206,"[100912, 10268, 24048, 68574, 98584, 14725, 79490, 70433, 93563, 52642]"
119207,"[52188, 81920, 81036, 67973, 62220, 48691, 66170, 168, 37912, 56593]"
119208,"[98856, 43625, 7216, 66852, 90001, 45954, 63093, 6820, 93988, 61297]"
119209,"[89622, 55269, 1505, 61791, 39051, 54237, 95111, 35788, 109264, 15142]"
119210,"[19032, 86224, 63199, 104271, 7962, 38894, 13964, 87715, 92107, 27657]"
119211,"[16127, 55418, 64231, 14580, 44227, 98497, 6733, 40024, 94523, 76767]"
119212,"[27759, 64115, 92204, 29641, 25177, 40544, 105713, 87043, 9665, 69939]"
119213,"[13282, 48332, 21245, 67209, 70734, 66254, 72401, 17688, 191, 15275]"
119214,"[56581, 326, 81982, 15029, 77843, 82885, 88502, 90197, 79242, 59486]"
119215,"[58343, 38435, 98406, 93112, 75548, 58570, 97121, 65431, 102524, 106103]"
119216,"[100529, 90658, 88876, 22827, 42667, 7903, 98257, 54199, 61607, 59726]"
119217,"[65278, 1831, 82267, 94295, 8020, 55188, 57009, 40703, 2558, 61831]"
119218,"[60284, 17807, 53941, 31267, 57487, 60271, 73014, 75815, 11179, 52682]"
119219,"[44442, 105840, 30210, 56847, 32036, 102476, 92951, 86142, 61373, 25397]"
119220,"[39154, 34654, 77949, 52183, 14148, 68092, 106098, 7156, 98308, 29138]"
119221,"[39728, 46268, 26686, 101417, 45121, 94844, 107527, 67286, 8849, 31717]"
119222,"[40991, 62019, 106750, 47606, 90112, 28328, 36076, 17938, 18543, 61717]"
119223,"[68236, 100184, 49735, 70099, 24427, 71384, 77690, 35265, 74890, 13931]"
119224,"[31656, 46338, 97067, 88896, 11249, 63286, 12695, 29263, 91910, 41943]"
119225,"[57737, 21227, 75370, 90985, 61040, 105124, 40134, 79968, 87971, 107557]"
119226,"[102526, 7094, 61711, 48631, 34142, 28490, 92506, 105665, 3778, 72174]"
119227,"[102490, 2061, 23375, 33881, 51228, 64654, 34359, 50370, 69201, 66934]"
119228,"[1651, 89557, 50543, 90612, 72038, 40019, 78568, 106232, 37666, 73202]"
119229,"[103205, 32012, 41339, 82830, 79767, 8804, 6562, 2760, 60825, 10691]"
119230,"[8896, 56086, 91013, 48400, 16376, 60829, 26204, 70914, 66700, 85986]"
119231,"[94664, 76359, 18049, 13059, 58453, 33124, 12861, 75628, 108440, 33102]"
119232,"[88743, 97548, 93699, 15406, 95132, 5179, 75526, 74756, 105487, 3533]"
119233,"[14525, 77863, 29057, 79198, 20348, 25754, 46728, 34406, 16257, 62016]"
119234,"[57181, 85486, 79799, 109078, 94049, 58371, 424, 37700, 61967, 18129]"
119235,"[87837, 66156, 6455, 38059, 84603, 1683, 37120, 43344, 62040, 86294]"
119236,"[55598, 25091, 103074, 22727, 297, 105056, 85408, 40161, 899, 100685]"
119237,"[66656, 27341, 8978, 91759, 28702, 80135, 55936, 15951, 65604, 90062]"
119238,"[523, 94979, 66712, 104819, 34364, 50150, 104343, 33384, 106009, 88256]"
119239,"[81010, 108484, 60580, 54627, 105416, 63237, 74813, 76638, 75982, 50809]"
119240,"[86534, 70870, 1428, 20924, 36970, 37907, 97366, 27047, 13784, 80293]"
119241,"[105716, 106084, 74267, 43949, 57051, 77067, 6551, 84025, 96529, 56417]"
119242,"[104660, 77175, 38360, 6008, 62883, 43280, 64252, 105823, 106840, 29726]"
119243,"[39179, 80774, 8143, 79981, 27494, 46563, 45710, 86166, 101988, 16619]"
119244,"[62716, 21728, 68518, 100514, 36081, 32305, 5027, 26553, 53860, 5018]"
119245,"[763, 25461, 59135, 108624, 98139, 51435, 65731, 64033, 35025, 14925]"
119246,"[8373, 36321, 33627, 35352, 69663, 9244, 37226, 68165, 3830, 11833]"
119247,"[83442, 50474, 44932, 79448, 1315, 74684, 101128, 15781, 30100, 45544]"
119248,"[4538, 77917, 50149, 88094, 17405, 1810, 37186, 60249, 86810, 65363]"
119249,"[106873, 95687, 25183, 15239, 42152, 106438, 105520, 3019, 63435, 84384]"
119250,"[31768, 4331, 22597, 47394, 46147, 14574, 50564, 94888, 70867, 99259]"
119251,"[18699, 71583, 43488, 78842, 35057, 55549, 5638, 104429, 101736, 34172]"
119252,"[5804, 92491, 47420, 66360, 33257, 94985, 56668, 5469, 46868, 22342]"
119253,"[26013, 100427, 109462, 31787, 49700, 45581, 36217, 103272, 106901, 4715]"
119254,"[2413, 99646, 34055, 87908, 13071, 107529, 78462, 90874, 45936, 54760]"
119255,"[44480, 34255, 53819, 38024, 65301, 78757, 67977, 25115, 87014, 19088]"
119256,"[998, 47901, 605, 92617, 62223, 83862, 89566, 54413, 22570, 92342]"
119257,"[4792, 91944, 36353, 86897, 108287, 3179, 106104, 10554, 78581, 103924]"
119258,"[49952, 18642, 39034, 26015, 61547, 34397, 70643, 81283, 38504, 53208]"
119259,"[89246, 26684, 30371, 79577, 109391, 89236, 11472, 38214, 44594, 59129]"
119260,"[82845, 97558, 40748, 13829, 108688, 97983, 11363, 7907, 3346, 70797]"
119261,"[82783, 4198, 14035, 33142, 107060, 15710, 32251, 8288, 10256, 8631]"
119262,"[66135, 41234, 25296, 95287, 41181, 3705, 626, 66683, 51800, 82707]"
119263,"[44751, 36675, 96371, 75735, 67094, 13205, 54333, 91260, 74954, 105455]"
119264,"[41733, 69828, 85896, 45246, 67478, 106589, 16502, 104430, 101896, 15169]"
119265,"[105677, 83827, 19925, 61015, 105469, 72505, 104131, 46095, 56155, 107503]"
119266,"[27934, 92331, 83689, 7946, 85054, 4909, 106708, 55468, 34921, 41988]"
119267,"[60365, 62075, 31824, 71798, 98982, 76926, 27850, 90911, 14791, 11377]"
119268,"[84030, 45467, 90389, 20592, 103909, 70837, 31912, 80049, 103894, 8978]"
119269,"[89400, 82440, 31594, 109500, 30428, 49663, 93914, 39270, 105683, 62833]"
119270,"[45283, 24256, 45802, 52373, 2584, 16519, 38264, 7537, 83708, 26031]"
119271,"[109671, 58058, 79927, 21129, 72827, 46803, 42268, 52862, 23852, 33732]"
119272,"[32683, 42198, 52079, 94239, 69844, 4354, 99380, 54907, 97805, 80960]"
119273,"[104194, 106429, 40386, 108031, 94814, 107990, 65983, 51130, 77874, 85709]"
119274,"[58324, 20857, 21315, 60443, 100682, 38184, 69079, 106371, 109408, 63807]"
119275,"[38591, 100121, 97499, 60884, 71292, 34298, 46165, 93475, 22021, 74214]"
119276,"[54857, 46612, 18973, 76592, 9287, 25401, 65028, 57383, 9553, 74813]"
119277,"[36405, 89129, 64980, 43232, 73823, 88210, 48294, 50843, 81664, 96146]"
119278,"[84605, 72715, 87203, 69814, 67254, 93035, 7272, 76182, 59353, 50123]"
119279,"[6920, 20757, 66971, 36662, 12435, 68346, 23987, 65613, 83197, 41364]"
119280,"[24573, 65289, 5956, 5058, 2057, 11743, 20352, 69411, 31636, 96809]"
119281,"[87681, 1906, 68967, 23116, 48537, 90492, 31534, 15548, 103129, 106074]"
119282,"[59835, 52888, 57813, 78972, 23722, 102075, 17922, 36083, 92980, 28641]"
119283,"[99516, 98104, 2107, 45837, 102992, 43360, 14694, 12783, 88494, 18751]"
119284,"[36610, 43119, 45925, 37317, 106681, 43744, 35941, 7567, 107083, 62240]"
119285,"[85727, 73460, 47219, 18739, 105580, 30340, 97168, 86441, 48620, 7831]"
119286,"[96501, 16488, 19398, 66083, 98051, 105628, 92462, 103173, 15315, 43546]"
119287,"[80755, 108355, 24017, 54435, 21973, 8062, 35327, 100608, 28601, 105724]"
119288,"[87157, 88144, 54694, 94341, 80836, 85221, 75604, 97986, 78026, 23005]"
119289,"[107659, 86613, 18081, 26030, 5091, 71605, 103744, 98655, 86126, 57845]"
119290,"[90450, 48685, 74645, 105846, 74732, 37194, 78011, 22474, 55336, 14213]"
119291,"[30582, 26477, 106756, 86799, 11417, 68976, 6136, 100472, 29261, 20048]"
119292,"[98117, 105703, 68408, 92359, 81063, 108265, 34452, 82415, 63911, 14490]"
119293,"[108533, 801, 15775, 67543, 33002, 39758, 86586, 75503, 96076, 41181]"
119294,"[41265, 9564, 26986, 34969, 81246, 70681, 4191, 81602, 87211, 19643]"
119295,"[100800, 18959, 19954, 91661, 4765, 77439, 59506, 58586, 31950, 35309]"
119296,"[27227, 30309, 90470, 67004, 106023, 14150, 20303, 34104, 97095, 60830]"
119297,"[31563, 43472, 104207, 11098, 53449, 86414, 41576, 19938, 90043, 697]"
119298,"[101144, 59877, 32549, 69858, 53964, 106531, 14033, 108933, 99824, 68682]"
119299,"[37204, 64146, 50080, 39085, 76884, 10395, 98795, 80999, 49106, 86376]"
119300,"[71357, 107940, 74916, 14161, 78773, 38680, 62400, 47777, 91497, 52667]"
119301,"[95731, 100328, 102831, 46451, 47360, 48063, 29549, 57702, 37598, 99191]"
119302,"[3897, 103082, 71342, 40548, 59022, 53386, 9481, 25316, 104175, 106814]"
119303,"[71942, 58669, 83375, 43563, 23883, 43931, 47880, 69289, 88963, 102284]"
119304,"[48266, 5156, 105182, 87200, 92062, 4168, 63790, 45760, 67872, 63783]"
119305,"[7886, 53921, 99522, 108518, 103461, 37867, 99895, 24530, 16678, 50350]"
119306,"[25549, 37203, 89108, 45512, 64159, 38145, 33093, 39713, 105410, 27638]"
119307,"[101107, 32761, 80203, 72073, 28567, 70307, 47177, 9693, 44934, 40830]"
119308,"[69208, 9603, 81856, 19975, 54614, 48175, 30896, 2075, 104283, 109751]"
119309,"[9582, 64119, 62035, 79378, 22786, 27486, 57695, 17692, 96459, 19380]"
119310,"[28956, 5697, 10607, 20846, 35799, 1080, 11046, 67062, 61182, 36099]"
119311,"[18114, 23160, 21154, 100243, 54008, 81828, 79331, 63410, 45982, 83003]"
119312,"[31469, 20433, 73613, 55612, 54728, 79211, 775, 70719, 101645, 40896]"
119313,"[36358, 48083, 1470, 40529, 105008, 40766, 41204, 34247, 2575, 71868]"
119314,"[91005, 6084, 45842, 65653, 101992, 27579, 53548, 30772, 99272, 94090]"
119315,"[89845, 70881, 45428, 109489, 46518, 49804, 67480, 17161, 22460, 2770]"
119316,"[71012, 48113, 82909, 52393, 25116, 49854, 18341, 54705, 6870, 1730]"
119317,"[3727, 72757, 52928, 34151, 89269, 24643, 52301, 7544, 100380, 84730]"
119318,"[13570, 60160, 92321, 16781, 79974, 78983, 57221, 3298, 23776, 9338]"
119319,"[29959, 40196, 11764, 77917, 88094, 50149, 4538, 79184, 58779, 64960]"
119320,"[46637, 50584, 61786, 20008, 74217, 68858, 91950, 68831, 72316, 32940]"
119321,"[14080, 65757, 92598, 76598, 75727, 101141, 33511, 52614, 53913, 96416]"
119322,"[5754, 3705, 64828, 42315, 74116, 64857, 49290, 82369, 105614, 62068]"
119323,"[84879, 16660, 2849, 99507, 43947, 37206, 50937, 74170, 14316, 43710]"
119324,"[25491, 15806, 90700, 45991, 44189, 72483, 3702, 19954, 70576, 83555]"
119325,"[71961, 20976, 93007, 17153, 79500, 83324, 80912, 100767, 104265, 97780]"
119326,"[580, 22098, 42354, 17819, 91436, 31313, 30170, 31156, 67579, 22995]"
119327,"[88268, 92561, 19802, 43120, 20876, 33890, 10495, 9148, 97473, 108286]"
119328,"[13096, 78460, 41362, 16214, 21781, 26221, 40569, 27558, 23880, 104861]"
119329,"[8197, 95834, 17779, 40023, 68974, 37471, 59018, 35947, 108305, 42392]"
119330,"[54928, 31817, 7663, 47492, 1846, 13536, 21624, 67527, 31740, 25149]"
119331,"[84806, 5154, 109764, 104925, 62060, 106769, 19625, 95227, 15124, 63032]"
119332,"[54268, 37264, 4183, 47555, 97656, 41685, 71111, 99349, 38379, 108808]"
119333,"[35494, 59738, 22104, 18142, 85942, 42838, 95282, 65465, 43169, 28551]"
119334,"[70151, 97173, 108434, 10646, 72745, 90288, 43837, 96582, 58105, 106110]"
119335,"[88871, 83825, 21618, 14073, 31882, 96318, 57571, 63798, 21235, 30656]"
119336,"[40257, 88574, 75597, 84551, 59662, 25998, 20337, 73109, 88384, 14441]"
119337,"[109537, 83392, 94376, 61958, 8412, 86024, 23522, 16741, 68873, 11390]"
119338,"[4799, 44205, 90949, 15882, 70299, 46925, 18315, 72975, 40747, 96485]"
119339,"[91951, 81464, 39067, 104124, 18123, 84770, 92560, 69774, 49696, 53767]"
119340,"[60845, 79043, 61746, 56991, 58484, 63690, 39939, 71291, 50550, 74261]"
119341,"[83148, 101469, 9331, 24789, 67218, 28476, 18875, 58441, 25231, 19098]"
119342,"[12307, 94677, 87239, 94126, 79630, 40927, 4554, 49031, 109163, 39237]"
119343,"[19430, 24905, 101186, 66183, 7559, 1429, 56250, 72198, 26174, 106250]"
119344,"[79765, 28302, 101612, 75751, 79504, 86704, 9107, 60319, 74901, 81938]"
119345,"[32554, 89312, 15462, 27819, 86571, 65762, 44909, 70950, 48387, 62139]"
119346,"[43041, 90913, 58816, 39447, 64488, 66113, 77562, 95963, 51787, 88688]"
119347,"[79833, 103467, 67419, 101125, 46504, 56787, 16897, 10323, 73573, 30082]"
119348,"[86463, 5003, 78241, 85934, 93628, 58921, 80149, 57125, 108693, 12376]"
119349,"[81934, 12790, 31070, 1436, 30389, 84157, 84101, 36338, 83786, 44658]"
119350,"[88125, 64563, 4955, 94598, 3892, 76498, 30216, 78666, 80664, 87368]"
119351,"[14732, 51728, 44856, 43616, 86104, 6513, 18604, 83748, 68194, 108830]"
119352,"[60, 10654, 31657, 46405, 55541, 10037, 91266, 36915, 68358, 6851]"
119353,"[98503, 88113, 92114, 8147, 109551, 52707, 7325, 82560, 25529, 25793]"
119354,"[102880, 64525, 7622, 45795, 80797, 50090, 82241, 94598, 45285, 989]"
119355,"[50761, 10794, 15398, 91623, 18539, 35052, 98666, 75777, 15860, 18650]"
119356,"[54395, 84071, 98481, 98337, 8094, 50846, 5764, 990, 37340, 49875]"
119357,"[21055, 7393, 59052, 92594, 67009, 32594, 46867, 49292, 52638, 29263]"
119358,"[33733, 35934, 81736, 34679, 25851, 20685, 39463, 21338, 26251, 87946]"
119359,"[54213, 28709, 23232, 98374, 28240, 34476, 50543, 48784, 33438, 38753]"
119360,"[51625, 67485, 75487, 28162, 95241, 100573, 28743, 9938, 3171, 23786]"
119361,"[46038, 82078, 9805, 15009, 79945, 13570, 23958, 27189, 42546, 64817]"
119362,"[64313, 107177, 22740, 62296, 31057, 45446, 81107, 27041, 7621, 14659]"
119363,"[81072, 60214, 105946, 59385, 95030, 25628, 50499, 106347, 33809, 1372]"
119364,"[88676, 2159, 51623, 41758, 52024, 44341, 96299, 20879, 12818, 91000]"
119365,"[79206, 76031, 93183, 96174, 93172, 102822, 92529, 103507, 104, 102082]"
119366,"[8963, 83184, 21183, 95342, 20673, 74820, 27948, 108717, 68083, 82747]"
119367,"[102161, 57321, 104703, 49207, 6233, 32088, 80660, 93110, 69356, 12680]"
119368,"[102264, 74937, 89627, 98995, 31046, 29717, 105759, 26695, 62028, 33859]"
119369,"[19659, 6623, 8455, 67404, 25172, 63244, 44349, 103422, 73225, 101298]"
119370,"[76128, 99245, 97787, 80596, 65656, 16912, 31414, 36072, 99633, 22321]"
119371,"[70969, 67190, 26200, 25356, 12289, 91016, 24918, 33770, 73416, 3354]"
119372,"[87741, 18406, 51600, 82296, 42399, 35427, 85762, 53782, 759, 78151]"
119373,"[310, 19153, 53230, 83757, 95604, 99487, 80288, 101174, 62098, 39569]"
119374,"[68621, 90639, 59562, 87003, 67953, 77588, 55372, 75046, 27106, 90897]"
119375,"[15591, 27390, 29661, 30105, 60891, 36852, 81598, 13211, 63763, 106451]"
119376,"[30080, 97370, 4476, 105818, 103751, 81656, 10484, 83395, 81986, 99136]"
119377,"[10095, 35125, 30940, 59987, 91306, 28413, 84200, 65011, 60454, 107110]"
119378,"[15595, 36056, 92539, 68881, 101849, 9131, 44792, 71900, 105570, 82399]"
119379,"[71924, 25468, 88718, 36458, 10662, 79217, 14551, 37423, 15432, 29553]"
119380,"[22161, 7759, 104600, 103055, 107675, 61657, 42029, 5884, 32852, 18954]"
119381,"[42262, 40755, 13584, 15470, 92165, 102195, 47282, 57295, 66410, 76395]"
119382,"[93527, 77193, 5681, 103750, 34106, 31910, 71457, 66096, 4648, 3634]"
119383,"[37120, 43344, 32677, 62040, 99375, 86294, 86734, 47438, 6455, 87837]"
119384,"[23133, 6644, 1040, 57147, 108548, 51199, 13333, 26865, 96198, 81190]"
119385,"[104420, 104836, 26551, 92349, 68441, 58431, 65842, 74417, 61354, 1591]"
119386,"[53653, 76843, 7873, 29950, 100469, 66280, 9047, 17698, 5313, 72325]"
119387,"[42770, 9336, 94366, 24340, 2636, 24800, 104993, 8678, 44962, 74710]"
119388,"[79214, 60017, 107655, 30031, 87095, 78165, 61976, 93017, 4393, 108255]"
119389,"[77360, 86938, 72970, 55244, 97319, 93646, 73074, 67859, 109344, 71154]"
119390,"[75075, 47801, 2927, 16490, 65376, 8299, 108352, 49048, 33145, 96872]"
119391,"[62220, 73868, 67341, 71682, 75979, 14278, 5364, 67973, 9275, 92764]"
119392,"[83585, 7246, 93732, 58726, 78215, 79001, 87207, 24657, 109543, 87726]"
119393,"[21750, 26789, 101310, 65651, 814, 79829, 23139, 28686, 28706, 85049]"
119394,"[74654, 92292, 76225, 27882, 53753, 9161, 4584, 30946, 107262, 26680]"
119395,"[69978, 105648, 13907, 16687, 62659, 103179, 44685, 95427, 92540, 66787]"
119396,"[81607, 37944, 49704, 37167, 18752, 58648, 1809, 29710, 74112, 55316]"
119397,"[94726, 29486, 81200, 54701, 23070, 100149, 45039, 24927, 14616, 57524]"
119398,"[31, 26803, 43510, 78763, 70326, 53739, 92872, 54124, 18876, 93902]"
119399,"[62769, 62760, 10499, 23995, 88695, 1707, 46834, 103930, 78367, 95330]"
119400,"[18958, 78702, 76768, 57183, 32900, 90677, 63722, 65426, 64188, 73125]"
119401,"[22945, 107308, 100135, 77154, 73378, 52294, 78098, 100700, 104267, 66315]"
119402,"[7295, 46983, 66654, 5579, 94479, 83352, 82631, 94400, 74443, 59049]"
119403,"[104908, 98124, 92538, 63930, 109091, 58423, 53726, 104282, 96860, 74007]"
119404,"[103973, 79101, 92187, 93222, 103929, 88741, 102988, 79695, 9495, 97323]"
119405,"[74410, 4091, 99265, 39231, 16946, 27960, 10305, 48557, 4063, 107047]"
119406,"[43438, 21113, 19683, 60252, 26429, 48528, 107363, 89462, 88444, 67478]"
119407,"[5829, 28703, 72842, 63229, 90355, 10286, 2309, 13098, 5632, 25558]"
119408,"[29512, 39652, 8195, 53363, 101904, 92656, 75045, 43223, 74328, 36681]"
119409,"[29981, 49789, 105783, 57177, 10074, 18543, 17938, 31296, 69368, 89908]"
119410,"[74666, 39592, 69230, 6726, 65375, 100904, 72302, 37097, 43250, 106177]"
119411,"[57382, 80944, 7360, 71468, 25409, 20780, 83531, 53189, 64280, 16456]"
119412,"[109012, 11591, 90351, 28292, 77787, 93188, 19335, 8517, 93249, 23577]"
119413,"[85561, 55783, 105750, 36952, 36241, 1854, 97727, 102239, 21138, 100909]"
119414,"[63719, 47476, 73365, 25533, 103819, 104576, 78086, 10421, 13880, 28618]"
119415,"[38492, 73774, 52656, 67595, 109658, 14143, 11325, 54956, 75996, 94984]"
119416,"[7184, 21572, 24964, 88394, 10222, 105531, 88425, 84825, 14157, 18137]"
119417,"[18640, 99814, 105904, 34525, 107872, 10676, 95888, 52259, 45452, 68285]"
119418,"[90028, 37305, 71898, 94533, 72593, 133, 28856, 41839, 70157, 78604]"
119419,"[12581, 23661, 100355, 56235, 106007, 84392, 95922, 82173, 78538, 45412]"
119420,"[22409, 79949, 23047, 56593, 491, 3511, 69688, 19454, 49828, 31920]"
119421,"[52709, 79929, 23348, 2937, 56381, 94289, 108325, 11891, 45000, 31540]"
119422,"[32060, 11299, 91360, 99938, 62701, 62207, 55183, 55491, 84763, 95199]"
119423,"[31503, 94620, 29470, 61325, 75160, 107216, 14168, 74797, 79385, 31540]"
119424,"[95904, 5867, 20853, 69763, 52841, 28848, 90850, 40090, 94206, 87162]"
119425,"[6339, 54488, 73890, 23590, 106632, 2951, 86642, 21606, 108300, 16849]"
119426,"[50672, 108523, 8907, 34671, 14417, 34063, 107664, 91301, 17123, 51100]"
119427,"[74685, 89987, 85102, 18002, 97644, 33166, 93714, 107987, 92456, 94683]"
119428,"[15066, 52970, 87776, 105214, 33010, 29106, 91164, 41353, 39856, 7072]"
119429,"[38502, 89405, 44682, 103063, 104563, 80449, 94302, 90607, 8884, 79462]"
119430,"[24353, 59004, 25141, 103481, 41721, 46078, 87478, 92731, 57636, 41441]"
119431,"[92654, 67052, 54886, 92051, 67465, 83803, 92266, 89675, 65423, 63437]"
119432,"[27331, 92029, 69114, 55553, 44767, 21415, 27307, 57870, 22114, 22621]"
119433,"[35361, 280, 83990, 11311, 60382, 31284, 2830, 92741, 84996, 41869]"
119434,"[63721, 36847, 35307, 11794, 102636, 91218, 5596, 57432, 6349, 107961]"
119435,"[95347, 53295, 39623, 17613, 78674, 321, 49761, 21098, 3923, 57858]"
119436,"[16839, 45793, 9283, 65296, 97765, 37561, 48735, 39976, 24778, 62424]"
119437,"[97275, 54369, 104960, 19093, 2082, 67908, 60723, 98847, 90118, 77285]"
119438,"[18610, 99402, 37937, 54921, 62229, 41402, 37940, 6410, 51007, 81265]"
119439,"[35923, 49890, 82793, 32899, 89147, 101360, 82020, 70658, 63594, 104165]"
119440,"[41882, 6235, 68637, 37286, 99761, 49253, 1569, 96498, 107573, 60653]"
119441,"[27086, 104426, 48257, 5120, 68623, 49824, 103552, 21757, 15766, 56757]"
119442,"[18636, 62460, 4235, 88889, 58560, 18645, 91082, 20065, 65525, 8754]"
119443,"[52606, 44018, 72460, 21690, 13103, 16545, 85860, 40550, 68855, 68154]"
119444,"[76354, 94328, 34158, 87423, 1550, 100173, 49974, 101141, 52614, 33511]"
119445,"[20392, 76009, 20264, 102720, 49818, 27929, 37440, 4725, 95137, 64129]"
119446,"[81439, 101192, 25758, 57510, 50630, 106865, 67370, 87587, 35360, 96670]"
119447,"[150, 76466, 77192, 67755, 11116, 16286, 60566, 30290, 3688, 107964]"
119448,"[40927, 79452, 57481, 68666, 100976, 92348, 94126, 79630, 78863, 19052]"
119449,"[31519, 108153, 68599, 96993, 29978, 78975, 32661, 72914, 32999, 27983]"
119450,"[81978, 71480, 100142, 95444, 76128, 99245, 80596, 5544, 57268, 66284]"
119451,"[23672, 12410, 23425, 56408, 10841, 85118, 27819, 38751, 15462, 86571]"
119452,"[11624, 80078, 102783, 63261, 90164, 72585, 57803, 41233, 88073, 7894]"
119453,"[939, 65373, 579, 108413, 23639, 67944, 84749, 9815, 23106, 101492]"
119454,"[34815, 84813, 52309, 51619, 95634, 61192, 9380, 59284, 28499, 67524]"
119455,"[98177, 71378, 109643, 92059, 85563, 79032, 28262, 107865, 10297, 82907]"
119456,"[9755, 21659, 89976, 29624, 89240, 88129, 84108, 62045, 31177, 74691]"
119457,"[71994, 89908, 6366, 22531, 31296, 31980, 39004, 98749, 35886, 52206]"
119458,"[17392, 91446, 69712, 60646, 39123, 94906, 407, 29100, 57788, 36479]"
119459,"[6492, 105468, 92992, 10781, 46419, 23195, 108335, 42603, 92255, 102776]"
119460,"[93264, 44222, 49695, 38351, 19115, 53397, 38591, 51022, 108461, 83711]"
119461,"[73108, 87869, 15724, 35391, 49638, 100112, 64401, 95384, 98947, 863]"
119462,"[102954, 15369, 39454, 84319, 87784, 25878, 36022, 65339, 69403, 988]"
119463,"[103245, 14911, 65190, 96214, 8927, 8993, 15665, 66053, 54833, 13055]"
119464,"[75052, 82162, 89084, 86276, 107647, 5213, 22858, 99051, 63054, 9775]"
119465,"[81098, 49049, 24820, 69250, 35616, 12117, 100926, 79571, 77208, 73078]"
119466,"[56461, 12250, 4137, 93484, 25518, 78619, 68706, 8777, 65004, 73850]"
119467,"[51493, 57131, 83567, 6287, 51832, 58528, 96540, 47584, 61820, 78342]"
119468,"[71425, 101427, 19751, 27212, 78767, 69734, 72182, 89703, 5620, 57388]"
119469,"[34450, 1982, 7208, 3304, 76565, 29082, 38706, 66764, 36843, 4744]"
119470,"[46821, 109174, 26685, 102006, 98595, 95022, 108645, 55207, 68044, 78646]"
119471,"[20538, 84304, 71768, 745, 9460, 65065, 63237, 105416, 38693, 90917]"
119472,"[100650, 66023, 80033, 91774, 16661, 6579, 65699, 101711, 76360, 2994]"
119473,"[77422, 15796, 75363, 737, 85421, 19409, 19391, 72957, 53578, 6838]"
119474,"[16382, 60442, 41098, 6836, 61081, 80627, 99622, 80503, 96493, 65554]"
119475,"[44494, 36322, 23086, 1617, 94403, 61153, 90922, 30888, 21758, 35207]"
119476,"[106110, 80495, 2840, 107091, 62815, 70151, 43837, 90288, 96582, 17181]"
119477,"[98076, 33665, 34547, 98436, 101713, 70590, 29765, 74862, 11500, 10465]"
119478,"[87231, 1308, 68391, 43268, 40800, 73394, 45409, 52618, 66866, 24392]"
119479,"[5812, 90122, 89004, 55, 64406, 33319, 41562, 39972, 9342, 15143]"
119480,"[102295, 82366, 71838, 69002, 55404, 27196, 33105, 89528, 55887, 79893]"
119481,"[47060, 45723, 78322, 12712, 15380, 84628, 54839, 107242, 100519, 72963]"
119482,"[16580, 32084, 25734, 109758, 2832, 99154, 68737, 65082, 10241, 24778]"
119483,"[44714, 11156, 61431, 50721, 40238, 18949, 78870, 51582, 79102, 4796]"
119484,"[41455, 20467, 2970, 83370, 92173, 67261, 5218, 19396, 46201, 58032]"
119485,"[89332, 104916, 43076, 54134, 38421, 64101, 74758, 68772, 15084, 42386]"
119486,"[81430, 8505, 80293, 97366, 84437, 58072, 1048, 14025, 21611, 71741]"
119487,"[84337, 12605, 64717, 63076, 40960, 98748, 14780, 35383, 103430, 24009]"
119488,"[6522, 106666, 96565, 25590, 34440, 43925, 92657, 1566, 9959, 6659]"
119489,"[84547, 23702, 42953, 36059, 60419, 62438, 44644, 44285, 66537, 108726]"
119490,"[107333, 60067, 103606, 106123, 24297, 65475, 33452, 36233, 66869, 2862]"
119491,"[56890, 10482, 21269, 22435, 88838, 48673, 91541, 102052, 77634, 21286]"
119492,"[77630, 95500, 106051, 72890, 7339, 99759, 47230, 7599, 63549, 107412]"
119493,"[98181, 8605, 80439, 89361, 3971, 79662, 46655, 38863, 51983, 69602]"
119494,"[85509, 73789, 92765, 89364, 54269, 82685, 56045, 22722, 68629, 80542]"
119495,"[36512, 75213, 80343, 23675, 95969, 58606, 39868, 68619, 68804, 36704]"
119496,"[51495, 16268, 21205, 1577, 45124, 109772, 11589, 108408, 96796, 22026]"
119497,"[37779, 108763, 72874, 25076, 15704, 9007, 20781, 68156, 49185, 6112]"
119498,"[83845, 103825, 71914, 100777, 55574, 58050, 76914, 59980, 41878, 33117]"
119499,"[3209, 26693, 86569, 76990, 98722, 74196, 55176, 95738, 42278, 5230]"
119500,"[19079, 104129, 10721, 92357, 20102, 5606, 41084, 22404, 57377, 12876]"
119501,"[87747, 40320, 77300, 53687, 9852, 59709, 91066, 78742, 55428, 74546]"
119502,"[73509, 76733, 70295, 91028, 65002, 17933, 108709, 29731, 60556, 34926]"
119503,"[95445, 45087, 77844, 10686, 58105, 67233, 67295, 15532, 104260, 42537]"
119504,"[103612, 67267, 20877, 91682, 95264, 40990, 31566, 17640, 44029, 87827]"
119505,"[68409, 40076, 25984, 63725, 71661, 3307, 36598, 101300, 614, 95937]"
119506,"[533, 84775, 25780, 65694, 31605, 71127, 20911, 52804, 78396, 67967]"
119507,"[23252, 49631, 4652, 99478, 52484, 38914, 79718, 70954, 286, 39125]"
119508,"[44913, 20440, 85092, 85068, 4459, 103935, 47687, 81195, 63295, 38222]"
119509,"[85087, 29984, 56521, 67683, 14240, 37783, 96201, 90850, 40090, 15049]"
119510,"[3412, 17005, 55763, 67229, 18124, 52370, 10787, 41414, 2011, 109207]"
119511,"[94893, 99479, 50272, 15124, 24245, 103729, 50275, 33757, 58315, 16156]"
119512,"[69393, 109761, 51326, 41374, 28051, 69521, 74592, 33324, 95911, 52494]"
119513,"[21460, 16936, 71690, 99712, 12758, 89663, 105588, 35806, 12474, 54493]"
119514,"[58782, 69988, 101755, 6073, 68525, 17272, 100879, 64111, 38864, 82049]"
119515,"[71044, 37091, 25290, 13766, 14185, 24919, 25754, 20348, 1156, 101047]"
119516,"[49395, 86364, 107743, 85723, 56482, 51628, 107855, 27002, 59917, 8464]"
119517,"[105022, 65154, 99679, 61336, 1643, 24840, 44943, 42755, 103068, 47155]"
119518,"[30308, 107549, 99660, 98226, 96398, 97889, 66721, 5512, 81959, 100678]"
119519,"[62947, 1404, 282, 59831, 25640, 4521, 22976, 51586, 108575, 80170]"
119520,"[49599, 11337, 65028, 21233, 92137, 20529, 46612, 67345, 22156, 83832]"
119521,"[68542, 65181, 25045, 32422, 97343, 51347, 54245, 80079, 97187, 47216]"
119522,"[74421, 22896, 20161, 102241, 19917, 99471, 88597, 20325, 2688, 96516]"
119523,"[48284, 96499, 44457, 56998, 41526, 2969, 14106, 95945, 90005, 46275]"
119524,"[105436, 102151, 67578, 108642, 13736, 60248, 62652, 66840, 69379, 57165]"
119525,"[34106, 24858, 78285, 15627, 90509, 92457, 73592, 37474, 47241, 103226]"
119526,"[82794, 18154, 69159, 41099, 64108, 94605, 101875, 92982, 1281, 46943]"
119527,"[62880, 18516, 90251, 36866, 21674, 58767, 96886, 4924, 106270, 95379]"
119528,"[50867, 96517, 14343, 14838, 69939, 35420, 102608, 11313, 22625, 67597]"
119529,"[95361, 76065, 3189, 23135, 75183, 78619, 28323, 49381, 24057, 84409]"
119530,"[45720, 56102, 102243, 39040, 56766, 1365, 21071, 70069, 17775, 69497]"
119531,"[81934, 12790, 1436, 31070, 30389, 35573, 5474, 56125, 76362, 97397]"
119532,"[51799, 45742, 12215, 29229, 77161, 23396, 589, 56199, 77521, 33239]"
119533,"[2548, 37041, 76780, 22351, 17456, 94957, 40401, 44648, 52383, 20361]"
119534,"[54911, 95709, 75693, 11758, 1105, 53620, 109503, 68045, 93422, 73466]"
119535,"[54144, 55627, 106512, 68206, 109586, 56242, 76982, 91068, 93743, 107519]"
119536,"[86471, 107298, 75335, 29526, 72457, 12718, 102464, 69845, 15877, 101487]"
119537,"[37481, 10076, 64074, 106693, 47761, 53961, 14371, 64289, 27425, 32354]"
119538,"[87007, 86758, 61225, 91383, 10774, 53077, 7217, 48696, 64559, 25040]"
119539,"[86305, 72327, 14203, 94988, 11685, 108710, 6125, 15447, 24838, 45737]"
119540,"[101763, 50247, 27768, 89871, 1483, 15127, 94789, 13681, 100531, 24522]"
119541,"[106399, 91629, 29152, 60517, 108145, 84626, 5756, 106138, 9086, 17401]"
119542,"[13801, 80806, 61321, 108360, 56210, 81633, 104872, 21498, 8982, 91820]"
119543,"[95830, 29063, 88462, 89506, 98805, 28252, 56922, 57672, 15228, 64229]"
119544,"[29464, 6512, 74657, 61208, 45719, 31544, 36327, 70291, 101686, 106450]"
119545,"[7565, 13574, 85929, 57060, 94998, 42965, 26299, 87644, 6155, 45101]"
119546,"[77164, 49374, 14636, 15565, 62294, 29450, 94293, 58552, 67877, 45314]"
119547,"[76438, 98568, 104080, 82697, 55621, 5882, 38692, 106612, 49448, 67359]"
119548,"[18763, 15430, 78375, 21604, 50522, 93533, 18665, 16292, 76965, 63789]"
119549,"[96139, 90617, 38464, 92378, 12127, 41526, 66304, 3206, 95044, 99414]"
119550,"[64588, 43216, 28347, 24330, 1846, 97736, 64125, 108491, 50534, 35773]"
119551,"[105364, 11251, 20567, 60749, 36451, 48137, 40266, 100783, 67388, 11092]"
119552,"[17546, 31689, 43772, 39417, 59870, 32252, 4199, 25325, 26411, 55958]"
119553,"[50742, 56068, 66232, 62712, 105770, 41483, 60122, 56475, 68909, 7858]"
119554,"[69105, 2244, 16409, 98319, 67889, 49770, 108640, 55414, 42250, 15892]"
119555,"[106012, 99137, 88783, 38062, 73686, 64654, 21790, 37619, 50370, 18496]"
119556,"[18236, 79720, 51493, 81794, 104467, 26528, 92237, 21108, 81440, 96336]"
119557,"[61931, 73795, 5618, 104519, 89589, 59927, 75101, 39419, 19224, 106151]"
119558,"[36757, 54815, 87406, 103784, 80297, 45089, 97999, 75825, 103922, 100471]"
119559,"[65289, 5956, 24573, 10915, 16873, 27057, 59762, 103204, 78557, 18077]"
119560,"[15387, 40457, 56904, 42308, 13489, 92160, 85070, 74104, 56593, 81920]"
119561,"[105173, 45770, 109204, 65225, 44704, 43401, 47690, 32259, 96085, 90384]"
119562,"[97408, 77181, 18944, 100581, 30485, 42680, 89932, 70395, 98206, 1421]"
119563,"[11477, 77673, 7971, 67171, 33386, 571, 100770, 40448, 18202, 100216]"
119564,"[78839, 57104, 58218, 55678, 9, 50402, 55845, 2871, 46798, 26454]"
119565,"[79344, 18963, 11173, 40431, 58181, 41659, 92304, 83793, 46501, 31672]"
119566,"[9057, 76229, 62003, 57839, 34486, 65622, 59033, 47059, 96253, 25697]"
119567,"[86948, 7333, 47995, 52283, 15751, 104957, 2153, 50313, 49586, 42180]"
119568,"[11581, 54923, 46284, 103417, 48337, 93099, 74752, 105607, 70739, 65022]"
119569,"[64203, 93380, 89693, 47266, 3402, 103615, 106341, 53970, 80835, 79052]"
119570,"[51188, 70781, 50058, 50680, 59990, 75645, 83068, 91784, 67484, 60546]"
119571,"[66930, 86773, 100871, 56560, 66954, 14901, 99072, 60535, 104417, 48694]"
119572,"[71224, 15817, 13214, 93194, 85417, 84566, 97102, 15076, 42366, 44928]"
119573,"[16324, 107094, 3873, 1945, 107742, 18632, 105676, 107148, 44009, 31932]"
119574,"[14404, 27161, 42625, 93173, 20807, 44507, 104448, 53987, 47499, 50358]"
119575,"[17364, 48429, 10361, 43703, 63660, 45132, 67248, 41559, 40715, 59478]"
119576,"[77806, 54880, 58742, 54720, 78558, 69957, 93389, 13350, 75230, 30022]"
119577,"[59871, 2906, 1872, 39075, 51166, 86343, 74781, 42778, 2110, 41852]"
119578,"[80817, 9967, 23165, 77089, 72716, 22083, 45979, 80071, 68734, 16595]"
119579,"[59603, 81975, 15988, 81103, 62994, 20150, 80382, 5619, 9350, 4669]"
119580,"[104251, 36975, 25078, 49744, 15427, 91032, 108289, 61235, 91094, 66376]"
119581,"[79130, 40559, 47099, 22263, 42793, 2776, 35287, 23183, 93844, 22485]"
119582,"[96499, 48284, 44457, 46275, 39676, 35120, 70478, 93587, 99046, 95945]"
119583,"[9789, 7835, 38385, 99884, 2189, 12417, 79038, 92008, 26916, 59770]"
119584,"[57948, 96026, 30682, 35086, 39218, 18922, 39781, 104343, 4952, 1722]"
119585,"[72711, 59349, 90361, 37360, 74003, 102164, 32606, 60089, 26393, 1285]"
119586,"[62700, 22978, 39796, 82798, 35213, 86636, 50771, 23446, 41000, 7809]"
119587,"[98566, 101059, 91420, 95909, 20519, 92558, 5768, 2083, 79021, 19478]"
119588,"[1289, 21888, 1586, 95927, 91381, 40962, 107234, 78004, 82832, 56694]"
119589,"[9566, 26199, 96202, 52245, 26994, 209, 63000, 2990, 5899, 28026]"
119590,"[103287, 93975, 101846, 16624, 48122, 4366, 80606, 16675, 101690, 84841]"
119591,"[7784, 107728, 27985, 13320, 57127, 64086, 109553, 45001, 2739, 109195]"
119592,"[8304, 9873, 95407, 10318, 69033, 2715, 70047, 83561, 106144, 72467]"
119593,"[51955, 22581, 51202, 55164, 14848, 66447, 64180, 95811, 38684, 27505]"
119594,"[9368, 36331, 96419, 56343, 93498, 25144, 40259, 36238, 23452, 51936]"
119595,"[94797, 94448, 56934, 40852, 35001, 25522, 71180, 37635, 16351, 27826]"
119596,"[54742, 105121, 106116, 103331, 47515, 61096, 56798, 13303, 5654, 91451]"
119597,"[46822, 26159, 88187, 92353, 77743, 82066, 97158, 45972, 67842, 18670]"
119598,"[22596, 50956, 54017, 28858, 80929, 77552, 2812, 80587, 90536, 95981]"
119599,"[98347, 107228, 45543, 780, 76575, 69727, 53376, 18353, 59023, 21552]"
119600,"[2862, 101960, 97818, 67744, 105267, 98870, 106503, 65719, 27858, 91191]"
119601,"[70560, 35230, 24586, 7777, 21139, 49562, 45007, 73400, 81967, 86810]"
119602,"[42193, 49575, 84933, 63580, 35692, 60137, 52238, 93208, 103802, 77051]"
119603,"[64876, 61601, 99036, 83978, 106368, 84768, 106385, 41131, 83674, 46622]"
119604,"[66113, 95963, 88688, 97107, 83710, 72121, 77562, 58816, 64488, 35632]"
119605,"[103700, 66582, 34851, 106214, 13141, 14242, 73614, 20795, 63753, 44742]"
119606,"[1053, 98995, 74937, 10551, 25608, 99544, 41918, 36754, 80852, 108020]"
119607,"[17472, 1832, 791, 54827, 103946, 36091, 83671, 6337, 69641, 61059]"
119608,"[95582, 31810, 96151, 67312, 954, 23328, 91061, 27320, 16436, 84438]"
119609,"[980, 53492, 87476, 6356, 1200, 35939, 25595, 90828, 82269, 24414]"
119610,"[84000, 16955, 12212, 101932, 30648, 56466, 9384, 80236, 48189, 15278]"
119611,"[21183, 14348, 19783, 108753, 36265, 33281, 83806, 85167, 24284, 95469]"
119612,"[92299, 37518, 94552, 36897, 91903, 101477, 86750, 71324, 14655, 107709]"
119613,"[62403, 17416, 62396, 6932, 53818, 12525, 7583, 96003, 42143, 45031]"
119614,"[37198, 106908, 12878, 28019, 13700, 77363, 44646, 105467, 9380, 75091]"
119615,"[106207, 69148, 30961, 97330, 45330, 108944, 31198, 85789, 103828, 24117]"
119616,"[35408, 99996, 38895, 78359, 82390, 5506, 48247, 27393, 76288, 14379]"
119617,"[57393, 60889, 92778, 67684, 102876, 54582, 63356, 87670, 29681, 8086]"
119618,"[27849, 56328, 68061, 93540, 68872, 294, 102156, 61650, 86058, 107891]"
119619,"[33988, 28152, 16212, 53699, 71152, 50545, 60265, 38031, 101254, 6531]"
119620,"[4074, 48677, 3377, 48642, 87958, 51198, 21798, 105649, 70167, 63382]"
119621,"[44457, 48284, 96499, 46933, 14965, 26214, 105632, 51088, 73213, 94883]"
119622,"[85628, 53666, 88195, 19365, 24791, 39202, 39092, 40341, 41509, 16608]"
119623,"[50568, 108520, 24945, 15110, 27633, 29874, 57788, 23277, 36479, 90694]"
119624,"[75290, 19542, 105103, 39009, 108921, 11878, 38060, 38794, 99943, 66671]"
119625,"[63233, 71226, 46664, 93515, 12424, 23634, 77535, 68990, 35328, 7525]"
119626,"[96746, 25565, 37431, 71669, 69210, 27840, 45194, 106774, 74957, 52894]"
119627,"[6412, 94254, 10202, 97529, 1077, 87366, 94968, 63868, 103488, 30983]"
119628,"[5770, 57983, 25702, 63616, 3288, 37784, 73593, 82406, 93878, 46165]"
119629,"[5777, 44546, 97938, 103766, 69557, 38270, 39213, 39947, 16858, 126]"
119630,"[60572, 39734, 44151, 15523, 70861, 66566, 61829, 51232, 29013, 54430]"
119631,"[74566, 54101, 42427, 51005, 58457, 41726, 8189, 7635, 18786, 2209]"
119632,"[45027, 79197, 63389, 83035, 109546, 75138, 99998, 70797, 71379, 3346]"
119633,"[33173, 1536, 26578, 5320, 28834, 47488, 30572, 79728, 24300, 6253]"
119634,"[17398, 62290, 8053, 47361, 104695, 84975, 24853, 13154, 104181, 6746]"
119635,"[2593, 5637, 33376, 78265, 104699, 18868, 105868, 30191, 51264, 79925]"
119636,"[6579, 46359, 65767, 107899, 31698, 486, 58532, 64010, 16661, 80197]"
119637,"[15525, 47524, 15576, 38196, 29426, 97361, 35748, 100127, 89534, 94363]"
119638,"[74267, 20118, 105716, 95357, 17449, 51717, 106084, 47034, 21311, 21859]"
119639,"[2524, 104673, 80595, 14646, 93576, 47106, 75572, 70932, 19557, 47506]"
119640,"[18729, 105407, 76219, 29383, 55280, 18672, 53716, 89512, 97489, 20497]"
119641,"[80206, 100584, 47174, 13638, 102758, 3573, 23960, 87573, 46439, 29509]"
119642,"[67745, 53148, 18289, 75119, 45863, 74158, 45315, 77294, 69377, 11538]"
119643,"[53256, 58302, 17322, 64445, 107190, 98732, 63859, 51144, 15393, 23562]"
119644,"[37336, 108963, 13159, 74400, 85156, 29606, 89232, 58114, 18715, 74177]"
119645,"[47603, 53288, 93696, 20545, 39031, 38225, 88557, 45604, 23384, 40371]"
119646,"[45833, 12796, 36154, 67006, 107663, 49127, 56072, 47419, 62248, 53204]"
119647,"[66081, 39555, 26108, 26123, 103239, 8468, 108981, 97731, 51388, 58430]"
119648,"[25200, 21675, 32273, 4371, 35303, 88579, 35576, 93304, 34112, 39966]"
119649,"[43429, 19064, 27464, 75723, 68566, 44705, 17077, 71404, 85230, 42503]"
119650,"[73462, 89822, 7402, 3802, 45879, 58649, 39105, 20896, 69531, 27830]"
119651,"[8053, 17398, 62290, 47361, 104695, 95087, 84975, 24853, 104181, 34165]"
119652,"[54204, 48540, 75577, 13131, 85706, 55693, 40502, 108891, 69708, 81431]"
119653,"[83075, 69320, 28164, 74909, 108684, 93179, 80062, 91681, 84253, 6840]"
119654,"[22849, 47187, 68752, 11208, 74392, 82470, 36111, 73253, 47831, 58951]"
119655,"[77064, 73071, 77136, 94948, 11765, 82961, 64564, 29539, 82439, 46883]"
119656,"[80014, 104052, 27861, 104120, 15033, 48689, 54251, 74561, 98475, 63177]"
119657,"[37937, 18610, 99402, 13279, 85603, 6469, 37008, 72741, 106261, 64604]"
119658,"[37393, 46370, 4978, 6700, 54241, 42532, 22923, 97978, 60204, 109715]"
119659,"[93949, 14508, 25849, 72738, 29220, 74883, 5094, 34861, 47596, 65993]"
119660,"[73115, 61510, 16362, 86455, 65201, 100281, 95727, 20699, 36424, 62449]"
119661,"[51493, 74980, 25346, 51111, 19533, 27527, 51723, 17078, 8680, 96336]"
119662,"[94118, 79476, 16239, 12969, 82122, 95788, 4938, 73958, 6839, 96705]"
119663,"[29107, 95588, 102765, 15640, 66878, 56677, 21083, 71073, 69832, 106712]"
119664,"[29255, 4037, 101284, 13060, 82324, 52151, 11717, 42912, 9078, 85642]"
119665,"[17234, 90397, 99553, 9835, 14864, 3519, 75539, 22161, 81724, 27096]"
119666,"[65647, 7874, 34793, 910, 18712, 57924, 15055, 19549, 54738, 29569]"
119667,"[51767, 41048, 22758, 83362, 87103, 20730, 48126, 68119, 93945, 88038]"
119668,"[101921, 38455, 6328, 50241, 14428, 50641, 36966, 81530, 84655, 179]"
119669,"[108305, 46742, 47776, 8732, 20310, 42392, 44569, 8197, 22365, 6056]"
119670,"[100786, 67942, 14719, 90074, 47636, 39263, 30683, 86910, 38272, 32369]"
119671,"[77476, 39191, 70343, 94895, 42393, 36866, 21674, 53024, 90251, 22491]"
119672,"[74653, 92406, 83734, 84135, 106239, 34928, 5316, 65798, 23353, 4336]"
119673,"[93827, 108969, 95375, 45046, 50374, 39454, 96279, 76970, 49520, 87048]"
119674,"[59328, 99738, 12633, 25580, 21536, 1351, 95780, 10117, 46908, 71474]"
119675,"[48505, 84121, 90705, 18229, 6088, 53233, 66680, 81095, 92991, 60697]"
119676,"[93676, 27027, 71142, 21869, 782, 67892, 39212, 72089, 29849, 43589]"
119677,"[1628, 11958, 99238, 70880, 10460, 73784, 101139, 35140, 81585, 68692]"
119678,"[101684, 37495, 71002, 15434, 101324, 28512, 10484, 81986, 86647, 83395]"
119679,"[66836, 108536, 71450, 36769, 107336, 62359, 81341, 80153, 79628, 87994]"
119680,"[16312, 52098, 83111, 59991, 32636, 20902, 83824, 74025, 80249, 106804]"
119681,"[101596, 34751, 46220, 23620, 64580, 103529, 107971, 10513, 24070, 58901]"
119682,"[66977, 107328, 4202, 26590, 96772, 89770, 67639, 84462, 4200, 95919]"
119683,"[6281, 71353, 34739, 64439, 103687, 19357, 4885, 23900, 64402, 56232]"
119684,"[66441, 56241, 102520, 12157, 79928, 58250, 7579, 105585, 56604, 75681]"
119685,"[96879, 23273, 88535, 68128, 1862, 88578, 15303, 86829, 29195, 44810]"
119686,"[70350, 64360, 83352, 46983, 106581, 103508, 47918, 46643, 4047, 82631]"
119687,"[76125, 306, 13986, 68555, 32826, 67281, 70268, 8686, 40092, 26185]"
119688,"[95684, 52812, 54769, 36686, 29311, 38392, 18708, 96048, 106723, 22122]"
119689,"[15016, 44952, 76785, 109431, 103550, 81534, 85447, 8782, 35593, 102994]"
119690,"[43454, 16977, 38753, 89494, 14000, 23552, 76288, 47068, 16567, 8922]"
119691,"[81517, 96280, 92111, 51180, 96657, 64357, 46696, 84614, 24153, 102704]"
119692,"[28889, 58160, 4844, 48120, 1423, 29117, 1171, 53388, 14865, 108922]"
119693,"[89998, 89076, 12577, 1045, 12339, 33273, 67944, 9869, 33481, 97612]"
119694,"[35240, 75877, 88445, 65952, 31964, 21585, 42309, 75203, 42301, 38594]"
119695,"[102097, 34252, 42384, 92128, 93710, 75894, 79578, 8448, 101142, 20936]"
119696,"[40834, 14432, 22085, 47713, 8462, 62418, 11941, 16850, 49272, 90535]"
119697,"[31533, 7157, 77951, 76089, 89127, 84997, 64119, 106183, 54628, 51071]"
119698,"[104978, 43647, 61252, 8822, 59710, 102056, 89005, 17855, 8207, 75256]"
119699,"[92305, 59057, 52149, 43465, 85133, 103462, 86536, 89762, 89901, 40640]"
119700,"[101929, 104230, 28781, 12018, 41656, 108790, 83037, 107789, 102627, 38441]"
119701,"[97507, 51791, 37931, 88239, 59067, 68344, 31020, 70234, 32578, 78266]"
119702,"[13328, 15773, 86389, 88632, 59215, 73972, 32959, 103873, 76048, 51969]"
119703,"[17741, 85547, 88427, 21559, 107350, 56634, 54786, 25814, 16725, 78162]"
119704,"[38850, 72630, 95104, 108464, 75842, 62963, 31765, 15449, 51338, 76981]"
119705,"[1997, 87458, 95816, 73487, 19246, 31872, 60608, 102262, 19275, 70282]"
119706,"[102186, 76491, 64285, 83087, 72280, 23077, 67474, 70956, 82752, 11349]"
119707,"[35588, 61576, 3197, 87791, 78906, 108767, 49126, 81482, 37771, 55407]"
119708,"[67917, 36939, 42355, 109662, 88479, 83247, 87061, 15041, 25034, 102745]"
119709,"[28047, 103143, 33952, 15985, 38791, 32230, 48047, 19392, 5749, 74316]"
119710,"[71771, 48422, 80239, 12450, 100172, 17599, 52995, 86823, 48805, 50889]"
119711,"[60973, 76026, 55336, 23043, 74662, 57109, 52992, 48658, 77789, 1313]"
119712,"[40776, 89179, 31896, 84110, 83889, 62358, 101173, 67239, 92697, 28690]"
119713,"[4280, 18978, 80140, 27449, 41433, 2099, 42735, 48868, 64943, 31968]"
119714,"[81111, 93057, 17596, 25960, 6140, 5361, 54284, 104126, 94951, 18233]"
119715,"[43196, 32611, 103769, 9926, 46197, 44834, 8213, 4818, 63341, 5507]"
119716,"[98550, 27664, 28852, 91153, 77569, 41294, 64046, 68212, 52692, 69365]"
119717,"[371, 99111, 40289, 105951, 3453, 73281, 78639, 34164, 76315, 92180]"
119718,"[30409, 45785, 44601, 758, 48681, 99493, 79913, 7557, 14152, 94819]"
119719,"[59519, 92512, 102938, 84271, 17128, 29973, 89562, 25321, 72772, 7850]"
119720,"[53456, 48278, 63213, 60526, 87012, 86539, 80951, 77234, 17976, 6593]"
119721,"[37825, 11128, 45152, 58777, 50724, 8200, 71353, 61382, 24846, 3990]"
119722,"[45689, 51128, 92837, 23057, 104478, 46612, 79156, 83832, 3869, 745]"
119723,"[5790, 56354, 100032, 26940, 23930, 61693, 26775, 76901, 93970, 70258]"
119724,"[17022, 45860, 37968, 86510, 73306, 73902, 22429, 1380, 74330, 23197]"
119725,"[11440, 17412, 20789, 79810, 97409, 84712, 1204, 45235, 71349, 45084]"
119726,"[107702, 45383, 27474, 65316, 33699, 5352, 64419, 15142, 86000, 13900]"
119727,"[67207, 63514, 67896, 91954, 71608, 53394, 30962, 42240, 34212, 68400]"
119728,"[54632, 43582, 53368, 105822, 57285, 91913, 21791, 11950, 88451, 24325]"
119729,"[22399, 1401, 54092, 21510, 50824, 63878, 3615, 64678, 43327, 22753]"
119730,"[80613, 31471, 54198, 31156, 100820, 68898, 44479, 106643, 88781, 15358]"
119731,"[40093, 50482, 86805, 22957, 54219, 80634, 102800, 8422, 67283, 62841]"
119732,"[8784, 85298, 94609, 64642, 2366, 88406, 91911, 94160, 71225, 100013]"
119733,"[62974, 37372, 67717, 28496, 18380, 50794, 95252, 104410, 42713, 45189]"
119734,"[48450, 86083, 6822, 52642, 52807, 52611, 81769, 51863, 108063, 74455]"
119735,"[74311, 79844, 89760, 51081, 96099, 52367, 28728, 48272, 84246, 47146]"
119736,"[98584, 9922, 14725, 32062, 50028, 68574, 100912, 10268, 24048, 79490]"
119737,"[73000, 89075, 38115, 50092, 39605, 45758, 55016, 49321, 88903, 61980]"
119738,"[66052, 105464, 48217, 107138, 7021, 27963, 41330, 18612, 74137, 38582]"
119739,"[67695, 104295, 74062, 33117, 1718, 3006, 13106, 67119, 73231, 29458]"
119740,"[23108, 76400, 91901, 105277, 10528, 42772, 77889, 32740, 102589, 15620]"
119741,"[20297, 75329, 95775, 90657, 4309, 9382, 57115, 56780, 48093, 16636]"
119742,"[61195, 62030, 6378, 22221, 64336, 67361, 14398, 78449, 7260, 27532]"
119743,"[67304, 7049, 16448, 37307, 63499, 30537, 15799, 63068, 33024, 101419]"
119744,"[38120, 60854, 22510, 84296, 14149, 38700, 27862, 10699, 57250, 93980]"
119745,"[44865, 37287, 42013, 96956, 4964, 86841, 36132, 94345, 63365, 60897]"
119746,"[33803, 85826, 48653, 1451, 596, 32299, 21657, 65933, 70570, 102688]"
119747,"[86334, 80348, 5519, 30750, 25751, 108867, 83292, 84758, 104768, 73482]"
119748,"[17888, 65050, 99695, 41024, 65564, 102510, 49510, 98084, 40846, 6082]"
119749,"[91207, 2752, 47215, 33363, 8117, 30244, 12961, 78422, 262, 17477]"
119750,"[91755, 68334, 81597, 54332, 50334, 100085, 12052, 107398, 52749, 72945]"
119751,"[31094, 86672, 42072, 26467, 27172, 54580, 82948, 12532, 97553, 20245]"
119752,"[7633, 74756, 75526, 68006, 95132, 8910, 5179, 46961, 95425, 90224]"
119753,"[29972, 2576, 16058, 42269, 18806, 66344, 74152, 104430, 9983, 16561]"
119754,"[23148, 14919, 69867, 90590, 68106, 97417, 49536, 74918, 36153, 107132]"
119755,"[39267, 44650, 84288, 77374, 47570, 60773, 56011, 52549, 31021, 52157]"
119756,"[96379, 72221, 40631, 35303, 88579, 4371, 89851, 82751, 106075, 4105]"
119757,"[31723, 108544, 39166, 65547, 3468, 37441, 33660, 92178, 21646, 102400]"
119758,"[12229, 41578, 77191, 57127, 21155, 105374, 100675, 79958, 64906, 34228]"
119759,"[81419, 77035, 7430, 20613, 32878, 59793, 68910, 77001, 14863, 105104]"
119760,"[37789, 31245, 87699, 82594, 2287, 18142, 96680, 67601, 10534, 6875]"
119761,"[45049, 75776, 22273, 83274, 62692, 96292, 60135, 54717, 82253, 103234]"
119762,"[72895, 49053, 97195, 57457, 51772, 87988, 52960, 29092, 2641, 30429]"
119763,"[50097, 12411, 21131, 108053, 45184, 48837, 61500, 511, 15540, 51560]"
119764,"[59523, 17955, 74127, 71890, 12998, 44413, 29053, 46120, 98483, 3249]"
119765,"[68300, 34616, 54390, 99451, 58183, 39433, 96461, 32128, 91690, 66237]"
119766,"[7325, 36404, 52217, 84483, 82735, 41341, 11051, 83353, 1776, 64694]"
119767,"[78638, 59123, 19690, 87186, 20858, 34907, 105601, 58408, 74239, 70806]"
119768,"[53398, 43033, 63032, 67435, 26844, 37112, 3736, 28622, 20677, 25929]"
119769,"[27970, 47986, 86175, 102344, 49548, 103594, 63904, 67993, 71444, 63593]"
119770,"[58063, 88276, 26682, 81452, 95333, 39427, 96064, 40465, 48002, 30117]"
119771,"[45452, 2316, 68285, 96633, 8032, 108203, 3886, 58209, 52259, 18640]"
119772,"[11284, 40443, 62648, 38225, 3233, 17753, 104522, 96791, 47033, 35372]"
119773,"[50771, 63555, 106704, 42829, 52410, 14928, 12396, 40553, 63790, 4168]"
119774,"[9686, 62200, 7550, 87221, 40041, 43489, 8395, 84234, 98254, 106231]"
119775,"[25019, 2874, 57862, 92074, 78486, 96437, 4772, 100396, 6414, 69741]"
119776,"[97653, 26993, 93979, 3878, 101259, 103045, 70785, 101277, 24198, 18655]"
119777,"[27987, 66565, 82690, 73703, 43075, 10844, 68338, 64183, 38177, 55941]"
119778,"[62380, 18199, 6949, 72184, 30065, 109630, 33564, 77100, 56533, 64966]"
119779,"[36582, 102792, 5480, 59992, 55566, 87191, 72908, 37177, 3510, 7752]"
119780,"[48225, 64509, 49102, 15452, 9124, 35657, 99406, 50822, 91345, 22962]"
119781,"[22101, 16140, 24045, 102025, 48940, 25057, 104291, 62012, 22906, 85780]"
119782,"[2855, 89294, 76974, 28749, 42439, 11531, 60940, 8684, 69069, 28922]"
119783,"[2548, 37041, 17456, 22351, 76780, 6954, 99323, 41352, 41256, 87365]"
119784,"[34459, 49510, 15254, 59825, 91554, 99949, 29593, 11281, 34282, 48701]"
119785,"[68272, 41861, 27289, 85182, 99440, 97619, 54098, 103516, 70012, 97264]"
119786,"[79191, 72384, 35753, 18769, 39275, 27738, 82390, 5506, 48247, 25379]"
119787,"[5564, 33158, 101339, 25955, 38637, 76672, 109313, 84787, 72486, 92860]"
119788,"[79130, 47099, 22263, 36796, 42793, 40559, 96636, 11341, 63762, 80034]"
119789,"[51998, 96389, 102302, 33664, 27270, 5468, 2137, 73478, 16100, 14379]"
119790,"[45911, 104693, 31028, 68037, 55057, 70548, 67804, 27523, 6529, 42823]"
119791,"[85780, 62012, 104291, 48940, 23716, 49476, 109441, 83653, 31676, 23978]"
119792,"[31808, 88369, 97840, 14708, 98331, 80280, 55013, 51798, 64651, 5354]"
119793,"[6310, 26466, 108163, 98316, 107476, 41471, 15266, 94913, 56356, 24931]"
119794,"[36149, 46040, 86277, 81329, 61129, 17952, 50146, 86874, 107795, 107749]"
119795,"[96413, 78253, 109040, 90772, 82280, 90991, 78970, 53097, 29882, 32451]"
119796,"[29519, 69363, 27356, 56008, 77807, 15272, 39751, 22926, 8256, 103757]"
119797,"[95957, 21107, 61265, 61935, 101288, 64797, 33138, 57817, 43221, 93378]"
119798,"[54046, 25433, 34310, 26909, 9092, 60165, 95135, 12660, 63437, 57143]"
119799,"[39666, 98989, 70917, 18407, 7124, 77862, 9435, 73164, 78089, 88665]"
119800,"[38874, 96295, 78066, 14086, 69531, 50920, 3144, 2897, 56212, 72493]"
119801,"[72420, 108653, 91806, 60540, 13643, 56135, 88779, 51087, 35550, 20926]"
119802,"[75090, 82205, 108216, 93420, 40663, 88860, 89614, 91410, 66786, 13322]"
119803,"[99456, 13821, 7877, 39856, 52970, 63085, 33010, 100389, 22921, 47623]"
119804,"[28744, 94975, 103125, 60338, 41144, 25827, 40278, 76513, 74944, 84352]"
119805,"[57820, 78296, 34999, 16637, 77756, 48503, 90469, 98804, 22216, 48969]"
119806,"[47709, 13434, 18063, 92146, 87453, 72420, 108653, 60540, 91806, 13643]"
119807,"[66342, 75322, 9503, 5438, 94509, 58649, 15615, 18919, 24201, 103953]"
119808,"[59429, 24671, 43909, 99798, 74533, 6981, 92960, 14248, 94078, 36044]"
119809,"[47289, 35279, 92784, 77199, 35928, 107505, 6921, 97513, 94481, 20905]"
119810,"[4315, 56150, 57575, 90499, 90250, 30387, 50210, 15058, 38249, 3624]"
119811,"[59749, 36954, 43402, 11785, 63270, 104331, 59950, 7514, 30705, 45719]"
119812,"[103962, 85022, 105915, 71677, 4269, 42696, 59313, 57073, 38816, 107546]"
119813,"[51754, 56062, 78353, 37172, 43751, 106625, 95388, 6135, 75243, 81551]"
119814,"[96846, 35685, 74064, 70442, 49258, 82600, 55469, 89670, 40768, 79208]"
119815,"[90073, 106424, 103537, 13874, 53110, 40003, 16114, 78113, 86930, 88645]"
119816,"[79475, 23452, 76602, 43333, 9158, 8056, 98419, 30701, 19120, 97501]"
119817,"[30072, 74800, 42828, 46726, 84155, 3490, 88089, 101672, 43644, 105375]"
119818,"[7204, 103795, 77640, 83259, 44336, 9998, 105557, 91302, 105309, 85946]"
119819,"[1399, 70316, 52494, 95081, 24754, 41374, 85204, 71438, 109239, 50984]"
119820,"[56816, 105026, 29456, 15828, 9095, 56850, 80730, 108222, 62244, 25711]"
119821,"[75261, 14619, 87255, 85838, 59592, 3918, 16833, 20505, 30691, 54952]"
119822,"[89742, 66513, 107274, 22089, 94379, 36802, 103632, 60728, 78225, 86702]"
119823,"[23707, 71887, 44257, 9229, 26962, 56166, 39970, 14063, 64524, 11635]"
119824,"[78520, 101254, 44049, 108226, 89578, 71425, 14288, 73029, 101427, 17868]"
119825,"[5090, 89036, 96680, 103758, 69185, 87173, 50369, 29066, 104192, 5813]"
119826,"[46192, 65116, 82425, 71350, 26210, 85057, 108047, 97560, 46139, 89193]"
119827,"[74105, 92170, 24343, 4548, 63857, 40449, 5629, 16465, 59281, 55740]"
119828,"[76007, 28578, 95263, 83121, 94284, 6418, 21678, 25038, 104624, 104328]"
119829,"[57222, 105910, 36000, 72873, 17806, 77240, 12841, 94958, 54314, 88230]"
119830,"[31557, 20265, 22076, 52442, 92375, 46054, 102828, 55067, 6312, 52360]"
119831,"[30537, 15882, 56900, 3132, 105710, 15799, 101419, 58608, 63068, 33024]"
119832,"[60221, 74604, 43378, 81359, 22162, 92953, 40108, 18415, 91134, 52384]"
119833,"[27017, 108477, 6864, 70051, 22048, 44959, 7078, 16732, 16557, 11354]"
119834,"[41126, 95701, 32964, 86110, 72841, 26641, 16217, 69267, 75269, 92218]"
119835,"[107020, 3980, 103373, 10678, 105157, 101445, 87812, 105318, 81155, 15481]"
119836,"[84805, 65591, 28532, 63938, 35601, 73000, 61980, 18085, 51817, 81294]"
119837,"[86628, 50186, 62789, 45334, 86994, 40426, 62703, 78401, 103863, 101822]"
119838,"[96199, 23664, 58272, 34304, 41807, 89564, 69242, 40248, 54089, 29546]"
119839,"[23213, 27426, 76476, 17330, 59203, 84299, 38150, 6790, 70733, 63796]"
119840,"[87330, 86870, 102467, 97138, 82783, 101466, 14035, 30378, 18091, 94905]"
119841,"[88574, 40257, 13263, 7831, 32704, 91821, 85710, 13729, 56422, 75882]"
119842,"[79607, 106493, 106519, 63749, 22591, 74232, 28570, 31959, 89740, 17038]"
119843,"[22616, 57901, 74248, 4353, 33645, 16545, 86, 13089, 70920, 24767]"
119844,"[5956, 65289, 24573, 59923, 52389, 84967, 93962, 87018, 107429, 93880]"
119845,"[20039, 101602, 65698, 62610, 39516, 48497, 8411, 77902, 99190, 46788]"
119846,"[51552, 104010, 59602, 82164, 78712, 82739, 34426, 60179, 39831, 83359]"
119847,"[86484, 79908, 45489, 31288, 31207, 36034, 35484, 6586, 36337, 12119]"
119848,"[52186, 58463, 60018, 92743, 100053, 34757, 62223, 24682, 90386, 24645]"
119849,"[13718, 29809, 82193, 43107, 108869, 102431, 81811, 26460, 38240, 74106]"
119850,"[48075, 95677, 98969, 33535, 72138, 92274, 18478, 63884, 39326, 40490]"
119851,"[21096, 58949, 101847, 23669, 36544, 79359, 39264, 107181, 82386, 6267]"
119852,"[109664, 18201, 90266, 92068, 57811, 27791, 74207, 37959, 71967, 95526]"
119853,"[4113, 18275, 104712, 33690, 89328, 11622, 21084, 9181, 97713, 17765]"
119854,"[32201, 91010, 87542, 64398, 47364, 77128, 98157, 23668, 36277, 8516]"
119855,"[90648, 76493, 86856, 45499, 101954, 90419, 27357, 89504, 37799, 66873]"
119856,"[21331, 61078, 37638, 61110, 99148, 44583, 107988, 93, 69416, 11450]"
119857,"[79594, 77308, 102915, 82513, 77437, 106453, 28245, 81509, 27996, 13453]"
119858,"[43186, 95227, 15124, 53398, 70424, 49835, 24459, 73563, 7708, 41336]"
119859,"[63976, 90356, 24086, 7698, 104349, 46830, 26222, 57909, 20815, 103401]"
119860,"[20218, 41433, 12740, 22669, 39488, 55725, 76660, 70890, 77708, 54306]"
119861,"[108868, 8421, 52631, 1281, 46943, 101875, 97650, 16079, 64325, 100852]"
119862,"[101636, 38193, 47725, 102607, 60312, 75385, 69468, 7199, 107298, 38586]"
119863,"[58519, 95596, 20945, 35688, 45797, 98135, 57385, 55994, 58650, 86356]"
119864,"[47687, 107508, 48604, 103935, 4459, 13094, 44913, 85068, 58661, 6693]"
119865,"[86448, 82071, 20363, 87063, 62987, 27228, 76794, 8944, 67010, 81791]"
119866,"[106413, 83088, 98839, 103457, 42633, 10688, 46507, 56193, 75623, 36675]"
119867,"[39757, 24683, 88793, 55472, 71691, 36911, 60215, 867, 96706, 29274]"
119868,"[57368, 73226, 94834, 49567, 82044, 47794, 91827, 78576, 70203, 53197]"
119869,"[57615, 91124, 76356, 89079, 48265, 82192, 74419, 103883, 12416, 84858]"
119870,"[83559, 43315, 62856, 55798, 99973, 19016, 48532, 108431, 99187, 16591]"
119871,"[47461, 99890, 96404, 11451, 56925, 98798, 9088, 84368, 84032, 2008]"
119872,"[30592, 7849, 70553, 18674, 66746, 107481, 79246, 98949, 66090, 59598]"
119873,"[10847, 12528, 55402, 106114, 84091, 7494, 31744, 17576, 103292, 67783]"
119874,"[17831, 84232, 30178, 7637, 83046, 29345, 47181, 25538, 1057, 5153]"
119875,"[59736, 77684, 84039, 1430, 24650, 87918, 31778, 38147, 53514, 83219]"
119876,"[93828, 100837, 28921, 60805, 10852, 96591, 6477, 64966, 77000, 6949]"
119877,"[62439, 91302, 23503, 4469, 66832, 21029, 85304, 23481, 49649, 33023]"
119878,"[35629, 25810, 26399, 62240, 105928, 7567, 27997, 104284, 107083, 36610]"
119879,"[9354, 1788, 91389, 88178, 62427, 89206, 90666, 9754, 31860, 86495]"
119880,"[75312, 87196, 85634, 82709, 37472, 89674, 87422, 32487, 79652, 68565]"
119881,"[57191, 32419, 24891, 24220, 161, 84334, 34188, 14932, 99080, 50279]"
119882,"[71856, 78507, 16459, 21934, 67787, 97317, 58712, 70480, 57663, 94149]"
119883,"[72906, 102103, 66337, 67645, 70690, 64018, 26918, 36371, 1761, 103525]"
119884,"[51310, 92744, 25344, 69176, 79425, 7270, 60236, 81810, 88812, 97935]"
119885,"[102035, 42971, 89437, 78702, 78065, 31455, 17963, 97129, 72921, 46792]"
119886,"[12863, 43526, 26331, 21655, 41792, 103039, 81583, 76221, 58681, 24890]"
119887,"[72411, 1803, 1787, 47972, 92716, 72994, 34717, 50455, 89716, 96071]"
119888,"[46776, 72519, 2246, 20215, 29108, 88892, 94081, 102135, 30551, 84201]"
119889,"[17763, 23741, 78515, 37030, 45375, 10734, 92970, 56436, 102832, 67618]"
119890,"[65435, 41095, 16340, 102436, 22590, 76670, 91480, 102743, 24576, 75167]"
119891,"[42046, 18082, 68846, 63018, 68319, 60463, 82680, 62275, 40923, 31141]"
119892,"[79188, 21145, 90798, 97325, 31642, 987, 102727, 93141, 41123, 102426]"
119893,"[60959, 3355, 84433, 104279, 69547, 80788, 59204, 55025, 78789, 75515]"
119894,"[99814, 25342, 26496, 87775, 68285, 87420, 7803, 47618, 60999, 1495]"
119895,"[69076, 105949, 26793, 27277, 55826, 15368, 13306, 46824, 21703, 59851]"
119896,"[102663, 4081, 88368, 57717, 78727, 30202, 48393, 62208, 73602, 10896]"
119897,"[108152, 106764, 39746, 5179, 46961, 10386, 32258, 94608, 11106, 81599]"
119898,"[50842, 37706, 15365, 13166, 15132, 92825, 42041, 8547, 52737, 70995]"
119899,"[47392, 30625, 19593, 100258, 66882, 70230, 88668, 36078, 88066, 75835]"
119900,"[11061, 98855, 70426, 52313, 71683, 72582, 103717, 49834, 75921, 3551]"
119901,"[20564, 91119, 69360, 89454, 52523, 75058, 101211, 63981, 31772, 31860]"
119902,"[20266, 92153, 28466, 50094, 88393, 16239, 1663, 9945, 12376, 33286]"
119903,"[643, 95618, 61607, 2067, 88582, 100529, 66359, 55000, 62636, 72547]"
119904,"[82179, 85841, 70004, 61516, 106963, 44403, 16173, 98266, 34079, 61502]"
119905,"[17999, 45790, 67169, 32952, 79309, 80297, 54815, 45089, 57246, 37960]"
119906,"[12679, 4450, 87195, 47914, 37516, 74542, 12873, 109277, 38830, 22949]"
119907,"[22573, 57656, 85529, 41995, 35697, 24421, 35193, 68522, 53840, 99819]"
119908,"[14919, 23148, 90590, 68106, 49536, 97417, 103774, 18687, 97607, 36153]"
119909,"[45057, 14837, 93533, 18665, 49058, 50522, 29966, 22907, 77470, 29423]"
119910,"[97866, 17200, 24299, 50881, 103000, 3111, 54623, 43762, 41539, 20499]"
119911,"[61805, 105506, 102835, 96940, 76661, 51002, 8036, 20134, 88288, 108919]"
119912,"[56400, 33859, 63360, 62028, 98995, 74937, 89627, 26695, 105759, 29717]"
119913,"[27834, 100758, 92178, 102400, 33660, 21646, 93601, 55524, 82302, 108544]"
119914,"[98038, 98516, 26714, 10612, 66357, 59786, 21297, 107710, 44109, 35417]"
119915,"[11382, 61874, 95903, 68401, 56972, 22575, 7016, 29126, 34880, 28242]"
119916,"[42374, 22346, 17174, 35141, 93661, 12756, 81356, 104874, 20015, 58005]"
119917,"[64868, 60652, 817, 69415, 22765, 60464, 35981, 3844, 65948, 4412]"
119918,"[82691, 46287, 11446, 101327, 46255, 13894, 94543, 4039, 28354, 29580]"
119919,"[76329, 47770, 103216, 62754, 5130, 39078, 14468, 96136, 84107, 83152]"
119920,"[28135, 8199, 79497, 97662, 67766, 7636, 69802, 78293, 86033, 90333]"
119921,"[82653, 81474, 8976, 40510, 992, 13989, 81054, 106590, 32851, 91002]"
119922,"[91137, 54245, 97343, 32422, 51347, 7844, 56083, 3338, 40164, 103085]"
119923,"[92769, 10755, 2772, 29671, 58326, 87215, 79132, 14208, 93377, 80324]"
119924,"[106938, 65794, 84583, 56410, 8339, 87975, 102989, 108141, 13361, 78009]"
119925,"[61692, 18428, 58107, 91457, 109200, 84244, 46233, 23263, 19840, 84358]"
119926,"[78367, 89306, 98045, 11474, 99864, 37135, 13091, 55590, 103930, 83312]"
119927,"[32155, 33261, 31090, 82760, 11111, 34872, 32629, 48052, 70433, 33552]"
119928,"[13611, 9232, 73924, 27233, 49985, 82179, 61516, 70004, 85841, 61502]"
119929,"[88987, 76006, 30874, 44114, 34472, 67013, 61906, 107429, 67644, 65110]"
119930,"[1733, 5103, 18832, 71053, 21926, 97244, 55009, 6460, 96716, 102134]"
119931,"[77959, 71377, 25467, 107913, 33686, 31683, 44546, 97938, 16858, 39947]"
119932,"[60016, 5326, 13276, 56095, 10680, 16727, 106948, 17551, 19416, 80047]"
119933,"[106019, 41053, 21146, 98637, 88633, 65396, 35951, 108574, 26629, 15156]"
119934,"[53466, 23192, 37241, 84695, 85105, 74269, 43620, 90899, 58914, 31617]"
119935,"[54293, 84978, 16577, 68480, 69856, 14368, 72949, 54710, 53075, 47316]"
119936,"[8292, 99064, 86588, 84824, 20486, 32693, 23584, 2143, 84663, 107099]"
119937,"[6492, 23195, 108335, 105468, 92992, 49951, 10781, 92255, 9734, 49525]"
119938,"[67755, 81706, 17175, 13336, 84922, 32484, 12091, 91074, 42909, 66831]"
119939,"[3078, 88997, 104114, 84486, 58130, 9439, 25706, 26830, 44399, 44192]"
119940,"[65918, 53175, 101176, 23913, 81954, 21082, 94567, 95939, 35341, 94099]"
119941,"[20632, 81325, 38728, 107658, 5398, 88256, 1939, 55672, 62164, 78820]"
119942,"[5395, 11798, 9692, 87525, 79588, 34875, 22530, 12430, 98983, 30966]"
119943,"[42283, 108838, 32613, 20728, 66827, 83629, 55003, 31288, 42865, 17859]"
119944,"[51341, 100585, 97311, 14485, 21014, 23854, 3337, 77209, 31681, 41009]"
119945,"[64618, 87497, 102100, 96473, 73894, 91438, 105265, 55869, 31905, 65316]"
119946,"[54062, 99312, 39368, 94102, 48849, 79579, 73782, 58230, 107085, 53640]"
119947,"[4415, 1051, 85539, 57369, 7573, 98879, 34641, 70484, 94310, 30216]"
119948,"[44166, 221, 3464, 109431, 76785, 60214, 25628, 59385, 95030, 105946]"
119949,"[36051, 40187, 60209, 56745, 95395, 77052, 103987, 68950, 71772, 87926]"
119950,"[85674, 121, 1321, 103531, 42704, 43474, 10162, 40555, 36104, 5299]"
119951,"[106916, 74308, 43524, 2346, 81685, 21852, 101691, 100667, 41106, 57313]"
119952,"[84607, 26928, 47293, 97902, 6844, 39575, 73998, 23877, 79824, 26525]"
119953,"[32311, 100344, 34819, 25625, 58829, 63847, 26058, 86295, 95826, 101470]"
119954,"[73551, 63937, 14182, 49856, 97740, 20825, 11393, 68001, 37291, 16798]"
119955,"[14211, 17276, 48116, 68707, 17508, 102000, 56165, 51752, 98788, 44517]"
119956,"[43459, 15920, 89467, 26726, 85350, 52216, 94950, 50463, 53602, 66924]"
119957,"[27802, 107807, 47392, 60582, 30625, 38277, 13228, 32757, 66673, 86823]"
119958,"[31875, 42615, 17169, 885, 48305, 28951, 86878, 16254, 64699, 77390]"
119959,"[95718, 108681, 4146, 81851, 99769, 45591, 48388, 30955, 3673, 90923]"
119960,"[63373, 92699, 104314, 65691, 85392, 15703, 43418, 35832, 63975, 22516]"
119961,"[17712, 48516, 57378, 30104, 71712, 88663, 59146, 44373, 925, 48353]"
119962,"[41893, 89051, 37582, 91155, 1919, 101085, 50686, 20446, 5441, 84994]"
119963,"[3272, 22729, 24204, 80827, 38393, 3332, 20197, 56239, 67298, 52222]"
119964,"[82582, 11416, 5432, 15685, 518, 79305, 71383, 61017, 49595, 62893]"
119965,"[76370, 53995, 93522, 98312, 30352, 56740, 68056, 17346, 27428, 35152]"
119966,"[61514, 86710, 49146, 8139, 84886, 58291, 77774, 43814, 3827, 93700]"
119967,"[27297, 91491, 5630, 87070, 27684, 90700, 18536, 42216, 44189, 45991]"
119968,"[64902, 96198, 22390, 101146, 26677, 23885, 19600, 17595, 12662, 51063]"
119969,"[28943, 103134, 11097, 42510, 36491, 4620, 33332, 54069, 71600, 101545]"
119970,"[107627, 91564, 15059, 92525, 77452, 41539, 101164, 44741, 4503, 63782]"
119971,"[31410, 11431, 68832, 78741, 61197, 10113, 92486, 61868, 77661, 69220]"
119972,"[66671, 106457, 584, 91785, 50799, 31024, 38673, 38920, 137, 8438]"
119973,"[58732, 42286, 86537, 49538, 32626, 3438, 84496, 33578, 2614, 31147]"
119974,"[64475, 3467, 45350, 36713, 78986, 94449, 13705, 29232, 85490, 331]"
119975,"[12488, 100952, 20465, 100182, 107266, 38151, 28417, 92756, 5457, 81711]"
119976,"[25990, 35269, 62897, 35251, 46703, 23140, 98709, 14653, 43706, 1770]"
119977,"[33808, 103477, 55807, 26283, 16188, 7530, 93991, 32154, 1249, 88222]"
119978,"[101915, 9104, 54169, 41215, 97685, 75971, 88554, 38471, 94654, 41070]"
119979,"[9034, 98233, 42820, 8262, 20234, 2604, 65553, 28085, 101028, 21186]"
119980,"[109192, 59550, 14064, 75943, 67920, 32067, 47302, 78729, 30732, 22717]"
119981,"[80262, 73320, 59384, 29857, 48956, 86217, 38076, 24564, 39954, 34511]"
119982,"[54604, 78717, 1910, 99754, 75414, 54143, 98849, 46534, 51670, 93756]"
119983,"[38567, 27859, 47356, 58904, 67751, 92825, 52737, 20315, 70995, 50538]"
119984,"[15944, 104995, 6696, 47178, 59356, 105961, 14696, 22505, 102583, 48898]"
119985,"[71367, 36427, 107771, 92960, 21682, 39341, 88599, 109067, 12265, 105587]"
119986,"[8085, 60141, 29003, 52649, 83830, 25913, 96193, 29867, 48605, 42889]"
119987,"[80816, 48769, 85943, 103241, 15821, 25239, 1850, 36180, 80777, 56253]"
119988,"[88751, 106167, 16228, 7065, 17714, 15114, 15667, 4860, 109173, 96577]"
119989,"[26652, 17538, 82676, 95546, 63453, 87541, 55303, 11301, 52004, 33898]"
119990,"[23115, 36315, 99295, 104857, 50617, 80394, 25861, 20110, 10478, 42279]"
119991,"[92082, 54885, 7634, 61872, 55027, 6530, 65657, 17342, 69280, 76145]"
119992,"[43613, 54585, 35242, 65472, 100701, 58229, 96456, 29221, 64210, 101140]"
119993,"[105763, 13966, 83086, 92407, 103952, 23414, 103495, 6376, 2901, 72317]"
119994,"[41696, 99588, 37107, 46725, 63716, 49630, 19083, 66211, 81250, 18825]"
119995,"[33622, 20431, 44187, 47753, 34931, 76333, 76287, 45853, 66486, 6745]"
119996,"[48237, 47809, 96828, 68947, 44039, 24495, 68093, 34241, 107123, 30519]"
119997,"[23011, 33956, 71614, 44605, 4665, 78188, 91015, 10859, 17404, 105024]"
119998,"[51330, 53957, 18919, 32223, 18873, 4686, 6830, 65672, 11553, 50770]"
119999,"[84044, 88444, 60964, 22244, 106887, 86282, 43438, 33640, 56175, 16866]"
120000,"[105677, 83827, 105469, 61015, 19925, 72505, 104131, 65097, 107503, 46095]"
120001,"[105243, 31224, 57195, 36716, 79421, 5065, 79461, 65354, 45858, 10082]"
120002,"[99073, 104929, 100280, 27271, 37873, 29646, 61694, 75610, 1731, 62783]"
120003,"[10278, 30089, 99140, 77533, 82720, 2210, 20395, 87247, 9031, 71448]"
120004,"[66411, 11309, 38592, 38499, 51245, 96294, 94348, 106537, 100508, 89229]"
120005,"[21009, 79546, 106018, 84370, 41003, 42473, 89854, 33745, 77408, 92329]"
120006,"[16313, 32282, 75137, 18639, 2915, 73032, 76045, 56151, 88835, 7500]"
120007,"[13469, 80792, 79294, 60750, 2424, 24646, 46745, 37663, 91320, 97613]"
120008,"[66226, 43897, 104886, 28433, 64523, 8319, 96856, 106146, 33109, 64908]"
120009,"[76471, 15716, 66209, 73431, 14477, 108720, 18490, 87567, 62339, 42310]"
120010,"[35039, 23789, 105928, 100874, 96709, 52009, 57280, 5888, 25810, 71816]"
120011,"[66337, 70690, 67645, 72906, 102103, 26918, 104983, 59279, 1761, 103525]"
120012,"[75559, 65300, 87615, 47103, 34219, 25402, 12190, 9454, 28612, 26515]"
120013,"[63784, 95230, 69731, 66216, 89562, 72772, 43449, 88336, 76324, 3692]"
120014,"[58007, 93006, 79011, 32780, 92709, 90300, 84154, 82065, 48105, 23992]"
120015,"[44489, 88436, 36512, 105225, 51895, 32775, 56336, 15723, 96758, 36375]"
120016,"[86004, 24112, 68118, 100471, 104569, 106000, 7343, 59780, 73870, 37960]"
120017,"[52382, 32168, 83092, 70121, 39143, 51313, 81290, 27078, 68611, 19876]"
120018,"[84342, 35842, 95259, 56004, 20518, 21701, 61473, 61962, 93886, 51373]"
120019,"[48462, 1770, 21296, 47344, 45726, 31714, 57988, 43422, 35251, 29080]"
120020,"[4049, 47205, 34570, 33153, 99025, 82729, 41710, 61126, 18399, 85163]"
120021,"[87310, 90717, 17229, 67061, 99115, 61065, 80226, 953, 335, 73315]"
120022,"[108151, 45614, 103423, 27159, 25271, 8264, 56789, 95182, 65817, 10697]"
120023,"[65997, 13706, 86670, 97330, 30961, 69148, 61837, 85789, 88111, 18076]"
120024,"[57047, 87175, 32844, 90962, 50980, 45500, 77796, 59669, 55713, 51943]"
120025,"[84551, 91821, 29102, 88574, 70647, 92173, 24837, 96834, 78119, 46596]"
120026,"[98757, 66497, 18617, 67891, 35678, 96970, 37953, 93498, 48731, 45711]"
120027,"[21207, 29323, 15527, 23527, 79641, 55624, 29853, 99223, 20522, 94458]"
120028,"[79077, 48795, 88386, 10342, 67697, 45942, 35818, 37421, 21750, 40514]"
120029,"[73373, 90261, 11488, 46821, 62486, 89582, 45678, 78646, 37433, 108616]"
120030,"[6509, 68354, 43215, 66832, 18338, 23481, 28806, 21029, 85304, 4469]"
120031,"[69440, 220, 28899, 67259, 12335, 48982, 60937, 95750, 98434, 86003]"
120032,"[86948, 7333, 47995, 15751, 50313, 49586, 42180, 51665, 4072, 10236]"
120033,"[46407, 83475, 101333, 34718, 40552, 9040, 15230, 71892, 51406, 18264]"
120034,"[79800, 83017, 54691, 93012, 72302, 20647, 82170, 53858, 88646, 100440]"
120035,"[20298, 53766, 87669, 83817, 35498, 39762, 74658, 89387, 98940, 49758]"
120036,"[66502, 43918, 55066, 89385, 17100, 1709, 39184, 39183, 62039, 94140]"
120037,"[100972, 2609, 70732, 97003, 98271, 20691, 96234, 50169, 63150, 22545]"
120038,"[44273, 108191, 13077, 79695, 94911, 57841, 65057, 53418, 77447, 2172]"
120039,"[70220, 39048, 108344, 80065, 3260, 1146, 70963, 5968, 56627, 78270]"
120040,"[83838, 36206, 10591, 78781, 69338, 40120, 101824, 48780, 91901, 85541]"
120041,"[99811, 19667, 94279, 37440, 49818, 25971, 76009, 80919, 44639, 20264]"
120042,"[109581, 28851, 84778, 28892, 76268, 105308, 103905, 42914, 17363, 70276]"
120043,"[61436, 108195, 56229, 94744, 96025, 90777, 44401, 55776, 54050, 105276]"
120044,"[28131, 15049, 42145, 39992, 93784, 74121, 21524, 44814, 52175, 67415]"
120045,"[17656, 87763, 51074, 29862, 15178, 7909, 108435, 109171, 10451, 29063]"
120046,"[79773, 9608, 99311, 86898, 8659, 103778, 1342, 79213, 46098, 54579]"
120047,"[942, 35028, 37290, 46574, 40759, 82661, 16154, 47625, 90170, 67137]"
120048,"[21782, 3527, 94881, 71368, 47213, 56315, 32923, 97816, 97938, 45422]"
120049,"[43891, 38094, 64559, 996, 22894, 101923, 24083, 13698, 10226, 55998]"
120050,"[85766, 89179, 30955, 48086, 18498, 15972, 3937, 82376, 63211, 48913]"
120051,"[24655, 15619, 79131, 87575, 38423, 8421, 41924, 18761, 86513, 91697]"
120052,"[74874, 17879, 82815, 52335, 86479, 51480, 99126, 75911, 2173, 28855]"
120053,"[50959, 25507, 70179, 65212, 16436, 27320, 9710, 70513, 57208, 41475]"
120054,"[41260, 11317, 49043, 19623, 104922, 27577, 39914, 43493, 32598, 57940]"
120055,"[34770, 1300, 949, 73815, 56168, 79493, 46451, 45822, 104644, 23207]"
120056,"[62361, 13353, 59833, 52944, 96819, 109026, 51274, 101828, 54934, 36123]"
120057,"[84995, 62852, 47850, 73267, 108142, 83268, 100560, 60021, 18492, 8605]"
120058,"[52395, 57568, 56667, 65756, 58930, 101732, 85361, 101529, 28488, 98596]"
120059,"[17844, 44006, 72389, 48328, 56321, 4083, 15506, 53887, 55434, 3766]"
120060,"[58396, 75259, 33987, 71734, 1453, 31045, 97652, 46105, 47578, 71686]"
120061,"[38161, 11955, 26389, 19135, 2509, 25260, 62303, 70311, 86657, 45243]"
120062,"[5699, 39556, 14811, 96228, 91734, 51935, 96839, 30226, 5918, 93847]"
120063,"[21390, 90620, 96375, 82946, 53217, 81899, 85960, 69610, 107669, 75593]"
120064,"[29636, 104541, 61547, 26015, 34397, 103944, 10412, 9668, 72855, 28368]"
120065,"[101766, 44125, 82894, 79586, 99843, 59797, 101916, 36929, 64607, 105709]"
120066,"[71191, 48937, 76294, 99113, 64588, 98027, 50001, 52715, 62558, 55744]"
120067,"[49326, 18838, 44859, 78446, 48671, 66600, 76660, 57225, 103408, 54601]"
120068,"[93737, 61923, 108099, 5152, 42249, 38479, 33697, 40907, 62095, 63074]"
120069,"[55859, 2504, 55122, 22800, 33569, 102924, 94937, 43745, 105927, 33408]"
120070,"[82377, 96172, 102369, 89661, 109301, 9922, 67397, 17791, 106004, 103372]"
120071,"[18832, 102134, 102630, 17936, 13314, 70067, 35419, 21734, 93105, 63021]"
120072,"[8335, 76147, 70202, 26605, 95866, 82214, 43592, 53718, 46401, 92860]"
120073,"[102392, 19953, 35137, 99204, 51263, 14060, 33753, 81404, 88538, 19406]"
120074,"[12659, 67361, 61401, 25567, 60701, 93548, 75629, 58566, 61195, 50700]"
120075,"[22574, 17597, 96484, 46007, 54035, 26077, 62104, 98141, 73424, 28471]"
120076,"[20827, 105469, 61015, 72505, 19925, 75995, 57045, 18860, 52659, 34571]"
120077,"[104039, 109282, 62503, 42662, 85579, 42292, 102889, 5189, 52235, 87602]"
120078,"[71729, 72295, 63387, 31434, 43610, 37070, 64030, 54205, 27335, 10995]"
120079,"[27855, 5430, 31605, 23694, 65694, 533, 84775, 79591, 3180, 49778]"
120080,"[54823, 83286, 67589, 72455, 18534, 89387, 98940, 41836, 40968, 86569]"
120081,"[26530, 22769, 3884, 96979, 1539, 64684, 10286, 77823, 31405, 15913]"
120082,"[13194, 23725, 80810, 96770, 72157, 225, 27398, 73605, 22857, 106680]"
120083,"[54792, 42723, 14524, 95529, 37922, 59916, 76814, 40200, 44695, 87847]"
120084,"[30328, 98594, 25963, 14149, 14034, 38700, 6948, 12283, 15158, 23344]"
120085,"[2745, 50701, 6264, 80593, 91492, 87554, 99850, 92374, 26149, 83206]"
120086,"[21539, 77868, 58310, 66722, 94951, 19952, 17596, 25960, 107269, 35227]"
120087,"[35334, 6438, 58899, 24159, 108004, 17499, 48329, 19221, 85751, 73634]"
120088,"[24471, 21209, 4031, 7763, 66488, 593, 22412, 99114, 56142, 31854]"
120089,"[82741, 28409, 13093, 86333, 29833, 26393, 74003, 90361, 1928, 1285]"
120090,"[20086, 9330, 43276, 100474, 30169, 48087, 14033, 73872, 51335, 44976]"
120091,"[18718, 76060, 6408, 4651, 75275, 56897, 53991, 33314, 95094, 33182]"
120092,"[63336, 1564, 72402, 107458, 94393, 41285, 11189, 92298, 35035, 68518]"
120093,"[75874, 52620, 108059, 101456, 96302, 46557, 78842, 34172, 60038, 89934]"
120094,"[33057, 19333, 193, 1942, 17955, 76975, 86235, 80122, 75248, 47858]"
120095,"[91696, 15223, 67961, 60488, 99042, 99459, 49718, 23019, 62462, 19599]"
120096,"[65275, 60491, 77071, 89027, 102189, 41012, 5346, 35369, 12918, 40470]"
120097,"[25415, 104193, 26062, 42813, 101218, 108836, 51241, 76419, 79702, 35322]"
120098,"[109304, 67171, 33386, 11476, 83265, 45213, 99701, 13563, 88145, 94355]"
120099,"[36261, 6798, 35162, 88603, 80544, 60913, 98363, 47722, 27210, 50720]"
120100,"[960, 11913, 61979, 98388, 37773, 91345, 11550, 54834, 47960, 107780]"
120101,"[55318, 33606, 94808, 83901, 9459, 98951, 99084, 71341, 4434, 80789]"
120102,"[39377, 2773, 2959, 90371, 1416, 38467, 74761, 28602, 51275, 20615]"
120103,"[32221, 67182, 20766, 22375, 43481, 106340, 107292, 33954, 56069, 67095]"
120104,"[109097, 94950, 53602, 69025, 109182, 85350, 41604, 69832, 21138, 17179]"
120105,"[51798, 59366, 55013, 50442, 67410, 59594, 89690, 18901, 56325, 88451]"
120106,"[44858, 26975, 105234, 85717, 15587, 104369, 28823, 102257, 37735, 62523]"
120107,"[92803, 78389, 42882, 41845, 46417, 108604, 10017, 105546, 69807, 97274]"
120108,"[63278, 12717, 89158, 62464, 24452, 41921, 25627, 2515, 55061, 90039]"
120109,"[67772, 88374, 81850, 19012, 49115, 63352, 78416, 107842, 22668, 97725]"
120110,"[50574, 20910, 33695, 26769, 56217, 90392, 85069, 9701, 13852, 13827]"
120111,"[30094, 48444, 53882, 21973, 8062, 22557, 97526, 45303, 17304, 106479]"
120112,"[67273, 5060, 85554, 59678, 53321, 19871, 92120, 17303, 7036, 92891]"
120113,"[80659, 5355, 14538, 69223, 42379, 14255, 42422, 6348, 40664, 15069]"
120114,"[48044, 52938, 22232, 38051, 104373, 25636, 28157, 84621, 97683, 7915]"
120115,"[6137, 35939, 67701, 47075, 6356, 30832, 87034, 85107, 20690, 28056]"
120116,"[3917, 41182, 78152, 88605, 3548, 22211, 14907, 30423, 87425, 14360]"
120117,"[72135, 51057, 69879, 93610, 16708, 80885, 67335, 98996, 12853, 15117]"
120118,"[32188, 50562, 32351, 57161, 51531, 52193, 102688, 78969, 6892, 102211]"
120119,"[72974, 79052, 44591, 18995, 37128, 92198, 9843, 74996, 91892, 26355]"
120120,"[63343, 54983, 24514, 75496, 15938, 28732, 52794, 2683, 104613, 2957]"
120121,"[61537, 75846, 95147, 68017, 20958, 101184, 18853, 73564, 74801, 79396]"
120122,"[71685, 29035, 106081, 33559, 78187, 49809, 65010, 42455, 58132, 32482]"
120123,"[90437, 31848, 5995, 46383, 80624, 42964, 19101, 101569, 3106, 12425]"
120124,"[41326, 33535, 5937, 58977, 17248, 56703, 49883, 85907, 76535, 73736]"
120125,"[20170, 85193, 27404, 76547, 91102, 8218, 74382, 9779, 17684, 91172]"
120126,"[99515, 46864, 51588, 29483, 79624, 7169, 70020, 105764, 58494, 53583]"
120127,"[107861, 44918, 86528, 48958, 75933, 101193, 76097, 36468, 89105, 73252]"
120128,"[35757, 75608, 60470, 40142, 42802, 45714, 51718, 8198, 20667, 21648]"
120129,"[95893, 44361, 68503, 3699, 51306, 43005, 106443, 95471, 99256, 104545]"
120130,"[53113, 91332, 36792, 7531, 63514, 84086, 54988, 20999, 42004, 34343]"
120131,"[77405, 40815, 84405, 109735, 88561, 75689, 57732, 6095, 104675, 105605]"
120132,"[91812, 85081, 40720, 55430, 86965, 6192, 94454, 27071, 94410, 1582]"
120133,"[3519, 84229, 64664, 46974, 42011, 2069, 44269, 14864, 7759, 25214]"
120134,"[16296, 82100, 74966, 33789, 104603, 21041, 85073, 71540, 12, 82340]"
120135,"[30195, 21713, 17306, 47613, 72432, 29256, 53978, 18233, 66346, 106044]"
120136,"[63905, 68349, 22812, 20308, 104182, 81622, 13007, 30466, 98337, 82456]"
120137,"[104428, 85830, 100721, 26384, 96893, 59915, 44317, 69869, 100823, 108164]"
120138,"[56545, 96121, 86408, 31120, 5639, 108389, 107394, 1572, 78646, 54491]"
120139,"[107324, 72491, 85801, 57332, 100693, 80215, 2912, 19317, 109422, 90840]"
120140,"[15890, 95572, 19076, 24778, 67774, 93391, 71108, 34308, 32084, 65296]"
120141,"[35280, 41972, 72476, 50154, 104687, 42568, 34613, 97311, 30964, 58238]"
120142,"[108491, 50534, 71380, 37081, 90755, 41857, 103679, 64588, 74193, 9937]"
120143,"[82076, 15335, 37660, 62619, 26773, 35289, 15329, 101262, 52558, 44004]"
120144,"[78920, 15978, 95119, 40871, 69649, 13111, 10585, 82213, 11697, 588]"
120145,"[5010, 2649, 29135, 29396, 93411, 45816, 16635, 81515, 44131, 37704]"
120146,"[53312, 85048, 107509, 87335, 6193, 47383, 27953, 68263, 63130, 77086]"
120147,"[17850, 29309, 46502, 64208, 94565, 33006, 51528, 58594, 29201, 29110]"
120148,"[83701, 26088, 96002, 28337, 51284, 44522, 32133, 54309, 100775, 105839]"
120149,"[10154, 107016, 13514, 108017, 2827, 54501, 9125, 11171, 94139, 85505]"
120150,"[91557, 67153, 84187, 26974, 92676, 5545, 6144, 17375, 26985, 74355]"
120151,"[20475, 93675, 44446, 76285, 62802, 85967, 69694, 9097, 57589, 69454]"
120152,"[92518, 39810, 15046, 34701, 88719, 93210, 83877, 40735, 13021, 98659]"
120153,"[104297, 88222, 108255, 42943, 104030, 26440, 75781, 89330, 32689, 76025]"
120154,"[73151, 109231, 51520, 30224, 37784, 4291, 24742, 919, 52119, 51501]"
120155,"[26111, 71006, 95341, 11479, 101135, 6961, 50821, 56922, 28252, 25697]"
120156,"[18556, 71406, 109580, 5013, 99217, 47324, 8569, 63340, 55047, 44256]"
120157,"[84825, 14157, 51782, 18137, 107724, 44285, 30415, 88425, 21572, 7184]"
120158,"[26834, 69012, 3990, 9723, 9317, 50687, 103300, 34133, 53060, 4801]"
120159,"[21866, 48202, 46657, 49459, 53800, 16101, 34593, 52211, 45752, 83415]"
120160,"[9725, 37367, 60776, 36008, 97498, 105988, 82540, 54660, 37476, 27727]"
120161,"[97678, 94580, 100897, 40605, 34230, 3161, 76246, 63147, 5763, 95084]"
120162,"[81966, 48431, 95794, 54448, 36808, 61056, 11465, 44144, 103555, 83142]"
120163,"[48223, 19491, 33500, 32318, 10887, 83963, 10726, 86934, 55712, 80510]"
120164,"[34402, 7452, 55030, 31555, 18539, 33206, 81623, 20035, 98666, 18064]"
120165,"[86407, 106410, 20526, 82, 106696, 37628, 13448, 27389, 64711, 23231]"
120166,"[75766, 16314, 72670, 34217, 10848, 35158, 17149, 62803, 56331, 12754]"
120167,"[90159, 63028, 49722, 35397, 3760, 4831, 92643, 29652, 93904, 80752]"
120168,"[76772, 20749, 23090, 32140, 48015, 81969, 4910, 60462, 12664, 9217]"
120169,"[67747, 45791, 77587, 67441, 64631, 75401, 5115, 19959, 79469, 96197]"
120170,"[101979, 264, 68710, 90381, 69076, 47419, 88214, 50467, 48427, 11520]"
120171,"[89241, 98488, 101709, 23619, 58707, 69411, 62746, 38363, 87370, 17107]"
120172,"[94257, 97018, 66201, 31729, 34784, 38216, 101210, 42110, 57601, 61595]"
120173,"[82338, 74324, 27176, 104540, 8326, 32212, 65777, 53661, 55778, 105287]"
120174,"[78527, 78196, 1639, 75881, 94372, 57757, 17591, 47904, 27622, 45258]"
120175,"[102602, 93650, 43707, 23862, 27340, 97068, 4869, 33230, 277, 80002]"
120176,"[102097, 34252, 42384, 92128, 93710, 75894, 79578, 8448, 101142, 20936]"
120177,"[47139, 61723, 38068, 55892, 26642, 50948, 92517, 2440, 27871, 103951]"
120178,"[100700, 75533, 47866, 52294, 15657, 51686, 34436, 77154, 25778, 3253]"
120179,"[31033, 74409, 55199, 9874, 10394, 90097, 98144, 51246, 67641, 80480]"
120180,"[9553, 18973, 25401, 39431, 60932, 83008, 76592, 77255, 31845, 70043]"
120181,"[12081, 60826, 62131, 62677, 55306, 85667, 100161, 25138, 101591, 91260]"
120182,"[3658, 15529, 16527, 59712, 6234, 100436, 95914, 105905, 98323, 91351]"
120183,"[51451, 1646, 18836, 54643, 10556, 57277, 97071, 74907, 8053, 65928]"
120184,"[104965, 65635, 64430, 91196, 47434, 79428, 77741, 108812, 45146, 8403]"
120185,"[107035, 62521, 17247, 53486, 32153, 67950, 21472, 6245, 17495, 24764]"
120186,"[92824, 63112, 46373, 35258, 103458, 105020, 85720, 103848, 37671, 19128]"
120187,"[36545, 76142, 33793, 62556, 105747, 19776, 44451, 16547, 21877, 89524]"
120188,"[11379, 33518, 70550, 13476, 81885, 92486, 103547, 33642, 39916, 45231]"
120189,"[24321, 104834, 27512, 41664, 67377, 69924, 93409, 103949, 43788, 3714]"
120190,"[45812, 94755, 102276, 7729, 55272, 63482, 79595, 76760, 57030, 16255]"
120191,"[27246, 160, 37737, 38580, 8476, 104492, 106152, 5417, 73491, 27303]"
120192,"[64785, 81484, 64858, 82847, 80189, 25551, 55887, 28710, 19404, 44382]"
120193,"[102683, 69049, 85256, 95326, 72423, 7150, 15191, 20539, 72414, 91407]"
120194,"[86882, 8000, 4530, 95756, 59110, 36488, 36414, 9103, 76634, 39998]"
120195,"[10844, 43075, 43270, 96527, 45141, 37893, 21281, 28831, 4544, 49647]"
120196,"[64582, 72194, 64917, 101530, 45734, 91139, 77037, 34607, 91503, 14827]"
120197,"[33106, 106866, 83833, 6302, 91559, 11458, 74495, 5505, 61264, 105206]"
120198,"[21773, 98694, 17146, 11497, 75262, 100367, 90504, 100254, 89480, 29142]"
120199,"[63521, 44170, 73496, 60494, 48324, 79772, 91668, 80671, 27319, 42940]"
120200,"[17363, 42914, 103905, 70276, 1281, 11221, 92297, 28851, 84778, 109581]"
120201,"[81443, 67997, 87047, 34146, 61218, 101395, 27705, 24601, 106473, 22325]"
120202,"[22202, 93490, 66798, 78426, 57576, 82589, 56260, 20149, 10441, 28938]"
120203,"[92606, 38072, 29878, 44244, 20927, 5654, 61096, 103331, 106116, 105121]"
120204,"[72427, 67632, 84055, 72591, 7119, 108009, 109224, 12772, 92814, 40786]"
120205,"[108335, 102776, 92992, 36117, 95209, 68478, 26522, 73778, 107444, 11734]"
120206,"[101506, 74717, 1827, 79609, 95157, 52731, 10632, 21901, 36409, 96202]"
120207,"[13726, 92863, 25617, 15575, 20896, 39105, 32637, 3802, 58649, 45879]"
120208,"[61770, 21247, 98222, 48468, 51732, 98250, 75229, 14500, 103139, 14030]"
120209,"[12986, 16256, 84266, 38796, 14698, 41889, 53193, 42545, 95454, 98634]"
120210,"[73808, 8248, 704, 107187, 51626, 17770, 2404, 53915, 100704, 82458]"
120211,"[100815, 48447, 97525, 101878, 71751, 96149, 61773, 78737, 55983, 39753]"
120212,"[100131, 33896, 48623, 54927, 74182, 78660, 2304, 51485, 64209, 6167]"
120213,"[7262, 8443, 16121, 99467, 81652, 106587, 66320, 85905, 95616, 553]"
120214,"[19490, 91870, 87773, 82110, 50579, 61225, 37171, 87007, 2470, 14768]"
120215,"[103921, 104005, 53850, 2419, 83227, 88456, 94462, 5942, 23237, 56595]"
120216,"[97204, 108261, 70971, 2964, 108362, 12100, 20202, 2968, 11318, 39990]"
120217,"[58832, 66454, 94524, 29814, 13164, 104262, 61912, 41276, 52935, 21090]"
120218,"[14183, 43179, 87338, 27435, 83969, 77783, 61997, 73584, 58933, 66629]"
120219,"[81459, 34030, 46580, 35781, 36886, 57064, 51427, 1937, 89699, 80742]"
120220,"[44781, 22539, 384, 64438, 104289, 33708, 27945, 89428, 53531, 36618]"
120221,"[45449, 4170, 54424, 50977, 66622, 460, 59975, 4393, 28870, 81578]"
120222,"[30163, 102047, 27502, 68384, 85349, 99217, 4970, 4390, 26243, 9414]"
120223,"[57417, 63497, 8791, 74432, 70759, 60406, 103487, 32889, 63313, 37454]"
120224,"[96562, 105655, 40919, 57007, 18659, 89917, 97541, 84225, 104389, 50377]"
120225,"[50935, 57484, 21578, 62377, 2488, 109020, 83676, 82345, 32698, 16835]"
120226,"[32658, 57256, 33999, 4575, 103164, 11721, 51516, 82711, 36190, 68011]"
120227,"[25038, 62434, 70703, 56018, 28578, 76007, 1262, 2273, 99820, 58431]"
120228,"[61663, 26457, 41275, 71649, 78897, 101188, 16042, 35489, 2543, 80457]"
120229,"[76819, 29270, 20609, 63788, 85311, 25058, 102572, 34983, 87780, 17224]"
120230,"[4396, 18245, 88911, 72320, 4625, 58002, 30567, 88931, 50118, 67176]"
120231,"[60178, 22774, 88859, 52454, 52764, 93656, 100513, 50638, 45669, 100319]"
120232,"[15348, 24953, 98707, 108067, 76802, 109040, 78253, 96413, 88087, 56874]"
120233,"[71499, 26924, 7481, 80227, 75162, 10051, 51985, 69060, 98547, 74326]"
120234,"[36988, 99221, 12970, 48696, 92834, 10774, 73177, 27581, 91383, 23341]"
120235,"[93769, 1926, 8275, 47066, 47523, 41301, 39290, 90021, 54312, 57988]"
120236,"[25878, 9238, 1216, 37637, 62430, 86320, 18339, 84682, 17347, 47871]"
120237,"[105206, 95467, 5009, 73931, 61264, 107006, 49667, 6302, 106866, 11458]"
120238,"[9924, 89969, 41323, 22377, 81253, 76465, 20083, 13933, 57331, 79658]"
120239,"[26785, 100450, 43797, 82133, 56053, 66571, 43297, 4013, 66327, 45665]"
120240,"[5697, 10607, 20846, 28956, 49808, 63345, 85897, 6872, 38026, 57053]"
120241,"[56703, 17248, 65398, 50764, 79551, 95475, 45971, 41326, 103871, 73562]"
120242,"[108229, 63052, 77351, 52052, 49560, 17412, 95027, 2104, 86109, 100612]"
120243,"[15057, 40216, 38639, 93353, 101482, 19472, 36256, 46818, 70022, 42478]"
120244,"[35426, 89746, 90127, 27592, 75986, 17126, 73402, 109484, 72231, 78076]"
120245,"[22268, 12200, 33081, 71201, 14307, 86502, 107327, 87280, 101626, 10593]"
120246,"[63539, 82491, 71012, 48113, 82909, 22958, 14402, 104231, 17588, 93260]"
120247,"[2762, 66276, 32287, 83520, 6900, 88418, 40153, 89180, 18717, 42911]"
120248,"[73367, 35962, 21552, 83947, 41498, 64809, 37882, 53285, 48578, 59625]"
120249,"[58298, 72370, 51251, 56012, 41223, 86181, 89270, 13000, 36679, 96054]"
120250,"[82776, 11565, 22175, 2556, 12797, 24714, 79215, 46826, 28554, 57086]"
120251,"[14466, 46024, 15058, 69020, 13360, 62724, 107437, 49240, 67500, 47272]"
120252,"[16866, 88281, 68246, 62593, 23638, 1567, 27959, 52821, 106887, 21854]"
120253,"[94894, 9055, 23702, 8589, 79827, 93743, 107519, 30097, 16596, 18116]"
120254,"[50470, 55640, 107255, 30728, 101140, 74873, 64210, 54018, 13325, 29221]"
120255,"[78615, 17414, 75428, 90653, 28498, 25812, 32594, 23888, 46882, 44448]"
120256,"[78587, 73989, 13644, 51115, 108826, 65195, 95705, 16374, 46065, 22220]"
120257,"[102327, 57744, 109305, 34484, 34781, 80046, 24608, 17229, 109053, 23637]"
120258,"[85047, 39130, 46532, 57580, 83084, 54051, 10652, 101806, 3834, 108584]"
120259,"[361, 81911, 55562, 70708, 52218, 32051, 75935, 76677, 31195, 74543]"
120260,"[70189, 2741, 14128, 38910, 71282, 18130, 39161, 37523, 94994, 23436]"
120261,"[66214, 39657, 109583, 90878, 91094, 18138, 42796, 47353, 61235, 19795]"
120262,"[98681, 33439, 31640, 56420, 83189, 105384, 14768, 37171, 82346, 72856]"
120263,"[406, 95783, 23061, 102136, 94445, 96480, 66099, 85675, 3804, 5830]"
120264,"[58482, 31925, 77197, 23799, 59498, 11429, 82238, 8837, 37576, 104021]"
120265,"[51351, 47671, 107889, 72205, 3300, 66180, 6165, 47588, 63262, 49991]"
120266,"[6449, 26311, 73039, 4124, 15090, 3311, 103078, 98880, 90246, 70646]"
120267,"[48285, 43932, 22833, 29443, 91812, 29484, 86965, 33522, 104437, 6192]"
120268,"[67676, 258, 29160, 78144, 20620, 86618, 97263, 75487, 2162, 88001]"
120269,"[70541, 100501, 37299, 88780, 12847, 86135, 60070, 97881, 9248, 102349]"
120270,"[18197, 754, 76954, 9994, 21064, 94995, 103471, 84335, 33471, 102474]"
120271,"[3728, 102271, 19461, 35680, 11910, 70896, 33791, 102890, 37645, 70622]"
120272,"[31587, 27107, 36852, 55394, 92167, 85588, 36081, 10596, 37712, 95368]"
120273,"[81446, 92069, 17725, 105014, 25865, 68306, 5247, 62495, 55033, 49177]"
120274,"[59025, 7829, 81580, 2121, 42078, 31068, 108127, 107041, 86494, 105403]"
120275,"[108817, 91891, 43192, 7861, 43935, 43173, 35964, 35881, 48632, 7001]"
120276,"[53875, 62594, 43249, 25792, 72206, 45061, 24746, 100099, 65732, 61360]"
120277,"[81135, 74754, 92649, 79970, 78358, 59695, 73231, 28639, 29561, 76317]"
120278,"[72837, 23128, 82639, 55942, 70097, 68844, 5981, 44394, 104766, 60573]"
120279,"[102271, 76158, 41874, 102063, 65527, 7151, 109748, 94052, 76208, 10314]"
120280,"[46223, 25987, 48665, 96977, 25742, 93098, 89967, 39403, 108740, 47035]"
120281,"[83065, 100377, 103577, 89394, 19339, 64581, 65778, 104071, 45148, 34117]"
120282,"[22783, 96844, 61719, 25088, 38846, 98593, 82223, 53454, 63960, 62126]"
120283,"[108866, 91736, 18651, 83090, 34380, 51, 72270, 13132, 7189, 84885]"
120284,"[51844, 65667, 92668, 44018, 48341, 63466, 24778, 62424, 27111, 63609]"
120285,"[3513, 82683, 62123, 40208, 12718, 38795, 101487, 34799, 40496, 29526]"
120286,"[28845, 61565, 13174, 6564, 95458, 7529, 16578, 9089, 69735, 8047]"
120287,"[39669, 70855, 61697, 42317, 108891, 60975, 45273, 58574, 78888, 43602]"
120288,"[21997, 1292, 90047, 107217, 14575, 51885, 83554, 67316, 9894, 106036]"
120289,"[9024, 10808, 98892, 1597, 53097, 78970, 43493, 32598, 57940, 57645]"
120290,"[38496, 109557, 42792, 83934, 96998, 103421, 20534, 4532, 27445, 54882]"
120291,"[21717, 23209, 106030, 3872, 26571, 101267, 105296, 16539, 3762, 51577]"
120292,"[89039, 75195, 54400, 86963, 91511, 27147, 18581, 83425, 103896, 107940]"
120293,"[49987, 50280, 33318, 23930, 98556, 26940, 79666, 66378, 84380, 8277]"
120294,"[9914, 871, 49334, 99399, 98652, 17186, 80867, 61254, 18184, 80302]"
120295,"[4781, 4226, 78038, 10059, 22948, 14020, 57630, 92397, 37588, 92503]"
120296,"[2127, 829, 2215, 23141, 109447, 54473, 97310, 105442, 56882, 99045]"
120297,"[21674, 36866, 94187, 94895, 70343, 62880, 31508, 45676, 59060, 55557]"
120298,"[18579, 6233, 32088, 34339, 60322, 73634, 95761, 30877, 20813, 78827]"
120299,"[11363, 49332, 27568, 82845, 89592, 11612, 72579, 81628, 90574, 106986]"
120300,"[75754, 109714, 74743, 38519, 22405, 60688, 26798, 8829, 38806, 93317]"
120301,"[11848, 77054, 25649, 19967, 53440, 54872, 30775, 41539, 84273, 93329]"
120302,"[55862, 33574, 36529, 8555, 27706, 90511, 79561, 81213, 5667, 70259]"
120303,"[78258, 42881, 27679, 48336, 107229, 88078, 107443, 21437, 81201, 86131]"
120304,"[79544, 88228, 99285, 12990, 101256, 75965, 48523, 8047, 74541, 43491]"
120305,"[76262, 21088, 75983, 44276, 1353, 102416, 25905, 7210, 108793, 96346]"
120306,"[105515, 104132, 61417, 27199, 53356, 13527, 83856, 82243, 14054, 106002]"
120307,"[50479, 73651, 49751, 72379, 77793, 19919, 16026, 57281, 62961, 89095]"
120308,"[34565, 51656, 59393, 8224, 51569, 51540, 95217, 1425, 61910, 14430]"
120309,"[4503, 84247, 70385, 64373, 33463, 107627, 63782, 44741, 19655, 80409]"
120310,"[51364, 34834, 30008, 92045, 82951, 109160, 63644, 93258, 43340, 104320]"
120311,"[5487, 103556, 53872, 66272, 13763, 37116, 65599, 109665, 68686, 96046]"
120312,"[36206, 84356, 76576, 61630, 666, 107674, 56795, 102380, 57087, 41568]"
120313,"[108193, 46972, 69552, 45565, 23330, 105324, 515, 18149, 21329, 70707]"
120314,"[44669, 30484, 64878, 25502, 79157, 82692, 20427, 72214, 43702, 55519]"
120315,"[57420, 94485, 23827, 33976, 99054, 41192, 81579, 33993, 21438, 30574]"
120316,"[496, 43392, 102969, 81944, 12771, 18490, 54494, 3169, 61362, 11391]"
120317,"[24168, 8826, 51891, 69483, 107942, 39446, 9237, 12026, 5963, 69064]"
120318,"[76455, 77389, 97719, 20267, 14350, 94811, 70194, 18736, 41166, 6783]"
120319,"[47404, 97136, 84120, 50398, 54971, 62961, 53791, 532, 59830, 87811]"
120320,"[102237, 74292, 12181, 56529, 96905, 1132, 49141, 18197, 36818, 45470]"
120321,"[82200, 52910, 3698, 100268, 8535, 69056, 78968, 53991, 15454, 50753]"
120322,"[67527, 25149, 78535, 78548, 103679, 52655, 1271, 13930, 49716, 97736]"
120323,"[67008, 30329, 29067, 89310, 40458, 58961, 16285, 73154, 45559, 86447]"
120324,"[54525, 71101, 34537, 65458, 95285, 4333, 82160, 75601, 35428, 5331]"
120325,"[77337, 35831, 30503, 108864, 103683, 63023, 58296, 103940, 86809, 31753]"
120326,"[100079, 24894, 103159, 82007, 32462, 53379, 19174, 28971, 69986, 37458]"
120327,"[19052, 52506, 84947, 20414, 48134, 63279, 43320, 77023, 93326, 33237]"
120328,"[26226, 45823, 82719, 10861, 90501, 84444, 60130, 16817, 49984, 59801]"
120329,"[77075, 14872, 52349, 95886, 60493, 13178, 38065, 12838, 40411, 80138]"
120330,"[109420, 76014, 75858, 48129, 23898, 59810, 107888, 17280, 15419, 67864]"
120331,"[10126, 44228, 49741, 53184, 16766, 93106, 87245, 74771, 10246, 49659]"
120332,"[79042, 28102, 104672, 100697, 19161, 15959, 10863, 106751, 48578, 59625]"
120333,"[32099, 57609, 1606, 99349, 88423, 108862, 49494, 13082, 62160, 65638]"
120334,"[81891, 73305, 17748, 38316, 39162, 99536, 18419, 59883, 85484, 83864]"
120335,"[22633, 63011, 61876, 5552, 6630, 25795, 47922, 10904, 48747, 104681]"
120336,"[56535, 60200, 73825, 82857, 4391, 16389, 81168, 8883, 7303, 77889]"
120337,"[81620, 42280, 74500, 94326, 93609, 38492, 67595, 32340, 61276, 59909]"
120338,"[79928, 7579, 45583, 86181, 41223, 724, 58250, 75681, 53229, 105585]"
120339,"[81279, 57056, 90032, 107969, 72727, 10498, 3844, 105331, 105435, 37946]"
120340,"[3215, 52926, 24696, 20791, 33706, 100757, 21956, 85720, 44129, 66512]"
120341,"[18762, 47858, 44319, 32053, 14208, 87839, 42045, 48663, 80122, 45519]"
120342,"[39102, 76497, 97143, 1933, 99262, 31217, 35306, 612, 98406, 48655]"
120343,"[16204, 96586, 56058, 35705, 76571, 73598, 72453, 103160, 27135, 96925]"
120344,"[23418, 70783, 66348, 32578, 28163, 24513, 13810, 33434, 77084, 68650]"
120345,"[100992, 79310, 70240, 12007, 71253, 99196, 99085, 9277, 90503, 6525]"
120346,"[106476, 74657, 41152, 22735, 105457, 74120, 21653, 49591, 30474, 9145]"
120347,"[64125, 9937, 90755, 38897, 102867, 55744, 30174, 67876, 60919, 45445]"
120348,"[27263, 89221, 76010, 94368, 19942, 41512, 53573, 75996, 54537, 52900]"
120349,"[103112, 61992, 25968, 41884, 85978, 64614, 72415, 4588, 72369, 43960]"
120350,"[11319, 72636, 7167, 25541, 35962, 21552, 73367, 23169, 73920, 99570]"
120351,"[17231, 103059, 53066, 34494, 13218, 72500, 22132, 89646, 39078, 14468]"
120352,"[15652, 53662, 95122, 73197, 6468, 6905, 61954, 42233, 79412, 13842]"
120353,"[29983, 84532, 88650, 5617, 76798, 106113, 71455, 8064, 95314, 70526]"
120354,"[50488, 90241, 84133, 68602, 29983, 59923, 88084, 79853, 4382, 65815]"
120355,"[47908, 96870, 11963, 60504, 30219, 3040, 21983, 7056, 22043, 54374]"
120356,"[46449, 47751, 106833, 85142, 18554, 18450, 43051, 108621, 79747, 52965]"
120357,"[103240, 22914, 15974, 1062, 44707, 102372, 88963, 45699, 31908, 89966]"
120358,"[78439, 24233, 103007, 43288, 88163, 37055, 95216, 49244, 58622, 81700]"
120359,"[37935, 2676, 82017, 57829, 37374, 8486, 92911, 23030, 34471, 38391]"
120360,"[24397, 46318, 55335, 55349, 34659, 10178, 70794, 75152, 108828, 21775]"
120361,"[73503, 28084, 85914, 97134, 24737, 88692, 46030, 68761, 68883, 99222]"
120362,"[89543, 78073, 99108, 65498, 2261, 95035, 19834, 56666, 2670, 77508]"
120363,"[95740, 4762, 57462, 16619, 45446, 67561, 84449, 37483, 23848, 32723]"
120364,"[16067, 19880, 18642, 10022, 37062, 74552, 58668, 41033, 67838, 1912]"
120365,"[96290, 93073, 84647, 4709, 10679, 12421, 12547, 16066, 12783, 8832]"
120366,"[19355, 44629, 79026, 102669, 87151, 57632, 23825, 40311, 84725, 7434]"
120367,"[72353, 5477, 101831, 29635, 44359, 62162, 71257, 15827, 30347, 100344]"
120368,"[69413, 83588, 74366, 95697, 74533, 52043, 69786, 79579, 53628, 63502]"
120369,"[49817, 33586, 16763, 21231, 64854, 73103, 67534, 9323, 14057, 13019]"
120370,"[1700, 107997, 91006, 37736, 77199, 94481, 97513, 20905, 22127, 6921]"
120371,"[96394, 14319, 57961, 11165, 11062, 86164, 69101, 64440, 101490, 99647]"
120372,"[85214, 91077, 11264, 216, 43843, 8722, 50380, 16064, 70194, 21986]"
120373,"[24554, 86808, 12918, 90630, 40744, 27301, 35369, 5346, 40470, 86802]"
120374,"[50107, 24707, 9251, 8301, 45038, 69621, 8932, 32028, 6428, 104487]"
120375,"[6512, 29464, 74657, 61208, 45719, 106450, 101686, 66458, 94529, 70833]"
120376,"[7779, 1475, 16951, 56243, 2648, 25563, 61686, 28561, 29712, 59558]"
120377,"[65417, 68128, 27204, 44810, 26156, 73719, 102625, 15008, 55250, 17457]"
120378,"[16520, 39039, 22029, 52575, 38887, 13190, 76493, 102521, 41074, 90648]"
120379,"[5556, 47127, 15702, 86180, 65142, 107591, 71697, 27685, 56387, 22839]"
120380,"[56578, 38287, 27194, 97786, 13642, 108787, 8595, 90851, 56854, 45144]"
120381,"[56753, 61380, 45322, 62115, 48467, 9210, 92369, 42351, 32699, 101952]"
120382,"[30443, 108588, 30624, 75493, 39426, 28923, 85601, 99211, 97098, 100513]"
120383,"[100956, 28987, 62165, 37762, 4479, 31641, 3443, 14507, 34494, 6891]"
120384,"[2598, 32996, 12360, 62816, 98818, 69761, 99182, 82433, 41811, 23322]"
120385,"[4415, 1051, 85539, 98879, 57369, 7573, 34641, 87368, 88125, 30216]"
120386,"[69329, 61200, 2017, 81003, 105336, 101138, 32970, 47718, 25727, 46811]"
120387,"[77006, 37505, 13662, 43974, 39947, 16858, 26199, 87648, 66186, 92812]"
120388,"[22803, 10549, 67481, 87607, 65747, 95911, 90453, 70846, 107418, 83644]"
120389,"[69943, 82007, 46333, 31155, 68189, 125, 48079, 27955, 97808, 28422]"
120390,"[32987, 4618, 79956, 28961, 43236, 32865, 64568, 105378, 22850, 53323]"
120391,"[102351, 101497, 109211, 56627, 30085, 74228, 33278, 105363, 41800, 52997]"
120392,"[33608, 93793, 3442, 2520, 31529, 106569, 96229, 35864, 11855, 109363]"
120393,"[32871, 86893, 78938, 62882, 64818, 70507, 74706, 14546, 75492, 81712]"
120394,"[86793, 88744, 65681, 62048, 44048, 18469, 68811, 28248, 55121, 28802]"
120395,"[45529, 46816, 56933, 52091, 109374, 103539, 63148, 21057, 93995, 54960]"
120396,"[109575, 97583, 26002, 80044, 109572, 95343, 31801, 76850, 43226, 4620]"
120397,"[67935, 77410, 33205, 45264, 4421, 92557, 94249, 54052, 69543, 26880]"
120398,"[4351, 49366, 107248, 34843, 20462, 45684, 18947, 99785, 72084, 6597]"
120399,"[18241, 4845, 69916, 44242, 91873, 60949, 30967, 38285, 97659, 23667]"
120400,"[76573, 52116, 42051, 90814, 66022, 24955, 108116, 75160, 61325, 107216]"
120401,"[75738, 93780, 37601, 98327, 80344, 50818, 78481, 72438, 19429, 40195]"
120402,"[91146, 64032, 81737, 73230, 65594, 12366, 92155, 32851, 104855, 63920]"
120403,"[96549, 80183, 29032, 67389, 34738, 4824, 43869, 57776, 106095, 99418]"
120404,"[12010, 65427, 5526, 71045, 76042, 8163, 35945, 21689, 7997, 98906]"
120405,"[12245, 57080, 65819, 26705, 9154, 56258, 65293, 99134, 77687, 35231]"
120406,"[6319, 101508, 2000, 2696, 62346, 4057, 56971, 104805, 9759, 30783]"
120407,"[24936, 27586, 89691, 16586, 25488, 69964, 60599, 68442, 81570, 29533]"
120408,"[58322, 81298, 3815, 74351, 32475, 29590, 16885, 46194, 81731, 24448]"
120409,"[11555, 51148, 26845, 25646, 13, 58265, 107834, 57044, 103044, 57542]"
120410,"[49256, 24187, 2496, 98250, 75229, 38254, 48468, 52332, 75529, 66193]"
120411,"[7310, 20795, 98725, 26345, 32207, 27652, 60616, 27171, 68332, 93098]"
120412,"[8152, 26133, 80536, 21489, 108210, 8646, 105540, 59289, 54293, 39848]"
120413,"[26563, 30155, 61992, 66643, 25208, 50480, 72307, 6292, 38096, 59363]"
120414,"[107762, 27278, 11447, 37630, 40531, 68255, 48729, 79313, 36941, 103674]"
120415,"[50540, 26879, 30912, 2602, 18129, 55588, 23131, 66629, 58371, 424]"
120416,"[53257, 91965, 107176, 29840, 103920, 107611, 74534, 45308, 101168, 58673]"
120417,"[30445, 37883, 49177, 100275, 19265, 55274, 56744, 93663, 64761, 85109]"
120418,"[19791, 56255, 72190, 56139, 36031, 78978, 108903, 60435, 32902, 100792]"
120419,"[11508, 34622, 46356, 35627, 69896, 72307, 76161, 89478, 89214, 62753]"
120420,"[107953, 79701, 59541, 19419, 93133, 71663, 104106, 67379, 48884, 106843]"
120421,"[73052, 16435, 58772, 44965, 80267, 42684, 1598, 79794, 75217, 98735]"
120422,"[1314, 59685, 43868, 25178, 64290, 106642, 42215, 41501, 50664, 64851]"
120423,"[17835, 94417, 96392, 60198, 57791, 107911, 3234, 20002, 82493, 86525]"
120424,"[24806, 71608, 34212, 86419, 100295, 69635, 79102, 11779, 65384, 23660]"
120425,"[45803, 108566, 103632, 88788, 64613, 93482, 93946, 74385, 77394, 96919]"
120426,"[62839, 72441, 38312, 73760, 54849, 45055, 75566, 96835, 5026, 30663]"
120427,"[46828, 87430, 36620, 71851, 35825, 58785, 65103, 82149, 83125, 43598]"
120428,"[9561, 5959, 16379, 104260, 33154, 15532, 42537, 42689, 41654, 18146]"
120429,"[25701, 36819, 28928, 23673, 20356, 91623, 7986, 23393, 7673, 84066]"
120430,"[26647, 103312, 102678, 86102, 72119, 39545, 106799, 17457, 6921, 20905]"
120431,"[61603, 24970, 93738, 63249, 39268, 86435, 24795, 60257, 3356, 14954]"
120432,"[52711, 55934, 43933, 71052, 4432, 63726, 60249, 99447, 79823, 7680]"
120433,"[39266, 71233, 16487, 78069, 41040, 79173, 100552, 85159, 106770, 79645]"
120434,"[76442, 3679, 69937, 47108, 45784, 71473, 90974, 23275, 34429, 109641]"
120435,"[95873, 89370, 31615, 77612, 78725, 88105, 27400, 94247, 40537, 14825]"
120436,"[88605, 61567, 27417, 84100, 3917, 3548, 60555, 59149, 10619, 12847]"
120437,"[79268, 105034, 109060, 5916, 24105, 53774, 72292, 34009, 72761, 42191]"
120438,"[65666, 23523, 81905, 25374, 7485, 74668, 79387, 500, 99015, 91392]"
120439,"[97773, 19556, 100339, 49704, 33425, 63630, 5742, 15554, 81160, 73638]"
120440,"[105425, 50423, 28907, 65367, 17366, 70658, 52871, 21555, 89403, 28416]"
120441,"[97239, 46756, 46045, 82685, 26745, 10596, 92765, 89364, 85509, 73789]"
120442,"[4816, 45697, 11365, 19583, 85729, 19800, 15091, 17628, 80867, 36045]"
120443,"[67997, 81443, 38460, 61218, 87047, 34146, 984, 48037, 16546, 22325]"
120444,"[17125, 72922, 85742, 56675, 73932, 47378, 33958, 55698, 73314, 65353]"
120445,"[58486, 79746, 95214, 33078, 2877, 57751, 3428, 23833, 91116, 103622]"
120446,"[16321, 74088, 41127, 37467, 36731, 55138, 58226, 53495, 25470, 86092]"
120447,"[26479, 69375, 81171, 73339, 103623, 43093, 43293, 103961, 25971, 21475]"
120448,"[10816, 29632, 14584, 75601, 24705, 59318, 4974, 55986, 5776, 26713]"
120449,"[56261, 21396, 81757, 104907, 86830, 28861, 73903, 94248, 27500, 88943]"
120450,"[27012, 65833, 30243, 95838, 21889, 81833, 94219, 45354, 83216, 35714]"
120451,"[99900, 24754, 69393, 109761, 9184, 57091, 41009, 87607, 40312, 30118]"
120452,"[34988, 11241, 40679, 99631, 106578, 55456, 51603, 31098, 13451, 59192]"
120453,"[63201, 1641, 53557, 81606, 41656, 70178, 100994, 23448, 38786, 45447]"
120454,"[95554, 31433, 21580, 51987, 12102, 37749, 105769, 107031, 89688, 89716]"
120455,"[47790, 13284, 92206, 71390, 55864, 104947, 42780, 98131, 104010, 72020]"
120456,"[71615, 103433, 17072, 37018, 81038, 88352, 11247, 59958, 50551, 42575]"
120457,"[108045, 28099, 47663, 77494, 33641, 75658, 36588, 108222, 88392, 62244]"
120458,"[61805, 105506, 102835, 42672, 12387, 50330, 28907, 52871, 92757, 99236]"
120459,"[106642, 64851, 4043, 104486, 92479, 32705, 68951, 50664, 42215, 65063]"
120460,"[59860, 36720, 29711, 15551, 91520, 684, 67260, 103685, 67929, 50337]"
120461,"[61356, 90754, 43861, 90014, 9213, 58915, 71556, 82108, 33652, 102560]"
120462,"[74898, 42798, 92613, 12526, 106843, 59541, 73442, 39915, 64653, 39141]"
120463,"[36027, 40547, 107721, 83126, 89739, 70888, 69096, 31097, 25272, 102207]"
120464,"[107649, 108448, 84696, 75961, 44745, 28645, 75145, 87510, 100044, 22231]"
120465,"[95575, 89722, 19315, 11518, 38614, 90684, 39420, 17342, 96266, 19214]"
120466,"[74309, 3602, 61927, 24415, 23020, 44125, 56649, 14077, 101766, 104424]"
120467,"[67832, 1785, 84504, 37538, 108493, 22571, 97581, 95275, 81572, 103506]"
120468,"[86705, 19567, 35731, 103691, 46741, 88718, 24637, 71364, 58414, 54478]"
120469,"[95829, 19158, 89893, 85519, 29643, 89275, 29886, 18861, 12620, 105516]"
120470,"[23038, 82976, 35046, 69331, 99269, 13600, 102377, 99984, 54646, 94736]"
120471,"[29803, 32180, 92419, 46897, 83141, 6993, 70966, 30301, 34387, 31705]"
120472,"[40733, 29076, 1002, 101367, 63341, 70359, 98437, 83169, 7661, 27312]"
120473,"[61680, 18681, 35536, 34083, 35192, 5062, 32585, 19534, 16922, 38644]"
120474,"[64088, 46526, 44987, 46127, 16701, 88030, 50339, 79068, 66639, 78155]"
120475,"[92398, 30703, 102591, 80917, 72735, 106488, 108668, 46942, 4060, 96555]"
120476,"[80418, 60267, 24229, 66962, 54757, 77294, 45863, 32485, 107857, 22903]"
120477,"[77725, 20199, 88995, 86247, 83854, 100609, 48522, 72988, 103536, 38561]"
120478,"[59734, 62597, 106834, 68074, 51916, 105938, 77131, 76104, 93514, 48746]"
120479,"[76939, 78125, 34194, 42935, 45978, 69638, 49968, 14027, 22871, 32536]"
120480,"[30816, 23303, 62709, 23918, 52929, 25836, 17121, 10121, 94491, 74748]"
120481,"[31428, 27872, 104588, 109563, 14191, 74389, 99534, 33290, 12645, 7593]"
120482,"[6575, 10045, 63724, 83495, 75977, 49372, 39111, 81365, 66929, 40163]"
120483,"[44573, 40298, 36752, 95967, 86349, 92280, 55339, 74487, 86515, 77061]"
120484,"[105940, 10062, 43517, 95612, 53762, 97348, 34600, 57219, 8565, 54517]"
120485,"[75924, 95400, 106008, 80859, 17624, 76209, 42996, 18584, 62170, 107109]"
120486,"[68590, 88005, 97, 108300, 21606, 75599, 109433, 23032, 50477, 90521]"
120487,"[72050, 21419, 60106, 73936, 106502, 104447, 69625, 77975, 100611, 87986]"
120488,"[104971, 24829, 42489, 91135, 93614, 35552, 24948, 96300, 22370, 35740]"
120489,"[81551, 44541, 19478, 5174, 22974, 55916, 108824, 20675, 57315, 51754]"
120490,"[105429, 39744, 20152, 44462, 100026, 26039, 74969, 27372, 5425, 69950]"
120491,"[60047, 41058, 28030, 915, 47186, 72848, 27504, 49894, 98507, 22703]"
120492,"[85840, 42222, 25459, 31749, 67173, 104992, 52499, 109501, 40239, 63909]"
120493,"[84738, 47030, 37968, 54378, 76376, 74330, 4302, 108091, 45860, 23197]"
120494,"[26291, 28958, 17694, 91261, 36465, 66641, 102994, 106347, 100312, 78064]"
120495,"[100675, 41578, 64906, 79958, 34228, 16951, 56243, 44907, 69770, 67523]"
120496,"[78694, 42640, 105064, 1691, 29508, 80039, 19581, 41573, 80408, 38376]"
120497,"[51067, 62028, 108497, 22472, 96054, 59295, 56012, 61790, 26695, 83420]"
120498,"[39815, 107761, 90616, 32835, 81938, 41702, 40178, 11423, 44880, 88834]"
120499,"[35754, 51684, 19520, 73309, 96161, 53846, 73404, 91343, 57985, 74470]"
120500,"[96167, 19223, 3352, 28089, 107024, 26768, 68418, 91471, 107638, 41967]"
120501,"[88429, 89520, 32818, 47507, 74739, 40979, 4886, 71807, 94953, 19069]"
120502,"[51952, 87102, 96441, 74136, 89279, 62973, 77862, 107525, 96551, 88824]"
120503,"[10019, 46480, 102142, 95999, 50006, 123, 104853, 109197, 62738, 89488]"
120504,"[27529, 64890, 104867, 81880, 101463, 68531, 31667, 11550, 653, 50822]"
120505,"[52385, 97100, 72694, 70542, 56048, 40446, 85500, 35331, 16168, 102849]"
120506,"[63615, 61155, 95052, 78097, 7786, 5877, 80378, 79397, 97635, 37969]"
120507,"[63339, 12028, 83081, 70630, 49420, 42104, 83472, 58051, 31651, 84277]"
120508,"[44573, 95967, 40298, 36752, 86349, 92280, 10685, 19337, 13480, 27304]"
120509,"[1032, 62728, 34555, 30956, 25174, 103751, 88252, 22579, 43128, 108928]"
120510,"[34351, 66300, 51960, 51786, 38112, 86151, 33131, 53876, 62515, 15923]"
120511,"[97523, 32399, 99056, 26267, 103826, 44805, 75469, 56409, 62428, 90342]"
120512,"[57176, 35192, 32598, 96413, 73490, 82650, 49043, 46845, 34083, 41581]"
120513,"[53940, 99844, 79809, 76498, 67907, 96725, 74332, 85323, 25411, 94541]"
120514,"[35927, 51293, 33095, 3231, 46196, 7796, 93855, 5656, 83457, 21669]"
120515,"[27360, 51958, 35385, 27049, 48634, 106935, 93406, 97210, 72714, 108012]"
120516,"[56106, 84577, 63302, 12598, 83006, 36937, 33228, 17362, 51775, 63207]"
120517,"[90446, 23359, 72216, 56742, 102241, 96988, 23953, 91333, 67524, 59284]"
120518,"[14910, 32745, 36688, 16950, 9838, 18580, 64165, 14697, 3573, 87573]"
120519,"[89554, 84275, 15037, 28285, 52787, 36724, 87602, 73838, 10986, 10586]"
120520,"[88705, 57610, 42855, 17605, 7932, 24393, 16653, 98887, 15473, 25010]"
120521,"[28628, 63738, 30991, 2920, 89827, 75254, 62866, 11666, 81127, 23211]"
120522,"[64684, 72778, 10446, 47481, 25568, 58910, 71806, 40464, 107421, 44960]"
120523,"[99762, 45609, 106218, 98575, 82967, 18983, 32691, 6246, 7619, 95632]"
120524,"[88677, 65280, 77228, 83736, 43762, 78195, 33953, 59243, 100970, 64951]"
120525,"[94994, 23436, 43638, 91509, 57954, 17253, 17773, 69290, 39402, 74000]"
120526,"[6257, 20991, 34967, 16786, 40981, 94001, 7718, 80034, 26134, 66535]"
120527,"[95370, 48912, 85060, 86806, 5249, 28653, 80409, 106420, 65268, 92291]"
120528,"[51290, 76241, 99767, 54834, 38410, 18714, 44590, 56376, 68966, 45200]"
120529,"[59906, 99019, 79458, 105639, 21201, 1043, 91256, 109068, 76983, 7709]"
120530,"[7406, 63325, 98829, 60412, 68141, 105449, 25807, 21392, 31742, 31972]"
120531,"[67449, 8168, 36269, 97590, 3785, 75621, 56056, 134, 72574, 24602]"
120532,"[93415, 37563, 40949, 74131, 101085, 84994, 5441, 41893, 27422, 50686]"
120533,"[10715, 1979, 91605, 1566, 80150, 95182, 3023, 73648, 12700, 66586]"
120534,"[47915, 48811, 47375, 1476, 70949, 49320, 80756, 47386, 20294, 71392]"
120535,"[39528, 2038, 71744, 105806, 3868, 5048, 67862, 26533, 65372, 104621]"
120536,"[37619, 92592, 27410, 64222, 18496, 58293, 21790, 50370, 45922, 3535]"
120537,"[6346, 28593, 84878, 56743, 69583, 49304, 1886, 99413, 51682, 80199]"
120538,"[236, 6712, 59354, 90616, 3214, 41133, 81674, 49540, 91433, 79796]"
120539,"[55061, 90039, 2515, 25627, 100918, 39518, 76776, 62464, 43607, 58290]"
120540,"[18953, 60417, 9671, 50527, 22399, 5019, 68878, 29982, 73354, 62536]"
120541,"[79425, 88245, 33285, 101175, 63586, 49250, 85796, 60837, 25344, 69176]"
120542,"[76277, 49389, 101535, 85002, 20193, 91372, 46128, 102769, 9300, 49408]"
120543,"[1761, 65359, 84618, 66337, 106001, 72906, 67645, 70690, 102103, 58520]"
120544,"[83800, 70626, 2785, 42469, 510, 51249, 95311, 21630, 92600, 101924]"
120545,"[62683, 8667, 51139, 31846, 92564, 43862, 6014, 15296, 98324, 101182]"
120546,"[60466, 60915, 76709, 49996, 25180, 19854, 38152, 73464, 59081, 15626]"
120547,"[5789, 96526, 62113, 84482, 77554, 41670, 18348, 38782, 90457, 9071]"
120548,"[4715, 105960, 51969, 84969, 26840, 5670, 66824, 92340, 13328, 72498]"
120549,"[98151, 45163, 28676, 95499, 27314, 16273, 19156, 55333, 73530, 69248]"
120550,"[106490, 75613, 22000, 68936, 73818, 88399, 76641, 78941, 76215, 94710]"
120551,"[97961, 20747, 58512, 68564, 15234, 23528, 81515, 102011, 107239, 82919]"
120552,"[54650, 21981, 16815, 97452, 95373, 46711, 82999, 16604, 25512, 100139]"
120553,"[83599, 4273, 45759, 35285, 84368, 106389, 33175, 86580, 78945, 84064]"
120554,"[4167, 59547, 41311, 20956, 69064, 42837, 747, 96261, 9237, 36920]"
120555,"[31372, 93072, 730, 94877, 32958, 87159, 33986, 47715, 11537, 52577]"
120556,"[4237, 70735, 9996, 93733, 40082, 93025, 44091, 54313, 95833, 22933]"
120557,"[29742, 63008, 94483, 92174, 90400, 17620, 4204, 106013, 739, 85899]"
120558,"[16178, 4744, 94967, 99922, 96380, 88106, 32845, 33353, 55564, 13359]"
120559,"[51140, 99429, 80462, 39941, 20575, 26486, 105732, 4440, 87210, 17020]"
120560,"[44008, 12934, 26137, 92425, 104784, 75987, 23975, 14827, 17075, 104864]"
120561,"[51450, 30299, 85262, 27105, 29034, 7756, 95827, 81239, 91578, 106485]"
120562,"[99381, 41, 57450, 68532, 76865, 80075, 46722, 86069, 59793, 107673]"
120563,"[65448, 64099, 33857, 44625, 99613, 15142, 34234, 45101, 26365, 86000]"
120564,"[63660, 43703, 63805, 73935, 31909, 82027, 92984, 12172, 109298, 80739]"
120565,"[55123, 48757, 16661, 76360, 25161, 7532, 107899, 58501, 105357, 41895]"
120566,"[52598, 37006, 55219, 29355, 27065, 65317, 95906, 41909, 89700, 94074]"
120567,"[53592, 35673, 76294, 48937, 71191, 99113, 75089, 87744, 57787, 26855]"
120568,"[8190, 98463, 55477, 31603, 4296, 10490, 54563, 89597, 105123, 48862]"
120569,"[106033, 29993, 34024, 80320, 16107, 28803, 103051, 4864, 105140, 45660]"
120570,"[76862, 42156, 23805, 97700, 53795, 43634, 66645, 34914, 9862, 33876]"
120571,"[69485, 79431, 31266, 13447, 30825, 59560, 17664, 18705, 11446, 42112]"
120572,"[16747, 81773, 6909, 9861, 27906, 84797, 85000, 51012, 107197, 63585]"
120573,"[97525, 100815, 48447, 11151, 90016, 60700, 18560, 101423, 92398, 108801]"
120574,"[41469, 63024, 74434, 46078, 25644, 52987, 47532, 25141, 33621, 48505]"
120575,"[26501, 86972, 83631, 2248, 5458, 54900, 17826, 57882, 87508, 23340]"
120576,"[65591, 84805, 63938, 35601, 14973, 56917, 15459, 99105, 52445, 469]"
120577,"[38234, 18418, 13363, 88933, 34008, 56800, 96392, 68470, 49218, 2367]"
120578,"[67131, 80793, 103955, 68920, 71791, 69914, 2582, 33180, 7273, 9611]"
120579,"[75016, 45416, 97200, 87547, 67431, 79692, 31142, 47848, 44893, 84956]"
120580,"[19888, 37373, 16068, 39532, 79199, 14011, 108830, 83748, 105491, 104749]"
120581,"[50794, 45189, 95252, 42713, 56369, 87953, 28496, 104410, 105367, 29870]"
120582,"[23190, 40121, 90207, 58028, 99964, 59554, 71654, 16083, 16809, 1798]"
120583,"[43794, 89904, 85672, 3399, 76995, 69747, 74324, 53169, 85825, 90341]"
120584,"[58994, 77666, 100985, 76268, 12934, 67651, 34092, 60910, 44008, 4800]"
120585,"[107553, 66166, 59594, 8894, 61355, 53368, 99749, 9447, 23600, 98992]"
120586,"[95749, 48865, 180, 90626, 88597, 102917, 62164, 66460, 29922, 17541]"
120587,"[60075, 96194, 33534, 61423, 36453, 15639, 70727, 20234, 52490, 94057]"
120588,"[97338, 12177, 31059, 45305, 24156, 38654, 20155, 37892, 86251, 51252]"
120589,"[22383, 25179, 90307, 106198, 12225, 6966, 92810, 88033, 108427, 26809]"
120590,"[92613, 90329, 42798, 74898, 12526, 79701, 107953, 31660, 13390, 95009]"
120591,"[63559, 64463, 8696, 54631, 91537, 89433, 90875, 8193, 11833, 62503]"
120592,"[80521, 36849, 99215, 40942, 109144, 22528, 73407, 57231, 29262, 31214]"
120593,"[102210, 378, 69835, 8298, 85201, 10106, 94711, 23492, 3207, 108944]"
120594,"[102720, 4725, 95137, 25971, 80919, 49818, 94279, 37440, 1731, 94495]"
120595,"[52663, 88609, 109171, 88916, 40135, 59998, 106350, 22859, 64800, 8069]"
120596,"[12919, 73919, 35509, 80510, 31402, 89531, 26831, 97844, 18454, 8714]"
120597,"[17739, 66789, 85939, 82995, 20008, 43056, 83433, 3639, 89759, 7081]"
120598,"[33291, 24972, 78939, 31185, 23546, 19959, 79469, 19475, 11259, 31493]"
120599,"[23763, 86259, 64837, 37437, 54593, 106308, 93251, 22026, 75376, 43311]"
120600,"[79001, 58726, 78215, 83585, 99625, 7246, 93732, 109543, 87207, 24657]"
120601,"[88198, 100442, 58253, 50594, 102332, 8396, 26506, 54247, 81085, 92847]"
120602,"[208, 9266, 28848, 34123, 53206, 48625, 8486, 71931, 82111, 69430]"
120603,"[3557, 89109, 90593, 27128, 28167, 93383, 50650, 35458, 75381, 12834]"
120604,"[105236, 28953, 2230, 87132, 61969, 100901, 82355, 13660, 83180, 69859]"
120605,"[68549, 43964, 13892, 55160, 52952, 39749, 50249, 41412, 97459, 86961]"
120606,"[106480, 47748, 58524, 22305, 105545, 98216, 86564, 12096, 52867, 76263]"
120607,"[30363, 68662, 4553, 28913, 24490, 42087, 7197, 46436, 65711, 7831]"
120608,"[48053, 43851, 82623, 87521, 9986, 76996, 109580, 27132, 10826, 51085]"
120609,"[8745, 15183, 31279, 56259, 33545, 35397, 72343, 49722, 13974, 66948]"
120610,"[85261, 105741, 54714, 19381, 99498, 1296, 76927, 104688, 80742, 109133]"
120611,"[86347, 40105, 17809, 100270, 3743, 31538, 16363, 43973, 62645, 69596]"
120612,"[74417, 65842, 61354, 38916, 93637, 4759, 17348, 1591, 67943, 72553]"
120613,"[43995, 15822, 11793, 106957, 27115, 72473, 29897, 17093, 18410, 98056]"
120614,"[49885, 16593, 100139, 102299, 10548, 100670, 81463, 76113, 10516, 11198]"
120615,"[13781, 22395, 104670, 101533, 48922, 15965, 104698, 71971, 6489, 34401]"
120616,"[14181, 13233, 66178, 104865, 37994, 784, 29626, 99289, 12875, 66930]"
120617,"[21643, 80249, 107198, 92768, 73072, 50610, 58255, 65506, 99876, 21792]"
120618,"[31399, 28713, 51351, 47671, 6165, 66180, 47588, 61875, 3300, 63262]"
120619,"[1983, 99223, 55624, 19085, 66065, 46945, 98026, 40432, 83074, 19541]"
120620,"[9998, 105557, 44336, 105309, 5315, 62373, 56348, 87891, 64704, 21958]"
120621,"[8379, 21304, 16500, 17580, 33775, 54797, 85095, 73853, 27247, 79460]"
120622,"[65571, 49021, 47363, 60691, 63391, 13080, 16189, 58568, 78417, 50188]"
120623,"[16948, 65427, 12987, 58750, 90512, 14509, 18915, 89666, 82365, 52418]"
120624,"[100392, 71329, 97952, 81043, 65974, 57076, 6057, 26762, 53867, 26954]"
120625,"[86470, 11845, 27192, 55555, 25344, 18635, 78272, 100853, 71964, 60236]"
120626,"[28656, 85443, 65992, 4140, 80798, 36504, 21327, 60906, 71936, 83418]"
120627,"[62270, 91769, 59047, 56508, 35229, 78212, 43522, 24593, 25320, 34450]"
120628,"[73373, 27297, 90261, 75974, 55207, 26685, 56245, 104174, 55781, 56196]"
120629,"[16025, 21301, 1115, 81543, 34912, 21831, 77519, 93164, 25159, 23646]"
120630,"[46809, 68810, 92717, 12884, 73356, 10131, 46894, 77733, 54025, 67234]"
120631,"[42462, 44335, 34769, 79498, 27403, 53877, 24842, 67382, 59536, 47260]"
120632,"[6872, 63345, 38026, 36091, 34048, 98088, 1832, 13542, 87495, 35799]"
120633,"[29401, 38686, 76038, 32589, 95926, 105575, 106598, 8789, 72590, 83262]"
120634,"[88471, 104445, 72683, 103916, 108148, 10276, 6646, 14152, 3580, 28606]"
120635,"[39020, 57497, 105897, 69001, 55792, 8214, 45500, 23584, 52488, 56234]"
120636,"[20903, 24022, 84755, 49943, 98446, 13166, 80213, 58999, 31807, 80301]"
120637,"[94064, 15400, 65182, 53169, 99412, 49848, 90341, 100362, 104802, 31639]"
120638,"[24444, 45574, 29522, 15994, 98043, 37384, 9820, 66953, 12624, 73639]"
120639,"[43765, 77509, 59045, 36626, 101390, 80334, 49886, 100117, 46525, 94452]"
120640,"[25611, 79886, 70063, 96651, 97341, 12076, 21514, 1036, 76148, 51732]"
120641,"[27623, 54335, 67417, 18672, 84751, 56846, 53716, 49868, 26216, 69959]"
120642,"[79973, 3824, 69142, 41373, 102567, 109246, 50658, 103677, 63828, 96785]"
120643,"[64567, 43967, 79998, 9222, 869, 48507, 82058, 22695, 57738, 90037]"
120644,"[65148, 78767, 19751, 11607, 11233, 109166, 15492, 14628, 22398, 89053]"
120645,"[32178, 9226, 77255, 98695, 31845, 9553, 83008, 25401, 70043, 18973]"
120646,"[3656, 47003, 107722, 63462, 93361, 49531, 35120, 82380, 62694, 76835]"
120647,"[95397, 84631, 23543, 63170, 92676, 46667, 807, 75886, 20455, 14296]"
120648,"[34899, 62927, 33184, 74879, 99404, 87183, 30051, 51616, 73095, 23118]"
120649,"[49049, 24820, 81098, 66469, 45314, 14130, 34996, 105770, 41483, 60122]"
120650,"[86968, 18156, 50086, 106602, 37933, 40646, 4251, 10806, 89564, 59752]"
120651,"[48094, 59834, 28611, 71832, 92304, 34064, 40431, 29347, 11173, 41659]"
120652,"[71223, 52570, 104659, 35415, 89424, 35654, 102169, 21093, 27213, 91532]"
120653,"[57023, 15226, 84586, 62650, 101495, 68643, 6256, 22752, 73825, 93925]"
120654,"[63059, 74940, 25801, 35830, 36908, 97512, 18122, 103315, 54088, 38]"
120655,"[96431, 37196, 109203, 38557, 109100, 66905, 108240, 64196, 92194, 15964]"
120656,"[37016, 4529, 86686, 2917, 69135, 96895, 37457, 55963, 21935, 54520]"
120657,"[74441, 108169, 16919, 18910, 73493, 96181, 4748, 86361, 20324, 63890]"
120658,"[83989, 64975, 49034, 26959, 54684, 84601, 34224, 70809, 106728, 30754]"
120659,"[34411, 45520, 98902, 36930, 77857, 18099, 96020, 82796, 24476, 87212]"
120660,"[31134, 15792, 70243, 5649, 108788, 75716, 12228, 18720, 70380, 76689]"
120661,"[49269, 57574, 86607, 67736, 103919, 90060, 99525, 93955, 59802, 46471]"
120662,"[49205, 66329, 26252, 5040, 20329, 15153, 98408, 66796, 53784, 107559]"
120663,"[4411, 34140, 54278, 97860, 32486, 63484, 97228, 78690, 87126, 102118]"
120664,"[74867, 13538, 52147, 46396, 56104, 78477, 59498, 58043, 25766, 81925]"
120665,"[48448, 25624, 2301, 66869, 38388, 73781, 37415, 103668, 57157, 97975]"
120666,"[12451, 53262, 101940, 51947, 7967, 13445, 65223, 7232, 9778, 3265]"
120667,"[27948, 94367, 109614, 106217, 34862, 8067, 29954, 27258, 28388, 42012]"
120668,"[12316, 89561, 10188, 73134, 69437, 14821, 25993, 70510, 73641, 24686]"
120669,"[108807, 31181, 35547, 617, 32344, 9600, 70476, 53175, 84510, 101176]"
120670,"[108598, 55917, 41430, 30263, 32081, 55050, 45745, 51366, 104441, 32586]"
120671,"[34042, 56095, 60016, 39849, 103677, 72651, 56698, 28629, 79093, 88218]"
120672,"[21801, 17210, 27377, 105796, 38921, 27658, 71928, 93683, 17984, 46260]"
120673,"[83924, 74007, 66332, 53687, 77300, 42989, 15517, 94970, 58078, 89398]"
120674,"[52641, 28773, 41513, 64174, 25497, 87028, 102816, 14286, 80269, 69293]"
120675,"[73331, 18780, 46644, 26936, 61921, 103764, 14756, 97320, 103767, 648]"
120676,"[41871, 75111, 91327, 18796, 69008, 83228, 71521, 24163, 43728, 50324]"
120677,"[50030, 53834, 1120, 55021, 95392, 62431, 84070, 30253, 12437, 32180]"
120678,"[56530, 78951, 46853, 91118, 24713, 47396, 81821, 11736, 91462, 16996]"
120679,"[40691, 77847, 49359, 101979, 90381, 68710, 109396, 57305, 42599, 11628]"
120680,"[72416, 46695, 42666, 8502, 73521, 38701, 33708, 94877, 32958, 87159]"
120681,"[36780, 91262, 78324, 3531, 12449, 95356, 79944, 88085, 98597, 38983]"
120682,"[58128, 104138, 53741, 109310, 16635, 9786, 106471, 44131, 66628, 66336]"
120683,"[72449, 37766, 23357, 83030, 19734, 47431, 55185, 15830, 94461, 27477]"
120684,"[75508, 103918, 63672, 34312, 8527, 26896, 75685, 33619, 42765, 109742]"
120685,"[85376, 49454, 59335, 46766, 38500, 30678, 11715, 29264, 71921, 65573]"
120686,"[10725, 80009, 61683, 46614, 76291, 100914, 44449, 47401, 86368, 6703]"
120687,"[98685, 95791, 36554, 20350, 75150, 68843, 29854, 74946, 85676, 45701]"
120688,"[71185, 72733, 3904, 106618, 72076, 21119, 49341, 50002, 26135, 95802]"
120689,"[21542, 88576, 75598, 94753, 6419, 59090, 56332, 20075, 106315, 22478]"
120690,"[46352, 10804, 18926, 67640, 82433, 103403, 14703, 66428, 9256, 19829]"
120691,"[12330, 16614, 16269, 28502, 18254, 51236, 34620, 95906, 65317, 27065]"
120692,"[38879, 54904, 89337, 97460, 64867, 90535, 76301, 109617, 63288, 17774]"
120693,"[33578, 2614, 18316, 82044, 20126, 27645, 68467, 13297, 39261, 35850]"
120694,"[13406, 935, 39313, 80197, 73977, 29395, 24456, 93813, 48958, 44918]"
120695,"[933, 86236, 7933, 18000, 19725, 21995, 35080, 39058, 69084, 39924]"
120696,"[4771, 41867, 96567, 764, 4952, 69605, 104343, 1722, 23514, 79767]"
120697,"[35470, 41688, 97746, 103470, 80791, 25230, 29576, 71718, 57868, 34386]"
120698,"[87543, 109711, 14244, 33951, 7455, 69247, 59632, 39319, 45157, 59727]"
120699,"[57002, 70876, 71197, 68828, 8481, 78736, 77653, 21839, 99787, 22737]"
120700,"[4740, 37975, 70986, 108093, 72938, 94855, 62814, 87396, 27519, 106777]"
120701,"[45283, 24256, 45802, 52373, 2584, 16519, 38264, 7537, 83708, 26031]"
120702,"[13339, 22004, 10277, 96335, 12458, 73994, 84513, 38481, 107598, 96355]"
120703,"[61192, 95634, 59284, 9380, 84813, 51619, 34815, 52309, 90446, 6562]"
120704,"[25035, 51989, 57897, 21525, 85968, 104738, 7364, 28544, 34805, 108802]"
120705,"[33674, 1387, 87433, 39733, 93228, 14149, 84310, 47668, 14103, 19608]"
120706,"[27625, 87116, 5276, 34908, 32104, 40044, 14846, 18828, 62135, 90990]"
120707,"[80013, 63500, 90098, 22428, 52774, 6373, 8540, 87110, 39366, 36271]"
120708,"[16266, 105431, 77292, 82509, 106978, 57160, 79988, 49775, 27218, 102390]"
120709,"[17210, 54112, 27377, 21801, 54731, 41917, 21143, 41440, 52504, 44944]"
120710,"[55935, 19346, 24171, 32530, 55984, 104651, 104162, 20558, 51241, 99942]"
120711,"[41704, 82793, 23479, 75931, 45233, 27773, 15924, 57288, 37476, 37367]"
120712,"[85202, 83724, 12210, 16427, 25841, 37265, 80946, 48435, 79514, 56359]"
120713,"[68910, 77035, 77001, 7430, 20613, 95621, 1701, 73495, 62891, 88593]"
120714,"[79399, 51256, 66026, 68142, 76117, 102592, 42435, 51058, 3489, 96909]"
120715,"[76202, 83538, 41953, 65116, 33828, 96741, 9235, 94930, 84516, 106635]"
120716,"[99578, 22001, 96579, 22700, 41077, 26178, 7382, 84864, 84881, 66805]"
120717,"[25753, 50782, 54351, 90717, 6576, 2005, 85815, 43585, 27889, 6930]"
120718,"[46943, 101875, 14827, 26137, 51438, 68837, 60755, 100852, 69092, 3067]"
120719,"[39448, 21203, 47919, 39175, 26071, 34015, 71589, 83720, 15434, 71002]"
120720,"[21919, 83792, 45119, 54014, 108249, 58221, 7064, 71091, 22336, 87519]"
120721,"[9876, 72269, 15102, 85996, 89697, 101966, 98850, 50633, 59830, 37656]"
120722,"[55228, 69990, 40400, 86583, 40624, 107257, 102551, 57833, 81214, 82388]"
120723,"[9282, 3263, 95587, 44622, 96872, 86138, 21680, 107258, 15997, 57394]"
120724,"[95622, 9044, 24825, 101851, 97214, 75064, 10004, 48619, 73811, 67869]"
120725,"[83786, 44658, 25977, 84101, 6878, 36338, 41522, 1418, 65770, 108326]"
120726,"[101528, 102402, 87629, 63288, 17774, 15381, 91905, 76301, 47713, 8462]"
120727,"[101254, 44049, 94439, 60265, 50485, 87489, 38196, 72182, 61887, 11430]"
120728,"[47915, 48811, 94430, 15334, 11494, 386, 81646, 71194, 1476, 38658]"
120729,"[61332, 45819, 64473, 36607, 101952, 65205, 63890, 80804, 97172, 5624]"
120730,"[104901, 16453, 103418, 37791, 80205, 38658, 60531, 7620, 55338, 87647]"
120731,"[25240, 107595, 51168, 5888, 79550, 56406, 42960, 91695, 31551, 94810]"
120732,"[105559, 37674, 12342, 66605, 8715, 5826, 62887, 9327, 47964, 67453]"
120733,"[40626, 48575, 56829, 28520, 17470, 82544, 56658, 41212, 87296, 50465]"
120734,"[23560, 38410, 100681, 74847, 45457, 18447, 37773, 107780, 47960, 28839]"
120735,"[44691, 8988, 45718, 26826, 30979, 80490, 63732, 89894, 35216, 109667]"
120736,"[81988, 68931, 73053, 91938, 41930, 33656, 83354, 67438, 101347, 22146]"
120737,"[86697, 33433, 9816, 73109, 14441, 88384, 20337, 42177, 83370, 20571]"
120738,"[45457, 8861, 60841, 109216, 83281, 93648, 23560, 82289, 97511, 12922]"
120739,"[66685, 45714, 32663, 18429, 82231, 41141, 10812, 26027, 66941, 84481]"
120740,"[77279, 83577, 45092, 30104, 50903, 92347, 72918, 40815, 36430, 84405]"
120741,"[67244, 46494, 2974, 96420, 32672, 24688, 46561, 32510, 11580, 23758]"
120742,"[25768, 29827, 79689, 36012, 7642, 101732, 2025, 27657, 83411, 58624]"
120743,"[7298, 8479, 80342, 18126, 71286, 31601, 51677, 42579, 30632, 69521]"
120744,"[16517, 32511, 36842, 54778, 97665, 18333, 12904, 25378, 4763, 61776]"
120745,"[57474, 80975, 68529, 62936, 25606, 63702, 44876, 28131, 69767, 58224]"
120746,"[34139, 47238, 36280, 86441, 72851, 82571, 74795, 85442, 16705, 3478]"
120747,"[39795, 55293, 28934, 49238, 38908, 49538, 44003, 48194, 33296, 11400]"
120748,"[36820, 81286, 9229, 70415, 35502, 3982, 44257, 3945, 16983, 18338]"
120749,"[15357, 15232, 87781, 53867, 41414, 61067, 109049, 47427, 95253, 82714]"
120750,"[75644, 30202, 33636, 78727, 10896, 73602, 4081, 55959, 101291, 3241]"
120751,"[61232, 55704, 22930, 105328, 3842, 61385, 20635, 47372, 43576, 65887]"
120752,"[90047, 1292, 21997, 20194, 35715, 64321, 36729, 23834, 27703, 83777]"
