Index,Index_list
109776,"[47258, 48536, 54730, 29734, 82668, 19894, 94371, 52778, 88353, 7688]"
109777,"[106992, 67136, 105353, 98313, 94927, 2148, 97426, 10444, 28204, 8286]"
109778,"[31137, 98603, 38098, 103177, 73695, 1455, 89511, 80861, 34689, 96854]"
109779,"[48556, 37568, 35290, 4566, 50655, 33630, 34652, 72850, 59861, 83779]"
109780,"[96443, 106819, 84688, 9305, 3221, 49239, 33777, 98597, 41948, 57928]"
109781,"[102931, 90249, 38767, 51183, 37835, 36781, 51049, 103815, 97538, 97797]"
109782,"[87823, 18186, 35124, 54184, 80772, 56862, 80052, 52148, 36462, 20853]"
109783,"[12766, 42607, 42740, 49936, 22443, 79150, 88508, 101323, 80403, 99271]"
109784,"[84520, 105943, 51951, 22105, 91316, 49360, 18822, 17725, 6960, 85101]"
109785,"[4042, 5944, 30499, 12082, 28256, 106534, 31022, 107130, 99055, 30053]"
109786,"[42519, 47911, 21983, 3040, 28447, 61069, 40971, 105530, 59817, 97233]"
109787,"[19879, 8810, 19953, 64219, 61295, 74337, 104274, 81404, 89819, 89976]"
109788,"[98268, 53349, 18777, 66796, 35844, 99821, 102449, 17230, 51491, 53264]"
109789,"[40067, 8660, 17036, 32455, 67752, 99285, 89026, 5455, 103402, 100567]"
109790,"[13407, 39452, 1365, 25403, 80926, 88328, 22956, 91225, 29227, 49843]"
109791,"[55335, 74038, 31806, 30987, 61520, 64490, 20876, 80044, 6492, 38605]"
109792,"[31903, 27365, 80661, 64489, 33829, 75328, 19438, 57190, 44471, 34941]"
109793,"[109644, 52385, 4383, 21434, 6879, 82273, 8801, 72694, 68751, 27363]"
109794,"[4441, 57694, 14140, 91080, 88749, 26579, 3301, 45230, 29743, 93782]"
109795,"[15187, 80487, 52636, 18858, 16728, 43133, 56019, 96767, 2168, 18598]"
109796,"[43271, 6342, 52119, 82204, 28479, 17482, 103879, 37551, 19115, 14222]"
109797,"[68214, 94401, 15944, 34964, 7812, 78194, 108338, 97737, 84001, 23435]"
109798,"[69551, 70616, 84914, 109122, 108395, 67685, 56095, 53378, 5326, 77597]"
109799,"[60252, 80731, 53019, 96339, 17841, 5663, 26899, 67994, 60069, 11050]"
109800,"[46465, 27454, 26751, 70072, 57139, 81477, 2306, 46070, 50932, 74458]"
109801,"[58231, 85051, 74139, 29125, 100361, 6346, 90925, 10089, 33643, 41166]"
109802,"[26000, 38958, 92979, 83550, 36890, 90602, 84713, 29294, 28003, 54539]"
109803,"[77486, 57636, 8471, 76676, 16062, 72769, 30151, 103406, 78981, 4409]"
109804,"[31025, 61312, 91757, 52110, 96601, 39514, 87847, 12234, 88663, 68152]"
109805,"[20161, 5400, 44305, 23904, 74124, 44064, 46315, 33212, 17637, 65476]"
109806,"[108948, 590, 46122, 42127, 9765, 92585, 36663, 71614, 33956, 23011]"
109807,"[16587, 22276, 16387, 50741, 63910, 27659, 36331, 96419, 88339, 9368]"
109808,"[107829, 75390, 10343, 5758, 21192, 65598, 97966, 89761, 16492, 585]"
109809,"[56714, 46207, 69486, 93496, 24869, 28603, 31005, 27184, 78747, 5925]"
109810,"[95198, 16688, 83138, 27286, 9766, 98217, 36518, 52558, 14610, 42509]"
109811,"[108497, 61790, 107949, 31619, 6973, 45754, 38970, 56651, 89322, 89627]"
109812,"[71374, 9541, 71738, 2252, 103645, 70400, 36876, 87146, 80958, 50649]"
109813,"[82012, 88275, 84720, 30169, 19444, 24787, 29047, 10579, 19257, 46156]"
109814,"[108126, 46787, 65204, 48765, 11482, 79428, 108812, 64205, 57397, 94618]"
109815,"[101382, 41776, 65622, 101091, 43977, 27879, 35505, 52604, 48709, 31315]"
109816,"[69701, 17908, 63543, 42667, 308, 6239, 85274, 92690, 64382, 22827]"
109817,"[43556, 95107, 27451, 65329, 13833, 12077, 77570, 34980, 6913, 95202]"
109818,"[60389, 7726, 92275, 14602, 66348, 14465, 88239, 33474, 108003, 32134]"
109819,"[22473, 87273, 97032, 78890, 90983, 100933, 58666, 3960, 20480, 53330]"
109820,"[78980, 33284, 1493, 104946, 40670, 57369, 7573, 80602, 97355, 45795]"
109821,"[52763, 35474, 40662, 5371, 19089, 46213, 31136, 49172, 97269, 20553]"
109822,"[94923, 30030, 79226, 85889, 68921, 36680, 52340, 4377, 5490, 109658]"
109823,"[19383, 91059, 39434, 58052, 12595, 43271, 79448, 43942, 70273, 47444]"
109824,"[26438, 102042, 102780, 92575, 23253, 8453, 32444, 92449, 3122, 65435]"
109825,"[10589, 80509, 55166, 3343, 68908, 12346, 41240, 47653, 39193, 29975]"
109826,"[30745, 17993, 8408, 34289, 55094, 47720, 35820, 4094, 69792, 65587]"
109827,"[14364, 17024, 84229, 36767, 32800, 23591, 31440, 13369, 23740, 87819]"
109828,"[96879, 41300, 34065, 23273, 30071, 104755, 89284, 5064, 1862, 68026]"
109829,"[71430, 62848, 108742, 70778, 55961, 34322, 14106, 99046, 89556, 69843]"
109830,"[63875, 67879, 37566, 42584, 32622, 13727, 100881, 50623, 43565, 70168]"
109831,"[96007, 98544, 89877, 78038, 79295, 56870, 16652, 38100, 92397, 89431]"
109832,"[89632, 100179, 102381, 2921, 92202, 37575, 18546, 27364, 63597, 27498]"
109833,"[89764, 13676, 26747, 92613, 104106, 89989, 67379, 73442, 48884, 88917]"
109834,"[92885, 12038, 95558, 76053, 55326, 92784, 89900, 62402, 1610, 54613]"
109835,"[54543, 38323, 94740, 72293, 62264, 101185, 91750, 29348, 83769, 38704]"
109836,"[37776, 54023, 46271, 91688, 30505, 42125, 46937, 104064, 82682, 67633]"
109837,"[95753, 94190, 81523, 49955, 65327, 66826, 34839, 71998, 98385, 7502]"
109838,"[56692, 67503, 68787, 94244, 19389, 103272, 44621, 88576, 98568, 24145]"
109839,"[13548, 90062, 45274, 62486, 55561, 100800, 64131, 42383, 54928, 35954]"
109840,"[28903, 90153, 90137, 27220, 4488, 20073, 38301, 91105, 77549, 94020]"
109841,"[4506, 22676, 61552, 45582, 5360, 90984, 22533, 62855, 6245, 35475]"
109842,"[33690, 17765, 74729, 9181, 104712, 21084, 11622, 89328, 105929, 57106]"
109843,"[83216, 27012, 47442, 101055, 94219, 45354, 35714, 68068, 81833, 21889]"
109844,"[23610, 109331, 43170, 51300, 17111, 52765, 86791, 18322, 40875, 5831]"
109845,"[99743, 74981, 50836, 56843, 81425, 79553, 67666, 41995, 35697, 29832]"
109846,"[66415, 22645, 47755, 94917, 66745, 64849, 18565, 16549, 9453, 51689]"
109847,"[59316, 20800, 96484, 75760, 25381, 65453, 26077, 101747, 90520, 75160]"
109848,"[92508, 66917, 70342, 11829, 92914, 67532, 35058, 72169, 106990, 48088]"
109849,"[17608, 11344, 75747, 64843, 64096, 59707, 31275, 55545, 89994, 67938]"
109850,"[3765, 56994, 97157, 20729, 30070, 23515, 25588, 41674, 85612, 73854]"
109851,"[78759, 70686, 88604, 29563, 94545, 51350, 82477, 67284, 4812, 35635]"
109852,"[22515, 41219, 88398, 98484, 4606, 21687, 50631, 19527, 33169, 107012]"
109853,"[54222, 98531, 109283, 23062, 106859, 79682, 79930, 20443, 26605, 55422]"
109854,"[58718, 100548, 55241, 15891, 70046, 14509, 9582, 54508, 35358, 31229]"
109855,"[105176, 10319, 16047, 22203, 53230, 83757, 67111, 33751, 39040, 49098]"
109856,"[86327, 7340, 23754, 103118, 79854, 18523, 29656, 39113, 23546, 67681]"
109857,"[5586, 15125, 30620, 54142, 33371, 50493, 97234, 18715, 30567, 88343]"
109858,"[30299, 73606, 65543, 51450, 80414, 52332, 85262, 100228, 44188, 7756]"
109859,"[96052, 72296, 47946, 18505, 82531, 57232, 88727, 83147, 34205, 84606]"
109860,"[8488, 21117, 30546, 57646, 17767, 23221, 10927, 23449, 77067, 2063]"
109861,"[7114, 28794, 34933, 6717, 43847, 54104, 41806, 104893, 100312, 11645]"
109862,"[25232, 106272, 21615, 92266, 9769, 54046, 64871, 227, 50469, 21869]"
109863,"[82917, 55656, 97419, 35067, 13030, 21574, 45670, 82103, 91989, 96882]"
109864,"[10780, 34614, 909, 38824, 30602, 28277, 40262, 35939, 48376, 49393]"
109865,"[9795, 39986, 34235, 22335, 57941, 47581, 60753, 42158, 12713, 87807]"
109866,"[101052, 79766, 735, 101214, 45935, 87291, 4509, 62877, 109266, 212]"
109867,"[82480, 26977, 14043, 55406, 101741, 12544, 8438, 90123, 36447, 84265]"
109868,"[8556, 74747, 47669, 46530, 25326, 5128, 59820, 18441, 67883, 37812]"
109869,"[87766, 23746, 58868, 14415, 3302, 5207, 39878, 13586, 100843, 60089]"
109870,"[66334, 85481, 74709, 20901, 35553, 31910, 3062, 57271, 103583, 7985]"
109871,"[69563, 2901, 68127, 6376, 31608, 76208, 103495, 46844, 100415, 57302]"
109872,"[59247, 98546, 70772, 70257, 62833, 109535, 71471, 73567, 45603, 50138]"
109873,"[9295, 56503, 49614, 43978, 81939, 494, 75349, 61647, 87607, 58555]"
109874,"[50977, 66622, 29370, 28870, 88669, 105850, 45449, 77273, 81578, 29714]"
109875,"[87663, 37335, 43069, 69146, 109311, 88694, 68617, 74654, 40027, 49803]"
109876,"[75049, 38106, 20164, 61920, 29442, 24633, 65151, 46579, 22183, 98931]"
109877,"[105026, 41926, 95920, 24567, 33641, 2916, 40076, 56693, 24389, 88927]"
109878,"[63665, 40117, 9014, 34837, 42047, 60372, 32386, 25679, 24076, 75732]"
109879,"[75952, 76092, 77468, 39552, 54267, 27907, 85463, 98060, 9224, 85863]"
109880,"[17941, 46201, 19316, 42709, 50368, 27888, 30088, 63475, 22047, 104550]"
109881,"[42736, 71813, 49856, 34051, 45372, 105936, 84917, 99655, 6963, 12661]"
109882,"[48912, 10713, 58879, 99741, 82602, 63005, 81655, 48434, 86806, 98211]"
109883,"[99446, 48360, 33277, 61006, 74755, 17156, 64966, 38495, 101171, 91477]"
109884,"[64283, 109007, 1772, 56149, 28992, 91275, 52331, 46697, 105834, 81702]"
109885,"[23869, 92788, 61745, 41524, 4660, 65397, 16806, 79616, 96783, 23351]"
109886,"[108718, 52448, 90325, 95571, 263, 95272, 22575, 56972, 46421, 102280]"
109887,"[101146, 23133, 68827, 66810, 90179, 17595, 52776, 45466, 24704, 101083]"
109888,"[84508, 34660, 47624, 65565, 50077, 96959, 25350, 88292, 34786, 58202]"
109889,"[40889, 73715, 89707, 100291, 28659, 22270, 82960, 34496, 9980, 92998]"
109890,"[36181, 27887, 90206, 35359, 32823, 55971, 101753, 73223, 42078, 16361]"
109891,"[65506, 68477, 10125, 99876, 70683, 21643, 80249, 92768, 73072, 58255]"
109892,"[94250, 68262, 65190, 70660, 66978, 77604, 89073, 70536, 97111, 64795]"
109893,"[77129, 6813, 55356, 82865, 95066, 15743, 82288, 32343, 47715, 52577]"
109894,"[31438, 62976, 78480, 106701, 93256, 59035, 37229, 96806, 11684, 30267]"
109895,"[18225, 107330, 65929, 35093, 96362, 93383, 89678, 75381, 11146, 39523]"
109896,"[45522, 9302, 74703, 85790, 109006, 86043, 29874, 23073, 105192, 94682]"
109897,"[96801, 45705, 24246, 103842, 29273, 12023, 48160, 81608, 51981, 10810]"
109898,"[40476, 49705, 22283, 16802, 16873, 36828, 85067, 99170, 10915, 82364]"
109899,"[23544, 15216, 53668, 76736, 66016, 97598, 74651, 41186, 59588, 34286]"
109900,"[97880, 70092, 46918, 96899, 16163, 20025, 69916, 20893, 2995, 63938]"
109901,"[98576, 62125, 27307, 21415, 1817, 78037, 74951, 93258, 57870, 51533]"
109902,"[7883, 3522, 75004, 48137, 36451, 79490, 37832, 53149, 101152, 83339]"
109903,"[33985, 37828, 10300, 17432, 93447, 48344, 70596, 79486, 109383, 106173]"
109904,"[55390, 89174, 36496, 62093, 55591, 34089, 92053, 90483, 97923, 31739]"
109905,"[50524, 101758, 61702, 12450, 68320, 99818, 100334, 82314, 33279, 51488]"
109906,"[55259, 91130, 78245, 76249, 17680, 20847, 65123, 106054, 97791, 59104]"
109907,"[21471, 64376, 38975, 15045, 49558, 89686, 18722, 3200, 102126, 38043]"
109908,"[1761, 84618, 17289, 67645, 89942, 26130, 54967, 10201, 93320, 45036]"
109909,"[4735, 22193, 62064, 70989, 3522, 39644, 7883, 22850, 34165, 35565]"
109910,"[22270, 29375, 86531, 100291, 102214, 28659, 69977, 68330, 13005, 20727]"
109911,"[92170, 71331, 74105, 39949, 59281, 16465, 40449, 31246, 131, 5629]"
109912,"[33852, 79526, 34552, 50810, 47038, 80419, 90373, 5954, 86675, 7663]"
109913,"[95384, 44731, 102350, 82630, 44513, 11150, 86022, 98947, 2435, 98826]"
109914,"[61230, 100220, 32436, 64037, 7882, 106176, 53852, 61392, 81943, 47304]"
109915,"[109657, 21054, 98388, 101463, 99406, 90871, 80887, 76550, 43907, 21613]"
109916,"[93449, 12838, 46185, 46869, 17725, 97113, 1448, 91489, 87493, 90338]"
109917,"[68712, 39037, 57209, 8303, 85404, 62721, 74297, 29420, 71486, 60169]"
109918,"[89948, 30319, 98419, 57078, 56014, 72068, 57508, 109475, 22705, 94563]"
109919,"[108310, 69524, 52980, 27829, 13756, 60569, 63649, 63643, 30788, 10965]"
109920,"[105597, 71074, 107813, 64153, 59006, 86074, 99111, 15981, 16738, 106050]"
109921,"[90295, 31378, 36, 23228, 70644, 58311, 62611, 108602, 31771, 28121]"
109922,"[98992, 25093, 11910, 99749, 33791, 76762, 38139, 16164, 103269, 102765]"
109923,"[56767, 96252, 6830, 4686, 23887, 79912, 72249, 13936, 82231, 45879]"
109924,"[58758, 7026, 61749, 57840, 1857, 61017, 16134, 518, 50436, 2639]"
109925,"[96076, 103773, 36570, 81252, 106641, 96724, 50565, 6209, 37271, 52753]"
109926,"[567, 40491, 75172, 59, 78057, 14975, 62706, 20285, 1568, 50402]"
109927,"[103098, 56948, 109497, 33679, 103507, 67455, 52726, 20825, 75424, 89021]"
109928,"[16756, 72748, 7331, 34774, 27210, 7566, 95293, 59806, 33192, 30337]"
109929,"[34026, 31804, 55833, 87958, 100043, 9639, 2, 32644, 23779, 4367]"
109930,"[34065, 41300, 104755, 5064, 96879, 70902, 15509, 72336, 96468, 29045]"
109931,"[3657, 4859, 107325, 86168, 66081, 94081, 8775, 50179, 38808, 43982]"
109932,"[33108, 83102, 97716, 94869, 55830, 11169, 17147, 4708, 87010, 53310]"
109933,"[94696, 98993, 18532, 88539, 22347, 76618, 95501, 16151, 53738, 80691]"
109934,"[66508, 105618, 71270, 12076, 72319, 58328, 48351, 59081, 16416, 107147]"
109935,"[59303, 59546, 66141, 24464, 73183, 70730, 88043, 825, 45830, 13282]"
109936,"[41714, 71708, 38382, 21433, 17683, 109356, 46463, 39813, 35351, 22793]"
109937,"[102189, 41012, 50716, 86921, 21592, 38580, 9432, 40984, 8476, 80784]"
109938,"[74241, 4255, 24158, 97171, 82517, 53263, 47997, 72329, 43807, 32231]"
109939,"[69005, 25212, 88354, 41591, 5141, 11306, 108239, 99631, 95605, 105635]"
109940,"[68351, 2170, 37653, 51871, 93887, 85455, 29173, 105892, 78809, 88684]"
109941,"[22452, 51749, 14458, 9506, 32886, 96190, 56891, 76386, 18683, 103138]"
109942,"[35100, 85628, 2703, 29257, 31137, 4074, 97498, 23358, 101935, 61620]"
109943,"[98165, 30701, 66497, 80138, 98757, 56014, 72068, 40475, 9158, 12825]"
109944,"[72240, 77855, 95265, 70828, 47285, 49091, 63381, 18105, 99085, 10940]"
109945,"[61234, 23365, 107538, 89498, 74591, 102899, 49330, 61170, 31226, 15644]"
109946,"[102684, 26289, 25008, 105007, 12854, 23847, 20378, 97492, 40290, 106572]"
109947,"[106617, 59666, 71995, 85267, 108874, 109238, 82293, 87098, 33497, 91289]"
109948,"[39906, 79010, 1220, 67549, 8400, 62042, 72457, 104958, 5223, 22907]"
109949,"[104247, 11246, 19366, 2493, 44793, 49019, 68748, 23632, 17139, 57237]"
109950,"[41023, 15206, 39475, 86401, 8095, 40451, 72884, 40964, 14367, 45672]"
109951,"[104807, 6517, 23048, 22486, 3435, 7582, 18646, 95451, 73017, 106793]"
109952,"[49173, 84515, 94586, 52065, 61189, 52983, 44291, 97262, 94471, 6303]"
109953,"[12512, 47421, 33080, 4751, 50976, 78507, 78643, 39469, 38310, 99439]"
109954,"[61350, 46862, 42599, 81275, 98515, 38294, 105340, 109396, 57481, 48877]"
109955,"[106050, 91347, 99373, 1120, 99111, 94133, 371, 34272, 78001, 105951]"
109956,"[18238, 97322, 102253, 53522, 11618, 10849, 12689, 79241, 10302, 40830]"
109957,"[83752, 64705, 69566, 101380, 61950, 23643, 21768, 83089, 72625, 86158]"
109958,"[53381, 72101, 39429, 21763, 95363, 24595, 99565, 21426, 44221, 23582]"
109959,"[70799, 100960, 23187, 98495, 46319, 12041, 94116, 36191, 26596, 59396]"
109960,"[25351, 4453, 26106, 5353, 98039, 87099, 66234, 52274, 57982, 19]"
109961,"[15305, 81669, 34170, 27490, 95715, 20008, 66740, 12308, 73743, 17739]"
109962,"[104092, 68183, 75238, 57851, 75107, 82157, 83387, 51052, 51828, 44476]"
109963,"[71966, 29997, 3953, 96730, 26907, 39898, 104690, 13436, 79060, 82664]"
109964,"[36686, 29311, 82224, 99661, 54769, 38392, 15309, 11744, 85798, 20935]"
109965,"[38823, 14085, 63406, 86418, 62009, 17335, 100307, 3196, 61327, 49343]"
109966,"[79448, 13409, 12536, 19383, 3378, 12595, 43271, 74684, 43942, 30100]"
109967,"[19006, 109142, 46619, 29768, 12178, 57878, 89668, 14747, 98116, 37165]"
109968,"[26561, 92838, 6416, 14455, 27792, 45731, 69997, 70959, 52158, 91117]"
109969,"[99529, 100006, 32551, 109634, 80068, 32679, 104668, 84923, 98487, 44447]"
109970,"[21952, 36148, 97951, 19578, 12039, 45296, 102638, 80760, 102937, 91237]"
109971,"[49734, 33773, 29490, 18352, 99018, 99450, 66418, 6300, 52278, 18831]"
109972,"[82388, 107257, 31605, 9477, 74626, 54529, 95178, 81815, 35316, 55655]"
109973,"[26439, 20103, 90932, 76343, 71093, 22885, 12523, 8056, 6312, 36331]"
109974,"[78682, 54183, 71952, 15936, 9580, 39568, 109459, 77352, 72162, 17899]"
109975,"[36500, 108825, 3603, 18016, 43331, 55798, 3900, 33466, 57443, 1625]"
109976,"[75223, 2995, 20025, 38945, 76509, 85774, 43234, 12930, 65662, 6566]"
109977,"[93850, 102770, 6726, 54967, 100440, 63748, 88646, 31830, 43516, 9579]"
109978,"[34690, 81477, 17162, 37034, 57994, 74853, 50898, 80981, 84721, 64126]"
109979,"[29620, 41297, 99288, 73385, 35338, 42335, 44057, 48215, 49833, 22709]"
109980,"[105099, 73279, 88749, 1885, 50554, 81228, 9515, 103367, 96285, 91080]"
109981,"[13903, 61288, 7774, 21226, 16704, 38588, 77844, 95445, 90217, 40237]"
109982,"[48776, 25235, 72568, 19320, 42716, 43612, 62905, 18663, 8046, 37916]"
109983,"[39319, 45157, 61347, 97520, 59632, 96787, 98907, 39820, 102017, 6750]"
109984,"[89903, 4046, 22647, 49227, 62373, 25359, 325, 83615, 5383, 55448]"
109985,"[1513, 12432, 7306, 28745, 35865, 76628, 63215, 97514, 102850, 73767]"
109986,"[45977, 55500, 12700, 26554, 39474, 81025, 47781, 53143, 26838, 79631]"
109987,"[13321, 54994, 71947, 9496, 74045, 90247, 19532, 46851, 43241, 33559]"
109988,"[24612, 21578, 27788, 68107, 67804, 106813, 34211, 89882, 48861, 50935]"
109989,"[70537, 61952, 96296, 13208, 82489, 58309, 8885, 17417, 7785, 16630]"
109990,"[21367, 9743, 85833, 34274, 20543, 58146, 93302, 11187, 102422, 91864]"
109991,"[48676, 8858, 108685, 97192, 29419, 102094, 71541, 8946, 4886, 18937]"
109992,"[25922, 9558, 87619, 33424, 64875, 82580, 31353, 9811, 19244, 23489]"
109993,"[80894, 65207, 73818, 26894, 72272, 84525, 85560, 29619, 90540, 7628]"
109994,"[101876, 2159, 88676, 61983, 8808, 42727, 78874, 273, 94494, 103724]"
109995,"[32508, 101712, 10734, 73163, 69722, 65693, 61401, 13490, 75731, 77505]"
109996,"[100183, 50575, 37631, 93072, 33970, 30898, 37752, 16207, 52577, 47715]"
109997,"[27766, 50671, 80556, 25866, 15755, 39456, 87575, 29111, 52986, 4049]"
109998,"[33467, 71231, 2384, 81664, 96146, 19846, 27094, 107428, 2079, 30195]"
109999,"[24790, 54601, 80506, 44480, 14936, 52894, 52773, 27198, 25115, 31535]"
110000,"[46832, 2254, 56887, 34780, 8576, 2076, 52966, 107136, 17905, 14133]"
110001,"[72647, 39066, 44041, 37581, 3694, 67250, 80102, 99661, 61741, 64166]"
110002,"[19982, 41644, 55165, 81916, 74745, 46922, 74228, 30085, 67067, 72036]"
110003,"[45382, 56448, 86572, 30591, 100557, 2412, 14903, 66507, 90762, 96545]"
110004,"[31913, 84284, 30901, 27125, 81929, 26952, 902, 108691, 85504, 48955]"
110005,"[44119, 57109, 103362, 93535, 56247, 30000, 64783, 78011, 90450, 82522]"
110006,"[65878, 63358, 98063, 1614, 32272, 10452, 94062, 30174, 39455, 98047]"
110007,"[68043, 61490, 1780, 82717, 35751, 4093, 41274, 25246, 75596, 73274]"
110008,"[82409, 78156, 54382, 61446, 54398, 77938, 45727, 54134, 35741, 64242]"
110009,"[42985, 22791, 48963, 67356, 77901, 19766, 9129, 50873, 19318, 42018]"
110010,"[42620, 90708, 68115, 69577, 31977, 42621, 69581, 82945, 16874, 7152]"
110011,"[38793, 18798, 55738, 6059, 109060, 47642, 71996, 17395, 107315, 107158]"
110012,"[22402, 30934, 72578, 54706, 105395, 4465, 38999, 93424, 30442, 83917]"
110013,"[92679, 45037, 101701, 96344, 59184, 8656, 93430, 51799, 98979, 12535]"
110014,"[15931, 26378, 48234, 69630, 42797, 54917, 81223, 60989, 105245, 35131]"
110015,"[32273, 67421, 16777, 105666, 35576, 37880, 55100, 96851, 30516, 13391]"
110016,"[94326, 66216, 69731, 6392, 15093, 28200, 18707, 88768, 37297, 84355]"
110017,"[98328, 24153, 92439, 27573, 84614, 64357, 74598, 15116, 22470, 9917]"
110018,"[69421, 106768, 19640, 42525, 6981, 92960, 40990, 20355, 14147, 46343]"
110019,"[47684, 77939, 35143, 89745, 99578, 43352, 88023, 38611, 95988, 71853]"
110020,"[59330, 93974, 29842, 11282, 89496, 101286, 24750, 86318, 44755, 4809]"
110021,"[77577, 13647, 89876, 28341, 98888, 34246, 79276, 55845, 69542, 101334]"
110022,"[82354, 103525, 818, 70607, 49163, 85993, 56088, 78169, 101567, 100176]"
110023,"[82962, 58720, 29416, 3930, 9846, 99663, 20402, 60820, 15525, 47524]"
110024,"[40461, 7850, 109069, 77588, 54956, 30030, 27747, 22153, 33652, 64003]"
110025,"[39315, 87539, 97298, 10272, 47915, 386, 81646, 52226, 38010, 54227]"
110026,"[69236, 49831, 46587, 41102, 37840, 80163, 74297, 103734, 33362, 64427]"
110027,"[43487, 24398, 51433, 58698, 64898, 73110, 45694, 48025, 107830, 21039]"
110028,"[29833, 86333, 13093, 100843, 13112, 66068, 45469, 14415, 5207, 3302]"
110029,"[82980, 68310, 41565, 64152, 63676, 88127, 82168, 105454, 39013, 66635]"
110030,"[70308, 106462, 51820, 10622, 59242, 62090, 42498, 49694, 32804, 1260]"
110031,"[60190, 74039, 105678, 4556, 32728, 41730, 54909, 58239, 55982, 95006]"
110032,"[58794, 24076, 50890, 18413, 55837, 92822, 106332, 93200, 67402, 56034]"
110033,"[39048, 88606, 44371, 42623, 67642, 87973, 50246, 106229, 61758, 52671]"
110034,"[47364, 98157, 77128, 1211, 66262, 81905, 26125, 4848, 23194, 65923]"
110035,"[46948, 20548, 61482, 42190, 64746, 72593, 74733, 100350, 852, 10182]"
110036,"[59005, 80740, 27402, 65261, 54841, 54328, 59630, 50110, 73276, 33525]"
110037,"[50377, 46498, 97811, 105655, 97652, 38637, 70843, 89917, 83772, 97541]"
110038,"[108590, 28223, 2757, 65540, 23289, 108893, 91609, 79505, 20531, 1285]"
110039,"[68847, 101897, 18134, 39132, 23864, 60329, 26832, 107985, 80549, 57066]"
110040,"[92916, 255, 60107, 24448, 100490, 58658, 61947, 85424, 10712, 85616]"
110041,"[7885, 65099, 65770, 44935, 17008, 36700, 81934, 51610, 77274, 35573]"
110042,"[78403, 27438, 37849, 108421, 44284, 32045, 60839, 7419, 37981, 67899]"
110043,"[36498, 14997, 38403, 28641, 72404, 72770, 59236, 16684, 20381, 49221]"
110044,"[42689, 30493, 25329, 29390, 16438, 91622, 85410, 38588, 8636, 54948]"
110045,"[19517, 11215, 91025, 59648, 43971, 67467, 21387, 80403, 22577, 84123]"
110046,"[104890, 16679, 79683, 18751, 15141, 82936, 13044, 60950, 67303, 79647]"
110047,"[94538, 66816, 57712, 7037, 73762, 40076, 18356, 46800, 76745, 64812]"
110048,"[72603, 99187, 63743, 98480, 41125, 71014, 12218, 83559, 99973, 19016]"
110049,"[30541, 99845, 16668, 11962, 39731, 106344, 100000, 55634, 53612, 94018]"
110050,"[60967, 26137, 69092, 81322, 76257, 48946, 64367, 23179, 43775, 62779]"
110051,"[76126, 103104, 58446, 1477, 17561, 84406, 61574, 49688, 4220, 50760]"
110052,"[56840, 3009, 1514, 4541, 12458, 42750, 14748, 72398, 7518, 94255]"
110053,"[84442, 16977, 22674, 23793, 14000, 33664, 97250, 27270, 74250, 14435]"
110054,"[73114, 29256, 86870, 834, 63539, 94905, 39254, 44711, 31096, 18091]"
110055,"[103762, 10646, 20462, 57693, 72332, 87638, 92766, 60838, 73761, 103943]"
110056,"[44742, 20023, 64799, 20795, 53432, 77895, 101666, 68225, 26951, 68332]"
110057,"[101953, 19873, 88232, 55052, 12939, 8070, 105195, 78967, 105723, 12695]"
110058,"[47075, 30832, 24414, 37986, 98204, 83191, 43795, 65182, 106188, 64936]"
110059,"[25191, 81854, 24405, 67180, 89844, 47527, 29990, 58303, 23700, 79790]"
110060,"[90541, 100340, 75780, 21671, 55616, 107945, 86272, 34677, 14259, 15543]"
110061,"[56067, 25506, 31375, 4544, 27951, 40435, 54553, 11185, 21274, 89052]"
110062,"[101378, 25349, 15419, 76014, 29408, 22258, 23898, 48129, 107888, 13189]"
110063,"[13226, 31997, 46791, 54103, 46854, 34117, 107424, 20272, 64957, 12253]"
110064,"[39033, 14508, 8374, 20868, 67769, 3948, 28876, 15181, 101364, 83739]"
110065,"[58702, 8242, 73133, 20310, 97561, 83190, 50364, 71389, 43157, 87873]"
110066,"[16322, 47601, 63231, 1029, 13969, 1605, 71778, 35782, 41782, 43038]"
110067,"[15261, 12800, 69882, 12624, 87648, 690, 99976, 92497, 92865, 107043]"
110068,"[79047, 7505, 68417, 102640, 27807, 94086, 30121, 72844, 48326, 87807]"
110069,"[22279, 106511, 18685, 74844, 98845, 51623, 12906, 46863, 103724, 90865]"
110070,"[80328, 21632, 57950, 35449, 55152, 93676, 6311, 59435, 71189, 41344]"
110071,"[47986, 27970, 63593, 17615, 30809, 44833, 34791, 60242, 59403, 10700]"
110072,"[109533, 1878, 1662, 58449, 696, 40755, 57354, 2345, 31387, 61976]"
110073,"[104036, 81088, 42142, 63932, 63100, 40004, 79550, 76610, 9801, 84928]"
110074,"[48456, 79396, 69449, 43668, 38317, 102844, 5369, 62565, 62409, 30584]"
110075,"[52519, 3417, 18951, 93010, 57756, 32242, 14228, 16078, 15999, 56574]"
110076,"[43422, 64994, 69868, 1770, 26948, 13571, 72350, 83882, 56200, 39290]"
110077,"[21005, 54118, 62583, 53911, 15793, 40609, 105144, 47739, 87033, 52417]"
110078,"[89812, 42397, 9790, 45262, 100937, 20734, 29253, 71212, 2587, 20479]"
110079,"[20000, 51376, 11145, 93541, 74843, 35430, 82026, 4810, 62510, 77947]"
110080,"[26200, 60830, 39306, 25356, 24986, 91016, 83020, 100946, 70969, 106412]"
110081,"[106632, 5527, 73697, 100627, 79874, 97760, 6339, 61716, 88744, 79934]"
110082,"[1991, 64987, 73699, 44296, 43169, 12430, 42472, 11988, 94799, 38246]"
110083,"[70481, 101185, 1084, 37643, 61642, 63312, 92179, 14002, 83695, 85647]"
110084,"[44701, 91414, 50453, 78995, 49766, 102989, 13361, 68161, 93011, 22548]"
110085,"[85002, 101535, 91372, 49389, 35621, 39888, 90991, 106653, 2464, 7371]"
110086,"[38980, 35979, 62124, 100368, 109074, 26664, 94660, 78898, 47674, 96857]"
110087,"[17879, 105674, 74874, 94471, 69315, 53099, 97262, 75911, 52335, 82815]"
110088,"[12397, 64161, 20693, 50889, 1203, 66673, 96417, 63193, 48805, 86823]"
110089,"[86631, 64565, 103441, 98609, 69390, 108505, 79012, 84240, 72103, 38336]"
110090,"[18035, 61603, 82395, 86976, 64617, 99770, 73672, 46321, 101096, 26191]"
110091,"[63886, 46037, 43176, 65228, 91169, 9932, 56831, 56206, 92280, 87170]"
110092,"[64818, 72216, 17758, 89008, 72410, 5549, 44916, 103630, 8804, 57948]"
110093,"[22310, 47242, 62612, 48221, 83679, 55429, 105767, 66270, 37282, 99745]"
110094,"[106100, 23045, 80396, 105080, 24791, 49340, 60821, 82190, 96730, 77096]"
110095,"[97461, 103799, 10180, 35352, 69663, 96733, 9695, 90918, 48490, 12328]"
110096,"[15191, 84817, 95867, 70735, 3504, 89424, 52091, 96489, 6561, 56933]"
110097,"[85049, 22871, 88386, 34121, 107737, 37354, 103923, 47847, 94720, 23139]"
110098,"[3478, 12979, 57286, 15331, 73109, 59662, 79193, 86697, 78935, 7334]"
110099,"[25327, 73539, 86661, 22295, 66558, 59916, 72597, 88004, 83428, 99481]"
110100,"[79490, 15956, 38275, 98584, 18373, 104510, 10268, 14725, 90492, 85667]"
110101,"[177, 8461, 26661, 93693, 93358, 10093, 94030, 99689, 45965, 20596]"
110102,"[59242, 87439, 86242, 1671, 59302, 67206, 102514, 34916, 56178, 53329]"
110103,"[30770, 70990, 35406, 85253, 8676, 18659, 58208, 66809, 78918, 49588]"
110104,"[57429, 102397, 104973, 58557, 375, 12835, 100111, 54626, 22305, 3112]"
110105,"[82643, 66578, 49889, 33719, 4067, 17935, 102837, 40956, 4096, 50425]"
110106,"[106780, 23371, 24913, 74705, 84520, 26601, 17725, 69325, 65141, 21685]"
110107,"[41193, 25687, 89129, 87996, 101466, 5042, 51272, 88982, 45192, 50282]"
110108,"[35810, 104079, 107076, 85351, 2282, 106130, 41641, 4770, 103872, 109027]"
110109,"[44669, 43702, 28714, 82692, 30484, 64878, 85467, 86458, 72734, 18266]"
110110,"[54477, 41917, 41440, 44807, 65269, 25, 11830, 42729, 94647, 81543]"
110111,"[85559, 2160, 29663, 14181, 98220, 108800, 8934, 24539, 17625, 14971]"
110112,"[1385, 8426, 17971, 12074, 33308, 19355, 23825, 52098, 653, 9755]"
110113,"[10864, 37545, 40360, 106236, 52991, 37281, 13256, 63970, 9001, 73119]"
110114,"[40495, 8449, 107131, 51941, 56141, 50319, 6689, 107235, 105285, 39111]"
110115,"[66961, 105766, 49405, 37757, 29915, 18039, 6705, 29994, 25515, 600]"
110116,"[27761, 4766, 100512, 11730, 38787, 8818, 7429, 1988, 59694, 47526]"
110117,"[49368, 17166, 36192, 26756, 16245, 6662, 97924, 59774, 62964, 47620]"
110118,"[11743, 48966, 103281, 54562, 459, 8124, 90469, 2057, 32908, 22216]"
110119,"[100553, 24356, 47937, 102875, 36279, 36354, 43667, 3162, 19657, 98626]"
110120,"[52623, 53191, 4851, 92624, 108756, 36512, 54483, 8910, 108321, 57467]"
110121,"[73281, 34164, 38925, 69317, 105951, 35519, 22053, 28054, 78639, 105880]"
110122,"[76379, 76636, 35260, 36838, 63116, 44711, 87857, 55467, 43232, 1730]"
110123,"[46181, 86093, 90866, 88486, 103050, 14297, 59339, 109545, 23272, 39256]"
110124,"[62609, 38774, 91593, 24948, 18452, 109407, 34033, 107629, 96388, 13963]"
110125,"[19074, 94793, 7693, 4669, 9344, 89848, 49853, 20175, 11081, 96051]"
110126,"[51194, 102846, 81661, 106975, 88685, 65310, 68588, 56355, 68356, 3977]"
110127,"[103213, 66058, 18067, 96113, 67487, 89304, 98978, 20645, 72932, 80121]"
110128,"[67927, 60269, 82542, 22007, 85570, 18564, 49136, 32565, 73846, 28740]"
110129,"[66412, 47535, 90151, 103437, 35634, 42851, 50393, 29283, 70729, 75776]"
110130,"[36503, 72022, 101350, 7454, 17761, 29954, 59455, 56852, 94208, 54440]"
110131,"[47951, 28671, 88523, 66423, 106343, 30183, 32778, 41082, 68486, 55642]"
110132,"[15817, 16780, 48815, 72734, 36196, 73066, 18266, 32247, 44928, 77670]"
110133,"[34954, 28026, 23915, 100920, 31600, 104593, 63071, 47358, 24918, 87648]"
110134,"[2155, 12015, 46487, 97446, 7489, 33391, 20177, 6937, 88323, 67514]"
110135,"[46248, 63205, 61778, 60223, 90447, 6557, 27294, 94185, 16195, 45337]"
110136,"[67899, 26589, 37486, 89682, 107107, 41947, 62602, 49682, 11754, 44284]"
110137,"[13626, 31733, 7792, 17715, 17003, 28708, 2409, 67752, 59623, 13475]"
110138,"[4818, 54914, 54027, 56208, 54995, 53369, 8213, 68299, 94879, 84118]"
110139,"[61808, 36710, 28184, 697, 107325, 17324, 37803, 41384, 81913, 38053]"
110140,"[13790, 25803, 104565, 737, 42798, 60051, 99071, 41267, 88557, 23946]"
110141,"[30884, 5719, 8071, 107843, 76990, 49662, 33163, 11302, 74230, 19999]"
110142,"[84860, 102049, 102384, 47762, 20010, 58865, 37197, 46651, 99640, 63671]"
110143,"[5311, 105262, 87990, 103440, 98599, 34687, 65451, 93366, 34845, 35247]"
110144,"[25464, 7515, 38552, 3230, 83973, 77533, 13943, 77858, 74671, 65282]"
110145,"[16434, 28733, 107362, 3929, 5118, 19493, 81594, 80916, 63435, 46502]"
110146,"[99808, 33567, 82624, 83230, 99180, 51254, 12963, 66172, 53423, 106139]"
110147,"[89222, 62766, 104834, 73343, 88760, 76365, 106412, 41664, 30952, 34257]"
110148,"[44948, 38190, 81836, 28378, 42843, 86520, 84830, 52530, 98293, 12698]"
110149,"[76579, 31259, 88576, 34001, 28198, 26815, 57954, 76428, 32601, 44637]"
110150,"[18412, 64990, 25717, 62076, 3141, 96658, 60501, 32360, 97830, 16086]"
110151,"[57258, 87394, 11174, 78962, 107468, 63929, 35278, 105918, 25930, 75056]"
110152,"[59447, 68787, 8175, 26320, 103500, 61014, 86771, 101552, 76492, 48164]"
110153,"[29828, 83069, 56950, 21382, 89707, 56107, 83139, 8525, 44129, 95549]"
110154,"[39731, 52608, 53612, 42792, 27461, 24691, 106105, 50696, 63921, 6976]"
110155,"[69412, 47677, 81264, 108810, 103099, 85278, 16620, 94788, 62419, 89655]"
110156,"[31977, 56066, 80160, 68115, 61139, 76000, 37045, 38337, 107486, 95404]"
110157,"[26443, 46588, 30207, 77068, 104065, 92509, 85682, 95881, 107046, 81709]"
110158,"[104866, 30886, 26119, 85008, 32889, 88713, 22833, 33765, 20770, 5258]"
110159,"[107853, 524, 105081, 59692, 57883, 33884, 26205, 60598, 75497, 104602]"
110160,"[93229, 14638, 24858, 49924, 6399, 61080, 1025, 36454, 94305, 49617]"
110161,"[57505, 34699, 39477, 101312, 77752, 59811, 67653, 49148, 98650, 72122]"
110162,"[101166, 6408, 45312, 46644, 68745, 106697, 91655, 96078, 71658, 85593]"
110163,"[15914, 29309, 96858, 79957, 82334, 54384, 34275, 42500, 109647, 17850]"
110164,"[94048, 14384, 48530, 104098, 36663, 29574, 53080, 61490, 14061, 96106]"
110165,"[98943, 57551, 57356, 37931, 36235, 16546, 48037, 38176, 108597, 27705]"
110166,"[12100, 20202, 72159, 30297, 61838, 95815, 79774, 12502, 11318, 55089]"
110167,"[107583, 80352, 62581, 46137, 9468, 106801, 2022, 53807, 101247, 26139]"
110168,"[63450, 45814, 60233, 45107, 70434, 18074, 103254, 68378, 62405, 96084]"
110169,"[76621, 99246, 80967, 17586, 27916, 15369, 78023, 91082, 18645, 97011]"
110170,"[57835, 109559, 100725, 12540, 21649, 9269, 43076, 3349, 16859, 27085]"
110171,"[105912, 100411, 79708, 4407, 68656, 102517, 29544, 91897, 105012, 36675]"
110172,"[42236, 33925, 107055, 6933, 31940, 29382, 81699, 92952, 70491, 53506]"
110173,"[53897, 48665, 104655, 39309, 34004, 36928, 38356, 37491, 76961, 73599]"
110174,"[93914, 54494, 36383, 104693, 103265, 54031, 38090, 56083, 21499, 50772]"
110175,"[29371, 40590, 38160, 40350, 56940, 41220, 83060, 36883, 40357, 108580]"
110176,"[98052, 105038, 81261, 99978, 40919, 5564, 27285, 21921, 40567, 87945]"
110177,"[79189, 47339, 14809, 105615, 93727, 49198, 43813, 57669, 18257, 12115]"
110178,"[90095, 2393, 51003, 96479, 10673, 66856, 68001, 53446, 95566, 48406]"
110179,"[73742, 78392, 89973, 51362, 64481, 20915, 32182, 35770, 78255, 6267]"
110180,"[97407, 32941, 763, 56513, 83558, 91248, 32324, 60396, 9955, 52581]"
110181,"[27293, 12935, 77329, 77283, 9788, 14732, 51728, 44856, 6550, 80760]"
110182,"[46047, 89244, 12073, 42727, 64174, 75110, 31324, 34600, 25497, 101876]"
110183,"[103112, 41884, 61992, 25968, 100933, 17752, 65261, 23096, 10620, 16616]"
110184,"[60392, 51376, 65012, 66555, 80292, 75872, 74866, 21748, 4810, 50350]"
110185,"[31944, 70870, 65943, 34239, 4380, 32695, 9439, 17601, 2011, 85778]"
110186,"[73592, 78285, 7992, 79745, 44848, 71528, 42118, 54734, 87762, 313]"
110187,"[35537, 9211, 7918, 99436, 97162, 84913, 63714, 18540, 106567, 62014]"
110188,"[78066, 78922, 38874, 108983, 46182, 96295, 1531, 59595, 24844, 48115]"
110189,"[68020, 98671, 55177, 25908, 22350, 10256, 61141, 94845, 19352, 23628]"
110190,"[4304, 67768, 81438, 21324, 37617, 77688, 67465, 105993, 50469, 53790]"
110191,"[24407, 62819, 18525, 92640, 4177, 73269, 68671, 14800, 87908, 1645]"
110192,"[4161, 39396, 17247, 55658, 62619, 29147, 49146, 91708, 11852, 16733]"
110193,"[95945, 96499, 53451, 74674, 11675, 63390, 4418, 1093, 25105, 105721]"
110194,"[70721, 7938, 27182, 96559, 96424, 69810, 68188, 24902, 28995, 21593]"
110195,"[36686, 29311, 98286, 38481, 63482, 87147, 82224, 54769, 55272, 18708]"
110196,"[101803, 88598, 6138, 6576, 5853, 76468, 72739, 50174, 74686, 50069]"
110197,"[53316, 62601, 82905, 32713, 70549, 103810, 24276, 88364, 7534, 109439]"
110198,"[79074, 30125, 76317, 86486, 98962, 6040, 461, 71914, 63125, 9488]"
110199,"[102996, 71349, 81772, 68693, 81687, 45084, 100063, 44574, 106316, 58134]"
110200,"[94777, 26035, 76502, 17318, 32553, 35503, 52666, 8807, 24947, 24208]"
110201,"[69696, 39354, 107104, 99618, 86723, 96931, 69490, 13111, 32680, 40871]"
110202,"[43057, 35778, 11994, 33939, 15103, 78388, 4533, 35065, 52492, 6231]"
110203,"[9244, 35352, 69663, 57170, 7222, 48490, 12328, 73838, 99485, 84275]"
110204,"[103533, 106470, 41658, 62670, 88647, 68449, 65536, 23782, 61074, 57077]"
110205,"[100716, 107935, 39322, 308, 86164, 78372, 64034, 48311, 89516, 7087]"
110206,"[47486, 94761, 79368, 97549, 108683, 2674, 64777, 41922, 41183, 90023]"
110207,"[72502, 77187, 89232, 26064, 30206, 109334, 48049, 105781, 17373, 13159]"
110208,"[24060, 109260, 57039, 90155, 51371, 49750, 22609, 55115, 71169, 65252]"
110209,"[50150, 25769, 13898, 58972, 86446, 69605, 37004, 1722, 106396, 90741]"
110210,"[18098, 43964, 77567, 52914, 47963, 34027, 28061, 21991, 24548, 50249]"
110211,"[24582, 95441, 25372, 63801, 108426, 11633, 61282, 62637, 84360, 48492]"
110212,"[94019, 14164, 57316, 11574, 46227, 84508, 13713, 38281, 69416, 7162]"
110213,"[32845, 66801, 81679, 33353, 43294, 3304, 25826, 35768, 104129, 74566]"
110214,"[55734, 98156, 26429, 13030, 60252, 26899, 70530, 91989, 35275, 109679]"
110215,"[42855, 78532, 58689, 15473, 88879, 6497, 103868, 57610, 88705, 17605]"
110216,"[76735, 62730, 89037, 86161, 87695, 28136, 29376, 50546, 37896, 66091]"
110217,"[69583, 55276, 85174, 100332, 2557, 81447, 97719, 53373, 69418, 87603]"
110218,"[92912, 86717, 38760, 96892, 12683, 70713, 21604, 13854, 60398, 8956]"
110219,"[28624, 12640, 73106, 90508, 29986, 32265, 93812, 69347, 56844, 77138]"
110220,"[15949, 53827, 74699, 99979, 86725, 17056, 49916, 78102, 71587, 109226]"
110221,"[49744, 36975, 32726, 45252, 96317, 58096, 26066, 109189, 41622, 107754]"
110222,"[74564, 37416, 29165, 48024, 92558, 28899, 220, 74806, 101900, 66959]"
110223,"[80711, 65214, 12464, 90275, 15960, 79642, 49491, 21135, 83968, 106107]"
110224,"[14896, 30201, 46274, 71783, 32130, 70561, 89107, 78738, 34714, 2228]"
110225,"[98426, 42719, 13895, 41367, 109459, 41708, 28652, 34978, 5778, 77934]"
110226,"[2849, 45079, 20762, 92965, 4236, 2109, 49537, 67745, 46301, 46080]"
110227,"[1291, 75708, 22908, 87650, 104100, 59355, 26159, 12193, 7629, 98612]"
110228,"[32262, 18471, 21917, 61871, 55802, 79352, 108677, 69907, 7421, 39710]"
110229,"[70086, 4579, 88315, 60888, 18863, 7509, 3646, 40632, 89432, 27483]"
110230,"[86908, 35292, 9015, 105656, 13540, 30009, 6017, 109706, 89221, 55307]"
110231,"[57396, 26690, 97703, 97737, 15210, 76604, 7808, 108702, 6353, 33974]"
110232,"[12445, 6179, 87224, 2454, 98289, 70512, 99370, 76424, 25462, 90188]"
110233,"[53140, 81368, 45345, 102123, 54329, 34981, 28470, 71156, 58118, 5657]"
110234,"[4654, 68305, 39337, 52688, 43220, 103586, 76503, 58391, 14258, 57083]"
110235,"[37888, 9783, 56598, 91635, 12111, 81126, 26545, 108901, 11380, 1397]"
110236,"[40968, 37187, 56926, 21348, 4566, 5719, 43660, 66819, 33484, 8071]"
110237,"[63310, 35158, 76566, 71332, 11341, 96636, 80034, 30384, 78561, 66535]"
110238,"[25659, 34595, 58384, 78172, 16299, 39881, 90822, 42950, 6280, 100162]"
110239,"[92178, 37441, 65547, 17790, 17370, 3468, 84616, 16423, 85870, 98148]"
110240,"[107795, 107749, 4013, 65466, 43297, 32069, 75485, 20573, 86874, 15653]"
110241,"[91160, 39478, 3188, 13908, 33541, 14554, 84009, 105851, 99755, 87935]"
110242,"[11560, 41781, 69477, 85832, 101617, 102800, 80634, 91761, 87337, 54177]"
110243,"[89436, 13228, 12397, 21345, 65121, 97318, 67400, 99287, 68232, 24316]"
110244,"[81820, 107261, 3195, 106157, 82334, 28164, 108684, 80754, 101291, 81399]"
110245,"[109433, 23032, 47043, 50477, 68590, 42181, 44831, 70546, 43531, 82804]"
110246,"[67952, 57389, 100789, 90647, 73484, 20481, 96475, 90139, 80123, 41999]"
110247,"[62841, 40746, 58479, 108971, 54564, 65966, 8422, 5261, 67283, 93231]"
110248,"[53869, 98085, 32185, 66450, 95257, 108872, 52225, 17063, 92051, 36739]"
110249,"[40792, 100964, 24672, 90991, 8308, 7371, 32342, 19203, 19935, 103931]"
110250,"[17070, 79537, 2456, 30710, 65179, 26159, 64059, 22908, 104100, 93715]"
110251,"[57546, 102958, 100515, 34675, 37601, 44778, 71626, 85913, 101277, 11908]"
110252,"[92929, 49069, 76297, 100462, 28768, 48312, 23426, 7989, 27291, 34588]"
110253,"[80132, 85544, 23018, 46934, 85555, 26729, 41946, 12245, 57080, 30032]"
110254,"[10324, 100102, 40948, 61416, 95788, 27052, 25835, 33398, 79476, 33346]"
110255,"[83723, 3964, 22196, 86237, 38430, 41900, 20046, 72506, 160, 19755]"
110256,"[95159, 88687, 17677, 62795, 73600, 59174, 90848, 36987, 32091, 11628]"
110257,"[20640, 77749, 107420, 41938, 86032, 97009, 70665, 72226, 23559, 17590]"
110258,"[37145, 69454, 88741, 69694, 68063, 57510, 87062, 1784, 56030, 59553]"
110259,"[11074, 43488, 61559, 61146, 49028, 49116, 60996, 33289, 79515, 1480]"
110260,"[94048, 95436, 4093, 72722, 92423, 15264, 53080, 61490, 14061, 39065]"
110261,"[26943, 17462, 100353, 66881, 50911, 44161, 26120, 19909, 81337, 6655]"
110262,"[46245, 5892, 47708, 89247, 93758, 34231, 76371, 61211, 60145, 79097]"
110263,"[48569, 40705, 102724, 91179, 89255, 63634, 15663, 67126, 73567, 76559]"
110264,"[31638, 32854, 107311, 69898, 2527, 50899, 57153, 22511, 79204, 346]"
110265,"[44942, 43678, 71510, 14, 82461, 50491, 75895, 37162, 67997, 66794]"
110266,"[6977, 73115, 94157, 72383, 55577, 97107, 27431, 36640, 90913, 15210]"
110267,"[66575, 51637, 32975, 17584, 42486, 12012, 81488, 75139, 39380, 21044]"
110268,"[77290, 15275, 82037, 7277, 24464, 2708, 3287, 30599, 94948, 70996]"
110269,"[64025, 13722, 86022, 99757, 14084, 87848, 90396, 2658, 44321, 108426]"
110270,"[86948, 69288, 92269, 22772, 88296, 94017, 22095, 50313, 31077, 102753]"
110271,"[23797, 73675, 29236, 84468, 44082, 73508, 49487, 79188, 21155, 21145]"
110272,"[20810, 52794, 104017, 104196, 77718, 94325, 15938, 28732, 28608, 69881]"
110273,"[6774, 24897, 62225, 13567, 50083, 6452, 108759, 58799, 19811, 102269]"
110274,"[21172, 43215, 9236, 62021, 56123, 72375, 98975, 62373, 41005, 2067]"
110275,"[6461, 71158, 4729, 11094, 45288, 50882, 81827, 82971, 30735, 41922]"
110276,"[45954, 61444, 45683, 28213, 60848, 15667, 48459, 6766, 9696, 5870]"
110277,"[35233, 23499, 74498, 101757, 104743, 34080, 93454, 74366, 2833, 17640]"
110278,"[51932, 15062, 100244, 50708, 73842, 58889, 30060, 83948, 46109, 82399]"
110279,"[8858, 102094, 105986, 21402, 81942, 108685, 48676, 104135, 20569, 97957]"
110280,"[64432, 106613, 55158, 46132, 73114, 96358, 62323, 79858, 31096, 34155]"
110281,"[58558, 41471, 52873, 98316, 107476, 15266, 94913, 6310, 81905, 108163]"
110282,"[85671, 35950, 88042, 36615, 53688, 70860, 38151, 79708, 43857, 86735]"
110283,"[91997, 46414, 46216, 100284, 47225, 106071, 31583, 102313, 87818, 46253]"
110284,"[37878, 44347, 86449, 39674, 15076, 25248, 81691, 4646, 25502, 24852]"
110285,"[77918, 21516, 84319, 49709, 81694, 4003, 29226, 74404, 70462, 15564]"
110286,"[98602, 12723, 42010, 85772, 74868, 65224, 55600, 41157, 57516, 103079]"
110287,"[26390, 11907, 42092, 101276, 82923, 62229, 54921, 83210, 95586, 62707]"
110288,"[1473, 46781, 99933, 75916, 14399, 74977, 53709, 7014, 80993, 61824]"
110289,"[17632, 95551, 65056, 69445, 94965, 85519, 57571, 86186, 70389, 73169]"
110290,"[54931, 102437, 89990, 63970, 10864, 28504, 68419, 95361, 86749, 9691]"
110291,"[101193, 18003, 61518, 108629, 94497, 71687, 40849, 88107, 1339, 53499]"
110292,"[46120, 66658, 81106, 8776, 94704, 76772, 50177, 20749, 16482, 23090]"
110293,"[91585, 37689, 35408, 33068, 105402, 97137, 106309, 62947, 1404, 71668]"
110294,"[91552, 11595, 85843, 79792, 44417, 34240, 12318, 35700, 16186, 106203]"
110295,"[30579, 87729, 55411, 77747, 100463, 529, 14031, 57171, 19782, 48260]"
110296,"[66363, 83034, 1209, 73053, 25749, 8040, 97972, 49549, 5031, 73085]"
110297,"[83713, 34338, 54060, 46712, 77269, 8275, 32044, 20562, 11885, 81551]"
110298,"[85584, 5581, 93421, 304, 74840, 106173, 924, 81957, 8212, 70115]"
110299,"[14342, 103936, 36775, 62749, 47665, 48727, 6078, 81237, 15756, 55719]"
110300,"[65972, 74456, 97948, 61688, 105688, 65088, 90071, 61835, 46749, 80191]"
110301,"[51245, 91489, 90338, 64371, 65628, 57681, 45892, 38499, 32513, 56358]"
110302,"[21357, 47823, 54862, 102710, 26550, 105146, 106736, 99, 69584, 48441]"
110303,"[21606, 108300, 75599, 33381, 62393, 86642, 65681, 8446, 30939, 86503]"
110304,"[83666, 7987, 97562, 95207, 73380, 12490, 103137, 12286, 52438, 74367]"
110305,"[11456, 74185, 46549, 47384, 97490, 7111, 59267, 98816, 29879, 75992]"
110306,"[100563, 56132, 78178, 62145, 78739, 18807, 26528, 23051, 70569, 107077]"
110307,"[7500, 89125, 31083, 88835, 6976, 65094, 20872, 95488, 22021, 24749]"
110308,"[91986, 55062, 57260, 58253, 66157, 88960, 95118, 1204, 61920, 25219]"
110309,"[40104, 92726, 2146, 38324, 35883, 96119, 45465, 78037, 22135, 87419]"
110310,"[106668, 13252, 28600, 81379, 103970, 32656, 32977, 29648, 101400, 61]"
110311,"[49265, 36967, 54113, 58242, 40730, 85947, 67926, 82198, 75934, 7172]"
110312,"[33892, 65160, 105300, 103049, 49728, 65945, 92140, 80089, 86448, 13585]"
110313,"[18791, 8451, 98802, 66074, 39959, 64731, 65148, 40940, 100372, 95075]"
110314,"[10020, 17085, 91171, 57895, 80832, 15699, 81891, 104707, 92395, 73712]"
110315,"[43068, 64498, 43042, 45042, 106659, 17103, 107502, 43557, 102373, 35363]"
110316,"[80632, 84788, 92465, 85574, 90799, 63107, 51458, 29224, 54232, 53624]"
110317,"[81830, 42874, 62555, 65743, 87705, 80940, 107375, 64872, 14931, 87656]"
110318,"[51059, 106208, 5006, 53663, 21268, 3025, 53439, 84017, 84449, 23848]"
110319,"[22369, 109032, 74393, 95147, 62588, 21200, 16238, 91207, 30395, 67479]"
110320,"[9612, 10054, 26589, 75343, 41907, 23692, 45146, 82105, 12067, 61673]"
110321,"[59419, 104822, 14335, 15570, 23456, 34268, 78492, 94408, 105082, 80703]"
110322,"[15021, 75875, 70983, 29295, 103998, 78553, 95118, 24894, 32215, 69986]"
110323,"[8910, 11052, 79830, 20809, 97548, 52593, 100587, 72955, 5617, 57202]"
110324,"[106194, 33355, 869, 77101, 9222, 20007, 91180, 107590, 47465, 17126]"
110325,"[11173, 46707, 95149, 65357, 3709, 36142, 56437, 106832, 20455, 59919]"
110326,"[54771, 21401, 30677, 66415, 70328, 36084, 15410, 10449, 52769, 75793]"
110327,"[39208, 90346, 36317, 19348, 35568, 54088, 63059, 46813, 20412, 30618]"
110328,"[74371, 88115, 101485, 76258, 87950, 98632, 51733, 99281, 45304, 79179]"
110329,"[19567, 9563, 89083, 86705, 25970, 82139, 59522, 26075, 18381, 73589]"
110330,"[45598, 83233, 33666, 7222, 103799, 26370, 65753, 35352, 69663, 9695]"
110331,"[35730, 37407, 11956, 7577, 23350, 3942, 54339, 84426, 11503, 32096]"
110332,"[723, 54928, 30566, 22554, 6681, 66648, 73806, 17961, 55570, 50810]"
110333,"[20799, 49726, 107920, 28111, 65310, 88685, 91794, 77962, 24811, 9115]"
110334,"[72791, 7680, 75902, 104611, 52711, 21139, 90409, 7777, 18671, 87959]"
110335,"[14436, 15803, 108117, 31239, 72763, 42977, 13878, 70181, 30371, 93638]"
110336,"[71043, 84278, 87535, 65170, 73098, 44677, 92941, 10610, 83795, 48689]"
110337,"[28311, 75086, 76179, 63185, 25514, 42936, 24185, 30789, 75647, 57209]"
110338,"[75706, 109534, 57886, 52573, 105491, 103887, 51813, 8093, 97901, 104749]"
110339,"[67626, 105490, 97573, 83477, 94920, 87478, 14167, 40377, 16062, 12989]"
110340,"[48780, 6128, 33528, 75098, 83838, 89472, 40424, 53151, 5253, 27983]"
110341,"[62331, 108423, 75324, 10432, 91355, 12334, 66052, 63344, 109454, 41330]"
110342,"[19329, 9244, 75316, 980, 54697, 41027, 34433, 6630, 25795, 69663]"
110343,"[82707, 104679, 95287, 7255, 28962, 38864, 45530, 66422, 78170, 52212]"
110344,"[44818, 18556, 43851, 91431, 44857, 107567, 19515, 26235, 66204, 81333]"
110345,"[67444, 36990, 66163, 21083, 66878, 59438, 103, 9129, 30807, 24196]"
110346,"[1073, 101311, 67108, 69401, 99614, 89462, 59161, 38463, 108864, 2846]"
110347,"[49273, 67464, 33364, 20404, 67557, 23923, 33885, 14518, 46799, 48936]"
110348,"[79499, 86391, 13108, 93631, 80050, 89300, 36629, 48025, 73538, 108866]"
110349,"[93642, 5969, 53845, 43417, 91211, 365, 100346, 12556, 42167, 20555]"
110350,"[13202, 79222, 76608, 76477, 8166, 83835, 80586, 19416, 91598, 10680]"
110351,"[35384, 108641, 31272, 22434, 30357, 30040, 97079, 67026, 53247, 56422]"
110352,"[93452, 81584, 99584, 3335, 87931, 94158, 72849, 91957, 65849, 44728]"
110353,"[50505, 99748, 68969, 48209, 8761, 40609, 8571, 28351, 1064, 19024]"
110354,"[28795, 59504, 53503, 32903, 67768, 77688, 21324, 37617, 95257, 53790]"
110355,"[98312, 53995, 72062, 76370, 93522, 100940, 35911, 59555, 73784, 71371]"
110356,"[33377, 59848, 36926, 80877, 81388, 14659, 82947, 63727, 53407, 22376]"
110357,"[94279, 100353, 78148, 77554, 71847, 86831, 99811, 100955, 50911, 8869]"
110358,"[68824, 92678, 90809, 79524, 45234, 49284, 83473, 27294, 76361, 70533]"
110359,"[52293, 3007, 245, 43244, 87790, 17372, 75759, 37355, 55220, 99215]"
110360,"[13571, 101059, 56200, 97373, 95909, 37454, 20519, 2353, 92558, 98566]"
110361,"[32619, 23708, 49592, 41492, 73977, 1339, 61674, 88107, 52250, 98493]"
110362,"[106498, 77647, 7031, 94273, 43947, 30350, 81507, 104957, 95630, 95117]"
110363,"[2533, 99030, 31485, 88093, 45275, 34649, 17035, 49239, 84688, 60579]"
110364,"[30275, 11445, 70951, 50733, 104379, 61963, 57416, 15545, 1303, 69564]"
110365,"[9709, 91310, 96480, 70947, 23247, 62465, 48208, 22039, 71549, 28209]"
110366,"[53008, 70297, 85337, 106917, 61695, 80954, 93357, 31937, 11297, 60938]"
110367,"[84839, 15447, 75809, 1949, 91581, 71681, 54133, 73533, 21030, 67159]"
110368,"[98006, 9761, 44226, 42957, 12268, 108309, 3961, 75202, 63572, 7367]"
110369,"[78229, 52180, 12851, 10553, 82592, 15020, 67170, 77638, 65402, 64959]"
110370,"[9957, 13618, 103171, 27958, 74715, 85804, 78267, 42272, 14010, 69983]"
110371,"[39682, 9835, 41467, 17251, 97377, 34398, 84013, 68466, 77051, 4240]"
110372,"[50238, 17152, 89634, 57644, 23717, 27146, 92392, 92042, 106553, 32420]"
110373,"[70891, 52269, 37178, 77777, 60158, 18600, 12072, 93663, 97482, 107023]"
110374,"[83714, 88462, 78407, 56524, 5021, 98821, 56035, 77528, 93726, 12274]"
110375,"[68267, 36367, 20342, 36467, 94203, 107798, 102574, 53040, 45335, 1085]"
110376,"[59399, 13333, 85705, 105358, 18724, 16971, 106658, 26677, 104761, 28131]"
110377,"[101987, 28977, 49532, 67220, 107534, 20379, 97997, 38339, 63708, 44481]"
110378,"[58614, 26543, 58164, 3829, 85829, 15679, 69362, 14683, 76267, 3532]"
110379,"[7264, 71972, 3553, 108519, 95304, 75750, 48686, 37522, 38535, 90803]"
110380,"[8361, 99644, 11426, 83028, 90532, 108291, 21188, 14197, 92549, 24064]"
110381,"[14457, 22616, 29615, 89972, 61037, 34308, 77417, 15454, 55040, 37989]"
110382,"[109748, 40091, 76762, 11519, 69894, 51627, 7224, 52654, 84031, 15347]"
110383,"[104060, 64642, 30306, 56169, 56051, 48686, 66272, 46054, 53872, 94160]"
110384,"[65083, 59442, 145, 4954, 41218, 8560, 73474, 89285, 89529, 92378]"
110385,"[103067, 54712, 94512, 46772, 38590, 100671, 94559, 72028, 56665, 21977]"
110386,"[78032, 79782, 97749, 31351, 45707, 80618, 7200, 94425, 39324, 99321]"
110387,"[48124, 56844, 79682, 8626, 67575, 30856, 19730, 67113, 96903, 79930]"
110388,"[28103, 29361, 78195, 101900, 6335, 22499, 37416, 97373, 58047, 31390]"
110389,"[18886, 81135, 74754, 6336, 94703, 37955, 18475, 38713, 83203, 29877]"
110390,"[106376, 44275, 7723, 109707, 5241, 64424, 46592, 83544, 98640, 26857]"
110391,"[15552, 19740, 31006, 89044, 83703, 85141, 87491, 104529, 40497, 95124]"
110392,"[64839, 61088, 58905, 18997, 47892, 25355, 86427, 3052, 68552, 60831]"
110393,"[97935, 905, 99997, 11411, 22825, 67115, 29185, 88812, 81810, 1609]"
110394,"[10743, 7198, 103190, 56449, 19513, 70955, 92674, 37326, 56285, 52067]"
110395,"[15415, 70472, 54188, 13465, 79079, 86291, 75699, 76369, 16408, 88326]"
110396,"[22532, 74670, 51501, 20253, 70859, 73151, 93336, 4532, 95783, 576]"
110397,"[68965, 76450, 11494, 1701, 103794, 25700, 108540, 91577, 18881, 60531]"
110398,"[7659, 21799, 13134, 24460, 52391, 35463, 34609, 2954, 37503, 37665]"
110399,"[57622, 63356, 87522, 43599, 87670, 14018, 46895, 34550, 25867, 37713]"
110400,"[78339, 40050, 7645, 34338, 77707, 58220, 84443, 30524, 22227, 18522]"
110401,"[6253, 68102, 50818, 96027, 47918, 65709, 40195, 24300, 60246, 71776]"
110402,"[70835, 38083, 103637, 107055, 24861, 17406, 65503, 29774, 71838, 40518]"
110403,"[102041, 68014, 26588, 35545, 57527, 42761, 109496, 78093, 15693, 64758]"
110404,"[30456, 50941, 71699, 67325, 91335, 92712, 46267, 98433, 74652, 34077]"
110405,"[88114, 81216, 29619, 66709, 35856, 102032, 16125, 75444, 93972, 98857]"
110406,"[60847, 99089, 53380, 59786, 37291, 79146, 34554, 100510, 100066, 80376]"
110407,"[87448, 94426, 105646, 74640, 66621, 107637, 85303, 77498, 34110, 85971]"
110408,"[41927, 78694, 76684, 55453, 38376, 33753, 13782, 50787, 39933, 100358]"
110409,"[10772, 48529, 22715, 67141, 68819, 77262, 37138, 21247, 9909, 76148]"
110410,"[23528, 103246, 58924, 74910, 3878, 17047, 18867, 39798, 72707, 36104]"
110411,"[30779, 95084, 95691, 95098, 91193, 94580, 65624, 74712, 54368, 29096]"
110412,"[46045, 88964, 81377, 70411, 97398, 103071, 52996, 42612, 54982, 16882]"
110413,"[8446, 68754, 86642, 40536, 8109, 74557, 70150, 64087, 61199, 21606]"
110414,"[2545, 41924, 38431, 69159, 35276, 29062, 95050, 51345, 3724, 38642]"
110415,"[79167, 79639, 64036, 14101, 71565, 95145, 84084, 109686, 30091, 99386]"
110416,"[84277, 52830, 8828, 9259, 20024, 72759, 28270, 20525, 709, 34054]"
110417,"[51804, 99390, 2594, 31800, 71882, 82667, 72154, 52006, 67692, 61715]"
110418,"[66532, 51154, 85304, 68545, 33023, 109506, 37386, 85771, 54639, 76062]"
110419,"[12431, 57132, 155, 58296, 73186, 3851, 102662, 42274, 62422, 84195]"
110420,"[98268, 34341, 108860, 46064, 45730, 56857, 67680, 34971, 37542, 28910]"
110421,"[95812, 26183, 88561, 36507, 32449, 91611, 19359, 78652, 96430, 8]"
110422,"[46375, 93710, 89468, 4012, 47162, 75894, 87299, 18878, 20296, 53618]"
110423,"[60097, 108964, 55976, 1713, 83610, 55414, 19790, 4457, 42250, 43155]"
110424,"[44058, 79007, 97358, 61298, 73026, 87797, 6002, 7630, 52630, 39369]"
110425,"[53560, 65071, 39439, 39481, 15244, 42771, 105350, 100503, 30911, 101138]"
110426,"[88443, 57598, 90420, 61193, 39730, 45321, 30062, 3054, 3150, 6173]"
110427,"[86058, 84955, 27569, 34743, 72427, 34490, 16326, 37552, 60146, 98717]"
110428,"[44106, 81438, 79438, 98085, 8793, 67465, 63437, 4304, 65423, 88550]"
110429,"[90279, 34755, 68019, 49646, 44951, 108627, 15734, 45589, 101363, 88415]"
110430,"[9437, 84808, 15980, 43737, 8351, 102053, 104634, 104168, 4111, 88029]"
110431,"[1128, 59100, 98506, 80892, 32142, 27994, 41478, 90602, 27265, 86902]"
110432,"[40830, 62774, 75879, 38770, 70307, 80203, 12689, 18238, 47177, 24082]"
110433,"[37389, 76539, 61924, 59898, 74327, 53909, 48697, 2656, 47013, 4153]"
110434,"[4425, 74348, 63973, 8025, 13891, 108029, 83449, 51442, 98048, 64917]"
110435,"[42896, 77616, 104971, 34456, 104368, 32035, 22370, 90243, 60874, 26090]"
110436,"[108360, 27054, 98611, 15610, 77913, 59538, 51836, 73295, 16341, 40635]"
110437,"[48116, 26426, 42190, 48688, 80074, 2415, 104465, 90911, 27850, 14792]"
110438,"[103439, 52813, 60590, 35098, 50914, 13143, 98691, 39671, 28689, 1689]"
110439,"[9494, 8546, 39030, 5623, 8300, 99818, 84297, 103044, 74123, 44375]"
110440,"[18326, 53833, 22222, 48229, 104728, 79995, 50593, 6923, 37369, 96158]"
110441,"[35547, 13800, 86044, 11996, 71844, 39399, 54905, 31181, 95674, 108498]"
110442,"[62675, 70322, 76691, 3043, 59712, 48126, 91372, 51767, 22758, 63723]"
110443,"[72035, 14894, 72481, 35906, 51118, 40869, 86603, 40967, 87591, 59611]"
110444,"[43765, 103804, 74274, 92569, 508, 13061, 80284, 77509, 41617, 43604]"
110445,"[82832, 78004, 37062, 5827, 96284, 24706, 109249, 65257, 72549, 4658]"
110446,"[24708, 14978, 31179, 106928, 31782, 42853, 93760, 77680, 40549, 35299]"
110447,"[39129, 43053, 61031, 20974, 73217, 105252, 75843, 46222, 1235, 43524]"
110448,"[44363, 93901, 11294, 26555, 18320, 2671, 9044, 77064, 22693, 84427]"
110449,"[64853, 50059, 912, 13449, 14236, 27462, 82044, 92516, 7137, 17560]"
110450,"[60784, 25688, 92975, 90010, 50522, 64298, 75335, 81645, 80834, 34276]"
110451,"[33972, 27374, 82417, 89457, 45547, 35184, 78837, 43056, 100068, 109227]"
110452,"[64735, 71923, 4296, 8066, 102188, 76468, 72739, 44316, 49167, 27409]"
110453,"[84235, 27116, 79281, 59651, 33245, 78293, 79497, 84686, 13349, 69479]"
110454,"[3483, 32280, 12370, 59062, 42650, 94960, 38441, 33128, 34979, 11849]"
110455,"[42216, 90700, 47303, 2677, 86260, 18536, 103430, 19954, 24009, 72483]"
110456,"[25804, 87116, 41751, 4140, 84944, 81226, 45945, 44072, 104574, 80370]"
110457,"[106040, 76356, 87911, 77489, 94773, 48265, 82192, 81323, 108384, 2031]"
110458,"[10882, 18169, 72043, 65439, 96923, 14004, 9388, 66004, 88846, 22611]"
110459,"[21624, 7447, 97940, 45445, 68609, 3951, 59029, 57736, 727, 97089]"
110460,"[16057, 48535, 18157, 11100, 7761, 67169, 57579, 41007, 99197, 56583]"
110461,"[33172, 4633, 23890, 48302, 44171, 6060, 7188, 62771, 35873, 109391]"
110462,"[53408, 4653, 45997, 63965, 84118, 8018, 32611, 59533, 21149, 135]"
110463,"[18078, 79645, 68930, 45834, 21768, 21025, 93192, 33820, 6757, 41040]"
110464,"[78084, 75047, 77884, 61945, 1232, 108798, 822, 2584, 94000, 17678]"
110465,"[2757, 55165, 55217, 17339, 79505, 17065, 20531, 35097, 108590, 28223]"
110466,"[81935, 82048, 5246, 45782, 81063, 37971, 107393, 29917, 13856, 47334]"
110467,"[19601, 104637, 93159, 97681, 61413, 73554, 103075, 41162, 12408, 80576]"
110468,"[52054, 18026, 100473, 50053, 29475, 42225, 79907, 73817, 89135, 59796]"
110469,"[45345, 102123, 22533, 77990, 53140, 64007, 40600, 14095, 68527, 53855]"
110470,"[83523, 88210, 50843, 58643, 73823, 7181, 18341, 105594, 31457, 52469]"
110471,"[63024, 33116, 13365, 46618, 24800, 95063, 107279, 38456, 10785, 82586]"
110472,"[44946, 47417, 14734, 89667, 77764, 4774, 75867, 50194, 76624, 14055]"
110473,"[77397, 66195, 26178, 37009, 32774, 88208, 76637, 87270, 86573, 68230]"
110474,"[22877, 79546, 69212, 87677, 53841, 65857, 100790, 4008, 96631, 93097]"
110475,"[5686, 10389, 26651, 2283, 42888, 7562, 108265, 59890, 65812, 59008]"
110476,"[47385, 68157, 8947, 23329, 8207, 52189, 37008, 1632, 41186, 14289]"
110477,"[95754, 51661, 10074, 88477, 31296, 83026, 5999, 75590, 107142, 69368]"
110478,"[64792, 42499, 49172, 31136, 107484, 67130, 90327, 4505, 30285, 24124]"
110479,"[35429, 46880, 84591, 15876, 79620, 83999, 41207, 104229, 67576, 31008]"
110480,"[1817, 8039, 22114, 91127, 40771, 98576, 85045, 99070, 107529, 34055]"
110481,"[95397, 26907, 36766, 36810, 75477, 28189, 80861, 31449, 82187, 15070]"
110482,"[26384, 69225, 73294, 6005, 12973, 49523, 39145, 54911, 37830, 67003]"
110483,"[76395, 88443, 45321, 59119, 89170, 30062, 60822, 101379, 34884, 4009]"
110484,"[23221, 10927, 21117, 13416, 67193, 57646, 17912, 17767, 8488, 77067]"
110485,"[93939, 56091, 29930, 95030, 36561, 100312, 7983, 78064, 99475, 17348]"
110486,"[66096, 69500, 57709, 103750, 49924, 31910, 61970, 78262, 5681, 52219]"
110487,"[79962, 60382, 58595, 33746, 19639, 81597, 35361, 96387, 51385, 95594]"
110488,"[4101, 43883, 33888, 23034, 55143, 26587, 62358, 47863, 48587, 54684]"
110489,"[77856, 74742, 34577, 65475, 49039, 57076, 60031, 70805, 73932, 104530]"
110490,"[60865, 16853, 98929, 107466, 105576, 86340, 35711, 35569, 4721, 55770]"
110491,"[94777, 76502, 74528, 87906, 92504, 44062, 17771, 52070, 32553, 96309]"
110492,"[29291, 97901, 41564, 96346, 99768, 34595, 75983, 28554, 105613, 103484]"
110493,"[67463, 213, 44065, 31587, 29661, 38428, 43166, 95368, 61180, 3439]"
110494,"[55058, 78024, 100039, 13978, 32838, 42068, 13704, 85960, 96375, 81899]"
110495,"[81572, 103506, 53471, 89071, 11501, 15594, 31393, 103503, 64341, 93232]"
110496,"[40181, 89146, 63436, 405, 84229, 105831, 97463, 6996, 83157, 108340]"
110497,"[24044, 73731, 15171, 108597, 24097, 38176, 21053, 67736, 75218, 87064]"
110498,"[35820, 32395, 80496, 51453, 55297, 49130, 22704, 107454, 52298, 174]"
110499,"[44589, 49340, 95149, 86959, 59345, 108559, 64745, 37470, 19630, 76436]"
110500,"[46814, 104022, 34785, 46846, 7559, 103355, 65023, 61171, 88253, 103242]"
110501,"[8614, 5305, 61930, 86621, 148, 99108, 77646, 78126, 85698, 109117]"
110502,"[48131, 42566, 4174, 71991, 72331, 49033, 92719, 26716, 37519, 1074]"
110503,"[30707, 1712, 21449, 62768, 35871, 65703, 1295, 15673, 67959, 58394]"
110504,"[2389, 82521, 49269, 77423, 48058, 97412, 57533, 93955, 11058, 619]"
110505,"[9004, 79468, 54655, 4629, 90816, 16877, 36214, 93000, 62951, 104218]"
110506,"[58969, 80164, 47021, 34840, 82211, 1007, 29572, 18709, 36605, 99095]"
110507,"[98859, 59197, 17304, 96678, 60187, 88445, 22260, 8794, 14938, 53450]"
110508,"[81569, 11380, 16142, 55038, 25834, 3712, 37761, 54212, 86183, 62118]"
110509,"[78837, 43056, 82417, 33972, 45547, 35184, 93788, 23826, 52230, 20524]"
110510,"[61003, 31073, 35682, 20965, 31777, 44591, 54629, 37295, 76017, 29892]"
110511,"[49483, 14760, 100470, 68841, 71587, 10541, 26060, 18448, 73980, 16284]"
110512,"[106051, 95625, 57226, 43692, 62154, 68075, 95744, 16622, 88446, 12155]"
110513,"[19133, 15916, 30882, 28219, 106600, 94779, 63507, 36994, 51573, 103620]"
110514,"[67081, 20350, 36554, 36533, 42182, 103110, 75437, 52918, 95791, 77256]"
110515,"[27117, 22144, 57176, 69131, 70340, 69528, 84577, 97486, 17051, 16795]"
110516,"[79433, 101210, 65875, 31171, 33960, 19444, 43454, 95163, 57730, 75743]"
110517,"[72744, 101030, 42477, 1365, 56756, 88328, 91795, 39452, 38825, 49098]"
110518,"[49864, 47686, 103873, 20771, 38110, 66824, 6197, 51969, 54573, 50415]"
110519,"[90022, 85064, 74762, 67437, 29740, 80616, 44236, 21591, 1043, 109068]"
110520,"[11952, 18139, 80140, 4280, 18978, 55522, 9603, 32900, 75668, 57977]"
110521,"[12332, 80283, 10708, 9531, 104944, 59472, 19247, 107634, 32779, 86130]"
110522,"[105631, 19442, 52943, 35044, 71512, 90504, 45789, 61283, 13768, 100201]"
110523,"[58679, 54745, 54322, 104398, 8634, 95466, 92315, 11831, 64554, 102019]"
110524,"[76178, 66442, 62632, 38513, 103192, 87509, 50253, 52396, 4513, 24769]"
110525,"[15467, 8887, 67525, 1139, 22140, 82172, 90502, 51420, 45199, 4505]"
110526,"[69539, 27687, 28079, 81616, 4216, 29153, 103386, 102624, 74453, 53931]"
110527,"[97282, 10526, 57528, 33713, 89360, 38450, 30640, 66598, 29401, 38686]"
110528,"[80411, 84208, 32952, 100052, 89211, 39035, 86004, 103784, 19020, 22582]"
110529,"[91242, 100236, 102929, 781, 29489, 54020, 23354, 105035, 37401, 64031]"
110530,"[59459, 33402, 15694, 70841, 80416, 9747, 27097, 94529, 49102, 52491]"
110531,"[27410, 63937, 7842, 86145, 44738, 66470, 44132, 37177, 85327, 44601]"
110532,"[29397, 3325, 38447, 70455, 68892, 6475, 6907, 60528, 10319, 16047]"
110533,"[81119, 53738, 102498, 70331, 44060, 106278, 11660, 100159, 50902, 42120]"
110534,"[62067, 65299, 47292, 77138, 66151, 20871, 103781, 27069, 52016, 34295]"
110535,"[76626, 92550, 2715, 94669, 93577, 73397, 39084, 57347, 83777, 36729]"
110536,"[36757, 54815, 100471, 106000, 104569, 73870, 18731, 9879, 75825, 59780]"
110537,"[41751, 84944, 81226, 47153, 44072, 56350, 47849, 18711, 24167, 38453]"
110538,"[36998, 22076, 72, 38099, 59297, 72571, 91647, 90181, 95648, 98757]"
110539,"[37347, 70378, 108905, 71195, 29628, 98387, 26343, 59618, 75377, 65861]"
110540,"[66106, 37343, 64332, 28147, 89747, 95359, 41191, 107499, 75487, 75685]"
110541,"[104808, 72391, 99715, 82063, 35827, 105931, 68008, 19875, 11677, 60287]"
110542,"[247, 52167, 64723, 41761, 45789, 100518, 28547, 87199, 95196, 33199]"
110543,"[71869, 103652, 65829, 31013, 66675, 58701, 48251, 13665, 32861, 56447]"
110544,"[55683, 35048, 8790, 1413, 14005, 99123, 78029, 35136, 43277, 69480]"
110545,"[51937, 64982, 38661, 81282, 99400, 25011, 60672, 16319, 86403, 18581]"
110546,"[29550, 61167, 39133, 97559, 99882, 22687, 69816, 20167, 68749, 106305]"
110547,"[63253, 96525, 90020, 82322, 82206, 53335, 86087, 34558, 94110, 41976]"
110548,"[10616, 64209, 104061, 97479, 63970, 10864, 16507, 13256, 6793, 108339]"
110549,"[20076, 75422, 31119, 66174, 78594, 46080, 42909, 107137, 67755, 9172]"
110550,"[91964, 19780, 50685, 104170, 49145, 103822, 15863, 104696, 32820, 65147]"
110551,"[45385, 11111, 84007, 88702, 166, 60770, 19996, 102685, 90273, 108136]"
110552,"[65988, 86906, 97444, 73363, 23399, 37229, 77183, 57855, 62601, 76314]"
110553,"[99349, 706, 54268, 4798, 95040, 92995, 90687, 30736, 1606, 101094]"
110554,"[34251, 80465, 71482, 44101, 48672, 13029, 24263, 95324, 96714, 12211]"
110555,"[5732, 8718, 98964, 103895, 51279, 1580, 47203, 78521, 6125, 48251]"
110556,"[59696, 23463, 108171, 21374, 102888, 64455, 4134, 24655, 66544, 30591]"
110557,"[4303, 81738, 81219, 27158, 89755, 107892, 18030, 48748, 34566, 48491]"
110558,"[41188, 39483, 64976, 1685, 36551, 33341, 76269, 106739, 66234, 87099]"
110559,"[98929, 107466, 35711, 104259, 31243, 36204, 15165, 22983, 70388, 60865]"
110560,"[8710, 56374, 60843, 49653, 16166, 34163, 102160, 62862, 58841, 87233]"
110561,"[55252, 80715, 19450, 107460, 55878, 74953, 55127, 21813, 8372, 82]"
110562,"[27003, 71357, 65528, 52667, 25011, 77454, 83703, 74916, 107940, 50529]"
110563,"[20196, 34461, 67560, 39028, 53906, 68500, 11091, 62000, 65200, 36613]"
110564,"[101119, 93232, 93697, 9170, 88742, 13668, 92294, 10425, 33518, 26148]"
110565,"[69778, 3475, 36513, 16936, 69015, 5222, 108008, 97548, 6115, 7934]"
110566,"[74927, 96627, 30000, 64783, 61937, 48658, 78730, 63402, 29706, 97363]"
110567,"[84523, 61673, 8403, 96030, 12761, 44440, 9612, 57927, 73616, 62546]"
110568,"[85210, 73414, 44028, 10445, 54642, 71345, 104348, 105027, 75661, 82900]"
110569,"[10256, 44263, 78926, 56603, 41823, 56132, 43044, 58787, 87685, 22941]"
110570,"[8551, 109086, 29661, 93767, 56606, 78131, 31587, 104731, 91958, 10249]"
110571,"[96986, 105139, 47710, 3057, 31254, 810, 97278, 42123, 31985, 3598]"
110572,"[99701, 94246, 89110, 45003, 11476, 10657, 38944, 58442, 109304, 67171]"
110573,"[2009, 47093, 53463, 40198, 66913, 4610, 100858, 51266, 31385, 25299]"
110574,"[31720, 71693, 44653, 77684, 24650, 79861, 31778, 45772, 1430, 24072]"
110575,"[38432, 59873, 63326, 49528, 107205, 31256, 109386, 30771, 85942, 23706]"
110576,"[44903, 49322, 10379, 8611, 48783, 14685, 39181, 4955, 65284, 103471]"
110577,"[57982, 15798, 53218, 3769, 80645, 22585, 2959, 43380, 76586, 4453]"
110578,"[75536, 49944, 73267, 89964, 67932, 26282, 925, 48353, 12752, 50903]"
110579,"[101189, 89336, 79104, 94082, 79570, 51946, 101509, 50953, 98512, 21028]"
110580,"[76835, 41971, 2238, 30771, 25417, 68013, 82380, 87056, 54698, 87862]"
110581,"[8958, 40913, 34951, 49318, 38325, 94949, 54751, 7318, 73518, 107911]"
110582,"[99481, 79509, 13348, 27076, 62483, 64269, 42677, 25327, 70392, 86661]"
110583,"[60318, 104409, 71846, 74567, 86081, 68399, 99815, 87364, 79661, 100165]"
110584,"[89320, 96911, 37729, 66495, 47763, 76043, 51694, 96944, 25775, 84791]"
110585,"[106928, 65758, 91690, 24099, 24708, 16559, 2968, 39198, 75980, 42052]"
110586,"[62776, 34705, 86626, 20304, 38882, 69396, 107389, 67667, 16942, 18897]"
110587,"[20468, 38570, 17158, 73963, 22922, 104551, 22266, 98412, 43921, 68676]"
110588,"[58830, 28868, 19360, 95200, 41668, 34676, 76639, 88886, 103317, 86082]"
110589,"[50043, 44822, 1251, 106781, 35582, 57299, 102837, 25064, 14177, 4870]"
110590,"[47352, 53946, 7982, 96794, 11147, 52581, 9955, 52196, 103476, 85946]"
110591,"[63033, 108961, 35959, 14325, 80708, 82853, 11985, 64036, 109686, 6437]"
110592,"[40666, 1543, 23321, 47538, 72717, 94206, 49692, 24576, 42768, 102743]"
110593,"[15974, 44707, 1062, 102372, 3281, 67572, 92955, 75756, 59989, 4246]"
110594,"[48652, 101082, 48822, 86968, 56320, 42437, 44092, 23776, 57697, 24425]"
110595,"[103307, 77715, 26706, 12209, 9876, 106376, 37656, 10723, 27330, 44475]"
110596,"[7589, 52330, 83495, 79498, 99365, 66929, 39479, 39879, 10337, 80053]"
110597,"[5343, 66791, 68243, 20118, 102577, 58556, 90025, 43778, 72294, 109509]"
110598,"[83251, 12231, 104782, 94827, 24899, 52400, 6243, 17614, 16437, 89020]"
110599,"[78584, 22932, 69665, 6224, 104490, 52122, 29871, 49406, 77624, 6015]"
110600,"[104072, 43569, 20856, 48919, 46398, 8689, 69835, 52303, 80575, 22230]"
110601,"[17692, 37201, 68131, 1873, 7157, 45420, 19380, 91919, 8931, 60046]"
110602,"[93320, 70621, 44784, 58520, 56494, 96384, 91458, 17289, 56240, 37979]"
110603,"[99966, 13121, 31394, 37059, 89596, 61430, 98111, 72209, 2063, 45405]"
110604,"[90648, 45499, 86856, 101954, 72527, 76493, 41229, 32078, 38887, 28463]"
110605,"[53908, 82118, 92930, 89016, 23800, 13712, 62362, 9850, 105708, 36253]"
110606,"[24656, 80074, 51410, 35666, 14900, 22272, 85592, 80198, 106897, 102000]"
110607,"[75496, 2683, 96365, 42887, 66760, 37334, 91851, 69008, 55197, 52589]"
110608,"[99845, 16772, 58428, 76105, 47265, 41762, 2796, 53612, 30541, 94018]"
110609,"[10967, 70187, 20036, 45868, 34512, 72250, 97832, 95182, 9959, 92657]"
110610,"[59540, 54330, 194, 65976, 58028, 99964, 64032, 72985, 64193, 99108]"
110611,"[98346, 9528, 19238, 63768, 61883, 4190, 37281, 77122, 58266, 52263]"
110612,"[73904, 39959, 22589, 58720, 28754, 81751, 88554, 41070, 38471, 30397]"
110613,"[47293, 102256, 61961, 18026, 24863, 67306, 23877, 80942, 25296, 82264]"
110614,"[24145, 20805, 1503, 96608, 43760, 36972, 21930, 53406, 17721, 97600]"
110615,"[91670, 24296, 79527, 59709, 8062, 22863, 20715, 86167, 27049, 70010]"
110616,"[33942, 8855, 30430, 4088, 31784, 1723, 370, 14165, 89406, 79102]"
110617,"[79364, 70291, 36327, 5147, 104331, 30124, 16003, 31544, 5785, 653]"
110618,"[27076, 70453, 103874, 61506, 13003, 70392, 9154, 26705, 62483, 62202]"
110619,"[13487, 59973, 78824, 3556, 4016, 92151, 33427, 71979, 104252, 43695]"
110620,"[48104, 70939, 105701, 45026, 30927, 90702, 50486, 106613, 104032, 48488]"
110621,"[47211, 78443, 84078, 36296, 60748, 7913, 103295, 80798, 69967, 10400]"
110622,"[95687, 78104, 54446, 78185, 18198, 10611, 11769, 50428, 71061, 103128]"
110623,"[76048, 73236, 32959, 60944, 18054, 26912, 78363, 81537, 41145, 86583]"
110624,"[43853, 26234, 6884, 1998, 36994, 9160, 85113, 60342, 65871, 93874]"
110625,"[30133, 46636, 99479, 41566, 30631, 78610, 86897, 61910, 36708, 83857]"
110626,"[41888, 77250, 85730, 87780, 79006, 82178, 44497, 105885, 60668, 10472]"
110627,"[37599, 56822, 93697, 91650, 3444, 87534, 19738, 87657, 28037, 72369]"
110628,"[19085, 69533, 95264, 74498, 23499, 86673, 11788, 29853, 66065, 49197]"
110629,"[18959, 19954, 104590, 91661, 44096, 3806, 47255, 107287, 15951, 68099]"
110630,"[54948, 66921, 10809, 57726, 42000, 54901, 77412, 79245, 29250, 79439]"
110631,"[28303, 16842, 68307, 49914, 15762, 70186, 11571, 74066, 105902, 22658]"
110632,"[10498, 60403, 78103, 6065, 60652, 22190, 817, 97606, 93708, 78458]"
110633,"[25544, 96558, 7440, 19246, 80517, 105872, 95816, 86962, 86193, 100441]"
110634,"[15712, 2818, 20250, 2455, 492, 68548, 9087, 59973, 13006, 99557]"
110635,"[104111, 62417, 50025, 32555, 85764, 75870, 24307, 107947, 67331, 71984]"
110636,"[30292, 59673, 79186, 41876, 9164, 83964, 17669, 71157, 85331, 47840]"
110637,"[71451, 19882, 74092, 59468, 8726, 91845, 1224, 17851, 108422, 105896]"
110638,"[18182, 38789, 59464, 7448, 43309, 16038, 63626, 22796, 57333, 59216]"
110639,"[48943, 20102, 73603, 57377, 41084, 63679, 22404, 5606, 43803, 39189]"
110640,"[7554, 4035, 721, 51565, 68584, 36001, 97405, 88714, 3837, 23646]"
110641,"[76743, 64963, 79544, 41405, 49312, 70168, 43565, 94008, 2462, 8047]"
110642,"[2192, 101594, 76302, 5033, 105585, 75238, 11648, 106855, 91620, 71864]"
110643,"[50010, 48115, 82276, 98, 23887, 79912, 35757, 75608, 56767, 81808]"
110644,"[1814, 105124, 10362, 9927, 45515, 88040, 18778, 61729, 94183, 13065]"
110645,"[25718, 46920, 24865, 15213, 51175, 28817, 70264, 6642, 49764, 80552]"
110646,"[12667, 30725, 26869, 52367, 101321, 24268, 18089, 15623, 83311, 11358]"
110647,"[69750, 80210, 33762, 36715, 49866, 35713, 92176, 12122, 80881, 16563]"
110648,"[3580, 104494, 106814, 51003, 34359, 59085, 28167, 29220, 25316, 20796]"
110649,"[68188, 96559, 27182, 68657, 67195, 69810, 63888, 55572, 12519, 68546]"
110650,"[33267, 54567, 47434, 40580, 48195, 67495, 43930, 35990, 108727, 63225]"
110651,"[92060, 64296, 89671, 84678, 77685, 8015, 48954, 109745, 22529, 93559]"
110652,"[97678, 90755, 45445, 21624, 75457, 77968, 38897, 37081, 97940, 35521]"
110653,"[1512, 7393, 21055, 59052, 54067, 54584, 30628, 17400, 78803, 98069]"
110654,"[25221, 75070, 64378, 71837, 105012, 3746, 105651, 887, 52647, 32267]"
110655,"[20406, 59288, 65076, 40780, 68703, 21520, 26156, 46769, 37647, 94637]"
110656,"[80916, 7073, 46502, 16434, 28733, 80758, 104242, 105959, 18500, 67446]"
110657,"[39975, 59067, 23847, 105007, 40778, 20378, 25008, 106572, 3329, 1726]"
110658,"[32927, 24210, 99930, 5662, 97231, 75816, 67887, 60704, 13001, 39314]"
110659,"[23205, 60671, 96541, 1931, 101911, 23725, 84844, 32602, 21628, 6550]"
110660,"[89742, 103632, 15987, 93528, 36802, 66513, 107274, 41911, 12858, 74385]"
110661,"[6770, 21998, 72495, 47444, 81522, 21117, 100289, 62570, 46119, 56330]"
110662,"[30421, 6578, 60030, 28444, 67727, 4208, 62066, 86911, 92132, 88484]"
110663,"[63577, 48916, 7669, 49301, 36262, 35787, 93736, 24878, 3924, 97249]"
110664,"[31271, 76103, 16846, 75585, 7572, 59634, 1764, 94592, 107558, 64928]"
110665,"[81914, 68962, 51312, 24222, 40238, 44714, 68646, 18949, 64460, 72116]"
110666,"[34008, 56800, 5548, 105057, 3234, 64804, 69935, 49923, 107983, 38234]"
110667,"[89386, 15865, 18271, 94276, 95292, 76027, 39510, 78926, 43052, 81830]"
110668,"[9294, 72977, 88587, 99248, 31107, 47242, 52275, 18118, 99453, 86311]"
110669,"[53990, 91639, 58929, 29054, 1214, 42184, 98702, 72287, 53190, 78150]"
110670,"[89867, 40666, 35104, 85111, 51596, 1543, 24251, 78347, 84422, 47538]"
110671,"[6631, 61098, 8117, 99228, 67790, 84488, 30244, 12961, 19768, 76681]"
110672,"[56769, 80987, 53927, 12545, 47376, 43631, 72757, 59903, 82668, 5260]"
110673,"[53741, 59828, 24628, 98621, 30979, 59571, 68511, 83849, 90774, 40739]"
110674,"[42379, 22135, 2146, 84703, 59028, 18893, 70495, 92214, 15069, 109187]"
110675,"[41853, 105937, 7703, 101127, 29118, 12956, 66766, 89750, 102785, 98366]"
110676,"[97809, 49227, 7204, 9998, 105309, 90658, 5383, 92141, 91302, 54503]"
110677,"[45004, 79313, 60746, 51054, 107955, 52921, 49161, 94691, 20441, 55153]"
110678,"[104173, 88670, 67432, 16979, 64579, 16636, 58886, 41525, 20977, 22266]"
110679,"[33843, 69289, 5211, 39007, 95216, 47056, 43563, 47880, 74001, 54527]"
110680,"[89803, 58642, 16901, 27672, 105837, 80815, 50185, 72828, 97300, 6039]"
110681,"[56157, 87312, 81412, 103912, 94185, 56220, 51150, 72248, 89806, 108443]"
110682,"[20581, 59645, 61616, 93058, 98518, 94502, 71289, 43684, 90769, 88422]"
110683,"[2953, 34433, 41027, 548, 47922, 96560, 70401, 51545, 26606, 102175]"
110684,"[99205, 87418, 35582, 17798, 4870, 49976, 6431, 86402, 12049, 69229]"
110685,"[30484, 64878, 87824, 41046, 25248, 81691, 71001, 25079, 44669, 25502]"
110686,"[42500, 6751, 1402, 100107, 69084, 24524, 15914, 28956, 48661, 53893]"
110687,"[72028, 103067, 71239, 76070, 21977, 78570, 77551, 58991, 85376, 54874]"
110688,"[58355, 32015, 63191, 7039, 35177, 95152, 99380, 95270, 11322, 14124]"
110689,"[61652, 102075, 47996, 11995, 59624, 95663, 34031, 6575, 3085, 82724]"
110690,"[1833, 33403, 106282, 72263, 82106, 4895, 46866, 23876, 61572, 75636]"
110691,"[49544, 100197, 22242, 17524, 105822, 23867, 44557, 88990, 99977, 92326]"
110692,"[46390, 34623, 54963, 45250, 100687, 20177, 60679, 37845, 61159, 90199]"
110693,"[60910, 4800, 95018, 77353, 6528, 44008, 100532, 28790, 46673, 64620]"
110694,"[9890, 108152, 107021, 97680, 29918, 72213, 75125, 52246, 10386, 96758]"
110695,"[62020, 98399, 20403, 84582, 40679, 104057, 20819, 23034, 7042, 105141]"
110696,"[74923, 50386, 98613, 6667, 104872, 31838, 73013, 69077, 109130, 54785]"
110697,"[1374, 28237, 59094, 49635, 35598, 97953, 109330, 9301, 96114, 48725]"
110698,"[31180, 61038, 86875, 88780, 66244, 94168, 2570, 95701, 32964, 36515]"
110699,"[2525, 71540, 102133, 33789, 88703, 106391, 20460, 26047, 34510, 19960]"
110700,"[3760, 76509, 72343, 22994, 25604, 90159, 62575, 38798, 86898, 9360]"
110701,"[99863, 19153, 101903, 84571, 20314, 55582, 67111, 86678, 63818, 51646]"
110702,"[83292, 91861, 40460, 26315, 33523, 51271, 57169, 88287, 103710, 7265]"
110703,"[68048, 14520, 90076, 49236, 34841, 2856, 103915, 50737, 89369, 43777]"
110704,"[106765, 73627, 60415, 10394, 90097, 108805, 18161, 36703, 31033, 30257]"
110705,"[25262, 53139, 73367, 57233, 23589, 44771, 98810, 52851, 60623, 37882]"
110706,"[56444, 42490, 40263, 29626, 78310, 45634, 5575, 48694, 79356, 42516]"
110707,"[23442, 65169, 61665, 79868, 108444, 7006, 62673, 59265, 50874, 67524]"
110708,"[4711, 818, 64225, 78169, 109057, 51394, 91162, 47350, 24896, 65798]"
110709,"[21661, 86062, 86173, 45155, 49542, 35362, 92966, 49776, 45906, 5876]"
110710,"[3410, 77255, 38998, 90171, 57134, 98695, 92137, 21233, 9553, 25401]"
110711,"[49439, 47032, 20035, 29969, 82915, 20311, 100805, 8774, 102193, 91290]"
110712,"[9978, 71527, 59805, 94369, 62110, 49093, 69962, 100302, 40722, 48651]"
110713,"[79676, 108191, 9094, 34890, 88294, 63265, 53418, 97743, 83450, 82722]"
110714,"[42944, 13308, 54208, 103015, 50795, 71192, 46035, 77953, 41532, 75842]"
110715,"[102588, 78654, 25569, 27103, 91913, 6181, 60217, 64250, 103383, 20740]"
110716,"[24756, 91101, 22730, 97197, 103093, 38942, 75633, 4667, 66617, 82930]"
110717,"[42881, 17820, 46284, 67352, 54923, 21278, 25118, 91558, 6748, 41734]"
110718,"[71383, 74846, 50793, 37394, 17730, 49657, 55174, 41913, 62893, 74444]"
110719,"[30986, 90186, 339, 99693, 53210, 23296, 78733, 3146, 94886, 26495]"
110720,"[25544, 7185, 97091, 99582, 105872, 42695, 95816, 8591, 95530, 86193]"
110721,"[72230, 107599, 105581, 93924, 40870, 7083, 107125, 25494, 87674, 83455]"
110722,"[102886, 90820, 18409, 103448, 63876, 64446, 83340, 87018, 77756, 18077]"
110723,"[106612, 5882, 12584, 77092, 90533, 27145, 86771, 61014, 4342, 32453]"
110724,"[28316, 71139, 90282, 44165, 52702, 28843, 20280, 75314, 42219, 11135]"
110725,"[34967, 104153, 26134, 36232, 92855, 36544, 54070, 23669, 20991, 498]"
110726,"[105592, 63633, 80924, 54018, 25980, 107921, 50470, 61135, 98028, 89032]"
110727,"[108896, 63267, 3100, 6358, 26295, 44384, 14865, 14077, 53388, 101655]"
110728,"[61492, 28077, 40828, 97216, 86468, 10888, 68903, 44279, 50401, 40508]"
110729,"[42573, 48262, 30472, 62854, 85649, 41254, 15636, 18913, 70199, 70630]"
110730,"[11516, 32614, 11576, 19682, 90637, 93764, 79925, 51459, 13922, 40584]"
110731,"[94400, 103249, 84226, 108987, 61441, 97558, 16175, 86431, 5579, 90574]"
110732,"[104000, 106266, 68197, 73981, 104834, 22880, 47825, 51250, 91039, 78451]"
110733,"[54446, 29649, 95687, 95301, 5791, 97069, 34038, 53976, 50918, 18417]"
110734,"[46887, 53306, 38348, 7038, 77031, 23437, 56673, 432, 29235, 28720]"
110735,"[107016, 9125, 29019, 13514, 54501, 75539, 9835, 92704, 52031, 27096]"
110736,"[97617, 25030, 29679, 80557, 28662, 88305, 12049, 17233, 69706, 56640]"
110737,"[91336, 30928, 42762, 1128, 63858, 64293, 8645, 90867, 76167, 82884]"
110738,"[73975, 45115, 91439, 102098, 86132, 8812, 52550, 13833, 19654, 12077]"
110739,"[108456, 58800, 63267, 35297, 38259, 91062, 33491, 53450, 88445, 59030]"
110740,"[77860, 4527, 77338, 37743, 75349, 43978, 102036, 2993, 29310, 51341]"
110741,"[10028, 15523, 60572, 49119, 51232, 49765, 61198, 5748, 1076, 41621]"
110742,"[24028, 68209, 25408, 103730, 35724, 22344, 6284, 11490, 82754, 21952]"
110743,"[64086, 11839, 11366, 76934, 31642, 49331, 108725, 49336, 8416, 3978]"
110744,"[96297, 65766, 13253, 83603, 98533, 80531, 107114, 93056, 74984, 55706]"
110745,"[58518, 57433, 73776, 1335, 71861, 37824, 29353, 59591, 53884, 2942]"
110746,"[40615, 54040, 6391, 67816, 29725, 33683, 99566, 2149, 98664, 75488]"
110747,"[53040, 20342, 94203, 7475, 34756, 30676, 94699, 61703, 68267, 46516]"
110748,"[10104, 66382, 45193, 10100, 80132, 20763, 41946, 26729, 97004, 27418]"
110749,"[74582, 33055, 64792, 42324, 57688, 17827, 61303, 74184, 94136, 92163]"
110750,"[72456, 70540, 80864, 101616, 109076, 28906, 76190, 28108, 56619, 27973]"
110751,"[84941, 29243, 46032, 90206, 26758, 79795, 100482, 100947, 105548, 106234]"
110752,"[57853, 41833, 65108, 103489, 82391, 20259, 19841, 72107, 55060, 44167]"
110753,"[89963, 38404, 28625, 25081, 33618, 70498, 113, 58791, 105216, 30058]"
110754,"[30987, 53200, 105650, 65393, 36580, 28537, 2834, 55053, 28650, 43226]"
110755,"[99540, 3693, 436, 28865, 16165, 5110, 57965, 98266, 60601, 101841]"
110756,"[107232, 13787, 18290, 69130, 101823, 80100, 84774, 5139, 66601, 68522]"
110757,"[41814, 17451, 82814, 106454, 105221, 71042, 86387, 24912, 31304, 34861]"
110758,"[45003, 32109, 43246, 102441, 99954, 103373, 52204, 31795, 89110, 90552]"
110759,"[25028, 79817, 21540, 100458, 10018, 61454, 82194, 25935, 14707, 50218]"
110760,"[70085, 102487, 68642, 41692, 76895, 14669, 41848, 108929, 49400, 22421]"
110761,"[90384, 9791, 89835, 98927, 67417, 56846, 83021, 12204, 69959, 48445]"
110762,"[72089, 42237, 29849, 43589, 2965, 77342, 81549, 61610, 76748, 54587]"
110763,"[102188, 106386, 36188, 107808, 64735, 83780, 52073, 15435, 90576, 63273]"
110764,"[64007, 52558, 51599, 44004, 22533, 32153, 48782, 10316, 94540, 86871]"
110765,"[31815, 93615, 51601, 31661, 97267, 31811, 13540, 63273, 23012, 72895]"
110766,"[47974, 59520, 103561, 91337, 49291, 36274, 61916, 53170, 82928, 37125]"
110767,"[61701, 47055, 31986, 37784, 106896, 89125, 7500, 55615, 11639, 95777]"
110768,"[3541, 108076, 17222, 15550, 28096, 6665, 100255, 4915, 21500, 51907]"
110769,"[99495, 62791, 106106, 88394, 94805, 77146, 16160, 107110, 41445, 10095]"
110770,"[79998, 25010, 85230, 96950, 64790, 54858, 64672, 12263, 41029, 63434]"
110771,"[27314, 16657, 8131, 42194, 41108, 100561, 25216, 50533, 4459, 83598]"
110772,"[90522, 9606, 93087, 24050, 36127, 82979, 8424, 85924, 7445, 57345]"
110773,"[52530, 57943, 91937, 92191, 38190, 108614, 44948, 84830, 12698, 35293]"
110774,"[39571, 48961, 18826, 92308, 36186, 79281, 23021, 13496, 46746, 76580]"
110775,"[42023, 58702, 25362, 36995, 2508, 31358, 14858, 2858, 47776, 107438]"
110776,"[3531, 29084, 78324, 92871, 94252, 35479, 11045, 29729, 73036, 63835]"
110777,"[89597, 50782, 39522, 54563, 58215, 78590, 44316, 81946, 101643, 6930]"
110778,"[6061, 27557, 31278, 106301, 43550, 91468, 5887, 58730, 86187, 16705]"
110779,"[104904, 56695, 60250, 53405, 94440, 307, 26464, 101228, 96605, 91582]"
110780,"[50454, 104823, 101673, 19602, 894, 58812, 97404, 14116, 29349, 62235]"
110781,"[81803, 84615, 24765, 37402, 50457, 9632, 40258, 30221, 92426, 36144]"
110782,"[66518, 93019, 63522, 15936, 38973, 100757, 21956, 5982, 43228, 80762]"
110783,"[22770, 78577, 37633, 23397, 102957, 84696, 13678, 57669, 54471, 5724]"
110784,"[42558, 84583, 65794, 86274, 4505, 87831, 106790, 105428, 51420, 90502]"
110785,"[875, 22975, 57745, 29707, 73946, 60131, 62982, 10770, 76157, 15558]"
110786,"[1868, 73895, 107343, 101063, 91170, 14279, 58117, 99758, 96433, 2163]"
110787,"[28879, 40623, 57874, 6669, 52548, 109218, 86207, 28546, 93773, 97885]"
110788,"[106042, 34012, 52415, 77520, 62101, 68719, 10682, 16539, 51162, 56313]"
110789,"[7531, 46967, 42061, 5865, 84086, 91332, 46599, 92139, 59866, 6886]"
110790,"[16611, 69481, 6688, 32834, 7134, 48187, 35921, 14297, 88062, 35148]"
110791,"[86229, 52995, 102119, 92759, 66028, 101074, 22069, 20693, 22049, 53389]"
110792,"[25841, 79514, 52716, 58014, 73262, 48435, 8908, 5459, 37265, 68983]"
110793,"[38597, 94347, 12463, 59681, 36907, 85370, 37332, 41609, 16949, 73319]"
110794,"[63226, 71151, 27332, 312, 94135, 28818, 23705, 83264, 79506, 25358]"
110795,"[46182, 18918, 9063, 45386, 65411, 83427, 1257, 9901, 69126, 98008]"
110796,"[2646, 105598, 35019, 64258, 80392, 23220, 54590, 61058, 59022, 9545]"
110797,"[61216, 18671, 7757, 18998, 7680, 1967, 10307, 24923, 27618, 86769]"
110798,"[30559, 5653, 95401, 74352, 23386, 57468, 102812, 83476, 89794, 90433]"
110799,"[34368, 12146, 107923, 89373, 95616, 11272, 66275, 108205, 7833, 69827]"
110800,"[26623, 34025, 92756, 78060, 58399, 39323, 89537, 17519, 16750, 73851]"
110801,"[63202, 29201, 38689, 58594, 83536, 91374, 95831, 60054, 48393, 46200]"
110802,"[36755, 22385, 67188, 79317, 52798, 54300, 96422, 33967, 35159, 69849]"
110803,"[25608, 78595, 26864, 106199, 41918, 99544, 184, 23074, 8687, 94]"
110804,"[51366, 79612, 98016, 25000, 20675, 1926, 60060, 63293, 30947, 55050]"
110805,"[6995, 96428, 1520, 102345, 60128, 77034, 95301, 15979, 57876, 48825]"
110806,"[51776, 23403, 13297, 55192, 5676, 8933, 10298, 59499, 95995, 50503]"
110807,"[54131, 25575, 108951, 98259, 64671, 48571, 22340, 101915, 67946, 60378]"
110808,"[70594, 107358, 100915, 37163, 68071, 50626, 94664, 92490, 79939, 53355]"
110809,"[28422, 108444, 46499, 7356, 55597, 25553, 79805, 15473, 72577, 44545]"
110810,"[3871, 22106, 19517, 103010, 23859, 26650, 13757, 92867, 25479, 80830]"
110811,"[23934, 101599, 101347, 34762, 4772, 52826, 60231, 91440, 26317, 80362]"
110812,"[69423, 23117, 30967, 36350, 44988, 89329, 8467, 65226, 95899, 41896]"
110813,"[15381, 101528, 102402, 70327, 37067, 42939, 87629, 90863, 31480, 67490]"
110814,"[52489, 20896, 108105, 1462, 396, 34036, 50920, 93431, 40130, 94525]"
110815,"[47846, 66728, 106671, 10594, 8313, 36617, 77772, 83382, 98563, 48094]"
110816,"[21462, 73152, 73491, 8378, 25768, 106507, 101760, 70126, 79357, 52124]"
110817,"[10157, 23407, 1116, 90038, 67792, 51651, 32916, 14149, 57998, 93980]"
110818,"[80853, 17789, 57697, 35755, 81531, 101784, 53361, 4079, 102584, 39385]"
110819,"[101257, 78278, 53340, 75964, 88939, 66967, 6176, 10063, 68602, 84656]"
110820,"[55540, 100040, 39105, 104842, 51691, 72493, 66763, 66342, 69847, 91352]"
110821,"[94646, 77621, 80844, 30253, 69780, 87917, 100943, 30301, 76666, 29803]"
110822,"[88348, 90979, 48004, 95346, 5040, 89493, 47720, 72367, 86125, 52772]"
110823,"[69669, 35367, 51880, 17301, 28906, 54021, 99702, 66055, 77500, 24347]"
110824,"[26781, 45024, 22839, 67103, 107591, 101515, 104274, 73628, 57582, 83510]"
110825,"[108157, 58476, 87237, 24562, 92213, 86332, 50819, 22353, 52332, 83883]"
110826,"[102141, 59911, 18190, 88616, 58062, 84309, 1046, 88724, 38842, 104838]"
110827,"[104641, 22521, 29549, 67522, 22339, 87009, 18462, 27174, 77585, 73156]"
110828,"[63037, 90204, 74826, 58428, 20682, 91365, 64292, 39224, 96425, 31852]"
110829,"[88773, 14830, 94900, 50303, 16550, 109211, 72389, 73918, 56099, 106241]"
110830,"[90982, 55928, 55389, 79265, 4135, 69751, 7654, 1386, 103747, 66366]"
110831,"[67539, 35201, 2873, 40177, 52180, 40958, 50834, 13397, 6354, 21280]"
110832,"[1878, 32720, 72832, 40755, 61942, 11626, 77749, 49442, 65009, 104297]"
110833,"[32676, 16484, 81525, 66472, 48911, 32686, 29217, 21017, 89273, 2944]"
110834,"[33808, 70445, 43768, 61670, 57567, 71998, 79415, 28870, 28760, 38104]"
110835,"[15234, 65732, 81596, 34435, 106279, 87733, 60503, 83866, 2555, 16779]"
110836,"[16514, 93836, 107499, 16403, 13562, 65243, 103918, 52150, 109321, 29134]"
110837,"[65904, 45487, 42288, 8140, 93065, 29534, 109154, 21270, 44624, 70154]"
110838,"[62389, 109765, 27063, 28970, 58133, 102550, 28032, 74388, 89167, 29518]"
110839,"[64408, 45241, 63764, 32364, 26620, 28638, 3297, 2852, 12134, 53811]"
110840,"[9083, 69811, 79144, 19715, 80626, 82641, 72702, 92035, 45899, 86248]"
110841,"[1394, 57008, 3611, 51706, 55246, 70374, 93217, 92586, 1841, 82228]"
110842,"[45485, 37994, 21087, 108643, 43274, 100871, 54084, 109676, 24773, 64065]"
110843,"[102634, 6720, 88138, 79451, 41493, 45550, 21831, 49394, 34912, 3837]"
110844,"[17565, 92796, 63520, 19299, 54045, 71452, 104393, 87004, 72370, 51251]"
110845,"[26830, 32695, 101553, 55763, 11770, 12673, 76156, 68452, 4380, 82799]"
110846,"[22968, 103009, 12260, 18487, 48859, 28297, 27347, 66443, 70077, 104694]"
110847,"[36448, 53120, 6616, 73488, 7035, 72712, 18091, 44901, 23476, 99847]"
110848,"[92224, 101129, 45333, 69492, 63154, 20090, 95593, 17545, 84785, 74636]"
110849,"[5332, 82698, 127, 99583, 105811, 37874, 40006, 85469, 56032, 90425]"
110850,"[35202, 83790, 76099, 83466, 85808, 34203, 60978, 44349, 19892, 22247]"
110851,"[87240, 54285, 13062, 21321, 80563, 54362, 25860, 678, 26491, 63734]"
110852,"[71427, 69757, 109525, 49896, 68655, 11631, 169, 91151, 18740, 34841]"
110853,"[39717, 100428, 31174, 95910, 55116, 63963, 98705, 81357, 18900, 97683]"
110854,"[95428, 3675, 42185, 103083, 65522, 87903, 19028, 2444, 47508, 59560]"
110855,"[46072, 64695, 99672, 38482, 66954, 81569, 10026, 92472, 19418, 48088]"
110856,"[74503, 68886, 93661, 22346, 42374, 51982, 22274, 57455, 4526, 80533]"
110857,"[92003, 97928, 4045, 109095, 90861, 88067, 40151, 79528, 51381, 101054]"
110858,"[49628, 53307, 12109, 41372, 99172, 62668, 96956, 59343, 14954, 28178]"
110859,"[7652, 32189, 64459, 9362, 302, 52790, 39288, 47358, 9820, 98811]"
110860,"[104815, 23250, 57306, 96424, 23598, 47883, 80498, 96559, 66062, 5585]"
110861,"[36597, 63888, 55733, 43727, 93922, 30881, 87609, 109300, 55572, 19455]"
110862,"[83810, 1807, 99119, 40235, 37311, 69725, 18680, 37358, 81146, 101916]"
110863,"[16118, 39645, 20189, 2462, 83606, 86273, 55857, 68370, 64245, 17036]"
110864,"[42682, 15661, 38500, 97017, 23377, 54966, 107836, 93085, 45156, 23502]"
110865,"[21552, 41498, 18353, 106751, 73367, 98677, 21453, 35962, 44771, 28102]"
110866,"[28575, 46464, 33635, 39095, 21418, 13624, 43075, 10844, 65636, 80590]"
110867,"[87492, 33246, 74885, 105342, 15928, 49266, 19573, 13116, 2754, 31488]"
110868,"[94348, 14100, 77800, 13615, 68398, 58711, 6384, 70352, 88822, 51667]"
110869,"[94682, 84264, 31872, 84803, 86043, 1892, 86325, 107607, 104197, 63441]"
110870,"[89802, 67589, 2532, 61278, 55176, 7961, 24241, 42278, 95738, 86991]"
110871,"[25880, 28912, 21511, 26018, 87837, 40429, 18264, 42091, 34466, 72669]"
110872,"[64493, 81979, 45924, 92271, 75734, 31173, 91576, 82434, 32841, 60546]"
110873,"[61528, 75362, 63479, 17046, 63675, 109086, 50080, 29883, 51042, 7287]"
110874,"[103325, 6329, 53522, 89106, 92597, 14908, 61812, 26667, 11418, 42227]"
110875,"[104282, 96860, 74007, 83697, 37560, 108447, 59457, 98448, 30291, 97749]"
110876,"[80504, 78431, 54954, 15038, 78650, 32450, 86428, 76926, 19448, 100350]"
110877,"[86391, 98465, 104325, 103707, 106798, 100648, 40142, 71037, 64897, 97516]"
110878,"[67878, 68149, 15387, 40457, 28549, 71682, 94619, 67341, 21146, 89450]"
110879,"[85345, 81783, 82027, 92984, 42753, 38175, 107094, 40392, 63805, 60540]"
110880,"[63035, 93135, 79595, 25124, 65361, 33898, 101510, 74369, 96528, 35113]"
110881,"[29954, 59455, 39154, 34654, 98308, 104881, 81464, 9672, 26981, 94367]"
110882,"[60609, 93538, 30762, 87365, 3494, 62651, 70233, 91325, 108590, 77629]"
110883,"[39148, 1094, 66444, 61597, 77948, 74989, 103651, 104828, 61744, 4501]"
110884,"[93332, 32411, 68219, 102582, 80475, 99801, 109397, 71079, 40287, 56780]"
110885,"[1517, 51465, 99417, 35014, 99063, 9217, 76947, 78686, 86308, 75795]"
110886,"[41159, 67941, 3117, 65187, 29934, 65454, 41771, 90091, 106569, 91781]"
110887,"[96970, 108331, 60494, 98419, 30701, 30963, 72497, 80966, 96046, 57078]"
110888,"[65154, 73701, 20052, 4369, 46382, 19794, 1581, 91743, 19118, 5820]"
110889,"[95923, 74076, 26856, 92129, 74593, 70418, 53815, 23838, 729, 71425]"
110890,"[103169, 67001, 62247, 52650, 46644, 63640, 4117, 926, 495, 17367]"
110891,"[48695, 19642, 94847, 59714, 103570, 57623, 24316, 51488, 54929, 99888]"
110892,"[29850, 24834, 56866, 88450, 18077, 19099, 96809, 41876, 89296, 66467]"
110893,"[61149, 13898, 2240, 104882, 24633, 29442, 35769, 15399, 34186, 27205]"
110894,"[44696, 7311, 78511, 83654, 36479, 2007, 57788, 23277, 74302, 34638]"
110895,"[107959, 74986, 21898, 43029, 8090, 48140, 77474, 61920, 59312, 60144]"
110896,"[44942, 63686, 34748, 66039, 86689, 72510, 101731, 102527, 10382, 104785]"
110897,"[44639, 61251, 21712, 81416, 63874, 39865, 83543, 23693, 43158, 39749]"
110898,"[62441, 8550, 94913, 39363, 87632, 11090, 77162, 82658, 17180, 21990]"
110899,"[73557, 10339, 77029, 17885, 24174, 106959, 60829, 25986, 95690, 23897]"
110900,"[8015, 48954, 25793, 45113, 99677, 10834, 17303, 77685, 89671, 4510]"
110901,"[438, 30846, 77886, 55545, 51672, 35399, 89994, 84284, 68822, 24854]"
110902,"[92174, 35203, 31066, 94483, 35492, 21475, 100974, 20392, 69375, 106702]"
110903,"[102711, 68581, 21595, 48184, 65924, 66471, 109723, 87118, 94927, 13257]"
110904,"[53484, 31070, 101337, 12790, 10982, 57992, 35573, 13270, 39931, 77274]"
110905,"[102108, 23838, 21517, 34787, 33066, 17994, 48061, 25135, 95923, 40669]"
110906,"[88267, 80208, 4470, 42594, 23193, 14534, 57671, 85842, 104109, 65102]"
110907,"[53411, 57051, 34734, 71143, 31556, 15390, 836, 91498, 11321, 33957]"
110908,"[26502, 48190, 95820, 62536, 72855, 9668, 8327, 9671, 34722, 18953]"
110909,"[21299, 13422, 33796, 9393, 32988, 90212, 76835, 62694, 25317, 27018]"
110910,"[19019, 76188, 60318, 101997, 96594, 44853, 10581, 105060, 72158, 59448]"
110911,"[57246, 38081, 10426, 27281, 10483, 9879, 18731, 37047, 54815, 3500]"
110912,"[84760, 87860, 108168, 75085, 68257, 107463, 68415, 90743, 64387, 2618]"
110913,"[108465, 87635, 59707, 74641, 103169, 17367, 45262, 11182, 32404, 995]"
110914,"[21823, 10582, 39948, 99952, 14565, 78407, 55515, 58894, 86643, 19975]"
110915,"[83462, 41394, 43109, 52758, 55697, 2703, 64475, 3560, 88509, 109428]"
110916,"[42959, 16208, 99210, 49991, 44593, 1834, 94702, 71849, 16700, 63955]"
110917,"[84353, 55930, 97942, 54089, 22178, 23714, 51855, 72930, 99442, 102950]"
110918,"[81784, 93849, 84152, 44582, 94460, 16396, 93729, 32789, 4409, 50762]"
110919,"[56218, 34604, 57128, 103966, 53963, 15475, 103957, 2546, 66569, 109567]"
110920,"[21690, 2147, 17830, 65296, 37690, 67265, 70864, 55166, 61253, 89972]"
110921,"[21888, 7872, 58317, 14266, 18899, 2346, 29982, 109704, 93903, 40340]"
110922,"[60542, 31371, 93862, 63499, 52628, 68075, 8796, 63068, 44067, 16622]"
110923,"[10451, 36299, 84196, 29862, 4426, 99131, 64426, 109171, 108435, 15178]"
110924,"[7707, 26051, 33258, 83326, 87883, 71553, 35816, 98269, 38217, 12374]"
110925,"[60163, 91497, 103486, 53944, 25784, 67383, 104078, 77780, 71641, 98187]"
110926,"[81535, 69191, 86446, 59665, 87, 26634, 40404, 94350, 90914, 5138]"
110927,"[95950, 72857, 40435, 56363, 21222, 79076, 84560, 26992, 71747, 24616]"
110928,"[39533, 73957, 12075, 73642, 73732, 12350, 98661, 70290, 39621, 12230]"
110929,"[27616, 58491, 28195, 104935, 29192, 53383, 39172, 86716, 83334, 92774]"
110930,"[16574, 41505, 84090, 31647, 49481, 25323, 2936, 107630, 61862, 36944]"
110931,"[100483, 78766, 59553, 14667, 31012, 45563, 40811, 69952, 98816, 77238]"
110932,"[92834, 73177, 99411, 27581, 37758, 34127, 78175, 68295, 21189, 53520]"
110933,"[30148, 4571, 11532, 36491, 6252, 40509, 33393, 27892, 76339, 79733]"
110934,"[48939, 59496, 29950, 20520, 28603, 2960, 88074, 100469, 19848, 17698]"
110935,"[45144, 91307, 100394, 97632, 97907, 60116, 84092, 21621, 1897, 13499]"
110936,"[104808, 105931, 72391, 99715, 82063, 68008, 86882, 8000, 60287, 27936]"
110937,"[109634, 32679, 104668, 56611, 5814, 62468, 48003, 100006, 25804, 45945]"
110938,"[7556, 78182, 56038, 39883, 62258, 15124, 24459, 29929, 10639, 48800]"
110939,"[37449, 90204, 76650, 31367, 91365, 100000, 12396, 37530, 72602, 79108]"
110940,"[22511, 36762, 96281, 57153, 69576, 109746, 66802, 31419, 68193, 92009]"
110941,"[103930, 19679, 44594, 95212, 56940, 51663, 78367, 55590, 91655, 102196]"
110942,"[6532, 74979, 47786, 44340, 54179, 26265, 52177, 62465, 34044, 30998]"
110943,"[9944, 66489, 98560, 105216, 33618, 81695, 6982, 26494, 34986, 28382]"
110944,"[101539, 109600, 50466, 45281, 94029, 10246, 60699, 11323, 10457, 37928]"
110945,"[105909, 67729, 29279, 10649, 26763, 108763, 25223, 12125, 70047, 64814]"
110946,"[94395, 83913, 52400, 37926, 55964, 69580, 70877, 88598, 6138, 9875]"
110947,"[17835, 49318, 77205, 105057, 36641, 29172, 63816, 88933, 94885, 39386]"
110948,"[79266, 72607, 59946, 15052, 99432, 51653, 55083, 59795, 102090, 21192]"
110949,"[25264, 58737, 69471, 86415, 55302, 31379, 56921, 27465, 102599, 2617]"
110950,"[16613, 92012, 100758, 109712, 51294, 61261, 102400, 30755, 22291, 107914]"
110951,"[27543, 3683, 40475, 92118, 55181, 8056, 10989, 82922, 76343, 72571]"
110952,"[80907, 38897, 103679, 90323, 9937, 35354, 58270, 95908, 68291, 62262]"
110953,"[96551, 69671, 60933, 43990, 39870, 17915, 96318, 77862, 85266, 57801]"
110954,"[97430, 45680, 95286, 87062, 48195, 48746, 96246, 83526, 3175, 72789]"
110955,"[17379, 84318, 31052, 109468, 4249, 29314, 57312, 22052, 12801, 84661]"
110956,"[102569, 30470, 72581, 108474, 28127, 17861, 53284, 94241, 32668, 97918]"
110957,"[103768, 32670, 2982, 60892, 59815, 45964, 45792, 109177, 56993, 57548]"
110958,"[44141, 103069, 10036, 59303, 83887, 80540, 89598, 15820, 76217, 22693]"
110959,"[71973, 44515, 35757, 75608, 84940, 94498, 26859, 22430, 75344, 94525]"
110960,"[13516, 68638, 668, 74181, 81001, 109671, 45720, 75721, 58058, 59818]"
110961,"[76806, 88409, 10382, 47789, 35171, 54032, 13762, 82455, 101206, 57533]"
110962,"[46081, 75357, 74278, 94644, 108457, 12080, 40837, 107282, 47748, 32457]"
110963,"[76009, 20264, 46670, 86831, 77554, 94279, 36682, 4361, 76326, 2190]"
110964,"[56084, 49148, 17138, 41356, 84536, 99139, 97558, 24300, 39477, 27385]"
110965,"[106620, 3520, 20903, 13651, 78028, 76340, 63348, 33405, 37525, 6719]"
110966,"[36878, 60841, 7514, 69161, 59950, 45719, 81131, 61979, 12922, 73404]"
110967,"[99985, 53245, 94414, 11036, 72756, 11051, 33824, 44968, 36833, 106566]"
110968,"[96648, 62256, 259, 15211, 17946, 56025, 39669, 15287, 96867, 67515]"
110969,"[43960, 62753, 90307, 35529, 6486, 64614, 76613, 90784, 88817, 108674]"
110970,"[63307, 17405, 54505, 54961, 58783, 43323, 64932, 75313, 17995, 108119]"
110971,"[57865, 74827, 33793, 86108, 47861, 67960, 37836, 1519, 32380, 85226]"
110972,"[33799, 23236, 5489, 8857, 34587, 14714, 7450, 12436, 55813, 67035]"
110973,"[81311, 104546, 85873, 39365, 97994, 57488, 55065, 103853, 13196, 330]"
110974,"[86082, 11820, 106568, 81423, 90254, 41011, 92067, 176, 68967, 28868]"
110975,"[70857, 14915, 88223, 92196, 74009, 40359, 64986, 91717, 45052, 15711]"
110976,"[20560, 65576, 102320, 35329, 98534, 96186, 38062, 11836, 86145, 92592]"
110977,"[34331, 89486, 26392, 102383, 71952, 59969, 19712, 8533, 44966, 45871]"
110978,"[89007, 3400, 59658, 7636, 101479, 3671, 61562, 88708, 79580, 8136]"
110979,"[71789, 86825, 66726, 71647, 57537, 42872, 32474, 102652, 25141, 7697]"
110980,"[97656, 4183, 58466, 37264, 19649, 71111, 41685, 54268, 62139, 43190]"
110981,"[108403, 35279, 20905, 78592, 97513, 17099, 108644, 45951, 63546, 30157]"
110982,"[100498, 72656, 92911, 37374, 65247, 82132, 39591, 57700, 21032, 51590]"
110983,"[47381, 79541, 21843, 17899, 43481, 72162, 3058, 21594, 32243, 103458]"
110984,"[46487, 86253, 93112, 63200, 48174, 40333, 85035, 48165, 19393, 89790]"
110985,"[5261, 38528, 23058, 31749, 25459, 92095, 74475, 65850, 1255, 3864]"
110986,"[70693, 11430, 84822, 60820, 20402, 16212, 64120, 54169, 84673, 107048]"
110987,"[74011, 83147, 47946, 31355, 73795, 57124, 63038, 11915, 97295, 26127]"
110988,"[50918, 25482, 95226, 82520, 34608, 69462, 94308, 32292, 94639, 31839]"
110989,"[52990, 83074, 40432, 88356, 66935, 2564, 57465, 19085, 99052, 55624]"
110990,"[30533, 69866, 90218, 10886, 104725, 86008, 8211, 55565, 28139, 54352]"
110991,"[100373, 14419, 4230, 88396, 60133, 80357, 42748, 89923, 83031, 8598]"
110992,"[15961, 40210, 103156, 97544, 67154, 69525, 89463, 102778, 28074, 83996]"
110993,"[17308, 58853, 18366, 67215, 14311, 89091, 42360, 47910, 16193, 30243]"
110994,"[86876, 26452, 36834, 66956, 35336, 56074, 43459, 63093, 27443, 109182]"
110995,"[1534, 32377, 95958, 51721, 75299, 79330, 27986, 101138, 24315, 32812]"
110996,"[81043, 70753, 14639, 68722, 102935, 53215, 90193, 85172, 63013, 108733]"
110997,"[84547, 36586, 85892, 103235, 94921, 81586, 77982, 108474, 91292, 23702]"
110998,"[50533, 109570, 13272, 35663, 1861, 89702, 41108, 40272, 35528, 25216]"
110999,"[58705, 51380, 89949, 71049, 108572, 108163, 90434, 26466, 108090, 22332]"
111000,"[87598, 104473, 82083, 67688, 58954, 49472, 97210, 56462, 78742, 89823]"
111001,"[90326, 101033, 52010, 32971, 21668, 53905, 16587, 57508, 63910, 23198]"
111002,"[11288, 2615, 27936, 40772, 8885, 70625, 55681, 20732, 64673, 60497]"
111003,"[65663, 23560, 36764, 107780, 47960, 28839, 39335, 44590, 55468, 34921]"
111004,"[6921, 54613, 20905, 26674, 78902, 108539, 25685, 94481, 17657, 42831]"
111005,"[47407, 53420, 103395, 76923, 31837, 16667, 70035, 109692, 83127, 43606]"
111006,"[45652, 5415, 27185, 4460, 27089, 92539, 73842, 18030, 71300, 76903]"
111007,"[10985, 97176, 65443, 97140, 45741, 76198, 99403, 98889, 74516, 22631]"
111008,"[25127, 52677, 36564, 41834, 93797, 21065, 26786, 91525, 42556, 101595]"
111009,"[47344, 29353, 102068, 88380, 2083, 101059, 6335, 97373, 81655, 24796]"
111010,"[90245, 99160, 11583, 87201, 73427, 78076, 85313, 61192, 95634, 82511]"
111011,"[37769, 93819, 3572, 2298, 90291, 100261, 19736, 637, 78867, 1844]"
111012,"[78121, 22254, 35944, 43845, 100073, 50154, 47199, 106647, 53509, 16122]"
111013,"[25717, 3141, 96658, 30722, 39827, 32360, 76456, 18412, 16086, 108993]"
111014,"[1746, 81909, 33277, 102201, 29280, 66267, 38573, 91825, 6828, 50302]"
111015,"[21153, 30361, 90900, 72018, 66937, 4714, 2361, 24750, 14160, 71880]"
111016,"[37634, 26468, 27401, 64337, 2320, 70105, 94919, 47231, 72677, 61393]"
111017,"[66291, 75061, 97853, 85055, 28526, 28186, 90970, 74388, 7307, 24904]"
111018,"[92021, 76849, 9878, 51068, 44933, 102712, 16748, 50729, 4070, 25594]"
111019,"[61085, 46822, 79485, 49760, 59378, 58404, 48111, 50877, 76094, 44483]"
111020,"[90289, 64538, 3704, 25111, 29556, 95733, 50924, 89188, 20109, 49735]"
111021,"[106805, 93229, 88475, 37798, 48098, 7608, 59754, 103583, 35701, 32494]"
111022,"[88968, 42845, 104806, 107127, 42162, 54250, 7562, 9471, 69624, 94288]"
111023,"[32943, 49433, 29659, 976, 69045, 80866, 21253, 21936, 20496, 27145]"
111024,"[88550, 99955, 11535, 1984, 93641, 89675, 227, 45662, 68516, 59493]"
111025,"[75717, 106189, 97015, 6795, 49720, 108931, 109423, 13748, 69204, 94993]"
111026,"[75833, 25284, 29095, 109590, 106983, 43807, 108343, 90072, 22359, 75806]"
111027,"[105584, 49196, 27436, 68056, 24969, 17470, 17346, 35152, 27428, 101496]"
111028,"[69314, 20495, 70023, 11411, 106720, 57643, 53157, 36468, 73093, 98486]"
111029,"[66734, 84077, 2309, 104380, 82477, 15906, 47037, 27346, 6294, 2847]"
111030,"[91661, 18536, 10263, 28616, 13988, 89440, 88246, 74218, 52715, 33623]"
111031,"[75922, 78022, 39347, 54164, 84523, 93975, 38360, 35312, 66634, 6008]"
111032,"[32669, 17668, 12758, 72076, 86953, 7059, 8910, 92624, 2333, 26268]"
111033,"[71216, 75484, 4524, 78242, 29756, 68825, 22554, 44875, 3988, 97678]"
111034,"[102248, 108027, 27818, 93257, 44549, 37750, 102311, 55879, 66830, 103207]"
111035,"[8891, 9663, 50304, 13453, 37598, 46326, 1054, 35786, 89054, 35508]"
111036,"[48351, 39387, 85736, 98222, 87414, 61585, 68601, 107147, 38092, 34266]"
111037,"[40822, 28182, 107760, 109335, 55210, 42208, 69112, 82215, 10005, 26465]"
111038,"[26131, 104332, 101793, 7941, 100301, 24156, 884, 76600, 278, 67125]"
111039,"[102800, 80634, 78411, 41781, 11560, 49954, 85716, 69477, 85213, 91761]"
111040,"[14344, 44022, 47388, 45545, 34660, 948, 33035, 72191, 75876, 97888]"
111041,"[4222, 105360, 72568, 19882, 442, 75549, 29199, 66314, 18754, 33937]"
111042,"[84795, 21095, 76563, 12613, 91647, 6097, 89209, 4596, 79475, 60158]"
111043,"[87014, 41810, 21541, 78407, 63819, 96583, 19088, 76768, 72921, 5021]"
111044,"[68690, 62333, 34379, 24378, 78838, 44328, 88536, 10017, 12534, 36002]"
111045,"[83127, 62226, 105800, 9424, 71856, 41284, 51300, 57663, 70068, 100192]"
111046,"[73518, 100496, 38780, 18950, 49279, 17150, 8958, 38003, 35447, 106076]"
111047,"[41911, 94379, 102787, 9110, 45307, 108566, 26509, 43486, 62384, 92228]"
111048,"[73654, 94474, 27576, 2867, 23510, 99493, 93669, 98917, 23394, 87905]"
111049,"[52288, 27964, 68843, 85676, 38399, 95791, 51710, 91451, 77091, 106791]"
111050,"[109480, 91937, 105808, 41765, 77377, 61928, 65639, 97096, 52885, 35293]"
111051,"[28876, 35093, 39523, 51991, 17451, 86387, 41814, 20868, 81829, 54377]"
111052,"[9670, 75028, 72895, 87988, 33712, 10479, 50782, 65575, 54351, 91140]"
111053,"[48992, 71284, 20556, 63756, 109096, 74310, 44817, 90257, 101566, 80559]"
111054,"[59104, 43075, 57588, 63663, 87159, 63736, 8656, 96344, 39073, 52791]"
111055,"[105138, 2149, 98804, 90469, 11644, 25279, 48503, 86879, 85454, 22216]"
111056,"[56485, 93095, 64642, 66884, 72454, 87887, 101917, 85292, 65244, 49879]"
111057,"[23137, 23735, 32206, 33191, 36323, 95382, 102213, 55584, 31595, 77349]"
111058,"[22529, 101343, 23765, 67097, 102491, 54644, 99944, 109745, 102318, 26733]"
111059,"[71159, 104474, 35625, 51159, 66588, 29434, 11056, 60585, 105159, 36106]"
111060,"[80605, 80253, 98521, 23369, 55095, 46444, 23131, 106190, 1922, 46788]"
111061,"[54930, 78840, 106364, 97290, 28452, 83857, 72831, 60131, 41515, 22975]"
111062,"[82641, 89820, 92312, 68257, 4823, 2618, 23561, 19715, 78420, 94189]"
111063,"[101499, 63674, 70749, 2041, 13566, 85492, 39553, 28159, 108554, 99651]"
111064,"[107184, 16057, 53156, 22810, 4692, 79290, 43498, 18157, 16647, 63693]"
111065,"[43596, 40592, 52035, 4386, 35696, 21531, 85989, 17601, 2011, 96945]"
111066,"[47293, 66522, 33634, 74596, 24863, 67306, 18026, 8955, 107152, 87235]"
111067,"[109352, 45983, 41390, 98699, 41142, 104160, 6592, 20970, 38265, 79600]"
111068,"[63103, 18211, 80453, 44014, 99805, 58669, 89657, 75298, 36826, 89341]"
111069,"[20799, 6298, 88685, 77962, 49033, 104237, 83245, 94290, 16449, 37519]"
111070,"[77267, 27716, 65454, 100222, 55400, 46881, 11855, 109363, 60991, 65535]"
111071,"[99857, 80231, 19625, 3565, 44776, 16510, 79589, 109275, 37737, 59819]"
111072,"[85176, 65184, 92643, 54050, 56229, 108195, 94444, 90777, 56917, 64881]"
111073,"[100286, 5214, 88132, 104605, 81611, 106979, 6056, 36995, 89583, 8732]"
111074,"[95778, 62625, 62919, 12956, 66766, 12980, 38744, 40227, 57624, 13318]"
111075,"[1463, 27988, 77572, 30794, 102413, 69284, 25398, 21010, 103250, 109646]"
111076,"[94328, 79361, 54441, 11637, 45819, 61332, 65757, 7566, 92598, 68595]"
111077,"[56247, 73903, 56261, 98529, 26419, 44044, 92468, 27500, 63629, 3389]"
111078,"[18033, 34504, 18321, 94938, 37152, 82130, 58061, 97238, 32612, 64612]"
111079,"[50521, 98418, 51356, 32686, 22656, 4993, 88642, 76724, 89273, 92570]"
111080,"[2553, 86797, 9211, 22847, 38769, 18295, 34715, 73418, 65211, 96539]"
111081,"[87663, 43069, 33282, 57757, 91104, 92292, 27882, 40844, 11590, 7308]"
111082,"[55403, 65366, 2870, 77287, 21023, 101024, 63244, 103422, 1020, 63790]"
111083,"[71293, 102993, 18120, 77016, 97005, 79858, 17042, 48104, 45026, 89680]"
111084,"[15709, 37230, 76275, 73223, 100659, 79795, 83710, 74677, 6050, 62662]"
111085,"[95577, 11108, 61602, 57152, 50868, 18371, 54761, 74345, 26276, 93262]"
111086,"[81353, 28922, 66855, 46294, 19477, 84058, 69069, 12371, 49830, 61988]"
111087,"[5871, 97864, 89983, 79300, 62678, 77700, 33031, 70487, 60117, 35860]"
111088,"[29070, 45014, 61002, 45301, 38628, 42020, 46666, 12268, 24465, 1243]"
111089,"[58584, 21996, 47272, 8534, 42035, 97941, 80968, 32474, 21314, 34195]"
111090,"[81724, 52031, 13602, 86731, 84641, 38622, 44269, 2069, 75539, 27096]"
111091,"[67132, 76549, 24108, 53728, 82189, 21224, 76844, 60936, 100922, 87686]"
111092,"[63184, 61970, 74162, 20108, 32494, 35556, 14638, 3634, 92335, 72512]"
111093,"[982, 32923, 50413, 52600, 84352, 34801, 21782, 7652, 42044, 39288]"
111094,"[48409, 38292, 17770, 51324, 75588, 18487, 95811, 14812, 86493, 105020]"
111095,"[61301, 100511, 65409, 108555, 36785, 78146, 49207, 82809, 42097, 104703]"
111096,"[109562, 29797, 97999, 78071, 93156, 64449, 21112, 76319, 6638, 45089]"
111097,"[99718, 107811, 8391, 12652, 81861, 96902, 37981, 21394, 60244, 33432]"
111098,"[100741, 46898, 97800, 14059, 63346, 34342, 77781, 41831, 10847, 83488]"
111099,"[95438, 3957, 37014, 49528, 69790, 38432, 59930, 29895, 73559, 107205]"
111100,"[104490, 108886, 59043, 16234, 78584, 26232, 14592, 77624, 57523, 94070]"
111101,"[42029, 2559, 18816, 64664, 80255, 55118, 18954, 79380, 5884, 39667]"
111102,"[102101, 65936, 15654, 23955, 3803, 9505, 85006, 75735, 53354, 71656]"
111103,"[92484, 64656, 107998, 109546, 58483, 86738, 82845, 49072, 22584, 87584]"
111104,"[66811, 38171, 80560, 28267, 29073, 52730, 89902, 90275, 104284, 49491]"
111105,"[23719, 74109, 89458, 97498, 54660, 75482, 43109, 61855, 80377, 60821]"
111106,"[88036, 92630, 3443, 52959, 29774, 99621, 59925, 73821, 43544, 27351]"
111107,"[54147, 52597, 57675, 5698, 70684, 8412, 43266, 80006, 37371, 72996]"
111108,"[71391, 2035, 1286, 98890, 100786, 30862, 104768, 5733, 87379, 74512]"
111109,"[98495, 66905, 103723, 53750, 59396, 64196, 90483, 32568, 1117, 37196]"
111110,"[22848, 97641, 46195, 19933, 31423, 96618, 18247, 12703, 61137, 98670]"
111111,"[107489, 24455, 2076, 69611, 106268, 80365, 25058, 39221, 102572, 85311]"
111112,"[93618, 85703, 34688, 624, 30535, 83435, 86448, 65085, 44077, 58257]"
111113,"[73208, 104030, 42943, 108255, 68129, 75781, 79888, 26440, 72600, 76766]"
111114,"[15416, 84611, 41861, 96375, 42934, 50712, 85581, 57559, 13361, 8969]"
111115,"[35934, 34370, 72013, 63425, 89921, 101514, 61461, 107335, 67468, 5084]"
111116,"[60991, 46881, 65535, 30170, 24534, 27716, 109363, 11855, 86839, 77267]"
111117,"[45675, 48224, 68256, 102524, 36011, 62895, 26269, 57486, 25133, 81259]"
111118,"[70384, 102017, 6750, 30114, 102589, 14209, 56535, 97876, 82857, 15620]"
111119,"[4657, 76854, 27249, 19990, 12150, 107699, 88148, 54398, 77938, 19760]"
111120,"[73427, 106194, 96567, 89830, 11583, 87201, 75779, 764, 85313, 31062]"
111121,"[29930, 31078, 45377, 66128, 92349, 26551, 68441, 47533, 27321, 22576]"
111122,"[44493, 68243, 25738, 81845, 15859, 14909, 38838, 83943, 54179, 27885]"
111123,"[56117, 39165, 4812, 10939, 29434, 25170, 32259, 25558, 96085, 28503]"
111124,"[97675, 7054, 32776, 58581, 95532, 16384, 35460, 70742, 90564, 91212]"
111125,"[39412, 15237, 29784, 44509, 3590, 96387, 52259, 84931, 12123, 85949]"
111126,"[62187, 67817, 16472, 99316, 44087, 51337, 11396, 68510, 29991, 98724]"
111127,"[21102, 16567, 90860, 93589, 13604, 106309, 104112, 45521, 39718, 39507]"
111128,"[91613, 69884, 47743, 66780, 28250, 12634, 19091, 30408, 79535, 46360]"
111129,"[51858, 36435, 55938, 20237, 23153, 86433, 48774, 79354, 65074, 103658]"
111130,"[40669, 19751, 8019, 17529, 104943, 4261, 34634, 9297, 9247, 86091]"
111131,"[16755, 93962, 84133, 55494, 42852, 38640, 16412, 93658, 90241, 5962]"
111132,"[95281, 106851, 12959, 23575, 93877, 2659, 87249, 89642, 28991, 87653]"
111133,"[65416, 13497, 65078, 61852, 24716, 99572, 17757, 26418, 108950, 93038]"
111134,"[104222, 21538, 52252, 48429, 89217, 89606, 74268, 56480, 96839, 11345]"
111135,"[12355, 17206, 23178, 47214, 16555, 66410, 16744, 35662, 36772, 76628]"
111136,"[2568, 26153, 88470, 8232, 74484, 87423, 61380, 69565, 91713, 6087]"
111137,"[6438, 36753, 3467, 8279, 92278, 10594, 17420, 35334, 99657, 95008]"
111138,"[74013, 45139, 102423, 32112, 4855, 28148, 53377, 11108, 96437, 3962]"
111139,"[55287, 39416, 33472, 64846, 102519, 26671, 52314, 98392, 39049, 45715]"
111140,"[3687, 93920, 41141, 89822, 91173, 72493, 60129, 55540, 55989, 33337]"
111141,"[43981, 96065, 60598, 74272, 106999, 35588, 32315, 18003, 27587, 87791]"
111142,"[83447, 71260, 82537, 82251, 22241, 77949, 68982, 42012, 39067, 11109]"
111143,"[47529, 30924, 91847, 14714, 8857, 49932, 33351, 69009, 59179, 5190]"
111144,"[97525, 107874, 97539, 76430, 67393, 17347, 47871, 60700, 51342, 61554]"
111145,"[78466, 28207, 73547, 75701, 58112, 38966, 21140, 75524, 90038, 84296]"
111146,"[102268, 47123, 22252, 28042, 65462, 31334, 27350, 2640, 104441, 95388]"
111147,"[67638, 3899, 33377, 44724, 84178, 44838, 20964, 36269, 38953, 107177]"
111148,"[99210, 18284, 43679, 102895, 9537, 100303, 15038, 38757, 24804, 64861]"
111149,"[18376, 104734, 79345, 64243, 32429, 79651, 93162, 44297, 29963, 4018]"
111150,"[55913, 69234, 109188, 85746, 49928, 42539, 17682, 26371, 38444, 6493]"
111151,"[19294, 98145, 41580, 37233, 11148, 35463, 11900, 43552, 29538, 71081]"
111152,"[43607, 1827, 74717, 62464, 31600, 89442, 51929, 94546, 79609, 95157]"
111153,"[106796, 99379, 50585, 24698, 21141, 99209, 92758, 106272, 29378, 49580]"
111154,"[48490, 12328, 84275, 100086, 101797, 47549, 18624, 18702, 2319, 69663]"
111155,"[70717, 8004, 95454, 42545, 53193, 62244, 36521, 12880, 42678, 92519]"
111156,"[51569, 8224, 72363, 59894, 98174, 87976, 5154, 70740, 80242, 44158]"
111157,"[103762, 24917, 42158, 62815, 30708, 40212, 31616, 92766, 4284, 15739]"
111158,"[102384, 73725, 20255, 102049, 1888, 84455, 69123, 99970, 46868, 22461]"
111159,"[90223, 19555, 44693, 78784, 9063, 10812, 66462, 76413, 26229, 103692]"
111160,"[83450, 44258, 97432, 34890, 2172, 57077, 48878, 71781, 14504, 108191]"
111161,"[29808, 60007, 48334, 103864, 81381, 71253, 77185, 108653, 60540, 433]"
111162,"[39860, 60976, 80797, 107633, 3116, 71210, 86997, 57541, 67907, 69196]"
111163,"[57833, 27855, 84908, 42421, 95246, 35420, 85610, 94735, 28923, 91327]"
111164,"[60743, 4892, 95366, 26598, 58765, 24320, 27241, 103171, 101120, 23422]"
111165,"[95775, 56780, 75329, 20297, 48093, 57115, 64948, 11771, 16636, 91615]"
111166,"[40181, 40331, 23650, 23059, 70250, 84229, 105831, 97463, 78652, 108340]"
111167,"[16964, 24788, 10245, 64054, 57663, 637, 83675, 66178, 91095, 15551]"
111168,"[13748, 36557, 4621, 64443, 72188, 61787, 63869, 9394, 56985, 15657]"
111169,"[6652, 17550, 7017, 107616, 68845, 23605, 82041, 68899, 8913, 13388]"
111170,"[108831, 66762, 39495, 79039, 676, 97753, 97456, 41606, 75944, 81264]"
111171,"[47417, 10229, 105023, 2843, 12178, 57587, 44946, 32803, 738, 85151]"
111172,"[42501, 61354, 46985, 87841, 104328, 57550, 104420, 22518, 46374, 101280]"
111173,"[22950, 14791, 12701, 19523, 84021, 53184, 80504, 94383, 54954, 64279]"
111174,"[15036, 90014, 82108, 89221, 71556, 48463, 55245, 827, 105177, 248]"
111175,"[60403, 72931, 70438, 63654, 31291, 32658, 22612, 6065, 22190, 78103]"
111176,"[90607, 79453, 29755, 2700, 93290, 4976, 42001, 73968, 18046, 75240]"
111177,"[44117, 64038, 27311, 27911, 55313, 7375, 105382, 88919, 31298, 44463]"
111178,"[5771, 64181, 108548, 47504, 40836, 75167, 97465, 89327, 72232, 74397]"
111179,"[35836, 19585, 82015, 85873, 80160, 82689, 30649, 62032, 96264, 60619]"
111180,"[62058, 14429, 58902, 49280, 35112, 23464, 58232, 75500, 54908, 34252]"
111181,"[39130, 75430, 101213, 77719, 3868, 61375, 34858, 16336, 101764, 3763]"
111182,"[98380, 80657, 102559, 6119, 68989, 77588, 6917, 41043, 80003, 82481]"
111183,"[29980, 56942, 1495, 56551, 108675, 3772, 60999, 70293, 55156, 100085]"
111184,"[17280, 67864, 59810, 105398, 104104, 54509, 11433, 93321, 48129, 109420]"
111185,"[72110, 15106, 66408, 95211, 51600, 71068, 12128, 77196, 6844, 85941]"
111186,"[53288, 29899, 63866, 74285, 106843, 24636, 64266, 86527, 64810, 83316]"
111187,"[86166, 3237, 60706, 80530, 53856, 16619, 16682, 79942, 77587, 46598]"
111188,"[82737, 58684, 107402, 84619, 4121, 2794, 94843, 107185, 69082, 83594]"
111189,"[29138, 36685, 4084, 49696, 106098, 1888, 74820, 13961, 61479, 108717]"
111190,"[34154, 74647, 59765, 78317, 10533, 101933, 87142, 17358, 13090, 79390]"
111191,"[61014, 86771, 74675, 74364, 94785, 94944, 41290, 7097, 66119, 38091]"
111192,"[78425, 88229, 77218, 26638, 75886, 38483, 75186, 34560, 7755, 83496]"
111193,"[60801, 82912, 46675, 9578, 59071, 59523, 104832, 38352, 52775, 43153]"
111194,"[27327, 63354, 108053, 109612, 60157, 63338, 34942, 73473, 84446, 45137]"
111195,"[67587, 16527, 57500, 91351, 2464, 100436, 81483, 26103, 3658, 55105]"
111196,"[62158, 83951, 13866, 51575, 19344, 860, 23662, 16551, 44681, 53223]"
111197,"[9237, 96261, 5963, 12026, 36920, 48026, 102565, 102466, 69179, 80218]"
111198,"[90346, 32942, 80492, 67623, 58919, 41365, 103847, 61861, 56189, 13658]"
111199,"[55930, 35162, 33940, 44146, 106602, 17342, 73735, 42304, 20626, 68861]"
111200,"[15201, 60608, 31872, 102262, 65893, 94718, 109227, 88856, 54278, 72389]"
111201,"[86213, 33094, 18658, 43801, 16138, 98946, 21725, 1492, 106404, 86406]"
111202,"[92919, 47758, 38672, 92231, 13777, 10645, 62223, 71631, 22115, 52186]"
111203,"[65666, 7485, 37294, 97239, 26466, 12050, 73312, 34527, 79532, 38243]"
111204,"[2827, 17157, 99589, 83553, 16770, 27371, 108017, 96494, 92704, 32842]"
111205,"[56981, 46894, 30877, 3380, 84018, 78827, 63415, 20813, 58286, 38079]"
111206,"[45771, 54902, 59674, 16761, 14910, 32745, 14958, 30648, 108551, 80548]"
111207,"[45970, 73065, 15446, 27540, 61712, 77669, 30182, 1956, 104888, 30711]"
111208,"[22062, 2635, 60313, 33318, 83999, 105242, 104229, 77854, 11095, 86918]"
111209,"[60743, 95366, 33997, 101941, 4892, 24665, 85225, 32345, 24305, 107364]"
111210,"[90770, 3101, 101076, 59433, 71699, 46344, 58815, 55373, 3668, 89275]"
111211,"[64638, 103064, 7054, 92830, 76164, 98573, 81614, 73965, 86041, 48343]"
111212,"[49512, 60735, 64903, 63556, 18753, 61296, 99678, 65419, 39266, 14912]"
111213,"[74880, 92960, 47365, 21682, 107771, 22980, 95682, 63502, 73272, 6908]"
111214,"[85560, 55282, 77323, 27813, 34773, 78941, 107600, 80894, 29619, 68936]"
111215,"[50689, 35543, 10144, 29575, 23255, 100433, 30751, 9438, 29182, 78116]"
111216,"[86193, 99098, 57235, 105872, 59125, 68558, 97883, 19286, 25544, 40302]"
111217,"[40572, 18602, 35642, 48066, 33970, 30898, 26312, 43992, 31247, 8950]"
111218,"[82135, 39190, 1735, 96217, 96174, 7752, 64965, 3126, 101467, 54307]"
111219,"[14402, 18233, 49550, 63539, 52137, 22958, 104231, 95537, 17588, 78998]"
111220,"[107416, 29622, 38790, 67520, 12765, 38952, 71075, 18670, 86755, 53622]"
111221,"[14582, 43393, 84247, 84761, 70405, 22541, 37090, 102598, 103322, 38486]"
111222,"[42452, 91851, 16065, 55882, 62269, 100571, 96365, 84142, 61859, 8362]"
111223,"[26888, 102888, 21374, 89217, 69460, 42538, 40715, 80739, 85629, 63805]"
111224,"[105339, 82388, 23694, 5430, 25780, 97567, 9209, 28711, 100599, 20114]"
111225,"[97045, 86057, 23365, 12202, 17459, 25156, 32296, 105039, 83101, 10537]"
111226,"[27428, 17346, 54979, 68056, 66415, 30724, 81585, 68692, 1628, 11958]"
111227,"[23102, 25015, 18431, 11860, 77638, 24736, 63158, 47604, 27451, 15753]"
111228,"[76360, 24728, 95611, 10775, 91305, 38831, 41895, 58501, 16661, 100650]"
111229,"[83815, 34423, 71406, 47411, 56480, 8569, 96839, 109580, 52968, 40715]"
111230,"[12609, 98648, 16434, 68242, 5118, 28733, 80916, 46502, 80758, 92787]"
111231,"[14931, 43052, 107375, 85461, 45918, 8188, 81830, 2304, 101179, 108776]"
111232,"[57557, 40332, 57030, 55618, 55272, 2882, 105477, 108815, 101510, 96528]"
111233,"[77704, 15246, 41699, 98140, 73993, 10160, 48587, 9974, 47696, 43939]"
111234,"[85301, 83349, 70263, 86588, 45781, 85813, 65273, 82328, 75135, 27494]"
111235,"[107482, 22033, 109616, 47365, 39646, 81147, 8500, 106415, 46256, 98026]"
111236,"[92428, 87124, 31738, 6185, 18135, 59364, 60100, 28145, 52704, 104075]"
111237,"[82239, 24903, 34166, 75859, 39344, 15267, 51698, 69639, 5470, 108080]"
111238,"[27514, 11449, 89528, 19858, 9403, 97580, 74287, 103219, 5334, 107331]"
111239,"[36670, 62795, 65187, 91781, 93269, 18323, 65454, 90091, 41771, 99552]"
111240,"[33407, 55986, 43864, 103019, 1631, 2408, 4974, 85478, 26713, 19405]"
111241,"[12857, 81344, 10142, 58435, 64780, 25315, 66357, 84483, 97898, 80217]"
111242,"[3022, 81336, 91482, 69970, 47590, 106230, 211, 61974, 43372, 57297]"
111243,"[95533, 91008, 63145, 2739, 40964, 39368, 102328, 95509, 45425, 98075]"
111244,"[91416, 534, 56929, 79139, 71454, 51876, 24395, 21890, 2588, 2805]"
111245,"[27499, 30618, 28973, 69068, 87677, 101416, 38297, 66476, 41365, 103847]"
111246,"[10382, 88409, 64457, 57479, 40153, 47789, 25774, 101630, 97913, 95629]"
111247,"[109772, 60444, 52758, 23763, 77132, 96796, 93325, 98491, 22026, 108408]"
111248,"[84492, 96452, 21221, 35885, 91301, 107664, 17123, 22663, 19474, 19336]"
111249,"[81692, 3346, 71379, 109546, 83035, 79197, 62010, 63389, 7907, 2793]"
111250,"[67500, 92874, 29721, 62724, 94573, 21693, 80968, 47272, 12535, 47414]"
111251,"[63539, 29778, 105746, 44711, 28620, 49550, 28423, 29422, 5361, 76065]"
111252,"[35990, 48765, 64430, 34992, 23488, 71858, 108126, 43642, 24152, 96622]"
111253,"[103073, 26778, 64951, 88527, 93297, 35371, 43762, 80290, 103527, 69868]"
111254,"[14737, 16724, 33968, 62384, 92228, 65882, 45803, 37705, 108254, 55117]"
111255,"[41773, 33877, 94489, 76298, 12887, 33366, 28838, 91261, 4067, 102818]"
111256,"[64993, 55831, 36718, 48896, 14660, 101765, 18716, 97717, 109145, 109451]"
111257,"[50311, 105602, 92645, 18363, 51000, 51253, 35855, 22599, 14577, 72111]"
111258,"[34840, 34665, 16015, 39895, 21995, 28492, 43072, 54971, 23243, 74622]"
111259,"[82712, 55779, 104776, 49020, 6649, 38469, 40379, 68488, 25559, 85284]"
111260,"[52877, 85881, 92724, 53167, 40437, 109763, 78697, 3206, 1148, 62265]"
111261,"[2815, 55370, 74823, 95884, 49444, 71114, 104094, 47570, 76867, 28933]"
111262,"[12677, 38693, 93632, 83445, 37061, 86866, 67778, 42674, 36758, 59093]"
111263,"[107864, 92716, 40997, 42504, 44128, 18610, 101384, 72910, 76971, 82121]"
111264,"[12929, 54001, 5753, 65397, 4660, 72029, 91496, 58105, 63589, 54364]"
111265,"[80259, 57494, 21551, 67519, 64112, 98719, 87308, 16603, 65790, 54786]"
111266,"[63024, 46618, 38456, 82586, 51339, 76444, 41770, 13365, 48505, 74581]"
111267,"[17247, 10316, 62521, 53486, 107035, 4161, 19960, 72785, 17495, 10655]"
111268,"[12591, 57301, 30253, 18890, 15846, 6952, 338, 7526, 13602, 85142]"
111269,"[16484, 81247, 55565, 66472, 4993, 47238, 51902, 72518, 89273, 94813]"
111270,"[37045, 2935, 61139, 99266, 60182, 80160, 49037, 58575, 45703, 93180]"
111271,"[20004, 82889, 87132, 31074, 91603, 12997, 96152, 49036, 100901, 87292]"
111272,"[26243, 23796, 4970, 37708, 85349, 99217, 3130, 69672, 42707, 4390]"
111273,"[42953, 32668, 58022, 21814, 90685, 36482, 28016, 85892, 89368, 8196]"
111274,"[108738, 347, 51580, 65339, 58865, 83310, 46714, 106008, 5176, 91621]"
111275,"[13179, 59715, 7954, 106256, 26699, 100422, 91842, 52141, 19380, 106025]"
111276,"[8753, 53679, 37808, 43168, 106335, 25268, 30090, 59423, 1273, 53994]"
111277,"[21073, 9189, 76292, 107578, 37260, 10609, 33326, 48207, 29499, 34124]"
111278,"[19693, 17957, 83696, 17663, 72131, 69171, 65474, 7456, 42978, 59523]"
111279,"[83247, 88479, 11489, 67354, 52886, 4764, 42355, 87061, 10945, 27617]"
111280,"[44398, 17394, 103439, 52813, 60864, 60590, 54777, 35098, 40249, 61160]"
111281,"[12096, 52867, 100111, 2059, 101483, 91723, 86564, 76263, 33453, 39287]"
111282,"[65359, 91377, 61277, 83017, 79706, 37602, 40000, 37097, 72302, 15701]"
111283,"[55031, 96813, 25213, 5367, 87275, 98613, 28397, 35691, 8001, 60552]"
111284,"[42317, 108891, 20417, 55693, 48540, 69708, 53950, 60327, 3773, 105280]"
111285,"[70404, 58089, 69885, 8468, 56586, 108984, 35185, 104062, 64689, 61292]"
111286,"[71199, 82757, 95162, 31262, 68043, 21436, 105118, 103937, 97060, 20009]"
111287,"[39883, 51435, 58719, 56513, 10232, 7982, 83558, 91248, 53488, 90936]"
111288,"[1700, 22127, 79798, 107997, 100663, 56644, 71927, 104498, 101363, 35279]"
111289,"[33524, 102592, 76117, 42962, 46288, 46085, 78393, 102102, 23149, 2605]"
111290,"[82577, 15521, 85564, 96833, 106292, 102477, 81006, 18558, 34847, 23798]"
111291,"[85608, 42479, 40531, 38558, 32649, 101703, 86468, 37407, 35730, 11503]"
111292,"[27937, 30759, 48296, 36902, 13239, 21925, 12967, 1097, 44998, 49887]"
111293,"[90277, 3959, 37060, 92474, 39730, 84766, 83204, 13115, 52260, 104858]"
111294,"[50894, 24884, 9294, 91925, 99477, 22261, 82034, 108498, 19468, 55397]"
111295,"[63220, 58971, 97722, 50326, 65277, 109771, 78337, 9485, 104173, 88670]"
111296,"[3496, 92210, 4455, 17061, 107523, 80264, 63476, 61752, 30380, 22954]"
111297,"[56950, 83069, 99554, 86981, 67095, 94275, 66306, 27347, 43879, 27274]"
111298,"[48357, 37385, 91933, 27741, 30, 37722, 7983, 23389, 12887, 35913]"
111299,"[96374, 17062, 94131, 15044, 18175, 222, 103947, 11041, 37544, 61653]"
111300,"[11672, 92427, 98031, 21985, 39001, 78620, 16697, 78453, 39032, 54317]"
111301,"[15906, 70681, 36902, 47037, 84077, 27183, 82177, 101160, 82477, 56152]"
111302,"[108994, 44366, 42653, 69525, 87817, 67154, 97544, 103156, 73449, 20324]"
111303,"[102447, 46940, 39536, 45670, 63618, 53019, 14681, 95487, 25816, 40787]"
111304,"[51501, 57154, 74670, 22532, 46069, 2278, 50294, 69691, 3084, 12301]"
111305,"[92892, 94949, 64405, 18380, 53106, 7957, 10523, 38003, 35447, 37834]"
111306,"[10104, 101975, 59273, 75938, 34505, 89886, 25589, 108978, 12437, 29866]"
111307,"[44089, 84600, 87718, 65062, 102198, 8279, 19483, 46809, 92278, 79563]"
111308,"[26530, 25568, 81246, 49836, 47490, 49868, 98832, 98927, 74171, 34969]"
111309,"[17799, 31547, 46194, 82332, 100490, 28175, 76754, 27337, 78509, 81298]"
111310,"[11571, 92061, 49914, 94310, 35591, 28303, 16842, 90905, 61177, 64563]"
111311,"[100374, 3123, 93999, 87937, 60960, 85816, 83790, 49559, 88835, 62592]"
111312,"[17439, 91426, 31705, 34387, 84085, 24695, 35517, 7749, 53952, 77349]"
111313,"[45861, 83641, 24669, 99320, 49229, 14687, 97693, 93953, 5926, 85123]"
111314,"[83769, 38704, 29334, 22447, 73836, 101655, 95336, 88044, 72954, 3100]"
111315,"[64970, 8112, 84413, 33718, 107045, 66023, 2980, 97379, 101406, 100650]"
111316,"[95104, 73146, 32080, 91995, 81081, 35125, 14446, 103989, 8266, 30419]"
111317,"[3731, 76734, 11767, 12092, 95891, 72010, 72537, 39321, 78811, 61329]"
111318,"[1757, 2181, 79583, 79018, 44758, 100660, 74380, 59041, 64098, 105841]"
111319,"[33528, 89472, 70543, 6128, 78781, 88981, 75098, 48780, 40424, 53151]"
111320,"[34442, 49606, 44526, 57788, 74302, 34638, 44696, 76780, 17456, 22351]"
111321,"[59170, 45891, 1141, 7259, 95229, 102669, 27868, 12224, 12696, 108108]"
111322,"[45516, 58536, 92303, 10085, 7502, 56872, 48092, 57295, 94837, 61670]"
111323,"[86231, 47202, 10297, 29755, 98177, 39826, 58202, 71650, 81968, 76235]"
111324,"[28577, 108427, 51807, 80245, 88243, 51702, 53018, 26219, 9352, 95417]"
111325,"[60408, 76091, 92545, 94014, 63590, 69156, 37962, 15186, 66927, 88861]"
111326,"[11200, 11815, 11289, 90826, 15141, 100685, 80928, 44636, 43290, 85670]"
111327,"[11871, 81904, 79539, 84665, 99041, 15472, 11285, 9705, 64360, 22583]"
111328,"[25677, 24641, 67689, 24695, 96029, 75292, 95626, 77676, 46859, 36962]"
111329,"[9071, 28778, 74832, 81171, 40831, 94006, 87909, 1835, 9760, 16519]"
111330,"[93595, 28696, 59071, 102194, 31573, 58326, 100640, 3249, 106645, 103635]"
111331,"[101486, 47487, 66768, 23649, 76342, 85457, 19717, 82612, 69372, 42110]"
111332,"[87359, 53190, 90336, 78983, 99469, 96199, 80582, 79085, 28940, 95014]"
111333,"[67311, 89179, 87897, 28500, 96823, 74663, 52931, 40857, 70941, 49909]"
111334,"[66790, 81289, 102907, 94631, 30618, 45032, 35995, 22246, 69165, 93198]"
111335,"[106182, 7213, 15922, 78344, 25120, 91454, 71565, 81640, 61304, 1114]"
111336,"[107742, 63422, 52187, 47222, 23340, 29465, 44395, 95897, 101453, 19247]"
111337,"[61914, 36943, 28369, 82811, 37214, 32724, 53500, 34550, 14018, 13564]"
111338,"[21057, 109434, 52473, 88775, 50883, 93995, 68801, 10196, 52318, 74578]"
111339,"[67522, 89558, 51303, 13981, 18462, 77585, 27174, 87009, 54847, 29549]"
111340,"[77417, 14457, 104314, 62736, 104261, 92154, 22616, 19453, 66118, 107609]"
111341,"[93507, 13541, 10817, 8355, 44035, 2237, 68723, 17669, 54320, 32499]"
111342,"[50480, 63409, 62753, 103357, 59776, 956, 107919, 83593, 85039, 6970]"
111343,"[45765, 106346, 102185, 31274, 85747, 46958, 10477, 59115, 1069, 68754]"
111344,"[21068, 34695, 70246, 50267, 101602, 61967, 12816, 4624, 12049, 73584]"
111345,"[104348, 12809, 73414, 16991, 71345, 12431, 10552, 42274, 75941, 34084]"
111346,"[24593, 2209, 97185, 103076, 18786, 61379, 10674, 106043, 6648, 83941]"
111347,"[102801, 779, 106935, 13807, 39722, 97794, 70467, 85589, 1064, 77716]"
111348,"[88181, 65884, 87642, 7695, 18649, 20658, 90349, 9664, 45305, 107308]"
111349,"[94466, 9623, 98587, 20208, 50592, 64702, 24251, 85087, 60638, 96254]"
111350,"[3297, 42175, 12636, 98747, 106821, 73369, 26724, 87374, 29837, 63764]"
111351,"[52230, 94900, 35695, 23064, 11387, 72389, 22667, 82417, 83851, 44579]"
111352,"[24474, 59210, 54782, 73044, 37031, 14523, 2317, 88722, 49747, 92677]"
111353,"[5898, 7167, 23169, 101106, 20139, 51134, 28102, 65899, 86767, 49510]"
111354,"[62587, 70607, 44396, 7631, 46960, 99793, 50426, 33769, 101561, 76940]"
111355,"[66748, 33423, 30280, 72980, 103741, 64501, 41877, 87393, 39003, 66860]"
111356,"[69259, 13962, 42488, 10791, 47539, 52748, 33058, 54843, 17205, 28629]"
111357,"[51932, 90718, 10965, 46109, 82399, 48666, 105570, 71900, 44792, 9131]"
111358,"[97916, 31542, 28431, 39721, 106379, 88689, 25402, 82964, 44657, 1473]"
111359,"[108368, 91899, 91006, 107440, 108813, 34662, 58344, 77199, 39584, 60553]"
111360,"[107496, 63936, 89053, 66340, 592, 77689, 32526, 43896, 12312, 90030]"
111361,"[86300, 30918, 85608, 27278, 90356, 98555, 68255, 37630, 67998, 14820]"
111362,"[80048, 13136, 84134, 57205, 48428, 66138, 32460, 30107, 93798, 3243]"
111363,"[42555, 33092, 59506, 4765, 62040, 77439, 102948, 18442, 1271, 70649]"
111364,"[90080, 25582, 84554, 14039, 19439, 26996, 87886, 107708, 18779, 104675]"
111365,"[105926, 1082, 37641, 44579, 11387, 94900, 52101, 34394, 60183, 85852]"
111366,"[23295, 5272, 71873, 24670, 4945, 87650, 75703, 37442, 94563, 14855]"
111367,"[67644, 6862, 19262, 56473, 34942, 13823, 22092, 54562, 69944, 84707]"
111368,"[52426, 6490, 24552, 33831, 69078, 36047, 3466, 74947, 42850, 12388]"
111369,"[81926, 90112, 1419, 17267, 57168, 67202, 65779, 26649, 30093, 101866]"
111370,"[8735, 90523, 48240, 34277, 32580, 43502, 70771, 60175, 81634, 13559]"
111371,"[78691, 5680, 41623, 16773, 97855, 46435, 71475, 17472, 101998, 34346]"
111372,"[72037, 59437, 37624, 47800, 97780, 67477, 76535, 58659, 40369, 76439]"
111373,"[95964, 73380, 3583, 101844, 3783, 85389, 4988, 93723, 65869, 105232]"
111374,"[41077, 84255, 103330, 56274, 81971, 61762, 105906, 52244, 50167, 15692]"
111375,"[7355, 53498, 102084, 60498, 6695, 1069, 93093, 13903, 105462, 78513]"
111376,"[10834, 25529, 105253, 4510, 57499, 52707, 83434, 107100, 80941, 108297]"
111377,"[56403, 2998, 99611, 105144, 40859, 1529, 31460, 105106, 53605, 34807]"
111378,"[47571, 94101, 84655, 12862, 88725, 84480, 81625, 38530, 5083, 73485]"
111379,"[86682, 91124, 104070, 57615, 89079, 76356, 65306, 31857, 79451, 95928]"
111380,"[44448, 7393, 59052, 21055, 77987, 98586, 19701, 3632, 82503, 23888]"
111381,"[7547, 18772, 29043, 13579, 78688, 103904, 3282, 40867, 65206, 85806]"
111382,"[38794, 103469, 38673, 56233, 87170, 106457, 66133, 35841, 37559, 137]"
111383,"[78155, 42881, 25118, 17820, 25725, 41734, 43020, 21278, 38694, 67352]"
111384,"[293, 74428, 77228, 90012, 83282, 59275, 65280, 42639, 80290, 33800]"
111385,"[39098, 3043, 103842, 29273, 41048, 12023, 29296, 94024, 19856, 93945]"
111386,"[88429, 4886, 47507, 8858, 79847, 37691, 95435, 94528, 99040, 75441]"
111387,"[67933, 87916, 11517, 29928, 75464, 21015, 58050, 9538, 76425, 25397]"
111388,"[88240, 94099, 55594, 69484, 109299, 42832, 23728, 80287, 101352, 5426]"
111389,"[92793, 9068, 72040, 97737, 71570, 22505, 86494, 42079, 16503, 41662]"
111390,"[20763, 17659, 68313, 45193, 95743, 42031, 14524, 66382, 41946, 80132]"
111391,"[85303, 107637, 95043, 77498, 50996, 46984, 98943, 57551, 38176, 108088]"
111392,"[6859, 15319, 6371, 49776, 107937, 73964, 31911, 108090, 45155, 4615]"
111393,"[11652, 49415, 23641, 40614, 57787, 1899, 67107, 55880, 103520, 87744]"
111394,"[41647, 57996, 18181, 7359, 104425, 41427, 61368, 98813, 19161, 65422]"
111395,"[9226, 32178, 40999, 9287, 79834, 20471, 85792, 66511, 71352, 77255]"
111396,"[665, 38097, 31050, 75828, 60584, 67378, 3151, 34669, 20899, 106961]"
111397,"[2192, 56241, 47979, 42660, 31876, 69272, 35465, 43384, 66441, 106855]"
111398,"[79607, 31959, 17038, 28570, 106519, 63749, 17027, 89740, 8371, 74232]"
111399,"[52300, 77389, 99502, 21535, 42586, 22061, 25337, 16380, 894, 100438]"
111400,"[42152, 15239, 106438, 8477, 21209, 25473, 24265, 78019, 106873, 95687]"
111401,"[12511, 55315, 80428, 104409, 105203, 49513, 19127, 11157, 7034, 48729]"
111402,"[65319, 57021, 52029, 34161, 46281, 27628, 82722, 62546, 15618, 10344]"
111403,"[71400, 3255, 38933, 93600, 23366, 13659, 28254, 456, 56391, 90427]"
111404,"[105923, 88701, 78107, 79446, 21230, 51906, 11365, 27464, 68566, 59700]"
111405,"[89447, 71064, 21563, 59237, 97010, 1257, 72817, 69126, 87982, 36248]"
111406,"[77139, 95562, 18321, 71862, 4791, 14414, 23841, 13933, 25824, 100870]"
111407,"[16299, 5550, 70475, 33637, 34525, 39881, 59629, 59475, 30902, 57041]"
111408,"[34515, 99865, 49867, 22847, 88055, 50991, 4673, 89394, 76996, 20272]"
111409,"[6865, 17411, 34080, 106415, 13701, 81748, 74880, 65600, 51130, 49903]"
111410,"[66319, 68668, 89523, 36674, 27322, 48534, 44914, 88997, 75021, 60699]"
111411,"[4841, 35957, 4116, 72610, 34851, 18672, 13141, 51796, 83763, 6664]"
111412,"[21194, 30046, 77028, 59535, 36960, 87518, 94147, 78465, 80628, 84248]"
111413,"[78056, 25927, 33883, 50612, 99027, 24116, 54627, 19906, 38693, 28282]"
111414,"[63290, 1737, 78814, 36228, 103787, 25065, 21486, 65240, 31828, 84068]"
111415,"[78189, 68664, 74614, 106607, 92019, 12790, 35508, 37244, 29834, 13914]"
111416,"[26157, 31181, 64088, 31823, 69108, 29932, 28882, 81051, 16820, 13800]"
111417,"[29516, 428, 71164, 51877, 31664, 34263, 2558, 87085, 30173, 12108]"
111418,"[25752, 31658, 63793, 10501, 103207, 93257, 66830, 27818, 113, 14874]"
111419,"[101562, 83811, 2808, 39646, 100630, 107482, 9126, 81147, 46256, 42814]"
111420,"[11523, 109627, 84106, 92820, 77369, 69377, 59269, 14845, 58142, 53596]"
111421,"[68662, 4553, 97076, 18739, 28913, 47219, 59901, 24490, 8009, 68985]"
111422,"[24957, 42332, 86337, 57033, 89715, 105471, 65886, 105463, 68232, 37275]"
111423,"[83338, 78682, 39752, 99424, 63445, 7551, 49369, 38950, 84638, 72044]"
111424,"[109739, 79203, 72272, 105884, 7469, 107903, 12467, 41083, 72466, 49634]"
111425,"[41719, 42576, 85767, 42117, 32399, 89881, 74488, 92190, 29471, 36892]"
111426,"[11071, 10673, 10843, 21993, 65576, 78831, 24385, 75424, 89021, 5296]"
111427,"[33466, 8111, 22610, 19016, 99973, 14006, 36278, 36472, 102132, 73437]"
111428,"[6566, 54050, 56229, 108195, 90777, 85176, 64881, 95632, 91949, 31490]"
111429,"[36810, 80861, 91512, 52535, 35374, 47135, 79060, 58374, 75052, 7755]"
111430,"[96135, 90774, 63623, 25792, 18400, 36693, 84269, 98654, 45834, 73536]"
111431,"[26007, 22952, 11752, 59165, 82059, 36485, 3782, 1637, 35899, 105196]"
111432,"[23532, 57729, 47617, 45073, 75429, 383, 101328, 49452, 76489, 47000]"
111433,"[107726, 79093, 33850, 106981, 69551, 106892, 52819, 40165, 28081, 72651]"
111434,"[3044, 77001, 81829, 98740, 37249, 107511, 74845, 9325, 90634, 87876]"
111435,"[99344, 86375, 43680, 68766, 77765, 53466, 85648, 12551, 70962, 48094]"
111436,"[93420, 97467, 69726, 88860, 16896, 101523, 89936, 41061, 40663, 76019]"
111437,"[35350, 97804, 84534, 6139, 22750, 52105, 29020, 81970, 36647, 71357]"
111438,"[4713, 38718, 53851, 107658, 50355, 42684, 13535, 95749, 91783, 43084]"
111439,"[67555, 40316, 1874, 70307, 40830, 64503, 80203, 92553, 32761, 9693]"
111440,"[49033, 38080, 3963, 4638, 71991, 46751, 92719, 48131, 72331, 42566]"
111441,"[38450, 14396, 42368, 77029, 34806, 106848, 16376, 87767, 71224, 52906]"
111442,"[6124, 55195, 50823, 5506, 72384, 56908, 97642, 45663, 43065, 32822]"
111443,"[6356, 102405, 30832, 47075, 97188, 17164, 77007, 17790, 8811, 17747]"
111444,"[69042, 78188, 79824, 14618, 28983, 81638, 50647, 11384, 28833, 82180]"
111445,"[69797, 81056, 52535, 83793, 75052, 46501, 31672, 7755, 63461, 107141]"
111446,"[69890, 106826, 53203, 3618, 45653, 10629, 107119, 82603, 86903, 41448]"
111447,"[52904, 43837, 5626, 107248, 8567, 100344, 31218, 58401, 82087, 75156]"
111448,"[68332, 54039, 101666, 26951, 32207, 21056, 47597, 41897, 54447, 50967]"
111449,"[42039, 41963, 71546, 10813, 49724, 3274, 15714, 66112, 26391, 72723]"
111450,"[1523, 66333, 11286, 89707, 71091, 77776, 42790, 59083, 43897, 29828]"
111451,"[69464, 86404, 99120, 12574, 39429, 105168, 35457, 49241, 21321, 80563]"
111452,"[55535, 61873, 54302, 73144, 49883, 85907, 88193, 107568, 22353, 82284]"
111453,"[75685, 33619, 107499, 74395, 64332, 106690, 41191, 89747, 75508, 109742]"
111454,"[93824, 33028, 30842, 91284, 14702, 22185, 385, 30187, 8254, 98803]"
111455,"[11864, 91687, 4665, 39681, 14979, 102726, 14021, 9840, 103816, 3742]"
111456,"[102815, 59966, 52611, 52807, 51136, 43355, 34136, 106166, 68229, 66219]"
111457,"[104337, 107495, 71765, 99811, 34329, 68862, 98362, 55026, 73519, 36130]"
111458,"[105556, 83229, 48707, 3627, 68885, 33930, 24692, 44340, 47456, 69751]"
111459,"[36751, 33919, 70177, 15997, 12006, 86138, 21680, 51833, 96872, 16544]"
111460,"[71847, 40840, 41982, 30994, 75610, 16662, 57797, 35315, 44639, 21712]"
111461,"[34451, 61529, 84961, 98310, 70375, 98510, 83958, 33531, 63266, 28162]"
111462,"[91501, 70110, 67854, 12456, 58781, 15113, 59161, 41733, 60093, 102122]"
111463,"[39253, 57456, 100365, 70173, 54637, 91934, 76066, 41801, 102753, 6983]"
111464,"[98480, 71014, 2816, 63743, 4233, 82901, 99187, 16591, 15666, 23597]"
111465,"[8296, 49199, 109101, 41758, 100896, 49215, 96797, 82728, 38383, 94124]"
111466,"[63503, 54182, 58955, 54499, 81084, 29525, 79680, 77657, 54936, 275]"
111467,"[64644, 18194, 71850, 6093, 43090, 86318, 59330, 74988, 91858, 106913]"
111468,"[56257, 105131, 99874, 109747, 97500, 97372, 49725, 63929, 85100, 22513]"
111469,"[49091, 46817, 63456, 107340, 77120, 106002, 106262, 63381, 77855, 99025]"
111470,"[87930, 64910, 55941, 31790, 74667, 95233, 90250, 109123, 21222, 10009]"
111471,"[105671, 62506, 16536, 21305, 25390, 2472, 100497, 44757, 97535, 13236]"
111472,"[79223, 23462, 61123, 39757, 13673, 72200, 75051, 96655, 64372, 14469]"
111473,"[40600, 96938, 34431, 83692, 76059, 14095, 54304, 37560, 67268, 1373]"
111474,"[48182, 27625, 87116, 39949, 95070, 30916, 100656, 73245, 21698, 44451]"
111475,"[99483, 62350, 61399, 37495, 78361, 79688, 19690, 39849, 24647, 86901]"
111476,"[56601, 90316, 25709, 92796, 90439, 40738, 76892, 86079, 78625, 87004]"
111477,"[70297, 62832, 61695, 53008, 14831, 93357, 95165, 47228, 29190, 15655]"
111478,"[61233, 70559, 103703, 76529, 106381, 59846, 13019, 61962, 13039, 91043]"
111479,"[30275, 1303, 9449, 7767, 50733, 73885, 62333, 15862, 104379, 22240]"
111480,"[9914, 104145, 80867, 80302, 63703, 18184, 20493, 26254, 61254, 51532]"
111481,"[5038, 61716, 36525, 75109, 17168, 82804, 75281, 61115, 75014, 21649]"
111482,"[90425, 5332, 82698, 22294, 70600, 60091, 77928, 67967, 105811, 66642]"
111483,"[61940, 81183, 18817, 13453, 102387, 31592, 11120, 47116, 31633, 99533]"
111484,"[59128, 32699, 101952, 31851, 67634, 61380, 45322, 56753, 108932, 10807]"
111485,"[30621, 4266, 32551, 65613, 64899, 64977, 53085, 105954, 12782, 19931]"
111486,"[35898, 100100, 106115, 105732, 56838, 76788, 80462, 51140, 44578, 74006]"
111487,"[30736, 22630, 62022, 72140, 39194, 12879, 18502, 92995, 49494, 38054]"
111488,"[101825, 35771, 38898, 100665, 34078, 89919, 27172, 72013, 5743, 62853]"
111489,"[7846, 87371, 56388, 8974, 68051, 45180, 44536, 54765, 10345, 96957]"
111490,"[17094, 85778, 63463, 37928, 80986, 103591, 63509, 57449, 9520, 104530]"
111491,"[68675, 9010, 41544, 88759, 34207, 56171, 55742, 21563, 12106, 100676]"
111492,"[89434, 15441, 109545, 84500, 33103, 85700, 23089, 103226, 23272, 103174]"
111493,"[67890, 36546, 27912, 30156, 84619, 52046, 108920, 106068, 82653, 36416]"
111494,"[74671, 82922, 5294, 99641, 40475, 81096, 97644, 64197, 6270, 64700]"
111495,"[86275, 16343, 52077, 54208, 30324, 72581, 7650, 72630, 42953, 49226]"
111496,"[90345, 38747, 56540, 53820, 86703, 55150, 75838, 11680, 21522, 63928]"
111497,"[2497, 53800, 70868, 98939, 49891, 49379, 46457, 52211, 46657, 49459]"
111498,"[83733, 98391, 5033, 33327, 47979, 17673, 2678, 106855, 56604, 93674]"
111499,"[73856, 9969, 76930, 39401, 7969, 75794, 59584, 64336, 23689, 74272]"
111500,"[108771, 101899, 22822, 35623, 96066, 62053, 4964, 102016, 74866, 58771]"
111501,"[84850, 26158, 79083, 11721, 85018, 108928, 62518, 103751, 105366, 89752]"
111502,"[97738, 42241, 67706, 56402, 35000, 91838, 28174, 35944, 98189, 47749]"
111503,"[37507, 72412, 66365, 7557, 74990, 18496, 58293, 64222, 2279, 79913]"
111504,"[24942, 28346, 29896, 96888, 107230, 100081, 1953, 51982, 24512, 99197]"
111505,"[93652, 83130, 44885, 25010, 91748, 23191, 26316, 95787, 79998, 51550]"
111506,"[103804, 85821, 77330, 41617, 43604, 74274, 92095, 5656, 30400, 43765]"
111507,"[103519, 39480, 48580, 93994, 10902, 74018, 33943, 49783, 5735, 100829]"
111508,"[32511, 52781, 16517, 17028, 63776, 18333, 94969, 12904, 106492, 96458]"
111509,"[10349, 94955, 42912, 18704, 67411, 96461, 30297, 7506, 87084, 102282]"
111510,"[38878, 91222, 81186, 45013, 52909, 40808, 89404, 89099, 18046, 105689]"
111511,"[93603, 98790, 5611, 93491, 27947, 73520, 37185, 107056, 16807, 64960]"
111512,"[46187, 46729, 52328, 69295, 10053, 72718, 26485, 58827, 21592, 97101]"
111513,"[52902, 91131, 47997, 61501, 87995, 91249, 104188, 5868, 43940, 59872]"
111514,"[59075, 70853, 32944, 21244, 94300, 109392, 19009, 73661, 49377, 62568]"
111515,"[36891, 18076, 85013, 45608, 106839, 20676, 104072, 70464, 70140, 88550]"
111516,"[95002, 34396, 81349, 62900, 53690, 45288, 34502, 90526, 66539, 43708]"
111517,"[46109, 24747, 88549, 27458, 99620, 26922, 82399, 51932, 61707, 15595]"
111518,"[66310, 18458, 17856, 91037, 106562, 74726, 68794, 14507, 58639, 39158]"
111519,"[70915, 80294, 74919, 95688, 27887, 52397, 11580, 42177, 56120, 98418]"
111520,"[66716, 21949, 21696, 100345, 29903, 104472, 21060, 57647, 91127, 103644]"
111521,"[36503, 59455, 56852, 54440, 72730, 38032, 13324, 26981, 52703, 22342]"
111522,"[9452, 2477, 83337, 59582, 19871, 79725, 82271, 6780, 61142, 104918]"
111523,"[8775, 77635, 50179, 90045, 17246, 38808, 38960, 35921, 20544, 43936]"
111524,"[103675, 51181, 2585, 76352, 3618, 20584, 89201, 84503, 82970, 71520]"
111525,"[27278, 83333, 38558, 107762, 60640, 27370, 37583, 82053, 64862, 75434]"
111526,"[35104, 51596, 102042, 46302, 44160, 88432, 85111, 15529, 18681, 4852]"
111527,"[49316, 3681, 3433, 7654, 99014, 8455, 37553, 60235, 9081, 7444]"
111528,"[106783, 82884, 105479, 54539, 28003, 86112, 32142, 90867, 100329, 42811]"
111529,"[79850, 41400, 56517, 88284, 79144, 85786, 38948, 69221, 23536, 86248]"
111530,"[89582, 56245, 63228, 44157, 54932, 13548, 89440, 28912, 30410, 26377]"
111531,"[50247, 97058, 27768, 89871, 1483, 54102, 83994, 104007, 60903, 90785]"
111532,"[14010, 50506, 13618, 62489, 15157, 26281, 101391, 387, 24195, 25303]"
111533,"[40777, 75949, 29947, 43932, 74368, 84273, 51827, 29484, 33522, 94454]"
111534,"[77481, 53880, 12831, 97464, 88041, 87091, 76536, 22382, 36851, 31509]"
111535,"[65615, 93174, 25420, 89345, 81074, 61052, 14898, 35157, 4726, 63853]"
111536,"[37627, 54817, 85377, 32198, 33071, 27162, 96139, 48684, 75038, 42507]"
111537,"[80817, 89339, 67501, 1198, 3033, 83320, 103393, 77089, 72716, 45278]"
111538,"[45590, 45314, 42015, 82964, 14130, 34996, 70178, 12117, 37657, 100926]"
111539,"[18553, 35987, 103081, 47748, 77971, 28191, 23794, 12080, 22065, 12601]"
111540,"[64050, 25513, 57755, 101480, 50667, 88196, 23686, 47837, 68073, 70623]"
111541,"[3269, 60455, 98612, 30710, 24495, 71592, 30957, 34241, 1756, 92410]"
111542,"[42440, 81631, 96325, 56178, 49930, 102514, 26665, 68958, 29395, 42169]"
111543,"[36842, 94653, 73492, 24455, 39805, 103475, 100480, 2076, 98775, 34780]"
111544,"[57953, 20858, 105601, 57879, 2869, 51379, 22776, 70705, 13519, 18086]"
111545,"[86968, 44092, 23776, 38506, 38226, 48652, 101082, 48822, 9338, 24215]"
111546,"[11420, 54292, 73747, 5511, 79124, 4292, 95251, 79250, 18401, 44013]"
111547,"[81880, 3731, 109203, 95891, 89063, 8749, 72010, 10157, 50556, 14868]"
111548,"[102807, 88365, 25664, 20482, 11021, 11321, 65128, 77261, 57050, 67059]"
111549,"[40949, 93415, 74131, 70843, 60413, 43009, 58121, 39316, 3715, 4401]"
111550,"[16203, 53953, 31884, 41907, 17327, 97853, 51403, 109549, 62602, 84756]"
111551,"[45682, 57623, 84204, 47063, 21345, 56689, 7869, 84664, 32757, 97318]"
111552,"[95884, 76867, 28933, 75632, 65637, 74823, 53644, 5874, 60622, 61841]"
111553,"[85332, 19968, 14886, 91789, 97892, 54883, 82604, 69756, 106447, 96398]"
111554,"[61663, 1561, 101393, 11160, 41046, 87824, 44364, 95318, 105105, 64878]"
111555,"[80846, 75494, 88944, 30898, 33970, 59004, 88167, 27219, 51113, 18602]"
111556,"[52228, 95364, 26824, 85149, 3548, 79781, 31180, 90745, 7922, 99870]"
111557,"[39990, 70253, 99451, 109618, 57873, 66765, 49216, 58183, 36213, 24951]"
111558,"[68580, 62387, 55724, 86367, 74786, 84080, 91902, 36086, 74600, 44635]"
111559,"[7317, 77907, 89105, 36468, 107861, 61908, 57215, 66427, 87107, 79996]"
111560,"[10289, 93147, 57006, 28882, 89344, 37020, 28680, 64178, 61993, 100226]"
111561,"[60557, 105507, 83765, 45713, 11105, 37633, 8653, 35894, 19613, 93719]"
111562,"[66141, 100669, 15275, 24464, 7164, 103069, 10036, 37586, 62276, 3287]"
111563,"[3170, 45366, 48713, 26919, 99969, 63834, 12009, 38821, 107867, 26400]"
111564,"[70754, 26267, 65937, 84176, 24843, 43769, 62233, 24100, 54244, 25956]"
111565,"[93203, 93327, 29370, 63390, 97874, 37820, 7100, 93532, 37293, 45402]"
111566,"[54183, 57602, 76810, 34419, 26903, 36292, 70979, 99817, 106902, 3334]"
111567,"[45366, 8647, 84581, 14068, 92393, 95531, 18290, 103987, 43086, 85973]"
111568,"[73157, 102975, 70871, 39946, 20624, 48833, 28766, 60540, 63805, 13643]"
111569,"[54211, 15111, 78510, 14804, 82331, 52379, 75937, 6903, 106148, 61722]"
111570,"[79702, 51241, 76419, 50897, 95826, 80845, 50288, 65005, 101218, 42813]"
111571,"[25844, 14039, 68314, 18856, 35519, 62245, 69873, 45009, 68085, 22008]"
111572,"[1079, 24312, 41572, 57566, 37226, 68165, 31818, 94603, 80251, 62503]"
111573,"[91337, 28775, 81544, 49291, 36274, 79556, 38923, 10279, 103561, 82928]"
111574,"[69482, 89293, 69179, 91172, 39167, 68137, 102565, 102466, 80218, 82227]"
111575,"[44356, 42715, 73031, 73224, 68323, 78768, 28824, 58620, 45884, 23138]"
111576,"[88832, 35756, 105270, 77649, 42647, 41017, 50702, 44063, 53766, 87669]"
111577,"[59486, 82885, 48053, 43851, 82623, 33670, 4209, 84906, 89307, 59478]"
111578,"[84224, 37929, 80105, 105645, 10802, 103832, 18395, 45278, 108673, 47449]"
111579,"[39645, 1867, 77942, 106517, 101755, 660, 20009, 46724, 58319, 63489]"
111580,"[52507, 80041, 29330, 412, 24333, 92806, 56610, 48508, 84269, 74890]"
111581,"[86836, 8788, 61215, 18593, 58530, 45876, 95983, 14917, 87441, 88480]"
111582,"[73024, 11625, 27619, 38355, 97389, 51049, 32240, 65231, 24693, 34077]"
111583,"[53548, 65653, 11350, 94891, 45378, 99272, 30772, 14854, 59451, 78332]"
111584,"[97296, 92582, 84668, 71615, 85436, 34058, 75182, 97429, 53594, 7800]"
111585,"[90927, 72879, 35872, 75059, 77058, 83049, 65546, 15136, 58057, 71910]"
111586,"[102198, 103850, 67234, 102232, 104703, 17067, 3194, 46809, 65787, 68810]"
111587,"[47931, 6481, 27968, 98352, 11496, 71684, 10119, 24725, 58831, 19199]"
111588,"[46144, 62783, 55576, 79409, 36874, 83494, 78148, 47010, 4211, 17620]"
111589,"[18814, 52560, 58664, 55142, 44105, 106584, 4702, 95977, 19049, 65631]"
111590,"[89981, 59184, 105438, 73803, 11927, 98143, 6088, 14437, 38542, 8504]"
111591,"[54489, 71865, 15187, 80487, 89998, 38740, 36868, 46276, 2168, 84749]"
111592,"[87806, 43327, 40173, 40340, 74792, 76272, 109704, 64678, 16209, 22753]"
111593,"[1340, 12292, 72448, 8198, 36016, 63758, 72249, 56942, 18758, 30536]"
111594,"[22897, 59025, 27465, 19014, 90334, 33234, 69471, 67606, 58289, 36033]"
111595,"[28983, 85276, 50647, 41832, 17857, 81080, 41345, 82180, 10633, 84607]"
111596,"[26318, 103869, 52733, 27470, 85093, 63604, 22970, 31413, 85722, 54944]"
111597,"[95694, 67422, 61716, 101394, 6226, 103917, 24766, 89441, 35761, 68811]"
111598,"[8366, 85233, 74432, 88495, 33765, 4760, 93558, 66327, 16875, 94129]"
111599,"[46312, 4053, 39633, 90931, 50534, 28582, 78601, 87117, 7663, 47492]"
111600,"[94962, 74551, 15897, 14144, 87802, 19933, 71888, 77644, 103431, 24709]"
111601,"[27239, 34001, 67008, 43862, 20810, 22145, 58961, 30593, 73154, 16285]"
111602,"[62362, 27470, 104757, 9850, 93842, 13712, 30836, 78593, 81337, 53908]"
111603,"[106767, 28229, 64637, 107915, 42202, 85999, 18713, 44203, 108362, 28543]"
111604,"[61771, 28614, 108718, 24836, 56073, 93848, 54497, 26110, 21128, 37039]"
111605,"[16802, 88939, 99170, 85067, 105388, 82364, 36828, 51989, 63407, 102977]"
111606,"[1071, 61847, 63197, 26392, 67852, 106902, 75330, 66748, 17029, 14562]"
111607,"[327, 79206, 92477, 69518, 10934, 69201, 53386, 63160, 48286, 51003]"
111608,"[40339, 96463, 70243, 5649, 55575, 59598, 9419, 87066, 98801, 54111]"
111609,"[45577, 86120, 12969, 99315, 66931, 89391, 75334, 94730, 81677, 101132]"
111610,"[38403, 14997, 28641, 36498, 74623, 600, 72404, 59236, 20381, 92980]"
111611,"[103812, 68453, 25621, 80964, 29601, 68892, 51737, 66185, 28946, 99840]"
111612,"[42562, 47713, 46572, 17824, 78790, 93307, 102402, 88219, 33823, 11466]"
111613,"[14593, 13773, 43310, 78988, 28020, 32376, 8742, 97553, 11650, 26467]"
111614,"[1178, 72183, 17275, 71530, 11401, 45295, 18073, 80370, 6466, 3826]"
111615,"[17177, 76981, 91086, 91292, 30660, 84547, 38600, 59740, 18152, 70712]"
111616,"[27631, 83782, 16276, 13456, 75085, 101107, 69612, 7724, 9179, 58733]"
111617,"[70116, 29022, 94219, 39333, 9877, 61147, 52359, 50409, 30101, 54810]"
111618,"[59425, 434, 31590, 47747, 42743, 27591, 62472, 7848, 14976, 21587]"
111619,"[103651, 7503, 68136, 99301, 71913, 62293, 38367, 58207, 77948, 0]"
111620,"[101951, 45224, 1098, 99282, 47717, 8580, 109055, 106330, 17909, 22951]"
111621,"[15949, 19743, 99979, 11011, 17800, 38836, 8425, 86725, 83491, 42775]"
111622,"[96669, 87234, 41446, 60009, 41816, 13009, 103455, 17657, 106273, 14421]"
111623,"[65575, 14723, 94223, 25321, 107808, 95073, 95039, 86445, 43585, 91959]"
111624,"[72717, 49692, 87771, 38827, 13015, 105845, 57733, 97247, 16340, 72952]"
111625,"[9293, 39526, 48509, 42975, 82323, 84053, 33883, 37463, 76619, 58324]"
111626,"[54803, 6608, 11539, 5472, 49685, 62594, 96883, 26578, 51414, 53255]"
111627,"[1920, 32698, 98897, 42823, 14578, 51880, 98184, 50935, 7491, 2410]"
111628,"[3929, 71307, 63435, 93113, 16433, 46782, 61419, 17531, 107115, 13342]"
111629,"[19952, 3999, 66722, 21539, 58310, 77868, 93597, 25960, 17596, 6140]"
111630,"[58243, 62730, 95439, 67602, 73419, 5703, 29376, 97110, 37896, 49516]"
111631,"[3154, 38423, 34990, 11221, 55170, 84654, 1642, 47616, 75039, 34854]"
111632,"[8420, 55673, 12847, 59149, 1980, 76713, 63329, 85546, 69260, 32786]"
111633,"[23236, 16844, 80896, 7450, 65839, 97381, 73757, 55813, 67035, 85187]"
111634,"[27661, 99661, 96738, 94320, 11744, 20935, 92976, 10363, 36686, 32605]"
111635,"[103382, 49234, 10116, 14443, 60657, 74805, 77763, 41190, 15871, 65825]"
111636,"[57133, 56936, 15509, 68026, 32555, 29411, 74181, 81001, 108627, 75228]"
111637,"[68350, 57826, 77634, 28660, 76110, 18125, 30989, 21286, 4007, 79127]"
111638,"[35319, 87442, 96377, 104052, 27861, 65947, 63333, 89949, 67940, 93990]"
111639,"[35687, 87174, 26126, 57095, 106256, 67536, 11441, 74045, 36085, 71581]"
111640,"[33849, 53577, 17211, 5022, 75436, 57206, 67186, 12991, 51576, 78812]"
111641,"[47543, 26300, 4665, 51858, 66331, 88883, 54561, 26321, 90194, 29655]"
111642,"[65126, 52486, 93847, 151, 70309, 94229, 77843, 89307, 72146, 36287]"
111643,"[85753, 60886, 58403, 76560, 107264, 34072, 92906, 72868, 96131, 67521]"
111644,"[61483, 64974, 92085, 7237, 7315, 43700, 47543, 90194, 60925, 61075]"
111645,"[34665, 16015, 5347, 39074, 48256, 86998, 36459, 19919, 54971, 28464]"
111646,"[74802, 55582, 63818, 48715, 64561, 72919, 84571, 80903, 20314, 101903]"
111647,"[17892, 37341, 103521, 56672, 101501, 35631, 11468, 65347, 92939, 84267]"
111648,"[24310, 103693, 45797, 15971, 70641, 27066, 70731, 87884, 52957, 65905]"
111649,"[85627, 94181, 55283, 44647, 105857, 95812, 26183, 93241, 24727, 102940]"
111650,"[12633, 13887, 51654, 25580, 101013, 57638, 58161, 27629, 15786, 30272]"
111651,"[14843, 59498, 10081, 78477, 77656, 8837, 11429, 13179, 3047, 60852]"
111652,"[81829, 104391, 5094, 74845, 83353, 29044, 31304, 60084, 29220, 17451]"
111653,"[77411, 86329, 64484, 81194, 7277, 85853, 68213, 78669, 62889, 25974]"
111654,"[79365, 101970, 11744, 90052, 16810, 82181, 28375, 55811, 93135, 52883]"
111655,"[32810, 107049, 23863, 49488, 59921, 27280, 42446, 56454, 96659, 62971]"
111656,"[100675, 58127, 44907, 35129, 867, 75962, 40372, 66211, 19083, 41132]"
111657,"[66394, 56052, 75433, 40886, 31418, 18038, 96532, 63396, 40593, 59260]"
111658,"[90436, 28454, 56847, 30210, 86142, 102476, 32036, 95871, 92951, 11026]"
111659,"[100232, 103875, 13094, 36361, 36699, 107508, 87907, 38574, 86476, 1644]"
111660,"[57751, 9213, 24898, 7850, 93313, 51780, 28757, 41512, 13708, 15019]"
111661,"[91761, 22154, 102800, 80634, 87337, 54177, 41781, 11560, 49954, 85716]"
111662,"[31958, 77753, 14537, 62767, 50964, 39334, 74860, 19175, 37840, 103262]"
111663,"[16652, 8093, 57375, 38100, 15675, 101829, 64591, 61459, 73021, 53698]"
111664,"[42546, 46038, 10745, 1740, 23189, 82078, 108283, 50031, 64041, 24732]"
111665,"[78733, 50656, 100906, 70984, 77053, 28421, 56297, 18121, 66695, 75473]"
111666,"[108274, 78906, 66778, 61423, 103867, 49126, 96194, 60075, 14398, 20234]"
111667,"[9201, 42873, 35899, 17198, 39661, 21149, 46452, 10200, 66372, 65932]"
111668,"[49669, 81541, 22803, 11685, 10549, 79435, 42630, 105077, 21192, 44947]"
111669,"[88902, 83061, 85589, 33356, 106787, 33283, 6322, 81898, 107756, 30654]"
111670,"[69957, 73015, 28859, 40641, 55655, 54, 29566, 24851, 19905, 62082]"
111671,"[87483, 93209, 43332, 107507, 92884, 12165, 81842, 41086, 76527, 19161]"
111672,"[45728, 74103, 82729, 34570, 5973, 3252, 87899, 86214, 48383, 72194]"
111673,"[74507, 30923, 1823, 77318, 19596, 98602, 93667, 57433, 20079, 56124]"
111674,"[74654, 69146, 65199, 55362, 46520, 88694, 12850, 49803, 76225, 2932]"
111675,"[71958, 87871, 85281, 98279, 43254, 77972, 49976, 61967, 106402, 76226]"
111676,"[81132, 45206, 84589, 68230, 51496, 25195, 51179, 80672, 26022, 66168]"
111677,"[19657, 89399, 72360, 21435, 94699, 21719, 90749, 109406, 35220, 83405]"
111678,"[101430, 15660, 57854, 56650, 83621, 50367, 40753, 81720, 98499, 104387]"
111679,"[55128, 28485, 45639, 38822, 67521, 68743, 38337, 26045, 6013, 27965]"
111680,"[90216, 54026, 105741, 62379, 45349, 108087, 30996, 30432, 38613, 15000]"
111681,"[63753, 13141, 53336, 4841, 35957, 47954, 49192, 107715, 73614, 44742]"
111682,"[29473, 65411, 65970, 103311, 50690, 109449, 42429, 72493, 63758, 34294]"
111683,"[21842, 36887, 53057, 84016, 107309, 76582, 40123, 26938, 24497, 11969]"
111684,"[21790, 30409, 7557, 45920, 33052, 33881, 2061, 23375, 72412, 73730]"
111685,"[106996, 45827, 32749, 2797, 81094, 74476, 80334, 68077, 71034, 69872]"
111686,"[128, 76159, 91758, 66829, 94155, 78113, 85994, 100789, 76327, 13874]"
111687,"[81064, 47245, 48689, 43737, 39085, 88029, 19468, 68170, 19899, 45085]"
111688,"[56502, 25539, 82613, 106756, 22799, 20048, 67259, 99662, 70385, 77318]"
111689,"[47251, 63454, 8832, 86985, 11355, 2726, 91881, 93073, 84647, 10679]"
111690,"[6949, 18199, 72184, 53150, 107767, 91189, 75020, 57156, 95485, 93828]"
111691,"[38237, 8322, 38150, 18836, 34676, 83050, 97747, 36974, 6790, 73232]"
111692,"[16340, 29984, 62049, 58338, 52237, 41095, 22657, 71809, 24000, 64702]"
111693,"[67586, 3275, 79315, 1197, 18754, 24515, 18718, 76060, 48955, 98059]"
111694,"[56177, 25060, 80287, 99477, 11090, 33426, 9629, 55429, 83679, 3182]"
111695,"[3606, 15683, 104467, 38988, 49129, 107547, 10468, 98742, 6287, 51676]"
111696,"[14795, 85026, 145, 8601, 88887, 70170, 50382, 39002, 11854, 75489]"
111697,"[40093, 70763, 11103, 36031, 21282, 103624, 100792, 97603, 70364, 32509]"
111698,"[81052, 53882, 48444, 108355, 95857, 49463, 105709, 38183, 6986, 343]"
111699,"[102800, 80634, 30940, 59987, 41781, 11560, 49954, 85716, 87337, 69477]"
111700,"[40808, 89404, 4976, 62183, 38878, 37202, 101297, 91222, 81186, 4502]"
111701,"[10606, 60844, 21804, 100266, 53211, 22710, 103128, 62208, 48393, 37885]"
111702,"[104616, 33825, 73003, 24937, 58366, 1697, 49425, 32657, 62023, 88301]"
111703,"[24840, 61336, 14753, 23773, 27373, 1581, 31708, 99383, 85812, 23145]"
111704,"[5044, 59723, 99234, 82926, 107509, 102375, 41898, 51872, 86172, 23931]"
111705,"[99082, 95269, 30576, 79369, 3614, 55244, 104571, 46431, 43444, 41642]"
111706,"[97078, 106689, 82739, 51552, 9462, 1176, 81896, 61292, 83359, 87304]"
111707,"[70035, 103395, 47185, 60885, 63169, 26305, 104374, 66040, 88481, 31837]"
111708,"[98570, 78880, 79037, 18960, 54301, 56185, 80292, 25711, 14175, 73947]"
111709,"[77404, 81455, 18024, 100167, 58804, 55471, 107804, 99096, 59948, 74262]"
111710,"[62232, 13784, 86278, 74742, 26954, 56621, 40138, 23563, 39932, 17288]"
111711,"[83855, 30266, 14369, 91125, 107757, 50062, 106075, 55589, 108879, 13760]"
111712,"[83037, 33128, 106660, 70178, 88098, 88335, 54000, 108790, 98846, 41656]"
111713,"[10560, 31105, 100210, 35450, 34605, 34358, 24404, 88746, 100952, 100182]"
111714,"[67485, 51625, 9938, 28162, 75487, 100573, 10041, 55894, 105297, 67305]"
111715,"[87382, 87472, 3547, 2205, 70285, 67266, 29279, 69033, 68732, 105844]"
111716,"[22835, 24282, 36420, 10772, 48529, 97341, 67141, 588, 77262, 9909]"
111717,"[19184, 28615, 12644, 26482, 4132, 92150, 8613, 56565, 73687, 28247]"
111718,"[44128, 72741, 91828, 109184, 58641, 108851, 99033, 5641, 66379, 52175]"
111719,"[77313, 52198, 89133, 108918, 11944, 77391, 85502, 24265, 42517, 62216]"
111720,"[54923, 53743, 40116, 81519, 31543, 4111, 63333, 48337, 19487, 32285]"
111721,"[75574, 48316, 50028, 63061, 96775, 55643, 12572, 80451, 65957, 95846]"
111722,"[103840, 19086, 34366, 23946, 25803, 13020, 25360, 65101, 45286, 13790]"
111723,"[91165, 82340, 39620, 12, 27932, 58291, 68336, 107480, 55088, 44717]"
111724,"[3919, 45333, 90403, 84313, 26721, 102807, 106683, 108471, 92224, 20090]"
111725,"[82193, 53207, 13058, 107798, 105810, 26460, 15347, 107215, 87893, 12384]"
111726,"[38922, 2064, 19876, 101269, 100371, 19860, 81805, 83092, 68407, 59841]"
111727,"[63910, 3887, 29159, 89948, 109475, 43256, 101314, 25341, 45711, 55889]"
111728,"[57675, 105365, 4884, 90611, 52597, 77706, 5698, 51152, 2002, 70684]"
111729,"[102052, 29269, 42135, 53353, 79979, 74349, 26814, 106146, 103201, 33810]"
111730,"[50941, 55801, 102746, 90472, 29557, 74652, 45970, 25443, 68711, 76656]"
111731,"[95719, 49833, 81414, 87190, 22709, 101823, 89872, 87812, 12061, 7223]"
111732,"[82968, 28475, 10381, 39370, 806, 66851, 54593, 34026, 84018, 34465]"
111733,"[80187, 75215, 30367, 83897, 63902, 57219, 51400, 37207, 89244, 97348]"
111734,"[96513, 107262, 9241, 61331, 34177, 43048, 43069, 30946, 4584, 25436]"
111735,"[46183, 9836, 109501, 104735, 23841, 40239, 10082, 73287, 4647, 70093]"
111736,"[10577, 10747, 86371, 53577, 17386, 556, 68786, 68140, 51467, 31299]"
111737,"[35898, 100100, 65259, 38324, 83474, 20575, 43340, 102634, 107402, 89672]"
111738,"[67497, 50973, 66290, 12369, 19252, 51089, 99846, 78074, 93730, 19668]"
111739,"[19981, 3178, 12401, 47499, 10440, 74123, 62568, 62653, 29795, 15754]"
111740,"[25373, 27280, 101655, 34510, 4161, 19960, 82340, 9278, 2525, 71540]"
111741,"[38112, 86151, 33131, 39905, 53876, 33217, 66300, 51960, 51786, 34351]"
111742,"[69210, 27840, 59037, 31327, 47059, 86912, 45194, 71669, 37431, 67624]"
111743,"[91553, 107673, 64215, 37686, 47340, 96865, 82694, 50508, 4836, 80756]"
111744,"[49859, 33546, 35000, 2386, 81964, 93396, 59375, 74167, 1277, 29914]"
111745,"[21043, 34916, 60561, 1989, 14300, 69656, 58792, 50159, 49557, 2804]"
111746,"[66710, 95896, 65837, 94966, 21576, 98627, 94048, 38146, 71199, 10016]"
111747,"[42907, 103568, 103193, 41837, 58170, 49184, 29630, 77401, 64321, 36729]"
111748,"[64000, 54566, 85894, 49626, 70647, 29873, 15137, 6061, 96697, 62817]"
111749,"[52879, 47260, 29140, 68548, 71423, 80096, 93817, 63838, 59505, 32618]"
111750,"[79015, 94766, 49798, 61507, 16892, 76199, 104447, 89448, 59683, 71604]"
111751,"[64966, 16022, 38495, 15439, 7975, 105513, 33114, 81834, 6949, 18199]"
111752,"[25594, 51068, 35105, 6761, 32764, 76849, 58125, 27339, 29744, 2200]"
111753,"[14229, 55391, 44086, 108313, 21633, 42389, 105463, 7476, 5436, 6106]"
111754,"[65230, 1676, 22382, 82268, 1319, 107456, 52806, 91000, 87091, 39136]"
111755,"[5927, 107717, 81628, 22584, 32433, 72579, 64538, 70797, 30200, 3346]"
111756,"[94652, 61605, 13756, 48281, 3875, 26564, 103391, 88031, 59002, 58306]"
111757,"[1107, 6563, 18924, 2049, 105258, 58872, 29517, 28588, 22531, 21223]"
111758,"[7835, 35450, 9789, 19777, 4563, 96676, 2819, 35470, 79038, 10560]"
111759,"[20112, 80411, 39035, 32952, 19020, 64856, 7513, 100052, 3500, 79370]"
111760,"[52790, 9820, 77559, 36814, 78958, 12624, 80943, 87648, 97938, 690]"
111761,"[83755, 104326, 701, 90994, 7033, 73489, 29077, 27119, 5672, 17151]"
111762,"[105328, 25288, 22930, 82689, 61232, 63964, 32395, 18810, 6940, 63737]"
111763,"[51608, 78340, 85743, 27977, 82583, 15957, 52803, 102054, 33361, 21930]"
111764,"[43674, 54304, 57410, 67268, 49268, 57945, 45707, 109223, 83692, 69591]"
111765,"[51137, 90186, 79949, 23047, 8702, 21078, 68582, 13968, 66079, 53210]"
111766,"[82130, 70671, 97133, 22377, 105246, 53676, 25824, 60669, 7335, 77139]"
111767,"[2179, 67971, 53049, 66169, 72507, 74473, 16811, 71809, 24000, 80911]"
111768,"[5194, 95893, 37781, 52595, 53540, 100397, 69741, 91938, 26489, 101826]"
111769,"[6660, 15249, 56144, 9860, 3946, 51742, 34975, 28858, 59137, 109314]"
111770,"[2531, 29933, 41852, 67873, 108221, 88541, 94394, 38994, 68750, 101944]"
111771,"[6817, 6548, 48781, 82608, 14248, 63397, 57822, 13701, 74554, 17411]"
111772,"[74050, 36855, 47403, 23713, 43818, 35362, 40902, 31941, 59109, 20634]"
111773,"[53404, 90777, 96025, 94496, 85774, 38945, 5894, 60778, 45055, 86382]"
111774,"[27798, 74897, 94776, 19226, 53391, 62242, 24172, 89594, 19773, 13150]"
111775,"[88873, 109114, 92113, 47071, 65336, 80913, 13738, 34643, 68476, 102309]"
111776,"[9140, 66972, 60640, 14121, 49545, 30904, 18393, 19465, 71948, 106727]"
111777,"[58868, 73379, 68849, 92098, 64320, 20637, 15110, 90734, 89801, 60059]"
111778,"[61009, 11118, 41399, 71561, 6895, 109057, 83047, 13730, 78169, 1114]"
111779,"[107000, 25538, 93894, 63452, 91002, 51533, 64785, 90874, 36416, 44759]"
111780,"[63675, 37204, 13200, 100706, 82807, 16060, 29883, 71749, 45085, 45568]"
111781,"[61283, 12090, 17006, 101219, 59445, 13220, 74527, 31357, 54618, 51416]"
111782,"[33366, 62847, 28838, 59911, 77675, 61005, 83841, 52780, 76298, 12887]"
111783,"[93075, 31306, 11660, 72667, 104352, 22007, 3362, 66562, 39080, 16489]"
111784,"[27406, 36304, 37385, 91331, 40718, 107310, 5683, 19147, 69961, 70400]"
111785,"[48224, 80015, 68852, 56500, 33786, 45605, 55856, 18970, 56061, 102676]"
111786,"[98452, 10052, 75270, 54926, 88381, 89757, 14881, 38224, 5658, 10834]"
111787,"[13898, 27205, 22853, 17966, 53805, 91448, 36737, 104882, 77736, 92599]"
111788,"[65104, 44877, 58869, 57616, 74575, 44929, 88032, 21310, 86587, 31568]"
111789,"[28104, 104996, 99983, 9590, 37127, 95715, 103991, 56385, 50359, 92283]"
111790,"[30799, 50479, 102664, 83263, 50212, 62864, 24782, 94712, 30914, 81278]"
111791,"[90985, 103437, 46000, 47535, 70103, 35634, 70133, 21227, 34010, 75370]"
111792,"[39880, 80858, 88424, 70119, 30340, 105580, 91468, 52543, 79337, 97850]"
111793,"[57269, 86950, 37094, 45383, 66313, 81548, 6155, 86000, 84419, 34222]"
111794,"[36095, 56932, 51744, 71957, 56669, 45629, 73950, 25482, 95301, 1482]"
111795,"[48568, 3862, 25711, 58129, 82849, 101349, 73947, 58429, 64609, 14633]"
111796,"[32321, 81074, 108404, 22103, 47637, 16710, 15083, 88485, 21909, 26388]"
111797,"[44431, 91856, 31381, 96726, 96535, 106810, 3659, 45417, 81526, 59647]"
111798,"[63995, 8450, 100536, 106288, 101654, 103175, 16469, 38015, 64420, 39035]"
111799,"[37108, 12057, 38070, 86409, 28130, 7415, 30473, 109335, 93903, 28705]"
111800,"[26071, 86813, 39448, 71589, 101684, 39175, 21203, 47919, 106863, 92289]"
111801,"[76330, 11162, 90383, 32464, 10056, 1282, 96644, 40804, 22314, 40132]"
111802,"[77921, 11720, 82196, 80854, 36024, 61343, 56681, 60509, 86938, 84783]"
111803,"[71836, 7276, 22540, 76607, 3873, 107094, 99395, 80283, 41608, 1945]"
111804,"[6351, 76384, 61102, 11391, 51445, 47763, 104485, 37729, 41977, 48627]"
111805,"[54743, 10600, 16911, 21045, 83164, 77189, 5635, 98871, 85791, 73892]"
111806,"[100665, 7679, 42009, 94838, 89919, 109478, 84660, 55746, 5743, 87308]"
111807,"[7401, 10820, 33639, 36505, 82703, 101372, 70557, 25343, 49423, 68498]"
111808,"[1364, 27115, 62266, 60711, 17453, 21161, 85691, 81609, 74310, 44817]"
111809,"[85197, 20957, 38332, 88272, 17473, 25789, 62053, 94585, 102393, 78927]"
111810,"[27744, 108217, 83482, 98501, 100857, 95128, 78453, 96219, 6904, 52083]"
111811,"[47167, 97226, 102401, 73976, 54625, 58590, 51898, 105738, 63458, 10442]"
111812,"[29431, 73424, 40416, 66380, 51742, 59137, 55543, 40335, 58222, 6660]"
111813,"[34081, 102711, 34244, 95449, 24547, 32303, 94758, 77897, 91860, 45717]"
111814,"[77648, 89307, 51085, 61689, 32722, 60062, 5717, 55047, 4758, 28170]"
111815,"[81437, 37678, 101358, 97000, 55075, 42117, 106726, 31237, 12440, 63746]"
111816,"[58778, 46255, 13894, 67846, 53552, 25654, 71009, 81752, 6205, 51295]"
111817,"[62834, 80959, 13010, 95424, 18775, 9735, 14642, 29314, 89552, 12433]"
111818,"[72195, 64089, 43178, 73111, 40470, 56902, 59704, 4813, 91185, 20081]"
111819,"[8662, 42080, 53483, 91374, 92670, 33197, 78046, 100742, 60359, 23252]"
111820,"[39829, 51411, 14702, 62508, 14076, 30842, 109521, 3440, 108736, 45294]"
111821,"[84830, 57943, 58957, 14949, 47473, 25176, 739, 108656, 108614, 88869]"
111822,"[77005, 40920, 20548, 38191, 50321, 106824, 70685, 64279, 64864, 38538]"
111823,"[18637, 36804, 14000, 41346, 64685, 76288, 80776, 44353, 35408, 11974]"
111824,"[63173, 77481, 98221, 104359, 46110, 95821, 31509, 36790, 103914, 82268]"
111825,"[22606, 102274, 91830, 4481, 108472, 47003, 63462, 66409, 72258, 103742]"
111826,"[108866, 13108, 71628, 44103, 86482, 61459, 66033, 87605, 24529, 47192]"
111827,"[30635, 96686, 64364, 47574, 9608, 90428, 82, 13663, 19633, 8433]"
111828,"[36840, 44531, 31205, 14176, 77930, 84862, 64803, 97486, 32193, 25449]"
111829,"[24600, 40703, 57009, 36352, 16861, 61831, 104077, 67473, 32778, 67794]"
111830,"[27013, 35353, 78638, 58408, 27138, 108926, 101585, 20351, 19690, 68159]"
111831,"[48078, 97989, 88621, 19547, 7632, 28661, 97593, 82705, 24040, 6723]"
111832,"[24111, 66918, 89485, 73659, 17264, 106019, 54492, 60974, 44659, 45564]"
111833,"[99921, 32884, 10806, 60979, 60819, 89227, 60281, 43699, 11076, 93479]"
111834,"[22086, 2164, 88440, 7471, 7647, 60466, 73464, 6427, 43743, 82611]"
111835,"[68866, 62616, 31255, 37292, 35751, 83909, 8442, 1780, 69193, 11690]"
111836,"[65034, 80629, 56977, 67130, 97165, 82908, 74184, 29525, 97996, 64507]"
111837,"[5894, 60778, 59114, 93015, 55776, 17105, 72392, 3760, 21602, 35397]"
111838,"[74269, 74183, 39567, 15448, 92520, 59407, 57906, 19742, 95386, 55487]"
111839,"[4851, 79830, 104652, 59970, 89591, 73273, 96916, 33476, 9018, 25399]"
111840,"[3820, 5610, 11433, 5182, 106795, 78436, 56300, 74734, 70817, 44702]"
111841,"[49620, 44070, 58048, 22542, 22546, 41297, 70714, 47338, 11865, 57166]"
111842,"[94742, 74609, 76250, 53305, 66331, 1359, 66220, 42197, 108600, 19836]"
111843,"[65076, 83574, 36516, 90178, 56333, 88184, 90443, 61570, 66687, 93492]"
111844,"[89968, 94724, 107672, 71905, 11568, 85475, 76579, 56022, 41322, 81257]"
111845,"[36822, 63394, 46077, 94970, 58102, 98746, 48363, 26905, 13807, 84644]"
111846,"[15082, 18629, 106029, 13218, 84107, 6891, 57618, 41824, 59031, 57718]"
111847,"[83651, 14094, 8082, 56082, 12883, 94989, 13999, 32986, 83907, 10444]"
111848,"[86609, 88674, 7516, 21031, 83335, 69686, 57202, 88993, 31710, 81491]"
111849,"[69460, 58644, 13737, 66544, 91734, 101063, 67450, 107994, 63805, 27029]"
111850,"[86788, 90222, 36429, 95683, 73770, 96561, 39308, 72632, 91253, 14310]"
111851,"[48452, 86542, 52456, 67513, 89287, 7408, 94422, 48427, 67350, 50467]"
111852,"[8254, 37408, 61998, 41251, 36421, 77491, 46156, 57525, 105697, 20951]"
111853,"[93737, 61923, 108099, 47563, 33697, 40907, 62095, 9799, 77544, 83507]"
111854,"[36871, 82892, 77501, 68701, 78812, 47660, 54718, 35849, 97925, 64447]"
111855,"[1079, 75470, 8603, 24312, 66887, 104039, 20089, 58402, 109282, 31818]"
111856,"[33317, 26995, 76687, 82250, 19367, 20869, 2521, 24893, 69448, 81300]"
111857,"[45209, 20997, 64835, 14407, 31536, 60548, 65406, 69884, 107431, 66780]"
111858,"[21132, 47305, 71276, 17766, 58766, 88953, 20769, 104277, 20615, 67894]"
111859,"[39042, 1538, 28389, 59426, 83082, 74327, 58394, 70125, 8557, 42270]"
111860,"[59975, 43768, 56996, 21300, 1293, 79415, 79214, 44727, 68733, 26283]"
111861,"[88074, 21530, 40503, 4202, 66977, 94366, 88930, 24306, 41775, 79008]"
111862,"[107033, 35971, 74281, 53706, 75900, 65731, 28832, 108207, 10232, 98975]"
111863,"[27934, 109593, 45311, 64518, 99517, 67652, 40992, 27097, 14844, 36954]"
111864,"[58767, 103111, 99342, 58828, 50120, 105642, 22960, 15137, 99200, 46436]"
111865,"[68280, 53024, 95379, 28072, 47792, 36732, 46494, 12233, 85088, 96886]"
111866,"[88211, 28156, 23142, 4830, 76746, 96979, 87665, 13697, 16952, 65568]"
111867,"[10511, 72104, 8554, 93205, 79894, 71056, 56821, 20352, 59340, 61782]"
111868,"[70323, 5921, 27550, 39118, 59236, 16684, 59471, 19972, 32618, 59000]"
111869,"[74366, 18896, 39052, 25950, 95697, 83588, 18633, 14718, 58305, 51823]"
111870,"[12429, 47480, 16001, 89299, 43041, 57619, 103237, 94401, 16503, 53072]"
111871,"[85977, 43774, 79932, 19643, 43610, 74665, 46699, 48445, 23929, 25132]"
111872,"[12060, 55005, 39684, 4856, 46682, 43896, 2448, 107496, 44049, 35123]"
111873,"[60879, 41408, 51060, 42834, 80697, 8191, 52071, 94656, 58398, 49299]"
111874,"[63044, 506, 24985, 39928, 51448, 23486, 48734, 106721, 51160, 76149]"
111875,"[1032, 46690, 71523, 81656, 81912, 71236, 27495, 36669, 44412, 88252]"
111876,"[85768, 11779, 109503, 76276, 83341, 91210, 84835, 24806, 67802, 46691]"
111877,"[55867, 101281, 61863, 79470, 101863, 71020, 61848, 90923, 97978, 27893]"
111878,"[10459, 68935, 108734, 22985, 94446, 11181, 25126, 75613, 46646, 8814]"
111879,"[85835, 21763, 12367, 12574, 38819, 13233, 63734, 28158, 83441, 107978]"
111880,"[66564, 1523, 3387, 14887, 101879, 43481, 53886, 41877, 22336, 90563]"
111881,"[70762, 16270, 29816, 4223, 33699, 5352, 96760, 94561, 54365, 53742]"
111882,"[90724, 1427, 50871, 99165, 98121, 62197, 77660, 71637, 39017, 55371]"
111883,"[9882, 26195, 37797, 13998, 3624, 81351, 27987, 72857, 67156, 38249]"
111884,"[38673, 86090, 31024, 91785, 37559, 38920, 584, 106457, 50799, 73566]"
111885,"[63771, 5804, 73801, 89303, 26037, 72081, 22342, 99970, 82834, 102384]"
111886,"[31069, 39060, 56190, 7381, 7627, 102900, 89398, 67801, 46760, 40235]"
111887,"[69882, 92865, 100420, 27475, 5328, 105372, 106211, 107586, 78958, 18574]"
111888,"[10010, 2915, 12364, 91310, 29519, 109318, 28209, 83123, 94220, 32673]"
111889,"[46297, 34594, 99359, 86429, 24567, 8057, 33932, 45636, 48905, 58429]"
111890,"[74218, 32664, 27690, 91661, 5721, 14780, 28616, 83555, 96310, 12788]"
111891,"[81161, 7155, 86263, 29537, 40587, 82646, 25859, 82344, 19507, 15123]"
111892,"[65831, 28212, 82468, 69211, 103573, 11397, 12381, 84935, 34891, 23041]"
111893,"[82197, 24239, 56063, 69217, 50418, 42766, 51851, 34231, 4815, 95235]"
111894,"[25989, 99155, 26669, 62196, 108199, 33257, 92487, 73430, 69204, 26042]"
111895,"[32519, 47440, 85008, 21660, 96698, 4760, 7464, 108133, 71861, 30886]"
111896,"[88999, 91134, 73850, 75572, 60148, 940, 48488, 65004, 23085, 85568]"
111897,"[96812, 97159, 76401, 35546, 52890, 1968, 84293, 59548, 100625, 103299]"
111898,"[107073, 88187, 97158, 92353, 78788, 6018, 97501, 32807, 23413, 82554]"
111899,"[8134, 62810, 64235, 76332, 89508, 23330, 72086, 105324, 95482, 83309]"
111900,"[89522, 5091, 36801, 56790, 6950, 15609, 26030, 52839, 86037, 18081]"
111901,"[73625, 18104, 76169, 44406, 68153, 69683, 54519, 9029, 97153, 82792]"
111902,"[8363, 101273, 27554, 101220, 12361, 86926, 16950, 57038, 97968, 8042]"
111903,"[68280, 53024, 95379, 28072, 47792, 36732, 46494, 12233, 85088, 96886]"
111904,"[91944, 66353, 59393, 78610, 101804, 53611, 31157, 91393, 17281, 14430]"
111905,"[94954, 2971, 50728, 13130, 85254, 86655, 74538, 85988, 50106, 75249]"
111906,"[6464, 83793, 100096, 34064, 92304, 95882, 22867, 57920, 39092, 29347]"
111907,"[89825, 18870, 43493, 85381, 49940, 103227, 19647, 81141, 5571, 84258]"
111908,"[108198, 88809, 53920, 45480, 48216, 66857, 46388, 10053, 51069, 87927]"
111909,"[6247, 76879, 10901, 12282, 14591, 10039, 91727, 66003, 24699, 88140]"
111910,"[30269, 33807, 83401, 61509, 89964, 39230, 77378, 3363, 1282, 12752]"
111911,"[71213, 25413, 31545, 92782, 24700, 56636, 3932, 28174, 42578, 105254]"
111912,"[102069, 72004, 80678, 34222, 58387, 61791, 59183, 63924, 100980, 39615]"
111913,"[83127, 66040, 90987, 93262, 41639, 80989, 109692, 103395, 76923, 104897]"
111914,"[101206, 101630, 83027, 29017, 55068, 61972, 50644, 98049, 6500, 32583]"
111915,"[42475, 79834, 13991, 64223, 94298, 96039, 11230, 42191, 26270, 71096]"
111916,"[72132, 58685, 105160, 92067, 81423, 41011, 86053, 176, 88244, 87369]"
111917,"[66750, 66251, 69906, 88014, 99930, 107946, 36136, 94725, 94395, 61016]"
111918,"[94542, 25644, 107279, 94748, 50711, 18789, 88407, 69674, 46078, 72769]"
111919,"[62687, 50103, 72530, 35095, 56029, 72661, 71836, 42146, 80612, 37310]"
111920,"[51392, 106659, 86617, 92817, 9557, 71469, 63273, 39238, 20515, 97371]"
111921,"[1557, 66073, 81986, 10484, 65377, 82402, 2724, 20828, 97370, 12315]"
111922,"[49043, 26780, 4852, 21948, 80339, 101050, 56106, 107602, 97682, 41581]"
111923,"[66546, 96987, 62829, 16294, 51505, 39989, 88814, 60602, 47454, 31663]"
111924,"[53324, 105180, 92270, 89094, 32631, 15188, 55760, 59769, 76401, 21171]"
111925,"[34922, 9889, 50621, 42037, 22750, 2722, 106698, 90330, 37866, 59044]"
111926,"[96161, 81651, 28119, 72682, 79364, 31544, 67738, 48167, 5147, 91345]"
111927,"[21588, 76710, 44683, 43817, 9912, 35559, 31276, 92856, 43936, 8468]"
111928,"[41667, 78348, 51182, 101977, 78127, 20469, 21711, 95314, 97728, 105194]"
111929,"[70538, 67369, 4712, 92921, 102692, 11358, 24268, 34371, 46732, 17202]"
111930,"[105567, 61743, 7983, 36841, 26572, 104217, 41618, 52060, 68441, 18007]"
111931,"[40779, 84510, 108007, 86491, 48689, 63675, 106757, 23728, 51042, 29883]"
111932,"[102641, 50383, 55653, 108109, 21834, 78447, 12697, 96941, 19150, 25455]"
111933,"[67430, 32234, 23410, 47060, 54814, 85226, 13143, 36175, 38373, 97474]"
111934,"[22523, 25196, 85272, 103020, 90957, 29352, 90319, 29410, 63904, 107879]"
111935,"[8087, 8878, 97776, 23567, 13542, 44027, 53100, 30978, 45212, 106575]"
111936,"[94700, 68904, 16938, 71548, 32729, 97356, 99136, 107095, 26772, 82422]"
111937,"[95301, 50918, 54446, 51744, 71957, 5791, 97069, 25482, 1482, 48825]"
111938,"[60519, 15106, 77196, 76668, 22307, 87816, 94035, 14947, 49157, 13039]"
111939,"[30736, 22630, 87815, 99349, 103512, 18502, 108862, 88423, 56918, 54268]"
111940,"[42192, 87944, 92250, 14825, 40537, 82578, 94205, 21352, 11117, 57405]"
111941,"[4986, 77470, 9267, 52869, 23921, 20049, 15032, 101636, 56943, 67833]"
111942,"[92251, 26675, 8730, 86802, 40757, 71590, 85725, 54639, 86604, 42141]"
111943,"[10697, 95182, 64417, 85, 10967, 40955, 70239, 83930, 42698, 82401]"
111944,"[59679, 24679, 27844, 53518, 95226, 106278, 108849, 96269, 64424, 102231]"
111945,"[88891, 21297, 32173, 72738, 65107, 20091, 96366, 51556, 98516, 66813]"
111946,"[7563, 77659, 8959, 7931, 52868, 93037, 78231, 1961, 66679, 85004]"
111947,"[71537, 107391, 51662, 3346, 89349, 68371, 39240, 78501, 4950, 1536]"
111948,"[58933, 26879, 27224, 23860, 49889, 23429, 30518, 66578, 13387, 71318]"
111949,"[54114, 89806, 73609, 98554, 27754, 62994, 15988, 647, 102117, 101355]"
111950,"[23615, 1323, 70908, 10608, 77315, 93364, 74942, 82805, 40661, 87413]"
111951,"[89259, 48651, 68244, 83441, 5244, 99950, 10758, 56043, 8388, 9978]"
111952,"[36965, 56182, 50541, 62458, 88675, 98432, 51883, 77799, 108530, 95485]"
111953,"[69895, 12150, 37254, 36899, 5477, 104162, 93196, 71257, 98920, 50288]"
111954,"[106567, 77120, 9211, 25864, 31202, 84833, 34879, 52378, 35537, 18167]"
111955,"[30698, 64214, 96410, 34085, 27139, 37441, 81424, 47020, 74303, 105596]"
111956,"[83938, 6821, 19570, 105264, 62367, 90002, 28772, 1265, 105988, 11312]"
111957,"[94834, 14920, 53123, 75112, 107903, 73927, 17629, 106311, 80529, 9871]"
111958,"[19226, 72414, 74550, 20219, 94776, 29487, 68470, 76135, 49218, 105046]"
111959,"[54579, 82657, 48204, 62809, 44242, 107326, 13974, 34218, 100884, 9608]"
111960,"[39441, 61335, 73128, 14536, 44906, 79642, 98057, 14267, 86185, 17442]"
111961,"[99356, 39181, 51010, 3922, 22658, 94211, 34713, 3892, 74247, 104662]"
111962,"[58518, 2083, 26119, 25024, 62547, 57433, 1823, 34115, 53884, 2942]"
111963,"[5868, 57716, 47701, 70519, 104188, 20622, 37740, 57637, 15469, 20358]"
111964,"[28295, 106714, 26444, 4128, 57879, 18834, 27537, 108030, 46742, 106863]"
111965,"[12482, 92180, 59711, 16252, 50030, 87073, 92110, 45293, 76504, 24807]"
111966,"[125, 46333, 31155, 68189, 71214, 72577, 102996, 98276, 69943, 68430]"
111967,"[108153, 40424, 46836, 6128, 33528, 41319, 75098, 31519, 101889, 27983]"
111968,"[38687, 55173, 17927, 57398, 49325, 13234, 35373, 39610, 25573, 47822]"
111969,"[80151, 80975, 12662, 83898, 2542, 78497, 6644, 7190, 28131, 67018]"
111970,"[84993, 65984, 82577, 85734, 76593, 59154, 109294, 10647, 102477, 97085]"
111971,"[93327, 18859, 60962, 70478, 97724, 108742, 21670, 90212, 21871, 97874]"
111972,"[107469, 91469, 51009, 12044, 71122, 34114, 75071, 20341, 20692, 94204]"
111973,"[60587, 16249, 19005, 58172, 101734, 25402, 37375, 88755, 50135, 31886]"
111974,"[54666, 65890, 31151, 48597, 72405, 102716, 5806, 91991, 56868, 54963]"
111975,"[40170, 35460, 80058, 5379, 73940, 35620, 55756, 67315, 78558, 41499]"
111976,"[43525, 39573, 60127, 37659, 87385, 46767, 70523, 2478, 8030, 5318]"
111977,"[70494, 94841, 84687, 109521, 106879, 102215, 34550, 99202, 47487, 102092]"
111978,"[27498, 38261, 105836, 69479, 53315, 105336, 81003, 73345, 66960, 64569]"
111979,"[67534, 1129, 96724, 26621, 77270, 8720, 73103, 1400, 91566, 92475]"
111980,"[67001, 29608, 89198, 102334, 86736, 30371, 44594, 97518, 438, 47093]"
111981,"[109301, 9922, 73983, 63043, 98584, 60649, 595, 14725, 89661, 2158]"
111982,"[79746, 21159, 57661, 86196, 67427, 71866, 2770, 59054, 10288, 71676]"
111983,"[12376, 33286, 9945, 87972, 78241, 20703, 1023, 108887, 80149, 88393]"
111984,"[43688, 82637, 21960, 83195, 38891, 53970, 70634, 21114, 88858, 83992]"
111985,"[16162, 63355, 55134, 29277, 29246, 32127, 5625, 12582, 27914, 109023]"
111986,"[59178, 18183, 27531, 44304, 91232, 3379, 1111, 71309, 9241, 96513]"
111987,"[27078, 81290, 19876, 19860, 39572, 68407, 25137, 51313, 2064, 68611]"
111988,"[42737, 93682, 75463, 61789, 92483, 58006, 64288, 109093, 1168, 172]"
111989,"[7231, 42000, 57726, 30823, 54901, 5959, 9561, 12753, 29129, 28769]"
111990,"[1806, 17057, 45006, 85510, 101068, 72542, 54871, 101157, 68112, 57257]"
111991,"[69106, 57062, 8051, 9876, 29602, 12209, 43447, 37656, 65480, 63256]"
111992,"[6928, 69409, 93356, 80452, 42610, 72368, 31091, 77547, 55753, 31109]"
111993,"[91956, 74580, 69313, 65035, 73321, 57680, 58818, 27135, 25347, 81675]"
111994,"[36853, 82768, 21036, 77099, 11348, 10091, 99047, 85042, 95814, 17899]"
111995,"[72824, 103938, 89914, 72238, 71003, 35996, 93555, 93959, 61607, 70300]"
111996,"[54898, 43704, 60993, 21821, 67044, 14706, 32008, 25082, 77653, 57002]"
111997,"[6871, 76193, 86669, 13903, 83746, 18146, 91452, 30547, 4788, 63733]"
111998,"[28346, 36359, 106922, 86434, 24266, 46135, 42629, 17872, 12569, 23875]"
111999,"[7063, 25874, 11702, 6525, 35095, 43105, 26235, 18632, 105676, 35520]"
112000,"[74704, 98555, 85608, 38215, 17131, 97819, 42479, 75434, 30904, 40124]"
112001,"[12952, 107280, 15650, 64859, 5318, 102050, 85081, 55430, 29484, 39573]"
112002,"[39102, 37024, 98351, 67472, 46432, 79533, 14380, 86129, 75917, 79453]"
112003,"[69146, 88694, 106446, 13983, 74654, 49803, 76225, 21402, 2932, 46520]"
112004,"[97338, 45305, 24156, 12177, 31059, 20155, 26348, 108902, 38654, 75209]"
112005,"[25696, 2469, 40591, 95469, 106875, 41570, 60366, 87037, 98036, 83806]"
112006,"[49903, 56976, 15630, 60863, 25877, 106415, 46256, 23527, 74450, 91386]"
112007,"[35573, 89035, 4821, 36700, 81934, 51610, 69984, 1436, 13270, 8482]"
112008,"[64814, 51894, 14470, 20781, 56807, 26763, 10649, 25223, 37582, 1068]"
112009,"[37522, 48686, 57631, 100997, 30306, 56051, 95304, 41406, 80433, 37953]"
112010,"[58324, 106371, 38184, 69079, 82323, 33883, 73923, 21315, 30375, 76638]"
112011,"[62931, 83064, 76724, 78999, 22656, 88642, 89273, 69435, 32672, 64574]"
112012,"[65223, 7232, 73775, 92650, 57635, 92947, 3937, 28250, 57932, 19343]"
112013,"[53806, 58697, 97699, 76542, 461, 80424, 68472, 58935, 81796, 88175]"
112014,"[20676, 106839, 94507, 47634, 82032, 108859, 67458, 95115, 10884, 35742]"
112015,"[24426, 33652, 76010, 83721, 55901, 91111, 45561, 1469, 82108, 42812]"
112016,"[16434, 28733, 63435, 94282, 41333, 5118, 80916, 105959, 107362, 7403]"
112017,"[49518, 14406, 100216, 19826, 25601, 53578, 91096, 48858, 48215, 42890]"
112018,"[51896, 42289, 72929, 76620, 60782, 75987, 23975, 4800, 55902, 13891]"
112019,"[83661, 2657, 40149, 11051, 81758, 9279, 75606, 94414, 108571, 5094]"
112020,"[21077, 63373, 35832, 81878, 29848, 95987, 70653, 37765, 91643, 107882]"
112021,"[83408, 86324, 105353, 559, 62599, 21073, 58206, 48207, 24200, 99902]"
112022,"[106595, 83333, 70556, 63976, 90356, 24086, 11842, 62665, 11503, 27596]"
112023,"[24358, 34523, 70637, 1655, 97801, 7468, 94046, 14048, 6629, 24334]"
112024,"[8923, 2100, 91672, 70773, 56965, 79060, 37367, 35909, 49431, 60776]"
112025,"[57942, 63814, 8772, 75386, 82778, 94809, 32149, 94999, 33502, 101404]"
112026,"[67480, 28260, 58962, 50970, 89845, 89597, 54563, 70881, 64172, 46518]"
112027,"[71224, 55711, 23691, 52906, 46480, 42368, 102142, 76341, 104853, 78984]"
112028,"[51173, 22154, 101617, 20731, 11405, 52222, 72190, 57867, 32902, 66520]"
112029,"[57588, 39073, 52791, 17680, 12506, 59444, 27767, 29721, 52838, 12535]"
112030,"[57050, 19311, 27565, 31083, 95777, 75095, 65094, 30057, 22239, 71292]"
112031,"[101415, 27407, 73743, 99326, 9335, 27490, 22851, 12103, 46224, 75565]"
112032,"[107428, 33142, 81123, 88982, 51272, 25687, 834, 42552, 36740, 19846]"
112033,"[93451, 101467, 6413, 20080, 96217, 54130, 5480, 59992, 80205, 9763]"
112034,"[108749, 6061, 106573, 90402, 89203, 72548, 61834, 69889, 31278, 56642]"
112035,"[33782, 57921, 95327, 56487, 107741, 10564, 55715, 10848, 2778, 34953]"
112036,"[76130, 90681, 101040, 109340, 48734, 95525, 23385, 62239, 23486, 44599]"
112037,"[73670, 99891, 37132, 96013, 106525, 25191, 28803, 16107, 81854, 38201]"
112038,"[3089, 103125, 72381, 55755, 60338, 690, 39630, 9362, 39692, 720]"
112039,"[13172, 34155, 35398, 67713, 13836, 87540, 36372, 65473, 105898, 62799]"
112040,"[96404, 2008, 103560, 100876, 99890, 58085, 27498, 61722, 4323, 64448]"
112041,"[30626, 49015, 82431, 102779, 4261, 12671, 18791, 73904, 22589, 49712]"
112042,"[48618, 99527, 11114, 39233, 79840, 99001, 21692, 106001, 104610, 89421]"
112043,"[35768, 40031, 108652, 1982, 7208, 12196, 66764, 30322, 33258, 104839]"
112044,"[87303, 100361, 90925, 10089, 70194, 28497, 97619, 30984, 99502, 21986]"
112045,"[74912, 104926, 10736, 88194, 44509, 97901, 26609, 50472, 51076, 15403]"
112046,"[2960, 21530, 46606, 108698, 41661, 107120, 1839, 29950, 95704, 43088]"
112047,"[46729, 81637, 56860, 45211, 9106, 25469, 13317, 94829, 21592, 28827]"
112048,"[83805, 23044, 6343, 86413, 41910, 45902, 97019, 96184, 20554, 96129]"
112049,"[91748, 83521, 33644, 71777, 90111, 107581, 26316, 105901, 95787, 64672]"
112050,"[65617, 3465, 27033, 63573, 81240, 54220, 87577, 59318, 8625, 22893]"
112051,"[72698, 29951, 19482, 92873, 454, 78930, 55827, 35138, 89341, 18326]"
112052,"[50917, 20948, 57164, 88521, 37319, 31229, 97022, 56944, 98690, 56960]"
112053,"[34929, 2333, 4346, 29658, 89641, 69516, 5250, 16970, 61941, 107696]"
112054,"[9090, 56135, 41599, 62157, 41671, 16787, 48972, 37457, 60516, 99085]"
112055,"[49363, 82119, 75515, 100432, 87431, 101587, 70387, 18144, 39695, 37099]"
112056,"[105231, 43073, 3254, 67711, 78542, 68025, 4786, 64850, 91984, 83243]"
112057,"[2596, 12795, 58430, 61421, 86012, 85689, 12946, 85726, 108612, 49272]"
112058,"[12815, 61462, 4237, 29596, 35415, 57031, 52208, 83633, 35569, 76192]"
112059,"[50339, 96220, 34296, 83331, 89344, 88078, 104200, 81201, 88622, 84808]"
112060,"[88962, 48596, 96222, 99811, 20264, 1731, 94495, 3890, 49097, 83022]"
112061,"[49418, 34225, 47598, 102164, 49606, 32606, 40236, 83654, 47828, 87852]"
112062,"[60873, 59245, 95929, 39543, 18869, 83113, 71222, 83629, 47430, 55435]"
112063,"[34615, 55605, 35228, 20107, 94104, 63848, 4593, 10347, 43171, 92538]"
112064,"[88409, 47789, 25774, 54032, 76806, 1726, 35972, 47008, 29769, 13762]"
112065,"[9734, 31188, 101545, 8029, 43120, 8618, 58763, 90185, 92992, 26231]"
112066,"[43935, 35881, 35964, 43173, 85402, 96534, 80531, 54973, 12846, 45340]"
112067,"[104756, 26375, 54750, 30342, 69365, 37593, 13779, 63966, 17631, 64046]"
112068,"[54585, 65537, 22573, 288, 65472, 83342, 63893, 37136, 10657, 14577]"
112069,"[79942, 86166, 101988, 30804, 16682, 49912, 49225, 43886, 39179, 53171]"
112070,"[41536, 36754, 105838, 24342, 28932, 27383, 100543, 80852, 81176, 54853]"
112071,"[105217, 79816, 44470, 93417, 14230, 83636, 88118, 79597, 66126, 104756]"
112072,"[23750, 14978, 47343, 5088, 95815, 79774, 24099, 20202, 12100, 93760]"
112073,"[92435, 76702, 2207, 29606, 20138, 85156, 50292, 29875, 74400, 106631]"
112074,"[17855, 37812, 37547, 59820, 27561, 43647, 36511, 64988, 109328, 64058]"
112075,"[108486, 9297, 91313, 60293, 58313, 33039, 65098, 64731, 51692, 26154]"
112076,"[96924, 53593, 11931, 42869, 100410, 76850, 20292, 83834, 38260, 11972]"
112077,"[14507, 71039, 3443, 31641, 37762, 5410, 18458, 71324, 64418, 5153]"
112078,"[1971, 108616, 45509, 22136, 58360, 105994, 46815, 81793, 9391, 44886]"
112079,"[25979, 15886, 73780, 17737, 72623, 61987, 24786, 21246, 37105, 76718]"
112080,"[78621, 59446, 24612, 25505, 57218, 76777, 3970, 31318, 102795, 50935]"
112081,"[83653, 49476, 58234, 109441, 25441, 102242, 23978, 79112, 34277, 22787]"
112082,"[94773, 81323, 5559, 71572, 6951, 99405, 77764, 3635, 64713, 66606]"
112083,"[27375, 79007, 7300, 61298, 107422, 31656, 25003, 39180, 55516, 56452]"
112084,"[42799, 45471, 78273, 81956, 84624, 78777, 49693, 68091, 78316, 1958]"
112085,"[20001, 63637, 105220, 76459, 72418, 301, 67487, 26310, 89304, 90506]"
112086,"[2714, 33924, 94507, 66947, 29651, 68627, 50611, 65029, 92758, 20722]"
112087,"[33772, 86592, 98994, 66649, 56224, 8616, 79649, 52097, 38141, 49378]"
112088,"[106058, 12910, 32886, 96190, 5543, 27489, 48146, 53934, 93368, 90972]"
112089,"[54634, 19110, 8297, 3578, 11385, 32168, 15148, 3998, 102309, 15175]"
112090,"[104460, 64721, 45984, 42976, 70542, 106706, 100387, 51171, 71453, 66771]"
112091,"[90963, 34849, 52118, 108166, 76831, 100347, 94853, 24463, 98835, 36013]"
112092,"[16755, 95314, 59340, 93205, 54991, 10413, 44879, 79894, 62545, 29351]"
112093,"[26383, 106894, 69623, 24454, 75953, 53690, 5548, 1022, 97630, 40654]"
112094,"[7381, 36518, 14610, 16688, 66332, 83924, 83138, 34615, 46668, 61191]"
112095,"[106067, 58688, 98598, 7694, 42212, 6934, 92773, 38800, 15715, 60874]"
112096,"[33553, 67112, 35307, 63147, 59235, 12905, 103464, 11794, 50997, 98086]"
112097,"[11302, 62872, 71504, 82056, 65823, 1403, 70512, 98289, 12445, 66595]"
112098,"[51388, 103095, 103174, 29161, 95996, 2246, 87810, 75909, 27186, 75582]"
112099,"[39945, 52128, 102826, 60148, 108419, 107428, 61883, 1802, 2079, 66990]"
112100,"[67590, 45762, 93670, 58902, 105245, 66829, 49691, 62058, 64268, 4943]"
112101,"[53903, 97662, 59663, 52457, 100797, 93278, 8199, 88816, 90333, 94794]"
112102,"[70440, 101858, 62288, 105661, 61165, 106703, 24072, 30659, 40529, 31778]"
112103,"[35572, 77049, 105691, 81117, 63639, 55370, 15725, 68304, 64090, 27944]"
112104,"[25085, 58800, 59030, 92755, 8617, 81315, 67426, 58248, 65433, 92628]"
112105,"[91114, 8476, 80254, 106152, 29130, 103361, 37051, 56695, 41336, 5417]"
112106,"[57023, 15226, 84586, 60200, 68067, 34578, 23108, 32740, 96842, 66903]"
112107,"[59393, 1042, 34565, 51656, 48273, 84144, 48843, 49997, 76062, 62982]"
112108,"[98778, 91516, 96932, 921, 55126, 88958, 18831, 99450, 21018, 92071]"
112109,"[96938, 91962, 63097, 21452, 53726, 31351, 77990, 51958, 49268, 97210]"
112110,"[27038, 78354, 71388, 44827, 46801, 94649, 12774, 88053, 42478, 99451]"
112111,"[33607, 53160, 70856, 20773, 8561, 89389, 58267, 23092, 22965, 96814]"
112112,"[2967, 101926, 34100, 47495, 89410, 98516, 78465, 51991, 71150, 102491]"
112113,"[71901, 86616, 18508, 2130, 72728, 49189, 77834, 101543, 83669, 14781]"
112114,"[16454, 77471, 86177, 85834, 81702, 49957, 60905, 38630, 65904, 7177]"
112115,"[8957, 54603, 44005, 53068, 94093, 102603, 28594, 102130, 27613, 87081]"
112116,"[48377, 66387, 53594, 749, 93277, 1349, 64433, 46396, 56104, 93649]"
112117,"[48946, 3592, 95702, 108500, 43775, 87923, 56616, 81061, 58994, 41880]"
112118,"[41038, 103916, 23158, 104175, 90775, 85283, 36932, 50854, 98516, 29609]"
112119,"[63414, 70826, 83021, 10995, 74171, 43401, 3650, 97246, 91912, 56152]"
112120,"[51534, 104583, 72760, 49645, 26253, 6108, 65262, 93556, 107585, 65896]"
112121,"[43292, 26915, 74360, 54783, 8303, 10962, 2754, 34496, 90046, 74424]"
112122,"[43489, 8395, 84234, 46718, 64360, 27441, 46361, 15472, 45097, 30256]"
112123,"[19803, 101833, 16167, 29731, 17319, 99717, 38267, 54631, 48850, 5266]"
112124,"[28759, 13808, 63794, 6968, 15957, 80076, 31915, 44621, 7980, 33361]"
112125,"[67599, 94469, 105997, 38477, 54260, 77238, 65057, 50630, 106865, 53418]"
112126,"[49826, 102816, 14286, 87028, 57944, 80945, 15804, 1083, 69293, 41513]"
112127,"[79170, 95741, 44761, 91549, 26477, 89932, 97550, 75600, 15059, 17200]"
112128,"[20846, 5697, 10607, 55483, 77735, 38118, 32420, 22184, 6872, 54877]"
112129,"[2045, 64786, 101702, 72346, 53993, 30909, 39894, 2211, 75200, 79092]"
112130,"[61652, 97251, 107549, 24083, 22894, 73167, 13698, 41462, 71728, 38983]"
112131,"[67686, 56645, 6256, 57087, 88981, 62650, 38018, 18350, 6128, 94535]"
112132,"[20077, 29793, 58049, 42669, 79148, 105242, 86918, 36391, 85188, 35059]"
112133,"[45690, 26150, 67927, 82542, 59151, 39767, 85397, 73626, 85570, 39058]"
112134,"[63250, 9799, 52461, 24971, 87476, 104751, 22633, 17370, 36784, 88472]"
112135,"[16569, 92200, 22181, 47750, 25207, 48543, 74458, 46465, 66343, 91966]"
112136,"[67359, 76492, 38692, 49448, 5882, 101587, 87739, 104434, 84498, 18877]"
112137,"[78956, 85911, 59272, 104665, 32841, 54351, 95433, 40766, 32146, 18304]"
112138,"[68005, 66455, 40258, 75365, 20576, 90311, 34998, 26764, 27026, 1033]"
112139,"[104524, 18414, 29665, 101169, 12678, 77860, 49927, 24882, 86548, 403]"
112140,"[87221, 62200, 53089, 7550, 9686, 40041, 64102, 11006, 92498, 56084]"
112141,"[48553, 65629, 49055, 91501, 41733, 40611, 43160, 54022, 41673, 105174]"
112142,"[23480, 93456, 29178, 96396, 68959, 99132, 61273, 73018, 75202, 30675]"
112143,"[3060, 36406, 91599, 93818, 51523, 32501, 55886, 59504, 54595, 28795]"
112144,"[14199, 7081, 81018, 56863, 49042, 49785, 50323, 12308, 109042, 32050]"
112145,"[18730, 29901, 47423, 8357, 62433, 88032, 39394, 73033, 44877, 3534]"
112146,"[95333, 49317, 102494, 40465, 24453, 15787, 97399, 30134, 108517, 88276]"
112147,"[95323, 23696, 31676, 50176, 85781, 85422, 23979, 84269, 64894, 69655]"
112148,"[107506, 15859, 75420, 62231, 50992, 85160, 39302, 14156, 44493, 60235]"
112149,"[35575, 107003, 105427, 17794, 80593, 63457, 14852, 38484, 45169, 108290]"
112150,"[74339, 30342, 25059, 10742, 75034, 59351, 56582, 37593, 47778, 35357]"
112151,"[29425, 38835, 79193, 12657, 45594, 82282, 79267, 28719, 88973, 5987]"
112152,"[29376, 1242, 10961, 62730, 45900, 18036, 4740, 1131, 39937, 42311]"
112153,"[7356, 109529, 4225, 8346, 28422, 67214, 54125, 70992, 85721, 69931]"
112154,"[51521, 82649, 99851, 44145, 97235, 30079, 45859, 85551, 93671, 16716]"
112155,"[43075, 93430, 101701, 59118, 58878, 50950, 54809, 40880, 41757, 60862]"
112156,"[102543, 42181, 68053, 55121, 86793, 38548, 95694, 20704, 80816, 39963]"
112157,"[65657, 67867, 64945, 29049, 104642, 59012, 27151, 11201, 91694, 85125]"
112158,"[6333, 30751, 92761, 62121, 109615, 29103, 14615, 97655, 32947, 29289]"
112159,"[105366, 16723, 50158, 47717, 87985, 75326, 76678, 99135, 12579, 93453]"
112160,"[74317, 14888, 81522, 21998, 6770, 72495, 15144, 58030, 49228, 100289]"
112161,"[37346, 87001, 80328, 69350, 88111, 41344, 51402, 93676, 6311, 59435]"
112162,"[41810, 54443, 108437, 83823, 6731, 96583, 28726, 53153, 102217, 35506]"
112163,"[15115, 35500, 94666, 85798, 82224, 47627, 27323, 26245, 86019, 98286]"
112164,"[2539, 78944, 71208, 2958, 60243, 87655, 36727, 31532, 18170, 95821]"
112165,"[13038, 91165, 99083, 55658, 12, 41546, 27932, 68336, 54081, 16]"
112166,"[100861, 54473, 97310, 104400, 31902, 85937, 92526, 4166, 38084, 23224]"
112167,"[14860, 96911, 18490, 61990, 26242, 13358, 22569, 391, 2290, 94351]"
112168,"[108979, 81183, 40485, 29834, 30389, 81934, 81826, 81509, 1436, 36700]"
112169,"[3728, 109584, 50372, 63189, 89212, 85534, 50182, 96300, 102063, 11910]"
112170,"[60675, 62829, 98546, 25743, 68593, 49044, 3970, 2823, 47433, 94607]"
112171,"[18895, 103048, 26000, 17719, 71656, 63043, 52922, 90602, 95791, 107299]"
112172,"[77115, 87336, 69777, 22419, 102999, 64271, 5724, 36124, 57265, 103581]"
112173,"[73988, 39331, 75786, 54200, 54635, 4862, 35182, 37141, 23518, 23183]"
112174,"[74514, 92971, 44359, 98489, 37914, 42330, 72042, 79702, 87197, 71044]"
112175,"[34437, 66592, 104869, 40406, 43669, 42968, 71721, 73142, 78292, 58613]"
112176,"[38139, 42388, 104622, 98877, 70622, 53368, 102890, 87293, 92043, 61355]"
112177,"[59026, 4444, 6332, 89375, 1979, 97755, 15589, 108604, 19373, 17987]"
112178,"[65933, 103642, 4034, 98455, 29971, 21657, 32136, 91946, 102688, 70570]"
112179,"[90866, 90501, 88130, 86093, 79852, 33103, 85700, 44572, 15441, 34495]"
112180,"[83585, 18384, 24657, 1651, 79001, 45521, 7246, 47068, 42530, 62398]"
112181,"[104155, 60899, 69498, 715, 6819, 37943, 108185, 104472, 92214, 21060]"
112182,"[71892, 48631, 61711, 52081, 1683, 34142, 50704, 92900, 18264, 2331]"
112183,"[100522, 24114, 45409, 29565, 120, 93596, 69513, 8208, 42454, 106291]"
112184,"[83880, 22102, 96379, 85001, 25255, 43527, 95645, 94242, 39466, 28610]"
112185,"[103945, 38229, 99009, 67340, 51555, 100927, 62446, 15061, 60939, 86549]"
112186,"[84875, 14273, 77119, 2238, 104962, 97874, 101222, 53278, 88863, 31760]"
112187,"[42931, 24202, 55340, 80909, 38569, 23409, 41527, 67989, 95061, 100621]"
112188,"[50745, 83091, 38761, 93404, 91153, 80795, 45848, 39978, 40103, 90625]"
112189,"[69028, 97417, 64327, 36153, 28144, 63689, 8597, 34703, 102959, 61120]"
112190,"[56302, 67223, 48968, 84058, 29040, 12371, 21413, 71689, 9393, 29564]"
112191,"[48536, 2938, 83863, 79301, 64551, 81398, 22774, 52764, 47342, 84908]"
112192,"[71148, 20803, 26123, 89337, 54989, 22797, 57355, 58430, 31276, 8185]"
112193,"[22790, 3183, 103080, 106133, 6759, 33783, 34554, 70112, 104083, 82843]"
112194,"[65571, 16189, 58568, 13080, 60909, 41846, 9625, 11797, 49021, 78417]"
112195,"[64557, 94920, 32210, 77486, 82586, 51339, 30865, 48505, 74581, 16062]"
112196,"[90215, 78054, 83115, 45849, 71985, 106918, 32607, 36464, 11226, 28855]"
112197,"[106197, 19194, 104307, 91629, 60517, 34098, 106399, 147, 74231, 8925]"
112198,"[92094, 58780, 67547, 45878, 15915, 31384, 27977, 85743, 5101, 30422]"
112199,"[86505, 31342, 46565, 65574, 78024, 39726, 81899, 57559, 73455, 100140]"
112200,"[10602, 8937, 55944, 74127, 26659, 46675, 102278, 86720, 79139, 90547]"
112201,"[51846, 56255, 54522, 42944, 44644, 60419, 53284, 41532, 77953, 46035]"
112202,"[28447, 3040, 21983, 70359, 6149, 35405, 66827, 18817, 87422, 32487]"
112203,"[70759, 108699, 104866, 102192, 93096, 63810, 76495, 45135, 60127, 16035]"
112204,"[46951, 8988, 45718, 8430, 109667, 55352, 55107, 22793, 83725, 93979]"
112205,"[13007, 16397, 11654, 103830, 99878, 89614, 91410, 24244, 85210, 805]"
112206,"[55345, 5532, 33747, 39628, 57589, 69454, 109110, 97253, 44666, 76285]"
112207,"[30791, 88031, 34382, 90701, 4468, 71300, 50044, 105560, 33871, 43661]"
112208,"[66594, 15361, 11983, 54034, 63717, 95550, 94500, 80095, 66803, 39745]"
112209,"[95570, 6277, 53030, 60937, 37010, 48982, 105320, 43706, 52423, 36301]"
112210,"[106110, 30493, 18947, 80495, 2840, 107091, 80655, 77844, 23817, 8636]"
112211,"[22540, 84463, 23340, 90449, 26132, 27029, 85629, 101022, 95980, 52475]"
112212,"[23443, 44100, 104028, 25310, 63094, 101008, 39557, 85680, 59427, 18153]"
112213,"[62625, 69018, 102727, 61686, 20239, 89579, 10651, 21306, 39114, 67732]"
112214,"[5297, 32677, 12373, 40429, 72669, 4770, 51375, 81166, 28866, 13885]"
112215,"[16991, 34865, 72407, 54915, 3061, 90673, 51449, 26899, 74970, 70842]"
112216,"[44524, 36046, 85400, 8588, 95579, 108226, 97458, 592, 26856, 17868]"
112217,"[97452, 85301, 80360, 8292, 82328, 27494, 32294, 102299, 70263, 46711]"
112218,"[93025, 40082, 53298, 23998, 62140, 88480, 39996, 91007, 87441, 14917]"
112219,"[28529, 84074, 25678, 30336, 63201, 62537, 60727, 40150, 61353, 107663]"
112220,"[57254, 36705, 20062, 73077, 39897, 10063, 47840, 43733, 69090, 109608]"
112221,"[4075, 71647, 71219, 101344, 57786, 42035, 57537, 52791, 13863, 80220]"
112222,"[106020, 16040, 64882, 33421, 49344, 48328, 109227, 60958, 79169, 29249]"
112223,"[76127, 19626, 33192, 12582, 16420, 33207, 56128, 45646, 52500, 104854]"
112224,"[5580, 80501, 21914, 7287, 21208, 52257, 9822, 40779, 19487, 94403]"
112225,"[60500, 59150, 80607, 53720, 85769, 55226, 107558, 78843, 74353, 105983]"
112226,"[8428, 59798, 2324, 21906, 7670, 88057, 222, 100, 35977, 52182]"
112227,"[90620, 68272, 85960, 96375, 81899, 36419, 23433, 28565, 59092, 17709]"
112228,"[31821, 75660, 34377, 57660, 56602, 105998, 92746, 108156, 98642, 108441]"
112229,"[99412, 33848, 46104, 68536, 53169, 38991, 71274, 49848, 84292, 94064]"
112230,"[43097, 104909, 99022, 52844, 82808, 86776, 77321, 42327, 20404, 84893]"
112231,"[91720, 65513, 12453, 61940, 28029, 50036, 4318, 46580, 95021, 71671]"
112232,"[58539, 39614, 64940, 67706, 57637, 63531, 93275, 4368, 30769, 40706]"
112233,"[23130, 50210, 81558, 38756, 87588, 86973, 55081, 109775, 32157, 31510]"
112234,"[72191, 97888, 37011, 55810, 97108, 82459, 71696, 90399, 41931, 20244]"
112235,"[101280, 55617, 42501, 102994, 95844, 87841, 28792, 76785, 34043, 66641]"
112236,"[108763, 37779, 20781, 9007, 64377, 83884, 102120, 84056, 26566, 11933]"
112237,"[28258, 68354, 91304, 11889, 100196, 43001, 56348, 72233, 46547, 52581]"
112238,"[66674, 2251, 49285, 103589, 94753, 75515, 48159, 30641, 59204, 71442]"
112239,"[56464, 10405, 94468, 20082, 96314, 54975, 77602, 33519, 27724, 106923]"
112240,"[41229, 45499, 68865, 91594, 59444, 12535, 47414, 104714, 23808, 47272]"
112241,"[60165, 95135, 101919, 26909, 9092, 103913, 89675, 109120, 3420, 9373]"
112242,"[79306, 13239, 80872, 30478, 850, 37410, 30759, 31015, 54964, 7778]"
112243,"[67445, 61372, 98358, 2997, 522, 37438, 34388, 38406, 77980, 12400]"
112244,"[69440, 75243, 43751, 29650, 29361, 28103, 63650, 95352, 77228, 2640]"
112245,"[5954, 83879, 86675, 56197, 38280, 9492, 10452, 92924, 86659, 104930]"
112246,"[11500, 35487, 88305, 80557, 25030, 29679, 103574, 91154, 73138, 28193]"
112247,"[55773, 25571, 107743, 101620, 100324, 51354, 90693, 86364, 49395, 20305]"
112248,"[34375, 84477, 11773, 48924, 80093, 4652, 86843, 31928, 8634, 76749]"
112249,"[15938, 100057, 37129, 104196, 104017, 73154, 51412, 54804, 57090, 96208]"
112250,"[88845, 83691, 38773, 86559, 23004, 44342, 52801, 14265, 61564, 58346]"
112251,"[9846, 58720, 99663, 64731, 82962, 3930, 95942, 22340, 73981, 62496]"
112252,"[28985, 36308, 40969, 70352, 34307, 43736, 76564, 64442, 96391, 66383]"
112253,"[61271, 93218, 271, 63885, 102556, 2166, 74725, 4242, 55570, 35673]"
112254,"[59796, 5182, 2979, 59388, 78151, 104531, 26836, 69523, 106795, 102916]"
112255,"[108258, 85801, 98645, 69660, 9298, 50022, 56656, 81406, 87957, 108593]"
112256,"[71652, 67318, 96691, 8796, 88446, 98949, 99127, 86362, 10880, 2307]"
112257,"[11227, 43458, 6514, 11549, 74360, 20478, 76179, 68712, 96311, 99780]"
112258,"[73444, 65437, 19764, 7795, 25761, 44661, 49405, 93930, 55943, 28854]"
112259,"[81612, 10402, 64781, 3771, 72273, 13157, 104648, 20500, 107668, 21656]"
112260,"[98842, 91866, 32651, 64395, 16450, 101259, 63732, 59811, 99837, 18837]"
112261,"[52195, 5589, 64930, 71256, 47612, 43766, 93471, 20318, 24337, 67173]"
112262,"[65013, 99142, 80409, 15010, 48401, 60020, 77104, 91428, 73297, 7750]"
112263,"[53283, 6992, 19854, 56747, 59636, 26731, 106169, 66374, 32479, 12617]"
112264,"[62339, 65708, 61990, 42310, 35863, 91178, 24654, 15716, 26385, 96911]"
112265,"[72927, 44286, 83131, 81075, 12343, 109137, 51126, 69794, 51349, 54140]"
112266,"[7264, 3553, 13178, 95304, 75750, 80921, 48686, 37522, 32630, 90742]"
112267,"[54612, 34911, 16277, 63995, 8450, 24005, 73640, 86004, 45576, 38015]"
112268,"[13152, 85446, 67159, 54363, 89451, 104069, 88721, 190, 38293, 17315]"
112269,"[56182, 50541, 91400, 5901, 106752, 88272, 44501, 46321, 72051, 40045]"
112270,"[6270, 64700, 92118, 88648, 5788, 107263, 87226, 31374, 19853, 84259]"
112271,"[82325, 72803, 102873, 61410, 27823, 37275, 62653, 84879, 53987, 16660]"
112272,"[53670, 14606, 33160, 89141, 4629, 54655, 79468, 45514, 76183, 3859]"
112273,"[100777, 72123, 44864, 7823, 90436, 9538, 76425, 41878, 76914, 59980]"
112274,"[44195, 102215, 96645, 2054, 31666, 49905, 39649, 107162, 38361, 105853]"
112275,"[40462, 49788, 1362, 69308, 10774, 29763, 67488, 26828, 36988, 18527]"
112276,"[82293, 64898, 106046, 45694, 65324, 101396, 73021, 58698, 73110, 43487]"
112277,"[50489, 32059, 18228, 41318, 49134, 68335, 24846, 30003, 58485, 78921]"
112278,"[71010, 99634, 7546, 30925, 79605, 91445, 29962, 59185, 51348, 96624]"
112279,"[53906, 68500, 82743, 29478, 14495, 93176, 92623, 47424, 70578, 39028]"
112280,"[53024, 59015, 48172, 14401, 99342, 50120, 2401, 54279, 7197, 75963]"
112281,"[88257, 21607, 99987, 106477, 38690, 68077, 33174, 88442, 83904, 55044]"
112282,"[24839, 89317, 14719, 90074, 73160, 61963, 4010, 46381, 63087, 58760]"
112283,"[44493, 25738, 38838, 68243, 62231, 81845, 85160, 75420, 107506, 27885]"
112284,"[64186, 60505, 16609, 30394, 13598, 37751, 85263, 99788, 74122, 76868]"
112285,"[72487, 85372, 39195, 25408, 13396, 23726, 96824, 107995, 37588, 72520]"
112286,"[46906, 15814, 28312, 725, 21017, 54279, 51356, 40608, 83064, 78999]"
112287,"[38858, 89185, 56535, 27724, 8741, 85076, 104513, 62851, 20082, 54721]"
112288,"[11391, 391, 18092, 18808, 5192, 21508, 47335, 61102, 28108, 46864]"
112289,"[108959, 50890, 58794, 14305, 72576, 73726, 20426, 54618, 91107, 72014]"
112290,"[54926, 75940, 21194, 59535, 89757, 89109, 87518, 10052, 26197, 12834]"
112291,"[69550, 62300, 23362, 107605, 2301, 97818, 57262, 50376, 9554, 65130]"
112292,"[95502, 26671, 30149, 68827, 30662, 108841, 1040, 45466, 34123, 101146]"
112293,"[25570, 56700, 109063, 48926, 102159, 75630, 9752, 93167, 35667, 77424]"
112294,"[67067, 40926, 74228, 30085, 56627, 1285, 47070, 19982, 54811, 364]"
112295,"[44160, 8453, 23253, 95273, 3949, 49003, 35104, 35536, 32364, 26780]"
112296,"[64120, 77388, 103792, 9345, 67160, 60149, 97351, 101121, 20045, 30268]"
112297,"[61299, 47791, 105494, 82214, 86927, 62302, 90508, 39962, 62561, 11824]"
112298,"[33382, 2265, 100420, 74944, 76513, 103949, 60338, 18382, 84352, 50202]"
112299,"[107627, 33463, 90130, 79105, 12723, 44741, 92525, 64373, 87108, 65280]"
112300,"[28948, 47658, 55405, 92053, 89460, 29844, 71082, 53363, 12283, 89988]"
112301,"[105216, 70498, 34986, 38404, 89963, 59823, 30058, 113, 104161, 28625]"
112302,"[101319, 55995, 18512, 108702, 48898, 39486, 32325, 86935, 6353, 47934]"
112303,"[65681, 62934, 98256, 15883, 82804, 75281, 21284, 67422, 7696, 70348]"
112304,"[73611, 86593, 77352, 95708, 78682, 70625, 20732, 55681, 15936, 11288]"
112305,"[1561, 11160, 61663, 101393, 105105, 101181, 39727, 34993, 85986, 82993]"
112306,"[86998, 54971, 87319, 48904, 74622, 5347, 16015, 34665, 99095, 29602]"
112307,"[5939, 60522, 64703, 42281, 43997, 97385, 60185, 106816, 48372, 9234]"
112308,"[89301, 4996, 44836, 107111, 61302, 64081, 41767, 79672, 82481, 15833]"
112309,"[43042, 57902, 54158, 15435, 49283, 64735, 22482, 97227, 1375, 15833]"
112310,"[83379, 27731, 24231, 34985, 54837, 106207, 48649, 21917, 66438, 67052]"
112311,"[86170, 13690, 6970, 82952, 63409, 3105, 22060, 33395, 34671, 50588]"
112312,"[3462, 90778, 92468, 109194, 21396, 1147, 55042, 19624, 34517, 101188]"
112313,"[95090, 1117, 64964, 32592, 512, 32750, 102694, 15747, 74379, 32855]"
112314,"[61808, 3809, 107447, 5111, 48112, 81913, 53084, 43472, 97667, 28184]"
112315,"[99126, 20915, 44389, 95961, 65491, 48147, 98042, 86407, 5513, 73742]"
112316,"[87492, 33246, 10841, 15928, 74885, 105342, 44156, 54075, 51214, 2754]"
112317,"[88517, 88216, 63037, 25658, 6571, 74826, 76790, 79821, 91365, 100374]"
112318,"[46997, 104792, 40817, 106564, 40034, 81836, 56432, 48451, 107316, 24324]"
112319,"[56541, 100801, 52028, 98421, 33177, 10167, 38440, 59211, 36029, 66119]"
112320,"[65473, 98793, 83322, 57294, 29686, 2213, 24057, 34155, 32678, 67713]"
112321,"[53101, 36379, 106535, 31706, 100893, 69472, 54354, 97875, 92915, 11964]"
112322,"[37820, 37293, 45402, 13553, 63390, 7100, 53173, 46933, 81906, 93587]"
112323,"[15923, 23575, 27797, 38112, 33217, 88463, 39905, 43480, 50375, 8274]"
112324,"[106325, 15349, 63941, 33189, 13692, 45465, 106562, 2794, 68794, 26041]"
112325,"[96501, 19398, 29350, 21350, 75627, 5847, 15315, 30294, 35313, 69367]"
112326,"[62555, 46132, 80595, 96358, 5042, 50486, 106613, 42874, 56525, 93437]"
112327,"[39042, 12222, 62742, 10641, 99538, 106060, 81101, 13757, 26280, 76402]"
112328,"[51046, 13411, 4664, 21264, 94657, 101230, 22493, 55161, 81960, 73763]"
112329,"[47069, 16147, 50850, 33391, 45250, 56500, 49343, 41289, 92772, 14786]"
112330,"[73623, 83873, 47229, 91257, 68896, 60843, 49653, 54098, 7643, 47212]"
112331,"[14058, 64182, 87576, 94346, 23658, 18398, 58966, 102709, 74749, 94655]"
112332,"[46468, 78867, 82557, 85219, 28, 18071, 93546, 30876, 106422, 3572]"
112333,"[46290, 55809, 13523, 72968, 106635, 35545, 76345, 636, 55558, 77952]"
112334,"[81730, 15507, 83532, 54811, 78692, 71551, 48542, 70358, 60732, 46849]"
112335,"[31780, 14034, 6948, 101361, 19172, 27706, 55591, 89040, 99169, 64688]"
112336,"[18289, 9770, 98041, 60868, 44507, 75104, 66063, 56371, 17787, 2516]"
112337,"[79170, 18677, 95741, 9404, 46979, 50800, 9810, 36571, 75600, 29261]"
112338,"[25109, 19544, 106040, 72161, 72858, 88753, 4125, 2031, 82192, 59775]"
112339,"[45089, 85113, 76319, 31904, 80297, 54815, 56583, 2750, 37960, 59780]"
112340,"[54118, 36517, 21005, 17490, 62583, 95336, 35796, 3224, 541, 48120]"
112341,"[51277, 81971, 60348, 25195, 80773, 104408, 75973, 49984, 70879, 8848]"
112342,"[70400, 87146, 7173, 71738, 49815, 25732, 27224, 105016, 11500, 2602]"
112343,"[59629, 59475, 52366, 54959, 39525, 70041, 95888, 84341, 36166, 91371]"
112344,"[94704, 3460, 82837, 46120, 16016, 57264, 22936, 75171, 25400, 19741]"
112345,"[35268, 43702, 46398, 48919, 20856, 1925, 96719, 72734, 48815, 73066]"
112346,"[54950, 50014, 50872, 11869, 97043, 100060, 65991, 96318, 69671, 57801]"
112347,"[54178, 74693, 10146, 40625, 48669, 89940, 1230, 106221, 11640, 32879]"
112348,"[72064, 30452, 70589, 46768, 108985, 176, 68451, 37852, 31534, 25818]"
112349,"[104339, 5150, 43367, 77000, 88338, 81834, 44503, 36195, 99461, 37556]"
112350,"[55527, 98408, 15153, 51644, 62375, 96131, 55128, 4903, 2633, 96984]"
112351,"[52853, 85849, 46449, 20435, 32852, 90455, 79747, 78792, 14488, 89879]"
112352,"[98268, 73087, 51434, 41390, 34341, 67680, 45730, 34971, 25560, 104575]"
112353,"[99059, 7589, 76581, 55998, 43142, 105766, 29915, 79371, 52108, 18039]"
112354,"[44315, 109094, 45166, 49314, 43970, 107191, 32436, 2114, 25078, 66376]"
112355,"[47614, 14929, 59537, 89862, 82806, 16063, 100147, 71566, 25888, 9650]"
112356,"[16619, 23098, 42926, 16593, 8912, 62543, 26843, 34944, 35584, 77587]"
112357,"[41553, 4082, 10845, 105251, 69702, 71424, 9583, 60929, 76404, 86496]"
112358,"[60575, 60781, 90062, 107287, 66964, 99760, 27341, 72903, 78441, 100800]"
112359,"[38488, 10135, 77611, 82414, 5090, 87145, 26053, 78371, 25345, 76759]"
112360,"[68900, 70069, 59818, 668, 13407, 45720, 91194, 76690, 73719, 1779]"
112361,"[91406, 77786, 34862, 14853, 50718, 46796, 19783, 2019, 29993, 1744]"
112362,"[33587, 80457, 75849, 37392, 27865, 88522, 14069, 104338, 8789, 56093]"
112363,"[51091, 94067, 57898, 28237, 69992, 22222, 60146, 100688, 100152, 59094]"
112364,"[42719, 2510, 55164, 51202, 44966, 106628, 5778, 34978, 28652, 98426]"
112365,"[9974, 47696, 8853, 95605, 109437, 3673, 18481, 77704, 6847, 15246]"
112366,"[77556, 90282, 74681, 49565, 24631, 10762, 78913, 4168, 27080, 37755]"
112367,"[188, 35978, 73654, 45098, 94474, 22129, 64258, 80392, 68365, 80714]"
112368,"[62375, 82015, 2935, 81311, 43731, 88941, 23569, 56078, 88505, 97473]"
112369,"[790, 102879, 31306, 92476, 28482, 22007, 29821, 53007, 54971, 48904]"
112370,"[22624, 108539, 17328, 49865, 101564, 87554, 16021, 57133, 3074, 39545]"
112371,"[87058, 95322, 102442, 57347, 92899, 20755, 32177, 95410, 230, 53751]"
112372,"[91013, 1915, 76038, 67142, 52027, 57043, 57789, 103400, 38030, 101393]"
112373,"[1053, 14626, 10551, 25608, 98995, 74937, 59032, 144, 10683, 96237]"
112374,"[2711, 11453, 77256, 36554, 20350, 52918, 42182, 106259, 98506, 103110]"
112375,"[44453, 97346, 27030, 32331, 82750, 87684, 76750, 1866, 91190, 13971]"
112376,"[93325, 43082, 82169, 1547, 56538, 106308, 93251, 97895, 46529, 86259]"
112377,"[42580, 50555, 15280, 29723, 2869, 89041, 26444, 22776, 70705, 93889]"
112378,"[29300, 13949, 54724, 42862, 9839, 30553, 79966, 31251, 71918, 17121]"
112379,"[93275, 20358, 40706, 50846, 990, 5764, 41635, 63138, 82812, 21100]"
112380,"[83418, 61398, 57865, 36756, 48730, 14963, 30858, 78322, 85443, 53102]"
112381,"[107702, 64099, 12654, 33857, 105210, 65448, 89575, 65316, 72004, 48589]"
112382,"[16017, 68744, 78529, 88111, 108859, 37346, 19345, 69350, 87001, 108677]"
112383,"[67458, 97130, 64874, 81549, 41676, 10627, 13905, 52942, 108298, 85201]"
112384,"[86385, 49263, 7649, 87739, 30880, 82416, 104279, 67011, 30523, 81512]"
112385,"[7137, 3574, 92444, 63841, 77608, 18949, 55282, 46162, 88551, 35686]"
112386,"[30804, 49553, 18523, 6195, 17237, 3825, 104577, 53529, 49225, 106898]"
112387,"[63762, 66535, 26134, 10575, 104153, 84361, 6257, 16504, 993, 34967]"
112388,"[70515, 6067, 98248, 92134, 64572, 74971, 13283, 34077, 107103, 69258]"
112389,"[10243, 70487, 108451, 98376, 97632, 86100, 57536, 35860, 99504, 20244]"
112390,"[21291, 54718, 86244, 77049, 15725, 34336, 40986, 89010, 21171, 31021]"
112391,"[83099, 81335, 105198, 96638, 35474, 40662, 87851, 13525, 49713, 9638]"
112392,"[10708, 47166, 92097, 66574, 59486, 82885, 68387, 78168, 21964, 16599]"
112393,"[54763, 14486, 84108, 65142, 83800, 71697, 27685, 104274, 67103, 22839]"
112394,"[25829, 37492, 81081, 17572, 38273, 31989, 29, 94805, 77146, 16160]"
112395,"[57073, 4269, 32815, 42696, 103962, 95467, 89657, 30953, 99253, 66431]"
112396,"[17442, 42591, 58452, 9370, 43299, 59920, 69857, 49208, 44261, 92490]"
112397,"[95459, 103267, 12072, 77777, 57934, 798, 26973, 24080, 53800, 17070]"
112398,"[51818, 59090, 19389, 49765, 71442, 29427, 88576, 75598, 21542, 77092]"
112399,"[45992, 38946, 26007, 101283, 28179, 29076, 87196, 58011, 95849, 95191]"
112400,"[78230, 42756, 79545, 71522, 5841, 53695, 3516, 58314, 93659, 27936]"
112401,"[12733, 27368, 101975, 37988, 86074, 59006, 89886, 107813, 108978, 81821]"
112402,"[94664, 44159, 80507, 40799, 92490, 78908, 70594, 49392, 26451, 96509]"
112403,"[46362, 58293, 18496, 85966, 88783, 51228, 45922, 49856, 75082, 42371]"
112404,"[8933, 51776, 13297, 5676, 23112, 10298, 38908, 67568, 9177, 45641]"
112405,"[540, 69390, 83118, 51908, 29761, 35702, 23823, 96149, 15437, 22696]"
112406,"[71031, 40332, 57557, 65347, 51923, 105043, 30845, 55618, 45002, 42137]"
112407,"[30517, 5965, 77625, 62884, 79920, 54569, 19, 59633, 76508, 70598]"
112408,"[95276, 58981, 81019, 109322, 99192, 56732, 89887, 37990, 89681, 58092]"
112409,"[98706, 62473, 96020, 42897, 60851, 41370, 47760, 37572, 82381, 42073]"
112410,"[29960, 24530, 85956, 45907, 2916, 39032, 3003, 55786, 3369, 84521]"
112411,"[42983, 58104, 1720, 104680, 35358, 60439, 476, 9582, 27075, 5317]"
112412,"[80214, 16281, 24351, 92993, 60734, 43910, 46803, 60295, 54957, 73228]"
112413,"[70657, 31512, 25188, 105322, 24886, 65823, 104528, 31272, 51995, 27043]"
112414,"[51496, 89745, 76637, 75973, 15692, 26022, 32717, 66168, 89999, 45206]"
112415,"[91686, 8445, 71309, 5235, 68617, 40027, 85959, 40844, 15801, 76172]"
112416,"[106871, 63051, 44191, 62105, 39081, 10552, 34084, 32120, 71345, 34238]"
112417,"[26843, 32844, 42926, 46598, 31057, 64304, 48998, 57462, 104577, 49912]"
112418,"[91390, 64058, 106719, 56443, 52342, 97897, 43640, 67203, 9479, 44100]"
112419,"[14804, 54211, 18514, 103908, 17950, 74616, 37490, 15028, 57838, 29627]"
112420,"[50135, 20451, 79452, 62007, 61201, 40927, 25402, 11356, 31886, 60587]"
112421,"[83459, 53969, 1407, 66699, 109349, 47891, 63144, 93905, 101947, 18946]"
112422,"[63195, 60274, 108295, 30426, 102738, 23947, 107118, 38812, 85094, 14390]"
112423,"[105383, 80201, 46099, 36186, 20258, 19648, 76580, 47628, 47707, 37054]"
112424,"[327, 41038, 61066, 96479, 92477, 103916, 69518, 104175, 53446, 10934]"
112425,"[46119, 100289, 108513, 109412, 48775, 39651, 21998, 72495, 21859, 2908]"
112426,"[106021, 18022, 56614, 10938, 72387, 36312, 64352, 39016, 45712, 45889]"
112427,"[24867, 97713, 104712, 74220, 93061, 1000, 22625, 11313, 19073, 29800]"
112428,"[72569, 105591, 44233, 6943, 90705, 66584, 105406, 94254, 97259, 24285]"
112429,"[46469, 36318, 7991, 39168, 4902, 16191, 75679, 31200, 24024, 7921]"
112430,"[93458, 7828, 4855, 61700, 63169, 11108, 102182, 26305, 88481, 104374]"
112431,"[109723, 86015, 31962, 74844, 51557, 108754, 14699, 52329, 107240, 32666]"
112432,"[104957, 55866, 27161, 41378, 9496, 895, 19532, 95117, 46083, 17686]"
112433,"[39943, 83336, 11195, 68433, 23453, 68388, 89701, 31754, 83084, 89393]"
112434,"[29124, 21815, 103538, 9377, 63545, 51842, 2145, 34586, 106678, 67412]"
112435,"[65917, 53524, 18278, 34875, 29535, 22530, 47737, 205, 9379, 6560]"
112436,"[597, 45983, 53739, 89319, 102656, 41390, 105848, 41452, 59716, 105315]"
112437,"[59331, 61945, 16283, 78084, 11330, 28778, 53609, 26031, 70645, 39361]"
112438,"[64746, 90485, 94416, 46948, 43917, 38191, 11130, 17005, 38668, 93490]"
112439,"[15696, 102273, 98067, 100999, 37137, 6994, 94914, 11463, 58346, 103899]"
112440,"[59837, 41415, 41464, 18923, 38865, 101299, 18811, 15010, 55050, 38486]"
112441,"[55884, 81378, 87626, 44849, 4165, 11256, 90340, 21130, 90408, 40295]"
112442,"[15069, 46244, 34960, 13341, 41440, 55132, 60631, 48692, 6999, 99646]"
112443,"[107495, 34329, 104337, 68862, 98362, 55026, 85748, 71765, 7229, 10148]"
112444,"[10633, 43790, 98535, 88651, 85276, 51622, 26436, 17857, 759, 14585]"
112445,"[1856, 1747, 42011, 38085, 78043, 78536, 89734, 40754, 54661, 108621]"
112446,"[47940, 4171, 79486, 32675, 64264, 5581, 57857, 17705, 26247, 17432]"
112447,"[83086, 83489, 29907, 7924, 86988, 71073, 86456, 100178, 43597, 97570]"
112448,"[4545, 100585, 67439, 94977, 20393, 54074, 85315, 21003, 89263, 49874]"
112449,"[7623, 67536, 36085, 24872, 5436, 11687, 9496, 57065, 19532, 3969]"
112450,"[26288, 11981, 8549, 91120, 83576, 21886, 95656, 14882, 69049, 71456]"
112451,"[58244, 7837, 14623, 46887, 7038, 93684, 84727, 41509, 23437, 94307]"
112452,"[47149, 19539, 18911, 34752, 83870, 40434, 4718, 18034, 50211, 4464]"
112453,"[68985, 34060, 95688, 74919, 60733, 46041, 61986, 86764, 59901, 89058]"
112454,"[91731, 98890, 40321, 58964, 89317, 30862, 108479, 43164, 74512, 31772]"
112455,"[93414, 4, 30019, 3083, 109025, 12925, 20284, 7423, 71000, 102923]"
112456,"[92856, 104709, 631, 4531, 2246, 59631, 21588, 74499, 57122, 76710]"
112457,"[84725, 88792, 40311, 98388, 7434, 57632, 23825, 46586, 64628, 97105]"
112458,"[86391, 12202, 89199, 36629, 56923, 73538, 13108, 24810, 79499, 65963]"
112459,"[56844, 30871, 91362, 8335, 77138, 82275, 3056, 105494, 48124, 12640]"
112460,"[1988, 87760, 97708, 100512, 87068, 40471, 85009, 77563, 86118, 29675]"
112461,"[46561, 15814, 34836, 32510, 98274, 24688, 7564, 9550, 42177, 21063]"
112462,"[53473, 60632, 75830, 31525, 27991, 51679, 22502, 36356, 30374, 88288]"
112463,"[37915, 47370, 94642, 87457, 24314, 92262, 108716, 108354, 26521, 94088]"
112464,"[69371, 33924, 94507, 47634, 82246, 6833, 21963, 35126, 58446, 108677]"
112465,"[64287, 40172, 50480, 86303, 95556, 83773, 63409, 62753, 56116, 6292]"
112466,"[48618, 34066, 56494, 91458, 21692, 104983, 22991, 62285, 109208, 104556]"
112467,"[70947, 92455, 69975, 28340, 94873, 28209, 78343, 94220, 22239, 12003]"
112468,"[106713, 47862, 2018, 73135, 59400, 79946, 1929, 81724, 22161, 83977]"
112469,"[90539, 54601, 52773, 64947, 66436, 54614, 19920, 16183, 2015, 80506]"
112470,"[6169, 29970, 100844, 92636, 86099, 93360, 53833, 24143, 19676, 79995]"
112471,"[101473, 105012, 74149, 72463, 96477, 45688, 33847, 32446, 105849, 5264]"
112472,"[88452, 71055, 41136, 52061, 62764, 72560, 7678, 38055, 90973, 38022]"
112473,"[35476, 55031, 95134, 22003, 8001, 91861, 40134, 72822, 41523, 3035]"
112474,"[15974, 83375, 86653, 103240, 22914, 88963, 44707, 102372, 67572, 1062]"
112475,"[59325, 23212, 26783, 35766, 11460, 93078, 45618, 12290, 13045, 9934]"
112476,"[95047, 96015, 65658, 75381, 30046, 65107, 90115, 3638, 58435, 93031]"
112477,"[17736, 93111, 11497, 101841, 16461, 14975, 436, 4603, 44123, 91916]"
112478,"[99217, 4970, 85349, 47324, 4390, 5013, 26243, 2412, 3130, 78904]"
112479,"[14573, 66072, 53438, 78152, 107844, 19501, 13295, 73437, 43331, 65601]"
112480,"[90884, 70667, 106131, 92254, 27686, 64509, 15452, 104959, 3926, 68297]"
112481,"[87724, 12168, 25187, 4948, 46887, 53306, 432, 63797, 38348, 21052]"
112482,"[85964, 58047, 108598, 22499, 2326, 6335, 88056, 6909, 9861, 101930]"
112483,"[89641, 34929, 23060, 30102, 99530, 42271, 12270, 69516, 91693, 80445]"
112484,"[39374, 55730, 2550, 75640, 10121, 11751, 45708, 68515, 13298, 47698]"
112485,"[81169, 78444, 56912, 44031, 29876, 35314, 40202, 11918, 47520, 78770]"
112486,"[71964, 18635, 100853, 70427, 77070, 91076, 82304, 45484, 56686, 85796]"
112487,"[80219, 26462, 108799, 24765, 56768, 55066, 9601, 24857, 52743, 87161]"
112488,"[82736, 53342, 105341, 31641, 84563, 42402, 13100, 57767, 73299, 42019]"
112489,"[109137, 96271, 38114, 4761, 80232, 44809, 69680, 48869, 56238, 51349]"
112490,"[76509, 84991, 94444, 108278, 22037, 2995, 5026, 55667, 28532, 17105]"
112491,"[55483, 77735, 6751, 28956, 100107, 77734, 106235, 42500, 22184, 10954]"
112492,"[60583, 68878, 50527, 21115, 21852, 81685, 29636, 80223, 75149, 10412]"
112493,"[57686, 12122, 103256, 1456, 37109, 31247, 43643, 53276, 94457, 40861]"
112494,"[82049, 104762, 81966, 8442, 53047, 66957, 4093, 50399, 41274, 99854]"
112495,"[74529, 109007, 75589, 42113, 31889, 51543, 65526, 26929, 9518, 16091]"
112496,"[36839, 4724, 64254, 36734, 66011, 4601, 56813, 799, 44991, 48212]"
112497,"[73109, 3478, 12979, 108055, 67901, 92610, 38906, 88688, 56120, 79193]"
112498,"[57932, 64835, 60548, 107431, 41915, 65223, 47462, 59656, 7232, 18455]"
112499,"[35371, 44741, 64373, 107627, 33463, 63782, 80409, 4503, 77755, 5249]"
112500,"[72540, 86292, 1732, 106781, 49976, 69229, 74669, 70277, 14046, 45170]"
112501,"[103125, 1827, 89953, 103949, 69924, 84352, 4998, 60338, 99540, 28744]"
112502,"[105398, 70817, 42225, 71147, 55542, 100714, 66331, 5182, 2392, 106267]"
112503,"[32305, 74908, 69389, 22332, 35362, 23523, 880, 33899, 99015, 105619]"
112504,"[46609, 107405, 63889, 30388, 16913, 52894, 96253, 96746, 38359, 29779]"
112505,"[87246, 65376, 92284, 76712, 95363, 92779, 25860, 54285, 26911, 40498]"
112506,"[26538, 5526, 79465, 14661, 93607, 53389, 83372, 51704, 55138, 103891]"
112507,"[33935, 107873, 89629, 69676, 69506, 52761, 73224, 68323, 35615, 29386]"
112508,"[106433, 47911, 47848, 79692, 70359, 98437, 51631, 101785, 62765, 105530]"
112509,"[100955, 69438, 99913, 23261, 60496, 56134, 79920, 69501, 6424, 25971]"
112510,"[85332, 97892, 91789, 54883, 78494, 21835, 19968, 14886, 42365, 33065]"
112511,"[81897, 97970, 40421, 36469, 51564, 53442, 104073, 17325, 48912, 8697]"
112512,"[49955, 58790, 95753, 72755, 89305, 42302, 33969, 76659, 99203, 381]"
112513,"[95441, 6224, 93723, 55317, 6462, 91204, 77117, 50264, 84360, 48492]"
112514,"[13493, 7790, 105379, 27573, 19166, 98873, 75241, 9652, 49836, 61465]"
112515,"[16667, 81249, 18371, 62314, 47407, 53420, 42170, 58473, 7387, 67798]"
112516,"[94016, 60797, 62698, 36369, 58759, 75904, 71890, 25355, 47892, 92692]"
112517,"[46375, 93710, 89468, 4012, 47162, 75894, 87299, 18878, 20296, 53618]"
112518,"[78193, 30654, 99579, 46482, 81146, 33356, 15396, 81037, 76059, 64625]"
112519,"[33610, 738, 3290, 46778, 93164, 72161, 72858, 105792, 4201, 51785]"
112520,"[7158, 98753, 23937, 67740, 5056, 68977, 99562, 83599, 42155, 86530]"
112521,"[55670, 90184, 6073, 32029, 48523, 97852, 20397, 14745, 67879, 90042]"
112522,"[105364, 11251, 100814, 32865, 100783, 81169, 78444, 102815, 108676, 79135]"
112523,"[107846, 31038, 89690, 15347, 22084, 20461, 56325, 93692, 6181, 11950]"
112524,"[86349, 36752, 67, 56233, 87170, 3738, 29621, 755, 13479, 77026]"
112525,"[99523, 32724, 30610, 64055, 25871, 13564, 65512, 60474, 17141, 49178]"
112526,"[96984, 48030, 85753, 109592, 18830, 66329, 88397, 99706, 66796, 90588]"
112527,"[78586, 74774, 81903, 25405, 41058, 5520, 108871, 3682, 106252, 63891]"
112528,"[17028, 94969, 105266, 101574, 1150, 85552, 20609, 84147, 54150, 8777]"
112529,"[35170, 48338, 108047, 97560, 71350, 82425, 73259, 24799, 84349, 16330]"
112530,"[108186, 44004, 32208, 94540, 52417, 40600, 14095, 15329, 72904, 104234]"
112531,"[86172, 57554, 59791, 4411, 15962, 37450, 44993, 31567, 31308, 83939]"
112532,"[62015, 3475, 108008, 88743, 78020, 32753, 80088, 8246, 8910, 97548]"
112533,"[30098, 40628, 10714, 35989, 21313, 16849, 109233, 24766, 18686, 98814]"
112534,"[31888, 28106, 84744, 18388, 15645, 40346, 41481, 13608, 44437, 101692]"
112535,"[109538, 81728, 32810, 84514, 11460, 16505, 101421, 23863, 81941, 42471]"
112536,"[11040, 91814, 108100, 75637, 108673, 80840, 47449, 32626, 4941, 84675]"
112537,"[28082, 17701, 7548, 42252, 7191, 2167, 48215, 35008, 102647, 36229]"
112538,"[46597, 98123, 22843, 109577, 27779, 33957, 62405, 48890, 45738, 96268]"
112539,"[8016, 92787, 39500, 5055, 20011, 36223, 87914, 60110, 93890, 29912]"
112540,"[75240, 37720, 102298, 93290, 4976, 90607, 73968, 81186, 80276, 66526]"
112541,"[74560, 96732, 12923, 81461, 90435, 56278, 76197, 43568, 42637, 63199]"
112542,"[30633, 67981, 43755, 26614, 16346, 88252, 109122, 32075, 22579, 106380]"
112543,"[63887, 12992, 90894, 82762, 57482, 3427, 41062, 90719, 89238, 83463]"
112544,"[20893, 31279, 97779, 86382, 108778, 80741, 8927, 4567, 48418, 6246]"
112545,"[45740, 24594, 37038, 70333, 94090, 2402, 78085, 32895, 66414, 2410]"
112546,"[98519, 26668, 65232, 90928, 109332, 83656, 45018, 53700, 48244, 107604]"
112547,"[62478, 81585, 27428, 99238, 1628, 11958, 65805, 108927, 24757, 30680]"
112548,"[107625, 1667, 106662, 107500, 915, 47186, 56195, 18, 94651, 63092]"
112549,"[66697, 56221, 14721, 101737, 9851, 29031, 101522, 104298, 23202, 6590]"
112550,"[21610, 87939, 38853, 11507, 52056, 25413, 34000, 63322, 108722, 60418]"
112551,"[65452, 49171, 38669, 103569, 80580, 60914, 77879, 40879, 30343, 62803]"
112552,"[35687, 11441, 46851, 52353, 32394, 87174, 94527, 26126, 10540, 18844]"
112553,"[61827, 63039, 91759, 58586, 77439, 35309, 45678, 31950, 107250, 18442]"
112554,"[53034, 100310, 79228, 55516, 44429, 14599, 30293, 5365, 3501, 3817]"
112555,"[78267, 69983, 30907, 62077, 42272, 6498, 69633, 9957, 92434, 50506]"
112556,"[6135, 49446, 76663, 63470, 25000, 3509, 47100, 30947, 75176, 82286]"
112557,"[85418, 23051, 88435, 95225, 79596, 48976, 94969, 59842, 48181, 37153]"
112558,"[99754, 94242, 43444, 43527, 95645, 83880, 85001, 22102, 75414, 39466]"
112559,"[76995, 16099, 58578, 71889, 85245, 68534, 106580, 33554, 71401, 90963]"
112560,"[84393, 64094, 75303, 21670, 7685, 39984, 35033, 66032, 82339, 50260]"
112561,"[68247, 38655, 9460, 98674, 1003, 3243, 15766, 38004, 101580, 17735]"
112562,"[38924, 84745, 93408, 66420, 4784, 42587, 20655, 4858, 25788, 18869]"
112563,"[84269, 8908, 104527, 45070, 94091, 85637, 52507, 36793, 107922, 48416]"
112564,"[92120, 101070, 71392, 73233, 70949, 30144, 93410, 72756, 32906, 98215]"
112565,"[33929, 99841, 89292, 55383, 2906, 99144, 94394, 96359, 47832, 76351]"
112566,"[60144, 74124, 19605, 32741, 48140, 93485, 90058, 44173, 25769, 74986]"
112567,"[52646, 104873, 93816, 86780, 104345, 71945, 58054, 62964, 47620, 16603]"
112568,"[75892, 49395, 107855, 27002, 108111, 86116, 72020, 94589, 104947, 55864]"
112569,"[23486, 3842, 4004, 101040, 109340, 99877, 76130, 17848, 44599, 68144]"
112570,"[30662, 95502, 46389, 45466, 8486, 101146, 109731, 82111, 26671, 43590]"
112571,"[63699, 101989, 3135, 39408, 99661, 40332, 57557, 92313, 90924, 17130]"
112572,"[36597, 93922, 30881, 72239, 54946, 58640, 16961, 103965, 102349, 45352]"
112573,"[7245, 58848, 52954, 106094, 106021, 19864, 8743, 76924, 28519, 33208]"
112574,"[58449, 44307, 82492, 34176, 71421, 89170, 58419, 101379, 34884, 23282]"
112575,"[85282, 1609, 32761, 91455, 73624, 91502, 23075, 44979, 17988, 62451]"
112576,"[19532, 47499, 50358, 19981, 62568, 49377, 15754, 58064, 7157, 22965]"
112577,"[71872, 13873, 48536, 1627, 71403, 44054, 97675, 19545, 97098, 22774]"
112578,"[108382, 45037, 92679, 98146, 5531, 98979, 34284, 6166, 96980, 55941]"
112579,"[55089, 12169, 2964, 72159, 3758, 61838, 33461, 81710, 70204, 31231]"
112580,"[41013, 27869, 5409, 108481, 13239, 97594, 16323, 92977, 50261, 15344]"
112581,"[2778, 61548, 56487, 34480, 7005, 40445, 57921, 18993, 107741, 52690]"
112582,"[346, 10835, 92067, 83988, 15566, 76058, 14074, 2819, 79038, 81776]"
112583,"[18427, 81293, 58166, 95842, 93224, 10878, 79621, 48562, 22012, 23197]"
112584,"[104670, 50775, 10961, 76799, 81026, 30406, 42515, 105410, 72749, 58141]"
112585,"[79822, 34151, 39104, 95399, 86425, 46812, 104442, 72797, 83502, 7688]"
112586,"[11229, 105950, 28651, 78069, 55870, 56176, 50744, 23696, 10283, 70350]"
112587,"[80442, 41694, 83014, 4479, 7602, 80726, 45310, 10628, 103369, 106461]"
112588,"[89927, 8446, 29875, 68754, 8109, 95647, 40536, 23279, 57696, 74497]"
112589,"[40263, 21680, 96872, 3550, 87352, 15997, 86138, 784, 45634, 36342]"
112590,"[109744, 23695, 60653, 87979, 30218, 65106, 25136, 38327, 73831, 32547]"
112591,"[65144, 13200, 52685, 45257, 105603, 16060, 68633, 82987, 67149, 22330]"
112592,"[57182, 33766, 66045, 78455, 70613, 44865, 74098, 69040, 22732, 1461]"
112593,"[50281, 63725, 109630, 68570, 100837, 67392, 23114, 36598, 101822, 30065]"
112594,"[35525, 50220, 63434, 67538, 108895, 2349, 65883, 31267, 57487, 61020]"
112595,"[17158, 20468, 38570, 73963, 2307, 51716, 56780, 56375, 22922, 43921]"
112596,"[42768, 1690, 74397, 67987, 95813, 72425, 45071, 7324, 20458, 69273]"
112597,"[80573, 69921, 24600, 59254, 31768, 4331, 20702, 16121, 26228, 108334]"
112598,"[66038, 46783, 57459, 27497, 88813, 56584, 107610, 90599, 31216, 47530]"
112599,"[82454, 28846, 26314, 14158, 104333, 98229, 36759, 36170, 57059, 64189]"
112600,"[49491, 96634, 109353, 13056, 54740, 85238, 20428, 66811, 38171, 80560]"
112601,"[106184, 44604, 93891, 17068, 82941, 23723, 77260, 8301, 94250, 52335]"
112602,"[88079, 60867, 93133, 25868, 2355, 40443, 102586, 90329, 70714, 47338]"
112603,"[30561, 78881, 18071, 41417, 10291, 45978, 104721, 28584, 104102, 28038]"
112604,"[38043, 62812, 73987, 40545, 66666, 91346, 67482, 84887, 51408, 94882]"
112605,"[47687, 44913, 107508, 13094, 24980, 86654, 109570, 26885, 55836, 94490]"
112606,"[21779, 102817, 3279, 70358, 81708, 28895, 44648, 39582, 40926, 49045]"
112607,"[50131, 50916, 56315, 75675, 8194, 30952, 34257, 8825, 90944, 89222]"
112608,"[63098, 9319, 36251, 7399, 100511, 82649, 94449, 65409, 95184, 67285]"
112609,"[43461, 76746, 37410, 3316, 96171, 88895, 73468, 37114, 11056, 51589]"
112610,"[55143, 75631, 62358, 54684, 57635, 83889, 79470, 84110, 41969, 80538]"
112611,"[47507, 54728, 11234, 8447, 72662, 63879, 65139, 92099, 62948, 74739]"
112612,"[37514, 25482, 1482, 105529, 92500, 62092, 34038, 7723, 31900, 30843]"
112613,"[16754, 100171, 38168, 81053, 100659, 72653, 1977, 7966, 77905, 107037]"
112614,"[77113, 107968, 29722, 74119, 42589, 84993, 27953, 85734, 83468, 87035]"
112615,"[88448, 88639, 78246, 67993, 40467, 73431, 9923, 14245, 81410, 71678]"
112616,"[11211, 38218, 16881, 79793, 46728, 57123, 13766, 37091, 38984, 14516]"
112617,"[28322, 62491, 61635, 77479, 103025, 43361, 100083, 22507, 62091, 47841]"
112618,"[7084, 68212, 88890, 27753, 14179, 66421, 79649, 27310, 80091, 10742]"
112619,"[55879, 102311, 37750, 9944, 66489, 66830, 33618, 81695, 28382, 69003]"
112620,"[103534, 34609, 100941, 108977, 16819, 21395, 27050, 51153, 99039, 93951]"
112621,"[31187, 26518, 63728, 103264, 5201, 60815, 42464, 90133, 36636, 92811]"
112622,"[54265, 91378, 22231, 28645, 41579, 49185, 14658, 2798, 102442, 37064]"
112623,"[46710, 19593, 17072, 47392, 79046, 14762, 57893, 42005, 35187, 11555]"
112624,"[54321, 4836, 80756, 4736, 49872, 107673, 65021, 35727, 75475, 28936]"
112625,"[89159, 36839, 61091, 62346, 6423, 74113, 99303, 80936, 56479, 93481]"
112626,"[62358, 101173, 62020, 18621, 75631, 11879, 84278, 83889, 70652, 11412]"
112627,"[6046, 34902, 106003, 359, 15299, 89604, 66322, 23962, 83570, 65648]"
112628,"[63267, 87033, 17220, 82702, 53911, 3100, 89291, 101185, 108896, 88139]"
112629,"[65441, 101715, 76374, 44147, 54292, 58577, 31167, 85150, 86547, 18697]"
112630,"[17760, 32284, 96772, 67639, 104009, 20206, 62100, 64665, 27945, 42014]"
112631,"[28183, 1205, 99825, 35180, 62614, 82441, 41008, 20444, 35938, 68981]"
112632,"[89243, 68331, 55885, 37499, 14178, 63297, 29390, 103762, 42150, 94086]"
112633,"[69182, 52228, 46441, 79090, 26824, 3548, 75667, 73745, 60478, 14776]"
112634,"[20885, 50605, 49527, 8556, 6469, 96721, 42340, 95193, 106261, 10315]"
112635,"[3139, 86478, 19994, 34788, 5547, 58188, 7923, 90264, 9916, 101738]"
112636,"[85574, 9163, 63107, 51458, 53624, 54232, 80632, 50087, 84788, 92465]"
112637,"[68179, 60232, 88209, 48514, 58565, 19812, 74850, 11237, 108775, 80455]"
112638,"[81626, 6462, 105677, 99516, 108401, 18751, 98104, 88494, 82936, 8694]"
112639,"[72021, 13742, 14116, 16893, 28497, 14250, 13868, 56305, 9386, 66144]"
112640,"[88569, 44946, 49687, 67309, 87870, 109700, 32073, 47417, 25538, 80036]"
112641,"[105225, 72311, 107696, 51895, 42271, 96758, 103686, 43623, 15723, 44238]"
112642,"[39117, 87134, 60579, 11577, 16684, 23722, 35901, 27550, 37897, 13816]"
112643,"[55919, 87531, 6303, 39178, 61485, 78072, 8813, 34696, 75405, 62079]"
112644,"[73857, 78282, 14763, 98364, 107459, 96238, 25684, 240, 52036, 61832]"
112645,"[94392, 98578, 57268, 44836, 2911, 56543, 95720, 16301, 30240, 53301]"
112646,"[97351, 91107, 46211, 12347, 35320, 72014, 91658, 105021, 13064, 106332]"
112647,"[54221, 58469, 84052, 82654, 90696, 85947, 64947, 72049, 67263, 37001]"
112648,"[52711, 71052, 5396, 54505, 55934, 43933, 58779, 77987, 42501, 98586]"
112649,"[46868, 92491, 102384, 22461, 99970, 73725, 20255, 22342, 66360, 17263]"
112650,"[12232, 42284, 17425, 44033, 16725, 89758, 22578, 92256, 64821, 63978]"
112651,"[104751, 16945, 75096, 36773, 63250, 52461, 48191, 69261, 87476, 20437]"
112652,"[46935, 48825, 83167, 55011, 66177, 24326, 73889, 73950, 36095, 6801]"
112653,"[65904, 65650, 26929, 95003, 35059, 85525, 1772, 22947, 74529, 38630]"
112654,"[62116, 74222, 31103, 30958, 95929, 99278, 107803, 56192, 62050, 108838]"
112655,"[2455, 68548, 20137, 2818, 88947, 15712, 43165, 80053, 39118, 108097]"
112656,"[90084, 66447, 26405, 85720, 33706, 46096, 12053, 96780, 29691, 22041]"
112657,"[77643, 103330, 62649, 15627, 103271, 45206, 25939, 82719, 61762, 52244]"
112658,"[78775, 105039, 7153, 13872, 18178, 100602, 61234, 6221, 51813, 26496]"
112659,"[48270, 2363, 106283, 8259, 38606, 31599, 46780, 61310, 41212, 40729]"
112660,"[59701, 91024, 78680, 9401, 108062, 25080, 98044, 85260, 44708, 42534]"
112661,"[94814, 11954, 10002, 90105, 27136, 30010, 55800, 65983, 107990, 30721]"
112662,"[43227, 4423, 5005, 61712, 8992, 28427, 10778, 30182, 88513, 98314]"
112663,"[34342, 100741, 605, 30936, 70172, 19645, 12528, 18833, 91421, 89613]"
112664,"[104250, 66585, 12132, 96240, 81707, 81521, 93721, 12885, 37057, 99868]"
112665,"[104031, 62523, 50125, 44313, 33196, 42014, 66977, 105234, 72774, 67074]"
112666,"[108443, 84516, 71285, 32767, 87896, 94185, 103511, 51150, 106550, 79707]"
112667,"[101059, 77269, 61903, 40704, 75247, 103146, 23732, 88380, 57315, 9272]"
112668,"[35038, 98755, 25362, 42997, 78330, 34958, 102941, 67777, 13774, 79766]"
112669,"[41420, 15847, 10966, 30936, 77781, 41831, 51513, 97800, 64984, 79138]"
112670,"[17257, 97653, 55072, 59559, 3358, 416, 72122, 101549, 7080, 37649]"
112671,"[95189, 48146, 26509, 51749, 7974, 25668, 78875, 94379, 33156, 1898]"
112672,"[28060, 63598, 28159, 93981, 20125, 129, 75728, 92843, 90115, 3638]"
112673,"[25293, 17907, 31456, 77312, 93504, 33648, 27274, 27897, 20738, 75146]"
112674,"[42286, 86537, 52401, 49538, 49840, 19617, 48194, 103534, 102354, 12889]"
112675,"[84442, 101566, 99086, 22674, 51041, 73075, 16977, 74250, 27115, 955]"
112676,"[72758, 73044, 64640, 17509, 65816, 74836, 49178, 58726, 65512, 41660]"
112677,"[102970, 109701, 17189, 64272, 31619, 45754, 6973, 14626, 36540, 21190]"
112678,"[15076, 58660, 38417, 108666, 27960, 86670, 16780, 96018, 62580, 38951]"
112679,"[30424, 75821, 16062, 78981, 93237, 34407, 41441, 78199, 55154, 18402]"
112680,"[90866, 50773, 49306, 86954, 53364, 88130, 42528, 48192, 34495, 84561]"
112681,"[86075, 23179, 52568, 36477, 50214, 17075, 104864, 28790, 77353, 1553]"
112682,"[56917, 15459, 99105, 14973, 92643, 15183, 45000, 101172, 21019, 11193]"
112683,"[57130, 108829, 48637, 48753, 8458, 53077, 49125, 4379, 56420, 31640]"
112684,"[61736, 103196, 100833, 78979, 13452, 87216, 71483, 75397, 88194, 86915]"
112685,"[106204, 69939, 9665, 6832, 52804, 32998, 21066, 26146, 8667, 15642]"
112686,"[63543, 33180, 69914, 2582, 308, 69701, 6239, 85274, 92690, 48216]"
112687,"[87326, 89727, 47444, 25406, 28844, 49228, 6671, 27445, 54882, 51304]"
112688,"[75315, 22891, 11357, 99201, 86008, 78623, 33517, 38572, 46251, 3427]"
112689,"[37489, 104987, 44131, 106471, 41627, 98867, 75522, 121, 85674, 60159]"
112690,"[54532, 5987, 29425, 108127, 12657, 88973, 58550, 80682, 66078, 33419]"
112691,"[62304, 80728, 95587, 107258, 21680, 79668, 32859, 104865, 94690, 45634]"
112692,"[50946, 9520, 27860, 36161, 72173, 37734, 109522, 101693, 53184, 39932]"
112693,"[41018, 86608, 92816, 105219, 89764, 39915, 43868, 34711, 102705, 92404]"
112694,"[59213, 22921, 109166, 94340, 29859, 29637, 80066, 43867, 89550, 41215]"
112695,"[16259, 100317, 108062, 14168, 40823, 102968, 1678, 20800, 21564, 44990]"
112696,"[83902, 87917, 78001, 84002, 38925, 1120, 91367, 20299, 55021, 54289]"
112697,"[63438, 22913, 64912, 103858, 101495, 20154, 25724, 4614, 30453, 2906]"
112698,"[116, 27608, 42126, 104239, 19916, 82881, 22782, 75906, 70487, 108451]"
112699,"[17738, 66633, 102542, 73909, 83721, 71903, 55307, 94287, 32520, 60832]"
112700,"[56672, 87745, 28375, 7705, 32378, 35994, 54148, 85757, 49151, 31813]"
112701,"[18716, 72752, 26642, 2247, 19243, 2749, 7852, 13677, 62083, 35089]"
112702,"[11744, 33268, 31686, 1962, 93831, 68697, 86654, 75966, 83693, 6693]"
112703,"[42132, 25206, 75990, 5359, 94695, 60730, 93082, 108914, 81500, 100554]"
112704,"[84550, 108272, 36456, 55521, 8620, 49607, 90163, 19891, 36821, 12938]"
112705,"[38838, 69751, 25738, 83229, 1725, 50992, 44493, 56122, 107506, 44698]"
112706,"[12667, 20527, 30725, 96178, 52840, 60761, 103793, 109052, 26933, 49960]"
112707,"[96210, 88720, 15677, 33504, 28516, 76877, 79657, 9258, 29946, 100750]"
112708,"[49564, 57071, 17845, 65091, 35640, 50721, 100468, 87451, 58150, 72151]"
112709,"[94136, 13158, 81079, 67544, 7643, 92163, 74582, 99462, 33055, 79041]"
112710,"[58294, 56888, 93558, 88495, 38067, 32069, 71861, 75485, 27485, 72654]"
112711,"[1272, 49474, 35510, 104125, 98717, 33803, 53249, 25975, 91653, 2120]"
112712,"[103670, 105681, 13757, 106060, 17464, 38777, 70505, 76402, 92867, 59692]"
112713,"[67572, 15974, 47299, 51224, 24956, 83375, 49445, 86653, 75079, 70044]"
112714,"[43132, 100798, 13669, 82956, 53127, 17635, 24426, 10221, 82434, 17675]"
112715,"[104174, 58145, 38387, 52555, 73764, 107394, 1572, 35630, 91285, 4765]"
112716,"[50949, 73423, 87023, 75176, 86257, 27906, 98551, 47523, 47066, 41301]"
112717,"[6802, 57103, 62957, 83372, 36110, 57665, 65427, 26220, 22113, 25771]"
112718,"[20677, 108626, 7708, 35001, 89997, 43033, 89089, 41872, 94797, 106769]"
112719,"[4256, 39609, 92646, 43475, 57761, 103168, 59516, 55524, 43144, 8148]"
112720,"[37359, 627, 35051, 48500, 99010, 50146, 32248, 97970, 59591, 70875]"
112721,"[70121, 27110, 39452, 33014, 106096, 6225, 100371, 57048, 17533, 73878]"
112722,"[97686, 69820, 23816, 48275, 31974, 58902, 19145, 8640, 43641, 106449]"
112723,"[66190, 17502, 13680, 93142, 84789, 92584, 63240, 36644, 36537, 74086]"
112724,"[4537, 27041, 27794, 96903, 46498, 25331, 76152, 86783, 71686, 52699]"
112725,"[38966, 75701, 58112, 94116, 32650, 75226, 78466, 70965, 28207, 3801]"
112726,"[88587, 5426, 99300, 99248, 52275, 31107, 99745, 63839, 41941, 44926]"
112727,"[19749, 48900, 52030, 38097, 31050, 73939, 39690, 97149, 55425, 55602]"
112728,"[51912, 104053, 29852, 33111, 65494, 69269, 95056, 53250, 25051, 44136]"
112729,"[84390, 98532, 24179, 87147, 39899, 89868, 41613, 65347, 50387, 96528]"
112730,"[46984, 108088, 4345, 93845, 64540, 15182, 57272, 101395, 107637, 85303]"
112731,"[64170, 92214, 36832, 62125, 13184, 82418, 20570, 20607, 67722, 25023]"
112732,"[97391, 58736, 24485, 5166, 26497, 12914, 3585, 5081, 99090, 104910]"
112733,"[103902, 22922, 95775, 56780, 9419, 68676, 73963, 58207, 85427, 1410]"
112734,"[38336, 98108, 84240, 65456, 59021, 31138, 108889, 36969, 13503, 98609]"
112735,"[35679, 12996, 63346, 4814, 83100, 59785, 7673, 64105, 9649, 22963]"
112736,"[41065, 38610, 55921, 37932, 31972, 23225, 96364, 88634, 103312, 105250]"
112737,"[43844, 25905, 77830, 66462, 46093, 73043, 102416, 63527, 89199, 22811]"
112738,"[36578, 80967, 15369, 95649, 91082, 18645, 76621, 72409, 60219, 78218]"
112739,"[12160, 60586, 39999, 60202, 90675, 50786, 94467, 27451, 56433, 74799]"
112740,"[43074, 42220, 572, 108478, 37392, 19293, 93818, 9513, 60872, 80624]"
112741,"[62174, 72834, 5533, 12003, 92455, 28340, 70947, 50209, 1213, 69975]"
112742,"[24661, 14105, 15909, 13909, 108427, 90784, 82792, 88742, 97153, 98459]"
112743,"[56560, 66930, 86773, 14901, 49993, 100871, 104417, 12869, 29626, 48694]"
112744,"[91767, 33311, 27804, 64877, 7593, 12645, 32396, 109213, 33916, 76015]"
112745,"[39056, 54606, 78400, 53615, 96547, 74264, 85851, 55216, 79665, 61131]"
112746,"[37660, 108186, 72904, 98833, 75897, 58423, 35796, 52558, 44004, 82076]"
112747,"[95441, 62637, 24582, 99090, 104910, 73380, 669, 98104, 59813, 57000]"
112748,"[37003, 3377, 14741, 92384, 24827, 1265, 95052, 45667, 44655, 35923]"
112749,"[92400, 80289, 31045, 89779, 9892, 11378, 58729, 88897, 7146, 44860]"
112750,"[82307, 51163, 107042, 66773, 100790, 24458, 53841, 87677, 65857, 22877]"
112751,"[44737, 77772, 69356, 47399, 100642, 99851, 8763, 94961, 90368, 44718]"
112752,"[33977, 88834, 79752, 6781, 64139, 16865, 30892, 68298, 67313, 83893]"
112753,"[27892, 10178, 70794, 2204, 63195, 102738, 23947, 46419, 108295, 38812]"
112754,"[14834, 92900, 73372, 29384, 52081, 58509, 71892, 74746, 85351, 105863]"
112755,"[12164, 79902, 17466, 61841, 98109, 54555, 50000, 28825, 75871, 101037]"
112756,"[85795, 7241, 61807, 41090, 49624, 98760, 76525, 14177, 23071, 34153]"
112757,"[99677, 33685, 105707, 27362, 89410, 30223, 25793, 45113, 48954, 8015]"
112758,"[23832, 13610, 13250, 109320, 105714, 83657, 93533, 18665, 50522, 60808]"
112759,"[50574, 33695, 20910, 44694, 90392, 26769, 56217, 27083, 79340, 65357]"
112760,"[18912, 93736, 24878, 85864, 49287, 80479, 77184, 47481, 98927, 69789]"
112761,"[82284, 86437, 77759, 40871, 44910, 49096, 49401, 20988, 91198, 81352]"
112762,"[36476, 13480, 72811, 92458, 76220, 8512, 70626, 21630, 55453, 4207]"
112763,"[75774, 83301, 7474, 66229, 9044, 34901, 43600, 74750, 3045, 2084]"
112764,"[78152, 20700, 66072, 61721, 37891, 6915, 63865, 19455, 14573, 82136]"
112765,"[31748, 49008, 90387, 39871, 33325, 48001, 31160, 70084, 10638, 31443]"
112766,"[35130, 1468, 72771, 72845, 40267, 20884, 433, 67669, 70695, 39917]"
112767,"[74714, 59785, 7673, 64500, 56953, 9649, 82367, 10794, 64984, 10295]"
112768,"[13996, 94402, 95829, 86842, 33021, 82442, 87794, 94044, 100098, 61207]"
112769,"[78410, 9409, 99863, 19153, 106057, 18018, 39499, 103812, 68892, 83808]"
112770,"[44346, 105263, 13020, 45298, 50470, 92352, 59461, 757, 5848, 103344]"
112771,"[51503, 103995, 38682, 102077, 4526, 57455, 91144, 50021, 11100, 45882]"
112772,"[63317, 34335, 86524, 27614, 35257, 58395, 47819, 46702, 5398, 33029]"
112773,"[67329, 41379, 101482, 86313, 87140, 28683, 41228, 69637, 50509, 1149]"
112774,"[40054, 79902, 86208, 11422, 43564, 37958, 98984, 109072, 61841, 16845]"
112775,"[103051, 4864, 71017, 35472, 59072, 53630, 10871, 40115, 98470, 40393]"
112776,"[83224, 10633, 43790, 1638, 19193, 85276, 39681, 28983, 2462, 26436]"
112777,"[21990, 107476, 6967, 58517, 39363, 98225, 46259, 54982, 59959, 18974]"
112778,"[109594, 109324, 23087, 66066, 109740, 60767, 36628, 80597, 76424, 94581]"
112779,"[4281, 39544, 91985, 75110, 101726, 71322, 102686, 52451, 27296, 89884]"
112780,"[19918, 44854, 14829, 42236, 32972, 82951, 109160, 99093, 6151, 52684]"
112781,"[89671, 49497, 53400, 62627, 12907, 29044, 92843, 106566, 78670, 53063]"
112782,"[88730, 20709, 94144, 57435, 79277, 60430, 81648, 11576, 49295, 48017]"
112783,"[28073, 58998, 24896, 80045, 85607, 8606, 56894, 28541, 32808, 56370]"
112784,"[48888, 12114, 45476, 72389, 45547, 82417, 55015, 19275, 82050, 104981]"
112785,"[76367, 65723, 46361, 91051, 84536, 56084, 79053, 54049, 2443, 29496]"
112786,"[21437, 107443, 86131, 93523, 81201, 64088, 31823, 69108, 81051, 16820]"
112787,"[66138, 3243, 4369, 8788, 49824, 26768, 87785, 87219, 65154, 97020]"
112788,"[59048, 33612, 102188, 28460, 107808, 99021, 70165, 50285, 89916, 86089]"
112789,"[48035, 36256, 42478, 77455, 30740, 33367, 44196, 28439, 38639, 40216]"
112790,"[23728, 88240, 106757, 50471, 19415, 31054, 109080, 71844, 3182, 71750]"
112791,"[72966, 10207, 22736, 51762, 67596, 105700, 66666, 22972, 8717, 99180]"
112792,"[30703, 49907, 33629, 66296, 2264, 88736, 73893, 1024, 105684, 90076]"
112793,"[60256, 4337, 83998, 44090, 30859, 9805, 2144, 65657, 67867, 39772]"
112794,"[3601, 30094, 34746, 104473, 83293, 16796, 91318, 14877, 82083, 58954]"
112795,"[90441, 58675, 37488, 72586, 30585, 95543, 2577, 57467, 50097, 53457]"
112796,"[66821, 13623, 22388, 86165, 105374, 60215, 35778, 1183, 109183, 83981]"
112797,"[64740, 58063, 33293, 1361, 26682, 40693, 65218, 87596, 48165, 91991]"
112798,"[80639, 56565, 18568, 91815, 32363, 34611, 53656, 44812, 87435, 66206]"
112799,"[80958, 62847, 28838, 95484, 1978, 30305, 60194, 64464, 22489, 59063]"
112800,"[42323, 64251, 5188, 12193, 7629, 41542, 98612, 35922, 17921, 41103]"
112801,"[44001, 40999, 65791, 42994, 60580, 98695, 29287, 32178, 9226, 11337]"
112802,"[53469, 4008, 57266, 10821, 72133, 36908, 62317, 44911, 87344, 42093]"
112803,"[6019, 105874, 11701, 35775, 36633, 23780, 20260, 102621, 96367, 104149]"
112804,"[32811, 29534, 102797, 65650, 19010, 2483, 51758, 29999, 74529, 1772]"
112805,"[40446, 54656, 60798, 9384, 55398, 32745, 2201, 23764, 57989, 21900]"
112806,"[68667, 86634, 45735, 104600, 55710, 75989, 68237, 9768, 90270, 11870]"
112807,"[94691, 107955, 52921, 60640, 81937, 63105, 66812, 80428, 20441, 27278]"
112808,"[13815, 27958, 62192, 3213, 101250, 75573, 26610, 27762, 30907, 92152]"
112809,"[106467, 65407, 77447, 1050, 7657, 38061, 58850, 28232, 7247, 7376]"
112810,"[13244, 30015, 41031, 21686, 88408, 56074, 66166, 71131, 3246, 109173]"
112811,"[38105, 105943, 108331, 95925, 51779, 103288, 24080, 94956, 75703, 68798]"
112812,"[24160, 27218, 57656, 100780, 85357, 94438, 89281, 98231, 24361, 45757]"
112813,"[57186, 75023, 14326, 30136, 63369, 62208, 8349, 71061, 57517, 83536]"
112814,"[12433, 109084, 44483, 48836, 29314, 66302, 46088, 9735, 78302, 71562]"
112815,"[30671, 50072, 88833, 5879, 46172, 91771, 84758, 40406, 76893, 95661]"
112816,"[80436, 103816, 9840, 103937, 22888, 38408, 19193, 33956, 39655, 1624]"
112817,"[80945, 43517, 8340, 84765, 40909, 31532, 57944, 28203, 12708, 54511]"
112818,"[11646, 108679, 16389, 82484, 79471, 81198, 67491, 5799, 40422, 29536]"
112819,"[92094, 58780, 67547, 45878, 15915, 31384, 27977, 85743, 5101, 30422]"
112820,"[9723, 77045, 63271, 34470, 37825, 28017, 61382, 64402, 42613, 16768]"
112821,"[8707, 34811, 35482, 11844, 73143, 103731, 52907, 56899, 64512, 101926]"
112822,"[9379, 63140, 34875, 10195, 22530, 27521, 98469, 71800, 5491, 24088]"
112823,"[23922, 37460, 70579, 35493, 57087, 58143, 63412, 104390, 13716, 50627]"
112824,"[15690, 93380, 15053, 77891, 98360, 84659, 74996, 92198, 20083, 64203]"
112825,"[35562, 54256, 53716, 44255, 77047, 16185, 65014, 44953, 24066, 93735]"
112826,"[87658, 5723, 5976, 61363, 66916, 47135, 94065, 60184, 87748, 98462]"
112827,"[99658, 2654, 7629, 12193, 106794, 64371, 67297, 60729, 82066, 4241]"
112828,"[68776, 25817, 13686, 24203, 108577, 14942, 68265, 28835, 65777, 106188]"
112829,"[88444, 54022, 43160, 18894, 16866, 103375, 109158, 58781, 101231, 52248]"
112830,"[89029, 58904, 38313, 51888, 47356, 54552, 63601, 32175, 29315, 39807]"
112831,"[22478, 17476, 26285, 18673, 60693, 59090, 8873, 54933, 88576, 49119]"
112832,"[36071, 49069, 80961, 68944, 50799, 106457, 2629, 54682, 79863, 74590]"
112833,"[108277, 27633, 24945, 69664, 41256, 23845, 3732, 1928, 40926, 73379]"
112834,"[79108, 37449, 62512, 82974, 26046, 106105, 42792, 90283, 24691, 27461]"
112835,"[66180, 6165, 25993, 43893, 76166, 3300, 27643, 25247, 41196, 88133]"
112836,"[84551, 33433, 91821, 61986, 46041, 40607, 68081, 52258, 57286, 12744]"
112837,"[94241, 36482, 28016, 87813, 18152, 105393, 65620, 94059, 108154, 97918]"
112838,"[40292, 56611, 63233, 34908, 2245, 95800, 25804, 17242, 41364, 104574]"
112839,"[41927, 78694, 76684, 55453, 38376, 33753, 13782, 50787, 39933, 100358]"
112840,"[2826, 79381, 22508, 98074, 33676, 74429, 89646, 14227, 53004, 83152]"
112841,"[80448, 61387, 55205, 34683, 67843, 102541, 36325, 34700, 46371, 29622]"
112842,"[94183, 96813, 104614, 1814, 56552, 11327, 41094, 13426, 61321, 57737]"
112843,"[108126, 43642, 79063, 107277, 96622, 39787, 48765, 96584, 105061, 78403]"
112844,"[34281, 97095, 42285, 53641, 104357, 47213, 51929, 1940, 62464, 95804]"
112845,"[89601, 50769, 24612, 2410, 45603, 3970, 3372, 64822, 98897, 104618]"
112846,"[85682, 58944, 37968, 47030, 84738, 77068, 80406, 36438, 26443, 107633]"
112847,"[57042, 109654, 81091, 15949, 80305, 4630, 17012, 54978, 93034, 17876]"
112848,"[78820, 1939, 9048, 74018, 33812, 28976, 71333, 109635, 63480, 57610]"
112849,"[60466, 60915, 9909, 20472, 90703, 15180, 101789, 46621, 59081, 73464]"
112850,"[42347, 82578, 87779, 91288, 8115, 103370, 7540, 104245, 13731, 67780]"
112851,"[66391, 51105, 5118, 4031, 87960, 67828, 7073, 99114, 93113, 78019]"
112852,"[51151, 12591, 16770, 10154, 84452, 18890, 108017, 99269, 338, 26335]"
112853,"[57232, 45845, 98072, 66770, 107777, 38896, 11211, 54382, 99746, 99942]"
112854,"[14154, 74590, 70403, 36071, 24925, 77450, 37886, 42846, 108743, 101322]"
112855,"[51416, 34837, 102250, 67402, 104745, 13768, 100201, 7860, 105631, 21383]"
112856,"[90774, 37704, 76375, 74579, 25694, 98654, 25792, 94091, 65412, 50692]"
112857,"[91431, 8583, 74268, 49556, 11345, 102047, 30163, 27502, 68384, 47073]"
112858,"[80301, 25729, 71882, 61667, 68293, 56751, 88644, 56395, 77208, 45698]"
112859,"[46164, 25882, 5892, 36978, 85695, 87188, 60145, 81888, 62749, 63944]"
112860,"[103109, 100189, 47837, 101608, 107240, 46605, 7587, 86015, 99057, 23686]"
112861,"[72646, 81217, 45712, 43366, 34426, 9150, 30205, 25670, 66145, 44377]"
112862,"[73885, 82021, 12534, 36002, 66162, 50733, 84417, 23517, 30275, 99053]"
112863,"[39313, 20190, 59200, 8980, 7857, 96569, 30534, 72023, 93288, 109624]"
112864,"[97867, 21773, 95310, 28341, 98336, 79384, 69542, 88575, 55359, 92822]"
112865,"[84085, 74143, 35628, 22314, 40132, 101657, 81743, 28739, 91426, 16996]"
112866,"[34647, 12976, 15514, 5953, 90738, 55538, 12576, 12578, 60860, 13890]"
112867,"[24065, 56764, 87528, 10945, 84728, 60531, 101255, 25700, 104901, 73143]"
112868,"[92196, 80148, 103819, 63707, 30733, 34160, 91717, 15711, 45052, 95705]"
112869,"[37992, 99267, 75965, 87816, 16638, 78362, 106795, 35313, 30294, 76668]"
112870,"[59127, 80386, 71128, 71065, 29570, 37128, 61003, 85618, 24430, 100825]"
112871,"[7576, 46916, 107824, 35894, 2701, 91676, 85673, 13824, 14362, 63106]"
112872,"[72658, 42764, 57169, 63481, 106392, 60305, 107909, 54190, 68514, 89873]"
112873,"[65815, 95296, 101795, 29822, 87380, 87041, 16412, 87772, 72104, 92603]"
112874,"[15408, 55360, 108912, 58225, 66301, 52644, 56496, 99431, 29490, 77850]"
112875,"[58338, 71809, 24000, 22657, 67683, 29984, 62049, 24275, 2780, 12419]"
112876,"[61650, 102156, 56328, 49949, 21665, 80604, 106306, 103716, 9301, 4301]"
112877,"[95426, 35016, 56129, 55520, 28765, 54541, 98007, 28649, 69843, 44331]"
112878,"[29739, 57577, 48067, 99936, 102698, 97966, 81541, 89761, 5758, 42241]"
112879,"[104867, 90884, 11550, 68531, 49701, 90885, 37773, 111, 93216, 61979]"
112880,"[24636, 31258, 11575, 39094, 26410, 45448, 94626, 29921, 106843, 49552]"
112881,"[49425, 53210, 65514, 81193, 69378, 96623, 88126, 61948, 37959, 63634]"
112882,"[40565, 103956, 34024, 72784, 68288, 27343, 20578, 80514, 47706, 53351]"
112883,"[6300, 93122, 70570, 14890, 45736, 68268, 97954, 15896, 99018, 75159]"
112884,"[74425, 41061, 60817, 42274, 805, 86548, 403, 108343, 69270, 75239]"
112885,"[74257, 66016, 15216, 102121, 87025, 33841, 53668, 102743, 44160, 83756]"
112886,"[40681, 84860, 72022, 101350, 82292, 34105, 12988, 82834, 89645, 102384]"
112887,"[105921, 104427, 77107, 35348, 8377, 94463, 48545, 62762, 62377, 12958]"
112888,"[707, 49434, 108278, 22037, 97803, 97659, 28532, 53608, 75566, 2338]"
112889,"[22453, 13494, 38009, 74915, 34088, 44180, 45490, 105060, 75550, 58098]"
112890,"[57462, 16682, 95740, 4762, 16619, 29986, 93812, 32265, 45446, 67561]"
112891,"[75344, 100902, 52321, 103377, 94803, 4477, 76857, 41194, 45714, 84537]"
112892,"[37128, 64390, 15706, 71065, 29570, 9712, 35682, 24430, 85618, 8179]"
112893,"[18244, 101086, 61619, 6504, 54, 90721, 61859, 73545, 37334, 51404]"
112894,"[2183, 70156, 20853, 75527, 29688, 73490, 72538, 39591, 51063, 106658]"
112895,"[77615, 10075, 19173, 72090, 26786, 85523, 1744, 19491, 46796, 32477]"
112896,"[52251, 87924, 76630, 46192, 4962, 87409, 88385, 24564, 17960, 44757]"
112897,"[26771, 72100, 57622, 21220, 15652, 43599, 87670, 52364, 73137, 46895]"
112898,"[88848, 21308, 572, 4987, 107067, 109766, 70699, 60909, 8896, 1763]"
112899,"[31691, 17694, 38916, 1262, 42557, 48179, 53955, 60201, 108388, 28662]"
112900,"[24866, 21149, 39661, 9201, 67158, 46452, 82709, 87422, 8018, 59902]"
112901,"[83841, 101021, 101248, 53615, 61131, 62847, 67882, 7919, 39056, 85447]"
112902,"[48993, 105047, 90357, 36768, 26028, 71916, 54184, 80019, 47916, 16075]"
112903,"[67783, 51513, 17416, 103292, 15847, 83193, 14884, 86674, 40430, 74594]"
112904,"[53594, 16783, 34058, 56362, 108697, 7800, 13177, 97296, 62957, 22639]"
112905,"[62388, 61113, 70795, 57441, 7379, 11232, 63206, 71635, 74973, 108182]"
112906,"[80126, 59340, 14166, 25035, 21711, 22216, 97728, 22634, 56643, 52760]"
112907,"[63840, 69675, 66811, 30045, 11217, 23789, 43796, 14842, 37592, 12319]"
112908,"[52370, 21611, 36674, 27322, 52209, 73960, 95089, 32057, 13389, 42247]"
112909,"[75832, 57992, 3395, 1054, 46326, 25788, 82005, 67093, 100838, 79594]"
112910,"[97018, 39829, 25867, 63356, 9346, 51411, 32156, 94257, 70489, 76439]"
112911,"[72093, 70151, 96582, 47924, 32241, 73058, 90288, 43837, 22731, 58401]"
112912,"[62044, 51396, 37452, 13360, 84560, 106054, 33506, 102516, 50972, 31453]"
112913,"[39379, 102414, 46047, 4702, 65127, 94771, 77929, 31549, 84786, 71208]"
112914,"[86145, 4565, 20560, 23629, 93702, 10843, 65576, 20172, 84917, 5296]"
112915,"[58608, 7503, 83346, 76689, 16612, 67279, 91640, 18883, 23769, 30537]"
112916,"[13393, 48560, 54095, 49494, 28800, 22630, 30736, 68932, 8465, 66306]"
112917,"[57266, 49345, 36389, 20547, 81238, 96707, 71684, 57963, 76104, 28162]"
112918,"[64023, 43301, 65871, 49399, 49648, 90103, 67373, 81807, 72997, 56455]"
112919,"[9857, 79962, 60382, 72356, 78163, 81597, 45558, 81740, 96387, 75955]"
112920,"[15022, 40833, 90147, 104336, 81158, 106250, 22364, 5544, 23496, 109595]"
112921,"[5084, 34370, 28747, 63425, 103319, 46964, 86388, 19361, 41497, 61505]"
112922,"[30484, 64878, 71001, 62580, 25079, 77670, 79407, 44669, 96719, 84566]"
112923,"[106240, 74467, 100668, 106842, 27262, 15778, 73252, 1065, 65767, 79996]"
112924,"[60323, 90491, 73960, 63262, 17094, 48534, 27322, 36674, 80865, 26644]"
112925,"[106094, 7245, 19864, 52954, 47754, 33208, 3364, 65532, 64689, 58089]"
112926,"[14467, 89233, 77543, 93927, 11426, 80600, 23274, 90532, 62469, 108291]"
112927,"[48333, 99280, 19670, 23579, 5606, 82564, 2950, 95491, 100413, 72601]"
112928,"[55535, 20610, 21717, 13111, 101267, 82284, 66097, 28592, 106363, 86437]"
112929,"[55517, 86552, 76622, 37710, 60334, 77506, 86787, 11614, 29919, 91121]"
112930,"[103630, 62882, 70507, 78938, 64818, 56742, 59284, 105467, 15450, 95634]"
112931,"[75856, 5761, 49855, 15421, 16757, 36861, 7352, 97390, 34674, 86937]"
112932,"[47228, 18277, 73722, 10279, 78547, 75861, 77983, 53590, 29190, 86029]"
112933,"[38088, 11616, 54287, 31781, 100686, 94635, 93521, 89194, 46220, 101596]"
112934,"[17763, 811, 20198, 74371, 91305, 10775, 76364, 107171, 3871, 87826]"
112935,"[77143, 102254, 48673, 13137, 67249, 2940, 10482, 75184, 40504, 37985]"
112936,"[2346, 7964, 29547, 65549, 87881, 55650, 29982, 49392, 21587, 90723]"
112937,"[392, 45053, 98043, 73416, 49142, 29522, 12289, 81593, 47328, 37084]"
112938,"[61951, 50779, 99462, 32911, 31618, 20262, 94136, 64506, 72428, 24687]"
112939,"[40703, 57009, 107393, 52594, 22139, 26422, 2558, 85948, 9682, 8721]"
112940,"[78093, 109496, 42761, 40468, 102041, 109070, 97047, 107755, 15496, 82859]"
112941,"[26866, 53921, 12953, 102925, 46297, 14163, 100451, 54317, 47357, 98843]"
112942,"[102797, 51758, 62414, 31889, 32811, 5915, 25426, 82352, 29534, 67237]"
112943,"[38809, 21448, 52800, 47329, 36222, 12837, 19570, 23507, 18416, 90454]"
112944,"[68713, 55793, 5295, 68559, 10305, 48557, 42796, 104365, 92827, 66214]"
112945,"[15363, 84544, 2139, 103847, 41365, 59553, 103973, 92187, 56189, 24042]"
112946,"[36605, 53341, 86236, 2471, 57445, 92476, 98089, 29821, 58969, 80164]"
112947,"[10085, 73992, 60017, 42915, 18136, 90920, 54925, 76891, 46159, 4874]"
112948,"[13448, 64711, 87450, 15868, 46351, 64364, 31540, 107403, 35905, 37628]"
112949,"[4745, 48998, 64304, 22681, 42325, 46470, 94820, 75511, 76396, 109697]"
112950,"[19335, 69775, 33714, 85550, 92218, 16648, 100694, 50091, 92403, 74223]"
112951,"[68252, 32966, 87486, 29299, 43101, 61702, 33504, 54628, 4822, 95538]"
112952,"[32815, 40192, 32329, 18326, 22979, 86821, 73931, 5009, 705, 55827]"
112953,"[50156, 82883, 66755, 85199, 1221, 70129, 99538, 76402, 56349, 44956]"
112954,"[70869, 50886, 59286, 15237, 29639, 102898, 16939, 9353, 2620, 53922]"
112955,"[4411, 33213, 97228, 8612, 78690, 34140, 32486, 108149, 16699, 99320]"
112956,"[102831, 104140, 929, 74882, 34770, 37872, 36543, 55932, 35781, 7107]"
112957,"[15599, 53552, 97523, 58462, 19107, 7552, 19028, 87903, 62448, 74082]"
112958,"[24441, 31786, 85225, 49848, 65182, 82600, 5198, 30798, 18048, 97081]"
112959,"[106535, 9824, 73051, 96525, 79777, 40112, 57310, 41787, 82933, 72939]"
112960,"[14681, 105201, 50347, 40787, 73528, 57220, 30362, 95487, 99023, 21940]"
112961,"[108095, 11749, 46349, 37901, 101711, 9667, 108386, 72965, 19872, 87432]"
112962,"[16101, 24080, 64720, 46970, 95459, 798, 77777, 90013, 60526, 2094]"
112963,"[60012, 83935, 32821, 9446, 45820, 72504, 96077, 60434, 60890, 52755]"
112964,"[60631, 92045, 3136, 42218, 51364, 47140, 44606, 38765, 30127, 5957]"
112965,"[39985, 525, 93092, 86771, 61014, 2938, 65614, 107015, 80987, 71127]"
112966,"[105059, 38568, 102503, 8600, 46261, 61595, 23742, 65163, 51019, 5937]"
112967,"[32392, 102422, 80923, 68872, 20543, 103181, 104198, 13941, 74383, 67292]"
112968,"[35253, 98540, 53128, 30005, 69332, 20050, 70651, 34176, 82492, 27521]"
112969,"[47687, 86654, 6476, 25216, 14112, 52032, 38517, 37077, 51184, 4459]"
112970,"[62531, 103140, 24492, 86202, 97569, 73831, 8324, 26399, 64047, 25810]"
112971,"[8485, 27698, 279, 59611, 17087, 2679, 55408, 50346, 66249, 48879]"
112972,"[29525, 84878, 99382, 28593, 275, 14961, 58321, 57760, 6346, 18072]"
112973,"[91174, 43013, 17196, 103900, 12504, 5706, 42173, 96175, 52126, 61032]"
112974,"[82708, 30950, 55215, 55520, 48832, 8684, 28749, 16210, 81374, 34598]"
112975,"[13674, 82061, 77066, 57199, 93637, 58431, 24574, 9966, 56701, 59063]"
112976,"[64941, 23548, 100961, 59717, 76943, 81996, 70115, 72175, 9052, 28965]"
112977,"[52601, 17115, 15136, 96656, 10608, 8552, 15285, 64636, 24064, 72511]"
112978,"[18443, 8642, 77568, 41266, 75094, 95591, 91820, 32727, 78761, 108360]"
112979,"[5246, 62278, 108839, 65278, 33148, 83336, 11195, 2558, 57009, 40703]"
112980,"[57858, 82412, 107308, 36557, 21065, 81595, 61429, 64575, 73723, 74492]"
112981,"[9929, 107906, 90817, 16942, 62776, 20304, 39484, 19700, 69396, 62571]"
112982,"[47235, 19699, 37426, 31946, 53494, 55717, 25882, 64982, 99899, 49309]"
112983,"[15623, 650, 97691, 45969, 24268, 1684, 11358, 45057, 108957, 92149]"
112984,"[50279, 84299, 69576, 20201, 108553, 109746, 69898, 6746, 94225, 73969]"
112985,"[24508, 32618, 4429, 56207, 39118, 38405, 6028, 109175, 14997, 99968]"
112986,"[42857, 58728, 53146, 25178, 9683, 41558, 68951, 15075, 65668, 86681]"
112987,"[46651, 63671, 99640, 20010, 47762, 60987, 102049, 30969, 84546, 58865]"
112988,"[88587, 63641, 16822, 98142, 84510, 2095, 64774, 63961, 101491, 99248]"
112989,"[28020, 27257, 8742, 14593, 24110, 91596, 63442, 88021, 6306, 4397]"
112990,"[65532, 97152, 71007, 61292, 56481, 47754, 83359, 61676, 36312, 41964]"
112991,"[48157, 69153, 22564, 78674, 58835, 321, 62708, 34436, 38299, 103419]"
112992,"[14100, 4241, 77800, 17679, 68398, 58711, 6384, 88822, 51667, 94348]"
112993,"[61228, 22958, 72432, 107716, 69597, 4953, 60508, 70710, 52137, 108619]"
112994,"[77148, 41007, 57579, 48535, 31467, 45464, 11100, 37960, 67169, 84159]"
112995,"[17004, 93852, 75998, 104195, 78360, 81831, 22412, 31854, 104591, 14889]"
112996,"[8893, 41306, 13915, 23724, 108579, 77188, 35150, 85723, 58548, 101855]"
112997,"[19235, 35456, 66548, 100811, 53281, 88732, 47572, 66217, 27292, 60283]"
112998,"[87704, 107417, 89905, 29306, 98240, 28654, 59276, 29284, 54631, 91537]"
112999,"[4349, 70790, 24128, 105815, 1052, 49969, 54987, 43968, 23954, 57203]"
113000,"[94459, 3158, 1264, 102650, 104829, 11282, 89496, 74988, 59330, 50743]"
113001,"[50435, 75581, 78365, 77278, 24789, 69633, 11042, 76733, 94041, 7457]"
113002,"[41182, 14171, 74026, 33190, 61627, 81705, 88605, 7570, 96786, 23597]"
113003,"[74643, 79273, 28416, 85069, 80312, 91760, 77021, 13847, 57674, 64241]"
113004,"[25055, 27843, 78813, 84638, 52988, 35168, 54756, 5433, 659, 22581]"
113005,"[93803, 76274, 91907, 17252, 52053, 76313, 87426, 98579, 30016, 11726]"
113006,"[88801, 29714, 45569, 15367, 68129, 70210, 87698, 57545, 70778, 23811]"
113007,"[44100, 3149, 26677, 51596, 39740, 2360, 6860, 4587, 106719, 56443]"
113008,"[69777, 97805, 56489, 107044, 73577, 37563, 38095, 96376, 14392, 37582]"
113009,"[1397, 23715, 30612, 8429, 80413, 41426, 31763, 39339, 42470, 86240]"
113010,"[88619, 104767, 20700, 47271, 47314, 92451, 2494, 85462, 37220, 20507]"
113011,"[27913, 96779, 33069, 73905, 12959, 38322, 62599, 90546, 44542, 49154]"
113012,"[67445, 2997, 10161, 36318, 34388, 80175, 77980, 3366, 42890, 70212]"
113013,"[106301, 22960, 60654, 55557, 27557, 22505, 58730, 24490, 6061, 101729]"
113014,"[35372, 48320, 76140, 47338, 32705, 62986, 87993, 73945, 58048, 4043]"
113015,"[103196, 100833, 107517, 74002, 29980, 60470, 44512, 60999, 87216, 93908]"
113016,"[40811, 10119, 75853, 31012, 59285, 65975, 106621, 43361, 29391, 56612]"
113017,"[66829, 840, 128, 41999, 33051, 52756, 87373, 36861, 30150, 48585]"
113018,"[101457, 27707, 33750, 22654, 53191, 102403, 31448, 27324, 21671, 55616]"
113019,"[47074, 90876, 14721, 7717, 18563, 8722, 9431, 29948, 69199, 90925]"
113020,"[32189, 50202, 44546, 84352, 92812, 37505, 68070, 39692, 39213, 7652]"
113021,"[36421, 77491, 50464, 49315, 37408, 8254, 61998, 106687, 43026, 107104]"
113022,"[98054, 43564, 106504, 9281, 25712, 53603, 19080, 107610, 75814, 74155]"
113023,"[17840, 72577, 53941, 82343, 72612, 62860, 42089, 68430, 90228, 19492]"
113024,"[13763, 91236, 94348, 46185, 10989, 1448, 66326, 106537, 37116, 64422]"
113025,"[73479, 83656, 63211, 45018, 48244, 93400, 44596, 6880, 89179, 60916]"
113026,"[97378, 29323, 39368, 23527, 93493, 12980, 58444, 68504, 63022, 97209]"
113027,"[51862, 31690, 15912, 25169, 28467, 93924, 103345, 49154, 21086, 7899]"
113028,"[43033, 20677, 94797, 917, 58930, 2608, 63032, 35001, 89997, 69398]"
113029,"[51879, 100628, 18148, 2280, 29257, 105085, 26380, 51750, 1762, 79095]"
113030,"[17742, 67138, 42085, 75522, 1890, 6314, 88608, 74089, 44289, 105978]"
113031,"[49041, 33333, 25770, 12396, 90697, 100747, 67045, 106286, 62512, 41669]"
113032,"[96805, 22048, 33775, 54797, 97743, 7657, 85095, 19680, 65673, 99016]"
113033,"[71700, 79361, 51018, 102918, 61332, 45819, 54441, 32699, 103815, 10304]"
113034,"[62867, 34334, 10328, 12336, 1865, 29996, 64976, 23957, 1685, 19109]"
113035,"[81627, 54353, 12212, 21900, 84000, 92823, 10404, 19665, 71829, 102758]"
113036,"[10770, 23399, 88364, 50074, 27301, 85380, 10044, 76314, 10029, 89027]"
113037,"[15304, 53568, 105116, 99109, 9406, 5224, 53387, 31548, 62115, 80804]"
113038,"[95483, 28197, 91264, 15285, 8552, 105352, 569, 72511, 42549, 40765]"
113039,"[85459, 44649, 90432, 77805, 90121, 87993, 63834, 11865, 87289, 103576]"
113040,"[101777, 57686, 31247, 43643, 35952, 44858, 53276, 65697, 58365, 87112]"
113041,"[74807, 74045, 54994, 87174, 90300, 26126, 89127, 59065, 91575, 35687]"
113042,"[42476, 83569, 32858, 91315, 32063, 45602, 1535, 104588, 99534, 79655]"
113043,"[45739, 23806, 74876, 27009, 8725, 99595, 41961, 67, 37559, 49701]"
113044,"[28090, 24376, 64302, 15003, 85967, 2165, 62602, 4891, 9097, 62802]"
113045,"[48786, 17413, 98006, 66808, 32183, 33021, 101357, 93263, 44551, 67808]"
113046,"[21764, 40896, 73613, 12670, 79211, 33373, 90102, 28424, 6804, 22155]"
113047,"[4746, 96210, 68252, 32966, 43101, 74815, 61702, 42455, 105794, 87486]"
113048,"[102037, 66562, 6147, 532, 91499, 60010, 27822, 28301, 93075, 47096]"
113049,"[45624, 80779, 783, 47552, 108086, 33237, 105579, 102459, 58618, 89067]"
113050,"[99203, 16663, 62386, 35033, 35763, 36018, 49913, 55419, 44415, 44301]"
113051,"[19346, 55935, 47946, 3350, 94698, 2952, 42749, 7182, 107699, 79198]"
113052,"[109248, 28169, 1411, 89466, 67116, 4523, 99184, 92819, 54278, 46379]"
113053,"[56999, 89535, 20689, 67338, 568, 46485, 70294, 83163, 16972, 633]"
113054,"[55660, 8115, 91288, 103370, 42347, 94606, 77672, 87779, 107706, 102125]"
113055,"[31545, 25413, 27459, 53429, 98481, 58334, 42111, 102090, 71213, 41216]"
113056,"[9432, 50716, 102189, 41012, 21592, 86164, 21644, 72718, 67956, 12380]"
113057,"[87369, 76058, 85692, 92008, 77168, 20201, 105160, 2189, 346, 10835]"
113058,"[32401, 56985, 27491, 26669, 63869, 72090, 26786, 90, 30667, 5176]"
113059,"[106380, 57599, 91598, 26614, 52171, 103106, 14050, 59123, 63751, 43233]"
113060,"[10555, 22366, 4393, 77273, 20881, 52693, 56841, 61840, 57567, 77517]"
113061,"[13929, 17768, 460, 6776, 15537, 80196, 1406, 50424, 89170, 46704]"
113062,"[46415, 64001, 9329, 30122, 15495, 104013, 107386, 35771, 6488, 101825]"
113063,"[101611, 102268, 21441, 6335, 28399, 44068, 64973, 9351, 92466, 62138]"
113064,"[21710, 46300, 29515, 25579, 32421, 83132, 92829, 12296, 82234, 95009]"
113065,"[48291, 96647, 90568, 18206, 11640, 13128, 31319, 91868, 60064, 76527]"
113066,"[58731, 90954, 26606, 41027, 34433, 22990, 96949, 42249, 61923, 5152]"
113067,"[82218, 48940, 38195, 102025, 52041, 66432, 32580, 11838, 60175, 3320]"
113068,"[38567, 52737, 58904, 92825, 63791, 15132, 32061, 1473, 70995, 57308]"
113069,"[80145, 20617, 70183, 24299, 97970, 77318, 68047, 67078, 78973, 59591]"
113070,"[43436, 33202, 84732, 11771, 56061, 77881, 26972, 39650, 67797, 65950]"
113071,"[40245, 83572, 23689, 66637, 43261, 41965, 2804, 33989, 49462, 73800]"
113072,"[78965, 10127, 11723, 17873, 24935, 40306, 24891, 84489, 56407, 43615]"
113073,"[62218, 68311, 95483, 40958, 35872, 64636, 15285, 8552, 41842, 93240]"
113074,"[82059, 35022, 75016, 45416, 68299, 68702, 107563, 54995, 47911, 45786]"
113075,"[4462, 7470, 13468, 19796, 92029, 101400, 23983, 86412, 8344, 74642]"
113076,"[91748, 31325, 89140, 18446, 66109, 105996, 16632, 33644, 71777, 93652]"
113077,"[70078, 87515, 51602, 4447, 95686, 11112, 12918, 52815, 86533, 35031]"
113078,"[17574, 69485, 101748, 39542, 82319, 5693, 73142, 28898, 29471, 36892]"
113079,"[70037, 19186, 92702, 104798, 11120, 54847, 23879, 102387, 69897, 10982]"
113080,"[33098, 76652, 43843, 81812, 96287, 7562, 26700, 93811, 89393, 46686]"
113081,"[55616, 21671, 101457, 101977, 82846, 52673, 22634, 15616, 55495, 27707]"
113082,"[93494, 17730, 41913, 49657, 58758, 107894, 71383, 62893, 108370, 40322]"
113083,"[16272, 64478, 106030, 101789, 105669, 106363, 38303, 3155, 97993, 41185]"
113084,"[17721, 24145, 20805, 101730, 63448, 28847, 36972, 84262, 21930, 53406]"
113085,"[85491, 42592, 46032, 78027, 33016, 20714, 92925, 60176, 37717, 16361]"
113086,"[85817, 11019, 21634, 33410, 96690, 72433, 101805, 23039, 34583, 67313]"
113087,"[71722, 82029, 28811, 84960, 82167, 42893, 34453, 109164, 40113, 99353]"
113088,"[31538, 4860, 96577, 45954, 63189, 34448, 70457, 58013, 37113, 17714]"
113089,"[102183, 71221, 49410, 21941, 46243, 105343, 39538, 65962, 49717, 77223]"
113090,"[108404, 89647, 36066, 49427, 49123, 41936, 18328, 85920, 90635, 12484]"
113091,"[104637, 47442, 21066, 97681, 101774, 58026, 61413, 73554, 103075, 11158]"
113092,"[87191, 104494, 59085, 106814, 13027, 37619, 36218, 104175, 2279, 25316]"
113093,"[30509, 81416, 97459, 96222, 47010, 88962, 99811, 20264, 39865, 44639]"
113094,"[9556, 59501, 58795, 83756, 74257, 9774, 34286, 59588, 66016, 92306]"
113095,"[26494, 59281, 76994, 81454, 71331, 104692, 77536, 54839, 71634, 4548]"
113096,"[19495, 104657, 92778, 39326, 84720, 57730, 23649, 65875, 31322, 29681]"
113097,"[37955, 34885, 94703, 91726, 39997, 92797, 76425, 9538, 104295, 98962]"
113098,"[7284, 56788, 101253, 6315, 43588, 2341, 20359, 60424, 55825, 89287]"
113099,"[55150, 80269, 108366, 38747, 104359, 82728, 55220, 19191, 11680, 103136]"
113100,"[100591, 103872, 89295, 6710, 17539, 54346, 95402, 71058, 47077, 2331]"
113101,"[12842, 61906, 67013, 40160, 80458, 33866, 55614, 4382, 50020, 40476]"
113102,"[55153, 45685, 79661, 52921, 45004, 66812, 7745, 83333, 60228, 79313]"
113103,"[44522, 97256, 43070, 42635, 23349, 54763, 107718, 54139, 42248, 51284]"
113104,"[92334, 37035, 29269, 42008, 80625, 74299, 141, 43190, 41956, 23672]"
113105,"[59906, 99019, 29740, 65608, 102967, 106635, 92589, 85064, 67703, 30889]"
113106,"[45498, 39874, 84522, 78677, 45414, 2554, 29902, 77343, 76805, 67209]"
113107,"[34963, 89285, 46751, 49863, 53074, 94610, 2928, 14474, 20799, 89765]"
113108,"[70192, 49807, 40728, 70158, 11435, 86990, 8901, 58852, 25530, 14125]"
113109,"[54081, 21041, 60258, 72785, 37215, 13275, 85073, 79035, 104603, 80144]"
113110,"[45522, 9302, 45128, 14726, 37869, 47890, 22785, 28409, 82741, 90104]"
113111,"[93236, 64319, 52362, 96832, 98430, 35022, 7661, 27312, 12030, 95365]"
113112,"[103933, 67007, 42930, 49409, 70971, 47343, 50509, 69637, 33320, 58648]"
113113,"[55613, 79858, 92108, 1622, 108363, 84649, 89680, 78998, 28620, 67366]"
113114,"[92677, 24474, 63119, 78950, 3013, 54782, 59210, 49747, 46210, 42030]"
113115,"[49990, 98196, 82246, 35108, 47147, 99379, 94507, 24751, 105237, 106570]"
113116,"[94266, 18434, 102942, 18734, 41739, 88536, 64726, 102456, 27886, 89102]"
113117,"[77381, 84083, 54022, 43160, 60247, 1795, 65629, 58296, 93161, 103683]"
113118,"[92912, 5714, 102872, 38760, 74084, 33505, 53158, 92975, 78375, 60808]"
113119,"[107009, 39179, 86297, 46397, 49885, 57278, 24440, 64092, 38953, 25512]"
113120,"[80132, 18492, 42031, 8605, 83268, 100560, 69354, 75465, 38746, 8129]"
113121,"[57931, 74398, 88285, 42657, 40636, 6374, 86798, 51010, 71323, 35591]"
113122,"[33705, 77693, 52703, 61531, 47398, 10434, 56269, 69123, 72640, 22461]"
113123,"[48568, 25711, 75872, 60392, 98570, 3862, 73947, 66555, 14175, 98889]"
113124,"[49921, 50064, 26901, 2284, 99883, 79380, 1151, 46515, 16996, 68237]"
113125,"[18730, 92790, 99133, 8951, 49350, 89775, 52350, 66843, 13059, 76541]"
113126,"[76389, 17750, 72107, 77335, 58743, 6788, 49638, 44602, 80683, 42978]"
113127,"[45754, 10551, 17189, 56012, 43501, 81176, 64272, 84132, 69272, 76186]"
113128,"[73583, 94293, 109524, 45590, 31290, 73863, 109470, 20903, 86708, 32200]"
113129,"[7131, 61956, 30306, 56051, 48686, 48731, 107146, 37522, 22152, 105795]"
113130,"[100597, 105959, 75998, 44568, 22412, 31854, 107584, 99244, 19375, 71790]"
113131,"[37516, 22949, 19181, 18835, 108996, 1682, 66696, 5774, 99136, 95019]"
113132,"[10187, 99744, 5617, 88796, 82371, 34460, 36828, 75964, 69090, 85067]"
113133,"[4462, 109516, 55371, 13771, 105751, 17997, 81699, 30749, 84828, 24271]"
113134,"[38548, 23813, 39963, 68053, 102543, 78957, 98073, 86793, 106632, 79874]"
113135,"[76166, 66180, 6165, 18942, 24804, 25993, 4189, 102531, 63262, 90057]"
113136,"[101155, 98349, 30983, 37702, 14787, 103488, 49961, 31451, 42514, 47215]"
113137,"[17282, 13792, 55794, 19051, 101913, 62540, 77463, 48550, 43026, 17141]"
113138,"[72518, 55565, 97260, 52540, 47903, 40924, 82403, 69435, 66472, 45597]"
113139,"[94241, 65717, 43955, 21137, 65620, 81586, 109390, 68550, 53863, 102569]"
113140,"[99076, 5955, 13376, 71106, 50236, 107401, 44840, 80535, 77922, 2777]"
113141,"[17053, 42129, 65723, 50808, 49670, 32433, 73864, 3857, 61184, 2443]"
113142,"[81873, 73109, 108055, 9816, 20337, 79193, 41489, 45995, 33419, 108749]"
113143,"[98690, 19249, 5762, 22049, 20948, 101074, 9594, 89666, 4384, 64335]"
113144,"[95821, 64163, 33727, 68271, 46110, 36790, 50968, 63811, 44308, 90573]"
113145,"[25529, 94414, 95047, 26575, 68057, 6759, 2657, 99985, 78606, 104083]"
113146,"[55905, 21799, 42004, 9984, 32041, 13395, 105645, 87654, 66599, 26527]"
113147,"[33084, 100089, 52181, 54284, 47128, 104126, 34725, 95463, 834, 103984]"
113148,"[45750, 106085, 68663, 42942, 80648, 58039, 95332, 90072, 74033, 56746]"
113149,"[33454, 38553, 57314, 73420, 105866, 35165, 19361, 79151, 30203, 94341]"
113150,"[4276, 19366, 109437, 82860, 98140, 107353, 73993, 57932, 54241, 95086]"
113151,"[40698, 22041, 26302, 26915, 24494, 30128, 66447, 60239, 93510, 29956]"
113152,"[79476, 12969, 95788, 91968, 45577, 94118, 108950, 15498, 18018, 93497]"
113153,"[73722, 36274, 47228, 80443, 16378, 8544, 68655, 85337, 109267, 12295]"
113154,"[50024, 101322, 51741, 92600, 52735, 55406, 30992, 55093, 68944, 83800]"
113155,"[21170, 64284, 32887, 98441, 72128, 82543, 103484, 41226, 72723, 68285]"
113156,"[33149, 39698, 26568, 41555, 106381, 49988, 11433, 100580, 57877, 56501]"
113157,"[80654, 65045, 76335, 6227, 38509, 13750, 17568, 48864, 51706, 51361]"
113158,"[4231, 46583, 11053, 27852, 89139, 9299, 24371, 49992, 23557, 96966]"
113159,"[11059, 88077, 89589, 5626, 32995, 67540, 53771, 85868, 37254, 27230]"
113160,"[104976, 32409, 5651, 8066, 61174, 6543, 2134, 102433, 69118, 47723]"
113161,"[100438, 4992, 275, 40175, 10326, 97758, 6081, 68388, 96262, 28094]"
113162,"[90077, 42345, 16314, 30038, 51299, 97704, 82941, 109456, 83367, 18573]"
113163,"[109588, 10775, 91305, 101711, 108375, 58455, 66218, 23166, 25161, 22288]"
113164,"[59947, 69151, 30582, 70395, 99802, 26477, 86799, 75818, 36135, 17200]"
113165,"[88733, 13620, 73551, 16798, 34051, 92908, 104445, 63937, 14182, 37291]"
113166,"[44464, 96942, 61545, 4731, 46734, 45460, 22295, 39230, 10233, 16986]"
113167,"[75092, 32737, 77614, 30382, 40127, 69122, 72000, 43694, 75065, 83335]"
113168,"[105820, 54693, 71185, 89871, 10238, 43520, 72733, 106618, 3904, 73788]"
113169,"[70940, 13878, 8013, 90916, 31060, 91161, 11344, 22937, 83975, 51370]"
113170,"[15400, 104802, 39166, 84802, 87502, 81075, 31639, 100260, 100362, 75168]"
113171,"[39110, 19549, 53951, 89769, 50076, 31474, 13682, 14969, 29569, 54738]"
113172,"[44523, 25314, 108399, 99049, 61345, 76998, 94048, 20941, 10016, 47956]"
113173,"[79317, 100346, 365, 102781, 100869, 78677, 44141, 48330, 75212, 104558]"
113174,"[10261, 41386, 20828, 49786, 80642, 54843, 93108, 65189, 28435, 97370]"
113175,"[96843, 1047, 84382, 40048, 93988, 59689, 95183, 88408, 56074, 4921]"
113176,"[9979, 93377, 87218, 87649, 24402, 37804, 2727, 74794, 66091, 50747]"
113177,"[4638, 79588, 69097, 3790, 38696, 91219, 55730, 51869, 105948, 47721]"
113178,"[10496, 92037, 62685, 84274, 56599, 88635, 32992, 9252, 45648, 96495]"
113179,"[106447, 42365, 103936, 106825, 66093, 86353, 33910, 94959, 64144, 15465]"
113180,"[67102, 81919, 83259, 68545, 21459, 72937, 69972, 42788, 73644, 109]"
113181,"[5472, 49685, 63732, 90107, 72376, 31298, 15579, 107998, 43156, 53393]"
113182,"[14153, 91463, 51479, 50520, 55592, 15409, 19533, 50198, 93647, 25767]"
113183,"[103443, 65112, 91292, 84051, 9558, 90418, 100719, 96017, 9811, 31989]"
113184,"[36888, 34992, 48538, 2165, 74096, 58722, 4891, 75607, 79428, 24914]"
113185,"[19107, 37819, 6205, 65937, 61427, 103886, 88072, 43345, 87903, 19028]"
113186,"[75699, 32373, 61273, 75319, 15415, 7096, 65392, 11882, 70472, 64517]"
113187,"[32611, 38962, 33125, 59944, 28697, 4653, 18865, 101504, 62836, 51421]"
113188,"[45137, 2473, 57476, 71731, 40052, 3786, 35081, 91228, 18145, 84657]"
113189,"[22610, 56945, 14861, 48504, 33466, 102132, 84540, 73437, 10449, 43506]"
113190,"[62969, 67621, 93830, 23291, 31452, 34966, 82897, 102617, 78604, 70157]"
113191,"[4383, 72694, 85756, 27228, 67010, 102371, 53237, 11338, 22939, 82715]"
113192,"[100073, 78121, 22254, 35944, 43845, 108949, 32537, 36097, 50154, 34613]"
113193,"[104620, 50755, 33579, 79707, 35545, 55809, 70566, 84516, 82859, 45917]"
113194,"[7377, 9090, 99085, 35136, 70240, 19149, 27315, 96976, 32575, 72420]"
113195,"[91902, 92252, 10110, 74786, 43217, 12075, 15391, 87659, 34457, 56119]"
113196,"[87009, 88918, 36005, 27174, 77585, 104641, 109628, 67522, 46012, 18462]"
113197,"[33782, 56487, 95327, 77992, 80745, 14168, 101555, 31696, 78255, 26207]"
113198,"[29250, 92766, 91089, 65799, 25728, 22356, 63395, 48938, 84371, 87410]"
113199,"[10539, 94740, 28023, 75449, 65378, 18628, 3888, 99730, 62461, 67058]"
113200,"[100780, 102647, 35008, 47151, 17701, 522, 41297, 107904, 20004, 46462]"
113201,"[30464, 103178, 102688, 33270, 89497, 29413, 9743, 11187, 27513, 87966]"
113202,"[36254, 1481, 3227, 36344, 80533, 107138, 93339, 38569, 20466, 63693]"
113203,"[30813, 74781, 61281, 107761, 41702, 86989, 8356, 73480, 35027, 24938]"
113204,"[3656, 46933, 15367, 7100, 64393, 35120, 45402, 35933, 43169, 39177]"
113205,"[37683, 39213, 44546, 21782, 71368, 103949, 32189, 56315, 54482, 73738]"
113206,"[90323, 19084, 35354, 70444, 56287, 14749, 43966, 73422, 38897, 77178]"
113207,"[97088, 107059, 16097, 79168, 99419, 52783, 12808, 23997, 21726, 55917]"
113208,"[99645, 56608, 107459, 103520, 24037, 2774, 62450, 87468, 50810, 353]"
113209,"[3233, 17753, 104522, 67282, 18404, 91045, 87346, 22257, 47033, 96791]"
113210,"[65054, 5096, 54200, 1554, 79385, 36413, 75926, 64454, 8192, 38418]"
113211,"[18019, 974, 90054, 44066, 52058, 70517, 25924, 96363, 77206, 9118]"
113212,"[67591, 61334, 30766, 101431, 68196, 98356, 95900, 84568, 14397, 17243]"
113213,"[66185, 14421, 76873, 74168, 96109, 51737, 38321, 35809, 68453, 20291]"
113214,"[69794, 105287, 31265, 99826, 100362, 82104, 78006, 31723, 17164, 65547]"
113215,"[78442, 99737, 3949, 42925, 89723, 48576, 30686, 57244, 104191, 72299]"
113216,"[13226, 33141, 60049, 13434, 54103, 81532, 38892, 70695, 63456, 39946]"
113217,"[9316, 30327, 48716, 66759, 5232, 2090, 59253, 3716, 73489, 29923]"
113218,"[78197, 77718, 25994, 32601, 62286, 100478, 10028, 45125, 1392, 49119]"
113219,"[62295, 2403, 90127, 47465, 107590, 13596, 85313, 12353, 95250, 15394]"
113220,"[87682, 54409, 91152, 56750, 38424, 97360, 50904, 29376, 56268, 88461]"
113221,"[60667, 43836, 29914, 52056, 11300, 5758, 80154, 41741, 32982, 92223]"
113222,"[74109, 107963, 33443, 51592, 25872, 68169, 92839, 65062, 93635, 46807]"
113223,"[61534, 15606, 80761, 74930, 58263, 38756, 36073, 55081, 6011, 40018]"
113224,"[1374, 99296, 91739, 13437, 23113, 28237, 96114, 65774, 105136, 54568]"
113225,"[33749, 57055, 13408, 68522, 23950, 100987, 99045, 72928, 58993, 26446]"
113226,"[54593, 106308, 93251, 28080, 107858, 49899, 79340, 18749, 3582, 92278]"
113227,"[103898, 65796, 33388, 62975, 10860, 96628, 2717, 75542, 48834, 15650]"
113228,"[46339, 37233, 3342, 15700, 24776, 37250, 98145, 60543, 55192, 26894]"
113229,"[75618, 66967, 6176, 82022, 58148, 25305, 27707, 54483, 69516, 92974]"
113230,"[13326, 91812, 89809, 62975, 105541, 107280, 48834, 56635, 81222, 13243]"
113231,"[92391, 15662, 29988, 22977, 97515, 7119, 72427, 78862, 10531, 101694]"
113232,"[94917, 19937, 10219, 55496, 60015, 88332, 107200, 82368, 8331, 31178]"
113233,"[78352, 77094, 36893, 50, 59698, 65938, 60901, 70251, 13302, 101889]"
113234,"[31286, 92728, 87933, 47316, 39848, 84466, 40892, 28518, 46384, 84613]"
113235,"[86, 69030, 72496, 14436, 50468, 89117, 71850, 89653, 24889, 16002]"
113236,"[79248, 14035, 27092, 49939, 51840, 13719, 10256, 15600, 70288, 30435]"
113237,"[95065, 105043, 65347, 10953, 21152, 89868, 18708, 95684, 52812, 25591]"
113238,"[74997, 42752, 77632, 83146, 21481, 58044, 109033, 53229, 73278, 41342]"
113239,"[47596, 107511, 18495, 65993, 3044, 69183, 98740, 74845, 88381, 90634]"
113240,"[59847, 32167, 65092, 5134, 90516, 68717, 16158, 53545, 108448, 67914]"
113241,"[62412, 102335, 103808, 21837, 5840, 19441, 102631, 96503, 30094, 61493]"
113242,"[27508, 52033, 57707, 109135, 30784, 89342, 46724, 47558, 26632, 98070]"
113243,"[12694, 28977, 101987, 81497, 34327, 54356, 43363, 53104, 18707, 66345]"
113244,"[84290, 14474, 28580, 53332, 107722, 97403, 21783, 99091, 49739, 49863]"
113245,"[10687, 59412, 54634, 19110, 8297, 22624, 10753, 95901, 49503, 75544]"
113246,"[92231, 41607, 64589, 6852, 52855, 96147, 89560, 99250, 91638, 3463]"
113247,"[75519, 7674, 60436, 92669, 66860, 39003, 87778, 14537, 62767, 48345]"
113248,"[26135, 81514, 104223, 29351, 109273, 40017, 29918, 104107, 37428, 85499]"
113249,"[66468, 89328, 74718, 18673, 60693, 2030, 10028, 78966, 91942, 29163]"
113250,"[57321, 42513, 93247, 24339, 24859, 86113, 24511, 96906, 70514, 60322]"
113251,"[11919, 23324, 96958, 34348, 10273, 45496, 64289, 91119, 108190, 42679]"
113252,"[19181, 76176, 40841, 61594, 2724, 32334, 66696, 99721, 34350, 99136]"
113253,"[4618, 89012, 8737, 3310, 2292, 50724, 6744, 57593, 8200, 50489]"
113254,"[91640, 106089, 83346, 3132, 105710, 33330, 25566, 80719, 21636, 50073]"
113255,"[35337, 79771, 42618, 39547, 17643, 53358, 8784, 99240, 53901, 24913]"
113256,"[21365, 44181, 32085, 108646, 102201, 53026, 13362, 81343, 43943, 25545]"
113257,"[16140, 102087, 9650, 19787, 23716, 102025, 60331, 62012, 2572, 47614]"
113258,"[54598, 36639, 37273, 31941, 40902, 4848, 39061, 79532, 42779, 92966]"
113259,"[21718, 39150, 108452, 51833, 65203, 106082, 43096, 53168, 8299, 94233]"
113260,"[15884, 74177, 95647, 42224, 29606, 37161, 30447, 65605, 20138, 38550]"
113261,"[96398, 99012, 105456, 102450, 6577, 34363, 98741, 34572, 98187, 25653]"
113262,"[359, 38335, 24390, 83183, 29057, 39942, 59122, 54919, 4657, 36797]"
113263,"[58095, 46315, 58395, 46702, 47819, 35257, 17637, 44305, 35060, 97949]"
113264,"[82751, 89851, 33000, 96851, 4105, 106075, 5601, 108935, 65377, 55090]"
113265,"[87435, 34262, 89191, 20848, 109261, 60804, 40060, 68844, 102034, 36007]"
113266,"[61363, 87748, 36810, 29347, 5723, 80861, 52535, 77504, 47959, 40101]"
113267,"[74302, 34638, 44696, 34442, 49606, 44371, 30338, 42623, 78511, 91446]"
113268,"[88903, 92961, 36450, 80636, 63938, 19702, 47978, 104781, 98720, 69617]"
113269,"[20586, 54960, 20214, 84436, 30502, 52318, 45016, 28908, 2367, 44206]"
113270,"[2096, 105246, 2439, 15759, 107265, 41045, 61259, 59127, 43412, 22377]"
113271,"[63012, 32441, 9567, 20713, 53482, 657, 103431, 71888, 96487, 71354]"
113272,"[47343, 69057, 31179, 106928, 105887, 39198, 69793, 65758, 91690, 16559]"
113273,"[63359, 100369, 77349, 31595, 16250, 2695, 55021, 18941, 33191, 84179]"
113274,"[94536, 102616, 38003, 35447, 5162, 50535, 48759, 95252, 94854, 1771]"
113275,"[30512, 103504, 22744, 21226, 3549, 5971, 13594, 40237, 45087, 34235]"
113276,"[44419, 8974, 21301, 30483, 81543, 41917, 39310, 93285, 87371, 12466]"
113277,"[19643, 11020, 4158, 104121, 23657, 10939, 6047, 66080, 53110, 9475]"
113278,"[56151, 76045, 26660, 74477, 57050, 58052, 7500, 109577, 97499, 75137]"
113279,"[14873, 52654, 79684, 55007, 62106, 21406, 91405, 12384, 69345, 34463]"
113280,"[44537, 35651, 41039, 2653, 93706, 82997, 65665, 107615, 22091, 88018]"
113281,"[40351, 45290, 53880, 12831, 47402, 51808, 7676, 88196, 50667, 90729]"
113282,"[31227, 76468, 72739, 84989, 85773, 67220, 91230, 55372, 50286, 54175]"
113283,"[10275, 3736, 82533, 106769, 2608, 22196, 69292, 67435, 19625, 88735]"
113284,"[89377, 100718, 104833, 61406, 58848, 74028, 83952, 1618, 71369, 27580]"
113285,"[75578, 9949, 17619, 84300, 98183, 38022, 45695, 38709, 13311, 56491]"
113286,"[47151, 52585, 10678, 100780, 20004, 25959, 45974, 106619, 98358, 4850]"
113287,"[86552, 29919, 40901, 37710, 60334, 10970, 23339, 25254, 59849, 21982]"
113288,"[42529, 103287, 7600, 105408, 82483, 4366, 97783, 98311, 44706, 34656]"
113289,"[41211, 31125, 47132, 63421, 11807, 91447, 106129, 103818, 416, 45980]"
113290,"[95921, 8964, 25788, 50797, 56037, 95808, 29316, 104688, 4654, 47360]"
113291,"[64174, 41513, 109221, 4702, 100896, 59737, 74454, 69781, 55142, 65631]"
113292,"[93865, 56426, 36476, 14154, 38554, 101924, 8401, 5897, 755, 13480]"
113293,"[76241, 99767, 16197, 93648, 51290, 84385, 44297, 88739, 33143, 11801]"
113294,"[28103, 29361, 78195, 101900, 6335, 22499, 37416, 97373, 58047, 31390]"
113295,"[65787, 17067, 3194, 39588, 64921, 58264, 45228, 35478, 54419, 42444]"
113296,"[70362, 85330, 39490, 17752, 91601, 103547, 25968, 13838, 90756, 77878]"
113297,"[30235, 100349, 75425, 92055, 82505, 50444, 4456, 41839, 37069, 22226]"
113298,"[84185, 49110, 21643, 43907, 19615, 74025, 103709, 959, 79026, 64537]"
113299,"[85289, 107067, 75412, 57043, 55699, 98249, 38400, 64383, 83967, 21467]"
113300,"[88558, 26642, 107163, 2749, 13677, 62083, 35089, 94589, 83275, 37009]"
113301,"[18261, 104484, 4188, 30002, 47147, 6265, 75204, 84198, 109498, 59612]"
113302,"[24041, 26947, 10489, 30592, 26473, 103316, 5444, 17834, 107481, 25211]"
113303,"[25973, 46896, 93343, 12945, 15224, 676, 78390, 21991, 88231, 107097]"
113304,"[5687, 108015, 99237, 53861, 87900, 19630, 6274, 81209, 36706, 88631]"
113305,"[106683, 31936, 92224, 26721, 89840, 85816, 20090, 102807, 108471, 70325]"
113306,"[47065, 57401, 48005, 43694, 12411, 87898, 4990, 62470, 71056, 37042]"
113307,"[55513, 56611, 86358, 87116, 62310, 73617, 57966, 98487, 100006, 23987]"
113308,"[12662, 80151, 64132, 95746, 7190, 107668, 104648, 72273, 13157, 96198]"
113309,"[72625, 17292, 16689, 7979, 104921, 61950, 41627, 98867, 56098, 23643]"
113310,"[72117, 70389, 97184, 104454, 18021, 33715, 79079, 86291, 61712, 50371]"
113311,"[49547, 57218, 76777, 59446, 80079, 81494, 79737, 102144, 63825, 97343]"
113312,"[44980, 89900, 56936, 82450, 73719, 31065, 44810, 15509, 61845, 67617]"
113313,"[37505, 9096, 32189, 92812, 720, 29252, 92006, 50413, 52600, 77006]"
113314,"[65800, 56128, 33207, 70917, 38355, 84006, 20582, 60423, 88665, 13430]"
113315,"[84940, 71973, 29405, 37361, 13936, 44515, 99024, 14944, 36248, 75344]"
113316,"[82135, 76031, 40602, 75, 96174, 105712, 92908, 34544, 7752, 3126]"
113317,"[49606, 34225, 47598, 74302, 34638, 44696, 34442, 76780, 17456, 22351]"
113318,"[59377, 35036, 16517, 74980, 25346, 16994, 6287, 94428, 89913, 63001]"
113319,"[82033, 8465, 13393, 72140, 4007, 73746, 20293, 62006, 55361, 85247]"
113320,"[7368, 66867, 80157, 4905, 26286, 98658, 78459, 105159, 36106, 12542]"
113321,"[1864, 40564, 106261, 93513, 97333, 100080, 27164, 91351, 9433, 95126]"
113322,"[53355, 37163, 79939, 68071, 100915, 89700, 107358, 27698, 40182, 3012]"
113323,"[39289, 18710, 100502, 43817, 39468, 56790, 6950, 79512, 66173, 87810]"
113324,"[36025, 96994, 67319, 27943, 73558, 441, 104215, 84099, 97538, 51049]"
113325,"[48306, 86819, 105112, 33274, 21563, 92135, 34207, 471, 32914, 55437]"
113326,"[103828, 88170, 61837, 24117, 96272, 40324, 72944, 104072, 39710, 69835]"
113327,"[12680, 43043, 15697, 77940, 29581, 50501, 32533, 58286, 36713, 18219]"
113328,"[88792, 84217, 11913, 105705, 72682, 960, 28988, 65820, 84725, 8609]"
113329,"[65449, 108093, 106777, 3059, 19913, 99550, 33696, 45332, 107528, 77116]"
113330,"[60844, 48393, 46200, 64208, 83536, 55959, 58594, 104103, 29201, 103128]"
113331,"[91824, 22868, 90213, 84127, 95336, 56649, 99119, 14065, 36226, 30808]"
113332,"[28380, 26161, 14104, 98623, 102571, 73145, 47715, 31372, 109609, 108134]"
113333,"[21935, 97162, 4664, 63714, 45763, 82080, 54520, 35537, 69480, 34648]"
113334,"[58251, 72875, 9604, 99220, 28904, 48016, 50638, 104515, 55290, 10167]"
113335,"[31416, 6264, 106877, 39286, 29510, 25662, 7586, 64850, 106071, 86685]"
113336,"[33930, 52177, 51114, 55278, 66604, 24692, 94220, 87462, 44340, 96170]"
113337,"[74937, 98995, 105759, 29717, 59295, 26695, 89627, 1510, 62805, 31046]"
113338,"[74849, 89650, 23897, 95690, 107682, 24174, 109021, 99719, 77484, 54587]"
113339,"[55770, 19233, 44660, 93691, 71657, 104313, 44423, 70680, 53614, 79268]"
113340,"[23949, 103244, 33113, 84254, 56273, 85417, 71362, 37213, 30670, 64878]"
113341,"[68347, 41296, 45462, 23667, 92126, 69594, 26819, 6927, 103293, 31785]"
113342,"[98811, 29225, 67767, 84938, 103949, 982, 69924, 84352, 50202, 80943]"
113343,"[85460, 43549, 104746, 75712, 85440, 41763, 21439, 71365, 35526, 69620]"
113344,"[27916, 100301, 104220, 49907, 33629, 8410, 81393, 45305, 84585, 98357]"
113345,"[14078, 74755, 38495, 29480, 109640, 43509, 27288, 37134, 32991, 103238]"
113346,"[93434, 67005, 105456, 106889, 14161, 9844, 53684, 75195, 19410, 28241]"
113347,"[84456, 75239, 108940, 23237, 86548, 104977, 10854, 92124, 14717, 94462]"
113348,"[30852, 84295, 55918, 36187, 1418, 9663, 95880, 8427, 1054, 46326]"
113349,"[3509, 108824, 25791, 87258, 100214, 58421, 76663, 107606, 57005, 21992]"
113350,"[23970, 54075, 84960, 32313, 51214, 32461, 71063, 80195, 25737, 20727]"
113351,"[62307, 91855, 77870, 14612, 99035, 13778, 56937, 71920, 60157, 106455]"
113352,"[92444, 92963, 24240, 2101, 70829, 35686, 66576, 108734, 9862, 77608]"
113353,"[37771, 108274, 55407, 31506, 31404, 22223, 98096, 97730, 51815, 98958]"
113354,"[97084, 6736, 59405, 86144, 56334, 10546, 77783, 84309, 69522, 83969]"
113355,"[93549, 184, 85162, 107927, 33948, 55242, 103224, 93643, 21142, 33338]"
113356,"[87669, 53766, 7504, 61814, 55176, 98722, 50655, 105497, 88832, 7961]"
113357,"[17225, 57860, 91311, 73587, 89353, 19073, 58522, 92564, 58169, 101182]"
113358,"[72634, 80803, 77341, 51895, 78313, 90956, 93235, 29351, 49242, 26135]"
113359,"[76481, 46279, 27697, 2662, 81832, 51313, 106200, 108064, 14640, 88967]"
113360,"[27504, 78074, 72848, 49894, 83755, 41428, 102686, 20616, 24673, 101726]"
113361,"[23666, 8851, 37469, 109339, 31061, 106793, 85994, 60904, 9153, 616]"
113362,"[60822, 88443, 34884, 104899, 62008, 48472, 90152, 50369, 56823, 57354]"
113363,"[75441, 54728, 16533, 97054, 58139, 8447, 58116, 78059, 37461, 26637]"
113364,"[63433, 67750, 2276, 61696, 97094, 21288, 66985, 18901, 28274, 28398]"
113365,"[1549, 99270, 106360, 6877, 27971, 10370, 68895, 39160, 35286, 31806]"
113366,"[78628, 42362, 34334, 106739, 1685, 46765, 19109, 67894, 12336, 31890]"
113367,"[58130, 78426, 93490, 14591, 81635, 10039, 33101, 37069, 22226, 26830]"
113368,"[59876, 95258, 4280, 36611, 64330, 32473, 103737, 53819, 70582, 67818]"
113369,"[70298, 29122, 85544, 43106, 12559, 20343, 103282, 84554, 60294, 81373]"
113370,"[95817, 30280, 68556, 16050, 101588, 98807, 17029, 98009, 13235, 71091]"
113371,"[44710, 61435, 4487, 100419, 28799, 52427, 93221, 99990, 63381, 13643]"
113372,"[84597, 97949, 21882, 58167, 90260, 12083, 21586, 89909, 62164, 44064]"
113373,"[41704, 37476, 37367, 4074, 40478, 37272, 101935, 61620, 79067, 82020]"
113374,"[9934, 65260, 44220, 92701, 90825, 11184, 62112, 52558, 56454, 25261]"
113375,"[68521, 72667, 73651, 80691, 62864, 83995, 66008, 14422, 38648, 89095]"
113376,"[52070, 100295, 4920, 20383, 87906, 49370, 23316, 100755, 92504, 74528]"
113377,"[42127, 23674, 32379, 10859, 41923, 102821, 19836, 78158, 107152, 59529]"
113378,"[78420, 2375, 104632, 70398, 72023, 104303, 96569, 109624, 41400, 39301]"
113379,"[86066, 5203, 39488, 21938, 50450, 70582, 100782, 78065, 22535, 5541]"
113380,"[16831, 104744, 37996, 105875, 83956, 77205, 28168, 82534, 96873, 96392]"
113381,"[2373, 47619, 63319, 57910, 46377, 29560, 1874, 92597, 26738, 40241]"
113382,"[25226, 66593, 45237, 54468, 65045, 4732, 73996, 59976, 38198, 3927]"
113383,"[20226, 20719, 27865, 82851, 66700, 94741, 68461, 18668, 3640, 104502]"
113384,"[23408, 39345, 107161, 78804, 75889, 31310, 97520, 92642, 39319, 56589]"
113385,"[48423, 102635, 32901, 34360, 70980, 27287, 44958, 40550, 14529, 74905]"
113386,"[82320, 66117, 41583, 1310, 18193, 53688, 55427, 73486, 54940, 18902]"
113387,"[34120, 32218, 46858, 3009, 22373, 57030, 10953, 16255, 11266, 47311]"
113388,"[21903, 42256, 44790, 37652, 57769, 8981, 4221, 57644, 19675, 89607]"
113389,"[101880, 72445, 107730, 101900, 22499, 48024, 33620, 983, 100299, 35251]"
113390,"[64713, 81032, 94773, 23977, 47417, 42541, 68051, 65306, 49394, 77764]"
113391,"[97524, 45950, 30115, 55075, 13248, 38620, 109240, 87949, 63230, 71004]"
113392,"[46353, 39542, 69485, 46891, 17574, 3991, 67846, 28761, 28898, 79431]"
113393,"[7073, 51105, 69554, 56142, 4031, 67828, 87960, 66391, 105520, 5291]"
113394,"[25544, 108558, 15506, 6222, 56321, 4083, 55015, 42487, 68535, 105872]"
113395,"[32712, 53052, 83915, 21856, 107902, 43509, 63725, 82871, 43174, 36598]"
113396,"[14903, 92496, 8579, 58629, 107994, 72108, 20752, 96433, 14811, 67577]"
113397,"[53068, 54603, 44005, 11495, 104935, 22134, 31685, 79560, 35841, 23483]"
113398,"[105570, 50708, 85885, 52281, 82399, 15062, 56019, 12767, 71900, 107705]"
113399,"[88310, 66681, 57570, 44107, 2084, 77290, 7474, 73526, 73515, 25746]"
113400,"[19858, 9403, 8879, 78461, 107387, 73637, 67553, 39822, 31026, 33925]"
113401,"[21042, 58987, 99756, 12508, 47540, 3607, 22649, 45620, 95102, 87083]"
113402,"[50700, 14825, 40537, 83102, 92265, 42192, 89852, 58566, 102051, 88508]"
113403,"[71422, 60051, 58214, 78183, 27989, 88557, 47603, 45604, 25074, 74898]"
113404,"[60432, 93058, 83719, 65145, 105471, 88422, 26430, 43046, 96301, 12089]"
113405,"[66772, 35654, 102169, 21093, 28453, 7926, 65003, 89424, 52570, 7150]"
113406,"[40221, 11832, 108033, 106909, 48442, 85448, 54795, 82579, 7851, 90695]"
113407,"[63551, 1508, 73466, 55828, 1659, 82525, 101513, 12275, 61178, 86054]"
113408,"[78105, 69187, 66244, 4233, 61038, 61011, 49162, 104273, 9453, 96090]"
113409,"[15331, 57286, 41612, 59662, 40607, 12979, 3478, 35199, 86697, 67261]"
113410,"[63356, 46895, 38361, 96128, 82342, 13564, 57393, 60889, 49883, 85907]"
113411,"[41130, 6270, 98419, 29314, 12433, 36303, 56724, 48836, 109574, 25341]"
113412,"[3576, 53412, 6736, 62018, 68762, 50333, 53317, 66578, 79080, 106024]"
113413,"[42618, 27376, 69702, 91215, 62146, 60158, 65141, 107023, 39211, 26655]"
113414,"[47508, 27352, 51967, 89418, 106726, 47110, 72227, 7265, 98401, 42185]"
113415,"[83130, 25010, 93652, 71777, 17077, 38997, 85230, 26316, 95787, 7730]"
113416,"[85648, 103777, 85105, 84018, 26974, 84695, 28720, 58286, 92520, 64399]"
113417,"[42142, 81088, 18185, 63100, 51168, 2233, 84928, 56406, 70639, 56700]"
113418,"[52112, 33759, 30882, 60784, 25688, 6232, 89380, 101959, 74200, 63538]"
113419,"[85472, 27307, 26041, 97580, 107331, 107213, 26878, 14836, 49124, 21415]"
113420,"[93864, 9023, 47464, 89850, 68427, 105532, 75352, 89230, 36143, 14946]"
113421,"[13309, 35259, 45272, 89357, 73822, 82423, 71896, 6677, 33223, 91413]"
113422,"[43007, 99965, 82444, 80255, 32800, 23591, 35692, 44985, 54502, 10695]"
113423,"[32069, 75485, 38067, 94306, 103079, 107795, 107749, 88495, 16137, 58294]"
113424,"[79558, 92514, 104875, 108730, 42081, 97485, 90986, 55627, 6598, 102512]"
113425,"[109414, 39940, 47122, 30935, 5494, 54985, 89587, 78241, 91182, 86463]"
113426,"[88215, 80042, 63462, 85084, 53359, 241, 21902, 14110, 53061, 39476]"
113427,"[92521, 25925, 66075, 71540, 2525, 5195, 28217, 5356, 74159, 73612]"
113428,"[67623, 24042, 25130, 84544, 96091, 75517, 34624, 43050, 43823, 85099]"
113429,"[22864, 41959, 56495, 21076, 38692, 7097, 15568, 72310, 62404, 104080]"
113430,"[98131, 72020, 63951, 91667, 58548, 109563, 104010, 59602, 1176, 59917]"
113431,"[43358, 52641, 99947, 64553, 62224, 15804, 30544, 91524, 106333, 103914]"
113432,"[52224, 14761, 73090, 38144, 76078, 101810, 66306, 57471, 36070, 57826]"
113433,"[108412, 44375, 76452, 38872, 74170, 106081, 92920, 11790, 99472, 51709]"
113434,"[4170, 79888, 68234, 42027, 15047, 88222, 96499, 62688, 44301, 20881]"
113435,"[61556, 61305, 66082, 7583, 108036, 32034, 36819, 28928, 13576, 68113]"
113436,"[74145, 79855, 92922, 50076, 86281, 81316, 66312, 53588, 62285, 39110]"
113437,"[19262, 72408, 10669, 89831, 14991, 32257, 48969, 68361, 21174, 6214]"
113438,"[3973, 46904, 17049, 19261, 50776, 53274, 1233, 22748, 60360, 37331]"
113439,"[77705, 51080, 39198, 89933, 34850, 19472, 109618, 70636, 21320, 24023]"
113440,"[98048, 30217, 13891, 105314, 107173, 89772, 27481, 109139, 88737, 90286]"
113441,"[70355, 77072, 103542, 8672, 2501, 34278, 91865, 101714, 89717, 40707]"
113442,"[58647, 40334, 5886, 106017, 99931, 68739, 64401, 35391, 83381, 89190]"
113443,"[26862, 92439, 26224, 75241, 20604, 95146, 96907, 98328, 83012, 3798]"
113444,"[108019, 34047, 4095, 72037, 59437, 68682, 37624, 67477, 92851, 64544]"
113445,"[105164, 30947, 52069, 70583, 79168, 14260, 13703, 73353, 51429, 80483]"
113446,"[53011, 79174, 97555, 79557, 28336, 30715, 36209, 109295, 49070, 77537]"
113447,"[10060, 27660, 40448, 78183, 93696, 61135, 77673, 87375, 49174, 81414]"
113448,"[69795, 4562, 49703, 104012, 80071, 82572, 66057, 67896, 67886, 34220]"
113449,"[98159, 43583, 4362, 12467, 3976, 78408, 57653, 26636, 51006, 16799]"
113450,"[88755, 25402, 43445, 26515, 36220, 58033, 76821, 11855, 109363, 79452]"
113451,"[103639, 8213, 21955, 59301, 53369, 99608, 74698, 4818, 51631, 59533]"
113452,"[93982, 105401, 106808, 88917, 12997, 83316, 45551, 95345, 12400, 81781]"
113453,"[60991, 77267, 77164, 27716, 65454, 712, 98899, 86839, 40186, 96675]"
113454,"[58107, 28737, 18428, 91457, 25889, 40683, 61775, 92159, 87451, 20681]"
113455,"[50699, 20138, 50292, 29875, 109334, 35611, 67235, 55787, 12839, 49534]"
113456,"[46724, 904, 106517, 104788, 94745, 20707, 29974, 72839, 68631, 52033]"
113457,"[72092, 99447, 9950, 2792, 24586, 63606, 7450, 1201, 68164, 67035]"
113458,"[80677, 80281, 17834, 11705, 77948, 26473, 60664, 12155, 40274, 38367]"
113459,"[72229, 23850, 61969, 16191, 103753, 85148, 87132, 67666, 52801, 26557]"
113460,"[16311, 38327, 109744, 49350, 45276, 42739, 44734, 79501, 32547, 26397]"
113461,"[70573, 88541, 67873, 83893, 58353, 66483, 61281, 29940, 55227, 53814]"
113462,"[32236, 100204, 78735, 90059, 22995, 4210, 29203, 92066, 31313, 91117]"
113463,"[63454, 25720, 16967, 98270, 34509, 23242, 47251, 36017, 32279, 18036]"
113464,"[39705, 9736, 54033, 91800, 56544, 2909, 61140, 100377, 37021, 51535]"
113465,"[16978, 66056, 33195, 98487, 69579, 45945, 103649, 80097, 108139, 40292]"
113466,"[5058, 54320, 25858, 6085, 91935, 459, 62924, 33683, 56507, 50488]"
113467,"[49661, 96871, 81613, 71060, 62421, 60480, 59193, 36812, 107554, 87437]"
113468,"[58950, 16248, 64334, 19955, 86700, 49160, 67827, 79419, 64504, 2863]"
113469,"[29399, 50734, 67990, 18547, 7684, 36454, 46149, 58354, 71557, 101114]"
113470,"[49765, 90390, 72310, 39566, 69822, 26061, 54359, 82119, 66833, 59090]"
113471,"[98002, 18866, 15618, 16633, 5289, 7135, 93198, 15489, 97948, 106101]"
113472,"[8652, 53972, 89289, 42874, 97744, 25432, 47991, 28087, 34596, 96508]"
113473,"[45835, 27120, 24138, 50703, 67537, 54839, 14649, 76686, 86687, 21267]"
113474,"[57671, 63311, 100533, 17250, 104871, 69669, 42166, 24347, 60650, 60974]"
113475,"[71015, 71174, 66125, 106709, 6362, 104976, 99319, 73704, 9875, 6543]"
113476,"[89663, 35806, 12474, 60903, 100828, 24136, 52339, 17668, 94789, 96916]"
113477,"[65243, 16514, 52150, 30317, 29134, 45821, 54123, 65729, 55345, 86618]"
113478,"[89984, 100449, 4666, 91913, 59594, 73159, 92880, 20461, 104333, 27728]"
113479,"[66478, 26081, 11678, 90385, 46290, 2472, 89848, 9344, 92629, 53793]"
113480,"[85497, 97819, 71232, 20861, 43079, 82013, 64349, 95242, 75914, 19189]"
113481,"[76556, 15566, 47957, 5530, 28900, 803, 35619, 39977, 39182, 69232]"
113482,"[44236, 90022, 85064, 34300, 64343, 67437, 32777, 80616, 21591, 34511]"
113483,"[62784, 98711, 34975, 22876, 95938, 99564, 97334, 24984, 108062, 73263]"
113484,"[86357, 735, 49942, 465, 109344, 68563, 107074, 8278, 28190, 107128]"
113485,"[30224, 60683, 5830, 73151, 75081, 78937, 109231, 51520, 30196, 96480]"
113486,"[70133, 46947, 90985, 9438, 35543, 53350, 22439, 50689, 57737, 92044]"
113487,"[76665, 22570, 34882, 62403, 62223, 24682, 94473, 64918, 99250, 68050]"
113488,"[52793, 18678, 54114, 5422, 9376, 9630, 55558, 99019, 59906, 69519]"
113489,"[90202, 11209, 104533, 20730, 84366, 100784, 100126, 32443, 44007, 85002]"
113490,"[11482, 31953, 48765, 108126, 99473, 79428, 102323, 108812, 42728, 46787]"
113491,"[50741, 101033, 71013, 41337, 31557, 20265, 52360, 22076, 93860, 55181]"
113492,"[4539, 91600, 95533, 80963, 94770, 2739, 40451, 98075, 75677, 29274]"
113493,"[102845, 103034, 86731, 67689, 27810, 82899, 81848, 86234, 43831, 73267]"
113494,"[46158, 98928, 46701, 62913, 41517, 66345, 66563, 340, 72892, 56021]"
113495,"[20183, 27848, 106367, 102125, 107729, 104647, 75158, 16702, 3197, 109088]"
113496,"[54446, 29649, 48825, 109566, 39026, 38511, 77715, 103307, 13404, 30171]"
113497,"[28941, 23625, 88635, 18967, 95863, 21237, 36361, 20450, 66932, 100908]"
113498,"[22574, 58269, 20708, 107360, 17597, 107008, 96484, 102693, 65167, 32286]"
113499,"[28556, 82047, 16523, 51462, 77899, 7341, 87252, 46577, 94170, 97307]"
113500,"[22200, 72503, 4368, 9899, 78872, 718, 83332, 15469, 32195, 16236]"
113501,"[61558, 76461, 98907, 80028, 35493, 7598, 6099, 84636, 104513, 62629]"
113502,"[28799, 20473, 4487, 100419, 63456, 99990, 101112, 66507, 90762, 48828]"
113503,"[53483, 42777, 33197, 4811, 100477, 38629, 91374, 17850, 10611, 8662]"
113504,"[105072, 89058, 68985, 96697, 61834, 18128, 11716, 64249, 85894, 56017]"
113505,"[41228, 1327, 74112, 40549, 87551, 31782, 91690, 65758, 98961, 24099]"
113506,"[58346, 54716, 11463, 15372, 83691, 59283, 96152, 88845, 68659, 102273]"
113507,"[50874, 25343, 68498, 514, 30495, 56430, 52857, 70557, 86109, 11305]"
113508,"[22153, 64003, 62142, 109489, 49804, 2447, 23593, 70071, 37774, 11361]"
113509,"[103895, 41733, 63111, 57112, 78099, 73528, 4637, 70846, 83644, 2291]"
113510,"[88099, 23195, 108335, 6918, 105468, 73778, 73589, 41590, 72177, 52847]"
113511,"[6261, 68495, 6846, 57518, 39371, 15830, 72449, 55185, 47431, 94461]"
113512,"[6327, 79486, 4806, 95221, 57042, 97748, 16491, 90946, 33911, 22450]"
113513,"[55310, 6191, 83387, 58044, 4283, 64629, 41507, 83146, 21481, 74997]"
113514,"[66573, 102852, 10950, 48432, 49209, 105293, 77692, 29305, 79389, 92720]"
113515,"[44501, 32512, 36484, 61750, 22997, 62053, 11126, 70353, 54862, 11657]"
113516,"[32346, 35515, 18735, 50792, 70558, 33076, 38549, 78113, 31061, 106793]"
113517,"[71069, 2691, 24462, 61159, 100687, 10297, 48002, 30117, 54533, 8884]"
113518,"[66833, 62336, 17783, 95321, 31515, 21066, 55135, 100801, 67011, 56541]"
113519,"[36431, 61330, 97189, 48823, 27596, 108826, 65195, 13644, 71232, 38200]"
113520,"[52173, 97753, 108831, 66762, 97456, 41606, 19185, 27713, 81264, 63029]"
113521,"[92975, 16686, 52112, 45989, 97024, 40974, 101043, 49058, 50522, 96099]"
113522,"[20778, 29997, 87250, 85352, 84320, 53466, 23192, 64798, 37241, 97097]"
113523,"[40718, 69961, 27630, 52679, 109008, 91331, 45524, 27406, 5112, 37782]"
113524,"[34832, 44287, 82536, 65530, 95846, 94262, 9657, 63621, 81169, 50200]"
113525,"[83458, 34921, 55468, 83816, 48629, 107780, 47960, 101303, 55379, 107812]"
113526,"[49961, 42514, 66680, 101155, 12557, 53233, 81095, 37702, 30584, 59184]"
113527,"[68039, 629, 52884, 34846, 85031, 4740, 45900, 87695, 33498, 50546]"
113528,"[104804, 74804, 99035, 2059, 96043, 57429, 77614, 33263, 10971, 54340]"
113529,"[32497, 42429, 19842, 52321, 104737, 69746, 26736, 80282, 25782, 81086]"
113530,"[101137, 82420, 72689, 78525, 62751, 80989, 2351, 72101, 11778, 43725]"
113531,"[43563, 34002, 83375, 23883, 93360, 6169, 9546, 22635, 87225, 65015]"
113532,"[33992, 90382, 103003, 69092, 61810, 55902, 16079, 97650, 81322, 100852]"
113533,"[88461, 91152, 64576, 58630, 61217, 81026, 83042, 43515, 52514, 88173]"
113534,"[106220, 92975, 72637, 96099, 63538, 86717, 16627, 81645, 98272, 34276]"
113535,"[108098, 96233, 1529, 86443, 106506, 35228, 43371, 20742, 34615, 51320]"
113536,"[25473, 66612, 24265, 77313, 52198, 14326, 21209, 58066, 95299, 71165]"
113537,"[69260, 76713, 1980, 70324, 89476, 42378, 91927, 61357, 59149, 2779]"
113538,"[55736, 98939, 36242, 10928, 18822, 68798, 104526, 68306, 97757, 59124]"
113539,"[26532, 67224, 70841, 4178, 33402, 15528, 47061, 62920, 15694, 29464]"
113540,"[21443, 96753, 104912, 105757, 31631, 81728, 83810, 35327, 103545, 12118]"
113541,"[101220, 101273, 27554, 79580, 26271, 40900, 48189, 57038, 86926, 6479]"
113542,"[107373, 96774, 49917, 18435, 101079, 69853, 13596, 56710, 83804, 2854]"
113543,"[8279, 35897, 53918, 58264, 64921, 6438, 3194, 17067, 59939, 92258]"
113544,"[24229, 59572, 97318, 64549, 31673, 40152, 99287, 22903, 46022, 54116]"
113545,"[79417, 45516, 42404, 241, 14739, 21902, 34291, 39476, 53061, 80042]"
113546,"[60073, 39070, 84531, 10506, 91861, 25900, 50440, 32302, 9349, 48915]"
113547,"[4281, 52451, 89884, 95545, 95482, 64005, 91242, 70238, 61293, 67089]"
113548,"[3117, 43357, 712, 106097, 46485, 12370, 65027, 82756, 98590, 10214]"
113549,"[19089, 99502, 81413, 6200, 9767, 52763, 11264, 33098, 107150, 70194]"
113550,"[71591, 37262, 98961, 20119, 23750, 73638, 106767, 5088, 23881, 39198]"
113551,"[106932, 97696, 51722, 92578, 91298, 56902, 109, 91185, 86604, 10757]"
113552,"[42613, 94990, 101102, 74978, 21937, 40394, 9922, 105364, 20179, 36119]"
113553,"[31723, 82104, 8503, 69794, 39166, 65844, 61907, 25884, 100391, 69747]"
113554,"[96886, 89455, 93214, 47792, 45995, 68280, 18516, 66150, 3209, 20220]"
113555,"[85525, 8140, 29670, 52331, 95003, 78713, 46320, 35059, 30264, 85188]"
113556,"[81910, 102806, 12255, 17834, 105975, 40274, 38367, 80281, 97712, 80677]"
113557,"[89600, 43603, 70076, 73571, 104156, 40707, 51961, 46296, 66869, 33413]"
113558,"[51068, 76849, 49094, 53565, 92021, 62110, 44933, 7568, 25594, 94170]"
113559,"[101141, 7993, 68080, 62382, 24546, 96235, 67198, 40071, 4015, 52614]"
113560,"[14788, 46008, 12267, 57276, 92089, 23716, 16180, 80400, 1351, 49099]"
113561,"[101697, 53054, 83034, 68162, 80362, 26317, 14263, 87921, 17553, 92495]"
113562,"[27118, 80939, 28829, 79895, 108264, 32716, 88602, 21416, 46403, 24544]"
113563,"[92675, 63957, 32978, 56383, 46774, 43719, 80439, 89361, 65436, 83016]"
113564,"[11685, 48251, 48067, 49669, 10549, 42241, 29363, 50561, 42231, 5732]"
113565,"[87182, 7335, 43412, 105246, 52292, 16895, 107265, 89969, 20197, 56239]"
113566,"[19569, 88207, 7798, 46603, 17322, 71795, 64320, 64445, 6849, 63993]"
113567,"[75464, 21015, 87916, 22024, 83845, 67933, 48748, 9538, 76425, 86258]"
113568,"[53301, 56543, 95720, 30240, 70406, 98578, 57268, 68309, 72203, 36558]"
113569,"[52173, 81615, 106532, 29036, 103625, 96173, 89655, 66292, 103099, 19185]"
113570,"[10339, 17885, 106959, 73557, 24174, 46847, 90531, 60829, 62643, 4050]"
113571,"[16863, 68918, 36124, 89489, 85166, 71675, 58723, 67656, 55876, 108764]"
113572,"[97986, 837, 10378, 85221, 75604, 9111, 11650, 79329, 56634, 50492]"
113573,"[8647, 37687, 36608, 22599, 28727, 29381, 50311, 31795, 84581, 18765]"
113574,"[97820, 52775, 197, 74111, 32140, 20749, 36702, 48015, 46176, 41813]"
113575,"[86319, 97082, 86125, 43915, 76149, 36216, 85558, 93186, 91745, 70913]"
113576,"[107389, 98652, 28918, 32681, 17186, 34705, 41078, 15091, 87377, 65272]"
113577,"[17006, 36896, 10367, 90633, 8821, 54793, 26880, 38522, 64459, 74817]"
113578,"[43954, 49077, 19759, 47891, 92892, 41183, 74266, 68922, 87345, 84535]"
113579,"[106336, 55138, 93277, 5436, 9921, 7601, 36731, 59075, 92239, 84238]"
113580,"[26452, 96700, 69110, 37775, 11207, 62645, 66924, 17756, 95153, 6380]"
113581,"[101141, 87423, 85845, 94328, 1550, 100967, 34158, 76354, 86186, 40071]"
113582,"[56013, 38109, 14705, 60521, 67579, 22098, 22995, 55400, 51066, 58382]"
113583,"[108675, 70869, 50886, 107517, 12123, 74002, 29980, 12176, 2620, 53922]"
113584,"[83969, 77783, 11764, 101649, 73584, 59405, 27435, 38884, 104570, 58933]"
113585,"[76753, 81933, 74678, 8627, 11508, 58952, 27769, 108365, 92814, 50698]"
113586,"[2711, 11453, 57387, 100975, 57242, 32798, 101920, 84072, 84713, 29294]"
113587,"[3405, 41990, 65171, 8926, 19431, 93833, 26722, 28364, 10141, 663]"
113588,"[41219, 20889, 21695, 32470, 64097, 98484, 64357, 84614, 44053, 88398]"
113589,"[29204, 91343, 73404, 49419, 81402, 5785, 76832, 46857, 19572, 64509]"
113590,"[80205, 98564, 82823, 17303, 46087, 78017, 4736, 55841, 102735, 28968]"
113591,"[60304, 64592, 46022, 75373, 89415, 76214, 45236, 47499, 77380, 47836]"
113592,"[31787, 109462, 49700, 66975, 83373, 62082, 84140, 18349, 107058, 49864]"
113593,"[18087, 92207, 48423, 68854, 84340, 1693, 1379, 29872, 89781, 35805]"
113594,"[79779, 77821, 25199, 41021, 3672, 83095, 30733, 99937, 11686, 25533]"
113595,"[28787, 61858, 7178, 72896, 16145, 34221, 38537, 24645, 91038, 78202]"
113596,"[94192, 54229, 49418, 83654, 50246, 7311, 407, 46426, 109006, 86043]"
113597,"[41780, 37361, 32797, 108983, 75322, 78910, 55742, 68675, 94509, 21563]"
113598,"[61996, 106537, 71762, 109201, 64059, 67297, 26472, 109728, 32564, 105202]"
113599,"[76983, 91256, 109068, 1043, 105639, 7709, 21201, 74452, 70820, 20221]"
113600,"[37802, 39137, 60990, 61011, 62002, 16929, 41125, 44098, 48117, 78166]"
113601,"[107464, 30062, 26616, 88839, 104899, 37924, 3959, 87513, 61942, 52260]"
113602,"[36229, 49775, 66064, 30747, 53142, 97865, 87289, 102390, 65537, 97443]"
113603,"[13790, 25803, 104565, 737, 42798, 60051, 99071, 41267, 88557, 23946]"
113604,"[80240, 42180, 51665, 32197, 91900, 4072, 50313, 10236, 58426, 7333]"
113605,"[75681, 47291, 65084, 3308, 41223, 39229, 93762, 56604, 92072, 109366]"
113606,"[81476, 53949, 28739, 100943, 97772, 91462, 96546, 30301, 94343, 39053]"
113607,"[85195, 102819, 52770, 40040, 80159, 39274, 50927, 46597, 73888, 88270]"
113608,"[96656, 95017, 65546, 69888, 2586, 17115, 36125, 15136, 52601, 76555]"
113609,"[66486, 76287, 16744, 88977, 45853, 34931, 76333, 38677, 33622, 57598]"
113610,"[61254, 19800, 65414, 11656, 84759, 104145, 94830, 65272, 40009, 63754]"
113611,"[35984, 89059, 43442, 30070, 94766, 71604, 41674, 106258, 90646, 16892]"
113612,"[50789, 14765, 52958, 77860, 61647, 9675, 51743, 78121, 67440, 21256]"
113613,"[30565, 90065, 15338, 46438, 78449, 91467, 23346, 34403, 10811, 105070]"
113614,"[72682, 99062, 78744, 27790, 64061, 91888, 84217, 105705, 32894, 20772]"
113615,"[90992, 58975, 49824, 32460, 68623, 5120, 56757, 101474, 28097, 12047]"
113616,"[20671, 9939, 72456, 79054, 13956, 109076, 26010, 51343, 75595, 106394]"
113617,"[90969, 26249, 26184, 15984, 89747, 107986, 85217, 38913, 88905, 98854]"
113618,"[89184, 10518, 109330, 52468, 20697, 93627, 16759, 74679, 35523, 31097]"
113619,"[5047, 38035, 31487, 62922, 66465, 42250, 80521, 27156, 2195, 98471]"
113620,"[5536, 75364, 95970, 61899, 35654, 33050, 33604, 81182, 97394, 7789]"
113621,"[31821, 75660, 34377, 57660, 56602, 105998, 92746, 108156, 98642, 108441]"
113622,"[52964, 82986, 41816, 61719, 107997, 8463, 104498, 37380, 77199, 80903]"
113623,"[24302, 4193, 76200, 103544, 1140, 42026, 94441, 36137, 88802, 62710]"
113624,"[78704, 94084, 72143, 32891, 106575, 45045, 104068, 68377, 17062, 22050]"
113625,"[88191, 94714, 44656, 90960, 63814, 13688, 17627, 109719, 86096, 14750]"
113626,"[74576, 98680, 24545, 104296, 75173, 11077, 30114, 76782, 46155, 94385]"
113627,"[25630, 97112, 85691, 1364, 79500, 93007, 17153, 55457, 81609, 67684]"
113628,"[38165, 62378, 85030, 50084, 73132, 84783, 26875, 8242, 73133, 95716]"
113629,"[74041, 37381, 94590, 20793, 102286, 65240, 5008, 40691, 77847, 49359]"
113630,"[87607, 41009, 79155, 40312, 30086, 30227, 13101, 61803, 22803, 109149]"
113631,"[9822, 79669, 43313, 37204, 64146, 26036, 86491, 108007, 86376, 9600]"
113632,"[11630, 18150, 50978, 73339, 103623, 77567, 52914, 38316, 105833, 79920]"
113633,"[106063, 13463, 13740, 56493, 13994, 26564, 56441, 97638, 43448, 6926]"
113634,"[39600, 87415, 19703, 28211, 41343, 30603, 28761, 72805, 32994, 65584]"
113635,"[26635, 93276, 2094, 45993, 18239, 89483, 798, 52010, 26655, 95459]"
113636,"[70899, 12442, 83904, 44325, 32749, 5591, 107952, 37295, 1255, 100117]"
113637,"[40743, 67795, 64141, 37561, 90490, 8895, 94769, 10311, 64113, 66889]"
113638,"[82624, 54794, 101615, 106139, 88921, 59839, 50852, 48739, 20533, 40247]"
113639,"[35554, 50337, 59491, 94486, 34697, 23678, 101756, 74457, 24611, 52117]"
113640,"[30534, 47797, 34698, 60907, 86242, 58922, 54798, 52913, 7008, 59200]"
113641,"[25311, 7734, 78206, 89239, 8050, 68386, 40272, 24267, 35528, 14805]"
113642,"[59528, 25500, 8148, 108166, 52118, 24463, 94853, 76831, 46384, 46104]"
113643,"[1921, 54096, 74760, 53926, 46232, 47459, 47860, 74079, 26122, 90670]"
113644,"[73453, 62432, 65320, 29813, 96211, 29656, 67681, 23754, 29927, 99778]"
113645,"[16168, 61571, 43595, 37859, 83730, 14028, 82273, 26956, 97100, 68880]"
113646,"[73717, 45544, 83442, 46165, 50474, 83711, 54621, 80528, 93336, 53756]"
113647,"[9625, 9284, 50827, 65571, 19624, 20509, 34517, 7138, 78417, 23420]"
113648,"[18187, 87969, 28033, 36153, 8597, 100859, 71503, 59258, 69028, 47747]"
113649,"[16782, 94519, 23092, 19108, 53987, 9494, 12638, 2926, 73352, 8546]"
113650,"[26292, 4110, 42676, 75745, 14945, 106876, 58585, 66092, 96404, 4416]"
113651,"[33625, 103602, 58267, 33607, 69298, 101227, 53160, 29889, 88066, 91486]"
113652,"[93820, 68926, 56803, 29654, 18602, 57350, 31770, 15356, 83750, 23101]"
113653,"[24217, 30556, 59637, 35915, 264, 3754, 55198, 85856, 105842, 38300]"
113654,"[45964, 56993, 98004, 103768, 60892, 57548, 27900, 32670, 96016, 2982]"
113655,"[68919, 2428, 106762, 48886, 9444, 71759, 94339, 63552, 104483, 10294]"
113656,"[104088, 35230, 97381, 82781, 106735, 49723, 6002, 21139, 7841, 63286]"
113657,"[97471, 29230, 20160, 85456, 23662, 401, 81808, 105218, 8093, 47133]"
113658,"[95468, 10409, 70102, 105551, 40738, 22807, 28673, 50005, 18062, 89322]"
113659,"[3368, 102944, 91976, 41947, 28970, 49682, 36260, 102550, 58133, 62389]"
113660,"[30589, 89940, 87206, 10942, 24963, 54545, 44967, 77276, 91868, 85376]"
113661,"[81473, 39188, 43558, 3671, 57724, 25991, 60100, 74972, 24556, 29825]"
113662,"[71579, 23355, 22022, 5716, 42257, 107000, 529, 69114, 43495, 100463]"
113663,"[91501, 12456, 70110, 34424, 6442, 1981, 48553, 40611, 41673, 105174]"
113664,"[88292, 9720, 46709, 51447, 33031, 65565, 47624, 101644, 15179, 85799]"
113665,"[18099, 11212, 76479, 39552, 52341, 74061, 34938, 30392, 10172, 6676]"
113666,"[36357, 18542, 30940, 59987, 15908, 101762, 58347, 68561, 27974, 85832]"
113667,"[93031, 86387, 18225, 104559, 107330, 41814, 73591, 35861, 72594, 98370]"
113668,"[47873, 55595, 85121, 8294, 85959, 93806, 75252, 83557, 26680, 11291]"
113669,"[64547, 33216, 67111, 13516, 25112, 93509, 15418, 58058, 63818, 28996]"
113670,"[78871, 77345, 97586, 88205, 38863, 100723, 78469, 102538, 107157, 50162]"
113671,"[49286, 5526, 79465, 13, 27802, 14661, 82277, 13037, 103891, 53594]"
113672,"[53345, 31139, 9907, 38307, 64159, 87693, 51666, 92356, 2255, 6]"
113673,"[44876, 58224, 20339, 19856, 80975, 6644, 2542, 12662, 45883, 7190]"
113674,"[34740, 55480, 90352, 51258, 9084, 90051, 87363, 35184, 83107, 1005]"
113675,"[95173, 27455, 3912, 47731, 71041, 63326, 42838, 95438, 6241, 49528]"
113676,"[103918, 44176, 22323, 109321, 38208, 37235, 8527, 14504, 37225, 6453]"
113677,"[15914, 22207, 32115, 9773, 3241, 91969, 31306, 42777, 53483, 790]"
113678,"[19535, 75843, 39129, 61031, 107234, 105252, 72549, 22953, 106674, 82601]"
113679,"[2226, 3111, 54623, 33620, 71571, 60020, 35371, 43762, 84545, 19655]"
113680,"[31589, 14054, 8406, 47592, 40699, 82080, 26718, 91197, 105515, 13114]"
113681,"[99764, 87936, 74307, 41528, 55718, 4895, 78132, 56983, 64197, 46054]"
113682,"[57264, 106017, 74046, 527, 75819, 82171, 82837, 30078, 16016, 52509]"
113683,"[13561, 66012, 56385, 89297, 84336, 35097, 88034, 11216, 60609, 73487]"
113684,"[63619, 103798, 52727, 555, 10072, 14440, 95419, 49016, 64625, 82173]"
113685,"[16839, 96935, 29116, 64489, 18996, 86, 32084, 39554, 77304, 9283]"
113686,"[21184, 29942, 54203, 16053, 100708, 39508, 84212, 78867, 92235, 10758]"
113687,"[102949, 37405, 78210, 92897, 83257, 86026, 39999, 68217, 91439, 35774]"
113688,"[80255, 39440, 42029, 99553, 90397, 103874, 2559, 97125, 48206, 109582]"
113689,"[67954, 61169, 77731, 77964, 49169, 67059, 27838, 46567, 84785, 93020]"
113690,"[109484, 19131, 24803, 22695, 43967, 90127, 89816, 22662, 25931, 92651]"
113691,"[100172, 53962, 84530, 97429, 44915, 1995, 36393, 37468, 2516, 9770]"
113692,"[72682, 22735, 46586, 65820, 28988, 20772, 8609, 62516, 99062, 91888]"
113693,"[16635, 81671, 102157, 70504, 53290, 50735, 94863, 29135, 19479, 5010]"
113694,"[78605, 83432, 215, 3357, 85995, 54958, 90026, 60260, 93752, 14670]"
113695,"[30255, 30287, 102755, 92624, 76798, 85331, 56507, 7059, 106444, 89581]"
113696,"[58519, 53986, 103952, 55994, 95596, 98135, 9129, 36904, 46911, 22075]"
113697,"[15173, 76983, 59906, 99019, 56220, 88345, 22846, 16206, 2138, 56121]"
113698,"[54742, 105121, 56798, 1008, 38072, 92606, 103331, 106116, 47515, 61096]"
113699,"[76035, 43291, 60800, 33806, 13760, 89922, 88252, 50062, 85018, 97388]"
113700,"[103967, 56877, 90176, 84662, 94312, 57406, 11253, 40223, 38460, 19011]"
113701,"[48669, 106221, 32879, 67414, 87206, 21548, 40826, 1911, 18040, 44425]"
113702,"[53541, 72498, 78366, 105960, 4715, 62404, 51551, 101730, 47273, 20114]"
113703,"[4296, 49167, 44316, 46585, 55372, 42480, 6127, 64735, 101803, 54175]"
113704,"[18899, 77398, 34367, 58211, 107958, 21888, 58317, 36968, 28368, 70039]"
113705,"[59927, 85868, 37254, 35041, 31218, 59880, 5618, 46148, 55321, 11059]"
113706,"[35153, 81252, 37983, 50565, 86103, 96724, 8577, 75284, 90479, 77270]"
113707,"[62817, 18251, 30895, 47773, 52085, 75594, 69422, 10338, 37590, 55577]"
113708,"[78296, 94171, 57820, 49977, 78348, 93658, 101257, 40615, 24573, 19341]"
113709,"[65899, 80873, 86767, 23169, 7167, 73829, 4926, 97285, 5898, 4497]"
113710,"[61473, 29741, 38206, 29408, 72059, 56004, 80345, 3938, 50893, 101378]"
113711,"[22796, 59216, 108281, 37333, 92236, 101908, 87213, 52860, 12359, 46423]"
113712,"[54891, 69239, 39512, 91080, 105220, 32784, 57848, 70087, 94235, 80121]"
113713,"[56002, 27033, 91157, 91684, 13693, 17444, 3605, 104255, 109418, 55999]"
113714,"[67698, 81530, 101921, 11474, 77986, 36966, 37135, 64113, 83404, 179]"
113715,"[9163, 85574, 28363, 33850, 79093, 47771, 87523, 107577, 70640, 100286]"
113716,"[44369, 105199, 33826, 17727, 58036, 92548, 69556, 76543, 64062, 53133]"
113717,"[11615, 5530, 20465, 36905, 12417, 105686, 51697, 21412, 61742, 42830]"
113718,"[104450, 81557, 37570, 6982, 36349, 41749, 84501, 107806, 55879, 102311]"
113719,"[20141, 54294, 65132, 51328, 3971, 14427, 45869, 22432, 45460, 17642]"
113720,"[73192, 68082, 80081, 85583, 7226, 50736, 9801, 73354, 21013, 47125]"
113721,"[10566, 46134, 40756, 59800, 9529, 104326, 701, 29245, 78482, 8033]"
113722,"[106727, 71948, 66972, 63718, 10963, 32848, 78394, 54339, 9140, 78987]"
113723,"[84955, 90324, 77850, 37552, 32051, 5277, 101418, 72322, 103194, 27849]"
113724,"[21088, 23857, 105922, 51959, 81881, 94361, 63141, 9857, 100713, 86982]"
113725,"[47350, 35241, 56088, 87202, 91162, 103838, 16651, 79185, 83734, 65798]"
113726,"[42435, 46288, 72244, 105041, 51202, 90524, 33524, 82084, 61833, 80228]"
113727,"[11420, 18401, 12147, 12407, 52356, 54292, 21975, 73038, 85543, 99829]"
113728,"[69382, 86835, 62519, 44815, 91851, 25073, 21560, 16065, 66087, 92658]"
113729,"[75303, 109410, 96075, 20360, 105780, 66032, 62265, 64094, 47721, 51899]"
113730,"[29470, 32864, 14079, 56289, 40416, 79385, 591, 61103, 82308, 31503]"
113731,"[11249, 88896, 63286, 12695, 97067, 35469, 29263, 61298, 10281, 349]"
113732,"[66970, 61672, 74169, 43272, 11102, 95151, 42848, 71248, 77211, 7523]"
113733,"[8666, 16262, 108743, 7425, 63339, 98863, 31651, 84277, 41530, 73628]"
113734,"[88591, 43282, 27477, 69854, 76277, 91476, 69094, 63302, 47371, 28535]"
113735,"[27231, 57807, 78633, 93889, 67287, 87757, 28917, 76986, 34513, 735]"
113736,"[94015, 98904, 102667, 47521, 24358, 39918, 20446, 18882, 11824, 14480]"
113737,"[35346, 22996, 78294, 36080, 65311, 35468, 89030, 27485, 17176, 85837]"
113738,"[70502, 7322, 99187, 16591, 56658, 27436, 28407, 108431, 32773, 4045]"
113739,"[86320, 62430, 101053, 93986, 61068, 80967, 59549, 347, 91082, 19310]"
113740,"[55810, 97108, 20244, 43103, 99504, 15211, 108891, 55693, 48540, 39669]"
113741,"[77921, 44973, 52664, 41835, 98849, 66356, 95755, 73132, 49942, 465]"
113742,"[11411, 76739, 99997, 25129, 85796, 44500, 87178, 47493, 81810, 88812]"
113743,"[97575, 1185, 109526, 69409, 2573, 21144, 6964, 59589, 31109, 54324]"
113744,"[89873, 26554, 82165, 97547, 99782, 83108, 47409, 90318, 33523, 88072]"
113745,"[19215, 2639, 57361, 7497, 69796, 13036, 2512, 107678, 32931, 1090]"
113746,"[71818, 92630, 89646, 4582, 13578, 99621, 73821, 16373, 43544, 27351]"
113747,"[108977, 27050, 100796, 3574, 43163, 84920, 24442, 13134, 67853, 83551]"
113748,"[19522, 105419, 35801, 18805, 10215, 47419, 19005, 78828, 92016, 53204]"
113749,"[109480, 29742, 106013, 739, 88869, 100974, 41765, 4204, 98293, 33743]"
113750,"[48804, 98527, 90195, 107093, 74758, 58227, 39186, 16881, 104414, 40621]"
113751,"[6175, 92486, 6486, 59687, 54318, 71215, 19587, 58349, 44231, 9523]"
113752,"[25711, 50550, 17924, 48568, 56185, 47663, 19245, 106093, 76500, 72792]"
113753,"[65932, 40905, 87196, 62116, 74222, 31103, 30958, 95929, 30558, 105805]"
113754,"[46788, 47905, 70277, 72540, 86292, 69772, 27321, 77972, 37693, 70560]"
113755,"[36275, 96134, 78892, 34998, 49784, 44502, 47829, 74739, 28736, 67010]"
113756,"[40186, 106569, 91756, 7345, 20621, 77267, 61353, 78779, 78226, 108032]"
113757,"[62492, 52564, 623, 107314, 31348, 57213, 42870, 89066, 7263, 78056]"
113758,"[90203, 36101, 53197, 75411, 84552, 28266, 94710, 76215, 86722, 77323]"
113759,"[90439, 105738, 93105, 20059, 21734, 54625, 90316, 42232, 70847, 17079]"
113760,"[108020, 69650, 1053, 5484, 10551, 25608, 74937, 98995, 6191, 86316]"
113761,"[100625, 93182, 85572, 59548, 28864, 84293, 10449, 30677, 105180, 96812]"
113762,"[20058, 101145, 90010, 102464, 87477, 24331, 92023, 62123, 47348, 15877]"
113763,"[5259, 55071, 34496, 77845, 96399, 108990, 9704, 93659, 58314, 28974]"
113764,"[26284, 58554, 56476, 92999, 64920, 58124, 50116, 104969, 46070, 64971]"
113765,"[60397, 106216, 93563, 103687, 75735, 20695, 64568, 38309, 65055, 52642]"
113766,"[19147, 61795, 52165, 21966, 97617, 7173, 6668, 66885, 53034, 9991]"
113767,"[93229, 59754, 86815, 49924, 1025, 61080, 36454, 94305, 17429, 50298]"
113768,"[19973, 8499, 37667, 90673, 6472, 90007, 102036, 51449, 21113, 33687]"
113769,"[34563, 100570, 99670, 40057, 107638, 21315, 76638, 75982, 22357, 46719]"
113770,"[84375, 88190, 73887, 108967, 78074, 78434, 89773, 14284, 18, 107826]"
113771,"[47010, 36874, 78148, 79409, 10801, 86831, 27929, 37873, 81337, 26100]"
113772,"[107495, 6887, 35441, 62362, 34329, 104337, 68862, 98362, 55026, 71765]"
113773,"[83589, 2519, 104233, 45017, 90035, 96030, 7419, 90464, 7102, 42342]"
113774,"[15686, 71012, 22844, 68191, 102166, 6140, 31922, 19952, 104491, 48113]"
113775,"[49689, 3361, 86582, 27209, 10684, 48657, 90168, 101113, 40647, 50424]"
113776,"[95568, 51796, 91163, 33458, 106214, 21470, 34851, 36973, 80778, 41209]"
113777,"[20478, 74349, 52639, 85165, 27016, 11227, 43458, 3516, 109477, 53695]"
113778,"[77814, 100042, 11060, 47546, 20934, 85374, 69248, 19276, 76813, 97666]"
113779,"[37799, 66565, 85338, 39039, 51268, 43267, 109660, 97618, 4586, 15277]"
113780,"[94938, 97238, 42320, 99829, 21004, 18321, 95460, 35853, 64612, 57785]"
113781,"[9095, 105026, 95920, 56850, 53734, 104517, 50213, 62989, 15828, 56816]"
113782,"[17902, 42712, 87681, 38151, 90142, 70860, 103129, 66425, 97071, 27640]"
113783,"[33248, 106648, 60022, 87335, 103854, 74722, 103702, 94031, 69093, 64934]"
113784,"[102275, 55168, 63062, 16587, 9367, 93083, 7289, 86945, 32289, 84294]"
113785,"[38028, 32810, 37607, 26783, 28837, 91556, 71558, 47824, 106670, 95922]"
113786,"[23669, 104449, 36544, 79713, 423, 79359, 102632, 8757, 104153, 76601]"
113787,"[54169, 84822, 16212, 84673, 70693, 80716, 107048, 89703, 11430, 68986]"
113788,"[31342, 86505, 39726, 73455, 81899, 64507, 77771, 42934, 87975, 85047]"
113789,"[32350, 55785, 54342, 58216, 70679, 41065, 38610, 105250, 37932, 31894]"
113790,"[30727, 61334, 46125, 82884, 98685, 38132, 68196, 98356, 101431, 61245]"
113791,"[42845, 9638, 49713, 99924, 14961, 90082, 5508, 83099, 91425, 74270]"
113792,"[63446, 102187, 35400, 3677, 33316, 12820, 794, 14754, 5082, 5838]"
113793,"[2298, 3572, 78867, 93546, 93819, 43648, 46468, 8241, 28, 19736]"
113794,"[106556, 77566, 18146, 91452, 5959, 9561, 10809, 97295, 39689, 107091]"
113795,"[100626, 76282, 23024, 68650, 70224, 92588, 106112, 89220, 63486, 10823]"
113796,"[68181, 56526, 41500, 105096, 13075, 37816, 815, 99928, 84113, 35997]"
113797,"[16998, 17241, 95544, 74746, 19222, 92243, 76948, 43826, 107267, 52691]"
113798,"[48990, 561, 88861, 102333, 100153, 103040, 83614, 15186, 32713, 13855]"
113799,"[58903, 66888, 57357, 84180, 45218, 44645, 12088, 13472, 15897, 101714]"
113800,"[104436, 54009, 39150, 48033, 94233, 81383, 26192, 93037, 34628, 60096]"
113801,"[71, 101985, 48857, 62857, 16860, 62227, 90191, 26952, 59781, 85504]"
113802,"[52037, 47775, 13216, 105082, 12777, 20770, 11066, 16670, 15927, 80703]"
113803,"[7825, 79044, 78298, 11697, 104816, 6157, 27595, 105396, 44298, 69007]"
113804,"[86805, 108730, 18362, 108502, 80801, 97603, 3835, 70364, 93231, 88971]"
113805,"[37267, 40676, 22950, 92418, 44517, 12701, 94383, 17235, 56260, 20149]"
113806,"[99205, 35582, 86402, 88969, 59677, 83145, 59233, 97532, 4870, 17798]"
113807,"[28383, 50227, 78072, 58269, 82036, 70267, 55127, 80034, 22485, 37744]"
113808,"[7053, 19546, 93809, 107301, 23385, 23802, 77890, 252, 92185, 67541]"
113809,"[101089, 9459, 99595, 64011, 32184, 25800, 46493, 109100, 29513, 54869]"
113810,"[73405, 105037, 102985, 87021, 101843, 98106, 41098, 54534, 23039, 84116]"
113811,"[108453, 13278, 82819, 37986, 58527, 98371, 11991, 43521, 95371, 35939]"
113812,"[38397, 15080, 11265, 104134, 10422, 59017, 23601, 33081, 23145, 99576]"
113813,"[105313, 100278, 53693, 86036, 36980, 17129, 35636, 107123, 90880, 17510]"
113814,"[81565, 88744, 68811, 28248, 43531, 100627, 6339, 17168, 2289, 37161]"
113815,"[13264, 105864, 57319, 42634, 17843, 103215, 79192, 82896, 23318, 70821]"
113816,"[63328, 72543, 49181, 13393, 78000, 19213, 103549, 30204, 41102, 85945]"
113817,"[38935, 35483, 40002, 73222, 40481, 96837, 28291, 70311, 5647, 2396]"
113818,"[28756, 107183, 31518, 40406, 46689, 99494, 2806, 103234, 104724, 91771]"
113819,"[50620, 41026, 80059, 42842, 28880, 89860, 10406, 98137, 99409, 64806]"
113820,"[39649, 70049, 28120, 49905, 31666, 48485, 46392, 59341, 21483, 12205]"
113821,"[58064, 17708, 41148, 96756, 39887, 40282, 18270, 19828, 59914, 67106]"
113822,"[44539, 47301, 29441, 5854, 39151, 21210, 75189, 108406, 76095, 108510]"
113823,"[40554, 102150, 66914, 21283, 85991, 6924, 39016, 69066, 56638, 33256]"
113824,"[72163, 66943, 87941, 50045, 53966, 50602, 26618, 15535, 9651, 23060]"
113825,"[63617, 102176, 73129, 63167, 5693, 30825, 54244, 95534, 59560, 88526]"
113826,"[84640, 79771, 91803, 55092, 73682, 69812, 107448, 102796, 35337, 53901]"
113827,"[7317, 57215, 87107, 33082, 45051, 61908, 19114, 77907, 56436, 98414]"
113828,"[109758, 96133, 20659, 48156, 15375, 99154, 2832, 12684, 86460, 95024]"
113829,"[90085, 64044, 82747, 106882, 94706, 108041, 90610, 76237, 29222, 14957]"
113830,"[103252, 9184, 5737, 70846, 83644, 36461, 91838, 56447, 23268, 67227]"
113831,"[61307, 700, 74585, 42177, 40257, 73109, 13729, 85710, 9816, 7838]"
113832,"[42889, 48605, 29867, 29368, 29444, 85204, 105474, 86255, 35280, 41914]"
113833,"[103018, 70858, 41369, 27867, 31655, 80054, 29061, 26387, 11192, 64729]"
113834,"[106161, 53590, 37842, 76041, 65093, 29237, 47111, 21317, 96695, 16051]"
113835,"[45914, 83518, 87620, 60452, 88154, 69694, 107704, 45203, 54215, 70335]"
113836,"[55634, 86095, 83934, 40481, 108638, 66865, 39731, 75553, 100000, 35483]"
113837,"[98556, 37400, 107233, 46971, 39913, 76203, 98468, 908, 5143, 23526]"
113838,"[78042, 12404, 101818, 46476, 60226, 48148, 97177, 23427, 85807, 69733]"
113839,"[108148, 10276, 61058, 105598, 11393, 2646, 41341, 34051, 23220, 19013]"
113840,"[107087, 98084, 17430, 102279, 22418, 68838, 44791, 66199, 16253, 57705]"
113841,"[8341, 64712, 3964, 62258, 61114, 20046, 72506, 48800, 82533, 25171]"
113842,"[95924, 24461, 63423, 3289, 14393, 5228, 79828, 9221, 74810, 84308]"
113843,"[52189, 17190, 13011, 88571, 47385, 37008, 68157, 11651, 59588, 34286]"
113844,"[34133, 67397, 66448, 103372, 79593, 35760, 93846, 43370, 42628, 51648]"
113845,"[67550, 27353, 43225, 30064, 16841, 37508, 59092, 43627, 17709, 76352]"
113846,"[88624, 18634, 68276, 105817, 106847, 101677, 101483, 81270, 84242, 13291]"
113847,"[48432, 96290, 12421, 60005, 756, 12547, 78686, 34214, 57003, 44167]"
113848,"[86535, 36534, 81538, 27717, 99702, 17301, 87925, 58017, 6619, 92264]"
113849,"[42383, 38012, 70482, 11488, 26377, 75974, 17805, 22689, 88234, 73678]"
113850,"[17027, 28570, 63088, 74232, 106493, 53857, 99367, 34900, 19662, 89740]"
113851,"[89653, 33170, 59330, 15247, 2587, 103392, 102650, 90269, 28982, 17367]"
113852,"[45508, 19691, 94335, 41681, 70100, 1381, 46448, 85634, 1078, 2630]"
113853,"[50746, 19466, 79852, 63184, 50773, 84561, 33168, 88130, 100692, 10584]"
113854,"[73597, 78147, 6818, 51521, 49651, 63812, 24859, 13705, 80900, 78136]"
113855,"[11536, 32470, 21695, 19180, 3719, 46696, 50652, 8026, 56364, 9917]"
113856,"[16649, 55986, 85478, 35428, 52620, 30006, 8625, 43597, 42521, 49664]"
113857,"[48115, 50010, 42802, 3094, 74775, 69126, 2424, 14086, 33470, 51691]"
113858,"[83550, 92979, 1927, 86241, 23494, 83088, 66510, 20056, 130, 68843]"
113859,"[57461, 66530, 106165, 94775, 81872, 31626, 28448, 109752, 11322, 68500]"
113860,"[63836, 91356, 42074, 58215, 95514, 96277, 12552, 50782, 87988, 89047]"
113861,"[46558, 39302, 45368, 51731, 19436, 105286, 9081, 7560, 21023, 29558]"
113862,"[58220, 91420, 7645, 40050, 77707, 6672, 42443, 77269, 82490, 67951]"
113863,"[34374, 67139, 40150, 75402, 94996, 46215, 58611, 43745, 94937, 37654]"
113864,"[26516, 101159, 21029, 16179, 11635, 25546, 72831, 31629, 36092, 90929]"
113865,"[39415, 23198, 99920, 38834, 55103, 51245, 1623, 46980, 87650, 13010]"
113866,"[9422, 1046, 33877, 105354, 91539, 55216, 23322, 46352, 15478, 75188]"
113867,"[73001, 76276, 44317, 60630, 100823, 24435, 104350, 62985, 69869, 64840]"
113868,"[107671, 51975, 91069, 3050, 5379, 10559, 24514, 27689, 106323, 60944]"
113869,"[18656, 61918, 65255, 99257, 5919, 45063, 57881, 56632, 20421, 25991]"
113870,"[100022, 83116, 38745, 86097, 64650, 95497, 60138, 7053, 7140, 20068]"
113871,"[94213, 98857, 20309, 25796, 26051, 12374, 38217, 108970, 73298, 91457]"
113872,"[105527, 24370, 71870, 100062, 60612, 16190, 64322, 11114, 20535, 104752]"
113873,"[81578, 29370, 88669, 68733, 55807, 50977, 68234, 42027, 45569, 66622]"
113874,"[78865, 93634, 88177, 35462, 75659, 14393, 97135, 108883, 100734, 5228]"
113875,"[77855, 105413, 73816, 96539, 94681, 18105, 39513, 26313, 7780, 61162]"
113876,"[40110, 53115, 30785, 103013, 13620, 11408, 31883, 81078, 72412, 93918]"
113877,"[76707, 45116, 86358, 25982, 5767, 27956, 25668, 59627, 78214, 79328]"
113878,"[90364, 96614, 109133, 85321, 88388, 71168, 18203, 17133, 40201, 81684]"
113879,"[89276, 95549, 10285, 33468, 55413, 21382, 38409, 23893, 43532, 71244]"
113880,"[24580, 60799, 82484, 58591, 76138, 11032, 44281, 70376, 32654, 18972]"
113881,"[52406, 75534, 78810, 61122, 12932, 87094, 92529, 30637, 45372, 10656]"
113882,"[66504, 79582, 9744, 70910, 53118, 24181, 51942, 77695, 21892, 10891]"
113883,"[59204, 78618, 26323, 52387, 85469, 100538, 106612, 59962, 78363, 81537]"
113884,"[16838, 14532, 83872, 55927, 72680, 96306, 48610, 25733, 106338, 98234]"
113885,"[6981, 52174, 95046, 71904, 107771, 25950, 80524, 21682, 3599, 44318]"
113886,"[19997, 105789, 61562, 78640, 20852, 23021, 8345, 32939, 69802, 79497]"
113887,"[7785, 78115, 98796, 40585, 78817, 28093, 57565, 16474, 98126, 16630]"
113888,"[77322, 5204, 4529, 81061, 1468, 24974, 101112, 11695, 22080, 92146]"
113889,"[92848, 29424, 51331, 80437, 3137, 68995, 16956, 81050, 58661, 62685]"
113890,"[24844, 84700, 51691, 39773, 3094, 24770, 38532, 78066, 79608, 5645]"
113891,"[106698, 88083, 82515, 50621, 61718, 86772, 22750, 50653, 34922, 95583]"
113892,"[80867, 1974, 61254, 62128, 4816, 26254, 9914, 81855, 2723, 18184]"
113893,"[66372, 76727, 22235, 62050, 43881, 17198, 74222, 62116, 28697, 43683]"
113894,"[65682, 46889, 65764, 21425, 55936, 71266, 108483, 81298, 81731, 29590]"
113895,"[34016, 2174, 100150, 50556, 46123, 77592, 25474, 85980, 107151, 20906]"
113896,"[25884, 44286, 81075, 61907, 15400, 82302, 4458, 72927, 34559, 9328]"
113897,"[57795, 1590, 22617, 89630, 104948, 2569, 66837, 8118, 81790, 84929]"
113898,"[99340, 58862, 108720, 80304, 78798, 4640, 106425, 65921, 48375, 57578]"
113899,"[13647, 16310, 89876, 77577, 101318, 76484, 28341, 73726, 48144, 567]"
113900,"[54228, 39890, 81521, 109129, 19507, 14310, 61322, 8999, 36429, 83875]"
113901,"[60189, 69591, 58038, 31406, 80618, 76059, 29198, 107570, 36837, 50231]"
113902,"[30776, 44266, 62358, 26587, 102415, 84578, 44677, 64069, 84278, 54684]"
113903,"[20022, 59441, 76943, 93801, 12274, 78065, 35937, 39664, 83714, 50709]"
113904,"[30601, 1775, 99882, 10741, 13637, 4005, 60138, 23458, 1180, 5113]"
113905,"[77842, 46363, 58141, 50775, 87734, 2727, 71517, 4516, 68725, 94216]"
113906,"[67291, 69143, 82236, 52014, 73134, 21816, 42063, 16208, 20880, 36957]"
113907,"[79756, 28823, 20206, 18172, 53696, 84403, 88458, 89770, 51512, 62523]"
113908,"[51552, 93009, 76322, 32883, 90823, 82739, 72387, 92632, 39016, 21424]"
113909,"[53853, 68125, 537, 69253, 22431, 71975, 23164, 49047, 103347, 66121]"
113910,"[84968, 73141, 85536, 43222, 76411, 77244, 39693, 59588, 34286, 59248]"
113911,"[101167, 60928, 44023, 8042, 93049, 53344, 65618, 8136, 21048, 104989]"
113912,"[33315, 50888, 45854, 6368, 71658, 62283, 13557, 94784, 109619, 19278]"
113913,"[57460, 16794, 40325, 18614, 82134, 68473, 26048, 65563, 53360, 99354]"
113914,"[104139, 76912, 104957, 58043, 53495, 26182, 95630, 106498, 34265, 102251]"
113915,"[37082, 86507, 11781, 82942, 41628, 33305, 31368, 38101, 84097, 29506]"
113916,"[108126, 103817, 64205, 48765, 96622, 43642, 39787, 33539, 11482, 82141]"
113917,"[77147, 42785, 78513, 105462, 25728, 38736, 5971, 55900, 84702, 41524]"
113918,"[76700, 59131, 24877, 12111, 38357, 55530, 10867, 31240, 95358, 11909]"
113919,"[17223, 49392, 67868, 105711, 38073, 6235, 48879, 14266, 37957, 58392]"
113920,"[34581, 68481, 41647, 36067, 70555, 98560, 85294, 83928, 69352, 27981]"
113921,"[75906, 49011, 63117, 46227, 57734, 73175, 21497, 62638, 60327, 104239]"
113922,"[69317, 44587, 35628, 101657, 30106, 51471, 89502, 35519, 2089, 106238]"
113923,"[29474, 57311, 40405, 6143, 106502, 29356, 1499, 74914, 77362, 6305]"
113924,"[44756, 101066, 90075, 6445, 59463, 87967, 70976, 61573, 88698, 63455]"
113925,"[29427, 95737, 33177, 102713, 38411, 12589, 83954, 107058, 18349, 102292]"
113926,"[26498, 84935, 88099, 34891, 28212, 41698, 101098, 20651, 59487, 6492]"
113927,"[106130, 5551, 86331, 3778, 103472, 101333, 8537, 63626, 46804, 54346]"
113928,"[68257, 38948, 2618, 71960, 35606, 11670, 78420, 89820, 41400, 85786]"
113929,"[3611, 51706, 93217, 57008, 1394, 73089, 73713, 70374, 103087, 101565]"
113930,"[95083, 101486, 12056, 70866, 87349, 85457, 6468, 82612, 49996, 96898]"
113931,"[97849, 91033, 103381, 26644, 89523, 12179, 59397, 54722, 6794, 57449]"
113932,"[61471, 73175, 34863, 94850, 84216, 102747, 15649, 51803, 80669, 59361]"
113933,"[106781, 3817, 79936, 36120, 70277, 107201, 74264, 27835, 43928, 98076]"
113934,"[4906, 79573, 36880, 82171, 22536, 78686, 8217, 72666, 80928, 74794]"
113935,"[95613, 91788, 77579, 109626, 45672, 51104, 99939, 58184, 26445, 41696]"
113936,"[2923, 45700, 23368, 61579, 74172, 31196, 63449, 103743, 38353, 69695]"
113937,"[20280, 28843, 23495, 91625, 100305, 68110, 54864, 41291, 109412, 85195]"
113938,"[55739, 102286, 38294, 21482, 98118, 57305, 86153, 40847, 9454, 57428]"
113939,"[17133, 81684, 63554, 71168, 18203, 40201, 53180, 109133, 105672, 482]"
113940,"[80074, 24656, 76483, 59450, 55459, 102000, 106897, 34829, 12607, 92418]"
113941,"[80229, 93028, 22618, 105380, 14992, 20992, 46556, 50397, 72474, 86025]"
113942,"[109620, 80331, 92687, 62809, 21335, 98575, 65143, 88233, 97779, 86382]"
113943,"[71024, 57308, 12665, 80857, 94251, 86508, 101532, 83508, 66469, 59945]"
113944,"[84711, 66736, 92063, 94492, 47471, 86705, 82249, 54478, 108458, 63512]"
113945,"[77871, 26211, 46232, 107477, 86812, 1800, 26122, 75384, 61698, 10103]"
113946,"[61458, 101914, 101180, 56797, 25588, 59905, 22441, 19095, 73854, 18719]"
113947,"[1049, 42445, 19570, 54660, 105988, 23270, 97498, 51387, 82540, 51002]"
113948,"[73253, 3454, 82470, 11208, 53086, 74160, 106219, 74392, 36111, 108424]"
113949,"[94240, 6458, 80836, 4397, 100130, 36418, 56156, 58851, 80369, 60593]"
113950,"[76310, 70079, 24362, 58847, 74219, 71497, 102391, 53410, 12251, 97155]"
113951,"[50298, 103750, 17429, 78512, 77912, 59754, 48932, 66096, 86815, 87559]"
113952,"[5699, 51935, 26132, 27029, 36799, 95980, 101022, 64476, 54776, 39556]"
113953,"[39214, 76149, 43950, 26549, 91745, 34631, 69682, 101371, 52754, 22687]"
113954,"[78100, 93055, 109774, 37484, 66898, 8408, 79196, 81766, 897, 85183]"
113955,"[48299, 104367, 22272, 94416, 5525, 103332, 26595, 39634, 46208, 68887]"
113956,"[99541, 8320, 88335, 89599, 17582, 49881, 85931, 55707, 28583, 8097]"
113957,"[15059, 53337, 79170, 60415, 11417, 9810, 62615, 36571, 41518, 68976]"
113958,"[13300, 95391, 105918, 39512, 41432, 62394, 19970, 26310, 87394, 49484]"
113959,"[12360, 32996, 2598, 66128, 91539, 105354, 9422, 47533, 46352, 15478]"
113960,"[3733, 38096, 72307, 6292, 22060, 2120, 71242, 75783, 102376, 47672]"
113961,"[40568, 93613, 23307, 20326, 66159, 57081, 88712, 32366, 65776, 73697]"
113962,"[47756, 69643, 43400, 76793, 24139, 33562, 78541, 36304, 104877, 77696]"
113963,"[28817, 104796, 55149, 46920, 25843, 19891, 24865, 78321, 96955, 76596]"
113964,"[1855, 10499, 23995, 2066, 101166, 6408, 50259, 106663, 107370, 15933]"
113965,"[54857, 57383, 109408, 70043, 10466, 44001, 14541, 93763, 986, 108731]"
113966,"[73679, 54161, 42051, 28362, 24619, 73049, 57852, 54035, 50047, 52116]"
113967,"[8579, 84903, 49781, 80283, 99809, 60065, 59472, 58629, 26147, 2744]"
113968,"[46436, 4553, 24490, 7197, 65711, 42087, 77210, 22343, 64249, 68662]"
113969,"[24446, 93796, 64106, 53814, 6781, 22236, 94238, 30892, 10698, 4308]"
113970,"[39224, 14111, 99845, 101568, 75553, 32624, 75026, 83747, 104789, 6571]"
113971,"[54370, 99292, 70259, 54869, 93191, 9933, 89210, 1116, 73879, 19172]"
113972,"[95984, 36158, 80674, 72935, 101883, 25885, 32599, 82767, 45380, 108487]"
113973,"[3037, 102511, 54977, 46989, 67704, 85950, 40313, 30578, 62022, 19644]"
113974,"[83528, 35214, 64927, 45701, 29448, 102839, 67039, 92673, 46125, 58830]"
113975,"[108916, 4448, 13081, 7111, 62491, 106699, 80016, 68029, 83694, 13843]"
113976,"[69132, 102160, 77440, 39902, 52089, 56374, 75274, 34163, 37258, 63183]"
113977,"[1254, 32024, 44668, 8295, 16368, 24693, 80113, 19801, 35549, 51049]"
113978,"[91098, 91348, 74573, 43954, 63318, 58188, 5547, 72241, 7900, 37372]"
113979,"[77635, 22797, 94081, 90045, 16111, 107368, 92856, 631, 104709, 20803]"
113980,"[90623, 33731, 28349, 75130, 39285, 43399, 19868, 28756, 107183, 33903]"
113981,"[21544, 57271, 50298, 14638, 103750, 77193, 33159, 24517, 5681, 34199]"
113982,"[95610, 104872, 11704, 1987, 44436, 23843, 69564, 6083, 92233, 92421]"
113983,"[81603, 72466, 21794, 65661, 79065, 66645, 87389, 71081, 4636, 43583]"
113984,"[75020, 95485, 77799, 97971, 65524, 49608, 12856, 43162, 6949, 18199]"
113985,"[77670, 79407, 3807, 41680, 62580, 71950, 37964, 48815, 96719, 27412]"
113986,"[9763, 70769, 96217, 51003, 5480, 59992, 87191, 38186, 29609, 85713]"
113987,"[32222, 31717, 94844, 106444, 75251, 35139, 23545, 10669, 8849, 93678]"
113988,"[25750, 32800, 93091, 100882, 8, 13369, 41054, 23591, 4699, 69407]"
113989,"[49256, 100465, 10914, 16553, 71270, 30529, 24187, 39387, 100125, 10097]"
113990,"[41838, 4147, 103501, 37682, 84168, 71600, 106529, 13817, 99777, 3140]"
113991,"[73668, 107527, 40710, 105388, 11688, 12005, 45121, 21353, 57467, 1089]"
113992,"[2381, 56100, 60447, 75179, 87814, 63982, 101412, 311, 86100, 67396]"
113993,"[93915, 86018, 29193, 9429, 50105, 19907, 27711, 108518, 18575, 63725]"
113994,"[289, 47139, 39742, 2749, 101439, 34536, 86714, 27269, 67025, 3943]"
113995,"[61521, 64577, 69938, 1410, 23411, 89983, 79300, 45238, 70283, 70380]"
113996,"[31943, 75130, 84899, 7876, 103437, 45532, 76893, 75776, 17165, 36202]"
113997,"[58038, 44220, 24132, 14095, 44079, 70620, 33789, 17495, 78346, 58118]"
113998,"[76846, 96308, 85633, 59619, 10653, 76016, 37323, 7191, 54540, 36225]"
113999,"[32922, 57753, 11265, 53968, 58754, 50840, 82898, 1643, 37133, 98599]"
114000,"[63555, 50083, 97893, 103421, 36434, 82163, 28011, 743, 106704, 51304]"
114001,"[56955, 9572, 106705, 71175, 70615, 26693, 55202, 97645, 41737, 4020]"
114002,"[16732, 104741, 24376, 85095, 9334, 67474, 65542, 8379, 95359, 41401]"
114003,"[56200, 33879, 98551, 82023, 11746, 15771, 13571, 8353, 82606, 61687]"
114004,"[14140, 75127, 4441, 85918, 97500, 54310, 63206, 57694, 31399, 101450]"
114005,"[102762, 79934, 98389, 97760, 44981, 33381, 66938, 89907, 74522, 53689]"
114006,"[91719, 64682, 48781, 73820, 12443, 50255, 39293, 55624, 82261, 74533]"
114007,"[48054, 59600, 55008, 40763, 87820, 83616, 30279, 29766, 103176, 64303]"
114008,"[41312, 39146, 57009, 40703, 36352, 16861, 61831, 94354, 37971, 28031]"
114009,"[71788, 92281, 96928, 68883, 24365, 14239, 99222, 106946, 26483, 23238]"
114010,"[104684, 107207, 7549, 57216, 97303, 71962, 52551, 74110, 65687, 55842]"
114011,"[90210, 95432, 14668, 16654, 21196, 77681, 108148, 10276, 33906, 71813]"
114012,"[100510, 82383, 92718, 46926, 108618, 34554, 39451, 26197, 11036, 67365]"
114013,"[42446, 108322, 62971, 59921, 27280, 96753, 82340, 35054, 29104, 107049]"
114014,"[4879, 60290, 46645, 57626, 101793, 10066, 15383, 52963, 64443, 4621]"
114015,"[22390, 23133, 5256, 101775, 70260, 86733, 26290, 19600, 109731, 17595]"
114016,"[17574, 16930, 44245, 64726, 46255, 89102, 41739, 65073, 30283, 17505]"
114017,"[33423, 35609, 55735, 64501, 56107, 90687, 41877, 53886, 66860, 39003]"
114018,"[34388, 105240, 92526, 67445, 38406, 77980, 21697, 12400, 10161, 18202]"
114019,"[28673, 89322, 63520, 96054, 40738, 73451, 46771, 70102, 10409, 105551]"
114020,"[58359, 109018, 108179, 53871, 1388, 7131, 38576, 86036, 53693, 82663]"
114021,"[64852, 37673, 65933, 32136, 82529, 91946, 84202, 2212, 5034, 29490]"
114022,"[96536, 31904, 7343, 19020, 45576, 12569, 64449, 103688, 79210, 17999]"
114023,"[85548, 14288, 94439, 9104, 80962, 81408, 45600, 102108, 27055, 48061]"
114024,"[21606, 86503, 30939, 87268, 46958, 106346, 12087, 45765, 85747, 100453]"
114025,"[76095, 100923, 24183, 15601, 2328, 39332, 100169, 42871, 78528, 91494]"
114026,"[29778, 55467, 87857, 72516, 108791, 29256, 63539, 95463, 105746, 55609]"
114027,"[72092, 54505, 7450, 65839, 16844, 49562, 1967, 10307, 55813, 45007]"
114028,"[69753, 77416, 10174, 42294, 20648, 82850, 31911, 87156, 34049, 56045]"
114029,"[54742, 70235, 62542, 1008, 78237, 8690, 65936, 22543, 3803, 38072]"
114030,"[87099, 66234, 31121, 80645, 10023, 42604, 23761, 36581, 98799, 87097]"
114031,"[53988, 94049, 105016, 23429, 25388, 22389, 53034, 84082, 9049, 39771]"
114032,"[51472, 59054, 98834, 87128, 90581, 109151, 104047, 57661, 35, 49436]"
114033,"[37476, 17443, 51002, 102951, 37367, 12947, 27727, 4838, 54660, 7428]"
114034,"[50227, 107615, 22603, 28437, 105050, 103771, 82870, 70267, 35651, 28383]"
114035,"[37599, 66228, 12741, 39164, 32576, 58952, 93232, 1842, 9170, 91650]"
114036,"[103551, 104297, 73208, 80947, 72832, 66240, 73992, 28760, 54698, 20054]"
114037,"[84909, 85352, 84320, 84727, 60184, 51675, 34906, 36336, 55749, 81917]"
114038,"[102610, 28396, 17148, 41657, 22535, 4213, 31455, 97748, 54443, 99031]"
114039,"[4251, 80984, 61872, 25941, 41408, 42834, 81835, 5345, 55179, 69242]"
114040,"[77395, 35016, 46751, 24731, 64550, 72958, 28749, 8684, 9908, 109350]"
114041,"[41515, 20864, 106364, 87976, 86897, 3179, 36353, 54930, 4792, 78903]"
114042,"[70493, 101954, 34352, 88022, 72527, 97618, 60862, 90648, 46825, 31166]"
114043,"[86352, 47968, 18638, 105634, 35392, 40874, 44419, 16025, 8469, 41694]"
114044,"[101430, 104387, 77069, 54634, 91630, 59412, 10687, 57854, 15660, 98499]"
114045,"[47994, 8884, 49742, 97870, 57116, 56868, 35256, 91991, 54963, 38502]"
114046,"[43708, 24135, 19226, 21336, 53391, 95002, 62900, 24172, 63363, 5977]"
114047,"[95949, 5624, 97172, 71700, 51018, 100545, 32946, 50357, 96460, 72627]"
114048,"[80655, 61535, 23820, 41759, 59597, 39546, 91622, 18947, 30493, 68331]"
114049,"[46050, 19754, 76539, 61924, 32026, 59898, 94874, 45692, 36522, 30220]"
114050,"[22967, 76149, 36216, 8708, 93186, 91745, 92593, 70913, 90661, 27452]"
114051,"[108876, 98839, 103457, 60826, 10688, 80319, 56429, 22013, 27903, 97605]"
114052,"[31045, 71734, 1453, 42198, 83772, 82297, 58208, 3056, 76152, 32617]"
114053,"[23225, 4786, 7586, 97671, 42831, 29510, 16391, 106071, 88634, 31416]"
114054,"[15761, 54664, 7617, 103140, 47301, 19097, 49496, 35023, 108406, 1274]"
114055,"[30529, 53710, 49096, 38152, 20472, 62365, 101789, 30455, 53662, 63792]"
114056,"[73344, 43237, 94327, 17377, 36550, 64051, 103599, 45843, 91845, 11474]"
114057,"[61491, 10262, 13656, 107152, 13504, 92903, 83770, 71754, 101036, 47956]"
114058,"[103855, 84248, 81653, 23042, 10934, 30046, 66357, 87876, 60035, 28060]"
114059,"[93499, 78308, 28055, 101057, 98095, 52599, 104509, 106460, 11605, 40347]"
114060,"[24435, 14955, 32390, 59915, 3001, 32921, 58774, 54998, 52668, 9646]"
114061,"[41672, 12561, 46366, 14482, 88024, 46991, 87893, 54984, 105810, 27674]"
114062,"[72929, 51544, 34709, 100322, 102870, 104081, 67758, 23472, 27766, 29111]"
114063,"[57541, 4483, 78464, 89061, 86464, 90883, 79621, 106334, 36438, 30870]"
114064,"[80089, 97054, 58139, 33892, 43805, 98190, 27986, 13585, 92140, 83363]"
114065,"[72430, 98976, 68516, 63402, 73265, 40737, 78109, 39524, 73456, 100390]"
114066,"[59162, 18385, 26194, 81641, 28985, 17552, 2042, 94934, 18002, 85102]"
114067,"[69977, 93695, 49574, 68330, 39560, 35224, 28974, 61513, 13092, 78765]"
114068,"[22341, 7139, 100503, 17898, 84686, 18546, 104402, 33446, 6738, 52704]"
114069,"[9089, 95458, 83173, 51443, 17930, 12802, 2409, 34415, 98903, 39758]"
114070,"[7168, 34294, 77738, 29473, 76548, 84940, 47306, 62910, 22430, 75608]"
114071,"[81319, 105870, 92650, 62695, 42395, 38170, 3984, 104543, 71240, 71780]"
114072,"[7807, 81789, 60720, 102981, 1990, 53848, 63705, 22512, 104212, 2771]"
114073,"[102412, 10535, 91235, 24303, 71252, 32633, 67774, 92207, 17172, 53645]"
114074,"[44333, 75155, 82983, 83570, 66322, 23962, 28937, 22400, 106003, 91394]"
114075,"[12102, 41707, 24672, 88559, 45808, 72166, 49816, 59874, 72411, 99915]"
114076,"[695, 36649, 90719, 93917, 48760, 83710, 51327, 45702, 50101, 12152]"
114077,"[64562, 27833, 62956, 45895, 71744, 80368, 39528, 2038, 83850, 4559]"
114078,"[16767, 15671, 97413, 53043, 68906, 67807, 91941, 12111, 99351, 69833]"
114079,"[59354, 49502, 2906, 21972, 55383, 45069, 75374, 79726, 99144, 94394]"
114080,"[41451, 101231, 77815, 100250, 38078, 86282, 19845, 60964, 88444, 33640]"
114081,"[80378, 5877, 85930, 7786, 37367, 60776, 34064, 95052, 2280, 37969]"
114082,"[71859, 109201, 87101, 84441, 62059, 81170, 25140, 85974, 18670, 100576]"
114083,"[81487, 37230, 109039, 90719, 100171, 9310, 99102, 103111, 90251, 72040]"
114084,"[10765, 104514, 52833, 42662, 101833, 29731, 45226, 87399, 36547, 82112]"
114085,"[19320, 24515, 18754, 67586, 3275, 1197, 43612, 60694, 87358, 42977]"
114086,"[24048, 91148, 4051, 34467, 14725, 10268, 50028, 48316, 67388, 79490]"
114087,"[59935, 53596, 46301, 34864, 18270, 77369, 92820, 14229, 59269, 74170]"
114088,"[59723, 99234, 81977, 81073, 41898, 74722, 103702, 5044, 82926, 37450]"
114089,"[60803, 42248, 35580, 36931, 63584, 102926, 99876, 68297, 105457, 16466]"
114090,"[52931, 30955, 49909, 27841, 107061, 20347, 5980, 2493, 47152, 31326]"
114091,"[93977, 105629, 106113, 91935, 6085, 82371, 83751, 8619, 30292, 65815]"
114092,"[88441, 8991, 15926, 60253, 51990, 57442, 35488, 18803, 14442, 102776]"
114093,"[49863, 92367, 12208, 1694, 59590, 93361, 60721, 39950, 75489, 89548]"
114094,"[2752, 30584, 14386, 30812, 28926, 84771, 58632, 48456, 28849, 36307]"
114095,"[15395, 73651, 80691, 68521, 72724, 14422, 89095, 93916, 80093, 70219]"
114096,"[16163, 96899, 22600, 32286, 7840, 70354, 49273, 40148, 97384, 51742]"
114097,"[104712, 19073, 92564, 67662, 41621, 37129, 11622, 38675, 59763, 97713]"
114098,"[88909, 36180, 22158, 88372, 59964, 58809, 1850, 66347, 38381, 98256]"
114099,"[31290, 94419, 106945, 29007, 27225, 9243, 73583, 44657, 52559, 109470]"
114100,"[55618, 4601, 57557, 40332, 99707, 6906, 47926, 10375, 55811, 51923]"
114101,"[2292, 88702, 96172, 3310, 6744, 57593, 52288, 17117, 4618, 50181]"
114102,"[89280, 3272, 23168, 24204, 38393, 11676, 2096, 9836, 13485, 80827]"
114103,"[101892, 9548, 72805, 8661, 87415, 12440, 32994, 8177, 9754, 26998]"
114104,"[52770, 39651, 28862, 108513, 33005, 82494, 43784, 74877, 99742, 107866]"
114105,"[65538, 73499, 107015, 47273, 91461, 67691, 31349, 54430, 70628, 29013]"
114106,"[94144, 49295, 57683, 54664, 59957, 103140, 83417, 35039, 88730, 49496]"
114107,"[63780, 2170, 105892, 78809, 88684, 93887, 97492, 60617, 72291, 54805]"
114108,"[70246, 50267, 95398, 61967, 21068, 49976, 108187, 20411, 21007, 19458]"
114109,"[89602, 23553, 95637, 71922, 1950, 83023, 15265, 35532, 13642, 19045]"
114110,"[58458, 93317, 80627, 26798, 84796, 39241, 76895, 41828, 77263, 109694]"
114111,"[67197, 38537, 55578, 61858, 78202, 38672, 34221, 91038, 28787, 45361]"
114112,"[101644, 9720, 101484, 55024, 85706, 80389, 90902, 70496, 20069, 71980]"
114113,"[70673, 17882, 81975, 97217, 24058, 13223, 108037, 45337, 27528, 58607]"
114114,"[23821, 109739, 81876, 81203, 57368, 1836, 49634, 22985, 65207, 79203]"
114115,"[67116, 39640, 106263, 104384, 87787, 28169, 76881, 92819, 54278, 41898]"
114116,"[17882, 78546, 4754, 81975, 8866, 70673, 9344, 89848, 27528, 97217]"
114117,"[99549, 28238, 100339, 87888, 49164, 1149, 31782, 19472, 66765, 50752]"
114118,"[29332, 62330, 80840, 14224, 28149, 74763, 53044, 39735, 49238, 98615]"
114119,"[74375, 18483, 2750, 31895, 81947, 43498, 7118, 87623, 39647, 10483]"
114120,"[23490, 77197, 6611, 11429, 58482, 71581, 91967, 13715, 78445, 13004]"
114121,"[75968, 55651, 91821, 13729, 57973, 46633, 52543, 86441, 108671, 20307]"
114122,"[6895, 83047, 84618, 41399, 13232, 62587, 81640, 48515, 82638, 24419]"
114123,"[13855, 85871, 37661, 28579, 88861, 37962, 30991, 2220, 44863, 83614]"
114124,"[11901, 84, 102884, 83094, 59264, 35246, 14401, 25637, 25785, 64149]"
114125,"[28593, 84878, 57760, 74656, 29525, 17407, 73768, 74342, 72720, 74270]"
114126,"[98906, 15789, 92420, 26220, 22113, 83372, 5526, 26538, 92981, 11448]"
114127,"[109119, 41031, 79272, 75671, 78307, 79667, 2905, 34033, 36952, 107629]"
114128,"[52144, 328, 49730, 6999, 78037, 7461, 6129, 57723, 44767, 7686]"
114129,"[46092, 1665, 67773, 59191, 43483, 82595, 8263, 95875, 65575, 90935]"
114130,"[97696, 3331, 33180, 66857, 17908, 46388, 9611, 14941, 29119, 87515]"
114131,"[63294, 96092, 104611, 89956, 38710, 72791, 23369, 4109, 102578, 5611]"
114132,"[80047, 52599, 52729, 59123, 56095, 10680, 5326, 8166, 80586, 89355]"
114133,"[46227, 11190, 88682, 94019, 45358, 55063, 13713, 78818, 38281, 14164]"
114134,"[65309, 96087, 65507, 53776, 88672, 86348, 21020, 50546, 106854, 58280]"
114135,"[52847, 71600, 13817, 15926, 73778, 18803, 104704, 51990, 14442, 8618]"
114136,"[47750, 13884, 97475, 27982, 99654, 51712, 50932, 14587, 57946, 102630]"
114137,"[80836, 22100, 60593, 104953, 13057, 20973, 3944, 30131, 8541, 75604]"
114138,"[14866, 4533, 89555, 99896, 102614, 35065, 75962, 64389, 23469, 62781]"
114139,"[24080, 91911, 30519, 30319, 94563, 85298, 18239, 45993, 8784, 9583]"
114140,"[89428, 52838, 384, 88458, 31372, 104289, 47982, 60461, 26161, 14104]"
114141,"[58778, 25654, 33903, 30603, 63746, 51295, 15025, 91605, 1566, 32795]"
114142,"[45492, 105876, 46639, 77610, 55967, 106164, 15967, 1676, 33537, 93877]"
114143,"[36214, 73411, 79468, 106575, 93000, 28523, 36091, 54827, 3859, 65401]"
114144,"[11482, 31953, 79428, 108812, 4891, 48765, 75607, 56817, 64430, 108727]"
114145,"[35379, 53124, 26806, 1087, 31317, 62750, 39108, 2123, 88317, 45474]"
114146,"[81556, 17587, 102255, 38442, 71944, 63263, 89829, 10719, 107254, 52030]"
114147,"[47880, 49464, 75192, 77036, 19284, 3281, 54457, 24956, 85615, 76251]"
114148,"[97624, 75413, 101680, 11484, 34092, 94296, 6603, 94781, 69216, 6842]"
114149,"[39853, 86410, 66941, 84481, 94803, 46182, 108965, 94509, 56511, 102062]"
114150,"[62785, 12799, 28741, 6540, 11009, 54402, 19460, 74639, 62372, 31991]"
114151,"[70135, 29869, 90061, 60447, 101895, 39668, 21543, 68363, 19592, 2829]"
114152,"[23518, 96636, 11341, 67821, 48147, 498, 43723, 59788, 83175, 51570]"
114153,"[107116, 30600, 867, 93744, 41123, 58127, 100675, 90162, 41132, 254]"
114154,"[12315, 49786, 80642, 69127, 14567, 19325, 97370, 30080, 22595, 4476]"
114155,"[97936, 59703, 29015, 40713, 51909, 11494, 62891, 25034, 103794, 67917]"
114156,"[85902, 46918, 45056, 89242, 58254, 95632, 69916, 61390, 69636, 55685]"
114157,"[45665, 92949, 8249, 94410, 8366, 82679, 4013, 66571, 94129, 88713]"
114158,"[59335, 16215, 65687, 107203, 97303, 7974, 83546, 94604, 12342, 2391]"
114159,"[82220, 56460, 2935, 74305, 56365, 69577, 99266, 99866, 19606, 6690]"
114160,"[78725, 77612, 5271, 65468, 102930, 60296, 94151, 60816, 88105, 84351]"
114161,"[92087, 69827, 88289, 68408, 72642, 85405, 34368, 107565, 78080, 77757]"
114162,"[65371, 94962, 40933, 65475, 81220, 90423, 103542, 92399, 87561, 8672]"
114163,"[100298, 58166, 78776, 95842, 86351, 90759, 48562, 42600, 23197, 40231]"
114164,"[41412, 104792, 55101, 39112, 50249, 39749, 49138, 6485, 22817, 16032]"
114165,"[101027, 4145, 51865, 82316, 62395, 79896, 63181, 102318, 66723, 81419]"
114166,"[40272, 94231, 87829, 4459, 20934, 37982, 78751, 109570, 87659, 81195]"
114167,"[82290, 67565, 76061, 28827, 36319, 14082, 13332, 7535, 30801, 82905]"
114168,"[105095, 73445, 29858, 73430, 84573, 32174, 15902, 75207, 41695, 17263]"
114169,"[108349, 75267, 64101, 4749, 91474, 70286, 15442, 46059, 28596, 104916]"
114170,"[63357, 30164, 98328, 97571, 51090, 75500, 26862, 92439, 68538, 3987]"
114171,"[3307, 63725, 36598, 101300, 614, 59862, 15689, 7202, 830, 23114]"
114172,"[18237, 39050, 89768, 71932, 108636, 18623, 51841, 109432, 67051, 97189]"
114173,"[25193, 16730, 50612, 55641, 39362, 24116, 28282, 85256, 19906, 70680]"
114174,"[86037, 34495, 8180, 5376, 52842, 99573, 82149, 58785, 22854, 42151]"
114175,"[98548, 38214, 30975, 772, 95212, 48561, 28294, 39346, 11472, 20734]"
114176,"[7950, 17892, 93135, 101970, 28375, 33898, 63035, 8824, 35094, 2645]"
114177,"[78682, 21594, 60497, 11288, 8885, 12844, 101094, 40397, 86593, 103671]"
114178,"[80023, 70862, 44536, 23646, 84698, 16809, 12366, 68055, 46778, 55619]"
114179,"[9839, 85164, 68515, 29300, 54816, 79966, 84012, 105073, 79104, 52710]"
114180,"[107267, 52691, 59464, 14092, 8253, 58235, 16998, 90344, 17241, 19954]"
114181,"[60628, 48858, 6838, 19196, 56041, 32040, 43653, 45298, 93712, 32705]"
114182,"[5518, 102302, 69209, 3028, 282, 37689, 25304, 90614, 8649, 93589]"
114183,"[37507, 2279, 101467, 96217, 58293, 18496, 29609, 38186, 64222, 66365]"
114184,"[83630, 55849, 72165, 13251, 59580, 58855, 91291, 6599, 79229, 32270]"
114185,"[46281, 56324, 36567, 27628, 29578, 33539, 82722, 29502, 62546, 41003]"
114186,"[43642, 64252, 65686, 18122, 2910, 15325, 20865, 34324, 44283, 84311]"
114187,"[87293, 80233, 71073, 43243, 91034, 86456, 13269, 100178, 97570, 43597]"
114188,"[85667, 99118, 67865, 64587, 59993, 12081, 104199, 54157, 22543, 102561]"
114189,"[82683, 39906, 13629, 34799, 101487, 3513, 58888, 52562, 72351, 17928]"
114190,"[74850, 71790, 60232, 88209, 68179, 30542, 14001, 48514, 90489, 104954]"
114191,"[95281, 60047, 28030, 86046, 15967, 7899, 23575, 109650, 2659, 100732]"
114192,"[23753, 62621, 52291, 58046, 109064, 98668, 33856, 41879, 103364, 23211]"
114193,"[52771, 71829, 71408, 90781, 77173, 55032, 27666, 105633, 54656, 24873]"
114194,"[51196, 63881, 67310, 82039, 84780, 41921, 76667, 105316, 66186, 59163]"
114195,"[5522, 33011, 98369, 59488, 47688, 2197, 76435, 108224, 90948, 21519]"
114196,"[107361, 27439, 103543, 91823, 30576, 59346, 69252, 63828, 96943, 96588]"
114197,"[107612, 56347, 12546, 8748, 1998, 2750, 64596, 76154, 92092, 2791]"
114198,"[60258, 105256, 54081, 49146, 44717, 296, 80337, 79035, 3827, 74588]"
114199,"[83098, 26481, 48522, 55463, 44002, 53172, 54461, 55896, 91143, 103536]"
114200,"[26566, 20781, 64814, 1068, 72467, 108763, 83884, 107167, 64543, 14323]"
114201,"[32360, 45530, 62076, 82707, 66422, 71874, 15775, 104679, 25717, 3141]"
114202,"[54345, 88459, 102767, 23942, 58217, 104057, 20819, 12510, 45591, 48826]"
114203,"[93973, 22313, 88516, 106704, 92584, 50197, 107571, 104636, 13680, 66190]"
114204,"[349, 88896, 109191, 93381, 72092, 99820, 23236, 30668, 42493, 78615]"
114205,"[49344, 80693, 104150, 102029, 74217, 37155, 64345, 9819, 61786, 71930]"
114206,"[83264, 15985, 96347, 54162, 29316, 55993, 84629, 22208, 23788, 78834]"
114207,"[5612, 77103, 13837, 28560, 75124, 107218, 34761, 44773, 77532, 106813]"
114208,"[100148, 70627, 11079, 36222, 96533, 93259, 103732, 77765, 98473, 2]"
114209,"[15316, 52606, 39355, 34957, 92177, 98938, 46073, 24907, 29116, 29608]"
114210,"[5947, 562, 29724, 46713, 102459, 25365, 30184, 20171, 682, 101247]"
114211,"[95992, 22694, 47976, 107865, 72071, 89099, 39102, 89343, 63850, 47805]"
114212,"[5054, 32607, 106918, 89713, 71782, 67821, 31707, 51237, 75563, 106117]"
114213,"[82250, 78265, 69448, 73382, 36408, 2521, 24893, 33317, 46522, 27997]"
114214,"[22035, 42531, 39057, 49153, 68812, 78508, 46411, 84400, 60133, 14201]"
114215,"[1436, 34030, 92047, 97945, 41522, 23571, 70687, 68884, 30814, 94663]"
114216,"[32722, 86833, 74209, 16324, 25586, 84715, 67122, 71153, 32779, 107634]"
114217,"[107680, 106181, 19283, 19467, 53997, 96060, 104464, 65528, 38902, 81888]"
114218,"[17455, 17053, 106786, 32433, 30401, 44652, 18669, 2443, 109755, 49190]"
114219,"[94432, 16916, 53269, 20678, 80350, 19061, 41811, 10926, 60201, 51757]"
114220,"[53807, 55859, 74737, 41237, 94251, 77227, 104110, 41892, 102924, 12001]"
114221,"[99246, 107856, 22945, 108969, 95375, 93827, 83911, 6595, 75696, 17347]"
114222,"[102189, 41012, 32925, 52040, 45211, 62426, 50716, 5416, 46729, 56860]"
114223,"[35065, 69553, 31370, 102614, 64389, 101936, 105654, 2487, 76178, 79958]"
114224,"[20999, 17458, 63514, 54911, 105973, 48020, 24941, 96309, 54391, 54988]"
114225,"[38104, 43768, 71998, 58449, 33808, 61670, 57567, 76742, 3957, 28870]"
114226,"[29198, 9418, 10072, 80618, 60189, 1373, 107570, 36837, 98448, 58038]"
114227,"[10457, 109600, 40922, 17002, 45281, 2767, 91727, 4915, 10901, 50466]"
114228,"[18374, 66978, 76171, 104253, 469, 52445, 48162, 93153, 106251, 44218]"
114229,"[33188, 64509, 15452, 38398, 90884, 60559, 3926, 20701, 50822, 81187]"
114230,"[78814, 23783, 61850, 82888, 12395, 11759, 108982, 36351, 85115, 73121]"
114231,"[27769, 3444, 87534, 83847, 79289, 8483, 33962, 1842, 58349, 19587]"
114232,"[20585, 61345, 54548, 40606, 74609, 13294, 95979, 22561, 79005, 73255]"
114233,"[85522, 15408, 56496, 55562, 108912, 66301, 27849, 52644, 56328, 66418]"
114234,"[47994, 71069, 2691, 61159, 5287, 79032, 97870, 56868, 54963, 35256]"
114235,"[21672, 48882, 88748, 96715, 107623, 71880, 72453, 8203, 74464, 101170]"
114236,"[10131, 68810, 15355, 67234, 12680, 20710, 46809, 33313, 56059, 102232]"
114237,"[85939, 38022, 13311, 90310, 106369, 31494, 75837, 43031, 61786, 74448]"
114238,"[38562, 68527, 53855, 81368, 53452, 53140, 77990, 22118, 29242, 7055]"
114239,"[40587, 29537, 66225, 47354, 82344, 25859, 15123, 59832, 97226, 63020]"
114240,"[100001, 82460, 4988, 98947, 7614, 32000, 74778, 106293, 3460, 17086]"
114241,"[66285, 105575, 77029, 72590, 10339, 8789, 64845, 4050, 17885, 92722]"
114242,"[108825, 105624, 38606, 21401, 788, 2359, 3603, 4148, 84139, 106283]"
114243,"[102399, 80237, 26715, 35422, 43046, 42352, 20593, 105900, 20773, 39862]"
114244,"[109219, 31246, 65818, 62205, 6920, 12858, 12712, 15380, 41830, 44127]"
114245,"[65046, 25944, 64737, 83656, 29239, 45018, 48048, 73479, 85766, 65223]"
114246,"[44750, 7734, 78206, 89239, 6186, 31715, 43329, 16144, 51184, 38517]"
114247,"[70216, 89392, 37369, 106134, 40192, 92907, 1123, 109109, 72078, 33106]"
114248,"[73443, 29938, 91384, 35896, 1694, 78697, 1245, 48832, 103809, 83556]"
114249,"[61654, 85626, 57545, 55972, 44118, 36346, 96552, 98119, 107989, 70369]"
114250,"[38241, 73426, 29325, 25519, 38422, 38002, 4027, 10088, 57656, 35193]"
114251,"[33064, 17389, 102918, 53387, 25452, 29728, 24814, 4748, 86361, 84852]"
114252,"[78526, 43118, 38230, 85662, 90524, 42435, 45611, 67247, 37236, 75519]"
114253,"[18021, 72117, 88824, 17915, 39870, 97184, 61712, 23480, 33715, 86291]"
114254,"[53703, 66443, 38330, 27180, 22042, 88360, 91473, 37266, 92669, 63968]"
114255,"[33201, 53676, 64203, 64612, 29265, 98360, 106477, 109446, 107265, 15641]"
114256,"[61368, 49686, 43332, 18206, 98813, 32825, 45968, 72589, 76752, 81842]"
114257,"[81889, 48501, 60207, 16673, 50275, 106559, 92175, 79589, 96732, 103729]"
114258,"[82941, 50107, 54186, 36992, 34218, 30635, 96686, 42407, 8433, 64364]"
114259,"[72232, 52841, 42145, 87162, 7898, 14535, 69763, 95904, 97465, 5867]"
114260,"[103364, 87652, 19177, 25253, 16983, 83638, 33856, 21958, 19047, 56166]"
114261,"[102443, 61605, 33436, 91253, 27972, 97448, 23614, 42232, 6338, 50928]"
114262,"[12701, 94383, 22950, 19523, 84021, 78650, 56986, 32450, 24592, 37267]"
114263,"[7131, 33923, 44495, 23170, 22152, 58849, 29159, 49555, 88339, 61956]"
114264,"[64653, 58214, 106843, 39638, 74898, 42798, 60109, 93696, 75925, 81481]"
114265,"[3027, 109100, 83901, 28195, 29513, 44527, 78075, 99268, 51651, 73879]"
114266,"[99447, 64397, 1967, 10307, 4432, 18998, 72791, 12509, 7680, 37186]"
114267,"[14565, 21823, 39948, 99952, 78407, 55515, 67977, 33399, 67818, 19975]"
114268,"[42873, 39661, 9201, 105568, 46452, 64238, 70554, 108231, 66827, 3040]"
114269,"[99303, 51889, 83598, 62346, 8131, 42194, 24056, 87829, 16657, 8050]"
114270,"[81923, 78222, 84888, 99353, 35999, 51419, 83398, 52988, 43118, 36070]"
114271,"[16009, 73444, 70564, 38416, 31952, 79371, 105966, 57813, 47368, 94686]"
114272,"[8915, 106726, 68238, 18424, 6653, 47508, 55075, 80767, 12440, 1788]"
114273,"[71843, 56763, 96755, 68263, 53933, 91274, 64445, 28310, 41886, 101006]"
114274,"[71905, 104412, 44637, 80355, 107672, 78197, 57954, 60774, 81257, 76579]"
114275,"[12748, 84514, 101421, 16505, 67950, 55162, 105757, 47112, 81728, 36366]"
114276,"[83929, 63379, 63534, 28704, 3324, 29926, 72617, 18249, 74531, 25781]"
114277,"[21686, 71131, 69596, 30015, 13244, 11986, 70948, 56225, 58003, 106022]"
114278,"[49483, 31721, 67809, 60481, 93202, 41784, 93460, 41755, 97434, 38909]"
114279,"[79528, 26152, 68056, 48575, 61783, 68692, 40151, 51381, 52095, 109702]"
114280,"[921, 55126, 18831, 92071, 29490, 86440, 37289, 75076, 21018, 94360]"
114281,"[36384, 87953, 46113, 104410, 95252, 45189, 50794, 28496, 49077, 19759]"
114282,"[54676, 95932, 98096, 7270, 21105, 104629, 38437, 11176, 60837, 2171]"
114283,"[93710, 63007, 840, 54238, 91701, 101142, 42730, 77591, 96069, 13597]"
114284,"[86884, 73015, 14311, 1392, 78591, 90106, 16463, 108430, 69957, 72112]"
114285,"[86824, 95319, 8739, 6053, 56930, 78417, 96317, 50827, 79352, 34825]"
114286,"[89304, 60942, 36049, 59586, 16812, 6307, 67600, 70789, 67487, 72932]"
114287,"[104449, 79713, 423, 23669, 102632, 76601, 8757, 85533, 72670, 39944]"
114288,"[79102, 33942, 8855, 52544, 18616, 12889, 43969, 109041, 88002, 11400]"
114289,"[43221, 93378, 57817, 88327, 64797, 83164, 95058, 54438, 69307, 10600]"
114290,"[34772, 76055, 35035, 78123, 5333, 65087, 81104, 39884, 58410, 53152]"
114291,"[13899, 63008, 104520, 99503, 58678, 41034, 42843, 104696, 48408, 4204]"
114292,"[105664, 79000, 11795, 96209, 30492, 91451, 106583, 38101, 21953, 40694]"
114293,"[97682, 56871, 77641, 102428, 95940, 100720, 107602, 77742, 102042, 2514]"
114294,"[60565, 33721, 45403, 87840, 45341, 51764, 76051, 109632, 74280, 10972]"
114295,"[12083, 105417, 15669, 84597, 97949, 91783, 43084, 63317, 90578, 77474]"
114296,"[34862, 91406, 17216, 77786, 14853, 8067, 50718, 19783, 46796, 2019]"
114297,"[44677, 71020, 55867, 79470, 67290, 101281, 2565, 40776, 99769, 89726]"
114298,"[88131, 107867, 99969, 63834, 22546, 11865, 38821, 70714, 87993, 88079]"
114299,"[27818, 113, 55727, 100174, 63857, 31658, 75802, 16349, 78503, 10501]"
114300,"[81540, 36374, 12788, 98748, 3702, 97695, 77973, 104590, 18959, 89440]"
114301,"[15363, 53838, 50050, 36131, 8949, 85712, 31575, 50500, 42577, 61861]"
114302,"[37377, 81561, 103522, 92903, 94643, 10711, 60926, 107713, 107740, 20941]"
114303,"[106634, 67423, 37245, 104207, 52323, 74295, 89272, 85510, 97243, 102749]"
114304,"[14224, 84675, 25683, 56590, 3438, 80840, 43583, 18301, 98615, 48245]"
114305,"[39441, 87758, 24729, 45276, 25136, 86185, 79965, 90744, 3615, 63715]"
114306,"[35910, 21325, 9042, 15356, 18955, 29654, 35024, 24491, 56803, 25976]"
114307,"[74775, 100902, 84537, 69240, 26027, 10812, 47814, 87386, 90548, 48283]"
114308,"[88705, 17605, 57610, 72314, 39991, 67037, 44488, 42855, 7932, 96950]"
114309,"[86069, 42690, 4656, 55137, 21790, 5060, 92891, 32143, 32878, 10945]"
114310,"[5036, 86490, 59571, 76574, 66992, 105405, 23698, 89183, 2672, 60520]"
114311,"[68991, 39100, 13721, 62256, 48057, 89171, 27064, 71696, 17030, 87814]"
114312,"[88984, 101797, 35366, 16167, 89382, 95366, 30696, 69467, 88012, 48850]"
114313,"[24593, 43522, 88106, 70363, 10674, 103607, 61379, 63186, 83941, 101118]"
114314,"[87472, 65338, 52889, 94388, 39199, 39673, 81460, 28366, 102957, 7916]"
114315,"[32504, 66713, 8892, 45948, 95965, 64800, 46004, 106483, 4426, 23147]"
114316,"[75871, 103390, 62886, 22027, 65442, 42741, 86658, 68721, 107001, 12164]"
114317,"[52891, 38262, 57087, 45955, 19575, 35234, 97493, 56645, 67686, 96842]"
114318,"[50568, 108520, 90694, 63441, 105192, 109211, 1928, 38905, 23277, 105696]"
114319,"[13759, 18823, 63645, 55853, 17473, 6521, 29318, 107819, 2046, 12199]"
114320,"[91906, 23491, 273, 100082, 85782, 54197, 44341, 99057, 30639, 39911]"
114321,"[4121, 22420, 96136, 36497, 109571, 66176, 5750, 69114, 34824, 71579]"
114322,"[18674, 96485, 39262, 71913, 72975, 40747, 60139, 64948, 43377, 53493]"
114323,"[29644, 799, 6268, 64749, 98633, 27323, 109247, 47627, 15115, 34742]"
114324,"[16153, 73382, 65024, 13370, 78265, 82250, 27369, 8324, 26399, 12141]"
114325,"[87208, 14967, 8045, 37852, 68193, 103317, 71243, 72064, 36762, 96281]"
114326,"[10413, 105385, 9717, 87920, 26135, 97728, 68605, 52042, 99261, 54991]"
114327,"[21201, 64128, 33595, 44082, 24812, 54952, 14619, 66682, 78634, 52129]"
114328,"[61166, 95858, 81836, 86520, 38190, 44948, 66540, 28378, 2502, 35203]"
114329,"[81994, 7658, 83971, 39527, 26190, 61902, 68004, 50679, 59016, 67983]"
114330,"[57336, 25203, 65695, 59415, 108028, 95933, 1311, 88941, 43731, 60809]"
114331,"[55290, 81398, 79301, 58251, 72875, 103253, 89839, 19941, 27011, 9604]"
114332,"[52947, 65270, 95424, 25220, 75978, 73880, 101706, 109728, 69899, 9722]"
114333,"[86215, 55973, 103261, 15674, 38189, 79901, 101902, 49677, 22296, 23448]"
114334,"[49353, 55842, 34242, 3515, 7549, 57216, 104684, 98714, 31409, 46766]"
114335,"[99956, 47113, 104111, 5263, 103713, 25112, 89284, 44810, 35117, 63915]"
114336,"[36100, 26968, 107129, 60829, 17885, 11766, 103913, 106959, 23691, 27594]"
114337,"[97044, 46975, 43039, 107738, 45043, 24626, 103824, 12899, 22522, 39930]"
114338,"[30010, 14285, 94814, 10002, 80524, 75768, 90105, 27136, 82421, 11954]"
114339,"[97575, 1185, 15095, 103233, 73805, 81620, 68597, 2573, 21144, 109526]"
114340,"[80281, 17834, 32027, 85511, 26473, 106089, 60664, 80677, 11705, 1950]"
114341,"[29785, 38052, 48380, 30611, 101456, 96302, 104940, 78842, 13344, 75874]"
114342,"[43656, 59653, 1137, 63672, 29391, 65968, 84902, 77212, 5850, 107367]"
114343,"[56152, 91912, 60585, 15906, 36902, 4191, 41265, 21925, 70681, 34969]"
114344,"[57860, 89353, 59763, 93294, 91311, 3270, 73587, 108058, 17225, 11622]"
114345,"[28214, 4565, 29609, 38186, 41038, 11121, 93702, 64392, 12661, 56883]"
114346,"[17237, 3825, 42458, 30804, 17699, 34944, 74063, 105754, 16593, 6195]"
114347,"[25952, 97530, 93531, 67673, 91592, 11199, 99036, 31000, 88255, 102970]"
114348,"[11377, 36387, 583, 93830, 61214, 22202, 89979, 75670, 24686, 107550]"
114349,"[41117, 14526, 24055, 93756, 54143, 32417, 41642, 38005, 71154, 71778]"
114350,"[56685, 72944, 99725, 5427, 65997, 66438, 31198, 54057, 89864, 97981]"
114351,"[81234, 71030, 4977, 13188, 92386, 24245, 94448, 19068, 43568, 48736]"
114352,"[95458, 32068, 98903, 79544, 51443, 83173, 9089, 12802, 41405, 52160]"
114353,"[32573, 37487, 513, 94129, 45665, 88713, 15878, 7464, 92949, 16875]"
114354,"[106180, 45886, 35600, 107125, 39411, 90160, 72639, 31501, 67580, 46863]"
114355,"[3532, 58600, 24253, 61105, 17664, 68238, 41719, 13877, 47298, 23391]"
114356,"[20557, 85111, 102121, 36462, 87025, 40666, 68916, 102066, 57201, 26028]"
114357,"[39747, 88388, 103463, 7149, 63554, 91979, 55240, 10892, 62765, 57731]"
114358,"[105709, 21819, 35385, 97210, 26720, 1395, 48634, 74159, 89807, 6827]"
114359,"[103485, 23809, 55976, 94575, 49013, 5232, 100495, 66759, 50973, 59622]"
114360,"[47194, 60992, 103648, 21902, 30959, 63462, 90617, 50260, 82339, 58866]"
114361,"[91918, 48978, 41318, 38309, 20725, 61206, 22193, 70989, 64989, 55927]"
114362,"[54279, 47903, 76724, 96420, 32672, 45702, 69435, 72518, 27420, 7197]"
114363,"[33029, 25856, 40862, 103630, 13728, 105369, 61830, 15815, 38137, 68146]"
114364,"[74608, 92973, 67127, 17718, 19129, 54168, 27328, 88118, 84292, 9799]"
114365,"[15542, 93615, 44459, 100651, 31661, 2387, 2641, 64021, 15457, 92109]"
114366,"[50803, 2241, 25140, 40910, 15880, 23993, 65894, 49975, 75635, 87461]"
114367,"[20587, 92686, 78068, 19102, 75355, 107080, 60103, 30765, 15169, 716]"
114368,"[85270, 30911, 61200, 9230, 79232, 56925, 49071, 54916, 61767, 39439]"
114369,"[46819, 14605, 12629, 87458, 57538, 80693, 22068, 99255, 104384, 88856]"
114370,"[26649, 1419, 1494, 30228, 28992, 44076, 28779, 90112, 57168, 81926]"
114371,"[46843, 50536, 97599, 49767, 51510, 81159, 33251, 23004, 14265, 71141]"
114372,"[65803, 56817, 4891, 88799, 15003, 47283, 103973, 82502, 33855, 92187]"
114373,"[38093, 36102, 103181, 44252, 93001, 104198, 21271, 67364, 78569, 102422]"
114374,"[95380, 11989, 24404, 41101, 31105, 15548, 65030, 102549, 34358, 106074]"
114375,"[55913, 78453, 6904, 69234, 21985, 88264, 2729, 108217, 75872, 98501]"
114376,"[95016, 70012, 30685, 39902, 88831, 85960, 22410, 105224, 97531, 80794]"
114377,"[84607, 104347, 28688, 83177, 73861, 19002, 25629, 41636, 8145, 13105]"
114378,"[67548, 49029, 54435, 77851, 101165, 91055, 76080, 88600, 75097, 43499]"
114379,"[24075, 66995, 31867, 105986, 71541, 44217, 38180, 90006, 4446, 17100]"
114380,"[53510, 81854, 70262, 69366, 91536, 101808, 64257, 99087, 108716, 19705]"
114381,"[107113, 31853, 2822, 32151, 90255, 87892, 56622, 104040, 78662, 75790]"
114382,"[23173, 49910, 54553, 83056, 76248, 54551, 26584, 10332, 29209, 94138]"
114383,"[88874, 89817, 64650, 55704, 61232, 22930, 63821, 105328, 60138, 43100]"
114384,"[83880, 43527, 95645, 94242, 28610, 38799, 98012, 101131, 97502, 46231]"
114385,"[2916, 60027, 60115, 96908, 108244, 33641, 56693, 88927, 105026, 9429]"
114386,"[74510, 50213, 20000, 17682, 51132, 44248, 54980, 10398, 71488, 35430]"
114387,"[48266, 41411, 10369, 20759, 96914, 108480, 70029, 39224, 69893, 105286]"
114388,"[21226, 84323, 7774, 58341, 59569, 60753, 68331, 90217, 90350, 41001]"
114389,"[106518, 86795, 52096, 47920, 69274, 86523, 103210, 57756, 42692, 9242]"
114390,"[95231, 76655, 77409, 48102, 32326, 108218, 91510, 64800, 3376, 8069]"
114391,"[96860, 74007, 31735, 104282, 27286, 9766, 58635, 102482, 57607, 96233]"
114392,"[78297, 5074, 44609, 8472, 4904, 108358, 55313, 88919, 7375, 14306]"
114393,"[38428, 97873, 106818, 3439, 70411, 10596, 95368, 65567, 46045, 10395]"
114394,"[80711, 65214, 97984, 34197, 85343, 21135, 23293, 83968, 16269, 90275]"
114395,"[73306, 85323, 70484, 25411, 6103, 46075, 96725, 30720, 83501, 30870]"
114396,"[105042, 10639, 48812, 52045, 24459, 41900, 95227, 63032, 49835, 70424]"
114397,"[49908, 41683, 44185, 87639, 43434, 9398, 19240, 86816, 37145, 47384]"
114398,"[56205, 35797, 54671, 50668, 34567, 107276, 32603, 44430, 33785, 22995]"
114399,"[23537, 69831, 40234, 56563, 109388, 17953, 64026, 33266, 66086, 33549]"
114400,"[103952, 16228, 54648, 100056, 31581, 7813, 93988, 100880, 6820, 84382]"
114401,"[80856, 90767, 38268, 38025, 23312, 99755, 32825, 52551, 25615, 76694]"
114402,"[12230, 27704, 6374, 88159, 62482, 270, 81709, 42131, 94073, 59829]"
114403,"[68030, 26734, 75829, 12358, 85637, 99726, 55604, 92089, 53268, 16180]"
114404,"[16196, 34741, 56828, 103294, 106451, 63763, 31326, 47152, 34118, 59867]"
114405,"[9835, 84013, 23733, 49921, 104980, 4240, 27917, 3519, 72499, 17251]"
114406,"[105157, 79988, 30103, 42034, 107904, 57772, 31660, 46462, 66963, 57160]"
114407,"[93595, 28696, 59071, 102194, 31573, 58326, 100640, 3249, 106645, 103635]"
114408,"[97854, 8755, 106059, 74561, 80014, 65193, 54251, 16200, 98142, 85012]"
114409,"[57723, 91127, 77726, 71928, 69498, 21949, 7686, 8039, 52185, 101707]"
114410,"[89818, 29038, 80647, 99905, 21467, 29462, 96543, 85467, 80753, 20719]"
114411,"[12960, 99798, 43909, 68504, 29274, 74610, 92416, 79788, 109067, 108061]"
114412,"[97672, 46413, 6101, 19658, 57645, 107322, 40731, 21829, 73615, 103227]"
114413,"[6928, 69409, 93356, 80452, 42610, 72368, 31091, 77547, 55753, 31109]"
114414,"[21477, 22590, 65435, 47916, 73369, 26724, 100720, 100596, 92596, 23885]"
114415,"[22274, 11100, 41007, 57579, 18157, 67169, 44409, 48535, 43498, 93661]"
114416,"[53392, 23595, 54986, 85955, 64078, 43094, 88357, 4679, 51363, 39223]"
114417,"[87953, 95252, 50794, 45189, 42713, 52169, 7957, 48598, 104410, 28496]"
114418,"[84941, 29243, 46032, 90206, 98940, 57159, 81884, 104638, 106234, 51529]"
114419,"[10609, 15379, 57999, 50300, 33537, 559, 62599, 21073, 58206, 101290]"
114420,"[22650, 315, 5786, 102370, 11601, 66691, 21016, 44615, 43047, 91891]"
114421,"[26287, 8076, 54507, 14505, 20244, 20349, 835, 5871, 36630, 5837]"
114422,"[53043, 67807, 101704, 50363, 2327, 86240, 19543, 9584, 43779, 73929]"
114423,"[72955, 3475, 16936, 108008, 59359, 97548, 8910, 13911, 22654, 32669]"
114424,"[77333, 26478, 94573, 80968, 54551, 76248, 102149, 71789, 99420, 2077]"
114425,"[93118, 75371, 85704, 96652, 15326, 104451, 2913, 48723, 67515, 48057]"
114426,"[73978, 5757, 40157, 104382, 37344, 106889, 203, 11342, 85038, 24500]"
114427,"[75036, 5930, 51461, 25848, 23055, 47030, 84738, 103939, 41903, 58944]"
114428,"[59126, 10270, 18204, 15092, 65070, 76791, 79077, 82047, 15089, 10291]"
114429,"[69972, 31629, 45593, 10487, 52465, 49234, 68545, 56605, 72937, 105151]"
114430,"[26329, 106394, 55322, 65708, 4164, 57578, 4640, 75595, 32714, 22523]"
114431,"[8755, 106059, 63675, 74561, 64774, 82987, 80999, 97854, 80014, 83889]"
114432,"[3347, 82211, 67191, 39895, 101966, 39236, 61022, 47021, 26150, 33015]"
114433,"[80091, 14230, 44470, 38141, 105207, 41294, 79816, 71725, 62489, 88656]"
114434,"[25503, 89067, 4928, 32175, 281, 66274, 38981, 109228, 16645, 20816]"
114435,"[40, 50313, 38900, 14762, 44667, 86887, 31956, 42575, 31077, 61726]"
114436,"[96326, 71256, 32612, 30213, 96734, 7472, 24337, 58061, 45090, 83377]"
114437,"[60652, 21405, 51298, 77836, 22190, 46231, 65189, 2869, 81279, 48923]"
114438,"[54657, 84192, 84476, 102443, 33436, 36429, 47542, 86983, 39890, 27972]"
114439,"[91706, 57739, 14531, 91924, 79876, 40181, 24675, 91426, 59273, 87192]"
114440,"[36811, 41794, 47405, 81501, 2105, 26418, 49492, 90840, 63221, 13335]"
114441,"[103903, 42919, 71919, 93247, 87718, 66955, 63812, 87361, 73597, 15337]"
114442,"[92035, 3871, 59250, 73006, 46952, 21893, 109759, 10137, 17763, 75456]"
114443,"[34553, 88306, 87865, 47256, 39884, 94393, 26466, 34741, 60876, 12017]"
114444,"[60446, 81366, 67327, 100249, 36390, 106763, 5076, 49774, 82329, 29317]"
114445,"[880, 91392, 23194, 28298, 46169, 3554, 39061, 69389, 59109, 23523]"
114446,"[92283, 24228, 20524, 50359, 56385, 43056, 104996, 7578, 94718, 28104]"
114447,"[32587, 96833, 13130, 50728, 20463, 74934, 40732, 18558, 34847, 15521]"
114448,"[122, 86659, 61738, 50908, 838, 15807, 30890, 66640, 50572, 84690]"
114449,"[14826, 50637, 63229, 36902, 107734, 55569, 49040, 84970, 4364, 63327]"
114450,"[16650, 106811, 29621, 34054, 351, 53370, 93821, 102287, 69965, 27304]"
114451,"[82150, 50405, 52304, 107472, 90450, 48685, 76026, 102922, 1706, 98737]"
114452,"[43491, 67752, 55857, 16578, 80345, 28708, 106530, 18280, 88342, 5455]"
114453,"[52375, 48487, 61836, 29463, 98186, 83042, 52514, 88173, 40954, 75724]"
114454,"[78261, 102382, 75884, 62077, 45598, 63966, 104676, 13896, 87536, 103030]"
114455,"[14866, 55472, 19525, 102091, 59217, 54736, 22928, 33129, 75348, 102614]"
114456,"[90946, 27758, 79486, 54221, 82654, 97748, 90696, 5336, 85947, 33911]"
114457,"[20628, 17039, 26006, 84298, 88548, 2735, 103560, 27498, 12829, 6122]"
114458,"[81265, 26390, 64604, 42082, 42092, 3495, 99402, 87025, 13625, 51007]"
114459,"[63744, 61587, 109247, 11825, 64166, 75265, 36231, 105290, 73162, 95959]"
114460,"[61662, 67712, 77906, 60817, 43130, 103830, 51187, 69773, 92881, 91249]"
114461,"[74912, 17134, 99199, 50472, 82161, 65080, 29405, 24991, 95799, 76866]"
114462,"[98028, 89032, 46607, 5616, 63633, 20716, 107255, 25980, 107921, 50470]"
114463,"[94240, 35413, 92078, 3382, 97709, 14439, 61766, 62964, 7046, 36418]"
114464,"[67699, 102180, 35604, 31001, 25943, 2256, 72545, 89381, 99299, 11233]"
114465,"[6358, 35297, 24733, 38259, 58165, 98686, 60187, 96678, 7928, 31964]"
114466,"[39421, 67974, 70885, 63561, 75087, 13668, 10425, 22051, 64499, 109224]"
114467,"[40495, 97251, 35006, 89166, 105100, 47195, 76490, 23770, 45813, 60384]"
114468,"[75714, 51400, 105421, 104505, 28434, 3445, 53551, 83897, 63902, 82318]"
114469,"[64771, 93734, 23512, 107531, 44848, 88533, 61970, 67511, 74162, 71528]"
114470,"[8385, 65939, 79992, 27638, 34214, 29305, 34401, 56268, 3708, 10173]"
114471,"[87117, 46312, 39633, 90931, 50534, 19084, 90323, 97802, 4053, 78601]"
114472,"[73204, 108746, 27394, 33247, 86233, 45192, 39520, 27056, 87857, 55467]"
114473,"[11329, 96112, 54023, 46271, 35401, 22931, 90550, 87469, 60930, 33779]"
114474,"[74442, 27429, 14861, 80142, 46939, 87296, 56945, 66745, 81617, 51689]"
114475,"[56837, 92924, 104930, 23382, 9492, 56608, 42554, 47038, 82925, 86659]"
114476,"[50579, 14540, 45065, 69308, 20250, 27581, 5949, 26828, 9087, 95124]"
114477,"[104184, 9883, 24585, 878, 49797, 83992, 86529, 24983, 14850, 86966]"
114478,"[81576, 58283, 95039, 8190, 95073, 73942, 25912, 72895, 31815, 99050]"
114479,"[89661, 60770, 17791, 102369, 9798, 106004, 109301, 96172, 9922, 57673]"
114480,"[22594, 6904, 54024, 69234, 2729, 7442, 16171, 98501, 78453, 12986]"
114481,"[32377, 63212, 51721, 82331, 1534, 6903, 75937, 52379, 76496, 109596]"
114482,"[24769, 48683, 41805, 96096, 64972, 41578, 95249, 104034, 21155, 1475]"
114483,"[23377, 29846, 12304, 104127, 28202, 23200, 776, 10248, 83716, 63254]"
114484,"[85537, 36986, 43500, 58125, 4772, 9968, 87252, 72101, 49579, 98704]"
114485,"[8983, 32671, 74252, 47005, 5079, 66147, 78201, 49570, 14867, 90148]"
114486,"[50801, 79641, 52990, 92986, 98366, 73820, 55708, 72330, 91044, 6228]"
114487,"[71505, 95270, 49850, 25224, 75611, 76023, 12803, 74131, 4354, 43894]"
114488,"[38308, 557, 941, 52315, 86025, 39778, 7359, 43332, 8310, 103562]"
114489,"[957, 25493, 17729, 105820, 54693, 65688, 52246, 76151, 21119, 59439]"
114490,"[79494, 19758, 77931, 36159, 13099, 44880, 47144, 102061, 60688, 11047]"
114491,"[29410, 13711, 79054, 85272, 90957, 29352, 90319, 50109, 74749, 58559]"
114492,"[55683, 8790, 1413, 43993, 14005, 35048, 69480, 99196, 102877, 90503]"
114493,"[21055, 64710, 7393, 29263, 67844, 68164, 59052, 78615, 43933, 99447]"
114494,"[31907, 62056, 107141, 77590, 100717, 64745, 52637, 22455, 75580, 94307]"
114495,"[47377, 41899, 19714, 37279, 19303, 43545, 10654, 4446, 69357, 105986]"
114496,"[35602, 102527, 86522, 105249, 98636, 91459, 10823, 63486, 78488, 109490]"
114497,"[47083, 6701, 56383, 41334, 43719, 80439, 89361, 65436, 92675, 83016]"
114498,"[10795, 96594, 45999, 73561, 88121, 18664, 83874, 96731, 7330, 46830]"
114499,"[54524, 105212, 14785, 58560, 347, 24287, 95400, 75924, 49761, 71017]"
114500,"[87438, 90695, 11832, 108033, 94738, 48442, 55496, 85448, 39896, 17498]"
114501,"[8310, 557, 33908, 86025, 73829, 4926, 105851, 38308, 7359, 52315]"
114502,"[77937, 107289, 81771, 101662, 109008, 108187, 45744, 47948, 61163, 86009]"
114503,"[51420, 90502, 50617, 22140, 104002, 1139, 42279, 71519, 77771, 67525]"
114504,"[56137, 5651, 49782, 335, 30188, 72125, 38742, 99917, 17614, 5779]"
114505,"[96581, 31307, 103427, 10309, 68425, 52799, 19424, 5935, 86596, 59348]"
114506,"[65961, 108351, 101815, 3088, 10781, 25185, 78380, 97994, 31977, 107264]"
114507,"[26950, 48325, 21165, 41017, 42647, 61639, 47917, 88496, 46561, 8523]"
114508,"[10675, 84791, 51343, 31350, 106905, 5192, 56619, 88448, 61608, 106425]"
114509,"[46111, 80293, 103606, 91727, 40046, 84437, 3739, 63833, 35696, 108567]"
114510,"[97510, 50234, 77178, 13930, 52655, 63039, 37432, 35521, 42251, 37081]"
114511,"[96201, 77930, 84862, 42099, 81949, 64474, 56521, 107815, 53304, 96254]"
114512,"[65113, 52719, 15211, 75201, 61697, 104239, 45273, 42317, 60975, 7398]"
114513,"[14518, 53779, 81276, 67464, 97241, 53810, 58525, 46799, 23923, 74606]"
114514,"[68552, 71237, 99063, 65254, 17517, 46176, 85663, 79573, 68359, 74243]"
114515,"[70938, 6124, 96467, 23793, 83991, 78678, 35857, 79191, 97250, 43065]"
114516,"[75019, 36820, 31143, 35996, 88876, 11161, 54326, 33161, 30608, 64669]"
114517,"[106843, 22691, 63866, 74285, 25360, 107867, 89112, 97588, 74646, 57498]"
114518,"[55580, 8515, 83693, 2963, 48602, 89702, 97666, 18192, 33457, 51889]"
114519,"[49286, 71615, 79465, 13037, 90672, 14512, 4197, 82277, 56362, 5762]"
114520,"[55905, 105645, 16516, 26527, 10802, 37889, 24222, 24460, 2954, 11758]"
114521,"[23738, 81326, 47017, 68344, 14207, 30976, 6500, 104141, 99525, 56793]"
114522,"[71644, 43806, 34807, 34615, 29433, 98448, 106506, 109223, 67268, 47217]"
114523,"[106060, 76402, 1959, 103670, 38777, 70505, 25932, 25049, 39042, 45779]"
114524,"[68278, 77879, 65332, 33062, 29559, 11891, 41860, 93948, 45000, 75144]"
114525,"[102459, 82351, 80779, 105579, 17194, 8251, 86880, 41701, 59310, 26139]"
114526,"[6058, 42755, 24555, 528, 5696, 53000, 63133, 58975, 8788, 77576]"
114527,"[24084, 66250, 97673, 52092, 103690, 99628, 13160, 98473, 41797, 87724]"
114528,"[28956, 79718, 1402, 35799, 34355, 10954, 24524, 11594, 42500, 7670]"
114529,"[103537, 16114, 90139, 46265, 59864, 104779, 13874, 53110, 53998, 40003]"
114530,"[92997, 16363, 78307, 2905, 79667, 45259, 6565, 97727, 86980, 84117]"
114531,"[28570, 8371, 74232, 106493, 77800, 53857, 82663, 79607, 68398, 89740]"
114532,"[98615, 97483, 84496, 42459, 29332, 39261, 21389, 9177, 29099, 104011]"
114533,"[83659, 55039, 91622, 63589, 16257, 92121, 5175, 54142, 4103, 55159]"
114534,"[87622, 88332, 15843, 30971, 36386, 29214, 107200, 75560, 8331, 31178]"
114535,"[48930, 62821, 103031, 21961, 85665, 95295, 76801, 98201, 9724, 13545]"
114536,"[90965, 10983, 37793, 82950, 32298, 56889, 37218, 14683, 77167, 4044]"
114537,"[98023, 20829, 53233, 37511, 87366, 59184, 2062, 104718, 106717, 90011]"
114538,"[99800, 26102, 13167, 19512, 84015, 57196, 78622, 64896, 96500, 4299]"
114539,"[58657, 11122, 62747, 47980, 88640, 78798, 103265, 52338, 54031, 34714]"
114540,"[42329, 100484, 100481, 19081, 95958, 81473, 27675, 75299, 27667, 8014]"
114541,"[26293, 2956, 4422, 71075, 53622, 79341, 30957, 58359, 107416, 86755]"
114542,"[90612, 102723, 79001, 58726, 14988, 72038, 40019, 108736, 78568, 70494]"
114543,"[29960, 35092, 49, 85956, 98889, 22631, 39032, 55786, 52083, 10985]"
114544,"[899, 85408, 98404, 25091, 55598, 100685, 40161, 105056, 24395, 61088]"
114545,"[100883, 59439, 84028, 101287, 9679, 74206, 44277, 75141, 63407, 32910]"
114546,"[29181, 56291, 15073, 35262, 101800, 95648, 79120, 80863, 46184, 99140]"
114547,"[83941, 97185, 18786, 73603, 61379, 10674, 12876, 44393, 88106, 48943]"
114548,"[82677, 6610, 99146, 5594, 55420, 86252, 80686, 67694, 65760, 109220]"
114549,"[6912, 85161, 53324, 42363, 87017, 103299, 18008, 59769, 84293, 100625]"
114550,"[77339, 9182, 84762, 74672, 91133, 3585, 98483, 87158, 65505, 97562]"
114551,"[55148, 3389, 109194, 610, 105032, 7138, 26066, 109189, 58096, 90778]"
114552,"[73867, 11057, 22671, 1129, 7977, 58182, 40326, 27381, 26621, 109365]"
114553,"[85613, 68850, 29757, 89343, 38435, 105975, 16041, 59758, 50863, 101412]"
114554,"[93808, 71784, 100963, 19139, 59510, 4853, 56861, 39267, 99179, 17211]"
114555,"[25577, 84093, 11480, 47735, 83380, 84057, 47821, 47369, 17555, 28011]"
114556,"[57552, 30122, 19431, 28364, 26722, 10141, 18818, 102911, 103378, 28595]"
114557,"[63398, 25923, 46042, 82983, 21881, 54919, 59122, 28937, 64683, 69801]"
114558,"[32706, 11566, 25005, 62117, 87366, 84883, 3609, 66020, 42770, 8437]"
114559,"[96714, 7163, 91120, 8549, 21886, 46966, 50306, 14882, 99383, 63148]"
114560,"[26787, 8229, 30974, 15, 52823, 83095, 2988, 14798, 71209, 25199]"
114561,"[19370, 87369, 77168, 72245, 100378, 104181, 20201, 103470, 88204, 100399]"
114562,"[66704, 96966, 88857, 67383, 80491, 53494, 104252, 69222, 55759, 42205]"
114563,"[94535, 63425, 86672, 41990, 61505, 65518, 23093, 49683, 75604, 76922]"
114564,"[77977, 56810, 10815, 93152, 5001, 28585, 17132, 32690, 96505, 98321]"
114565,"[69686, 83335, 86609, 75065, 99566, 109693, 75092, 75488, 49054, 37447]"
114566,"[67994, 64624, 102447, 90710, 82103, 99195, 55734, 41035, 102036, 51826]"
114567,"[82743, 70578, 43894, 63567, 3259, 47424, 68448, 10030, 81405, 52889]"
114568,"[82493, 80061, 26540, 83976, 35119, 99079, 67200, 68543, 78463, 35247]"
114569,"[40633, 6236, 57684, 33136, 52493, 64757, 82516, 73904, 100918, 109375]"
114570,"[67813, 14024, 72109, 46632, 46571, 64811, 18994, 104807, 105386, 73284]"
114571,"[22230, 95172, 55633, 6434, 21141, 60471, 28795, 108350, 96889, 10331]"
114572,"[33987, 823, 74131, 40109, 48424, 95152, 22259, 82067, 14392, 40005]"
114573,"[61055, 8564, 81545, 76273, 61178, 104004, 84495, 54421, 49087, 7462]"
114574,"[104606, 85760, 108930, 45738, 59223, 70779, 30242, 59953, 62374, 31893]"
114575,"[96240, 39068, 54228, 66635, 88983, 18255, 25936, 46786, 102838, 104250]"
114576,"[21263, 90816, 104218, 29494, 20060, 69441, 26306, 28523, 25831, 79468]"
114577,"[72126, 66500, 105067, 47346, 63016, 66093, 28205, 82705, 81774, 57239]"
114578,"[20502, 67424, 104215, 100132, 89275, 3689, 27984, 55801, 35549, 44202]"
114579,"[94803, 98513, 9503, 55156, 66941, 3121, 108965, 2638, 56511, 33274]"
114580,"[108213, 27775, 52744, 77955, 49261, 53439, 69699, 105305, 71046, 53856]"
114581,"[72470, 88900, 25236, 61112, 47315, 8655, 108428, 91584, 64465, 19959]"
114582,"[17534, 84724, 96729, 67429, 98815, 19356, 28776, 32194, 35686, 9871]"
114583,"[98014, 104557, 58811, 39055, 87307, 45564, 26356, 45380, 10527, 71026]"
114584,"[43568, 78903, 27563, 92386, 28401, 101732, 44776, 91522, 94448, 15866]"
114585,"[84771, 14386, 58632, 56418, 78422, 2752, 30244, 20254, 262, 30812]"
114586,"[59347, 84281, 109236, 97114, 103343, 88977, 14724, 17447, 39462, 13115]"
114587,"[67412, 61046, 94732, 66534, 63545, 51842, 48486, 53126, 29124, 87627]"
114588,"[26875, 55854, 5214, 38799, 36976, 37191, 52022, 42561, 66073, 16906]"
114589,"[78849, 39202, 80441, 91326, 38331, 45423, 83871, 15448, 93086, 91557]"
114590,"[66543, 97120, 52431, 67722, 25023, 59040, 22135, 27720, 20696, 44607]"
114591,"[102077, 16182, 74031, 68118, 98542, 38682, 106922, 51503, 103995, 95455]"
114592,"[28007, 65371, 33413, 92399, 80178, 8672, 77644, 108182, 65475, 34829]"
114593,"[49932, 105129, 81672, 80055, 32904, 46833, 39312, 64895, 33799, 5489]"
114594,"[47268, 74023, 31832, 6329, 40807, 35749, 91455, 75879, 1450, 8695]"
114595,"[100272, 26554, 33720, 12789, 4444, 50440, 90926, 3490, 28874, 13997]"
114596,"[6784, 69975, 34886, 86047, 9709, 23247, 62465, 56026, 91310, 12003]"
114597,"[17494, 23303, 106915, 93969, 49726, 30966, 51169, 31251, 25836, 11603]"
114598,"[91217, 3386, 24792, 100994, 83163, 29701, 70231, 24768, 77251, 27225]"
114599,"[54089, 72039, 66089, 84353, 55930, 34304, 84726, 23664, 33940, 5121]"
114600,"[980, 90828, 1200, 6356, 35194, 67701, 40856, 62072, 30602, 28277]"
114601,"[31016, 41615, 663, 19431, 4495, 64112, 63442, 4397, 16969, 1812]"
114602,"[4999, 93725, 109666, 69815, 59391, 24948, 105488, 88570, 96300, 30878]"
114603,"[94428, 24526, 84147, 105704, 101574, 16517, 89544, 101338, 17224, 4589]"
114604,"[41191, 24599, 45821, 74395, 29391, 29407, 88001, 51614, 19176, 36057]"
114605,"[12200, 52653, 66001, 103539, 30416, 33081, 14307, 22268, 46816, 86340]"
114606,"[4033, 10435, 436, 59445, 61283, 43822, 101798, 28663, 6430, 106111]"
114607,"[73027, 13917, 24258, 67476, 1734, 31476, 23103, 69433, 91279, 66721]"
114608,"[48544, 81970, 22946, 66102, 43695, 15756, 74273, 88083, 38221, 91511]"
114609,"[23448, 30336, 53557, 60727, 45896, 63201, 44657, 84211, 45447, 38786]"
114610,"[14892, 76197, 15866, 53224, 101732, 57563, 25674, 58315, 64073, 12095]"
114611,"[57729, 69805, 45073, 88149, 47000, 23532, 75429, 29553, 102766, 8977]"
114612,"[24839, 17987, 565, 5117, 83062, 46381, 108867, 60812, 109259, 52064]"
114613,"[57299, 9065, 44822, 50043, 102316, 54100, 56226, 14177, 101662, 19464]"
114614,"[83799, 57054, 69191, 180, 50355, 13700, 20325, 5499, 89960, 38718]"
114615,"[32485, 60390, 43663, 80166, 95538, 59572, 56722, 46537, 107857, 84706]"
114616,"[53470, 38545, 34315, 101797, 61727, 18624, 44630, 91028, 106092, 30696]"
114617,"[95837, 8793, 81438, 83803, 41844, 55119, 102540, 96890, 66450, 101025]"
114618,"[12807, 3972, 32119, 61869, 103249, 100794, 29623, 16175, 40748, 45097]"
114619,"[55517, 76101, 22298, 96699, 78895, 76622, 28910, 86501, 103853, 26475]"
114620,"[15112, 63120, 29150, 40667, 53058, 109474, 105111, 34130, 69954, 104770]"
114621,"[90795, 8408, 52298, 91965, 30745, 35820, 69792, 4094, 99776, 83831]"
114622,"[82515, 61718, 86772, 3447, 106698, 88083, 21760, 50653, 39802, 106926]"
114623,"[91262, 36780, 42665, 49637, 75195, 73978, 5757, 9844, 106889, 106206]"
114624,"[6778, 91374, 103959, 56919, 78104, 94616, 17784, 92670, 46307, 100266]"
114625,"[89778, 46470, 23098, 42325, 31011, 52488, 42077, 59417, 42926, 35584]"
114626,"[94141, 45128, 81445, 52671, 73917, 9870, 105323, 29100, 51538, 94682]"
114627,"[10742, 14179, 62444, 4649, 73457, 94172, 79597, 66421, 46026, 27310]"
114628,"[58160, 105208, 25085, 6012, 48322, 17762, 6021, 7219, 101462, 29799]"
114629,"[105530, 61069, 88726, 66827, 92203, 12306, 56653, 20590, 58178, 7020]"
114630,"[95438, 79588, 49528, 75568, 108742, 31280, 47721, 12533, 34875, 69790]"
114631,"[100130, 62124, 5253, 23404, 84915, 33528, 89472, 72442, 16976, 77428]"
114632,"[19616, 38154, 55431, 60426, 17304, 53069, 83053, 49187, 23082, 101705]"
114633,"[101455, 8155, 48155, 17211, 1917, 79581, 31652, 31299, 23905, 32336]"
114634,"[9852, 68863, 4141, 65881, 57521, 95480, 3905, 11993, 82476, 19119]"
114635,"[76630, 25435, 102690, 70673, 21305, 24564, 87924, 17960, 49365, 49376]"
114636,"[86254, 108865, 100930, 26097, 41155, 46212, 35597, 41067, 101633, 65194]"
114637,"[3577, 76, 10090, 46975, 109680, 91929, 24626, 12899, 30872, 80235]"
114638,"[41440, 3136, 105796, 42218, 29056, 106115, 44606, 38765, 105732, 21143]"
114639,"[82401, 34379, 103423, 68690, 34712, 36602, 43925, 52048, 92657, 9959]"
114640,"[50017, 54486, 5340, 44322, 82920, 73006, 89257, 10828, 30138, 75456]"
114641,"[32519, 21660, 46829, 78492, 80299, 96698, 92949, 2942, 41742, 75949]"
114642,"[1188, 80556, 28901, 90081, 92739, 15755, 91697, 20163, 80570, 109326]"
114643,"[3284, 86053, 41583, 84299, 73329, 59241, 17398, 346, 14074, 2819]"
114644,"[63485, 44219, 24445, 63949, 65213, 28561, 92183, 61825, 85797, 62385]"
114645,"[98194, 8470, 5169, 13869, 36279, 7618, 19657, 71767, 89399, 43667]"
114646,"[44519, 25799, 32690, 5001, 6627, 76583, 20516, 22040, 42106, 100835]"
114647,"[31425, 83623, 83744, 52930, 9298, 6396, 42420, 107537, 18548, 45220]"
114648,"[11919, 96958, 23324, 24653, 101327, 56789, 99304, 5693, 64289, 64074]"
114649,"[64395, 72376, 90107, 15579, 40256, 16450, 96368, 49135, 101259, 101115]"
114650,"[47671, 108499, 49991, 61875, 102895, 14072, 66319, 63262, 51351, 57694]"
114651,"[78856, 109452, 65203, 57926, 26192, 50811, 81369, 82549, 37994, 43096]"
114652,"[61075, 7315, 10230, 47543, 90194, 51802, 29655, 104661, 107967, 101387]"
114653,"[9652, 10597, 30164, 63357, 36953, 92111, 4116, 96907, 106027, 8026]"
114654,"[98015, 80873, 18583, 40317, 83947, 73920, 98810, 25752, 98945, 63793]"
114655,"[101194, 101394, 6226, 95511, 47681, 79674, 34678, 65605, 10714, 88124]"
114656,"[17540, 38411, 72902, 98421, 95737, 58262, 109591, 8175, 52273, 94753]"
114657,"[14784, 33122, 106179, 84274, 99005, 19722, 84818, 83584, 44913, 6476]"
114658,"[28468, 87317, 49166, 38551, 61437, 61007, 97902, 51678, 9765, 71547]"
114659,"[15137, 36732, 64000, 66381, 24154, 37187, 105582, 37000, 28432, 12233]"
114660,"[67566, 65346, 40895, 84823, 35121, 103981, 94535, 84473, 55746, 10141]"
114661,"[108389, 102948, 9391, 73678, 20801, 96121, 88234, 22689, 34383, 46368]"
114662,"[9051, 18491, 27432, 38951, 20427, 79531, 82692, 95318, 71362, 96719]"
114663,"[24101, 41093, 82068, 22652, 33272, 105964, 83969, 92394, 41991, 74818]"
114664,"[97181, 56388, 973, 74540, 28987, 59195, 9592, 53502, 98754, 26304]"
114665,"[13660, 99003, 73229, 7971, 2167, 3309, 74547, 4850, 69859, 6994]"
114666,"[70717, 34432, 12880, 84740, 105786, 8004, 7366, 78336, 1019, 28635]"
114667,"[3395, 66035, 86532, 99191, 75832, 22215, 55399, 30432, 95921, 25977]"
114668,"[39358, 108783, 73194, 52705, 92470, 99819, 98358, 348, 522, 79507]"
114669,"[91103, 60985, 106463, 18117, 19692, 44112, 80381, 73875, 27955, 82599]"
114670,"[93135, 101970, 79365, 83279, 47878, 47716, 90052, 33122, 48258, 39408]"
114671,"[15743, 207, 50575, 100183, 82865, 37631, 66584, 105558, 66672, 33708]"
114672,"[36176, 78110, 99405, 2150, 7461, 93683, 49730, 42257, 71680, 60061]"
114673,"[78739, 79335, 38988, 78178, 20596, 6724, 25523, 101407, 93287, 72501]"
114674,"[69829, 98974, 102970, 28454, 46662, 102908, 25952, 44735, 753, 97530]"
114675,"[21577, 53644, 59410, 78656, 16933, 75901, 46595, 43278, 101525, 98679]"
114676,"[80863, 79120, 29181, 1448, 65282, 99140, 90181, 98781, 37116, 30306]"
114677,"[79603, 24641, 24434, 108546, 36962, 36075, 7749, 53952, 40331, 65592]"
114678,"[87252, 97307, 57606, 84193, 43500, 18204, 16523, 71824, 9968, 12136]"
114679,"[106019, 47454, 84033, 66546, 2599, 109680, 101901, 71217, 80079, 80502]"
114680,"[96829, 71057, 70252, 77534, 77401, 20871, 80361, 87836, 88387, 52016]"
114681,"[33696, 65449, 100031, 45332, 76735, 35790, 89684, 62407, 52697, 20836]"
114682,"[36311, 82752, 3038, 17376, 18309, 53025, 83087, 104741, 5932, 37578]"
114683,"[52657, 24002, 101901, 45666, 103676, 40782, 77277, 8409, 68333, 10090]"
114684,"[29837, 47504, 87830, 27735, 40666, 94506, 99279, 106821, 84422, 75167]"
114685,"[34988, 19366, 31098, 18986, 51603, 13451, 34597, 51671, 70563, 95086]"
114686,"[16012, 21169, 76138, 28176, 109338, 60363, 33232, 21972, 53041, 234]"
114687,"[37715, 73468, 71470, 64954, 66080, 25170, 31679, 54865, 39142, 93735]"
114688,"[84703, 82856, 48265, 40672, 65259, 70491, 47325, 59961, 11014, 77489]"
114689,"[53126, 69827, 2558, 53713, 57009, 40703, 3695, 54619, 5246, 29607]"
114690,"[41810, 21541, 88507, 4404, 17197, 19088, 87014, 101661, 72921, 5021]"
114691,"[104269, 764, 45784, 90974, 96567, 109004, 6208, 78938, 71473, 71785]"
114692,"[8154, 53030, 33620, 107030, 105320, 15932, 97856, 84612, 54159, 74564]"
114693,"[87175, 22761, 77796, 32693, 20486, 105897, 48177, 41391, 11259, 73453]"
114694,"[68164, 35469, 11249, 67101, 69469, 77917, 64952, 63606, 71934, 65227]"
114695,"[100783, 11092, 40266, 24676, 36451, 48137, 2292, 96172, 67362, 94262]"
114696,"[1904, 11468, 52883, 40724, 22004, 17892, 89890, 90052, 33003, 109037]"
114697,"[105642, 17744, 99200, 20904, 40414, 25531, 58767, 106270, 15137, 21674]"
114698,"[2598, 37534, 108314, 35387, 98818, 12360, 6998, 32996, 92349, 30418]"
114699,"[96546, 53949, 105126, 62431, 75187, 10186, 58158, 47396, 3647, 19563]"
114700,"[79919, 28735, 36563, 96931, 41666, 29987, 83791, 50517, 108429, 107965]"
114701,"[54189, 70015, 103384, 48347, 80347, 96418, 55912, 56296, 11980, 92415]"
114702,"[89221, 2616, 35292, 9015, 105656, 52900, 10865, 54537, 44634, 64788]"
114703,"[42768, 74397, 1690, 27735, 94506, 69273, 20458, 45866, 2183, 79831]"
114704,"[64142, 64396, 74790, 89258, 94294, 94660, 53821, 15260, 13302, 56464]"
114705,"[71349, 106316, 44574, 45084, 102009, 45062, 100063, 92847, 92075, 47045]"
114706,"[64695, 19684, 23144, 78231, 48088, 38801, 34681, 1397, 41426, 108901]"
114707,"[9249, 17069, 11973, 77232, 58308, 66141, 66575, 1753, 43054, 41687]"
114708,"[72315, 97222, 102915, 28029, 85261, 45693, 91720, 71975, 55240, 10892]"
114709,"[45594, 69471, 109720, 79817, 90543, 85731, 14675, 14707, 51325, 58550]"
114710,"[27392, 36546, 52046, 30156, 84619, 67890, 36416, 108920, 106068, 97201]"
114711,"[33760, 52005, 34040, 24621, 72054, 90409, 23626, 90768, 303, 63726]"
114712,"[106354, 93276, 83329, 73271, 11078, 28022, 93095, 49879, 107448, 72454]"
114713,"[13240, 95240, 60472, 108134, 100793, 14775, 18172, 84403, 53696, 42770]"
114714,"[53722, 73246, 31114, 29851, 46023, 39893, 70073, 99854, 76456, 102366]"
114715,"[14922, 73734, 86940, 23248, 3925, 64996, 58154, 3841, 22150, 32781]"
114716,"[52882, 93372, 10617, 39140, 27090, 1426, 75068, 12475, 17969, 46528]"
114717,"[48930, 56982, 40850, 86568, 5881, 85665, 21961, 95295, 1896, 13545]"
114718,"[58311, 23228, 85643, 31771, 36, 54545, 61221, 90295, 70644, 39478]"
114719,"[101763, 27768, 50247, 89871, 1483, 5, 84028, 59439, 96673, 56380]"
114720,"[30662, 45466, 65772, 70032, 34123, 95502, 46389, 100720, 67165, 14492]"
114721,"[16091, 88680, 56730, 72854, 29016, 15721, 17279, 33225, 50136, 65362]"
114722,"[99169, 50730, 102283, 61433, 59454, 27706, 89040, 48197, 109243, 31780]"
114723,"[904, 33036, 8865, 72080, 66632, 25416, 40606, 100879, 33002, 29851]"
114724,"[82870, 49171, 102632, 21907, 54070, 35651, 69337, 71084, 1613, 22485]"
114725,"[68772, 14185, 52740, 9269, 15084, 95180, 54134, 20348, 25754, 49329]"
114726,"[58008, 106022, 6766, 17756, 43229, 106167, 11986, 50963, 59803, 70948]"
114727,"[39200, 93859, 34721, 4447, 59936, 66482, 73644, 42226, 21254, 28986]"
114728,"[75769, 40555, 7979, 104987, 37489, 7275, 101589, 18422, 60405, 87601]"
114729,"[66437, 52606, 94737, 94537, 76382, 60793, 19476, 23721, 8521, 33566]"
114730,"[98324, 56553, 42751, 101182, 31846, 105339, 28945, 11892, 23694, 5430]"
114731,"[63871, 48407, 4627, 30699, 2476, 53232, 100837, 62998, 50281, 50490]"
114732,"[80908, 43505, 80215, 38276, 24716, 90840, 93896, 19317, 11421, 55914]"
114733,"[95743, 96601, 79662, 85312, 46654, 91757, 84150, 75311, 38863, 61489]"
114734,"[1305, 82216, 55025, 61596, 38440, 11713, 106315, 72912, 4715, 104471]"
114735,"[16766, 29398, 56675, 85742, 53403, 46391, 12604, 101304, 104656, 25894]"
114736,"[98323, 54425, 39416, 35621, 36138, 39888, 106653, 32342, 7371, 67971]"
114737,"[28653, 5249, 94420, 67858, 78195, 41728, 51302, 64373, 56609, 65280]"
114738,"[37573, 35812, 68901, 89975, 15057, 5588, 87888, 105791, 7665, 18252]"
114739,"[47630, 87347, 16508, 4834, 84689, 18093, 72665, 97352, 78883, 109380]"
114740,"[21776, 70245, 573, 56510, 25337, 16380, 31140, 28094, 21535, 48055]"
114741,"[108302, 56785, 68584, 103366, 51847, 67553, 46778, 2631, 9809, 5631]"
114742,"[107959, 69256, 17221, 49783, 65471, 25389, 47826, 59477, 1598, 9640]"
114743,"[175, 18641, 25302, 76654, 40547, 68412, 93627, 29806, 66920, 10518]"
114744,"[11731, 27884, 94630, 82253, 109206, 96720, 42196, 94633, 5879, 81547]"
114745,"[57040, 63247, 6578, 36429, 352, 8999, 12885, 75773, 85264, 61982]"
114746,"[28155, 40018, 61536, 3745, 109000, 76635, 10924, 65550, 35713, 59280]"
114747,"[107545, 85263, 9171, 93053, 27397, 39537, 58973, 90819, 22163, 36141]"
114748,"[22707, 68473, 78052, 15023, 61849, 90494, 2429, 82189, 1776, 54227]"
114749,"[68393, 6056, 20310, 97561, 50364, 68496, 21765, 95160, 26524, 104509]"
114750,"[72411, 103182, 72910, 63143, 44056, 102863, 11343, 19929, 27010, 37940]"
114751,"[26832, 78171, 31621, 106284, 23864, 39132, 54368, 65946, 71502, 37555]"
114752,"[27254, 9462, 27567, 1738, 78180, 61676, 53721, 41235, 75157, 33123]"
114753,"[23652, 50958, 100321, 69524, 9028, 85155, 5828, 37057, 99868, 19507]"
114754,"[10194, 14338, 64087, 78489, 37600, 106576, 8446, 88911, 57696, 59964]"
114755,"[65230, 106623, 101853, 77032, 2091, 80622, 43517, 41866, 90231, 23933]"
114756,"[1086, 8633, 5380, 105767, 94571, 72633, 93542, 9173, 97604, 60779]"
114757,"[7611, 43315, 21246, 26979, 84890, 28520, 101496, 80086, 1777, 40626]"
114758,"[101288, 3861, 69307, 52484, 38914, 85791, 23252, 95957, 35433, 16911]"
114759,"[15155, 70780, 23587, 3053, 65578, 74832, 51270, 78961, 21411, 59331]"
114760,"[56597, 4377, 5490, 94617, 64410, 72203, 77920, 88010, 17897, 62686]"
114761,"[65410, 68698, 85257, 63467, 83465, 66465, 64235, 69446, 22866, 74599]"
114762,"[1161, 49919, 39780, 85360, 72087, 47209, 18453, 83922, 51995, 78303]"
114763,"[66389, 15637, 25042, 95619, 29929, 298, 10639, 82675, 98762, 78182]"
114764,"[78719, 12183, 41754, 19911, 26583, 4098, 107673, 84596, 4656, 81930]"
114765,"[66275, 90089, 89373, 11272, 7833, 5399, 63066, 53126, 7262, 90959]"
114766,"[68328, 37569, 29329, 43803, 45824, 1841, 5666, 66207, 20279, 61681]"
114767,"[97523, 32399, 99056, 42112, 76649, 104956, 27352, 27736, 24958, 58462]"
114768,"[103124, 75825, 79210, 17323, 21330, 67369, 68118, 7901, 74053, 36757]"
114769,"[36164, 55224, 104130, 28390, 26292, 1863, 57012, 82510, 46531, 93899]"
114770,"[11733, 41189, 34582, 19418, 23201, 86013, 40407, 55417, 8959, 7931]"
114771,"[31756, 79717, 101618, 57078, 47227, 109309, 86198, 86864, 86945, 7289]"
114772,"[53985, 43734, 72550, 10167, 56272, 9647, 87318, 43645, 95737, 33177]"
114773,"[1337, 76851, 85398, 86606, 70486, 52167, 92445, 84845, 567, 41761]"
114774,"[17456, 34638, 30338, 20579, 76780, 22351, 27134, 53174, 9534, 74302]"
114775,"[59438, 103, 66163, 42032, 95393, 30807, 95461, 24196, 40617, 67444]"
114776,"[366, 83872, 43236, 106338, 25733, 59133, 9589, 101012, 50724, 96172]"
114777,"[16226, 2498, 64759, 90343, 73978, 5757, 106889, 13215, 69645, 203]"
114778,"[40468, 13035, 5781, 68014, 88970, 87896, 82183, 103511, 42761, 78093]"
114779,"[30875, 97878, 66642, 90527, 6621, 8860, 29641, 92204, 41841, 89269]"
114780,"[50230, 16103, 41488, 99685, 33260, 18931, 58411, 100201, 52818, 46798]"
114781,"[63999, 67820, 15524, 97146, 96407, 83360, 53769, 100239, 4011, 31106]"
114782,"[48338, 16330, 35170, 50253, 97560, 108047, 71350, 82425, 2507, 87029]"
114783,"[85496, 36596, 100238, 109372, 38860, 42913, 95790, 35541, 90604, 19630]"
114784,"[62581, 74519, 77988, 50203, 46137, 59659, 24102, 10152, 42572, 59851]"
114785,"[10202, 41286, 64329, 7070, 53729, 97259, 59997, 7354, 19653, 107950]"
114786,"[21615, 37617, 41545, 56685, 60742, 24349, 10106, 50469, 39686, 53503]"
114787,"[93892, 35974, 5200, 33102, 77798, 22315, 107449, 52822, 65539, 53631]"
114788,"[26183, 90049, 76315, 53984, 35847, 91118, 95770, 85982, 89427, 63236]"
114789,"[68822, 79117, 69268, 49915, 97223, 80833, 108135, 83237, 44521, 5538]"
114790,"[84837, 19696, 36848, 54268, 1606, 95040, 48560, 54095, 11085, 82167]"
114791,"[38265, 25560, 67836, 62739, 66926, 95, 84029, 76489, 22034, 80566]"
114792,"[11769, 37885, 21804, 36778, 22710, 68179, 10606, 100266, 60844, 53211]"
114793,"[67614, 49509, 24443, 22102, 85001, 63614, 104280, 25255, 43527, 95645]"
114794,"[40531, 98555, 92693, 84177, 68255, 37630, 17131, 96969, 101163, 3498]"
114795,"[68629, 89726, 38428, 88122, 10596, 92765, 21340, 61180, 16542, 58375]"
114796,"[95805, 79394, 27821, 52218, 72830, 76355, 5025, 30246, 74383, 38093]"
114797,"[19102, 16991, 16644, 19683, 75355, 107080, 14203, 70530, 35275, 92686]"
114798,"[102607, 94426, 72637, 81520, 68137, 60312, 82227, 71372, 101636, 27404]"
114799,"[47880, 49464, 75192, 77036, 19284, 3281, 54457, 24956, 85615, 76251]"
114800,"[41964, 72494, 28122, 71007, 19466, 32883, 56481, 65532, 1738, 61676]"
114801,"[12592, 67422, 99193, 39069, 50118, 62934, 109453, 88620, 20704, 25239]"
114802,"[40231, 23197, 24396, 108091, 79615, 36006, 42465, 58166, 36824, 88750]"
114803,"[2814, 105119, 153, 52207, 34808, 35509, 73919, 92036, 78096, 10887]"
114804,"[96943, 109317, 52022, 49005, 60713, 69163, 52588, 46893, 76662, 4381]"
114805,"[6783, 56221, 87603, 95943, 97719, 32838, 42527, 109589, 13525, 55276]"
114806,"[91676, 67805, 103388, 107167, 1901, 7576, 26566, 140, 97541, 104389]"
114807,"[19979, 52667, 55203, 100205, 51937, 42205, 100193, 97804, 22248, 27147]"
114808,"[40282, 31101, 60432, 16676, 66307, 50358, 93058, 96568, 82325, 99472]"
114809,"[87459, 20476, 46691, 66703, 106405, 14778, 73710, 54939, 78667, 1559]"
114810,"[49126, 37771, 78906, 74075, 43752, 108274, 31506, 92867, 108767, 5271]"
114811,"[30435, 94845, 70288, 10256, 61141, 4198, 30531, 78926, 23628, 56603]"
114812,"[83484, 15806, 8063, 63950, 45991, 46264, 3815, 88246, 71123, 11007]"
114813,"[106243, 2918, 100999, 54018, 7075, 61135, 79237, 43937, 38773, 55525]"
114814,"[75401, 64631, 49083, 71640, 103118, 13073, 72574, 54650, 84003, 10208]"
114815,"[70560, 7777, 61641, 24586, 23369, 42557, 70981, 73400, 69772, 35230]"
114816,"[697, 46228, 67040, 58856, 43982, 79976, 103095, 90137, 90153, 95996]"
114817,"[46672, 92240, 60593, 41615, 36418, 18818, 67468, 41497, 80836, 15495]"
114818,"[42490, 73999, 29626, 78310, 44622, 5575, 53168, 79356, 49993, 29662]"
114819,"[15624, 30638, 74556, 68195, 85318, 3174, 90832, 1052, 60731, 104740]"
114820,"[71274, 35563, 13853, 10783, 81354, 8148, 104540, 8326, 32212, 8972]"
114821,"[48669, 106221, 32879, 104425, 89940, 103579, 54178, 77324, 91418, 99369]"
114822,"[1654, 36899, 93196, 60353, 83288, 15999, 5477, 104162, 2952, 32242]"
114823,"[19350, 46753, 37555, 71502, 104824, 10263, 78171, 31621, 59620, 7640]"
114824,"[88429, 37234, 58739, 106964, 40979, 89520, 65139, 36958, 12259, 79760]"
114825,"[91744, 70345, 27446, 73794, 23326, 8084, 54223, 95427, 10350, 44685]"
114826,"[100696, 4274, 14192, 153, 11407, 19902, 53196, 42795, 83304, 26831]"
114827,"[16004, 35208, 50419, 99648, 56300, 74734, 89097, 51305, 109653, 5168]"
114828,"[102459, 11225, 101126, 33237, 38918, 82351, 105579, 108790, 17194, 107291]"
114829,"[55206, 89461, 34842, 17631, 97025, 22633, 1015, 48191, 91805, 25231]"
114830,"[95331, 71234, 89909, 82585, 89093, 19815, 52120, 34186, 958, 106337]"
114831,"[100743, 54221, 52629, 29514, 67818, 27758, 33399, 59244, 24658, 70972]"
114832,"[93924, 72230, 107599, 105581, 102744, 11975, 19105, 50165, 98547, 23535]"
114833,"[58779, 90645, 42557, 48179, 53955, 108388, 29358, 28662, 35230, 79184]"
114834,"[20591, 42006, 2324, 93179, 30802, 8087, 85769, 4629, 54655, 13542]"
114835,"[16580, 64489, 105152, 13198, 60624, 96935, 10716, 39554, 77202, 12764]"
114836,"[79848, 104724, 89454, 69360, 104768, 91119, 20909, 84758, 40406, 78600]"
114837,"[39698, 64423, 9764, 37418, 60925, 55938, 46856, 85024, 99505, 49180]"
114838,"[68303, 65612, 68253, 6322, 49056, 35116, 4512, 46541, 99254, 60708]"
114839,"[7770, 91580, 104881, 68092, 43469, 68172, 53717, 108041, 38618, 109614]"
114840,"[97350, 41017, 42647, 67510, 85491, 101753, 103285, 35581, 74027, 21515]"
114841,"[26848, 36070, 14761, 52224, 73090, 74975, 13082, 98090, 92737, 9167]"
114842,"[22611, 102187, 30391, 86001, 17031, 32787, 64655, 19523, 73314, 10882]"
114843,"[50612, 24116, 65340, 104818, 28282, 6254, 76638, 19906, 97858, 4437]"
114844,"[71375, 41050, 62796, 87955, 67791, 22566, 84637, 10043, 13141, 105395]"
114845,"[78143, 16533, 95847, 85756, 28125, 56416, 14200, 53237, 71453, 7677]"
114846,"[90257, 25131, 88275, 37408, 63042, 104272, 73736, 109554, 8254, 41251]"
114847,"[39945, 2524, 32876, 59573, 100728, 108419, 56016, 2263, 1802, 93576]"
114848,"[14757, 72249, 25367, 90173, 77841, 53957, 28777, 65672, 61611, 8798]"
114849,"[83521, 90111, 68427, 105901, 90626, 64672, 60574, 108895, 31325, 89140]"
114850,"[74600, 83584, 86367, 80406, 36086, 89239, 10110, 84080, 36625, 68580]"
114851,"[109244, 73226, 36230, 39145, 91210, 63551, 68269, 57368, 70080, 94777]"
114852,"[20625, 84985, 63216, 77669, 55680, 27619, 65231, 88100, 60423, 71429]"
114853,"[21298, 42162, 82244, 73601, 31136, 49172, 49304, 32911, 93938, 19072]"
114854,"[1187, 78899, 31015, 41626, 13597, 98017, 73398, 42336, 74078, 54311]"
114855,"[80085, 18504, 100766, 22757, 20269, 104116, 11832, 60445, 48317, 54047]"
114856,"[6658, 867, 27031, 64086, 38513, 73508, 23797, 58127, 11366, 21155]"
114857,"[92773, 33089, 74496, 109461, 25451, 21616, 96156, 26303, 19778, 9202]"
114858,"[9786, 38938, 66628, 109172, 121, 81515, 5299, 5010, 53073, 37489]"
114859,"[60628, 90942, 6838, 19196, 737, 12806, 25803, 41267, 99071, 32040]"
114860,"[46927, 52368, 69100, 74436, 43367, 87788, 21215, 23595, 3791, 85865]"
114861,"[24882, 87076, 56413, 68032, 5414, 83681, 20338, 77860, 15078, 35067]"
114862,"[63712, 39087, 77535, 68670, 94747, 32551, 99529, 9506, 94143, 20850]"
114863,"[42882, 78838, 64191, 37122, 27159, 19285, 86614, 68690, 24378, 44328]"
114864,"[72777, 107651, 45947, 1705, 21518, 50444, 75742, 46924, 19771, 14654]"
114865,"[31739, 103723, 53750, 33574, 66910, 53748, 5659, 8393, 27635, 38966]"
114866,"[43418, 91235, 92207, 24303, 102412, 22516, 15703, 10535, 18726, 67774]"
114867,"[95295, 33694, 67811, 16825, 79444, 58271, 8334, 62560, 101197, 86377]"
114868,"[21126, 17440, 21547, 8043, 99505, 53948, 89505, 106061, 105776, 54167]"
114869,"[2115, 46532, 10478, 66255, 104857, 68940, 42279, 17239, 36419, 23433]"
114870,"[107710, 66006, 88884, 94465, 51556, 99985, 88891, 10052, 65107, 54926]"
114871,"[16204, 2587, 91282, 43560, 83036, 36900, 42397, 48302, 772, 90269]"
114872,"[105668, 66289, 108577, 38991, 75864, 68536, 29112, 12048, 33848, 38446]"
114873,"[78646, 105450, 36474, 76829, 54491, 107394, 45509, 74712, 86600, 93274]"
114874,"[102454, 93261, 84505, 15249, 109272, 85526, 3965, 56244, 15043, 96626]"
114875,"[98909, 9588, 100947, 77876, 69422, 88496, 42078, 43383, 72850, 54823]"
114876,"[89491, 5637, 32042, 35941, 71601, 68318, 104284, 62531, 64647, 71144]"
114877,"[102666, 59226, 97739, 51820, 61143, 62090, 43789, 32804, 2804, 93288]"
114878,"[39936, 4506, 36812, 296, 45440, 82100, 16296, 72710, 5726, 22863]"
114879,"[20909, 17052, 87228, 32302, 2601, 70729, 106816, 60522, 18693, 33731]"
114880,"[91713, 53568, 18843, 33064, 87913, 51018, 26946, 66776, 87455, 76987]"
114881,"[24771, 103871, 30169, 17453, 14033, 16625, 65716, 101486, 42110, 42485]"
114882,"[26151, 65560, 54608, 23144, 38801, 41929, 64695, 47569, 80115, 34681]"
114883,"[75756, 58770, 102372, 10973, 9523, 32951, 54527, 86821, 63837, 94196]"
114884,"[28825, 4853, 75871, 39267, 86658, 47570, 49311, 75632, 84685, 84131]"
114885,"[1910, 78717, 27113, 68416, 104572, 69821, 86858, 35050, 11912, 13017]"
114886,"[106910, 67231, 79045, 86294, 78597, 57395, 91276, 98536, 67409, 17836]"
114887,"[65846, 82295, 66458, 107812, 59950, 914, 18196, 12922, 82289, 95377]"
114888,"[58803, 30711, 63798, 54602, 21618, 57571, 62689, 76538, 23565, 82442]"
114889,"[39509, 17251, 38085, 73135, 52238, 42193, 56792, 35345, 17024, 14364]"
114890,"[74196, 19266, 74720, 57866, 71504, 46596, 96834, 24837, 20031, 108552]"
114891,"[74090, 53618, 35132, 10644, 106449, 8530, 100316, 30192, 58950, 47575]"
114892,"[75793, 40466, 8331, 37614, 67902, 57443, 5077, 61526, 47755, 55102]"
114893,"[52732, 39758, 64741, 87618, 24634, 74541, 88628, 26625, 92475, 91566]"
114894,"[61720, 26052, 109103, 100231, 85864, 7644, 91456, 56909, 464, 12967]"
114895,"[5384, 7390, 46171, 7555, 87757, 48365, 48650, 3614, 93889, 98755]"
114896,"[43505, 101095, 101354, 49492, 19317, 42453, 83469, 93896, 80908, 10021]"
114897,"[48427, 17594, 11356, 86487, 103024, 42947, 50578, 108068, 13124, 106383]"
114898,"[28179, 89481, 8169, 1381, 85634, 15735, 219, 2431, 44893, 61108]"
114899,"[38384, 62073, 78331, 66623, 27816, 23104, 93198, 8531, 81861, 89219]"
114900,"[72653, 12824, 54739, 32406, 5485, 89878, 74117, 109039, 31926, 61740]"
114901,"[9219, 68059, 48051, 75864, 35685, 97637, 75950, 35563, 81354, 64935]"
114902,"[40881, 46292, 22948, 105727, 4226, 93418, 103707, 38750, 41416, 38289]"
114903,"[95271, 97267, 66284, 93615, 12198, 63392, 35739, 75665, 100651, 89841]"
114904,"[83843, 88024, 46991, 54984, 41672, 12561, 41711, 46366, 5354, 14482]"
114905,"[32395, 13672, 48871, 101040, 109340, 18810, 68882, 107454, 88874, 25288]"
114906,"[52280, 88254, 36839, 56479, 3042, 9369, 103786, 89159, 62346, 64254]"
114907,"[43366, 33449, 104151, 14660, 98750, 36378, 289, 101613, 98558, 19022]"
114908,"[68024, 11853, 8382, 65369, 71451, 18754, 19679, 55996, 53119, 25235]"
114909,"[41518, 65725, 15240, 23155, 38671, 54951, 106756, 20153, 94152, 59298]"
114910,"[23522, 19786, 36763, 18524, 44961, 9020, 16741, 46976, 99464, 102893]"
114911,"[74259, 92285, 19619, 3036, 74390, 47410, 88349, 17390, 23866, 104163]"
114912,"[82383, 89678, 109745, 82841, 34811, 89671, 96362, 39700, 108571, 54307]"
114913,"[31811, 31815, 27883, 49025, 85911, 23012, 96641, 99050, 100834, 54992]"
114914,"[97523, 88072, 43345, 92706, 19107, 42112, 104956, 74236, 58462, 55775]"
114915,"[1179, 11576, 1576, 6207, 3012, 6320, 25245, 90637, 4878, 45494]"
114916,"[88884, 53245, 44921, 102404, 51556, 28167, 88891, 107710, 94465, 109745]"
114917,"[43721, 108412, 44375, 76452, 74170, 62653, 57033, 90099, 52190, 31119]"
114918,"[84377, 80420, 30505, 91688, 42125, 16177, 5478, 10397, 47622, 33310]"
114919,"[33048, 32675, 24359, 26247, 37828, 43559, 24831, 35937, 42822, 4171]"
114920,"[92812, 37505, 87648, 100920, 34954, 26994, 52245, 28026, 23915, 32189]"
114921,"[53812, 68773, 22065, 62545, 58681, 81563, 18553, 50134, 30276, 9842]"
114922,"[50382, 75489, 46275, 14795, 94610, 30571, 83421, 85026, 83542, 88887]"
114923,"[98833, 75897, 37660, 35796, 12832, 18482, 9568, 7055, 48758, 7154]"
114924,"[63653, 14670, 41206, 14624, 97554, 93752, 54303, 68302, 76532, 7011]"
114925,"[88312, 46033, 57772, 27218, 106978, 57160, 29832, 26581, 104400, 31141]"
114926,"[18211, 36826, 31338, 85458, 89341, 45981, 99805, 80453, 78930, 89392]"
114927,"[76217, 2708, 65962, 72401, 68591, 15483, 107907, 65622, 41349, 73183]"
114928,"[61179, 103457, 98839, 38958, 27903, 107299, 77256, 108876, 81206, 13205]"
114929,"[95462, 19529, 68081, 89626, 82403, 51581, 78935, 15731, 70211, 67840]"
114930,"[16495, 64367, 109741, 52631, 76620, 90711, 28851, 13891, 68837, 84778]"
114931,"[83944, 25735, 96613, 105605, 45389, 76330, 42245, 50039, 18779, 10056]"
114932,"[31140, 21776, 53373, 4643, 109589, 87233, 60264, 103153, 83133, 35085]"
114933,"[38545, 33997, 91028, 44630, 70295, 53470, 10387, 35366, 69878, 34315]"
114934,"[33512, 60722, 21686, 70731, 38560, 43771, 38475, 18980, 69832, 18900]"
114935,"[10150, 24362, 98233, 104564, 58566, 42820, 9034, 93548, 79270, 94685]"
114936,"[68608, 3614, 46431, 99082, 95269, 44162, 98849, 66356, 41642, 28610]"
114937,"[42444, 30687, 65220, 51482, 75395, 90140, 10131, 101597, 44089, 84600]"
114938,"[46960, 99793, 50426, 33769, 101561, 48515, 41399, 7631, 100176, 22195]"
114939,"[53590, 85337, 109267, 73722, 18277, 104560, 102173, 61695, 47228, 39819]"
114940,"[90179, 38391, 77915, 23030, 92911, 3711, 63416, 48895, 40530, 75388]"
114941,"[44059, 2888, 104236, 101145, 12024, 14312, 70320, 65109, 20549, 38612]"
114942,"[83543, 18045, 27929, 49818, 83378, 83318, 47010, 39865, 44639, 64265]"
114943,"[70979, 54183, 89486, 28826, 51518, 26903, 99817, 53132, 34390, 67322]"
114944,"[34771, 20388, 67787, 14426, 103442, 19820, 102707, 30753, 64914, 38310]"
114945,"[3031, 50201, 104491, 59757, 77868, 54155, 46968, 10800, 28423, 25765]"
114946,"[74510, 27087, 93541, 71291, 39939, 44248, 15828, 88770, 18841, 97657]"
114947,"[99019, 59906, 100810, 15173, 24799, 26210, 79818, 77030, 59530, 50253]"
114948,"[99636, 81199, 13774, 93432, 67326, 5183, 102170, 48650, 42207, 87353]"
114949,"[77806, 28446, 66657, 16384, 16463, 93389, 12408, 13350, 64997, 69804]"
114950,"[25558, 92229, 17863, 91143, 54461, 15345, 73576, 55896, 56117, 65225]"
114951,"[30537, 937, 72447, 71079, 44205, 80475, 99801, 109397, 58886, 58608]"
114952,"[6705, 52108, 57813, 36083, 17922, 102075, 36379, 76581, 23722, 65437]"
114953,"[75383, 106968, 50943, 93276, 79221, 104937, 56678, 34874, 17422, 46892]"
114954,"[82833, 42730, 8318, 75710, 16714, 8026, 107715, 73614, 84937, 21849]"
114955,"[7912, 43426, 40747, 70030, 11278, 84590, 98412, 98949, 8796, 96691]"
114956,"[78104, 94616, 82977, 17536, 6778, 103959, 58565, 18198, 45777, 17784]"
114957,"[75202, 35549, 3961, 11928, 64926, 29495, 210, 103290, 29886, 50713]"
114958,"[87991, 53036, 950, 14579, 109113, 10943, 103692, 101652, 24422, 62212]"
114959,"[67782, 60747, 91025, 16470, 9880, 45151, 23304, 103103, 96205, 7724]"
114960,"[90807, 30832, 82269, 25595, 40262, 47075, 43562, 66464, 86216, 27480]"
114961,"[6847, 5755, 73775, 17139, 57237, 50223, 44266, 8432, 84578, 102415]"
114962,"[34894, 16152, 87280, 91664, 34256, 18950, 75501, 18725, 68470, 49923]"
114963,"[40039, 28309, 47369, 59145, 25577, 84093, 11480, 84057, 47821, 86636]"
114964,"[6982, 70498, 75802, 16349, 55727, 19386, 86315, 89963, 61658, 7230]"
114965,"[68539, 15264, 53722, 99854, 95436, 102366, 34590, 104952, 29851, 8865]"
114966,"[57981, 83819, 36082, 29775, 47198, 17380, 41726, 19079, 16924, 21723]"
114967,"[38691, 53062, 51746, 24195, 21489, 26610, 28476, 25084, 25050, 94577]"
114968,"[74435, 77474, 78787, 39291, 77740, 35060, 44064, 97949, 47819, 35257]"
114969,"[55109, 74299, 30700, 73506, 99384, 108808, 47562, 30427, 59824, 56408]"
114970,"[16122, 50154, 32537, 59290, 8405, 2386, 45360, 22254, 100073, 72813]"
114971,"[106569, 40186, 93882, 89815, 81806, 712, 22271, 98899, 77267, 61353]"
114972,"[106604, 67122, 30141, 81783, 9162, 34333, 98403, 4244, 7580, 51085]"
114973,"[79544, 11444, 18280, 75447, 60752, 47631, 24634, 43565, 70168, 8047]"
114974,"[17220, 108896, 16864, 91750, 78752, 66729, 72056, 2108, 53467, 97240]"
114975,"[46512, 103053, 81105, 20504, 14543, 71745, 57063, 79579, 69786, 105604]"
114976,"[66073, 106714, 25626, 102147, 57256, 97606, 103997, 44412, 6065, 26875]"
114977,"[50136, 72836, 73195, 37951, 102410, 46340, 23328, 70670, 105304, 67966]"
114978,"[68353, 13506, 56105, 68594, 109014, 87047, 8897, 56094, 20956, 6511]"
114979,"[11143, 101029, 57140, 82712, 76462, 19989, 6649, 29913, 50327, 45400]"
114980,"[5912, 26040, 20216, 57399, 104586, 101902, 75605, 98321, 38284, 73467]"
114981,"[45251, 2996, 88004, 96937, 86661, 17642, 28699, 35264, 29758, 76814]"
114982,"[59993, 85667, 99118, 98858, 70235, 100912, 54701, 81200, 60826, 54157]"
114983,"[103104, 50760, 41846, 57711, 58814, 28572, 60691, 107303, 47363, 65571]"
114984,"[988, 74788, 101542, 47210, 76600, 5469, 34011, 76537, 30703, 36022]"
114985,"[97959, 48386, 15791, 56834, 48060, 85995, 70088, 51144, 49229, 98732]"
114986,"[104067, 106344, 2522, 5985, 93475, 61769, 3854, 101128, 55615, 17545]"
114987,"[55024, 13088, 40026, 101644, 61801, 74146, 99430, 15265, 3784, 71513]"
114988,"[72468, 58653, 42007, 101209, 93286, 23595, 100036, 98526, 90131, 31653]"
114989,"[40435, 13998, 72913, 56150, 26195, 37797, 19117, 76635, 10924, 21274]"
114990,"[32739, 73565, 2890, 37496, 64168, 43861, 5180, 24426, 89562, 48511]"
114991,"[38362, 31215, 107375, 23498, 7032, 13256, 2304, 80940, 63652, 86344]"
114992,"[101002, 24164, 99016, 66994, 51658, 48639, 52470, 44959, 36311, 48796]"
114993,"[96672, 32608, 70406, 84398, 50717, 52960, 29092, 31682, 43880, 31109]"
114994,"[14900, 24355, 74195, 34362, 1695, 88923, 35666, 70813, 29027, 83672]"
114995,"[38219, 106479, 59030, 59197, 37363, 60187, 96678, 45303, 109762, 9852]"
114996,"[15461, 11648, 724, 102520, 94857, 41222, 87407, 25705, 58367, 80456]"
114997,"[66580, 9222, 82058, 43967, 104269, 77101, 98443, 71785, 48507, 869]"
114998,"[98766, 27612, 108662, 48991, 76416, 45517, 41179, 22201, 76142, 71990]"
114999,"[62438, 44644, 81586, 109390, 105393, 38600, 58022, 103235, 21814, 8196]"
115000,"[32888, 101811, 437, 94851, 106667, 68535, 88008, 74265, 58752, 87126]"
115001,"[106130, 5551, 1524, 103472, 54283, 105319, 89331, 63626, 76948, 35810]"
115002,"[35197, 81025, 73648, 5519, 30750, 56706, 87379, 57722, 97297, 78665]"
115003,"[25290, 35956, 14185, 91394, 91413, 23203, 63222, 64456, 68772, 78156]"
115004,"[20210, 16618, 73336, 76308, 36846, 107135, 105297, 104617, 6526, 9495]"
115005,"[86513, 18761, 91697, 35561, 12281, 102523, 92739, 92735, 32337, 48383]"
115006,"[96042, 107828, 6254, 84814, 33858, 48809, 101198, 74813, 66019, 41967]"
115007,"[90726, 55391, 88671, 53596, 78440, 47079, 11448, 72951, 101373, 58226]"
115008,"[19239, 9416, 62064, 43615, 11092, 9489, 74363, 42122, 40314, 22795]"
115009,"[23359, 56742, 72216, 7205, 23904, 91333, 90446, 104343, 95968, 12878]"
115010,"[16997, 36135, 97970, 63625, 77997, 1371, 105541, 19813, 45217, 76925]"
115011,"[27122, 59761, 4069, 54913, 95750, 27811, 64648, 97856, 10394, 29074]"
115012,"[36229, 74174, 83784, 38422, 103605, 32319, 87139, 1620, 35338, 21550]"
115013,"[71531, 35725, 102575, 38828, 27579, 49828, 107678, 96256, 72743, 59500]"
115014,"[72443, 16352, 75375, 56065, 63867, 17666, 50326, 82769, 109771, 105608]"
115015,"[73000, 44218, 60705, 61980, 18085, 98855, 45758, 19750, 92344, 43234]"
115016,"[43721, 62653, 31119, 7157, 104358, 76452, 29795, 87796, 65670, 76047]"
115017,"[18958, 29567, 104536, 19975, 48175, 64188, 14936, 67818, 26056, 77291]"
115018,"[36697, 100877, 91013, 94027, 17606, 93190, 54622, 19063, 70605, 58329]"
115019,"[47102, 37817, 105086, 75796, 64193, 5240, 109117, 28359, 38847, 2670]"
115020,"[22536, 44617, 46176, 50697, 99897, 61324, 8217, 74794, 43515, 50904]"
115021,"[46075, 6103, 96725, 14304, 101044, 88750, 55353, 95142, 53940, 92509]"
115022,"[51479, 70123, 63300, 84445, 90395, 25767, 52785, 60636, 86784, 92237]"
115023,"[87465, 36117, 15286, 11931, 103434, 92841, 53593, 55163, 33336, 77123]"
115024,"[63620, 38010, 90706, 76450, 27361, 37791, 46086, 43636, 50844, 53321]"
115025,"[36702, 22936, 50177, 81780, 22607, 36369, 7662, 45857, 34846, 29618]"
115026,"[66284, 66103, 67609, 93881, 85516, 14115, 77846, 44459, 5544, 20515]"
115027,"[76244, 58243, 50614, 108246, 5964, 44344, 30406, 42515, 62730, 3718]"
115028,"[98131, 38470, 92870, 46043, 88806, 46562, 93033, 12027, 41496, 73792]"
115029,"[17204, 17110, 63156, 40375, 46411, 86317, 61792, 40786, 7119, 72427]"
115030,"[46751, 1074, 107703, 50148, 86746, 23607, 21008, 89765, 23703, 49863]"
115031,"[10506, 68514, 57169, 44847, 94285, 20909, 18693, 63481, 46456, 93315]"
115032,"[49869, 36157, 54469, 76696, 44081, 85714, 34108, 12268, 81604, 83358]"
115033,"[12081, 38958, 98839, 103457, 81206, 27903, 67865, 64587, 13205, 62677]"
115034,"[101348, 79255, 104646, 23200, 776, 37243, 49454, 93909, 76070, 31674]"
115035,"[15618, 62073, 17515, 96902, 12652, 21394, 24186, 38646, 5289, 107811]"
115036,"[65920, 81501, 91997, 74048, 83903, 62402, 41066, 1610, 40931, 12438]"
115037,"[51891, 62763, 96033, 24331, 32239, 72351, 107942, 76441, 39906, 67549]"
115038,"[72409, 4003, 18636, 39357, 95649, 105071, 102954, 73248, 65525, 108354]"
115039,"[96250, 43260, 38785, 46232, 90670, 44449, 20354, 43208, 6645, 47401]"
115040,"[5430, 28711, 47273, 20114, 55228, 105339, 71653, 23694, 102089, 19545]"
115041,"[88966, 96533, 46807, 64027, 59139, 104413, 233, 38809, 23437, 62635]"
115042,"[65486, 91195, 8085, 63051, 24177, 83492, 98189, 109611, 81409, 26526]"
115043,"[5654, 6572, 90771, 74954, 3499, 39271, 100895, 15353, 29486, 32697]"
115044,"[33025, 9036, 80850, 40003, 30150, 34252, 88375, 70062, 67952, 46265]"
115045,"[88566, 34462, 76668, 60519, 14947, 21651, 108533, 21231, 37993, 23269]"
115046,"[96963, 74354, 91377, 30001, 75739, 61277, 892, 32627, 93850, 103326]"
115047,"[101330, 35622, 18023, 29380, 70164, 104066, 5637, 24893, 105682, 106615]"
115048,"[43133, 43408, 42901, 29877, 62737, 87445, 87916, 98283, 67119, 33264]"
115049,"[28923, 86583, 54430, 39426, 55228, 71653, 58581, 75493, 69990, 32959]"
115050,"[103406, 43713, 36903, 13365, 87478, 46618, 47532, 25644, 41469, 57129]"
115051,"[73540, 96971, 48047, 62370, 64939, 451, 108718, 22575, 56972, 102280]"
115052,"[83172, 96820, 93473, 3670, 38751, 61890, 58059, 33171, 68932, 52224]"
115053,"[39717, 81357, 42884, 95910, 25160, 100428, 56423, 21686, 11222, 63963]"
115054,"[33756, 46439, 88594, 84716, 86070, 8252, 69254, 85309, 92327, 64017]"
115055,"[109514, 99588, 27442, 79253, 70429, 63485, 30018, 22269, 63223, 2977]"
115056,"[32731, 78391, 106727, 57224, 79980, 52921, 45004, 79313, 60746, 107762]"
115057,"[57486, 104817, 58917, 98831, 37845, 57485, 43815, 55034, 102524, 37143]"
115058,"[47158, 75520, 80446, 38201, 29990, 47002, 92385, 106488, 25004, 72735]"
115059,"[4448, 13081, 2262, 68029, 73525, 83694, 65180, 10041, 108916, 4272]"
115060,"[59047, 49564, 17845, 66487, 53572, 11268, 32831, 58150, 72151, 80309]"
115061,"[11077, 50955, 69271, 16600, 30208, 53582, 15522, 85506, 5163, 81618]"
115062,"[12938, 36821, 44488, 108415, 39809, 77326, 53322, 60261, 77142, 11279]"
115063,"[61094, 65790, 94535, 79293, 29640, 15763, 87308, 85221, 75604, 80259]"
115064,"[92523, 98162, 93823, 2723, 47638, 1974, 43715, 99474, 30855, 106135]"
115065,"[36789, 39764, 68894, 1141, 2227, 64659, 24741, 95026, 33674, 75524]"
115066,"[34088, 38009, 13494, 22453, 19374, 90641, 74915, 77057, 28272, 72070]"
115067,"[81669, 89759, 82995, 56491, 42987, 60077, 85939, 50584, 66789, 17739]"
115068,"[92639, 71575, 41877, 10050, 23814, 43481, 64501, 105503, 22336, 108862]"
115069,"[89706, 83527, 72902, 52028, 46660, 94588, 7649, 41611, 6213, 106655]"
115070,"[107925, 13683, 70178, 70294, 47274, 35797, 7512, 29701, 93560, 83163]"
115071,"[82498, 78114, 69170, 92931, 109390, 38600, 62438, 44644, 62963, 42582]"
115072,"[53275, 103109, 38112, 33217, 109646, 27391, 51301, 15923, 86151, 2148]"
115073,"[78986, 29232, 85490, 331, 94449, 13705, 20910, 44737, 46039, 65409]"
115074,"[65587, 31849, 44199, 91239, 22704, 24722, 81766, 24630, 5114, 174]"
115075,"[37594, 21762, 26625, 98022, 64828, 30722, 75503, 55447, 62076, 55686]"
115076,"[2697, 29552, 107619, 72017, 38350, 9509, 82482, 14294, 5851, 51873]"
115077,"[82450, 50191, 66782, 23273, 89284, 97447, 24307, 68026, 67331, 43482]"
115078,"[43295, 79031, 40613, 6313, 97836, 96386, 45326, 61952, 17920, 38638]"
115079,"[92239, 93459, 85362, 47079, 26931, 57665, 88671, 66804, 75296, 6802]"
115080,"[77240, 105910, 72873, 57222, 17806, 36000, 29884, 17703, 77867, 82053]"
115081,"[87767, 107817, 55415, 74849, 106570, 87001, 90589, 67919, 57307, 61609]"
115082,"[4378, 12875, 108495, 54084, 53168, 29626, 70696, 33919, 78915, 40263]"
115083,"[97329, 63490, 85531, 85126, 13696, 10881, 21117, 72209, 100207, 51431]"
115084,"[98944, 38360, 39347, 105823, 54725, 15231, 24219, 12186, 84311, 86398]"
115085,"[13838, 6975, 15162, 39490, 78884, 30186, 8239, 74648, 33813, 33133]"
115086,"[42290, 1919, 91309, 3239, 98531, 106859, 80960, 69844, 55422, 9714]"
115087,"[19287, 102487, 53020, 6781, 33977, 41398, 10149, 54355, 41848, 77931]"
115088,"[25027, 34935, 7024, 24363, 52099, 54770, 95618, 74281, 78740, 62976]"
115089,"[27144, 18264, 45828, 105863, 107380, 32557, 71993, 62238, 9040, 58509]"
115090,"[109447, 23141, 41989, 44894, 6775, 42450, 12051, 94674, 55091, 79481]"
115091,"[72648, 54903, 92163, 104857, 68272, 64630, 97208, 41221, 49766, 26424]"
115092,"[99187, 65432, 84034, 82523, 102539, 16929, 10048, 44982, 72652, 44098]"
115093,"[35913, 62434, 6786, 27835, 101248, 101021, 14703, 95263, 93197, 39056]"
115094,"[107855, 41653, 46562, 75892, 59602, 104010, 1176, 59917, 5979, 90535]"
115095,"[75032, 74393, 91207, 79434, 21200, 2752, 33698, 12961, 101184, 27639]"
115096,"[25146, 5625, 57211, 87817, 11817, 96897, 84388, 73449, 97544, 103156]"
115097,"[73733, 80645, 23761, 23511, 90747, 32574, 70516, 66234, 87099, 42328]"
115098,"[21834, 109043, 33600, 56914, 10921, 21867, 106526, 15651, 106221, 11319]"
115099,"[59445, 54793, 8821, 17006, 68993, 36896, 72014, 10367, 90633, 56570]"
115100,"[4966, 54855, 91020, 74071, 88813, 98984, 27497, 37958, 85875, 11137]"
115101,"[57407, 99721, 5774, 107128, 23801, 4449, 82057, 65888, 36735, 26867]"
115102,"[81528, 23439, 32856, 35800, 43162, 59628, 102783, 70081, 48787, 87673]"
115103,"[70806, 94812, 86901, 87195, 18086, 19690, 8364, 20858, 45012, 71548]"
115104,"[22746, 45903, 89352, 26387, 78535, 67876, 32785, 40281, 95266, 54028]"
115105,"[45273, 1688, 89169, 1207, 57486, 99341, 89813, 46227, 60975, 73175]"
115106,"[49892, 106547, 18620, 25739, 13597, 94068, 68321, 51615, 67275, 66923]"
115107,"[39971, 18617, 9642, 57846, 13943, 77858, 34479, 69150, 62899, 103775]"
115108,"[27687, 26298, 64768, 75460, 28623, 34701, 65597, 44497, 15046, 81440]"
115109,"[95719, 88585, 71141, 87190, 106903, 16211, 38773, 36225, 12061, 27646]"
115110,"[50472, 17134, 74912, 86982, 11022, 75397, 99199, 12174, 56171, 1257]"
115111,"[75430, 3868, 56977, 66233, 48103, 75593, 2038, 61303, 23400, 77719]"
115112,"[41927, 36191, 39933, 76684, 51741, 137, 13772, 74691, 26913, 74764]"
115113,"[7718, 94001, 61706, 66528, 89242, 20991, 16786, 51570, 70267, 85533]"
115114,"[29771, 52958, 30118, 13101, 12611, 77338, 51653, 74660, 81690, 70412]"
115115,"[21790, 30409, 38062, 88783, 87094, 86069, 2279, 37619, 106012, 75753]"
115116,"[38353, 77426, 25153, 31940, 71572, 45700, 81032, 74172, 31196, 103743]"
115117,"[83826, 61204, 46527, 15041, 54451, 12183, 47915, 87759, 37686, 9457]"
115118,"[26882, 63760, 44013, 98517, 69863, 109342, 92430, 85438, 49288, 89566]"
115119,"[361, 30246, 30746, 76499, 24115, 44169, 19314, 70708, 66815, 22051]"
115120,"[105869, 30873, 90278, 73967, 72490, 88306, 60876, 13211, 47256, 34597]"
115121,"[19853, 83950, 5788, 88648, 64700, 18055, 92118, 10707, 31374, 87470]"
115122,"[42436, 47921, 41738, 29692, 31728, 29487, 66539, 68677, 78909, 34502]"
115123,"[51357, 103130, 88606, 20579, 42623, 53174, 27134, 37046, 9534, 34638]"
115124,"[103120, 40051, 3827, 21243, 29104, 43814, 32058, 2362, 50505, 55088]"
115125,"[71333, 9048, 20325, 74421, 22896, 125, 2688, 15784, 4602, 46333]"
115126,"[71465, 14444, 49121, 99838, 42243, 83819, 29775, 76502, 37998, 103222]"
115127,"[66573, 52438, 108246, 102852, 50265, 34021, 24479, 50614, 92720, 77692]"
115128,"[43993, 195, 30712, 18101, 33054, 99990, 28230, 55683, 41205, 78582]"
115129,"[77348, 97255, 47917, 62481, 27387, 107971, 61639, 88973, 42647, 41017]"
115130,"[35268, 46398, 48919, 20856, 27432, 1925, 15817, 15076, 18491, 71001]"
115131,"[37052, 1006, 68051, 71654, 16083, 51267, 23646, 36889, 26160, 1798]"
115132,"[69826, 31384, 15915, 32912, 74364, 92094, 47087, 51969, 17978, 67117]"
115133,"[56807, 22675, 63352, 78416, 106746, 92550, 3461, 106718, 35109, 94669]"
115134,"[72293, 54543, 108355, 88851, 24017, 35385, 73836, 53882, 48634, 75449]"
115135,"[8041, 67157, 30319, 35917, 85046, 57777, 55168, 63062, 90803, 109475]"
115136,"[78099, 57112, 5199, 53584, 30651, 52289, 19886, 82038, 103578, 71881]"
115137,"[109173, 39857, 100880, 35376, 55783, 6161, 80841, 86980, 9696, 71334]"
115138,"[79358, 33860, 93363, 84170, 49276, 44972, 54497, 71133, 103769, 91766]"
115139,"[100468, 22352, 5666, 62459, 49051, 17903, 85957, 89547, 19670, 81180]"
115140,"[95352, 2353, 78490, 63470, 101900, 76304, 88412, 65462, 75176, 6130]"
115141,"[88460, 85037, 64597, 95766, 52333, 62441, 44543, 63336, 26898, 108572]"
115142,"[95491, 70363, 73618, 25143, 82564, 32199, 70301, 16816, 54458, 29205]"
115143,"[59129, 7446, 5833, 14980, 495, 103169, 101286, 100018, 84065, 74010]"
115144,"[73621, 88227, 14139, 4363, 63611, 67779, 57469, 98591, 54813, 103822]"
115145,"[45629, 22759, 73922, 53483, 15914, 105529, 92500, 37514, 34038, 31900]"
115146,"[65003, 23874, 52208, 66772, 3504, 61899, 83633, 97268, 40595, 7706]"
115147,"[54987, 40917, 99807, 101067, 69558, 83243, 97271, 25352, 93497, 53607]"
115148,"[51119, 63246, 107487, 15962, 57554, 31783, 93392, 79110, 101497, 77831]"
115149,"[300, 80554, 59367, 52902, 53263, 27930, 27969, 66175, 108216, 22359]"
115150,"[13839, 20672, 18932, 33185, 16408, 25599, 79030, 71699, 54188, 7124]"
115151,"[61435, 81532, 38892, 70695, 63456, 39946, 93221, 13643, 92005, 104859]"
115152,"[55303, 47716, 47926, 73391, 44991, 31445, 105043, 57557, 40332, 8824]"
115153,"[19024, 63203, 65632, 48120, 104234, 80353, 39296, 3224, 102106, 28351]"
115154,"[40374, 71903, 83721, 50058, 32520, 70798, 94326, 107329, 22460, 15227]"
115155,"[58015, 22613, 31833, 50422, 69751, 80108, 62592, 102788, 1422, 24553]"
115156,"[86767, 25615, 89542, 23169, 65899, 97285, 63793, 61599, 7167, 5898]"
115157,"[106084, 74267, 70249, 105716, 96350, 72334, 40897, 87992, 59638, 85280]"
115158,"[34313, 71112, 23497, 45844, 13211, 23194, 109089, 73964, 18570, 25457]"
115159,"[59930, 88123, 73516, 93296, 79312, 25828, 75568, 24016, 108527, 79888]"
115160,"[60117, 11574, 56309, 84216, 59087, 74097, 42807, 43602, 28262, 41723]"
115161,"[28894, 26925, 92341, 10486, 57182, 65689, 70613, 21318, 7996, 65368]"
115162,"[23056, 74717, 108915, 28738, 36409, 67571, 45422, 91164, 39518, 44116]"
115163,"[26819, 25604, 36743, 72343, 62354, 16788, 36293, 7604, 88776, 13055]"
115164,"[79826, 91468, 94322, 5719, 5987, 76410, 76990, 90334, 108338, 33234]"
115165,"[61745, 65701, 12929, 38377, 37680, 24917, 65821, 24403, 52645, 79367]"
115166,"[55910, 24382, 98630, 78997, 18311, 59460, 42252, 35339, 43246, 520]"
115167,"[43204, 99602, 87368, 3892, 4955, 57273, 71323, 88125, 7622, 44492]"
115168,"[91553, 54227, 67273, 40622, 7036, 34381, 77766, 61142, 25676, 104918]"
115169,"[84818, 57918, 89239, 25536, 62387, 99303, 67256, 47953, 37982, 42438]"
115170,"[68218, 108316, 11219, 46767, 43081, 8518, 8936, 81688, 70523, 53799]"
115171,"[72403, 771, 100243, 54008, 68437, 94836, 21154, 81828, 23160, 57658]"
115172,"[9714, 91441, 62718, 84225, 98904, 108924, 821, 3461, 91495, 72874]"
115173,"[71622, 39676, 65327, 30159, 53534, 60962, 55850, 74014, 48284, 87934]"
115174,"[45486, 103534, 67568, 109131, 86293, 106171, 1522, 23403, 51776, 4088]"
115175,"[12857, 104559, 90593, 86560, 3948, 67097, 25315, 24912, 28748, 96206]"
115176,"[22519, 108662, 70586, 63254, 103067, 33902, 105185, 104894, 7409, 21494]"
115177,"[23869, 92788, 61745, 41524, 4660, 65397, 16806, 79616, 96783, 23351]"
115178,"[3038, 17376, 16500, 82752, 37697, 14634, 102657, 18309, 28731, 27019]"
115179,"[45483, 75016, 45416, 12826, 46387, 36433, 43828, 7420, 89120, 82239]"
115180,"[92261, 91017, 77023, 10152, 2713, 24102, 99216, 101133, 56836, 6467]"
115181,"[26171, 42721, 67019, 37003, 5863, 2081, 96940, 27773, 12062, 61661]"
115182,"[9380, 41456, 10691, 23514, 8383, 97715, 28019, 78252, 44113, 21410]"
115183,"[60782, 98048, 109139, 87899, 36019, 23975, 96028, 64917, 108591, 64904]"
115184,"[94997, 5195, 79261, 87302, 34062, 38183, 64607, 102801, 105709, 51320]"
115185,"[84878, 28593, 57760, 6346, 69583, 82486, 58321, 29525, 17407, 275]"
115186,"[12115, 43720, 29732, 74875, 70217, 79811, 107824, 67266, 12125, 82947]"
115187,"[9573, 87569, 58099, 82565, 31128, 98988, 107768, 31184, 65433, 6012]"
115188,"[6133, 49427, 105265, 16925, 4726, 63853, 38368, 61052, 41936, 97915]"
115189,"[60438, 23615, 40661, 55694, 1323, 91264, 77315, 105352, 6354, 95931]"
115190,"[104975, 50686, 70933, 29418, 77955, 42701, 60823, 52079, 43878, 13923]"
115191,"[49605, 8271, 73007, 22714, 90049, 19359, 63236, 26183, 24727, 93241]"
115192,"[27433, 26454, 34246, 108796, 50402, 108022, 95942, 14975, 30830, 57483]"
115193,"[70010, 7627, 78198, 81146, 76080, 107756, 85589, 100673, 5664, 25481]"
115194,"[66412, 24238, 95085, 45806, 90151, 67895, 84494, 70800, 70729, 75776]"
115195,"[82252, 26616, 82384, 72226, 360, 68975, 49442, 11626, 87769, 74834]"
115196,"[92473, 105056, 40161, 38424, 50264, 77117, 59175, 49406, 61282, 66880]"
115197,"[89429, 10677, 67337, 82457, 26176, 85195, 10762, 16425, 101252, 109412]"
115198,"[23999, 31233, 42351, 78395, 19146, 33064, 72514, 8457, 19445, 77620]"
115199,"[44113, 21410, 14833, 78252, 11916, 49357, 9380, 74842, 6760, 21968]"
115200,"[51330, 98589, 18873, 6830, 4686, 33633, 69240, 42039, 91560, 7357]"
115201,"[22117, 109413, 21450, 2776, 23183, 35287, 93844, 67168, 97704, 38941]"
115202,"[104229, 63306, 46992, 33321, 94806, 84781, 84591, 33571, 12851, 40277]"
115203,"[39228, 32645, 27743, 82118, 81337, 18611, 13712, 23261, 53908, 30509]"
115204,"[38525, 13258, 90780, 42521, 38291, 94052, 100415, 46844, 85478, 88286]"
115205,"[28036, 7553, 102418, 70796, 27336, 69487, 28801, 26237, 86889, 93506]"
115206,"[20279, 68328, 5131, 96248, 37515, 46332, 30465, 75903, 60440, 66593]"
115207,"[46668, 65176, 30291, 27286, 83138, 23063, 104580, 31406, 15460, 109091]"
115208,"[103373, 43246, 57343, 3980, 32109, 102441, 107020, 90329, 61564, 288]"
115209,"[49361, 5226, 101600, 23832, 24668, 86717, 70320, 734, 107169, 98080]"
115210,"[62562, 68414, 68031, 86694, 101898, 51650, 7045, 77077, 83193, 12951]"
115211,"[21473, 93399, 35171, 62136, 65263, 59802, 42632, 99525, 70432, 106304]"
115212,"[63111, 76848, 73528, 102896, 86218, 82038, 79643, 15204, 32861, 106871]"
115213,"[54374, 15424, 6729, 10200, 3613, 52072, 42519, 87196, 35899, 11752]"
115214,"[27355, 92517, 48574, 50599, 35824, 96702, 69119, 52842, 9079, 17295]"
115215,"[87976, 70740, 80242, 61765, 78840, 60131, 61114, 41515, 99810, 22975]"
115216,"[81066, 84708, 43349, 25206, 94945, 59332, 70955, 53598, 66745, 93082]"
115217,"[77833, 59107, 76653, 83809, 101176, 64774, 70476, 45568, 99300, 61528]"
115218,"[24699, 794, 59868, 94197, 38668, 88140, 40592, 59246, 36387, 102986]"
115219,"[25520, 64494, 2080, 2033, 39987, 19311, 25664, 39889, 28426, 62097]"
115220,"[56200, 35251, 33879, 98551, 10949, 104736, 81773, 47710, 82023, 13571]"
115221,"[37341, 61741, 57750, 94755, 74087, 59667, 92939, 6319, 102276, 84267]"
115222,"[62810, 245, 64005, 29923, 53809, 25910, 59253, 23354, 8134, 10467]"
115223,"[5610, 3820, 95589, 44702, 87816, 5168, 60519, 16004, 35208, 19671]"
115224,"[6074, 71616, 95820, 26502, 48190, 87881, 57313, 56406, 41106, 60882]"
115225,"[17028, 94969, 25428, 54150, 85730, 79596, 59024, 105885, 106174, 105397]"
115226,"[50678, 80890, 6288, 106720, 5859, 106842, 77226, 65767, 62089, 4126]"
115227,"[102736, 104405, 23512, 91875, 6052, 78802, 64771, 44848, 6482, 88454]"
115228,"[37201, 17692, 26626, 68131, 1873, 45420, 91919, 19380, 99410, 8931]"
115229,"[56668, 43469, 108041, 55823, 14148, 7770, 76237, 95342, 90085, 79547]"
115230,"[61445, 84049, 39425, 29481, 42928, 69562, 27301, 10044, 76314, 88364]"
115231,"[9024, 36912, 9479, 49408, 28869, 28058, 21916, 83965, 18870, 105905]"
115232,"[25369, 9894, 94981, 72874, 23834, 106255, 41264, 87510, 100044, 75961]"
115233,"[45337, 102967, 106550, 49365, 71515, 79275, 99465, 24058, 89479, 8866]"
115234,"[52389, 59923, 80271, 24573, 11743, 50152, 49860, 459, 32908, 10915]"
115235,"[99646, 101681, 1115, 96957, 79283, 72434, 21301, 41603, 81543, 11658]"
115236,"[35749, 1450, 43693, 48705, 67555, 85282, 40316, 105595, 5351, 964]"
115237,"[84466, 15037, 33554, 69609, 63966, 34955, 104676, 24472, 58578, 90788]"
115238,"[92309, 77706, 56772, 9500, 56876, 54489, 78797, 28718, 4951, 38651]"
115239,"[80784, 108758, 62426, 34716, 67360, 56906, 41012, 102189, 21592, 23566]"
115240,"[86344, 89990, 19607, 102437, 54931, 40391, 40360, 71326, 9001, 37494]"
115241,"[6737, 5084, 79765, 1812, 64765, 89919, 89419, 60028, 40176, 42003]"
115242,"[108980, 90504, 75262, 11497, 21573, 106528, 100367, 38716, 14956, 54618]"
115243,"[17319, 19803, 95371, 99717, 37807, 29731, 95366, 101833, 48850, 33209]"
115244,"[51799, 83103, 101285, 98400, 81154, 43199, 80819, 96344, 38177, 65123]"
115245,"[19522, 105419, 35801, 18805, 10215, 47419, 19005, 78828, 92016, 53204]"
115246,"[106918, 32607, 98042, 73988, 31731, 89713, 71782, 30384, 93844, 23518]"
115247,"[90419, 96182, 51268, 25506, 97299, 91987, 83396, 1279, 27357, 49618]"
115248,"[6177, 104724, 20909, 32302, 59968, 73482, 16814, 90776, 11903, 79848]"
115249,"[101482, 50752, 38626, 99698, 67329, 41379, 101460, 62626, 99792, 33320]"
115250,"[4457, 36281, 108964, 101403, 83610, 30714, 102978, 9858, 101365, 18]"
115251,"[29737, 71651, 56764, 97894, 9279, 57573, 3525, 84728, 26055, 15648]"
115252,"[45582, 96659, 71558, 48404, 107049, 80643, 21472, 49488, 49270, 32810]"
115253,"[35354, 28343, 22112, 78014, 38897, 93181, 89395, 41335, 75457, 4022]"
115254,"[47090, 47456, 87462, 23247, 4797, 44340, 105556, 83179, 77553, 84798]"
115255,"[73002, 26675, 30019, 92251, 71000, 7423, 103040, 42141, 67911, 21549]"
115256,"[56353, 66377, 80276, 62748, 47220, 9985, 19831, 60679, 55526, 75548]"
115257,"[55184, 64834, 87040, 56068, 24820, 62712, 105768, 23333, 66232, 50742]"
115258,"[34287, 80043, 88456, 31681, 81939, 32416, 6824, 55512, 48614, 38041]"
115259,"[64463, 5189, 16356, 15208, 42292, 5988, 74715, 42272, 43534, 69983]"
115260,"[13872, 18178, 105039, 78775, 70310, 89113, 100602, 51963, 225, 16909]"
115261,"[87969, 79691, 49105, 86489, 4878, 545, 15202, 23067, 39034, 713]"
115262,"[1569, 41909, 94074, 78657, 49253, 39101, 37286, 89700, 23001, 59611]"
115263,"[75183, 23135, 26639, 28134, 74012, 94932, 89680, 10093, 93358, 25863]"
115264,"[8062, 691, 36812, 107554, 22557, 21973, 22863, 91665, 101607, 81613]"
115265,"[79479, 11135, 109403, 31916, 84022, 101252, 37755, 10762, 38935, 107188]"
115266,"[89006, 88517, 54108, 63037, 25658, 74826, 92062, 79821, 91365, 64292]"
115267,"[11687, 50937, 67106, 16676, 57065, 58965, 39691, 66922, 40038, 104448]"
115268,"[33080, 12512, 84672, 102707, 75711, 85694, 47421, 1751, 78643, 77885]"
115269,"[9078, 41827, 30740, 47041, 33043, 85642, 57596, 87628, 104841, 17361]"
115270,"[40844, 56548, 18183, 3379, 1111, 51112, 87485, 27531, 44304, 95062]"
115271,"[80667, 77344, 81041, 24569, 53337, 69136, 8791, 38671, 11417, 47382]"
115272,"[13218, 93282, 18629, 94778, 47181, 93745, 30623, 67309, 40569, 27558]"
115273,"[91232, 106446, 59178, 91104, 56548, 12690, 51949, 13835, 55506, 3379]"
115274,"[40186, 27905, 62795, 33608, 7345, 108605, 91781, 91756, 20621, 106569]"
115275,"[10375, 103835, 19302, 16956, 29644, 103786, 88254, 17557, 11825, 4601]"
115276,"[102903, 55302, 70059, 47480, 105961, 80037, 36270, 88688, 6163, 43041]"
115277,"[104916, 76419, 16859, 80845, 38421, 64101, 7799, 88519, 35956, 14556]"
115278,"[3016, 21074, 27133, 103823, 2907, 43571, 31281, 89712, 95412, 37463]"
115279,"[57835, 9269, 30347, 45443, 94237, 83109, 49329, 107619, 64686, 42692]"
115280,"[191, 83920, 54113, 18461, 63464, 68591, 32860, 16288, 40730, 58242]"
115281,"[34367, 29636, 70039, 75149, 104541, 72855, 106916, 1109, 9668, 33165]"
115282,"[72764, 34964, 68214, 30609, 89238, 103327, 15944, 105961, 15939, 11804]"
115283,"[59901, 96697, 86764, 68985, 70647, 31988, 10752, 1403, 22891, 5419]"
115284,"[40474, 91373, 62952, 44386, 1504, 31614, 45301, 75727, 67405, 76598]"
115285,"[87333, 73497, 61407, 92532, 72572, 108980, 65188, 68009, 36643, 19104]"
115286,"[11780, 34077, 67675, 73558, 39666, 13283, 6067, 70515, 97797, 43492]"
115287,"[66853, 75698, 24263, 12211, 13029, 43213, 69049, 95324, 96714, 80465]"
115288,"[64376, 27825, 33567, 67342, 21471, 5344, 64893, 90601, 70106, 38043]"
115289,"[72771, 56544, 22493, 101230, 82102, 31305, 31942, 77648, 47662, 51046]"
115290,"[52433, 85708, 25821, 53469, 34303, 66773, 10821, 45032, 13077, 94911]"
115291,"[56485, 86335, 23681, 51432, 19144, 54373, 94221, 97482, 65244, 21884]"
115292,"[59780, 13524, 106000, 104569, 90157, 100471, 7343, 11487, 80638, 73870]"
115293,"[68738, 22311, 106130, 5551, 103472, 66024, 14729, 18134, 92587, 6364]"
115294,"[63896, 102230, 35614, 17863, 89512, 15913, 81602, 1936, 56117, 63229]"
115295,"[104924, 84276, 26836, 28078, 22142, 17665, 21651, 1666, 79991, 55670]"
115296,"[44589, 80265, 49340, 95149, 91752, 100403, 51901, 40014, 108559, 59345]"
115297,"[17234, 70897, 44269, 2069, 78536, 91846, 75539, 108621, 27096, 47474]"
115298,"[72376, 15579, 63732, 43474, 96368, 101115, 49135, 47599, 65281, 86738]"
115299,"[61692, 82727, 72116, 23316, 48830, 70191, 25614, 104489, 37998, 25320]"
115300,"[107211, 97693, 22802, 19992, 79110, 46568, 38086, 104361, 59791, 57554]"
115301,"[93066, 12093, 94922, 9481, 103541, 70769, 40548, 32962, 9802, 31883]"
115302,"[34905, 15526, 1, 55439, 76626, 75145, 44745, 9007, 104892, 91709]"
115303,"[98741, 96398, 105456, 102450, 99012, 78013, 73401, 4594, 88186, 5068]"
115304,"[58159, 103177, 81917, 68614, 10990, 98462, 84909, 60184, 15875, 34906]"
115305,"[22522, 46975, 69651, 56297, 6269, 71642, 80235, 59073, 24626, 78332]"
115306,"[33982, 9607, 95054, 30290, 93599, 59715, 12091, 39691, 46301, 77458]"
115307,"[69481, 23089, 9912, 109545, 15441, 60744, 105018, 23272, 82619, 57017]"
115308,"[100327, 12999, 14724, 16555, 35662, 55261, 57230, 5255, 88664, 102850]"
115309,"[37204, 64146, 47245, 9822, 39085, 50080, 10395, 76884, 32344, 49034]"
115310,"[62347, 72946, 8173, 64669, 30608, 87327, 72304, 88582, 98019, 87652]"
115311,"[8486, 82111, 48625, 53206, 71931, 69430, 42768, 74397, 1690, 45071]"
115312,"[67035, 63286, 76423, 104763, 81997, 62182, 66885, 55813, 7450, 43657]"
115313,"[74590, 11878, 31024, 24925, 108743, 91785, 38920, 584, 50799, 106457]"
115314,"[1480, 79515, 94840, 100537, 71583, 54681, 6934, 24829, 102046, 33922]"
115315,"[46585, 71923, 8066, 63179, 32341, 84307, 4419, 81799, 98457, 55753]"
115316,"[59320, 59313, 45981, 48440, 35719, 6055, 6302, 77794, 83833, 49603]"
115317,"[16014, 104135, 11234, 55506, 65470, 37284, 38180, 88766, 90205, 61311]"
115318,"[66925, 102473, 66694, 26884, 46535, 80824, 84312, 23624, 71527, 27339]"
115319,"[71669, 19637, 1452, 52894, 108894, 92644, 43342, 95374, 49839, 14777]"
115320,"[34678, 69618, 101194, 97234, 5312, 77187, 15883, 73037, 93207, 64714]"
115321,"[98657, 85396, 86561, 6104, 6788, 57003, 44167, 35391, 72660, 84430]"
115322,"[48449, 85447, 2824, 81534, 103353, 102141, 44166, 83841, 94717, 55482]"
115323,"[56379, 14395, 45016, 86866, 46816, 8983, 49570, 15404, 59093, 102455]"
115324,"[9758, 11850, 47330, 7666, 108328, 8174, 50915, 25498, 1173, 34236]"
115325,"[28598, 22700, 35921, 1887, 32769, 60744, 23849, 56630, 22358, 47027]"
115326,"[86261, 4973, 83779, 79207, 19631, 37147, 7504, 61814, 42709, 97625]"
115327,"[46041, 61986, 40607, 25028, 60998, 84551, 108749, 56120, 20220, 79817]"
115328,"[7663, 47492, 73898, 1846, 78535, 33479, 54928, 13930, 108491, 31817]"
115329,"[95282, 13517, 28551, 32685, 43169, 42838, 6241, 96840, 103263, 105149]"
115330,"[80204, 49613, 5378, 72853, 33122, 48258, 107433, 87651, 47716, 84414]"
115331,"[26390, 42092, 24570, 5796, 24246, 62707, 59534, 49959, 64048, 107427]"
115332,"[107851, 28306, 69920, 68792, 100858, 94769, 86460, 45034, 26788, 94101]"
115333,"[38144, 82634, 91541, 28800, 8376, 37526, 13137, 21269, 68932, 76110]"
115334,"[57172, 46055, 29433, 51599, 74271, 11184, 62855, 43806, 106077, 2571]"
115335,"[98152, 28271, 70021, 22543, 101591, 61919, 3071, 57524, 60263, 86861]"
115336,"[46204, 35906, 12320, 96509, 70130, 91885, 104036, 44159, 2893, 61709]"
115337,"[8611, 67387, 74292, 12181, 14685, 8312, 80664, 104662, 72047, 72187]"
115338,"[12681, 32731, 98340, 72873, 18209, 106409, 52823, 106758, 71209, 74567]"
115339,"[27952, 37411, 57476, 25117, 32753, 32956, 9003, 17611, 15540, 511]"
115340,"[45235, 74289, 92537, 87668, 5411, 70148, 21262, 18696, 42781, 19174]"
115341,"[108697, 57103, 6802, 62957, 16783, 33625, 71287, 82939, 36110, 49790]"
115342,"[103264, 90133, 26518, 31187, 63728, 105731, 105726, 5201, 13530, 60815]"
115343,"[38422, 38944, 10088, 57656, 28180, 22573, 1710, 32274, 107579, 45003]"
115344,"[109644, 82273, 64721, 8801, 66771, 68751, 75369, 45984, 107262, 85500]"
115345,"[80957, 19430, 2530, 72198, 64595, 14857, 1429, 38155, 56250, 63694]"
115346,"[106581, 69993, 103091, 102958, 47918, 10851, 103508, 81575, 84234, 8395]"
115347,"[35346, 22996, 78294, 10941, 67875, 47775, 80703, 89030, 27485, 17176]"
115348,"[70262, 101808, 91536, 64257, 76475, 9829, 4769, 20578, 20151, 69366]"
115349,"[68508, 7182, 50897, 82495, 66140, 7799, 88519, 14556, 54364, 15084]"
115350,"[59187, 27836, 39455, 55269, 26749, 26861, 26365, 63924, 99613, 86000]"
115351,"[19607, 50226, 24225, 51337, 52130, 106302, 72907, 108363, 102768, 15516]"
115352,"[47815, 61089, 58340, 70397, 93942, 711, 102328, 100058, 63223, 14184]"
115353,"[30423, 20785, 28292, 64291, 49196, 8420, 26824, 14360, 3548, 75667]"
115354,"[27570, 50727, 20610, 29987, 53098, 101267, 32680, 107769, 89719, 99571]"
115355,"[32572, 10513, 85540, 42592, 73130, 83922, 97076, 19305, 100460, 4149]"
115356,"[60857, 11045, 91844, 68428, 56207, 21343, 106535, 3065, 95496, 33482]"
115357,"[61528, 51042, 59730, 45568, 64146, 45085, 71749, 49106, 83809, 86376]"
115358,"[108472, 75038, 19187, 49337, 103742, 47003, 96075, 109410, 63462, 66409]"
115359,"[21264, 105989, 43354, 19125, 76409, 104864, 36742, 50214, 84654, 41880]"
115360,"[85814, 43438, 56175, 26899, 19845, 107363, 1795, 47576, 70842, 72407]"
115361,"[47523, 47066, 39290, 29080, 983, 87456, 102055, 41430, 30263, 41301]"
115362,"[71864, 79928, 101594, 107535, 45176, 76864, 5033, 75238, 96304, 89251]"
115363,"[70593, 63410, 45982, 42856, 3287, 53051, 15940, 5969, 24464, 72925]"
115364,"[46936, 54016, 97691, 25163, 101743, 17875, 15032, 49960, 45969, 40442]"
115365,"[97446, 95640, 7489, 39650, 80167, 2155, 67739, 11771, 5287, 85035]"
115366,"[47839, 18939, 55701, 70017, 99096, 10976, 53626, 57459, 83812, 25901]"
115367,"[89394, 49867, 95564, 88055, 20272, 96521, 651, 14476, 46791, 19339]"
115368,"[104993, 35294, 101224, 5794, 33635, 64329, 54254, 11381, 28329, 97259]"
115369,"[96843, 67017, 39216, 11986, 21824, 26726, 95651, 18061, 67343, 43229]"
115370,"[51192, 93275, 84071, 98337, 98481, 90854, 96081, 91595, 9899, 64485]"
115371,"[37447, 99566, 75488, 15672, 17504, 69686, 86609, 173, 81491, 96370]"
115372,"[21632, 77342, 78529, 61610, 36638, 35449, 64646, 72089, 93676, 19345]"
115373,"[80891, 72665, 52017, 48041, 96338, 106549, 5904, 4834, 78387, 15711]"
115374,"[11637, 78035, 17245, 69565, 100545, 71700, 45819, 61332, 18898, 54441]"
115375,"[28324, 79706, 40000, 37602, 10201, 4949, 95194, 104983, 93320, 59279]"
115376,"[90138, 46317, 93961, 106680, 12185, 104749, 105611, 47133, 85488, 20833]"
115377,"[352, 75773, 43858, 94908, 105130, 106227, 6578, 71968, 26259, 33593]"
115378,"[69871, 15776, 42524, 3937, 19343, 46010, 72611, 32809, 84041, 95578]"
115379,"[21447, 30515, 53448, 32010, 31378, 28842, 90465, 64728, 54966, 3903]"
115380,"[86786, 99646, 91002, 77508, 90874, 34055, 81737, 64193, 54330, 64032]"
115381,"[30075, 70688, 760, 86473, 83280, 102209, 101915, 76131, 31331, 12004]"
115382,"[48575, 40626, 99238, 62478, 82544, 71371, 39579, 67172, 3597, 35911]"
115383,"[22372, 31750, 5005, 89924, 27189, 23958, 14313, 86872, 59514, 14766]"
115384,"[58436, 74977, 96440, 64040, 8630, 54252, 108605, 60277, 36872, 59360]"
115385,"[96222, 85484, 66440, 19034, 90371, 30509, 49097, 81416, 99309, 94000]"
115386,"[70696, 60644, 40796, 12875, 9866, 22284, 8123, 49938, 15963, 42049]"
115387,"[38833, 12300, 13971, 21574, 88525, 101558, 60530, 93943, 5675, 90710]"
115388,"[87046, 25951, 99816, 102554, 91744, 27446, 73794, 72063, 105005, 77221]"
115389,"[93604, 108301, 9117, 21242, 92553, 37076, 71687, 94497, 76405, 19754]"
115390,"[41352, 40236, 1928, 108277, 62858, 90361, 6954, 41256, 61629, 105891]"
115391,"[6486, 93611, 43991, 78648, 51702, 41883, 54318, 39135, 84055, 1602]"
115392,"[15794, 66292, 45642, 55106, 38172, 81615, 14352, 81879, 28255, 106532]"
115393,"[22051, 44641, 11873, 4301, 20928, 44133, 94982, 98175, 3306, 83690]"
115394,"[41829, 6634, 31247, 43643, 107120, 58365, 91514, 74740, 81442, 57686]"
115395,"[57208, 57891, 91675, 106087, 59279, 100062, 96590, 104983, 28324, 95025]"
115396,"[35112, 8657, 49691, 58902, 75250, 105245, 23292, 102097, 67590, 23464]"
115397,"[50172, 84399, 41937, 96256, 44137, 35613, 104920, 91710, 88487, 13608]"
115398,"[86603, 104699, 19682, 41735, 69587, 32614, 89290, 5463, 30988, 15745]"
115399,"[55647, 56985, 104596, 100135, 102954, 9942, 100622, 109061, 21098, 109423]"
115400,"[42610, 72368, 31091, 71923, 8066, 85815, 27889, 60547, 46585, 90576]"
115401,"[64680, 87121, 12284, 80712, 14856, 69646, 98649, 94851, 32486, 31391]"
115402,"[36284, 95407, 21997, 8304, 1292, 10318, 69033, 3547, 88777, 70263]"
115403,"[78065, 35937, 53892, 56044, 77060, 59717, 68585, 103514, 70972, 67977]"
115404,"[72561, 94288, 6200, 18911, 109536, 62490, 18072, 74342, 88968, 104806]"
115405,"[62801, 1390, 87984, 86762, 68037, 31028, 99716, 5931, 89400, 29503]"
115406,"[68262, 64925, 72156, 77822, 89329, 91949, 30967, 29824, 36450, 5002]"
115407,"[67800, 841, 106291, 10520, 89047, 24689, 70175, 84989, 11596, 33712]"
115408,"[73207, 40281, 54028, 73422, 31740, 39872, 45445, 22989, 1899, 37081]"
115409,"[54031, 105683, 10533, 82235, 30428, 39270, 3338, 49663, 105390, 93914]"
115410,"[47855, 75851, 96287, 52915, 49257, 54170, 76137, 19602, 77957, 103303]"
115411,"[47522, 87743, 83729, 5286, 34917, 61787, 15902, 75520, 79698, 54999]"
115412,"[109756, 47022, 89728, 107367, 65243, 2600, 14504, 42765, 96670, 101192]"
115413,"[36921, 92620, 17850, 78046, 46502, 107574, 17536, 82977, 80455, 33006]"
115414,"[57603, 60333, 86729, 56254, 66367, 33664, 5468, 23552, 16100, 81609]"
115415,"[46318, 24397, 38126, 76000, 69211, 11397, 65393, 97287, 46466, 78271]"
115416,"[82148, 84732, 37629, 96107, 87295, 19781, 108744, 17369, 32588, 42916]"
115417,"[6324, 76533, 16564, 20489, 88786, 106322, 33575, 90654, 86865, 82711]"
115418,"[94606, 107706, 72702, 62030, 87527, 13113, 102125, 107729, 9034, 87160]"
115419,"[40419, 70180, 35377, 34933, 88774, 6717, 24772, 76298, 59778, 17581]"
115420,"[52068, 69164, 23709, 32901, 22516, 45204, 18726, 48807, 74092, 91715]"
115421,"[29036, 9803, 7147, 14352, 741, 36294, 58671, 52173, 91469, 67085]"
115422,"[84679, 77186, 104936, 67416, 38349, 34747, 86647, 42561, 109317, 96693]"
115423,"[83859, 43785, 49641, 109192, 57916, 39185, 64118, 43838, 13550, 86704]"
115424,"[32942, 83450, 77447, 27899, 99551, 108191, 90346, 26162, 41732, 87707]"
115425,"[74644, 11426, 88754, 96656, 2586, 5756, 40958, 50834, 98265, 19082]"
115426,"[105815, 92153, 6007, 36249, 67443, 3278, 19733, 39940, 27045, 75333]"
115427,"[73963, 103902, 22922, 20468, 38570, 17158, 20913, 67318, 9419, 41554]"
115428,"[107932, 54968, 1964, 107439, 30900, 21458, 93547, 99416, 88128, 80958]"
115429,"[73577, 57007, 94015, 98904, 140, 22665, 94046, 73517, 43878, 97541]"
115430,"[57772, 27218, 92010, 85685, 31141, 94438, 87289, 33255, 13020, 83052]"
115431,"[68505, 5099, 108070, 108580, 9987, 14756, 21474, 62769, 41220, 29371]"
115432,"[67609, 55392, 29051, 78491, 57902, 63708, 37868, 2530, 50174, 49782]"
115433,"[91759, 42923, 63039, 792, 55843, 52163, 59506, 58586, 66015, 35309]"
115434,"[78138, 75438, 4365, 36976, 38799, 42561, 13147, 14137, 83684, 5214]"
115435,"[6695, 43114, 12753, 42000, 57726, 60538, 1069, 88077, 29129, 93630]"
115436,"[77119, 2238, 84875, 76835, 8622, 52371, 22436, 41971, 97874, 59590]"
115437,"[86782, 56574, 105971, 22940, 8338, 104414, 20552, 106518, 24390, 54398]"
115438,"[14933, 4017, 56522, 109684, 64644, 90088, 12143, 5565, 103720, 42863]"
115439,"[42747, 68062, 104808, 19875, 11010, 72391, 99817, 83338, 78635, 29451]"
115440,"[27266, 101313, 105984, 25415, 26062, 39714, 89837, 104916, 82471, 18907]"
115441,"[75126, 3148, 18451, 68325, 84826, 96997, 71356, 40813, 59930, 38192]"
115442,"[26160, 107529, 2037, 84348, 4262, 58988, 33744, 93894, 105292, 15429]"
115443,"[27047, 34239, 30757, 93444, 16263, 37025, 65719, 96130, 44228, 99066]"
115444,"[1717, 10799, 75561, 9071, 15385, 60534, 43941, 106626, 100887, 4204]"
115445,"[101948, 56140, 97877, 24085, 6129, 17934, 71169, 65252, 46513, 4187]"
115446,"[103622, 104047, 108214, 19805, 63803, 37297, 58486, 74911, 63761, 16092]"
115447,"[72536, 5159, 2281, 101246, 78658, 10220, 54109, 74915, 81605, 11686]"
115448,"[101412, 51447, 90399, 63982, 81431, 61756, 2381, 54204, 39234, 22782]"
115449,"[96647, 87574, 83957, 48291, 48669, 34226, 76694, 77276, 19384, 21834]"
115450,"[13569, 31897, 103493, 108975, 29237, 89982, 61787, 76041, 84573, 61279]"
115451,"[94993, 39329, 26786, 62708, 3737, 76270, 65845, 32401, 103992, 64575]"
115452,"[58159, 68614, 59834, 49416, 63461, 37894, 62251, 34064, 46501, 35909]"
115453,"[74049, 21460, 22634, 34677, 77361, 99712, 98255, 76902, 101457, 15406]"
115454,"[61497, 83976, 1824, 59017, 104134, 23601, 38397, 71456, 34687, 39965]"
115455,"[99717, 17319, 65002, 29731, 19803, 101833, 48850, 20415, 33209, 49805]"
115456,"[43282, 2360, 42025, 49929, 108741, 49940, 39049, 36912, 70340, 85381]"
115457,"[358, 37284, 96134, 83852, 32949, 34998, 80930, 24075, 97957, 45177]"
115458,"[79124, 91852, 7256, 36152, 65851, 97374, 28978, 98883, 53178, 70463]"
115459,"[86422, 16024, 40343, 80514, 107556, 61279, 73430, 53351, 72784, 92487]"
115460,"[67947, 30092, 97628, 38335, 96488, 102184, 29524, 68811, 22362, 95540]"
115461,"[71533, 31970, 96943, 23372, 102147, 38448, 85222, 22213, 44555, 81778]"
115462,"[30026, 36549, 45535, 83878, 67348, 19347, 52262, 44153, 52213, 63702]"
115463,"[9771, 106296, 21938, 39018, 35506, 67135, 63276, 52408, 7302, 68443]"
115464,"[41758, 109221, 64174, 69781, 109101, 55142, 8296, 12818, 4702, 18814]"
115465,"[83992, 24983, 86529, 49797, 24585, 878, 45858, 86966, 109501, 82130]"
115466,"[85606, 44167, 57003, 35564, 75525, 51659, 3585, 60376, 99063, 103489]"
115467,"[48176, 43975, 98190, 43805, 55612, 91453, 38044, 54728, 7478, 106148]"
115468,"[65904, 65650, 26929, 95003, 35059, 85525, 1772, 22947, 74529, 38630]"
115469,"[67783, 56255, 7019, 50248, 58577, 72228, 10966, 10642, 17416, 103292]"
115470,"[6943, 37511, 66680, 90967, 38820, 7699, 77525, 38542, 60787, 43713]"
115471,"[49493, 5098, 87633, 64262, 12054, 13901, 59198, 44678, 88391, 22821]"
115472,"[52923, 76262, 64375, 50951, 105685, 83563, 106046, 93131, 31284, 15714]"
115473,"[3956, 95606, 105191, 26092, 53400, 62627, 49111, 77685, 53587, 25315]"
115474,"[73541, 59708, 83992, 109501, 2580, 51635, 18908, 81744, 58162, 19837]"
115475,"[97004, 79509, 53250, 33768, 56549, 12234, 101543, 9154, 26705, 77687]"
115476,"[58272, 37810, 54599, 99921, 58943, 61882, 102971, 57859, 46038, 96447]"
115477,"[40193, 38617, 41075, 29876, 9542, 3191, 5030, 12461, 100783, 75004]"
115478,"[69679, 30015, 97727, 15749, 20188, 88408, 21138, 105750, 45259, 20888]"
115479,"[74213, 73749, 71002, 22365, 65912, 27583, 6056, 95834, 50364, 64154]"
115480,"[64278, 10360, 65375, 54386, 65212, 49026, 12481, 15782, 6726, 64018]"
115481,"[46382, 66268, 74578, 34034, 97401, 40057, 60994, 25193, 89066, 7263]"
115482,"[31359, 15606, 61534, 74930, 10203, 58263, 59337, 36073, 90250, 95233]"
115483,"[80469, 97712, 71652, 35789, 96691, 23470, 32411, 108811, 88446, 41554]"
115484,"[8813, 53745, 21432, 82036, 97946, 55919, 87531, 61485, 52950, 34696]"
115485,"[13079, 86960, 51651, 33606, 47854, 37321, 109100, 43070, 54869, 80467]"
115486,"[48387, 28553, 14968, 77753, 6441, 50964, 45134, 32554, 59657, 64239]"
115487,"[5150, 51205, 62488, 104339, 101171, 53888, 13362, 99461, 99277, 66267]"
115488,"[50610, 87100, 81390, 646, 93216, 90884, 17550, 37963, 2887, 58255]"
115489,"[9655, 66181, 59995, 10464, 33901, 104303, 63595, 33638, 37252, 16276]"
115490,"[61507, 49798, 59683, 106258, 90646, 79015, 94766, 62211, 62907, 6448]"
115491,"[71274, 51294, 16613, 98334, 94853, 24463, 475, 98290, 6137, 76995]"
115492,"[95635, 14033, 65716, 107162, 9069, 36656, 73872, 102215, 89074, 70494]"
115493,"[75913, 98210, 45210, 29523, 59931, 45573, 87146, 87177, 92614, 67147]"
115494,"[62, 20050, 60563, 751, 107205, 75770, 88373, 92316, 84058, 70764]"
115495,"[43119, 91265, 108510, 103405, 69587, 26995, 76687, 59957, 48017, 30191]"
115496,"[28738, 12567, 28026, 6678, 15261, 12800, 33686, 31683, 36814, 107586]"
115497,"[59303, 3045, 13110, 59546, 15940, 80540, 15820, 90129, 65763, 3287]"
115498,"[34330, 35807, 69773, 13185, 21743, 21457, 15052, 47923, 77074, 80154]"
115499,"[54731, 66094, 70495, 27377, 109142, 62197, 58583, 102623, 57171, 105023]"
115500,"[108483, 55936, 71266, 38583, 65682, 66964, 59432, 46154, 46889, 65764]"
115501,"[39016, 90823, 21424, 52954, 443, 65733, 93009, 76322, 44139, 32883]"
115502,"[78054, 104884, 107403, 83722, 106184, 90215, 28855, 6260, 1333, 73653]"
115503,"[29277, 71035, 44366, 23714, 1509, 105, 102950, 36607, 5625, 90845]"
115504,"[70866, 23649, 12770, 6905, 47487, 3192, 87349, 54086, 79332, 41906]"
115505,"[77389, 43102, 19089, 73100, 9864, 48394, 67674, 14350, 84671, 3351]"
115506,"[7083, 40870, 74565, 72639, 107125, 36851, 100011, 24944, 83455, 87674]"
115507,"[44616, 58934, 9492, 86659, 98047, 50908, 838, 43591, 109685, 83879]"
115508,"[63005, 53822, 85227, 48912, 53884, 30886, 2942, 98211, 32519, 86806]"
115509,"[45895, 40726, 72967, 41448, 108377, 27833, 64562, 69610, 26533, 5048]"
115510,"[88891, 59786, 96710, 100066, 98244, 18904, 53380, 41088, 20091, 35458]"
115511,"[71506, 100450, 90208, 32642, 59304, 109753, 38804, 843, 86098, 5000]"
115512,"[71929, 99431, 77850, 90640, 5034, 80604, 106306, 65236, 5277, 101119]"
115513,"[18859, 70478, 21670, 8622, 25317, 22436, 47721, 93587, 2238, 101222]"
115514,"[81110, 36336, 56471, 42913, 55194, 71478, 47329, 37786, 16498, 87900]"
115515,"[7493, 89392, 86881, 63429, 45981, 21571, 81574, 6302, 26294, 19676]"
115516,"[103517, 69841, 29314, 40751, 34753, 45364, 100278, 101578, 68947, 8952]"
115517,"[108371, 103600, 64924, 16589, 46951, 8430, 83866, 32896, 54976, 67395]"
115518,"[88397, 26450, 39435, 73589, 86086, 44686, 58403, 17064, 79408, 25021]"
115519,"[102323, 17580, 11482, 44706, 11738, 54246, 31953, 91263, 5983, 38047]"
115520,"[27837, 10111, 38708, 108942, 80609, 46728, 62016, 42689, 93207, 73037]"
115521,"[52792, 18327, 52675, 85576, 74511, 25268, 44498, 50559, 35469, 9425]"
115522,"[49891, 102786, 38105, 37883, 20362, 33075, 24169, 41130, 57934, 63673]"
115523,"[23492, 37947, 22230, 28025, 86753, 56327, 104330, 93749, 97130, 108944]"
115524,"[76945, 67225, 53619, 62484, 54401, 108488, 99513, 10592, 13702, 91834]"
115525,"[28759, 39566, 69822, 82119, 66833, 29782, 23911, 100439, 63794, 46658]"
115526,"[34352, 45108, 6499, 36073, 97007, 51332, 39097, 84105, 59889, 109000]"
115527,"[91012, 90757, 55170, 6899, 82893, 9458, 54520, 64917, 49188, 39461]"
115528,"[20820, 86077, 26860, 109274, 77529, 52690, 94109, 2338, 11168, 12099]"
115529,"[5159, 88260, 10720, 18093, 54109, 48906, 2281, 64986, 30974, 56515]"
115530,"[81285, 79128, 53873, 53500, 56373, 1996, 105359, 98803, 28369, 4720]"
115531,"[13708, 64493, 7850, 31173, 94368, 58962, 19942, 75134, 15019, 41512]"
115532,"[92882, 3138, 19610, 28061, 87105, 35382, 65712, 4361, 29511, 46747]"
115533,"[1951, 24165, 30853, 63549, 45238, 1457, 72077, 25211, 48196, 95500]"
115534,"[107356, 108687, 27824, 41314, 68196, 98356, 41934, 1108, 54643, 97221]"
115535,"[93379, 44093, 58679, 56655, 73483, 52307, 57644, 22224, 21045, 90378]"
115536,"[93775, 12204, 69820, 48275, 103537, 102172, 84848, 31974, 9123, 69570]"
115537,"[647, 44757, 58854, 73609, 69875, 58127, 49132, 25390, 9376, 82183]"
115538,"[30420, 83363, 92140, 87179, 27986, 28424, 80089, 13585, 69050, 54726]"
115539,"[108189, 105606, 83468, 87035, 17609, 18558, 90605, 52102, 14624, 85564]"
115540,"[101093, 51062, 229, 64415, 1940, 105955, 52422, 102406, 38270, 11099]"
115541,"[39635, 13258, 38525, 28039, 13693, 94396, 89859, 3605, 45774, 101671]"
115542,"[88193, 24282, 57327, 107568, 22036, 81021, 55535, 96550, 61770, 97341]"
115543,"[15843, 72261, 98154, 90861, 88067, 37326, 101054, 46372, 92003, 24481]"
115544,"[19463, 90590, 52975, 86094, 50171, 37247, 39394, 85414, 15202, 73831]"
115545,"[578, 43793, 64514, 55920, 50646, 86779, 40991, 58247, 26649, 65779]"
115546,"[4223, 57395, 4395, 18102, 101906, 55884, 28507, 44849, 51070, 4165]"
115547,"[85124, 20263, 58960, 104591, 81119, 16365, 102498, 35977, 97976, 99427]"
115548,"[2962, 13371, 65966, 53818, 67434, 76271, 58893, 38528, 3236, 91526]"
115549,"[20306, 73446, 3622, 19249, 60195, 101074, 57408, 109469, 17542, 78479]"
115550,"[10229, 99528, 55115, 42422, 18378, 13989, 14995, 18525, 62819, 92640]"
115551,"[88353, 19941, 45081, 80808, 98882, 77928, 22294, 82496, 57827, 60091]"
115552,"[45067, 72536, 53091, 45052, 107762, 13880, 48768, 36207, 78658, 82882]"
115553,"[57158, 62645, 97745, 100270, 86347, 32181, 69596, 3743, 87316, 94004]"
115554,"[4826, 22190, 57056, 55175, 81279, 78458, 30490, 60652, 21405, 108292]"
115555,"[35637, 106684, 25166, 91587, 88142, 76826, 100186, 102409, 53347, 100383]"
115556,"[25581, 3838, 63677, 91485, 40124, 66676, 8174, 47263, 63105, 47330]"
115557,"[10015, 40189, 8102, 96765, 34719, 5362, 14650, 78989, 28376, 78720]"
115558,"[98548, 49915, 43494, 2587, 44171, 5538, 103147, 48302, 100937, 3561]"
115559,"[29289, 47498, 104868, 35190, 46947, 96811, 5170, 90985, 58683, 42828]"
115560,"[17221, 103117, 47464, 103868, 93864, 67037, 107959, 9640, 30372, 72314]"
115561,"[79381, 89737, 11362, 91707, 21557, 86768, 5467, 66993, 34057, 42042]"
115562,"[65173, 67223, 12371, 56302, 70778, 84058, 97677, 35738, 102388, 45149]"
115563,"[90761, 54130, 33214, 10656, 71813, 64236, 23510, 33597, 102534, 11836]"
115564,"[93470, 106611, 83605, 60818, 65257, 6491, 85583, 7226, 60629, 27127]"
115565,"[3602, 67268, 36226, 50909, 27067, 62264, 93835, 10856, 60681, 89618]"
115566,"[77967, 104439, 11011, 81140, 64391, 83639, 61768, 48977, 81005, 13595]"
115567,"[67986, 87285, 98016, 87002, 51366, 1926, 42040, 98423, 26948, 63293]"
115568,"[53695, 105931, 97836, 6313, 60497, 97527, 63112, 46373, 27936, 74349]"
115569,"[40985, 65106, 3615, 6876, 20974, 22738, 105252, 43744, 48168, 43053]"
115570,"[1718, 39124, 107540, 30125, 24875, 94597, 76317, 103825, 43609, 33117]"
115571,"[47093, 35912, 97518, 52444, 11474, 51266, 35960, 96925, 50038, 103169]"
115572,"[104377, 51571, 4324, 67620, 44432, 26163, 5880, 69411, 87018, 81657]"
115573,"[1297, 46376, 11174, 18247, 74551, 96618, 22848, 31423, 31399, 105918]"
115574,"[29602, 86998, 10512, 48904, 87507, 87319, 22007, 85570, 38577, 78247]"
115575,"[86783, 92889, 3237, 9818, 23737, 27041, 81107, 84326, 76396, 52699]"
115576,"[4315, 56150, 61536, 39000, 23130, 51332, 81746, 65550, 24049, 28155]"
115577,"[5765, 20711, 70892, 59309, 80791, 58685, 85831, 27062, 76642, 8035]"
115578,"[64784, 78791, 94967, 77694, 99922, 98857, 30653, 46339, 35640, 40683]"
115579,"[81526, 99999, 76236, 90227, 9195, 50188, 2965, 94248, 45417, 43149]"
115580,"[29961, 6959, 102070, 83058, 17564, 46615, 88468, 11860, 29491, 55898]"
115581,"[92443, 101085, 71560, 81287, 28881, 4537, 70843, 25331, 60823, 39316]"
115582,"[65663, 73843, 22525, 29493, 73307, 55043, 36764, 34921, 55468, 101303]"
115583,"[51413, 52556, 66806, 44511, 52456, 12751, 2713, 76878, 11759, 11792]"
115584,"[94467, 58985, 61934, 46902, 60202, 78649, 3449, 30431, 66839, 2475]"
115585,"[49774, 24560, 68813, 6743, 108363, 3616, 25157, 70338, 50759, 5076]"
115586,"[107217, 97541, 54347, 75961, 16348, 54615, 103388, 107167, 26566, 28812]"
115587,"[54532, 108127, 105855, 45406, 36971, 7412, 41662, 45676, 31508, 105302]"
115588,"[78304, 99021, 21257, 37920, 5017, 67773, 81979, 6045, 19942, 17128]"
115589,"[31528, 108683, 2674, 31340, 90023, 38998, 95665, 97549, 94761, 75300]"
115590,"[47294, 39537, 22163, 61857, 100459, 107545, 51883, 77799, 108530, 108771]"
115591,"[85757, 37320, 6537, 54146, 16810, 47926, 22004, 10703, 56672, 95546]"
115592,"[108080, 71477, 23078, 65664, 65735, 2300, 59804, 24903, 34166, 102093]"
115593,"[94944, 87227, 86771, 61014, 13735, 90478, 101552, 90533, 44621, 7980]"
115594,"[106971, 82597, 39657, 18138, 63710, 19795, 24590, 45166, 108613, 25078]"
115595,"[48605, 42889, 29867, 29368, 17320, 72840, 73959, 9895, 100072, 29444]"
115596,"[98675, 90500, 28559, 60301, 20507, 79090, 103546, 62255, 47201, 54748]"
115597,"[90197, 20631, 88502, 38338, 57882, 28370, 15029, 81982, 82885, 59486]"
115598,"[44353, 11974, 45106, 29897, 108085, 15783, 93732, 109543, 83753, 22495]"
115599,"[56353, 66377, 80276, 62748, 47220, 9985, 19831, 60679, 55526, 75548]"
115600,"[66424, 54381, 27044, 33597, 25265, 28088, 20080, 105936, 22129, 55225]"
115601,"[11317, 49043, 72969, 81949, 46302, 92449, 57176, 4852, 62445, 54870]"
115602,"[40833, 22861, 58703, 82321, 100651, 31661, 93751, 6964, 45197, 15022]"
115603,"[35170, 30803, 49284, 100810, 24799, 84349, 58607, 29540, 20574, 13223]"
115604,"[51410, 13296, 23291, 50607, 31452, 93830, 72962, 21518, 53547, 75547]"
115605,"[108850, 22201, 28024, 48991, 45517, 41179, 43870, 71990, 98766, 61366]"
115606,"[108497, 107949, 93762, 38970, 77894, 61790, 105551, 98541, 39229, 76186]"
115607,"[29140, 76037, 52879, 96443, 68308, 67476, 93817, 7127, 59505, 24239]"
115608,"[13471, 97976, 41506, 58960, 60010, 55226, 11034, 85124, 20263, 979]"
115609,"[13592, 45280, 3676, 56409, 28784, 53914, 15545, 88349, 104584, 82691]"
115610,"[10292, 70211, 51529, 93462, 107837, 5961, 66587, 22030, 92157, 85390]"
115611,"[44676, 20094, 31634, 97581, 83232, 60080, 109567, 16018, 74495, 89861]"
115612,"[108674, 60908, 74620, 57898, 104198, 81009, 74583, 13654, 59511, 80604]"
115613,"[44293, 109432, 3562, 59287, 34723, 14823, 95278, 62025, 91280, 1679]"
115614,"[75596, 31262, 97950, 97891, 79778, 35751, 9681, 58319, 63489, 43391]"
115615,"[87235, 19193, 68033, 44673, 33634, 39575, 73998, 73817, 89135, 73189]"
115616,"[63271, 34470, 99869, 9798, 11128, 68635, 34143, 59133, 34739, 49769]"
115617,"[63750, 20218, 64838, 31535, 82311, 93202, 20051, 24790, 25227, 80506]"
115618,"[68435, 68023, 40699, 47592, 8406, 67861, 31924, 31589, 13114, 29004]"
115619,"[27530, 47777, 91511, 81282, 99400, 62156, 6768, 25011, 43455, 84432]"
115620,"[108247, 3240, 38045, 88480, 87441, 45876, 100016, 7731, 61497, 80061]"
115621,"[40324, 85789, 72944, 61837, 96272, 70464, 26434, 69835, 31198, 35069]"
115622,"[880, 69389, 33899, 26553, 4467, 5027, 28298, 59109, 23523, 81905]"
115623,"[11813, 24615, 88818, 71785, 79868, 17412, 14363, 59265, 6208, 43967]"
115624,"[100037, 102946, 46161, 47528, 1718, 16129, 67179, 93501, 108842, 109537]"
115625,"[45720, 56470, 75721, 17810, 59818, 10377, 68900, 13516, 70069, 68638]"
115626,"[65729, 54123, 38208, 30317, 37104, 8527, 51658, 55345, 7431, 106690]"
115627,"[82491, 34542, 28423, 104231, 74696, 29778, 80365, 19039, 27394, 49550]"
115628,"[72326, 55740, 46335, 59321, 10383, 56674, 47656, 58173, 70574, 5608]"
115629,"[47900, 47954, 49601, 48762, 107374, 46987, 74343, 14242, 6670, 99497]"
115630,"[37803, 87864, 38053, 697, 38986, 17324, 42939, 60827, 5560, 29108]"
115631,"[72379, 24091, 532, 80607, 31064, 77793, 91499, 47096, 78328, 31132]"
115632,"[46141, 1265, 13197, 90829, 40143, 83938, 23270, 4074, 48677, 76747]"
115633,"[14041, 94879, 32615, 263, 91766, 44211, 53475, 56311, 64939, 91429]"
115634,"[50211, 4718, 26541, 13290, 85948, 428, 81935, 31664, 72419, 18911]"
115635,"[70373, 60454, 65011, 107110, 9558, 104835, 40093, 25922, 64875, 99495]"
115636,"[75711, 85694, 58587, 69653, 67605, 97734, 85990, 81940, 78092, 62172]"
115637,"[37089, 7052, 89415, 60868, 98041, 29946, 59714, 60390, 86766, 99806]"
115638,"[95901, 75544, 101564, 10687, 59412, 104387, 69529, 13384, 95819, 49503]"
115639,"[99122, 57012, 82510, 39183, 7507, 50243, 59338, 66502, 94140, 107395]"
115640,"[37139, 109266, 49050, 74381, 101052, 102941, 3077, 51825, 78330, 28917]"
115641,"[1105, 23660, 24806, 73001, 93422, 73466, 65384, 109209, 78941, 15977]"
115642,"[68308, 12310, 24584, 50318, 107235, 51489, 7380, 105285, 49958, 69932]"
115643,"[23981, 21058, 54316, 109473, 54264, 90567, 38819, 31763, 75634, 55630]"
115644,"[60882, 69644, 9193, 71815, 14349, 105432, 21537, 101961, 40125, 59074]"
115645,"[81321, 3045, 22385, 36755, 67188, 99362, 74291, 9044, 66681, 1976]"
115646,"[54398, 77938, 27249, 101831, 82409, 72048, 10709, 20552, 64242, 80609]"
115647,"[71040, 85799, 1688, 38707, 45273, 96959, 21497, 96282, 311, 46709]"
115648,"[67793, 1919, 58396, 75259, 3239, 34354, 98904, 62718, 7039, 44456]"
115649,"[12599, 89173, 26746, 95880, 69759, 4900, 81824, 84295, 75338, 72315]"
115650,"[99750, 17641, 33420, 86238, 80311, 45761, 71508, 88804, 44685, 73794]"
115651,"[46305, 18651, 83090, 19017, 84885, 23037, 45481, 43388, 18189, 71262]"
115652,"[31501, 56052, 15912, 10722, 24012, 30320, 86324, 25169, 53551, 93924]"
115653,"[39779, 16372, 95710, 16617, 102224, 109355, 43310, 67100, 61911, 43749]"
115654,"[31072, 93148, 32263, 80270, 52673, 89926, 101677, 97728, 56643, 71920]"
115655,"[68148, 79263, 105119, 65508, 72488, 96406, 94985, 25392, 8928, 55979]"
115656,"[86976, 11601, 99703, 53, 18035, 9285, 35800, 16697, 78620, 76552]"
115657,"[98172, 101974, 3856, 44854, 69223, 946, 46554, 77935, 85045, 63291]"
115658,"[5100, 98261, 85045, 56252, 54477, 65446, 57870, 25, 1817, 78037]"
115659,"[99281, 87950, 98632, 51733, 23304, 66608, 23174, 17089, 68788, 52424]"
115660,"[91468, 80682, 70119, 86697, 14441, 88384, 101708, 52115, 5887, 54532]"
115661,"[109550, 44889, 33309, 68559, 97540, 79664, 17309, 41676, 100452, 48150]"
115662,"[13273, 27206, 96749, 98771, 15786, 14684, 109724, 11837, 12900, 87564]"
115663,"[49925, 68031, 3429, 6422, 53372, 53326, 86694, 102836, 65343, 87679]"
115664,"[100039, 13978, 35087, 78312, 13329, 29965, 23115, 80394, 78024, 50040]"
115665,"[47817, 52328, 26485, 69295, 13459, 103361, 50074, 11062, 30801, 108758]"
115666,"[107206, 61656, 108707, 95533, 105654, 66050, 14469, 82944, 12378, 84453]"
115667,"[49155, 71743, 26099, 30855, 39781, 42979, 43161, 7625, 99474, 43715]"
115668,"[30183, 19307, 73325, 68408, 77757, 78080, 14574, 92618, 65278, 45538]"
115669,"[39867, 68758, 5144, 82541, 13205, 26000, 96371, 63043, 67094, 27903]"
115670,"[99737, 74473, 1593, 25263, 78442, 89723, 81630, 48576, 76414, 87825]"
115671,"[3691, 57531, 6114, 64936, 28056, 84205, 11991, 69508, 109377, 58527]"
115672,"[1725, 23588, 25738, 85160, 50992, 7560, 2463, 39302, 56122, 38838]"
115673,"[64541, 56830, 4949, 95194, 16061, 37979, 104752, 21692, 43381, 59305]"
115674,"[4168, 38496, 7809, 63790, 64441, 19844, 56680, 31036, 96061, 50771]"
115675,"[61096, 680, 38399, 91451, 4618, 44244, 51710, 106116, 920, 17243]"
115676,"[86772, 57470, 106698, 82515, 61718, 6705, 94959, 88083, 74273, 52105]"
115677,"[45962, 47983, 56880, 101864, 95181, 26841, 109084, 89552, 34307, 95325]"
115678,"[94255, 14070, 103954, 77518, 9960, 99683, 36370, 16255, 23564, 108815]"
115679,"[80986, 24709, 17094, 14144, 79611, 37928, 51907, 63509, 79542, 40028]"
115680,"[24681, 37150, 88376, 40608, 28006, 34897, 4993, 71464, 51902, 7141]"
115681,"[15132, 95747, 62806, 20816, 92825, 63791, 59310, 25503, 71610, 26646]"
115682,"[109444, 15379, 92842, 86309, 3193, 55702, 268, 83455, 87674, 35884]"
115683,"[99995, 54711, 78659, 18817, 36922, 7020, 31633, 91, 88388, 71168]"
115684,"[19118, 80978, 50297, 71050, 15164, 7344, 81349, 83576, 19794, 38468]"
115685,"[66318, 35920, 106820, 54649, 102291, 13305, 61157, 69628, 47588, 83480]"
115686,"[10016, 48530, 71199, 94048, 15238, 10580, 14559, 75447, 46023, 88228]"
115687,"[101789, 64478, 90703, 20472, 68719, 62365, 16272, 15180, 11509, 28681]"
115688,"[46042, 67235, 1587, 78715, 70522, 62298, 59581, 45434, 6883, 69618]"
115689,"[40936, 48809, 26768, 107828, 96042, 9687, 6254, 3243, 10593, 99408]"
115690,"[60544, 81620, 79226, 85889, 15095, 45409, 99355, 68921, 4377, 5490]"
115691,"[12206, 42018, 109235, 47250, 45219, 2825, 61559, 49876, 49028, 2771]"
115692,"[76012, 56439, 31361, 63025, 29719, 12966, 67336, 43059, 74531, 19369]"
115693,"[45083, 68524, 520, 55910, 348, 89009, 67445, 79787, 39232, 12400]"
115694,"[70399, 17010, 74370, 70642, 46755, 12586, 91930, 80884, 14798, 77057]"
115695,"[69882, 92865, 15261, 12800, 100420, 5328, 105372, 107586, 2491, 4998]"
115696,"[79656, 43803, 11540, 84125, 95201, 96248, 71081, 54955, 55246, 68328]"
115697,"[43884, 19444, 70034, 53964, 56469, 52541, 99824, 20086, 14435, 69776]"
115698,"[56913, 70807, 97032, 19622, 32632, 30982, 43960, 78890, 81700, 107614]"
115699,"[30055, 75278, 17438, 94306, 80234, 63997, 87834, 2478, 68218, 40489]"
115700,"[13456, 96183, 44806, 94189, 4823, 58397, 50749, 12135, 65874, 89820]"
115701,"[54662, 8099, 51229, 8218, 17734, 102622, 101448, 66784, 46764, 4986]"
115702,"[17264, 19218, 89384, 17842, 37585, 9662, 53583, 9070, 66918, 94159]"
115703,"[39250, 66622, 67216, 59724, 15537, 13929, 103572, 80196, 85626, 60581]"
115704,"[53330, 79719, 12457, 5252, 99526, 3418, 26240, 89184, 48577, 46418]"
115705,"[33072, 73663, 45063, 46514, 16904, 101273, 85041, 8682, 92428, 96803]"
115706,"[103397, 4078, 70173, 40188, 62589, 54637, 67708, 40038, 41984, 12016]"
115707,"[48183, 54853, 62028, 100633, 56012, 108497, 105838, 28932, 36754, 51067]"
115708,"[102728, 15030, 30282, 4122, 6312, 92375, 52442, 52360, 75636, 89209]"
115709,"[78285, 103583, 34106, 24858, 57936, 92457, 45300, 20528, 71457, 90509]"
115710,"[28900, 3310, 25181, 38056, 83339, 9489, 56727, 22795, 42945, 25713]"
115711,"[56769, 65941, 37523, 525, 95399, 42920, 2938, 64115, 4001, 29641]"
115712,"[52490, 107974, 20234, 46438, 27334, 15338, 47783, 34632, 88202, 58847]"
115713,"[13787, 98653, 5857, 91872, 10615, 228, 33493, 13798, 89112, 97599]"
115714,"[102724, 18201, 89255, 8068, 92068, 39958, 48569, 32447, 40705, 33104]"
115715,"[83807, 45152, 58777, 108781, 71137, 66448, 100160, 67397, 80426, 1993]"
115716,"[108504, 39504, 14875, 1648, 106753, 49791, 66036, 6855, 34389, 12968]"
115717,"[91393, 53611, 31157, 23150, 64558, 14430, 17281, 28452, 2025, 8126]"
115718,"[71021, 100202, 89993, 99727, 107964, 92920, 96814, 16782, 11687, 86355]"
115719,"[6863, 46562, 43718, 6924, 12027, 49294, 38068, 104833, 18027, 79953]"
115720,"[31811, 55766, 31815, 61092, 47759, 51601, 93881, 91111, 57872, 5986]"
115721,"[17502, 84789, 92584, 93973, 53272, 66190, 71908, 37530, 106704, 13680]"
115722,"[13006, 2416, 24842, 94456, 39479, 31476, 51208, 36539, 2818, 47517]"
115723,"[94715, 11047, 23734, 18222, 48752, 79705, 77263, 28161, 86304, 24938]"
115724,"[16080, 49908, 21400, 59267, 41683, 63046, 87639, 88562, 88905, 19240]"
115725,"[17710, 43889, 36181, 101512, 47615, 104528, 100482, 74635, 85403, 98909]"
115726,"[11193, 26860, 104777, 48418, 20820, 103813, 20867, 86077, 77529, 84047]"
115727,"[41851, 2348, 31866, 4126, 95611, 48255, 73580, 77907, 102832, 67618]"
115728,"[25049, 71576, 104612, 31407, 85199, 102044, 65995, 71687, 79815, 40230]"
115729,"[57123, 63222, 37091, 13766, 82983, 84816, 14525, 11211, 38218, 72332]"
115730,"[10464, 104303, 82430, 63595, 16276, 85786, 88054, 9655, 42230, 27631]"
115731,"[96343, 7956, 99388, 76863, 56050, 109077, 64795, 86868, 82464, 52844]"
115732,"[103512, 79399, 51256, 55735, 92639, 71575, 7064, 101986, 53886, 56107]"
115733,"[29070, 61002, 42020, 45301, 70122, 23851, 46666, 45014, 38628, 33192]"
115734,"[108822, 65008, 16625, 40070, 73054, 22917, 57309, 108933, 9346, 54582]"
115735,"[86266, 38952, 35636, 46371, 40751, 48421, 38790, 12433, 34753, 16331]"
115736,"[53738, 16151, 44060, 66590, 76836, 24679, 102498, 61946, 9108, 42120]"
115737,"[79146, 36224, 41341, 107532, 56317, 77040, 98029, 65135, 82735, 108900]"
115738,"[53547, 51410, 13296, 1162, 78782, 80934, 42190, 44700, 79950, 14211]"
115739,"[52953, 63860, 3740, 76682, 12729, 14690, 5841, 15569, 24388, 15407]"
115740,"[25136, 87979, 30218, 69857, 61335, 49208, 107536, 83802, 3245, 56215]"
115741,"[54150, 105266, 73191, 89544, 52632, 22934, 37399, 59377, 51155, 100293]"
115742,"[73416, 79609, 24918, 43974, 91016, 12289, 97326, 55489, 33770, 3354]"
115743,"[72159, 13018, 12502, 43477, 98068, 12100, 20202, 61838, 18066, 24413]"
115744,"[8511, 74027, 30895, 71183, 95234, 12152, 50101, 75594, 86612, 107837]"
115745,"[37418, 74015, 9764, 37983, 40326, 80374, 43700, 108600, 39698, 64423]"
115746,"[77743, 25140, 91419, 44170, 91223, 90880, 45931, 107123, 17060, 78302]"
115747,"[98324, 95178, 54529, 106406, 103646, 49967, 31605, 74626, 23694, 5430]"
115748,"[75491, 3218, 96399, 64437, 72980, 22755, 63968, 87752, 29451, 53209]"
115749,"[50112, 41159, 81806, 67063, 1096, 86839, 68078, 96675, 20621, 55455]"
115750,"[46193, 7426, 1009, 83783, 32438, 39844, 18467, 19027, 75966, 78493]"
115751,"[57280, 105928, 52009, 98129, 100366, 41385, 106615, 8867, 26949, 48168]"
115752,"[79579, 16150, 69413, 99963, 34182, 692, 30721, 10561, 109067, 67324]"
115753,"[1068, 32167, 107167, 21945, 26372, 71675, 84056, 102120, 33431, 94981]"
115754,"[21022, 43131, 68740, 60677, 91252, 39535, 31436, 65498, 29144, 18839]"
115755,"[104419, 84957, 50784, 100754, 22255, 103282, 70768, 103359, 338, 54661]"
115756,"[85600, 27127, 30315, 70195, 54881, 98110, 39494, 53343, 52047, 103944]"
115757,"[68632, 19197, 59938, 91896, 54708, 92624, 108756, 85602, 59970, 53966]"
115758,"[16194, 104327, 9442, 12206, 51133, 72274, 88510, 17720, 40047, 35965]"
115759,"[64549, 13169, 36116, 70236, 20693, 62479, 8244, 86229, 37806, 55924]"
115760,"[91189, 92913, 57156, 86994, 93828, 53150, 27672, 26818, 83603, 106244]"
115761,"[54174, 52469, 93279, 31457, 107428, 33142, 2079, 36740, 18977, 30824]"
115762,"[15453, 105529, 62092, 45877, 26706, 4258, 60786, 36095, 96745, 7403]"
115763,"[42492, 38264, 70645, 63874, 49650, 26031, 104263, 88661, 83708, 2914]"
115764,"[68432, 81373, 47262, 104928, 90383, 32464, 45251, 106817, 15050, 81420]"
115765,"[67900, 59664, 53957, 53036, 87991, 950, 32914, 1414, 24422, 56767]"
115766,"[65199, 106446, 13983, 83435, 63927, 93806, 4584, 72153, 62355, 104945]"
115767,"[37191, 19486, 80162, 1828, 26875, 77801, 38799, 54470, 70928, 67088]"
115768,"[23876, 61572, 9642, 78684, 48816, 82106, 72263, 42050, 46866, 69150]"
115769,"[47225, 16391, 31416, 25662, 81466, 46414, 23128, 86829, 32006, 46253]"
115770,"[47735, 104649, 63321, 32935, 31561, 35213, 91310, 108556, 86553, 83105]"
115771,"[20520, 53625, 95066, 15743, 77129, 63413, 6813, 32343, 55356, 109609]"
115772,"[35251, 25990, 68224, 1770, 101930, 78429, 47344, 5258, 21296, 31714]"
115773,"[72471, 108544, 27834, 93897, 15592, 24140, 109308, 41282, 49378, 102405]"
115774,"[57008, 1394, 92586, 56508, 3611, 91769, 51706, 45237, 70374, 43803]"
115775,"[70546, 51700, 44831, 43531, 96243, 90632, 82804, 75281, 73413, 63301]"
115776,"[100686, 55202, 106175, 76181, 26693, 106705, 60176, 92925, 41737, 48911]"
115777,"[49974, 60309, 23999, 65205, 63890, 23123, 4079, 104631, 39385, 45819]"
115778,"[10613, 15657, 38336, 96798, 60577, 109423, 69204, 42084, 50954, 94993]"
115779,"[90791, 74988, 79693, 105690, 45838, 16479, 64644, 94459, 71850, 8854]"
115780,"[10706, 11634, 29674, 24512, 42341, 84450, 92054, 63375, 36340, 90945]"
115781,"[39650, 105167, 85563, 80167, 67739, 105975, 77881, 26972, 67797, 65950]"
115782,"[55913, 78453, 6904, 69234, 21985, 88264, 2729, 108217, 75872, 98501]"
115783,"[88983, 21732, 106725, 106852, 108310, 69524, 27829, 102838, 5644, 20432]"
115784,"[52642, 29589, 68616, 109416, 42428, 32001, 103380, 39235, 48450, 109376]"
115785,"[104302, 30734, 4259, 19141, 108037, 15738, 35545, 102690, 25435, 102041]"
115786,"[35614, 3367, 26286, 55280, 9564, 31405, 88895, 63624, 24596, 105407]"
115787,"[97767, 89468, 75894, 70520, 17802, 79622, 43946, 87299, 53618, 53254]"
115788,"[71211, 83923, 44016, 46296, 23362, 45323, 5413, 60596, 100255, 56621]"
115789,"[42121, 88803, 48964, 2566, 60042, 79324, 95416, 16756, 2325, 33192]"
115790,"[69340, 56979, 99480, 70772, 82440, 59247, 82345, 106026, 62747, 62339]"
115791,"[104694, 83043, 6755, 98009, 2603, 30280, 47175, 59083, 32055, 92737]"
115792,"[47466, 69049, 8638, 61062, 6059, 16152, 87280, 12211, 66539, 68677]"
115793,"[67836, 68064, 79082, 65408, 89869, 95536, 102776, 89319, 2982, 39108]"
115794,"[75346, 90696, 37001, 93778, 14145, 53892, 107966, 91187, 24831, 43559]"
115795,"[106227, 83875, 90222, 46490, 6338, 39904, 91253, 85656, 56476, 14310]"
115796,"[42940, 44170, 27175, 46866, 12189, 60074, 13763, 17060, 53166, 91236]"
115797,"[32249, 105725, 70312, 70066, 88411, 72726, 108469, 2032, 26919, 4043]"
115798,"[55991, 74219, 21352, 8872, 337, 53410, 87160, 101048, 52002, 21156]"
115799,"[84803, 85790, 47890, 42331, 94682, 104197, 7311, 47070, 76989, 90104]"
115800,"[5883, 52352, 26876, 82126, 14295, 8319, 86826, 46190, 33558, 17514]"
115801,"[74780, 58964, 108479, 97496, 91731, 74512, 101130, 57416, 101211, 71391]"
115802,"[24215, 61457, 98314, 47722, 60979, 64718, 108283, 57697, 54861, 39613]"
115803,"[8215, 69280, 40092, 14664, 83001, 2902, 3689, 50768, 84387, 11076]"
115804,"[72415, 88226, 103112, 1869, 41884, 61992, 46735, 25968, 50923, 58666]"
115805,"[70994, 74098, 70613, 86599, 57182, 74141, 78455, 40561, 95403, 2758]"
115806,"[20442, 60935, 94400, 74443, 91334, 91850, 108987, 86431, 61441, 5579]"
115807,"[79588, 3790, 69097, 105948, 1145, 73516, 93296, 79312, 88123, 9621]"
115808,"[78747, 11018, 7873, 84919, 6178, 10136, 81666, 84434, 76843, 71410]"
115809,"[81442, 18955, 58365, 43643, 74740, 43992, 33196, 4409, 35024, 29654]"
115810,"[2818, 38643, 23606, 79804, 102104, 47260, 63724, 2455, 80053, 60579]"
115811,"[64552, 54217, 76787, 28851, 55466, 5849, 69092, 3067, 84778, 17973]"
115812,"[28426, 11031, 29432, 80417, 85808, 25664, 90403, 50193, 39889, 88365]"
115813,"[60683, 5830, 30224, 58756, 78937, 75081, 44941, 96480, 53397, 70859]"
115814,"[73690, 99842, 13798, 93564, 64668, 39637, 87125, 29221, 65700, 85992]"
115815,"[78931, 96531, 94052, 104622, 98877, 11132, 50957, 16019, 77702, 106539]"
115816,"[53292, 87352, 47185, 87321, 31356, 74949, 40271, 58587, 69653, 107071]"
115817,"[69516, 2333, 89641, 67816, 82274, 97548, 98508, 85893, 105588, 92974]"
115818,"[49428, 39327, 28605, 93784, 69767, 55948, 31432, 105178, 70863, 37280]"
115819,"[43358, 45463, 37862, 95768, 101488, 74449, 66835, 98639, 62224, 100517]"
115820,"[95216, 80245, 51807, 51702, 53018, 70146, 74678, 81933, 82792, 106198]"
115821,"[10943, 101652, 22078, 59664, 89620, 44662, 32223, 65672, 75083, 92522]"
115822,"[10913, 59735, 83534, 75521, 4226, 98789, 70577, 64591, 24758, 61459]"
115823,"[37613, 108931, 49720, 60577, 64164, 70207, 39623, 87322, 22015, 51030]"
115824,"[102601, 82208, 58184, 77155, 35129, 69770, 18825, 16951, 56243, 105374]"
115825,"[90224, 8246, 12758, 7633, 73273, 7787, 76798, 72076, 72337, 52623]"
115826,"[28669, 34533, 100922, 5023, 27617, 9699, 52886, 67354, 105227, 85283]"
115827,"[74760, 1921, 6645, 103390, 92288, 78912, 71883, 73019, 81100, 93234]"
115828,"[83326, 98269, 108970, 91457, 94213, 77145, 26051, 12374, 38217, 7707]"
115829,"[91880, 70869, 75389, 94226, 75999, 84811, 16743, 90664, 65520, 58384]"
115830,"[34932, 90362, 78271, 44532, 11777, 103797, 101234, 80399, 76489, 103483]"
115831,"[43655, 93667, 54872, 24299, 20617, 88279, 10713, 96910, 91564, 77631]"
115832,"[105222, 9888, 106993, 93097, 62317, 28973, 22877, 86192, 80468, 25801]"
115833,"[10797, 51238, 55384, 79869, 13786, 92246, 44209, 74776, 47367, 76068]"
115834,"[4725, 102720, 95137, 27929, 92792, 102018, 55160, 84482, 25971, 80919]"
115835,"[27027, 82996, 65914, 92336, 19345, 30002, 63629, 44431, 99999, 108677]"
115836,"[39158, 93583, 109142, 2794, 53066, 26041, 39675, 10068, 74587, 74221]"
115837,"[95861, 98187, 74515, 38466, 19979, 55759, 32710, 25784, 38902, 88083]"
115838,"[11755, 62856, 82901, 63329, 85546, 80086, 55689, 26979, 17470, 1506]"
115839,"[6660, 3477, 73263, 95327, 36219, 9860, 78680, 3946, 57905, 28858]"
115840,"[2300, 23078, 99263, 1239, 34166, 24903, 71477, 90507, 75859, 35645]"
115841,"[45982, 63410, 3287, 70593, 70996, 24464, 12012, 94948, 108592, 42856]"
115842,"[65671, 79828, 9221, 84615, 72426, 24864, 54807, 95584, 100734, 81317]"
115843,"[42165, 8294, 13864, 32818, 767, 65085, 11541, 79003, 24667, 52133]"
115844,"[95940, 56106, 97682, 21948, 101050, 107602, 41581, 49043, 55547, 17215]"
115845,"[39099, 16343, 52077, 72630, 86570, 49226, 42582, 48533, 89897, 54208]"
115846,"[68969, 50505, 40609, 48209, 15793, 99748, 48738, 67548, 53911, 50909]"
115847,"[42205, 100193, 22248, 55378, 86963, 99606, 38661, 19979, 107940, 77454]"
115848,"[42224, 8109, 44178, 44154, 88124, 109233, 21376, 34778, 18389, 2289]"
115849,"[60888, 17532, 97377, 9885, 89260, 73148, 6443, 9058, 76837, 4579]"
115850,"[86270, 94392, 36558, 10264, 48595, 100651, 79672, 20028, 37945, 17897]"
115851,"[38875, 38349, 24443, 60766, 83440, 83880, 16906, 37191, 73064, 26307]"
115852,"[96039, 34009, 72761, 42191, 21315, 72292, 20857, 71096, 26270, 42475]"
115853,"[49120, 36922, 71227, 11248, 22838, 41575, 91100, 81459, 46580, 57217]"
115854,"[20638, 78481, 63556, 29114, 104713, 65419, 45671, 39453, 71776, 99678]"
115855,"[907, 102197, 86777, 5630, 36374, 72483, 87070, 69908, 58586, 66261]"
115856,"[51782, 84825, 85832, 58347, 101762, 57912, 30415, 27974, 94638, 18137]"
115857,"[14566, 64896, 84015, 8693, 99800, 13021, 13167, 40735, 103475, 83877]"
115858,"[81217, 9912, 39468, 89640, 105616, 22358, 85936, 46131, 28184, 2177]"
115859,"[61609, 70836, 42206, 92026, 31819, 26776, 106796, 6833, 90692, 76191]"
115860,"[59223, 45738, 96268, 53756, 17972, 107382, 59953, 50927, 68378, 22843]"
115861,"[87261, 26728, 68271, 103724, 82451, 100206, 16360, 16910, 26999, 107240]"
115862,"[81938, 2730, 74901, 39815, 40178, 102960, 7998, 49641, 60203, 77804]"
115863,"[81742, 84944, 17034, 60864, 80068, 68346, 99872, 1689, 44447, 49962]"
115864,"[86270, 34192, 50404, 37868, 56748, 20028, 37945, 79672, 17897, 69118]"
115865,"[62054, 55292, 97809, 65731, 64033, 51435, 54503, 71514, 53488, 105042]"
115866,"[14184, 61123, 64906, 12378, 58127, 64086, 96655, 76934, 61089, 64972]"
115867,"[20970, 21428, 43510, 11614, 17230, 45983, 51604, 107736, 18940, 67980]"
115868,"[101969, 65554, 83933, 39388, 25425, 84717, 70313, 28440, 26059, 22500]"
115869,"[62159, 67834, 60184, 76129, 61524, 8923, 68614, 10805, 83938, 76692]"
115870,"[62802, 6604, 77306, 31089, 85921, 8566, 6747, 57735, 97263, 83234]"
115871,"[75561, 49576, 77732, 3472, 85594, 64200, 21411, 78961, 66440, 14701]"
115872,"[82886, 18530, 13606, 98230, 31009, 90101, 72278, 65885, 88638, 31947]"
115873,"[19694, 1213, 23247, 50209, 22039, 71549, 16634, 77553, 48208, 9709]"
115874,"[67636, 63622, 97453, 58189, 52634, 35207, 57006, 36322, 44494, 10598]"
115875,"[70506, 78756, 99143, 100084, 49364, 13617, 63460, 96239, 78876, 74861]"
115876,"[39547, 79771, 53901, 52269, 77777, 60158, 84741, 64720, 85109, 42618]"
115877,"[22523, 103020, 75476, 107879, 91026, 14058, 50420, 23658, 109531, 106394]"
115878,"[68973, 27003, 87188, 85695, 106181, 95732, 85419, 46164, 74736, 45254]"
115879,"[52697, 20836, 106777, 19913, 99550, 70986, 33696, 9907, 65449, 28136]"
115880,"[72633, 22494, 37282, 41720, 99477, 32147, 33426, 105767, 76946, 96232]"
115881,"[96083, 26339, 94800, 10554, 86897, 76062, 3179, 36353, 62982, 42637]"
115882,"[100000, 8942, 49799, 90204, 37449, 30541, 58428, 55634, 20682, 40002]"
115883,"[71240, 71780, 49165, 35156, 107061, 20347, 68954, 10610, 81319, 61893]"
115884,"[83429, 75639, 82091, 97082, 8876, 89493, 79406, 42300, 73318, 2169]"
115885,"[38729, 66437, 81376, 19076, 40998, 17463, 83467, 1474, 24189, 52520]"
115886,"[88071, 13859, 8798, 51083, 62939, 38993, 88529, 75706, 66279, 84885]"
115887,"[83009, 54834, 73060, 47960, 107780, 76241, 51290, 77751, 16197, 107812]"
115888,"[27660, 34366, 3947, 64019, 66963, 10060, 571, 73442, 41016, 16266]"
115889,"[11619, 70766, 17179, 24196, 83348, 32828, 55994, 70815, 12203, 11222]"
115890,"[100298, 1051, 48546, 95095, 8050, 109448, 90759, 72762, 42600, 70612]"
115891,"[55710, 90270, 78043, 68667, 69407, 47126, 86634, 1747, 100660, 44758]"
115892,"[55802, 72089, 43589, 29849, 80457, 96889, 39548, 81549, 98769, 27027]"
115893,"[77754, 90978, 447, 4997, 23913, 35341, 11298, 96377, 82807, 29932]"
115894,"[7894, 30731, 42370, 32158, 26019, 32856, 10431, 40740, 29415, 60660]"
115895,"[7064, 103512, 84772, 15989, 88395, 101588, 40107, 107776, 98009, 14950]"
115896,"[29137, 42611, 41695, 98108, 38336, 32477, 65456, 36969, 13503, 59021]"
115897,"[36007, 85752, 54981, 83296, 70925, 18107, 42108, 14210, 91815, 7228]"
115898,"[65036, 57192, 68592, 86405, 15797, 12068, 98270, 109638, 35560, 106418]"
115899,"[66396, 101968, 2363, 61310, 7322, 23054, 83559, 37802, 31599, 46780]"
115900,"[91157, 77247, 5780, 34537, 43597, 55999, 90953, 27033, 24705, 89859]"
115901,"[55843, 52163, 59506, 4765, 66015, 78498, 91759, 27337, 42923, 104174]"
115902,"[49692, 79831, 42768, 70156, 72717, 5867, 94206, 82203, 13015, 105845]"
115903,"[90330, 7108, 36775, 106924, 74197, 90868, 58335, 106698, 33910, 34425]"
115904,"[8256, 45109, 29519, 12364, 27597, 47649, 107382, 17972, 15039, 45107]"
115905,"[19594, 8268, 77964, 10065, 69492, 26721, 108194, 35202, 60978, 80108]"
115906,"[35372, 43653, 29268, 46744, 87550, 30861, 815, 18297, 67036, 83180]"
115907,"[20281, 41677, 41064, 61504, 53277, 77560, 43150, 51840, 13719, 70288]"
115908,"[109206, 60135, 45049, 54717, 104475, 82253, 36950, 99675, 17165, 19868]"
115909,"[90488, 20996, 91250, 27927, 102085, 51384, 17511, 30438, 7787, 86480]"
115910,"[13385, 12727, 103404, 44565, 1984, 865, 46855, 93651, 3225, 88550]"
115911,"[100494, 53001, 13319, 38378, 80812, 102827, 37349, 58493, 1969, 80938]"
115912,"[97682, 17381, 25018, 17215, 15946, 77641, 102428, 96799, 19728, 107425]"
115913,"[81655, 5174, 63293, 60060, 107197, 63585, 48912, 16747, 71247, 29353]"
115914,"[17310, 92832, 107687, 94986, 1426, 17663, 29162, 91484, 40558, 5453]"
115915,"[60532, 34330, 67706, 29030, 55721, 16492, 63281, 36334, 35807, 32331]"
115916,"[104096, 102617, 28227, 89979, 7128, 82505, 20713, 29367, 45323, 31824]"
115917,"[22984, 91712, 49504, 92371, 101663, 89574, 101986, 46085, 33954, 23398]"
115918,"[40292, 5821, 2245, 17242, 44072, 63233, 50628, 43413, 109754, 41364]"
115919,"[37185, 69074, 63082, 69116, 1226, 4914, 97710, 45145, 100003, 94132]"
115920,"[98732, 109585, 15393, 17896, 19915, 215, 48386, 7798, 46603, 60260]"
115921,"[20769, 79906, 52497, 86399, 53259, 74761, 38467, 33341, 1685, 27112]"
115922,"[72720, 4877, 6116, 39342, 52306, 35431, 106343, 44343, 71659, 7802]"
115923,"[96430, 71712, 371, 105951, 12940, 76504, 26183, 11084, 34272, 22053]"
115924,"[71239, 30678, 95456, 102787, 106548, 28024, 63264, 77276, 85376, 108307]"
115925,"[5516, 81948, 58235, 9641, 93390, 7492, 29756, 30013, 52805, 10263]"
115926,"[30866, 106053, 36219, 61548, 68897, 96343, 78680, 7956, 109314, 49173]"
115927,"[34855, 52085, 71175, 75594, 10338, 831, 19632, 95234, 6309, 97002]"
115928,"[18646, 14024, 86676, 6517, 23048, 14081, 39590, 46632, 95451, 64811]"
115929,"[52768, 20335, 53692, 75435, 17514, 37013, 105389, 52352, 5883, 109477]"
115930,"[44125, 101916, 87302, 29611, 101766, 105709, 82347, 59797, 38919, 89618]"
115931,"[75327, 22547, 105410, 107512, 92356, 14102, 104137, 102892, 39598, 62186]"
115932,"[40422, 108221, 7735, 19053, 66042, 50309, 105114, 80627, 99622, 79471]"
115933,"[37814, 85925, 65611, 97789, 70895, 95895, 69678, 26834, 75004, 42628]"
115934,"[8780, 105543, 67720, 629, 70986, 108093, 4740, 37975, 77003, 72938]"
115935,"[90100, 23494, 60263, 23955, 86861, 81453, 22543, 61919, 57524, 98152]"
115936,"[109510, 85054, 103667, 83689, 29204, 107616, 103113, 959, 103709, 38410]"
115937,"[100996, 48619, 67869, 43819, 67788, 34901, 76805, 14760, 53938, 59148]"
115938,"[13158, 92163, 99462, 57584, 1408, 94136, 74582, 33055, 64792, 86620]"
115939,"[6647, 28989, 55906, 93757, 3842, 76812, 65726, 16090, 22298, 17848]"
115940,"[2832, 99154, 20385, 48368, 107851, 67721, 67593, 68792, 40307, 2009]"
115941,"[11952, 18139, 80140, 4280, 18978, 55522, 9603, 32900, 75668, 57977]"
115942,"[22022, 30008, 44606, 3136, 89132, 92045, 29056, 26486, 69114, 14031]"
115943,"[68988, 102867, 2561, 45225, 85424, 10712, 31146, 21716, 98063, 107455]"
115944,"[748, 51622, 99697, 74242, 88651, 94399, 72693, 43770, 25244, 63332]"
115945,"[8484, 4678, 12917, 105468, 73778, 10781, 92992, 54069, 46419, 73589]"
115946,"[57063, 37844, 14530, 31435, 59470, 103053, 59429, 52302, 104743, 105148]"
115947,"[16843, 85576, 25268, 42557, 53679, 95420, 43652, 8070, 106335, 90645]"
115948,"[70572, 8971, 107428, 36740, 2079, 36405, 101245, 93279, 52469, 18977]"
115949,"[43499, 30921, 84777, 104038, 100608, 70481, 80755, 47331, 72293, 18533]"
115950,"[76460, 27314, 61844, 68753, 34017, 62387, 14784, 84173, 81195, 77033]"
115951,"[18732, 4984, 56265, 88568, 78954, 95631, 39147, 39805, 59842, 87705]"
115952,"[51327, 45702, 2454, 695, 16237, 86612, 61740, 54279, 70909, 8511]"
115953,"[61390, 100506, 46098, 79213, 1633, 24170, 65143, 98855, 70426, 54833]"
115954,"[48840, 25361, 99293, 4346, 42271, 32258, 16970, 39205, 96916, 106764]"
115955,"[61348, 41927, 2592, 100038, 3157, 48794, 34449, 56206, 1750, 94165]"
115956,"[36792, 91332, 53113, 7531, 10153, 84086, 63514, 54988, 20999, 42004]"
115957,"[71655, 83977, 51498, 3567, 94315, 26631, 44985, 98309, 59400, 41368]"
115958,"[4079, 80853, 18069, 103971, 49974, 50763, 10894, 29773, 550, 65205]"
115959,"[10790, 53196, 47004, 68541, 2544, 106875, 38618, 81028, 94576, 108975]"
115960,"[64767, 11529, 30803, 35170, 60223, 59530, 77030, 97560, 71350, 108047]"
115961,"[47992, 72846, 10543, 80424, 70777, 16418, 58935, 68472, 53806, 63125]"
115962,"[60541, 45300, 61970, 59754, 49617, 35701, 96967, 78802, 54734, 108044]"
115963,"[38822, 30288, 71617, 51693, 90588, 62375, 96131, 55128, 96984, 4903]"
115964,"[38939, 12910, 90972, 27489, 54275, 5543, 88039, 32886, 96190, 102064]"
115965,"[54132, 51583, 37146, 23572, 92737, 28297, 50161, 75567, 86981, 104694]"
115966,"[22662, 95250, 62295, 107590, 47465, 2403, 12353, 15394, 51740, 26115]"
115967,"[49878, 51531, 52193, 55126, 18857, 106966, 21289, 92071, 68192, 31463]"
115968,"[48729, 36941, 103674, 79313, 10795, 19127, 45348, 88723, 100962, 80679]"
115969,"[4124, 58764, 53006, 53251, 80759, 106044, 19839, 20408, 17588, 7358]"
115970,"[38345, 69830, 56202, 55355, 108269, 29485, 106887, 47997, 95289, 15520]"
115971,"[70347, 103151, 15512, 77495, 84652, 42228, 41110, 61725, 59690, 53017]"
115972,"[3873, 86972, 7276, 52252, 8583, 5717, 46157, 69662, 69672, 42707]"
115973,"[78815, 31734, 45532, 38702, 73647, 70055, 78848, 21109, 65222, 13364]"
115974,"[77021, 61620, 105028, 15340, 29598, 102951, 49349, 18813, 37476, 65250]"
115975,"[40972, 23386, 98763, 95840, 56601, 5653, 96742, 99305, 67881, 3545]"
115976,"[45330, 13347, 73326, 102127, 82032, 58237, 29520, 29453, 97442, 60079]"
115977,"[63233, 41364, 40292, 17242, 99872, 54732, 2245, 66056, 33195, 47656]"
115978,"[80743, 17449, 21859, 104988, 84722, 29088, 20982, 23290, 92245, 8664]"
115979,"[58194, 57241, 9264, 18981, 89045, 100392, 71329, 10485, 40933, 70750]"
115980,"[83850, 5607, 24687, 40726, 72967, 19912, 78914, 90853, 64185, 74956]"
115981,"[60571, 53092, 78932, 81217, 21312, 43871, 34426, 9150, 72646, 53721]"
115982,"[71087, 69536, 77249, 106921, 78114, 99325, 46183, 106872, 81744, 8179]"
115983,"[77521, 29229, 56199, 54553, 589, 94138, 24949, 29209, 83056, 10332]"
115984,"[2091, 79978, 45379, 24719, 38173, 96299, 20879, 101103, 16240, 72725]"
115985,"[88072, 43345, 24653, 99212, 63617, 102176, 34269, 73129, 30825, 64074]"
115986,"[23644, 3114, 60225, 34846, 38681, 1942, 42295, 81969, 4854, 76855]"
115987,"[69178, 26111, 88462, 42775, 25839, 64229, 95830, 29063, 90374, 11479]"
115988,"[24694, 58196, 37831, 94561, 88888, 101520, 89570, 38670, 9389, 58179]"
115989,"[9792, 87505, 98708, 4838, 49581, 94386, 4911, 49349, 18813, 5105]"
115990,"[90799, 29224, 71533, 80257, 16777, 28363, 105370, 71083, 80632, 10680]"
115991,"[246, 71416, 36927, 21395, 83551, 59744, 77367, 96566, 57503, 66603]"
115992,"[35940, 83441, 40719, 99565, 105168, 8156, 7332, 14560, 80807, 67866]"
115993,"[82326, 37246, 30767, 52713, 95970, 61899, 35654, 75364, 71482, 8549]"
115994,"[61815, 82391, 104760, 83696, 92117, 57194, 24738, 86832, 68, 17969]"
115995,"[7745, 12511, 55315, 43263, 83789, 12787, 11503, 7698, 70701, 7034]"
115996,"[78402, 33310, 47622, 63513, 37043, 100409, 92341, 10486, 93738, 81590]"
115997,"[105130, 90436, 70591, 82168, 102970, 104045, 17936, 33593, 54746, 93789]"
115998,"[95033, 17025, 45143, 76561, 56922, 28252, 43977, 49483, 64301, 77967]"
115999,"[61662, 3312, 99432, 5216, 10980, 47051, 77906, 29771, 18414, 43130]"
116000,"[94807, 21454, 76378, 75459, 81656, 91732, 106501, 89752, 41919, 14174]"
116001,"[58710, 75620, 94552, 25323, 76311, 78534, 84357, 35599, 32073, 97181]"
116002,"[64761, 63131, 83896, 104526, 103267, 79947, 12072, 46970, 95459, 36242]"
116003,"[19165, 70329, 22312, 41882, 8951, 49350, 47564, 3534, 18049, 65104]"
116004,"[53327, 46752, 48783, 63292, 56399, 36906, 46505, 25783, 100894, 103704]"
116005,"[23295, 14764, 74921, 18827, 90244, 69812, 33067, 45655, 33739, 75703]"
116006,"[44151, 15523, 23694, 3180, 4001, 57223, 6621, 79700, 101552, 11080]"
116007,"[51132, 26409, 37980, 47357, 51771, 54980, 97176, 105327, 74843, 64734]"
116008,"[67886, 77222, 105884, 6189, 107903, 48402, 102138, 64458, 91849, 42536]"
116009,"[81408, 94654, 22677, 70688, 108486, 80962, 34032, 92445, 54482, 66742]"
116010,"[51997, 38728, 71621, 78938, 102914, 86342, 26407, 66398, 58772, 16435]"
116011,"[92028, 73603, 70363, 10674, 81339, 103607, 43522, 63186, 37427, 88106]"
116012,"[28961, 63061, 34136, 95846, 6744, 4618, 32987, 67388, 75574, 79956]"
116013,"[103121, 21260, 96847, 95301, 50918, 10611, 101973, 17970, 78190, 28523]"
116014,"[92589, 85064, 67437, 46945, 100886, 9441, 106635, 100582, 30889, 92652]"
116015,"[65771, 4661, 73865, 14763, 10951, 28905, 41983, 787, 80818, 50900]"
116016,"[11791, 812, 38303, 89719, 41185, 29421, 106363, 86437, 35281, 7353]"
116017,"[84005, 56214, 15560, 4607, 30587, 64385, 100402, 65194, 68768, 39038]"
116018,"[40672, 68421, 3336, 30937, 6989, 44946, 87968, 84703, 29610, 14055]"
116019,"[57091, 80043, 33687, 87607, 41009, 75674, 43978, 4511, 28051, 53367]"
116020,"[17360, 13240, 108107, 12784, 16222, 44313, 70383, 84499, 17760, 21530]"
116021,"[49516, 44344, 18860, 26497, 76244, 58243, 103046, 97416, 103852, 3585]"
116022,"[95361, 7032, 68706, 64872, 60191, 84010, 14931, 65382, 68419, 95317]"
116023,"[74051, 40115, 50905, 107065, 51887, 16148, 71017, 84916, 102708, 75207]"
116024,"[103489, 72107, 77624, 108573, 75795, 61190, 83820, 90396, 57003, 44167]"
116025,"[96977, 13606, 82833, 108773, 24739, 42467, 19798, 101773, 82886, 3457]"
116026,"[2043, 5885, 100929, 27991, 56081, 65580, 64294, 67462, 62559, 20345]"
116027,"[62861, 39618, 97668, 47628, 59718, 105350, 42771, 13496, 80118, 32202]"
116028,"[96474, 52402, 97275, 96115, 82, 36992, 81465, 20181, 35905, 46351]"
116029,"[43667, 103597, 21719, 21616, 96156, 44753, 93248, 92773, 19778, 7475]"
116030,"[54052, 57815, 38852, 72255, 45579, 90200, 93941, 90225, 81762, 20285]"
116031,"[12426, 88236, 949, 84101, 11120, 89035, 108326, 102387, 75617, 50304]"
116032,"[67447, 82482, 99193, 30567, 41439, 56995, 89441, 90632, 96243, 42338]"
116033,"[52772, 29550, 252, 69588, 19546, 79406, 77890, 66861, 72606, 74070]"
116034,"[105368, 21314, 66726, 13863, 7889, 26744, 71789, 41894, 51396, 33506]"
116035,"[85431, 12661, 96283, 87905, 92592, 74125, 65576, 64392, 4347, 28214]"
116036,"[16466, 39866, 22735, 48167, 95843, 19100, 73771, 81362, 76832, 42248]"
116037,"[77614, 18553, 28392, 75092, 75065, 92763, 53775, 49030, 85924, 8424]"
116038,"[103392, 86162, 91858, 51370, 64096, 100858, 1930, 76505, 89653, 5875]"
116039,"[15468, 59473, 55724, 10323, 92037, 20450, 15760, 102791, 82045, 2613]"
116040,"[107335, 5084, 49683, 92240, 60593, 18818, 64765, 103465, 80836, 15495]"
116041,"[109043, 61246, 73386, 104016, 96305, 26774, 86358, 64753, 52344, 80229]"
116042,"[65925, 49417, 19258, 74641, 73321, 12486, 156, 95396, 104046, 44080]"
116043,"[12758, 99873, 8246, 25305, 62015, 18357, 35806, 12474, 89663, 78020]"
116044,"[41901, 87978, 106379, 102563, 97916, 67877, 37540, 24022, 47889, 91756]"
116045,"[13646, 94183, 65276, 25366, 39352, 43919, 83274, 99898, 18703, 71095]"
116046,"[58683, 96292, 13934, 48032, 60135, 34538, 34763, 24568, 104475, 71721]"
116047,"[42372, 78636, 59542, 70819, 25955, 105226, 90839, 13181, 18647, 31699]"
116048,"[19975, 48175, 67232, 82566, 29514, 102191, 21823, 10582, 99952, 39948]"
116049,"[99179, 59555, 3597, 40151, 100940, 51381, 72062, 105482, 104044, 56861]"
116050,"[63187, 28641, 19972, 64067, 66961, 64435, 23432, 49221, 51208, 55943]"
116051,"[6084, 78332, 54846, 28560, 107218, 28915, 77532, 95516, 58667, 92682]"
116052,"[84021, 28540, 65865, 59771, 46034, 103614, 35497, 82152, 5590, 25719]"
116053,"[57501, 39745, 56633, 32965, 44341, 100082, 40351, 62228, 31962, 94500]"
116054,"[88462, 91229, 57672, 83639, 81140, 34150, 69178, 26111, 43342, 52428]"
116055,"[71044, 51241, 9961, 49825, 42813, 101218, 82090, 99885, 102067, 71346]"
116056,"[16627, 101600, 63538, 40208, 98272, 10746, 62123, 74306, 106220, 85666]"
116057,"[83307, 90805, 66341, 55644, 47775, 67875, 12769, 80703, 82404, 77160]"
116058,"[76258, 3575, 73580, 15639, 70279, 75794, 96065, 76930, 86558, 23689]"
116059,"[73505, 93006, 103805, 96576, 58043, 86312, 58900, 39318, 95797, 23982]"
116060,"[107902, 6686, 5718, 61006, 33564, 37134, 53026, 102352, 85207, 103616]"
116061,"[49347, 97752, 74232, 32564, 9735, 67693, 67843, 30471, 48616, 81451]"
116062,"[82440, 62747, 56659, 99480, 56979, 105627, 106026, 86063, 25574, 28361]"
116063,"[96132, 52414, 80112, 101193, 99006, 27587, 109291, 69276, 42169, 1065]"
116064,"[53649, 24927, 56723, 95900, 98277, 67591, 106116, 95548, 61096, 88560]"
116065,"[64149, 12392, 96059, 86651, 27615, 40784, 101117, 105582, 84, 11901]"
116066,"[79908, 86484, 44834, 45489, 47911, 70359, 106433, 51631, 83325, 59884]"
116067,"[4722, 88970, 18678, 40468, 97047, 109070, 104276, 31187, 26518, 53793]"
116068,"[45809, 26576, 78824, 66102, 105137, 54894, 88083, 34922, 74197, 67471]"
116069,"[79932, 37070, 23929, 69959, 80380, 22769, 73576, 1539, 74665, 30759]"
116070,"[63235, 36845, 77736, 22438, 19815, 95561, 69716, 80346, 32462, 93588]"
116071,"[48735, 24303, 44963, 73388, 31417, 3409, 29321, 1474, 39976, 10241]"
116072,"[83211, 89721, 93056, 19927, 31004, 48853, 28115, 107249, 41233, 67559]"
116073,"[63094, 67203, 1994, 2360, 49929, 3149, 75001, 38841, 96124, 39740]"
116074,"[75648, 90699, 32400, 82960, 63942, 93553, 48084, 53785, 13092, 75146]"
116075,"[10853, 75157, 41235, 53945, 45602, 94661, 76896, 31087, 43373, 42476]"
116076,"[104212, 63135, 73581, 26396, 27077, 57302, 96351, 69563, 54416, 79667]"
116077,"[6505, 15102, 46872, 85996, 9876, 72269, 48304, 8330, 96269, 86696]"
116078,"[92430, 102451, 26882, 64500, 56953, 85438, 97075, 63760, 69863, 55030]"
116079,"[94391, 6104, 98657, 6788, 45438, 56750, 35245, 92405, 61190, 103852]"
116080,"[79174, 64679, 24623, 74657, 12101, 49070, 39436, 79557, 97555, 15694]"
116081,"[94795, 85641, 85985, 22989, 74605, 70858, 55992, 69540, 11862, 56805]"
116082,"[60812, 31127, 50440, 89950, 46381, 52048, 12700, 74716, 100272, 43925]"
116083,"[83508, 14130, 80857, 71024, 52934, 42015, 20171, 66469, 35072, 101253]"
116084,"[99015, 77128, 92966, 35261, 35362, 8516, 74908, 25165, 77434, 20733]"
116085,"[5639, 108389, 11698, 13466, 46368, 56545, 78574, 14539, 42555, 18738]"
116086,"[107216, 73679, 59082, 57852, 3069, 16308, 39704, 61325, 54161, 91854]"
116087,"[107815, 62259, 79709, 96201, 39557, 42099, 67348, 43460, 24251, 14492]"
116088,"[42564, 102851, 101980, 99993, 38561, 32013, 105173, 51283, 12086, 55463]"
116089,"[55959, 99114, 2365, 24471, 104242, 48393, 73602, 10896, 44568, 107584]"
116090,"[50708, 73842, 51932, 46109, 15062, 82399, 105570, 71900, 44792, 9131]"
116091,"[24361, 45757, 55761, 12116, 26657, 94438, 9169, 31141, 102310, 33255]"
116092,"[15560, 68768, 84005, 81621, 30116, 65194, 39038, 88110, 50981, 56214]"
116093,"[86855, 51185, 64804, 34951, 41738, 107090, 68470, 107911, 83514, 34256]"
116094,"[95139, 99323, 82765, 3732, 9931, 2548, 41800, 102817, 41352, 41256]"
116095,"[50669, 100691, 40347, 17551, 22784, 8044, 52676, 72608, 77974, 17940]"
116096,"[71789, 86825, 66726, 71647, 57537, 42872, 32474, 102652, 25141, 7697]"
116097,"[44157, 35309, 36474, 60971, 38832, 54774, 81490, 93274, 4765, 77439]"
116098,"[41780, 91560, 9569, 51330, 69240, 88759, 49736, 61397, 98589, 41213]"
116099,"[69454, 54758, 87344, 4272, 36333, 86465, 93675, 4008, 62091, 97253]"
116100,"[28618, 30116, 15560, 25533, 13880, 43496, 50981, 96455, 44172, 40829]"
116101,"[91421, 19112, 35018, 94859, 14600, 92342, 3167, 86010, 18037, 47758]"
116102,"[31891, 34400, 90313, 43945, 72754, 64014, 1970, 93063, 99161, 78475]"
116103,"[84583, 65794, 65621, 4505, 106790, 87831, 51420, 90502, 86274, 42558]"
116104,"[85311, 53559, 22219, 25378, 76819, 25346, 14280, 608, 32511, 25058]"
116105,"[80179, 76778, 14219, 89227, 34644, 100288, 17778, 32884, 8992, 27484]"
116106,"[34002, 9546, 22635, 8700, 87225, 65015, 6169, 86653, 43563, 51861]"
116107,"[84040, 106241, 97382, 20579, 50303, 82050, 64882, 38278, 52230, 102262]"
116108,"[40434, 101370, 19539, 47149, 11272, 17199, 84024, 29113, 9471, 64923]"
116109,"[2933, 28965, 107966, 91187, 72175, 70115, 43247, 9052, 75346, 12737]"
116110,"[14379, 76288, 73534, 69302, 3654, 83753, 25855, 43664, 41346, 105063]"
116111,"[57040, 63247, 6578, 36429, 352, 8999, 12885, 75773, 85264, 61982]"
116112,"[88511, 76633, 62863, 9254, 14473, 67995, 107384, 68839, 7719, 92050]"
116113,"[101705, 105852, 4181, 40338, 10542, 65881, 45303, 104473, 91531, 102482]"
116114,"[22485, 79130, 8813, 61390, 53745, 52162, 97334, 69315, 69666, 40981]"
116115,"[50968, 89986, 63811, 90573, 81683, 85739, 28203, 30130, 97028, 36062]"
116116,"[62805, 76186, 56012, 45754, 10551, 48183, 14934, 52000, 84132, 144]"
116117,"[26603, 19590, 105404, 70719, 21897, 21764, 27363, 32812, 79281, 93857]"
116118,"[90859, 75124, 53548, 57218, 14854, 10090, 77109, 80235, 69043, 11350]"
116119,"[47346, 105067, 106652, 46583, 78732, 6723, 35479, 98344, 789, 72770]"
116120,"[22065, 68773, 53812, 11175, 18553, 66581, 75002, 10601, 22305, 20043]"
116121,"[33061, 15145, 96373, 86475, 76246, 58561, 17241, 56287, 70444, 14749]"
116122,"[93318, 48813, 33611, 55605, 31460, 80144, 15329, 92904, 68527, 99704]"
116123,"[97498, 12947, 37476, 39071, 101935, 23479, 61620, 69374, 62111, 51002]"
116124,"[77988, 47295, 30864, 67579, 50203, 100842, 19379, 48452, 86880, 26829]"
116125,"[79398, 102166, 106695, 94178, 76150, 18766, 68046, 20159, 30154, 75234]"
116126,"[13521, 106244, 77601, 93064, 53392, 56054, 50228, 48441, 17833, 103616]"
116127,"[71397, 69864, 14340, 81054, 7976, 102021, 78111, 103157, 68584, 61]"
116128,"[65141, 62554, 106537, 94609, 42891, 2366, 85776, 65463, 17725, 104683]"
116129,"[84807, 72043, 8765, 74195, 34362, 36721, 42463, 32441, 3989, 103431]"
116130,"[55938, 73218, 8089, 5182, 34250, 109427, 61202, 105181, 88883, 63508]"
116131,"[90188, 37521, 7281, 107971, 96827, 64409, 93917, 37148, 77469, 101744]"
116132,"[43334, 88337, 20328, 9469, 105995, 90511, 83112, 48197, 98495, 96431]"
116133,"[18617, 98757, 102294, 63378, 80129, 96970, 3230, 85582, 35678, 67891]"
116134,"[42696, 100217, 93360, 10348, 43675, 100844, 32329, 91559, 12972, 29970]"
116135,"[49732, 31564, 104107, 37428, 73273, 105194, 38781, 101977, 82846, 20809]"
116136,"[60091, 24867, 29800, 93061, 6567, 1000, 15844, 77928, 28138, 22294]"
116137,"[23337, 105116, 23123, 91639, 1537, 72514, 105098, 72627, 96460, 18445]"
116138,"[93958, 7724, 88508, 101323, 27533, 69221, 101621, 16470, 89852, 33584]"
116139,"[30542, 7501, 37885, 63685, 105483, 45182, 83361, 63369, 41690, 45075]"
116140,"[79295, 99286, 88203, 83101, 10537, 62480, 33220, 108436, 46327, 11123]"
116141,"[98355, 16726, 104041, 10541, 31721, 15996, 68841, 16913, 76163, 94153]"
116142,"[59719, 74160, 11208, 73253, 9560, 23861, 104990, 65291, 97611, 24998]"
116143,"[42813, 34235, 97784, 2223, 29777, 62710, 101047, 17521, 54134, 27200]"
116144,"[19266, 27460, 10018, 16362, 95738, 5230, 54687, 35368, 29251, 57866]"
116145,"[23263, 47198, 83819, 19840, 29775, 76502, 51657, 108652, 30894, 49841]"
116146,"[4364, 97594, 47690, 54464, 27869, 14826, 33817, 41013, 54616, 50637]"
116147,"[63629, 44431, 7467, 79352, 106810, 93448, 32726, 81526, 27027, 93144]"
116148,"[62154, 3914, 75824, 9707, 68075, 109329, 57968, 16622, 63068, 10880]"
116149,"[2645, 35094, 78124, 73391, 2552, 33059, 105771, 47764, 291, 26652]"
116150,"[68704, 96659, 80643, 31814, 26517, 12297, 49714, 77298, 108025, 69282]"
116151,"[100002, 12818, 59737, 102305, 90066, 16240, 72725, 77929, 51557, 38173]"
116152,"[23847, 20378, 25008, 106572, 87805, 59067, 3329, 105007, 12854, 39975]"
116153,"[74495, 101489, 54298, 68147, 66431, 18029, 98479, 99302, 27402, 34810]"
116154,"[3310, 2292, 40266, 96172, 42628, 30194, 71911, 15790, 8737, 17117]"
116155,"[12784, 47323, 41775, 17360, 27325, 107355, 17489, 44858, 44962, 13240]"
116156,"[66873, 30815, 43270, 82690, 31099, 7588, 16520, 37893, 14309, 39039]"
116157,"[108627, 90279, 60125, 34755, 10171, 96468, 68019, 36392, 21645, 55141]"
116158,"[14485, 97311, 23854, 9675, 52958, 50789, 2993, 24558, 30118, 105172]"
116159,"[75596, 4413, 79778, 96234, 46630, 43391, 35751, 31262, 7453, 3159]"
116160,"[71743, 26099, 42979, 62571, 46885, 32524, 36951, 89445, 38882, 2723]"
116161,"[13198, 39554, 89350, 65517, 63975, 23995, 10499, 75080, 70185, 85802]"
116162,"[78537, 53563, 87005, 105826, 35906, 97885, 11782, 14894, 15097, 93883]"
116163,"[79661, 54485, 5739, 45685, 100165, 24086, 4804, 71846, 59448, 47239]"
116164,"[706, 99124, 50922, 33109, 30700, 15269, 634, 32099, 4310, 6075]"
116165,"[100203, 34582, 41189, 93552, 101740, 7931, 8959, 23201, 17625, 107268]"
116166,"[42561, 75438, 4365, 5214, 36548, 70567, 82711, 36976, 91823, 14137]"
116167,"[72561, 109536, 23202, 22061, 40571, 33646, 91425, 14651, 36320, 68266]"
116168,"[22051, 64743, 71803, 294, 75332, 49469, 108912, 95805, 106306, 80604]"
116169,"[17262, 104062, 69885, 64352, 9141, 20544, 58089, 76924, 41111, 64697]"
116170,"[43977, 62078, 43690, 54512, 83253, 59552, 95033, 91229, 69178, 14555]"
116171,"[26069, 81744, 18908, 19837, 58162, 62436, 63909, 17913, 45858, 9009]"
116172,"[65028, 34297, 66001, 2721, 65279, 4741, 93691, 104478, 87660, 86205]"
116173,"[88755, 12307, 31316, 71315, 94677, 92086, 40863, 21486, 96403, 1737]"
116174,"[2789, 63030, 107154, 99877, 48734, 107209, 107832, 64190, 100821, 87846]"
116175,"[23757, 40656, 100349, 103313, 44700, 31511, 70518, 13296, 77375, 20448]"
116176,"[71120, 100056, 104940, 52810, 54319, 108172, 88530, 76717, 12786, 108550]"
116177,"[100558, 94209, 25192, 5423, 69952, 87587, 104136, 2374, 65722, 84979]"
116178,"[22122, 27661, 7271, 1489, 63666, 80387, 18708, 74520, 75499, 50387]"
116179,"[65728, 4978, 62938, 30754, 65170, 49511, 81681, 74134, 39085, 84601]"
116180,"[79528, 577, 77924, 59443, 68692, 81500, 30724, 106960, 7781, 30680]"
116181,"[96358, 16511, 106613, 36794, 91134, 3189, 55158, 66990, 47744, 102826]"
116182,"[37476, 17443, 51002, 102951, 37367, 12947, 27727, 4838, 54660, 7428]"
116183,"[9173, 1086, 92638, 72633, 8633, 5380, 41941, 106766, 36221, 105870]"
116184,"[33471, 78728, 94995, 73330, 87444, 91634, 59829, 12181, 74292, 102237]"
116185,"[105533, 29910, 109534, 103208, 43616, 62939, 17459, 12174, 100648, 98465]"
116186,"[32751, 88286, 54151, 104622, 98877, 71101, 53436, 3710, 17444, 11132]"
116187,"[58187, 78170, 9512, 86586, 68379, 73357, 68817, 30247, 66135, 96076]"
116188,"[68207, 66677, 58805, 19050, 44787, 53464, 22714, 78871, 75845, 66030]"
116189,"[23744, 53576, 103331, 11453, 2711, 50271, 52922, 90602, 83988, 106791]"
116190,"[31148, 27745, 78134, 105118, 62874, 27719, 10392, 97060, 1400, 53311]"
116191,"[79261, 66075, 26720, 42989, 70467, 5195, 104424, 1395, 43846, 34062]"
116192,"[60151, 23094, 73185, 61357, 102349, 9248, 40206, 27417, 87008, 59149]"
116193,"[87571, 4703, 8535, 27979, 106191, 84794, 64169, 19698, 83060, 36883]"
116194,"[85141, 86220, 57425, 38983, 15552, 91279, 67476, 96443, 91183, 104529]"
116195,"[54529, 102551, 31605, 90056, 49778, 102973, 95178, 14343, 55228, 9209]"
116196,"[82808, 99564, 10564, 56144, 95981, 55125, 42327, 44094, 77321, 22596]"
116197,"[106273, 72919, 19250, 87234, 43032, 49843, 85697, 96472, 31183, 10753]"
116198,"[77173, 90545, 18248, 58928, 7973, 94161, 53939, 47610, 43561, 29825]"
116199,"[78062, 13032, 28783, 2483, 68098, 2931, 19201, 44267, 16509, 91740]"
116200,"[35270, 68943, 60268, 27607, 94120, 41464, 101575, 74409, 103002, 31334]"
116201,"[30547, 55159, 88324, 67295, 83659, 55039, 6883, 77566, 32179, 73476]"
116202,"[1695, 74816, 152, 12607, 51806, 29504, 83672, 59246, 86278, 102986]"
116203,"[19704, 89196, 89891, 90890, 40688, 61897, 21465, 82774, 58321, 93717]"
116204,"[6602, 78371, 69185, 20419, 4339, 52485, 6875, 43273, 97602, 104192]"
116205,"[32871, 75492, 105467, 30495, 2116, 30682, 15622, 62882, 70507, 78938]"
116206,"[72039, 40096, 4597, 18898, 41849, 64945, 65657, 67867, 67281, 32826]"
116207,"[25918, 108892, 32604, 59404, 35882, 16737, 16721, 64322, 3326, 58877]"
116208,"[106087, 100062, 96590, 65999, 4949, 95194, 64541, 72906, 95025, 2681]"
116209,"[30383, 51811, 26196, 33277, 90760, 5861, 58276, 87828, 97657, 57424]"
116210,"[85128, 18457, 62235, 23453, 68433, 23424, 36642, 9995, 21488, 36624]"
116211,"[71632, 106296, 71907, 31968, 57225, 3665, 39018, 13110, 46792, 48754]"
116212,"[90396, 59972, 57328, 103601, 104910, 71472, 49882, 24582, 40480, 25372]"
116213,"[36302, 56762, 34878, 92, 79707, 60815, 57527, 104620, 106588, 70566]"
116214,"[54563, 89597, 50069, 25753, 101643, 60621, 95442, 33688, 67480, 18613]"
116215,"[76935, 6679, 62276, 37586, 81817, 72403, 74291, 26555, 93901, 18320]"
116216,"[102165, 79600, 7748, 83503, 7641, 48030, 29780, 70913, 72160, 102820]"
116217,"[6026, 55794, 94227, 39718, 1743, 48550, 64022, 47068, 56341, 49747]"
116218,"[83134, 106737, 93096, 98338, 102192, 42414, 75542, 13049, 108583, 103839]"
116219,"[59678, 62891, 56227, 56646, 5060, 85554, 84596, 25034, 41454, 5501]"
116220,"[53124, 37651, 101669, 40390, 84723, 49205, 37115, 94548, 107559, 32314]"
116221,"[18350, 60200, 83838, 91901, 85541, 46836, 94866, 107295, 47675, 68067]"
116222,"[4108, 29169, 11089, 90469, 67286, 105138, 22216, 6176, 66967, 81657]"
116223,"[27742, 86049, 561, 48990, 76223, 18528, 102333, 49260, 100153, 65738]"
116224,"[77794, 77065, 98565, 104728, 11617, 59313, 36826, 75298, 80190, 63103]"
116225,"[49830, 108962, 102388, 83785, 23282, 45149, 55850, 21413, 82708, 29733]"
116226,"[83196, 91673, 15148, 3998, 10753, 78410, 75870, 85764, 9409, 106057]"
116227,"[109628, 89699, 88236, 27174, 77585, 87009, 77893, 36005, 108326, 104641]"
116228,"[21288, 66985, 18901, 2276, 54556, 12558, 98331, 6766, 6118, 1070]"
116229,"[77795, 17267, 43852, 57558, 34664, 62019, 103980, 100276, 61717, 106750]"
116230,"[68723, 108188, 5617, 78278, 25279, 98804, 106113, 54320, 16936, 13541]"
116231,"[27393, 109543, 2903, 25564, 102008, 16291, 45282, 87726, 98056, 79088]"
116232,"[95865, 98931, 95806, 46579, 7205, 88818, 38949, 33639, 29939, 72424]"
116233,"[3258, 17341, 41138, 65376, 35940, 83441, 70831, 7332, 40719, 54285]"
116234,"[62523, 50125, 7175, 15587, 52347, 23961, 96978, 32701, 33196, 42014]"
116235,"[68434, 96817, 48706, 30780, 45818, 5832, 98918, 92184, 6051, 71125]"
116236,"[32547, 106107, 19995, 26397, 48848, 54500, 48879, 25136, 76541, 39101]"
116237,"[40720, 47440, 12201, 59304, 29484, 55430, 85081, 86965, 2517, 6192]"
116238,"[30151, 41469, 18653, 6454, 24353, 12989, 31172, 48827, 103406, 58055]"
116239,"[25774, 17513, 58817, 35171, 99525, 90060, 63129, 51519, 35972, 47008]"
116240,"[20256, 89070, 25838, 107514, 34098, 67073, 9086, 62903, 91629, 60517]"
116241,"[76509, 84991, 94444, 22367, 86381, 4831, 11061, 9440, 17105, 63028]"
116242,"[2282, 8537, 107380, 32557, 92587, 109307, 48771, 15230, 48631, 41302]"
116243,"[34951, 107090, 72147, 51185, 86855, 37595, 84053, 52665, 13363, 105547]"
116244,"[68002, 4085, 45067, 91717, 43390, 18706, 8507, 69425, 31741, 43496]"
116245,"[62951, 66451, 72303, 67401, 48773, 58006, 4629, 54655, 86416, 61733]"
116246,"[72634, 80803, 26135, 87449, 29658, 81514, 25382, 39746, 78313, 42608]"
116247,"[4848, 98157, 23194, 12050, 73312, 22549, 91010, 65666, 91392, 7485]"
116248,"[95663, 59624, 3085, 72659, 79371, 18039, 61652, 45187, 99059, 73167]"
116249,"[14770, 24547, 20794, 95281, 67825, 64031, 56082, 2659, 49348, 10364]"
116250,"[81868, 88245, 103144, 1674, 85566, 51240, 59484, 74075, 16028, 103320]"
116251,"[78985, 109694, 59871, 49800, 55454, 22756, 51166, 75951, 107432, 3104]"
116252,"[22957, 50190, 50482, 40093, 86805, 54219, 108002, 108903, 32793, 76982]"
116253,"[59022, 40556, 80714, 2646, 46437, 14448, 77040, 33597, 23629, 3897]"
116254,"[29426, 97361, 35748, 7370, 41592, 38031, 15590, 31022, 38510, 13549]"
116255,"[83014, 4479, 86768, 79893, 81484, 3833, 100393, 25551, 1525, 100956]"
116256,"[104627, 5495, 25067, 83190, 8166, 68853, 20838, 50145, 71389, 68974]"
116257,"[53980, 52663, 60317, 22859, 18448, 92580, 101091, 49839, 67945, 81295]"
116258,"[9786, 58128, 60405, 34159, 104921, 103045, 94271, 17811, 37489, 104987]"
116259,"[93273, 106566, 89671, 57499, 56317, 53245, 41789, 44921, 28936, 64311]"
116260,"[70809, 49034, 26825, 40776, 98500, 87535, 77259, 80538, 84110, 37393]"
116261,"[70142, 105678, 33710, 43336, 92771, 90766, 11216, 89568, 4556, 60190]"
116262,"[100847, 101369, 108066, 20321, 7360, 80219, 75745, 86581, 62039, 92571]"
116263,"[16981, 38032, 52703, 22342, 21187, 17761, 6713, 65525, 54440, 23281]"
116264,"[4190, 98267, 47237, 19238, 23986, 98346, 82329, 1622, 21181, 102843]"
116265,"[24220, 57191, 32419, 24891, 17330, 87793, 47752, 68436, 11723, 34531]"
116266,"[1759, 103051, 4864, 40115, 59072, 91996, 10871, 320, 53630, 22614]"
116267,"[98669, 37038, 109732, 41933, 43547, 45740, 40246, 99705, 21381, 82548]"
116268,"[71928, 40771, 32803, 93713, 16025, 715, 3336, 78110, 71680, 7461]"
116269,"[52682, 53866, 91321, 55301, 68604, 6626, 10820, 59814, 4225, 86211]"
116270,"[80117, 11098, 102135, 38986, 39021, 101215, 43356, 29108, 16592, 697]"
116271,"[46582, 102332, 58082, 107701, 18696, 24615, 60985, 75875, 91853, 54247]"
116272,"[56925, 105694, 72001, 5910, 86939, 6444, 15555, 33157, 53715, 7392]"
116273,"[28021, 85888, 92374, 55250, 99850, 101769, 38443, 22127, 26674, 97151]"
116274,"[108091, 45860, 81293, 93224, 10878, 1380, 50434, 105860, 98396, 7386]"
116275,"[42426, 17567, 3430, 32389, 72364, 4143, 55425, 19749, 58011, 48900]"
116276,"[97750, 38136, 12669, 65366, 97196, 101024, 103650, 83790, 25704, 9812]"
116277,"[54714, 97565, 85321, 929, 74882, 104140, 52688, 39337, 47180, 46451]"
116278,"[102013, 42102, 13022, 62339, 51694, 66209, 65708, 61990, 87307, 101136]"
116279,"[44294, 62639, 95582, 99001, 15135, 15811, 67539, 46720, 43250, 93240]"
116280,"[93542, 60833, 8633, 5380, 9173, 106941, 97604, 108090, 76392, 46642]"
116281,"[96691, 90109, 15792, 86362, 88446, 2307, 58443, 108788, 59940, 35639]"
116282,"[8712, 2967, 101926, 29684, 60306, 36932, 50854, 38224, 18905, 64436]"
116283,"[78683, 66330, 58871, 76316, 32479, 79412, 107365, 53710, 77759, 40871]"
116284,"[70882, 27559, 44320, 31868, 99588, 15493, 93685, 26445, 99939, 18825]"
116285,"[10027, 69762, 78757, 93034, 82247, 19604, 81091, 71587, 50557, 99691]"
116286,"[62828, 74079, 15678, 108797, 47860, 32786, 36345, 75981, 71314, 50000]"
116287,"[56378, 101397, 96286, 49495, 16703, 31447, 11287, 46498, 22538, 77574]"
116288,"[10915, 18586, 38645, 78557, 108376, 78936, 16873, 21353, 61782, 78405]"
116289,"[107491, 19867, 23538, 51040, 62791, 14132, 73146, 63151, 47184, 30419]"
116290,"[96828, 15458, 36325, 80448, 13749, 35671, 102541, 94672, 89569, 4552]"
116291,"[88374, 83624, 57351, 28448, 74147, 48169, 48177, 106746, 55498, 11091]"
116292,"[54893, 99386, 98990, 82081, 89077, 101505, 85429, 31654, 7161, 9086]"
116293,"[23467, 54399, 5945, 15888, 17673, 36918, 96739, 35746, 1902, 22942]"
116294,"[85922, 69850, 30331, 68952, 48170, 25824, 86021, 5385, 15759, 58061]"
116295,"[35399, 16479, 22032, 55545, 61036, 27068, 65898, 105690, 59707, 31275]"
116296,"[67355, 80426, 1993, 1680, 99378, 1465, 5805, 71137, 89533, 59966]"
116297,"[103049, 49728, 31693, 24374, 59291, 24808, 22605, 55213, 69050, 78196]"
116298,"[19723, 84781, 33763, 56097, 63916, 76555, 72767, 14648, 18361, 27476]"
116299,"[29868, 21019, 8467, 65226, 41896, 95899, 81294, 22994, 69423, 103505]"
116300,"[63811, 59224, 41866, 71023, 8808, 28203, 50007, 94154, 84870, 65127]"
116301,"[32269, 105746, 72432, 72253, 55609, 86870, 834, 39254, 103984, 63539]"
116302,"[73972, 103873, 88632, 59215, 9480, 69779, 50415, 13328, 49063, 27093]"
116303,"[94245, 89050, 63207, 50806, 44056, 60955, 94167, 45404, 103518, 68495]"
116304,"[42553, 68796, 89103, 33992, 95560, 78904, 75143, 5973, 28901, 90081]"
116305,"[66385, 15910, 52213, 19203, 44007, 30026, 29823, 27164, 21032, 20193]"
116306,"[27089, 17964, 88031, 26922, 24961, 80216, 538, 64272, 4303, 5415]"
116307,"[88182, 85245, 4761, 20382, 31265, 58578, 100347, 80232, 36013, 92942]"
116308,"[9999, 64028, 77265, 50097, 10916, 106545, 75545, 73585, 3564, 32503]"
116309,"[106842, 104715, 47797, 77505, 15054, 106240, 100735, 48757, 79456, 52145]"
116310,"[81656, 27495, 28512, 36669, 105911, 71523, 85018, 33480, 99839, 11457]"
116311,"[6484, 57140, 18230, 71275, 19319, 102946, 69000, 86284, 104264, 14998]"
116312,"[67529, 9113, 27738, 20588, 57492, 107893, 95220, 83753, 94435, 64022]"
116313,"[10091, 3058, 21036, 37671, 8685, 54756, 71627, 108976, 24166, 20223]"
116314,"[65664, 65735, 99938, 47908, 9165, 52696, 11102, 10025, 49074, 37039]"
116315,"[98620, 72909, 20984, 54117, 99326, 56491, 42987, 9191, 85852, 68831]"
116316,"[11035, 41228, 66972, 63779, 7577, 30665, 32848, 27596, 33369, 60746]"
116317,"[97076, 42592, 72539, 3805, 76388, 77210, 46436, 103529, 22688, 73130]"
116318,"[101463, 90871, 959, 103709, 106864, 21807, 73214, 109657, 21054, 70667]"
116319,"[74332, 754, 66619, 94541, 58912, 88750, 73902, 6103, 46075, 103567]"
116320,"[48375, 51938, 80864, 46653, 45616, 36134, 26385, 109076, 2663, 54494]"
116321,"[6876, 21852, 98110, 10419, 108863, 22327, 58369, 81685, 69855, 66294]"
116322,"[2227, 55620, 98034, 44297, 88739, 55780, 36789, 47534, 75789, 59454]"
116323,"[44462, 46890, 1023, 14382, 97425, 12386, 41249, 36093, 3254, 51209]"
116324,"[71320, 193, 18566, 44186, 82936, 12914, 4854, 73289, 19137, 57107]"
116325,"[15935, 19806, 32243, 38054, 83604, 80228, 33672, 63185, 29420, 46575]"
116326,"[37520, 15386, 68841, 71587, 13595, 10541, 10732, 72045, 10832, 8434]"
116327,"[12229, 102041, 18291, 96706, 55180, 70840, 50340, 77191, 59217, 75051]"
116328,"[15633, 29263, 21055, 9950, 87177, 76904, 67844, 68164, 99447, 61298]"
116329,"[25218, 71429, 69445, 20625, 106159, 78350, 85958, 106496, 55221, 97967]"
116330,"[27572, 63304, 93342, 45884, 66807, 49801, 52761, 35615, 30392, 82381]"
116331,"[21624, 54928, 66466, 75457, 59456, 107409, 45445, 68291, 1280, 45903]"
116332,"[57934, 26439, 46214, 24169, 798, 37883, 52887, 104376, 37442, 38105]"
116333,"[17313, 68534, 108042, 38425, 3399, 100758, 29131, 72524, 41282, 49378]"
116334,"[31068, 81436, 24498, 28365, 105301, 82056, 39780, 81384, 89378, 42078]"
116335,"[25255, 99247, 81320, 93432, 91048, 38005, 95755, 15812, 53959, 39348]"
116336,"[71904, 91982, 74366, 34080, 101356, 21915, 71285, 62967, 22980, 14718]"
116337,"[93034, 57042, 37169, 19637, 74957, 54978, 59033, 81091, 26822, 6327]"
116338,"[43680, 57792, 5687, 53466, 23192, 53861, 84909, 37241, 99344, 86375]"
116339,"[7859, 36737, 81858, 7401, 88818, 106929, 33639, 73769, 72424, 65161]"
116340,"[11592, 36997, 67504, 98938, 61894, 79382, 33829, 74322, 8673, 63609]"
116341,"[50398, 89095, 22789, 9108, 61946, 4534, 14422, 49751, 98808, 61819]"
116342,"[28119, 68669, 87049, 7585, 93980, 16003, 79364, 19355, 31544, 67738]"
116343,"[53453, 1026, 102532, 6674, 5205, 27875, 52571, 98271, 12990, 47341]"
116344,"[61471, 73175, 66027, 73450, 5248, 102747, 40747, 94850, 44583, 15649]"
116345,"[65847, 73837, 22825, 67115, 418, 98096, 905, 107912, 79425, 5351]"
116346,"[57528, 41275, 79157, 23602, 26457, 43122, 70471, 72590, 77792, 33713]"
116347,"[66465, 39697, 37026, 68698, 91361, 94125, 85257, 101537, 39239, 38035]"
116348,"[22854, 105987, 12097, 34495, 44870, 8180, 34145, 5376, 84784, 64217]"
116349,"[37492, 103308, 9558, 25922, 64875, 16571, 22071, 40812, 23489, 16174]"
116350,"[42123, 46040, 61129, 93558, 28386, 77160, 45174, 105139, 16137, 43297]"
116351,"[105845, 79831, 13015, 16340, 72717, 49692, 5350, 70156, 38664, 75167]"
116352,"[91831, 55287, 98275, 65561, 37339, 21829, 81299, 97654, 100949, 41581]"
116353,"[97756, 106058, 83546, 16215, 12342, 107207, 82721, 59335, 48146, 53934]"
116354,"[56597, 94368, 78500, 22153, 64003, 64410, 97231, 80657, 100385, 77588]"
116355,"[61013, 57044, 77204, 30527, 75182, 27802, 102706, 24335, 87119, 13]"
116356,"[85442, 46209, 51581, 67840, 99117, 15731, 19529, 42981, 95462, 68081]"
116357,"[44016, 64526, 22875, 69391, 73852, 107333, 60067, 51389, 43603, 70518]"
116358,"[20501, 100637, 48957, 18737, 70689, 6462, 66491, 93711, 2999, 10517]"
116359,"[2898, 52125, 49842, 10240, 76126, 93127, 91895, 17695, 1234, 93266]"
116360,"[52975, 86489, 15202, 19463, 13373, 79691, 49105, 713, 545, 26015]"
116361,"[104967, 45885, 33957, 58572, 68455, 85195, 102819, 102461, 11321, 73471]"
116362,"[42561, 36976, 5214, 89649, 75438, 109317, 38448, 85222, 1112, 70567]"
116363,"[102478, 109156, 88313, 26606, 22990, 74753, 30113, 74339, 106233, 50121]"
116364,"[106481, 36917, 49645, 6108, 27166, 26253, 90429, 65262, 26536, 93556]"
116365,"[50012, 28917, 87757, 67287, 78633, 98886, 57807, 3077, 27231, 82681]"
116366,"[72033, 67059, 3919, 2080, 64494, 11031, 83790, 35202, 60978, 107506]"
116367,"[57299, 44822, 50043, 14177, 4344, 48366, 85795, 70745, 83347, 9065]"
116368,"[26510, 82853, 11985, 86627, 79639, 76445, 29083, 38263, 7161, 76723]"
116369,"[89712, 7427, 28418, 103823, 81592, 24934, 23530, 10917, 39072, 90411]"
116370,"[92964, 104055, 16561, 29972, 54997, 39982, 58802, 19102, 74152, 103425]"
116371,"[82741, 102164, 32606, 81445, 47828, 9302, 49418, 37662, 10879, 23277]"
116372,"[16922, 38390, 18090, 14014, 52148, 38644, 49003, 98767, 25287, 18545]"
116373,"[17127, 46763, 27894, 20275, 14479, 59838, 43671, 107065, 50905, 43507]"
116374,"[57809, 26685, 58881, 63742, 55207, 109174, 46821, 42555, 75974, 88910]"
116375,"[89455, 34060, 60733, 32704, 22660, 70119, 68985, 66150, 80682, 23758]"
116376,"[97806, 15960, 16614, 12330, 106107, 12464, 55209, 36052, 79642, 89687]"
116377,"[88708, 61562, 10475, 23021, 51607, 83575, 59658, 15028, 37490, 82982]"
116378,"[56762, 83473, 92678, 61778, 24058, 103782, 11529, 85140, 40977, 17208]"
116379,"[24080, 55033, 102796, 41130, 33075, 41553, 93703, 87887, 101917, 38105]"
116380,"[42127, 23674, 32379, 10859, 41923, 102821, 19836, 78158, 107152, 59529]"
116381,"[62857, 76703, 47118, 37404, 108330, 98893, 64363, 91858, 86736, 77039]"
116382,"[61658, 47799, 70555, 98560, 105216, 51839, 95208, 8917, 66825, 68481]"
116383,"[9494, 6071, 92875, 40152, 109661, 74123, 41960, 6340, 8546, 4100]"
116384,"[8122, 68934, 96574, 41411, 16668, 65131, 55451, 36537, 33930, 44155]"
116385,"[13822, 44813, 101221, 5417, 36012, 64558, 92107, 7962, 101529, 71742]"
116386,"[61219, 95839, 3925, 64996, 71919, 14922, 92258, 59939, 15586, 27535]"
116387,"[29992, 38606, 48371, 60651, 105482, 99238, 53823, 7015, 30680, 106283]"
116388,"[95734, 11407, 34987, 106217, 24818, 18454, 19491, 31111, 33500, 92001]"
116389,"[90264, 16717, 19122, 15005, 75277, 2358, 26270, 71096, 7923, 98941]"
116390,"[70887, 26860, 42839, 65399, 47231, 96518, 707, 36743, 99762, 20025]"
116391,"[65430, 103700, 17956, 49690, 71543, 91616, 46342, 53336, 16758, 62696]"
116392,"[64301, 95033, 43977, 16284, 51401, 69969, 98100, 10763, 34150, 45392]"
116393,"[4570, 1829, 102683, 9886, 34887, 61337, 66256, 26288, 26431, 21398]"
116394,"[94890, 99908, 55688, 65309, 29053, 84493, 83402, 9979, 106854, 24348]"
116395,"[96514, 7014, 2504, 97484, 12117, 13166, 31807, 88498, 104573, 50668]"
116396,"[61975, 6963, 83717, 55566, 14668, 44996, 102534, 8760, 25700, 64392]"
116397,"[25884, 9328, 75316, 84802, 65304, 80653, 81075, 57779, 44286, 61907]"
116398,"[9099, 38719, 17172, 39328, 95644, 53222, 77758, 102715, 14247, 30215]"
116399,"[44834, 47911, 99608, 74698, 92203, 51631, 46197, 42519, 89060, 91751]"
116400,"[18781, 76111, 75066, 26048, 87539, 75945, 97298, 20855, 2583, 35659]"
116401,"[91116, 103622, 3428, 76599, 93761, 2877, 32738, 55901, 84271, 89562]"
116402,"[22300, 102326, 103111, 29281, 59495, 16237, 95727, 2532, 58020, 93168]"
116403,"[8881, 43198, 56186, 26336, 90220, 86101, 22016, 36427, 107771, 44825]"
116404,"[72046, 44510, 101454, 58335, 55719, 77780, 59973, 3556, 50653, 106926]"
116405,"[60203, 14359, 59550, 91433, 78729, 4994, 17556, 56339, 81938, 16552]"
116406,"[11541, 105873, 70901, 104759, 8294, 93806, 36275, 68751, 107262, 28736]"
116407,"[24520, 3042, 52280, 82181, 15056, 9369, 18358, 59787, 56479, 59013]"
116408,"[16196, 31326, 47152, 59867, 34527, 24833, 103294, 99393, 34741, 63763]"
116409,"[34725, 59845, 76306, 101078, 108791, 72516, 31483, 17142, 57072, 66991]"
116410,"[39247, 13111, 39354, 12950, 66508, 96931, 58328, 84856, 10682, 10585]"
116411,"[18339, 37637, 36564, 98687, 1759, 4901, 34526, 60134, 77918, 23281]"
116412,"[35936, 23239, 92343, 102367, 53095, 55231, 18070, 80065, 46922, 27995]"
116413,"[49090, 87964, 96204, 43842, 26546, 78028, 76340, 91117, 108280, 49437]"
116414,"[38101, 52288, 105664, 92219, 19579, 86861, 130, 23494, 86241, 68843]"
116415,"[12821, 2405, 66074, 98802, 54131, 94373, 14433, 48364, 84822, 30302]"
116416,"[103999, 90558, 37521, 25666, 96827, 53725, 37148, 38402, 97145, 76410]"
116417,"[108755, 103975, 24771, 16629, 28318, 11930, 99178, 107162, 67684, 21161]"
116418,"[81626, 6462, 96592, 6704, 28443, 77808, 104208, 28100, 19157, 756]"
116419,"[108947, 100147, 71566, 25888, 79159, 43740, 4783, 96260, 51770, 9650]"
116420,"[67688, 68095, 10006, 54558, 105852, 96320, 28746, 102631, 57685, 100862]"
116421,"[5630, 27297, 72903, 91491, 27121, 94043, 67219, 9389, 21360, 12322]"
116422,"[79480, 22255, 29019, 54371, 104419, 20399, 14883, 38075, 87676, 57301]"
116423,"[44677, 71043, 87535, 101863, 55867, 101281, 92941, 84278, 83795, 48689]"
116424,"[56303, 105864, 108541, 17843, 54396, 7863, 13264, 95573, 9021, 23339]"
116425,"[20530, 55780, 4933, 102204, 76701, 48331, 65832, 101361, 39920, 109203]"
116426,"[29553, 61145, 100224, 80340, 47000, 45073, 88149, 23532, 45983, 57729]"
116427,"[49172, 31136, 84408, 106137, 3351, 52763, 94288, 107751, 82552, 69410]"
116428,"[29034, 28860, 51632, 7756, 68422, 71977, 14500, 80995, 7129, 87183]"
116429,"[109244, 69427, 68734, 45278, 21167, 16595, 78384, 32874, 62114, 87608]"
116430,"[9922, 12461, 9798, 66425, 14320, 69012, 14387, 33009, 4801, 53060]"
116431,"[8017, 82000, 72086, 18390, 69652, 46972, 93645, 21197, 98319, 82678]"
116432,"[69800, 21936, 58885, 78286, 84262, 108777, 36398, 83727, 101730, 32205]"
116433,"[9799, 104681, 53492, 27328, 98608, 92210, 4560, 99546, 52139, 107523]"
116434,"[75622, 50182, 13164, 35740, 96388, 73159, 94749, 42489, 91135, 99081]"
116435,"[44018, 66889, 25386, 94537, 28494, 24303, 104294, 2821, 30215, 91235]"
116436,"[53273, 34143, 4787, 72680, 49769, 19568, 34133, 11918, 22138, 108353]"
116437,"[69963, 28145, 101955, 37402, 26727, 84364, 94191, 24765, 33734, 7060]"
116438,"[102559, 6119, 52019, 80146, 85501, 61606, 25961, 45093, 68687, 99249]"
116439,"[41329, 14938, 17762, 22260, 7219, 98859, 31128, 41177, 40859, 35434]"
116440,"[69375, 92174, 35492, 90457, 75103, 60496, 90529, 100974, 21475, 20392]"
116441,"[42967, 85830, 2954, 34343, 109041, 81863, 65623, 92413, 54391, 96309]"
116442,"[52259, 26496, 30359, 91371, 45452, 11515, 16918, 108203, 107435, 20376]"
116443,"[69496, 20037, 31791, 11481, 50084, 83684, 102567, 8044, 52676, 96785]"
116444,"[65876, 52307, 73892, 11521, 60119, 61059, 81555, 65248, 95466, 29174]"
116445,"[65598, 88456, 37772, 10343, 19943, 58287, 30362, 5758, 92905, 89639]"
116446,"[22124, 24322, 11822, 35068, 65972, 84979, 47931, 2374, 93069, 86411]"
116447,"[54817, 96139, 30552, 85377, 108472, 27345, 27382, 33071, 66409, 103648]"
116448,"[63186, 15668, 41084, 36082, 57981, 66764, 103607, 93524, 103076, 47198]"
116449,"[6862, 102038, 95185, 95296, 43191, 64379, 109487, 65331, 31717, 48457]"
116450,"[83286, 79363, 83817, 88832, 61278, 55176, 32823, 89802, 87669, 42278]"
116451,"[92073, 61726, 7248, 36381, 33334, 84154, 22786, 19518, 7765, 3593]"
116452,"[48252, 82413, 99517, 50787, 89168, 37854, 95843, 47999, 102579, 107198]"
116453,"[46742, 108305, 47776, 72773, 81778, 25067, 2939, 68974, 37471, 22365]"
116454,"[50971, 93750, 58662, 26509, 85133, 89738, 37674, 13937, 71935, 91554]"
116455,"[21322, 77754, 88769, 80098, 447, 67636, 4997, 4111, 29932, 88029]"
116456,"[95352, 97408, 24150, 2640, 31527, 48458, 75176, 28042, 63585, 107197]"
116457,"[42747, 28826, 103131, 8533, 23980, 75898, 85042, 26302, 41367, 86201]"
116458,"[62828, 61634, 8155, 48155, 36345, 53765, 13583, 72118, 15678, 93808]"
116459,"[53766, 8204, 15814, 30555, 41017, 42647, 71563, 101753, 104528, 7838]"
116460,"[70450, 73146, 81081, 56031, 19867, 63151, 65112, 47184, 99598, 57093]"
116461,"[3717, 82578, 93443, 13731, 67780, 11117, 17403, 94205, 14825, 40537]"
116462,"[73589, 95536, 102368, 26231, 57980, 104286, 30095, 96677, 84718, 66736]"
116463,"[75999, 23302, 74374, 53714, 18329, 93665, 84931, 51562, 100162, 49573]"
116464,"[40998, 64117, 26437, 77293, 15088, 21218, 19076, 63609, 70920, 14247]"
116465,"[29713, 74411, 107765, 42312, 58698, 91375, 105030, 87756, 23037, 44651]"
116466,"[28795, 92566, 92927, 23009, 71142, 100308, 67892, 92336, 51402, 41344]"
116467,"[93289, 15742, 78817, 75848, 43295, 80567, 78115, 84448, 5982, 34331]"
116468,"[71172, 8356, 74858, 29282, 91817, 63002, 108221, 864, 40542, 65737]"
116469,"[82985, 14340, 75443, 68736, 93369, 88610, 103459, 19006, 69915, 57878]"
116470,"[100445, 58865, 21187, 98470, 102658, 77280, 80996, 42200, 20010, 73323]"
116471,"[53703, 22459, 34443, 35609, 82387, 6054, 12710, 67182, 32221, 20766]"
116472,"[60428, 55676, 40416, 101747, 52709, 51742, 52159, 67654, 15183, 64262]"
116473,"[59922, 50270, 5080, 17843, 36829, 59415, 20276, 92841, 90960, 44656]"
116474,"[96262, 101544, 102420, 42586, 100438, 105992, 66144, 275, 54499, 40175]"
116475,"[30862, 98611, 26662, 9198, 51836, 96548, 70958, 21109, 62782, 89121]"
116476,"[33449, 43366, 36378, 101613, 81217, 66145, 104151, 16192, 14660, 98750]"
116477,"[6911, 64960, 63726, 64397, 43400, 3446, 53065, 72791, 34040, 33760]"
116478,"[59971, 48468, 51335, 44976, 45168, 104849, 97341, 76148, 73478, 2137]"
116479,"[84703, 42379, 88036, 7794, 30147, 40672, 22135, 6989, 62807, 59028]"
116480,"[56337, 77958, 89944, 27422, 38678, 50686, 32617, 46640, 66151, 42933]"
116481,"[79671, 64137, 48021, 4761, 73578, 78764, 47269, 14346, 53591, 101796]"
116482,"[68514, 102265, 10506, 21347, 101682, 78566, 11547, 12789, 20909, 27037]"
116483,"[84547, 62438, 44644, 9055, 81586, 58022, 44285, 92931, 102569, 30470]"
116484,"[26344, 108582, 82209, 91736, 14682, 77877, 90314, 59319, 51562, 7955]"
116485,"[72276, 93131, 55895, 22860, 56174, 13379, 102898, 3086, 31284, 86619]"
116486,"[17459, 100648, 73985, 61614, 79224, 98712, 105533, 51083, 88529, 29910]"
116487,"[97038, 22211, 18975, 77012, 31295, 14357, 47232, 8692, 7603, 19966]"
116488,"[78146, 92278, 82744, 77940, 99657, 88837, 15697, 70108, 75782, 88972]"
116489,"[5324, 2065, 19521, 80694, 42199, 6210, 93174, 90376, 29816, 15083]"
116490,"[40358, 99719, 63121, 106848, 95387, 89818, 24174, 96719, 106598, 671]"
116491,"[74821, 108080, 46420, 57193, 76921, 75936, 50144, 54497, 97595, 9130]"
116492,"[97371, 21393, 69818, 80578, 70881, 37920, 92933, 93573, 67480, 67484]"
116493,"[31269, 25916, 15119, 107473, 86039, 8607, 69691, 50294, 51501, 32673]"
116494,"[75154, 81179, 68424, 26698, 66818, 28852, 65753, 26370, 27664, 91153]"
116495,"[13282, 7172, 16288, 32860, 43559, 24831, 14145, 48332, 24464, 13753]"
116496,"[47526, 14352, 20341, 7968, 30999, 27743, 81998, 87334, 94572, 50754]"
116497,"[83837, 8875, 3670, 52440, 108845, 20598, 66278, 59896, 32099, 81923]"
116498,"[77554, 41670, 46747, 94279, 84838, 16662, 66440, 38782, 5789, 17620]"
116499,"[33180, 67131, 2582, 69914, 86906, 39200, 48216, 66857, 9611, 103783]"
116500,"[72092, 49562, 77917, 45007, 99447, 63606, 1201, 45733, 92058, 47117]"
116501,"[64386, 30476, 90571, 4803, 31776, 10636, 63362, 6732, 87282, 101633]"
116502,"[20294, 28411, 46956, 89659, 28936, 2429, 48811, 72721, 93410, 4836]"
116503,"[95162, 21436, 61203, 25416, 14559, 12163, 4940, 21576, 71199, 6694]"
116504,"[23157, 6895, 61300, 62494, 108545, 103838, 17700, 48515, 105325, 3540]"
116505,"[31672, 63461, 83793, 11023, 37608, 46501, 92304, 36617, 107141, 75186]"
116506,"[96802, 89660, 70603, 11691, 3363, 69162, 32600, 48766, 36577, 27770]"
116507,"[39519, 34140, 43324, 78690, 43258, 63484, 97860, 97228, 32486, 102118]"
116508,"[48203, 62469, 40598, 73854, 19566, 4066, 101914, 65678, 102587, 106502]"
116509,"[99785, 79056, 11059, 60538, 61535, 23820, 44499, 49366, 85868, 22731]"
116510,"[63240, 36644, 66190, 18346, 67201, 83380, 93142, 37502, 11962, 86905]"
116511,"[35682, 44591, 54629, 61003, 83377, 64390, 84659, 91892, 84542, 105856]"
116512,"[96026, 79767, 104269, 59265, 17016, 4705, 4952, 66580, 62164, 69605]"
116513,"[33140, 63990, 69756, 71494, 5524, 55204, 11342, 92683, 96055, 44819]"
116514,"[4189, 70510, 25993, 66318, 35409, 3300, 54126, 98168, 55388, 96163]"
116515,"[84276, 76668, 57092, 77196, 77835, 27367, 63696, 70812, 21651, 51600]"
116516,"[58196, 90376, 67372, 5324, 11139, 77482, 105265, 8830, 40295, 92257]"
116517,"[48399, 12732, 60305, 106392, 60072, 84531, 107909, 95276, 44847, 92577]"
116518,"[97130, 64874, 108298, 10627, 4220, 104330, 36638, 23492, 108944, 2310]"
116519,"[88215, 15367, 3725, 32002, 57545, 79121, 27261, 14110, 11183, 61774]"
116520,"[59536, 39349, 39879, 102104, 42462, 106819, 39196, 17530, 107541, 80053]"
116521,"[47032, 49439, 31555, 100805, 27663, 8774, 82915, 23395, 20311, 50190]"
116522,"[86908, 44730, 35292, 97626, 100213, 5180, 12063, 75073, 105656, 68568]"
116523,"[214, 102245, 107739, 34314, 84461, 93250, 4103, 50493, 97173, 90530]"
116524,"[47787, 53990, 45912, 38764, 95014, 84207, 30238, 24384, 62031, 105]"
116525,"[64488, 39447, 72344, 67757, 2454, 9588, 84646, 100951, 66113, 95963]"
116526,"[95572, 61894, 108021, 15890, 67774, 16839, 24778, 35215, 105934, 77627]"
116527,"[72577, 62860, 42089, 90228, 26050, 27955, 41718, 56366, 125, 31155]"
116528,"[19318, 2771, 101736, 42985, 100537, 71583, 101967, 77241, 37357, 55304]"
116529,"[28000, 41125, 16591, 7015, 55112, 34223, 105482, 39137, 109095, 70502]"
116530,"[72906, 62587, 56248, 64322, 66337, 67645, 70690, 102103, 2681, 30718]"
116531,"[65089, 65132, 99134, 30334, 37068, 30162, 17642, 10100, 73539, 63159]"
116532,"[87937, 77731, 39224, 60960, 84785, 93999, 62592, 100374, 8563, 85816]"
116533,"[10594, 82744, 82567, 74548, 18749, 107858, 8520, 59369, 6438, 58264]"
116534,"[95347, 53295, 92487, 17613, 39623, 77154, 66315, 104267, 100700, 52294]"
116535,"[4599, 29183, 108736, 43231, 36943, 61914, 92664, 13031, 98783, 65603]"
116536,"[71431, 44030, 42109, 84950, 19790, 98444, 78760, 66465, 22528, 109144]"
116537,"[72862, 18777, 47471, 59815, 71364, 46741, 71924, 103768, 56993, 88718]"
116538,"[93248, 5169, 21435, 52620, 19766, 50879, 43667, 21719, 42163, 106357]"
116539,"[107259, 95892, 87667, 102007, 23286, 29121, 46936, 40442, 48058, 84431]"
116540,"[83029, 53202, 39380, 54300, 78470, 17232, 78677, 29567, 15079, 35159]"
116541,"[37691, 35122, 8858, 79847, 60613, 22605, 60, 66995, 31867, 71807]"
116542,"[32091, 73802, 14399, 74153, 45731, 40150, 41901, 87978, 29177, 102563]"
116543,"[3163, 43430, 106280, 57304, 7791, 49342, 106080, 108734, 5808, 14224]"
116544,"[87121, 64680, 6546, 57371, 71841, 2879, 46068, 19744, 81977, 59723]"
116545,"[104037, 50531, 67586, 64444, 45854, 76910, 66260, 50641, 28095, 43887]"
116546,"[16112, 33990, 3996, 44364, 77961, 95318, 58660, 81033, 82993, 22476]"
116547,"[59716, 78847, 103483, 31559, 107611, 64534, 35286, 83662, 92723, 51939]"
116548,"[36795, 44037, 32350, 26897, 84873, 53777, 54787, 74408, 6272, 6901]"
116549,"[23188, 24859, 13705, 42919, 103903, 51521, 66485, 82649, 63098, 34653]"
116550,"[75859, 24903, 34166, 17033, 52828, 72484, 2300, 39344, 82239, 23078]"
116551,"[36036, 50458, 65018, 105919, 8827, 33624, 69478, 79034, 65618, 3400]"
116552,"[16536, 79458, 99465, 37325, 94929, 105639, 72814, 80382, 99763, 15496]"
116553,"[98886, 7390, 103969, 50128, 95215, 50012, 63231, 14897, 70865, 62679]"
116554,"[42204, 16092, 35567, 93313, 64172, 102432, 41512, 32340, 69731, 17128]"
116555,"[61542, 7924, 75957, 55652, 13966, 11222, 86456, 91034, 27898, 69287]"
116556,"[106528, 100201, 42738, 54073, 21573, 59485, 18413, 92532, 7860, 51416]"
116557,"[25521, 49916, 6436, 19743, 15228, 45143, 57672, 58502, 15949, 104793]"
116558,"[38508, 39875, 16234, 78157, 65108, 64576, 20259, 48493, 57360, 106608]"
116559,"[16067, 19880, 97634, 18642, 65106, 10022, 37062, 46680, 30278, 1912]"
116560,"[106245, 58552, 45590, 80440, 67877, 45314, 29450, 14130, 96111, 21501]"
116561,"[2100, 104685, 95905, 102703, 85930, 40219, 34465, 100190, 106056, 51901]"
116562,"[103006, 44538, 27559, 64372, 40063, 76068, 8929, 62399, 26944, 18825]"
116563,"[65096, 38593, 93978, 82784, 98770, 46676, 44521, 97223, 1658, 873]"
116564,"[103007, 26809, 71215, 25179, 108674, 12933, 90307, 56499, 43288, 6486]"
116565,"[109389, 3384, 22089, 41911, 67430, 102787, 45307, 16724, 50027, 54814]"
116566,"[78938, 4913, 37198, 6562, 96567, 106908, 28019, 61192, 95634, 12878]"
116567,"[29272, 59691, 32523, 109681, 11369, 73005, 94615, 11846, 50738, 55023]"
116568,"[44163, 99167, 72077, 5381, 18883, 44152, 36444, 5483, 106521, 43921]"
116569,"[39424, 88596, 37500, 14775, 95919, 4200, 8502, 32284, 61030, 108705]"
116570,"[97357, 63183, 9320, 108584, 162, 99462, 18541, 54410, 75274, 69132]"
116571,"[105706, 47415, 65535, 95852, 8670, 96229, 96675, 24232, 59174, 95159]"
116572,"[12987, 109469, 70046, 58750, 90512, 48510, 18915, 14509, 23023, 59858]"
116573,"[3812, 35558, 31399, 62088, 57386, 24561, 40876, 14202, 43893, 25044]"
116574,"[2876, 25891, 50235, 94583, 18058, 58755, 99496, 27198, 8764, 89080]"
116575,"[49488, 71558, 107049, 59921, 27280, 45582, 42446, 96659, 62971, 78538]"
116576,"[29107, 102934, 59910, 31174, 56423, 12868, 47560, 33835, 91221, 66907]"
116577,"[28597, 40432, 83074, 20504, 57822, 40943, 74880, 74554, 14543, 46512]"
116578,"[18202, 105401, 106808, 45083, 88917, 90552, 59733, 1533, 73229, 7991]"
116579,"[39343, 42581, 28314, 77003, 63526, 59616, 106982, 91460, 49209, 61015]"
116580,"[52240, 56368, 60499, 64742, 37856, 35195, 25274, 3573, 87573, 102758]"
116581,"[103581, 103200, 60557, 36124, 105507, 91529, 92804, 44097, 20755, 9894]"
116582,"[95839, 71919, 6818, 10381, 28475, 61219, 27535, 16305, 36039, 82968]"
116583,"[95670, 21159, 73805, 32738, 47512, 109668, 53971, 79746, 22153, 28101]"
116584,"[21187, 10434, 56269, 67913, 69123, 33705, 93104, 102658, 96352, 20255]"
116585,"[101111, 15262, 1995, 44174, 71879, 76020, 62324, 54628, 60086, 94224]"
116586,"[54292, 6625, 11420, 18401, 97374, 1548, 35868, 15641, 14132, 98055]"
116587,"[62387, 14784, 68580, 92252, 42438, 86367, 69549, 36086, 27847, 84080]"
116588,"[13163, 4057, 31329, 96355, 63335, 39257, 13339, 45302, 73994, 65149]"
116589,"[62460, 4235, 18636, 46645, 20065, 83911, 85923, 76209, 105409, 5864]"
116590,"[74556, 15624, 85318, 30638, 3174, 90832, 28801, 31183, 60731, 87166]"
116591,"[34573, 84182, 55997, 82924, 14333, 44580, 21368, 19206, 12077, 91859]"
116592,"[105704, 94428, 73475, 4984, 15683, 84147, 85730, 105885, 56801, 91612]"
116593,"[30882, 51573, 19133, 45901, 52941, 15916, 105054, 99364, 62475, 101425]"
116594,"[46329, 95997, 839, 81726, 41158, 90673, 33687, 94381, 37667, 72407]"
116595,"[36426, 85021, 30216, 97206, 69452, 56709, 13122, 42924, 36006, 42465]"
116596,"[63562, 48953, 99237, 108906, 79235, 16608, 85659, 36706, 108015, 81364]"
116597,"[25855, 64685, 76288, 108085, 109543, 19792, 36804, 18637, 51558, 23552]"
116598,"[31824, 49741, 17693, 40656, 93370, 29367, 75425, 78431, 87983, 75547]"
116599,"[68387, 78168, 102424, 59696, 21767, 81982, 21964, 21485, 58629, 67349]"
116600,"[26255, 102008, 14644, 92634, 80811, 85806, 82127, 61818, 49747, 54729]"
116601,"[28680, 64178, 46127, 16701, 10569, 64968, 47470, 51321, 63622, 104200]"
116602,"[72814, 79818, 27031, 41594, 44236, 15200, 16536, 40994, 108647, 51747]"
116603,"[6333, 29103, 97655, 103437, 17165, 109336, 90985, 35634, 33903, 30751]"
116604,"[74595, 43173, 92171, 101187, 106830, 108817, 64617, 5736, 88675, 76260]"
116605,"[19268, 65704, 13162, 4166, 56520, 105142, 68846, 105512, 102408, 95898]"
116606,"[95710, 31102, 42159, 36206, 102380, 4172, 56795, 82484, 21162, 11843]"
116607,"[59629, 59475, 16299, 30902, 52366, 36166, 26496, 102360, 64794, 56942]"
116608,"[102211, 29891, 103642, 64852, 37673, 65933, 102688, 68192, 78969, 6892]"
116609,"[45600, 88611, 27526, 59613, 65098, 22264, 729, 51692, 95579, 8588]"
116610,"[23554, 106721, 39133, 29550, 52772, 43414, 38420, 82689, 35874, 62032]"
116611,"[47878, 32684, 39257, 57414, 109037, 10156, 9660, 22723, 99602, 103875]"
116612,"[103969, 7390, 93795, 63231, 40673, 42496, 49052, 78002, 101585, 38476]"
116613,"[80352, 107583, 46137, 105784, 7180, 9468, 24102, 30931, 106801, 102081]"
116614,"[24841, 46154, 101540, 26394, 82949, 20580, 103909, 80049, 28175, 55936]"
116615,"[62639, 16225, 100247, 107285, 34617, 19462, 64225, 64018, 103328, 61277]"
116616,"[78455, 65689, 19261, 17049, 70613, 57182, 46904, 51206, 74098, 38439]"
116617,"[5622, 105608, 108102, 48479, 67028, 83239, 2518, 26473, 63137, 37098]"
116618,"[104464, 86423, 104117, 37587, 6108, 55204, 106181, 28241, 19410, 34873]"
116619,"[6023, 107965, 40989, 3762, 91678, 108429, 18313, 105669, 41185, 108772]"
116620,"[55992, 73650, 44785, 51375, 47157, 11667, 5797, 49812, 3951, 45274]"
116621,"[98219, 8710, 77169, 8080, 107484, 60710, 70672, 34163, 68272, 56276]"
116622,"[70426, 18588, 107818, 30384, 63272, 61980, 98720, 104781, 64925, 98855]"
116623,"[93994, 40412, 103519, 50947, 57762, 12811, 8493, 34521, 17384, 48580]"
116624,"[30045, 14842, 106615, 37528, 26399, 80560, 96709, 10022, 7422, 52009]"
116625,"[74152, 86218, 716, 5868, 16561, 79025, 93227, 15204, 65031, 92964]"
116626,"[70344, 13589, 98874, 10365, 32582, 40050, 7645, 11203, 57005, 62897]"
116627,"[46502, 101973, 48588, 68210, 80916, 9963, 104591, 7073, 16434, 5118]"
116628,"[35050, 2724, 32334, 99721, 63459, 73165, 27113, 68416, 13429, 56357]"
116629,"[85384, 59104, 12173, 52791, 98023, 33194, 29229, 56199, 78245, 101882]"
116630,"[36396, 11898, 90697, 102269, 1095, 49490, 88517, 54692, 20682, 38566]"
116631,"[88318, 1398, 96943, 85030, 34747, 50865, 84679, 1828, 48923, 37191]"
116632,"[66623, 41003, 63110, 49345, 90090, 99718, 96707, 78067, 28162, 36846]"
116633,"[22328, 26162, 31650, 78374, 20823, 108324, 35308, 54699, 9094, 3674]"
116634,"[87854, 57642, 23683, 25309, 108767, 78449, 30565, 85023, 15605, 8392]"
116635,"[93255, 70658, 70167, 70588, 108780, 94080, 80312, 13847, 64241, 36276]"
116636,"[13228, 47392, 57426, 97318, 84204, 10083, 86823, 56749, 48695, 68232]"
116637,"[24326, 91969, 39058, 109647, 16289, 26261, 52013, 55703, 15914, 44450]"
116638,"[19517, 10137, 89131, 103906, 21387, 3871, 108402, 11188, 33584, 48790]"
116639,"[103341, 36496, 89174, 93869, 52483, 34013, 15964, 58549, 61329, 107718]"
116640,"[103534, 106171, 67568, 109131, 38908, 23403, 45486, 51776, 13297, 86293]"
116641,"[49408, 28869, 69854, 9300, 27109, 65519, 63207, 4889, 42340, 10315]"
116642,"[89914, 93256, 37229, 91822, 104674, 8270, 91977, 31219, 93959, 13634]"
116643,"[51535, 106567, 31092, 54965, 97921, 63714, 100377, 54033, 37021, 61435]"
116644,"[14093, 22784, 75257, 5181, 14596, 97807, 80826, 60016, 69142, 47776]"
116645,"[52719, 65113, 7398, 55539, 89813, 2214, 16871, 47437, 15853, 100394]"
116646,"[109368, 86554, 108520, 61629, 6405, 23073, 105192, 17927, 57398, 52802]"
116647,"[7678, 65323, 50359, 62764, 38055, 52061, 9819, 42622, 64345, 71930]"
116648,"[44845, 101640, 96572, 783, 39838, 40888, 79630, 57743, 53709, 25065]"
116649,"[94361, 9857, 100713, 43513, 23325, 96387, 3086, 95594, 57491, 21088]"
116650,"[17181, 30493, 106556, 60510, 72332, 45684, 80878, 89958, 108549, 93926]"
116651,"[54669, 65245, 63109, 93226, 33354, 76312, 14172, 83785, 11543, 61274]"
116652,"[72907, 48018, 24225, 51337, 39945, 41087, 59513, 9633, 3448, 31702]"
116653,"[70940, 13878, 8013, 90916, 31060, 91161, 11344, 22937, 83975, 51370]"
116654,"[84155, 102176, 63617, 73129, 30825, 63167, 54244, 70754, 43769, 61427]"
116655,"[41409, 17500, 52950, 96983, 87531, 47589, 57411, 44618, 90686, 73653]"
116656,"[104919, 67480, 65155, 58962, 97371, 40800, 84111, 66767, 60832, 83721]"
116657,"[59414, 38265, 8977, 18876, 37115, 71428, 21428, 16944, 23532, 102766]"
116658,"[29995, 105340, 78863, 75559, 61350, 68666, 65911, 60495, 53286, 95541]"
116659,"[86285, 23657, 91099, 109087, 49868, 13201, 2828, 77047, 77540, 86247]"
116660,"[45898, 34402, 27663, 7452, 55030, 65606, 75777, 67434, 80849, 49925]"
116661,"[31664, 3697, 51099, 85905, 4718, 50211, 7187, 428, 61728, 70470]"
116662,"[101382, 2751, 3205, 49702, 12197, 81427, 65750, 100776, 64426, 99131]"
116663,"[51274, 109026, 54934, 4628, 88855, 82101, 8735, 44843, 16181, 36123]"
116664,"[91659, 61860, 45237, 57008, 43803, 41084, 20102, 42427, 51005, 56508]"
116665,"[40809, 25980, 73690, 13798, 55684, 31193, 99101, 93564, 64668, 74873]"
116666,"[31990, 9190, 61700, 51145, 14122, 41128, 18071, 64039, 20143, 63169]"
116667,"[6784, 96717, 23839, 73258, 43811, 6779, 96735, 48707, 28209, 2098]"
116668,"[107884, 91618, 75998, 101973, 105959, 98648, 21209, 11769, 24471, 95687]"
116669,"[69887, 14543, 25759, 30655, 8130, 107413, 68537, 78687, 67267, 95697]"
116670,"[101325, 16298, 64968, 75855, 83067, 10569, 70999, 81511, 26155, 6388]"
116671,"[70780, 70159, 72215, 23587, 62624, 43855, 8524, 20692, 49576, 78506]"
116672,"[90802, 69060, 82260, 90160, 54651, 21086, 43866, 9498, 88752, 97556]"
116673,"[53188, 66034, 86820, 76046, 53298, 55460, 80978, 107153, 23998, 38045]"
116674,"[86645, 85229, 16518, 67920, 13550, 49794, 89870, 39185, 41582, 94238]"
116675,"[7736, 100530, 79427, 85203, 97525, 31402, 96149, 6276, 26042, 28165]"
116676,"[105596, 30698, 99513, 40768, 88552, 81424, 15482, 74303, 104581, 74963]"
116677,"[74714, 64500, 56953, 19688, 9649, 100805, 35679, 35052, 28978, 61394]"
116678,"[98984, 40054, 21272, 2989, 79780, 68870, 458, 63089, 3051, 74071]"
116679,"[30661, 62907, 56314, 16892, 11747, 63916, 61974, 34135, 67645, 4066]"
116680,"[58309, 3740, 101432, 56412, 70704, 99424, 40020, 16110, 102337, 47898]"
116681,"[2427, 65198, 91572, 68742, 91545, 101149, 99482, 28609, 38356, 68225]"
116682,"[67068, 103678, 48749, 86014, 50591, 29599, 40182, 56939, 105074, 50582]"
116683,"[61811, 33921, 31289, 52449, 30968, 4808, 43827, 60771, 10845, 29807]"
116684,"[32573, 7464, 95305, 99741, 10713, 43432, 2942, 47044, 37824, 48912]"
116685,"[92245, 23290, 101867, 73454, 8664, 100542, 57742, 42892, 17449, 25532]"
116686,"[41602, 1642, 27509, 22188, 3154, 20375, 55170, 44444, 56024, 109696]"
116687,"[2207, 92435, 29606, 109152, 17397, 86159, 46737, 85156, 74400, 74315]"
116688,"[35797, 25799, 15132, 71610, 6853, 16862, 10214, 107925, 68898, 17132]"
116689,"[70904, 11894, 87580, 73482, 83930, 2601, 85, 54128, 64049, 59140]"
116690,"[72960, 33346, 1843, 81501, 7406, 2105, 68141, 54342, 77737, 27677]"
116691,"[38685, 99124, 18464, 85252, 13082, 31396, 89559, 35777, 64908, 77970]"
116692,"[62608, 92213, 10469, 30793, 38254, 5146, 56425, 104816, 106363, 73425]"
116693,"[105761, 9254, 62863, 92050, 56352, 80664, 88511, 87368, 56529, 30216]"
116694,"[71755, 71942, 88544, 108010, 25151, 13736, 17419, 84557, 104961, 54137]"
116695,"[2376, 56631, 86683, 92212, 5228, 54895, 8827, 66455, 68005, 97135]"
116696,"[43380, 76586, 42604, 34814, 80645, 106733, 101494, 53218, 32702, 22585]"
116697,"[51610, 61940, 36922, 81459, 81934, 88212, 1436, 36700, 100744, 10955]"
116698,"[58200, 96845, 41643, 108364, 64657, 57793, 70204, 28225, 98806, 9142]"
116699,"[35299, 18752, 41228, 21000, 14978, 47343, 24099, 92935, 66237, 74112]"
116700,"[40559, 38058, 75799, 45849, 83115, 41409, 76566, 80034, 79130, 28437]"
116701,"[69432, 16665, 20137, 39824, 17630, 33427, 76730, 39437, 35102, 98203]"
116702,"[23336, 45479, 106683, 65128, 84722, 89840, 85816, 53928, 70325, 108194]"
116703,"[52179, 101143, 78830, 33801, 108507, 26980, 10006, 3601, 96320, 40894]"
116704,"[68309, 53301, 30240, 34192, 50404, 56543, 95720, 2430, 70406, 98578]"
116705,"[15070, 28189, 81056, 69797, 807, 93146, 59742, 31907, 83793, 46501]"
116706,"[56959, 95125, 9408, 97175, 36049, 54962, 72321, 57848, 32784, 69143]"
116707,"[19581, 11861, 42133, 73381, 41573, 80408, 80039, 75688, 29508, 42469]"
116708,"[72252, 31001, 59176, 38871, 24518, 91882, 27526, 69734, 44049, 5620]"
116709,"[4127, 108010, 1692, 71755, 28678, 57949, 18211, 105436, 1106, 65261]"
116710,"[22812, 69167, 51192, 77098, 102225, 99078, 51248, 105956, 78872, 15026]"
116711,"[98420, 3915, 54950, 85266, 57801, 100709, 105516, 49073, 64244, 91335]"
116712,"[4002, 49963, 82062, 81162, 79331, 90120, 73515, 25746, 85466, 43224]"
116713,"[106626, 24256, 14701, 100887, 104792, 97785, 1717, 10799, 30111, 75561]"
116714,"[53795, 42156, 63380, 80840, 20135, 81955, 14224, 74763, 66645, 4941]"
116715,"[16957, 107180, 60455, 36711, 36741, 106794, 62253, 56358, 32513, 43736]"
116716,"[47267, 79172, 7412, 60654, 105302, 20980, 52795, 86415, 56188, 16503]"
116717,"[84764, 106546, 95104, 105418, 90418, 57093, 14446, 5387, 8781, 40812]"
116718,"[95197, 20902, 40311, 38498, 64, 87151, 100525, 46586, 64628, 71103]"
116719,"[12242, 54969, 89833, 105360, 72139, 107370, 4222, 12478, 78726, 66314]"
116720,"[92364, 87855, 87779, 68389, 56434, 82430, 38556, 92826, 88054, 50700]"
116721,"[106749, 37312, 89814, 57124, 64075, 85317, 12713, 54901, 28596, 84435]"
116722,"[67958, 64239, 28826, 26302, 41367, 86201, 48409, 38292, 42747, 22581]"
116723,"[105281, 42750, 14748, 26652, 7518, 9197, 85878, 31712, 88636, 92583]"
116724,"[46287, 57784, 61785, 23866, 25371, 71051, 74390, 29580, 82950, 37793]"
116725,"[60428, 33885, 61463, 67464, 591, 46056, 44841, 48147, 33364, 91619]"
116726,"[53242, 81729, 81418, 38666, 98598, 2368, 70218, 75222, 6785, 21168]"
116727,"[16292, 13938, 92912, 86717, 49058, 98543, 50522, 88965, 51584, 23832]"
116728,"[81231, 41591, 71827, 8492, 43939, 11246, 95086, 58217, 8853, 19426]"
116729,"[92005, 63381, 52427, 37016, 102644, 98956, 70828, 80831, 95265, 46854]"
116730,"[9547, 12625, 15026, 16581, 70412, 22079, 88721, 83045, 29771, 52958]"
116731,"[7074, 4068, 103147, 44171, 100296, 61036, 84065, 102650, 77347, 1658]"
116732,"[45990, 109233, 3492, 18686, 98814, 90521, 10714, 20484, 102073, 97906]"
116733,"[89596, 23221, 10927, 21117, 20822, 57646, 17767, 8488, 2981, 81715]"
116734,"[68996, 5858, 63419, 48613, 84874, 19456, 108986, 100735, 53212, 7857]"
116735,"[14072, 98168, 103571, 83583, 35409, 91388, 88133, 16664, 12614, 77903]"
116736,"[38541, 41744, 91544, 71094, 19475, 10208, 57513, 68000, 31185, 81463]"
116737,"[4189, 76166, 61799, 99141, 53723, 1702, 63955, 62388, 10448, 51351]"
116738,"[66017, 86232, 20815, 5739, 70565, 12019, 84670, 28636, 92653, 85394]"
116739,"[36871, 90698, 76888, 80085, 42683, 93619, 87533, 16532, 60851, 14993]"
116740,"[85047, 64507, 10478, 66255, 11987, 73455, 42279, 68940, 52443, 69344]"
116741,"[3480, 94444, 62167, 63028, 90777, 6566, 85176, 21602, 17287, 92643]"
116742,"[47269, 99037, 28524, 101796, 53591, 12845, 79671, 106874, 28450, 68714]"
116743,"[22794, 102388, 28749, 69051, 99091, 65173, 12371, 76974, 100799, 79866]"
116744,"[44629, 61208, 15490, 37963, 87151, 83111, 50610, 73055, 101303, 16312]"
116745,"[48044, 88751, 73622, 72995, 19340, 42884, 79220, 1322, 95447, 22232]"
116746,"[108151, 9234, 56108, 45614, 48372, 1303, 17932, 65817, 87716, 5939]"
116747,"[89066, 13097, 35843, 45342, 16615, 25927, 10341, 7263, 13745, 95144]"
116748,"[90555, 83423, 53857, 4552, 2684, 53871, 55074, 68999, 59355, 13749]"
116749,"[24202, 80909, 74632, 37365, 8400, 100621, 26415, 42931, 84549, 67989]"
116750,"[36908, 34196, 10821, 69013, 57266, 103976, 97512, 18122, 45032, 66773]"
116751,"[2734, 24832, 4288, 47673, 49162, 48106, 104963, 96090, 64482, 62623]"
116752,"[81297, 52733, 37424, 85722, 31413, 39782, 98528, 17462, 88658, 103869]"
116753,"[84143, 89567, 42949, 86373, 39330, 74227, 20052, 43514, 48742, 108196]"
116754,"[20556, 74310, 44817, 32549, 59877, 79412, 3013, 58871, 63756, 48087]"
116755,"[15165, 61899, 35654, 107466, 35711, 22983, 33050, 35569, 4721, 78184]"
116756,"[14424, 60957, 103211, 39979, 2781, 38491, 23047, 73858, 106987, 8702]"
116757,"[62508, 8086, 29681, 37713, 79433, 93438, 45294, 19444, 30842, 94257]"
116758,"[21951, 21739, 5177, 58385, 74444, 69043, 62893, 47988, 12688, 55114]"
116759,"[98195, 59592, 87409, 84349, 88901, 30691, 27669, 81292, 94553, 41953]"
116760,"[63303, 13346, 53150, 96297, 34447, 100916, 10578, 86477, 39774, 84736]"
116761,"[68247, 38655, 51128, 92837, 9460, 1003, 15766, 38004, 43514, 48742]"
116762,"[27516, 54855, 109726, 85428, 45908, 41153, 104723, 21272, 15597, 85875]"
116763,"[67907, 40709, 80602, 101501, 45795, 71842, 99356, 102880, 39860, 47479]"
116764,"[62262, 73751, 103679, 58881, 9937, 19084, 58270, 60039, 68291, 35773]"
116765,"[64008, 23988, 46299, 70452, 76852, 79890, 59719, 61268, 46355, 25057]"
116766,"[6298, 94290, 30123, 35418, 83245, 9445, 8226, 65721, 31256, 45255]"
116767,"[9722, 67297, 101821, 99423, 61996, 60468, 12765, 79341, 105202, 49413]"
116768,"[26961, 35560, 9677, 47251, 95994, 50427, 51666, 73327, 19716, 25549]"
116769,"[88683, 45355, 50259, 95212, 107370, 15933, 106397, 38807, 9196, 46731]"
116770,"[82054, 70615, 55202, 92925, 60176, 50521, 98418, 36649, 57159, 12824]"
116771,"[50643, 38902, 81888, 58433, 6249, 79097, 20, 63944, 26513, 87188]"
116772,"[18945, 105229, 86538, 48707, 17353, 107917, 23839, 28209, 31737, 83123]"
116773,"[89362, 31941, 40902, 47403, 12755, 26914, 32915, 62391, 83331, 32305]"
116774,"[88188, 47750, 27982, 108310, 24386, 99654, 51712, 27408, 21926, 50932]"
116775,"[104870, 6352, 26352, 10876, 2392, 55686, 86845, 98051, 66083, 7747]"
116776,"[17797, 1738, 12965, 41111, 53945, 17262, 21677, 80103, 10853, 9462]"
116777,"[107379, 89154, 69414, 57798, 102200, 2161, 72027, 106963, 10428, 101219]"
116778,"[104084, 98282, 21028, 108005, 54816, 5281, 42060, 12430, 104019, 57837]"
116779,"[68470, 49218, 14867, 13363, 105046, 28168, 16152, 87280, 78201, 66147]"
116780,"[62403, 53818, 71256, 61866, 109398, 91638, 95890, 96874, 41875, 54546]"
116781,"[50964, 103490, 60769, 49546, 103262, 33120, 52817, 64908, 9915, 80163]"
116782,"[26257, 61996, 44039, 105202, 106537, 99423, 82826, 56304, 90803, 60468]"
116783,"[107371, 95412, 37463, 473, 23846, 74985, 43708, 18296, 81062, 2907]"
116784,"[96124, 52342, 59427, 1994, 4195, 44100, 25310, 29555, 11818, 24704]"
116785,"[75763, 68519, 70825, 73375, 79029, 103403, 48128, 7203, 45744, 31611]"
116786,"[43325, 95936, 46891, 13619, 39542, 103886, 85829, 15025, 90776, 3991]"
116787,"[84020, 24416, 34204, 78071, 93156, 83140, 38081, 31604, 35147, 52403]"
116788,"[100905, 47404, 98808, 38940, 48119, 575, 63256, 53801, 2675, 15189]"
116789,"[45480, 108198, 56687, 54639, 71590, 28986, 52815, 86533, 4517, 65275]"
116790,"[89356, 104292, 47105, 61006, 2232, 102352, 85207, 11197, 99610, 21856]"
116791,"[59102, 33600, 105127, 54178, 99369, 105380, 37882, 3939, 64573, 31771]"
116792,"[83160, 18524, 9020, 44961, 913, 99464, 23522, 16741, 79020, 68488]"
116793,"[76788, 45437, 19739, 108073, 16161, 22621, 63644, 5712, 6933, 30008]"
116794,"[12736, 51560, 37413, 80630, 26630, 9999, 63354, 38371, 63338, 61500]"
116795,"[58576, 105834, 53035, 60905, 49957, 38630, 52331, 25480, 88076, 41678]"
116796,"[16498, 37786, 87900, 35100, 109372, 52381, 3953, 38860, 59857, 6753]"
116797,"[8180, 52842, 5376, 34495, 108288, 22854, 42151, 105987, 106393, 39021]"
116798,"[67896, 63959, 68962, 36415, 91954, 73332, 7542, 81914, 81203, 11223]"
116799,"[57153, 68193, 88244, 34605, 11273, 72064, 176, 14793, 51759, 25818]"
116800,"[13590, 84243, 6795, 30667, 4875, 36591, 22637, 52677, 75219, 70207]"
116801,"[56295, 66821, 38829, 76934, 31007, 30600, 27985, 41940, 8119, 87052]"
116802,"[91633, 89769, 19549, 99823, 79459, 7170, 90263, 99732, 81316, 50136]"
116803,"[60152, 4394, 26794, 104157, 93148, 31072, 6935, 114, 105817, 61955]"
116804,"[42446, 65557, 62971, 59921, 49488, 27280, 107049, 53069, 83053, 38028]"
116805,"[109589, 27020, 94811, 24288, 18736, 66295, 41166, 6783, 70194, 816]"
116806,"[1330, 41366, 29338, 52474, 24786, 54341, 22320, 58891, 15843, 36449]"
116807,"[44417, 91552, 104010, 59602, 85843, 89741, 89213, 13915, 40554, 34240]"
116808,"[44285, 50795, 1393, 48533, 103015, 96216, 53284, 41532, 84825, 102569]"
116809,"[95632, 107624, 96518, 57869, 24170, 97174, 55001, 70092, 108473, 30310]"
116810,"[40957, 78136, 54419, 79563, 55978, 20761, 90824, 91150, 4934, 92258]"
116811,"[25178, 2851, 74377, 101802, 88112, 32705, 68951, 14620, 102705, 68846]"
116812,"[83751, 8619, 8355, 5617, 68723, 89241, 54320, 13541, 47998, 71056]"
116813,"[100941, 11148, 58504, 105108, 105190, 83551, 3247, 21799, 75516, 36128]"
116814,"[32509, 108903, 108002, 81081, 50190, 56139, 18096, 43955, 21607, 99987]"
116815,"[2326, 67259, 51329, 5768, 49222, 60937, 106398, 79168, 70725, 29344]"
116816,"[108880, 95437, 23457, 47418, 94746, 2480, 73377, 56493, 79491, 48358]"
116817,"[26779, 5087, 56829, 59555, 59410, 13526, 21984, 20595, 59268, 55689]"
116818,"[24763, 55535, 28234, 29906, 73144, 97327, 54302, 67888, 96674, 35439]"
116819,"[89210, 37321, 93980, 22510, 68669, 5572, 53363, 41431, 71082, 29844]"
116820,"[8631, 59845, 14118, 80169, 95292, 87281, 10800, 89228, 57072, 78326]"
116821,"[61723, 100765, 74389, 64877, 87045, 7593, 12645, 56586, 80391, 91315]"
116822,"[96673, 77761, 11969, 27768, 56380, 61158, 97058, 81403, 86272, 15406]"
116823,"[78605, 63243, 86655, 93457, 106649, 46249, 27358, 12103, 80534, 38674]"
116824,"[35190, 5170, 89621, 70448, 76002, 66298, 29289, 104868, 35543, 52138]"
116825,"[104255, 28116, 22791, 98460, 100237, 13693, 17444, 43864, 103019, 3605]"
116826,"[9201, 21149, 40764, 85619, 45786, 39661, 70985, 96832, 107563, 42873]"
116827,"[39495, 69886, 20692, 13051, 43860, 72472, 20341, 7968, 71122, 46106]"
116828,"[18622, 76228, 103314, 12790, 5474, 84157, 91100, 88617, 54711, 16568]"
116829,"[86490, 5036, 13732, 76574, 59571, 108371, 107488, 23698, 44609, 33243]"
116830,"[100671, 32639, 61366, 21977, 83418, 40013, 79255, 46772, 38590, 54874]"
116831,"[33811, 12991, 61503, 2039, 1664, 30538, 88282, 93932, 15006, 51914]"
116832,"[7435, 109234, 28981, 73468, 91099, 25123, 96085, 71470, 53172, 10003]"
116833,"[72613, 74226, 11830, 42729, 30749, 24271, 44334, 85170, 104299, 107901]"
116834,"[86909, 523, 5499, 29922, 19917, 69256, 83799, 58275, 34364, 66712]"
116835,"[61760, 40217, 96995, 90407, 86075, 68796, 61126, 89103, 51477, 38175]"
116836,"[26625, 75503, 32121, 50597, 3705, 96076, 66683, 103773, 6209, 93934]"
116837,"[107711, 22993, 421, 59257, 31906, 7865, 103244, 4091, 94066, 5428]"
116838,"[9224, 108173, 11212, 36930, 6676, 10172, 53919, 34332, 31295, 98902]"
116839,"[67027, 69487, 100091, 100154, 89138, 29469, 93506, 86889, 75544, 28036]"
116840,"[102777, 99898, 85874, 65290, 108509, 56557, 71162, 36035, 56779, 65222]"
116841,"[66848, 108355, 96871, 29117, 29334, 14865, 10414, 3559, 26047, 40609]"
116842,"[1049, 51002, 19570, 54660, 83938, 49651, 105988, 23270, 97498, 99804]"
116843,"[43354, 36742, 21264, 50214, 104864, 34990, 105989, 23945, 19515, 30217]"
116844,"[78652, 77621, 82904, 105831, 106729, 99111, 39053, 40289, 76666, 10521]"
116845,"[59902, 36568, 39661, 9201, 52872, 46452, 33704, 13805, 11877, 24866]"
116846,"[47738, 79367, 34190, 38238, 5618, 59880, 61745, 41654, 12929, 59927]"
116847,"[102029, 109245, 17467, 19286, 40302, 95715, 52061, 80693, 59202, 7090]"
116848,"[87867, 109727, 86618, 8527, 97263, 56879, 27708, 52150, 81439, 41683]"
116849,"[13734, 43984, 15011, 31825, 83472, 64760, 8438, 79395, 54873, 9259]"
116850,"[5750, 66176, 2411, 2826, 66561, 58684, 93566, 55404, 103216, 62754]"
116851,"[87572, 34718, 102526, 42199, 2331, 48631, 49679, 19521, 46407, 41641]"
116852,"[104540, 63277, 10592, 91834, 76945, 13702, 22291, 25231, 2650, 55469]"
116853,"[6928, 59272, 104665, 12672, 85911, 90147, 95433, 78956, 969, 29366]"
116854,"[66470, 44132, 22031, 7752, 36582, 31662, 3126, 30785, 27410, 3510]"
116855,"[79167, 44230, 36201, 66711, 35029, 86627, 76406, 109686, 4428, 11985]"
116856,"[65365, 85541, 94866, 3860, 5943, 20005, 93323, 30436, 102380, 107275]"
116857,"[100142, 95444, 45561, 24650, 35455, 69690, 64978, 81978, 1469, 1375]"
116858,"[27634, 94735, 76048, 49433, 69779, 52387, 103589, 3994, 20496, 41145]"
116859,"[85286, 27398, 58474, 8823, 21039, 107830, 73605, 96541, 1931, 95975]"
116860,"[91400, 56182, 12880, 88272, 44501, 40045, 22822, 54993, 14459, 42678]"
116861,"[95238, 68857, 53447, 7096, 10092, 75319, 6809, 41870, 92030, 50713]"
116862,"[42029, 80255, 2559, 69407, 93091, 6383, 2018, 40596, 105126, 72395]"
116863,"[63657, 63180, 56308, 104144, 15014, 71161, 66573, 15797, 6734, 45341]"
116864,"[74632, 85072, 101425, 16057, 80909, 28573, 26415, 96768, 45901, 62475]"
116865,"[106963, 67946, 94363, 69414, 107379, 15525, 47524, 15576, 9846, 7370]"
116866,"[18464, 85252, 49266, 103490, 2754, 10897, 70979, 6279, 107883, 89486]"
116867,"[80959, 12801, 102541, 20289, 17027, 74232, 99367, 22591, 90198, 101605]"
116868,"[104980, 35643, 45735, 93739, 108407, 26631, 64522, 17251, 39682, 98309]"
116869,"[64440, 23842, 103161, 22468, 42141, 108769, 103613, 99647, 46996, 101490]"
116870,"[52006, 100604, 69207, 105768, 58904, 17116, 56068, 45698, 25830, 33473]"
116871,"[51150, 35239, 76202, 32767, 56157, 83538, 41953, 45893, 5191, 94185]"
116872,"[44248, 51129, 18575, 37980, 54980, 63992, 64734, 53734, 87951, 20000]"
116873,"[70308, 106462, 51820, 10622, 59242, 62090, 42498, 49694, 32804, 1260]"
116874,"[63209, 33406, 20295, 85655, 41621, 10028, 85010, 10055, 45081, 18366]"
116875,"[103927, 84936, 56281, 46594, 54850, 101310, 26789, 78095, 43147, 37421]"
116876,"[21133, 3561, 49417, 3935, 9790, 5538, 22032, 11182, 28672, 12486]"
116877,"[4332, 22901, 28354, 35784, 92220, 31462, 43976, 36015, 53914, 41739]"
116878,"[12338, 4042, 105283, 17868, 1376, 66182, 82039, 84780, 14288, 102108]"
116879,"[47885, 27300, 51502, 70982, 83494, 81337, 100512, 5406, 92205, 26100]"
116880,"[44352, 36938, 109717, 17698, 6495, 67479, 109032, 66280, 9047, 80153]"
116881,"[12341, 57734, 7939, 104239, 49011, 75906, 116, 17293, 88942, 108451]"
116882,"[65105, 87636, 47752, 103926, 61649, 1310, 71573, 32419, 108687, 14932]"
116883,"[44170, 46866, 53166, 20103, 42940, 82106, 72263, 42050, 75636, 8056]"
116884,"[98464, 67486, 98094, 100502, 69417, 66719, 83386, 80094, 6407, 25776]"
116885,"[24188, 6642, 55923, 90163, 108272, 36456, 107692, 60033, 84219, 36045]"
116886,"[62984, 102455, 15080, 98941, 98193, 63873, 56933, 50475, 21057, 59978]"
116887,"[74080, 49273, 83668, 7840, 48894, 22821, 11891, 68278, 33589, 27190]"
116888,"[6955, 92462, 17979, 108312, 60154, 8442, 31176, 38408, 626, 105628]"
116889,"[7068, 2175, 78096, 54119, 100645, 452, 89539, 75140, 64257, 7363]"
116890,"[90473, 9364, 2980, 33718, 87439, 92364, 96325, 58532, 14315, 84413]"
116891,"[70987, 96765, 83836, 36813, 94470, 93328, 61984, 4243, 108260, 1696]"
116892,"[98641, 81621, 15560, 68425, 92242, 50981, 52799, 96581, 48046, 33730]"
116893,"[47638, 102953, 16942, 21639, 69937, 105511, 70061, 41269, 37805, 83622]"
116894,"[107325, 106011, 45889, 36710, 76710, 92738, 86168, 74697, 75909, 3657]"
116895,"[66489, 9944, 33618, 81695, 44931, 61428, 73020, 28382, 102311, 55879]"
116896,"[78480, 78740, 10232, 13841, 59035, 105557, 4469, 95619, 92141, 59643]"
116897,"[27457, 91586, 76211, 11115, 45402, 96148, 53451, 69790, 61242, 14106]"
116898,"[25083, 56642, 42098, 48898, 22960, 18065, 39485, 32672, 91141, 27557]"
116899,"[96487, 29027, 83672, 84807, 9567, 19933, 103431, 34362, 74195, 36721]"
116900,"[104829, 77989, 105690, 82784, 19200, 33671, 79117, 81686, 12182, 16479]"
116901,"[60924, 98685, 89068, 100808, 30766, 2711, 11453, 77091, 82400, 57830]"
116902,"[94080, 31525, 14296, 33964, 15834, 93259, 98258, 7854, 108780, 56397]"
116903,"[90744, 71301, 41882, 66843, 8951, 37247, 29355, 71724, 70329, 22312]"
116904,"[84234, 8395, 43489, 6574, 49339, 25448, 27520, 65723, 95306, 15472]"
116905,"[82151, 48438, 47402, 51808, 108366, 48646, 54034, 56721, 80095, 66803]"
116906,"[82549, 73999, 62304, 16544, 3550, 36751, 95587, 36342, 21680, 104436]"
116907,"[59216, 75062, 46423, 91283, 65946, 60783, 27143, 23864, 96245, 80805]"
116908,"[108391, 61981, 26285, 53541, 43760, 104831, 75598, 19389, 47087, 102713]"
116909,"[33331, 39813, 65136, 47502, 41714, 92013, 4904, 68469, 100398, 35794]"
116910,"[107643, 48535, 56583, 18157, 11100, 31670, 67169, 57579, 41007, 41556]"
116911,"[88725, 52910, 84480, 73721, 11551, 69920, 8535, 84655, 57108, 95094]"
116912,"[8305, 88059, 75552, 91071, 55369, 46418, 57402, 74047, 69096, 83126]"
116913,"[17983, 82397, 44069, 94907, 81082, 60006, 81152, 103382, 67102, 102936]"
116914,"[15297, 18625, 82652, 57990, 80268, 104758, 46619, 93566, 30749, 40518]"
116915,"[52051, 15738, 15975, 82183, 16206, 90385, 21989, 103452, 20175, 26435]"
116916,"[49344, 74217, 72986, 19286, 106603, 80693, 90973, 104150, 109245, 38881]"
116917,"[23163, 58883, 37212, 24930, 30386, 63003, 87183, 73786, 23118, 50819]"
116918,"[76080, 101165, 5664, 70010, 25481, 78193, 30654, 101705, 83592, 72714]"
116919,"[67282, 30861, 28057, 18404, 86681, 87346, 46300, 40371, 49191, 3233]"
116920,"[3776, 96794, 52196, 52372, 53946, 84314, 47352, 7982, 28832, 7040]"
116921,"[24787, 73086, 69776, 80559, 97932, 82012, 65543, 86723, 20556, 69490]"
116922,"[45786, 68702, 21149, 21878, 35022, 82059, 319, 107189, 45416, 75016]"
116923,"[15985, 47136, 54162, 84629, 22208, 103143, 28047, 38791, 33952, 7793]"
116924,"[48114, 23700, 58303, 47813, 19883, 25110, 16720, 36714, 55426, 68761]"
116925,"[33380, 21243, 3827, 43814, 40483, 41546, 32824, 94540, 87703, 51276]"
116926,"[104411, 13457, 106243, 55525, 8031, 80734, 4572, 2918, 46509, 66484]"
116927,"[79099, 23389, 83645, 106347, 36559, 64778, 98562, 44581, 105662, 1056]"
116928,"[2376, 79828, 9221, 24864, 54807, 66455, 68005, 100734, 40258, 86683]"
116929,"[18748, 28677, 31363, 94675, 21115, 10419, 57362, 8545, 108863, 82973]"
116930,"[30751, 92761, 90623, 49302, 11731, 2441, 29103, 70755, 21627, 82253]"
116931,"[34931, 76333, 76056, 90981, 88977, 44727, 45853, 76287, 66486, 33622]"
116932,"[52755, 85494, 83935, 102885, 36805, 38102, 90971, 442, 17463, 40601]"
116933,"[24265, 66612, 71165, 106438, 70302, 93852, 10896, 73602, 108918, 55959]"
116934,"[74494, 30379, 75158, 74837, 54688, 59293, 54216, 73210, 92970, 104564]"
116935,"[21469, 79202, 63547, 84949, 62140, 85077, 98972, 69719, 40082, 92667]"
116936,"[10546, 86292, 72540, 14046, 45170, 28221, 55588, 66965, 37863, 12816]"
116937,"[83279, 22373, 96244, 61314, 24520, 44041, 34168, 66998, 19504, 59787]"
116938,"[53442, 37436, 95918, 2942, 43579, 15411, 24299, 105566, 40983, 30923]"
116939,"[40355, 71237, 71726, 86561, 65715, 78686, 20812, 68359, 74243, 3052]"
116940,"[8324, 1752, 23305, 76833, 85184, 54224, 5888, 60861, 92978, 109523]"
116941,"[30379, 97935, 64639, 100128, 24362, 98233, 81810, 88812, 42820, 105981]"
116942,"[35472, 68953, 102734, 70262, 22023, 91536, 101808, 64257, 98662, 20578]"
116943,"[36856, 5293, 54826, 10765, 65356, 59585, 58441, 75034, 91972, 25231]"
116944,"[103815, 97797, 32616, 18319, 96340, 37835, 71700, 85604, 102931, 90249]"
116945,"[14688, 67824, 53975, 96468, 21129, 70902, 104755, 60295, 81232, 28753]"
116946,"[31930, 76783, 105501, 62309, 85297, 94846, 31220, 13625, 64048, 49527]"
116947,"[5447, 90354, 92835, 84048, 31318, 1121, 75024, 87576, 67407, 2297]"
116948,"[7213, 104601, 91454, 15922, 81640, 61304, 16651, 61300, 11719, 47312]"
116949,"[1708, 3777, 95091, 32530, 24171, 106950, 38876, 4657, 40621, 21933]"
116950,"[53569, 47621, 404, 55383, 77263, 58458, 109694, 38140, 79705, 39678]"
116951,"[47550, 102110, 13376, 79904, 18282, 83270, 21123, 106672, 59196, 30111]"
116952,"[14235, 7206, 106927, 52158, 68163, 58192, 30977, 87964, 49090, 35717]"
116953,"[103967, 56877, 90176, 84662, 94312, 57406, 11253, 40223, 38460, 19011]"
116954,"[97097, 20566, 81917, 47135, 77031, 79060, 100717, 100238, 58374, 63797]"
116955,"[82870, 94471, 71084, 80922, 49171, 53099, 27217, 56331, 94739, 832]"
116956,"[29781, 100834, 52521, 6382, 89072, 34645, 54992, 69690, 43207, 30748]"
116957,"[84700, 24770, 38532, 71295, 91736, 81262, 49736, 20667, 91677, 88759]"
116958,"[66654, 83089, 11707, 46983, 107948, 106452, 68100, 58483, 14291, 67138]"
116959,"[1448, 37116, 87493, 96046, 14123, 10605, 93449, 48163, 46185, 19120]"
116960,"[29378, 49580, 90692, 9911, 78082, 55415, 74093, 90589, 67919, 89864]"
116961,"[73233, 6581, 53728, 24108, 21224, 30144, 1476, 67132, 108689, 28052]"
116962,"[36973, 95568, 17956, 82030, 19527, 41209, 80778, 82098, 108380, 49690]"
116963,"[38424, 87682, 54409, 66880, 56750, 91152, 43214, 72127, 96781, 95439]"
116964,"[47084, 47584, 22622, 37168, 75912, 28323, 19533, 86784, 57489, 34173]"
116965,"[69352, 98560, 37263, 34581, 52344, 64753, 64573, 102146, 68764, 69003]"
116966,"[54717, 91771, 70755, 60135, 30671, 45049, 66298, 71095, 17165, 21627]"
116967,"[48081, 52122, 63657, 29871, 15014, 12314, 35560, 107528, 19716, 104490]"
116968,"[88116, 13849, 74943, 32245, 46025, 63647, 91550, 6463, 47395, 57912]"
116969,"[79657, 56765, 31477, 33504, 9258, 76877, 43663, 80166, 56818, 62324]"
116970,"[83352, 9199, 36328, 87584, 60935, 5579, 84226, 99858, 84536, 59686]"
116971,"[41312, 39146, 57009, 40703, 36352, 16861, 61831, 94354, 37971, 28031]"
116972,"[63359, 2695, 46611, 100369, 31595, 77349, 11629, 48750, 83141, 19359]"
116973,"[93158, 100666, 89970, 17475, 72090, 87065, 68541, 5184, 50718, 88882]"
116974,"[87219, 97020, 30107, 61161, 16695, 94665, 42975, 2367, 82323, 90526]"
116975,"[104822, 23916, 106223, 106756, 73627, 56588, 10394, 54951, 63741, 90097]"
116976,"[104199, 54157, 37082, 71981, 99118, 7313, 84097, 38101, 21953, 74149]"
116977,"[21358, 1353, 85733, 63141, 28963, 46093, 23653, 79136, 35007, 57491]"
116978,"[49972, 72370, 85836, 18062, 4873, 17565, 78993, 73451, 51585, 882]"
116979,"[75987, 23975, 48429, 36894, 86513, 87899, 108659, 14827, 60782, 39461]"
116980,"[82191, 10134, 71260, 22241, 12988, 56668, 55823, 5800, 67403, 87037]"
116981,"[13112, 2765, 80130, 97554, 64320, 68302, 106802, 108945, 63404, 16826]"
116982,"[66769, 46734, 29702, 77378, 77279, 58805, 19050, 44464, 7176, 96912]"
116983,"[98134, 50155, 18223, 178, 27358, 74929, 82686, 40763, 47644, 59103]"
116984,"[87112, 53276, 25300, 58365, 102452, 30898, 33970, 81442, 35952, 43992]"
116985,"[58422, 69041, 51344, 101899, 60257, 35623, 25063, 85644, 6521, 74866]"
116986,"[22476, 87824, 41046, 34039, 37414, 5995, 87980, 28714, 67210, 105733]"
116987,"[73312, 12050, 22549, 85940, 26466, 65666, 7485, 108542, 59109, 34527]"
116988,"[20810, 67662, 37129, 22145, 93292, 42887, 106274, 21870, 28608, 27239]"
116989,"[55719, 74197, 39206, 48232, 51340, 81237, 16570, 63835, 67471, 90868]"
116990,"[97764, 106163, 56027, 56680, 96914, 108480, 4168, 83380, 64441, 63790]"
116991,"[97892, 67278, 43189, 78494, 51057, 72135, 85332, 92641, 42365, 203]"
116992,"[62291, 284, 27356, 96268, 87499, 60050, 30196, 103254, 80137, 96735]"
116993,"[70399, 8201, 109380, 28272, 96789, 67707, 26787, 59870, 94723, 11191]"
116994,"[45212, 106575, 53100, 13542, 78704, 16712, 85769, 7490, 2152, 61527]"
116995,"[24442, 2788, 48020, 109041, 47318, 46967, 84920, 42061, 5865, 103979]"
116996,"[42607, 94862, 108402, 21387, 2235, 12766, 59648, 82547, 104493, 12251]"
116997,"[62372, 1420, 95063, 79434, 97529, 1077, 62785, 30812, 31991, 32640]"
116998,"[18676, 78524, 65944, 103279, 106073, 55687, 42315, 81966, 25726, 97926]"
116999,"[28772, 90829, 69294, 37272, 40478, 10958, 82991, 30374, 88311, 94531]"
117000,"[55724, 5740, 49613, 10323, 61224, 101125, 46408, 8034, 17130, 32577]"
117001,"[68202, 106544, 18414, 8724, 37743, 8094, 89936, 19973, 54387, 29665]"
117002,"[54376, 57547, 88585, 2318, 9581, 87812, 101445, 2918, 7075, 38773]"
117003,"[58165, 24733, 58507, 18692, 40440, 101143, 52979, 87569, 58099, 38279]"
117004,"[8776, 74243, 76772, 92720, 82665, 19171, 108225, 6024, 66658, 83135]"
117005,"[34600, 61983, 89584, 2091, 2159, 88676, 41866, 97348, 101876, 84374]"
117006,"[54341, 33294, 77837, 36449, 22320, 29338, 94695, 41366, 78036, 40428]"
117007,"[10196, 46816, 105547, 56379, 14395, 75309, 8983, 72147, 52318, 30502]"
117008,"[10856, 102927, 67058, 43846, 94060, 69591, 42989, 73147, 85333, 36226]"
117009,"[7981, 41768, 36506, 54581, 64414, 31191, 89551, 21400, 74185, 46549]"
117010,"[51305, 65901, 78475, 44078, 85653, 103796, 51353, 43770, 109597, 94399]"
117011,"[29168, 9537, 6794, 59397, 101539, 77072, 82152, 5590, 94029, 41196]"
117012,"[32241, 73058, 72093, 68331, 44260, 62815, 83344, 76588, 103553, 81843]"
117013,"[5783, 55248, 47711, 73342, 63788, 11970, 28079, 70569, 29943, 69359]"
117014,"[30528, 43269, 5856, 81467, 87364, 57224, 28513, 45540, 99792, 81937]"
117015,"[2539, 78944, 71208, 2958, 60243, 87655, 36727, 31532, 18170, 95821]"
117016,"[101456, 75874, 78842, 106970, 21954, 108059, 38052, 12747, 34172, 41392]"
117017,"[92230, 16632, 58689, 58307, 89452, 108635, 20811, 46006, 42855, 6206]"
117018,"[37420, 34618, 70525, 18549, 47410, 55523, 42576, 96831, 99056, 4039]"
117019,"[71410, 51497, 41459, 80569, 69720, 77662, 19848, 20563, 69296, 17698]"
117020,"[77301, 43376, 57936, 46828, 33663, 14322, 96702, 36620, 87430, 64070]"
117021,"[52893, 58756, 50294, 69691, 20173, 61101, 82226, 44941, 69224, 18945]"
117022,"[47748, 98216, 58524, 105545, 53812, 15691, 106480, 38602, 56284, 33132]"
117023,"[86431, 61441, 9199, 5579, 77328, 84536, 36328, 12807, 16175, 52878]"
117024,"[38080, 67222, 76756, 9918, 87168, 103728, 46506, 96587, 88664, 2526]"
117025,"[107687, 25790, 69233, 72942, 58743, 3249, 45332, 106017, 19693, 94591]"
117026,"[44932, 50663, 82226, 61101, 79448, 51520, 49893, 7733, 24433, 23061]"
117027,"[46732, 69845, 21354, 80927, 2001, 109454, 85666, 29966, 55988, 52814]"
117028,"[75132, 94971, 82731, 97578, 42212, 64189, 33186, 9304, 81102, 11597]"
117029,"[77006, 13662, 37505, 92006, 47556, 92812, 9820, 26199, 87648, 107913]"
117030,"[83147, 29390, 75655, 15532, 33090, 66399, 42689, 30326, 36178, 30493]"
117031,"[84581, 107579, 95531, 103987, 92393, 45366, 95395, 78852, 59809, 73691]"
117032,"[52364, 72100, 73655, 60043, 109425, 34550, 26771, 37713, 53873, 87397]"
117033,"[107917, 33588, 47090, 58745, 109346, 6784, 77553, 28209, 83123, 21526]"
117034,"[9814, 29912, 89500, 15547, 85791, 22050, 286, 38845, 23370, 55940]"
117035,"[9933, 5941, 99292, 68456, 39920, 28290, 101787, 78911, 19608, 22801]"
117036,"[13059, 57026, 48983, 19988, 39663, 61053, 87591, 97985, 84379, 38436]"
117037,"[44461, 87097, 54569, 31121, 4887, 42604, 48971, 6219, 3934, 27624]"
117038,"[22451, 68898, 10214, 20365, 102627, 75174, 15358, 71062, 54000, 66568]"
117039,"[19848, 17698, 21679, 11018, 57575, 30395, 6178, 84919, 80153, 5313]"
117040,"[43374, 24631, 40553, 27845, 14601, 86226, 43784, 22978, 85195, 44155]"
117041,"[52016, 27069, 34295, 84112, 62067, 77401, 27384, 37679, 11389, 96829]"
117042,"[42600, 96747, 38179, 81816, 48562, 51461, 28563, 70027, 81327, 36818]"
117043,"[30599, 57570, 34422, 50833, 10423, 82037, 16745, 2671, 103333, 78470]"
117044,"[74802, 49843, 16265, 3506, 103455, 74848, 15168, 48715, 19250, 71340]"
117045,"[5538, 9790, 81189, 22032, 3561, 21133, 12486, 17163, 18194, 68644]"
117046,"[42852, 5962, 15691, 55494, 107665, 102236, 109487, 100071, 32499, 5956]"
117047,"[1995, 37468, 70018, 56319, 32403, 14557, 31058, 99448, 100334, 12450]"
117048,"[45878, 8175, 55939, 27977, 85743, 58834, 25578, 36972, 30422, 57243]"
117049,"[66944, 43146, 41970, 107538, 43388, 76841, 71262, 22430, 59891, 71496]"
117050,"[85501, 80146, 52019, 102559, 61351, 45093, 6119, 49283, 24744, 2447]"
117051,"[14856, 71179, 16658, 88008, 68535, 54380, 12284, 61699, 54258, 92402]"
117052,"[83643, 39939, 71291, 77947, 92519, 3220, 85951, 18575, 45775, 67251]"
117053,"[169, 91151, 47228, 85337, 109267, 39819, 31937, 11297, 49896, 56172]"
117054,"[92088, 88653, 17161, 109668, 53971, 79746, 50058, 75645, 95670, 28101]"
117055,"[51459, 54406, 33755, 40869, 40191, 35629, 40967, 28150, 61290, 3381]"
117056,"[3697, 18034, 14220, 93717, 75305, 74656, 7187, 4718, 15885, 50211]"
117057,"[104454, 69175, 50941, 101625, 75044, 71577, 74336, 67675, 54950, 51183]"
117058,"[80173, 65191, 92019, 35508, 30042, 87290, 45105, 45454, 13914, 29834]"
117059,"[40700, 18032, 64389, 87863, 102614, 99896, 74313, 77200, 66442, 75051]"
117060,"[61909, 52754, 83844, 87411, 59932, 40970, 28293, 36216, 97082, 86125]"
117061,"[8059, 101316, 49361, 55622, 27240, 80701, 78375, 21604, 101521, 6867]"
117062,"[37241, 105068, 44589, 59147, 75186, 31672, 82190, 26906, 106331, 75726]"
117063,"[83993, 108563, 26627, 24372, 8402, 5572, 31177, 3318, 65235, 39793]"
117064,"[27370, 107762, 63367, 37974, 35149, 27278, 38558, 37583, 85608, 75434]"
117065,"[11451, 96404, 92202, 56925, 2008, 11291, 91490, 105694, 12882, 100179]"
117066,"[62989, 10398, 9429, 107406, 32349, 95920, 37103, 2476, 11406, 104809]"
117067,"[109703, 106885, 7692, 10959, 9256, 17694, 6418, 94284, 72553, 221]"
117068,"[66231, 70201, 75850, 16976, 105499, 49935, 31865, 44562, 77428, 16887]"
117069,"[60096, 79356, 20870, 5302, 70177, 66269, 108352, 49048, 108643, 98935]"
117070,"[70343, 95150, 45676, 31508, 94895, 25083, 58730, 67606, 105302, 62880]"
117071,"[91350, 131, 15987, 37778, 103632, 19413, 29593, 12812, 36802, 92170]"
117072,"[56532, 50495, 76251, 85615, 33300, 31908, 78533, 10740, 89966, 14914]"
117073,"[104652, 79830, 59383, 99129, 89591, 39205, 73273, 96916, 33476, 48840]"
117074,"[95170, 64247, 59738, 59930, 25417, 108527, 88431, 84012, 32685, 75568]"
117075,"[11997, 24056, 96045, 10323, 15131, 26480, 74087, 59667, 99303, 34457]"
117076,"[44862, 81308, 23679, 28929, 68988, 98058, 21716, 107455, 22147, 34097]"
117077,"[66916, 29997, 71966, 98462, 75477, 41616, 24338, 82507, 87658, 27440]"
117078,"[55425, 55602, 2300, 59804, 23078, 71251, 25242, 75807, 42426, 20899]"
117079,"[22346, 93661, 52487, 58005, 20015, 44024, 81356, 12756, 104874, 31430]"
117080,"[21991, 37848, 103460, 101700, 107469, 102897, 11049, 94353, 87760, 66171]"
117081,"[96112, 36053, 67460, 33779, 96032, 35401, 56964, 54282, 87469, 86923]"
117082,"[58302, 38526, 64320, 109585, 17322, 97903, 90989, 37378, 15393, 96755]"
117083,"[105891, 86962, 33303, 21864, 69664, 51789, 81708, 51538, 38507, 81445]"
117084,"[64667, 35485, 88778, 66997, 56359, 31125, 16427, 14929, 82101, 45070]"
117085,"[11030, 23330, 72086, 84950, 93730, 59420, 105324, 105504, 76332, 38319]"
117086,"[28261, 91458, 99527, 8674, 25319, 46367, 19449, 40883, 79086, 21692]"
117087,"[65880, 77255, 4741, 2721, 65279, 65028, 18727, 29287, 93500, 97401]"
117088,"[64334, 50896, 15310, 3133, 48539, 16757, 67827, 36355, 66051, 38040]"
117089,"[60138, 28828, 10741, 106426, 87621, 84237, 62633, 89817, 83116, 64650]"
117090,"[41954, 15299, 89604, 61446, 91394, 78957, 67295, 65648, 22840, 359]"
117091,"[32082, 62842, 77487, 9482, 62403, 100461, 96869, 96859, 17965, 43756]"
117092,"[80346, 94722, 103023, 86111, 34075, 85785, 55301, 85575, 36737, 3392]"
117093,"[13847, 67462, 64294, 64453, 76353, 21448, 89365, 7428, 17866, 61426]"
117094,"[42808, 52012, 18250, 777, 7873, 50762, 66280, 76554, 24880, 34760]"
117095,"[13001, 67887, 89459, 49532, 58839, 7484, 55753, 80558, 27909, 95875]"
117096,"[48600, 69333, 42390, 50952, 107260, 60012, 36553, 32821, 29241, 3698]"
117097,"[69781, 94500, 109221, 66594, 64174, 69293, 52560, 91011, 1713, 86724]"
117098,"[94478, 28239, 79836, 94978, 76397, 77994, 21928, 59220, 93354, 65634]"
117099,"[30279, 87973, 90734, 59600, 61758, 83655, 79403, 67150, 40763, 30674]"
117100,"[97231, 19805, 88854, 2118, 28200, 57543, 91116, 92088, 84271, 42280]"
117101,"[34591, 56726, 90741, 62051, 22326, 93195, 13898, 19242, 72612, 5905]"
117102,"[77072, 2501, 59397, 104156, 17222, 9562, 103381, 63509, 40707, 6794]"
117103,"[45010, 46686, 28840, 7712, 89282, 30043, 61511, 97762, 57689, 6596]"
117104,"[47859, 74087, 59667, 57750, 87072, 1644, 73220, 3922, 53348, 54248]"
117105,"[67964, 2477, 19871, 79735, 1476, 79725, 33008, 86133, 82271, 5442]"
117106,"[94588, 100911, 61615, 26504, 54754, 56495, 68645, 59447, 72902, 76438]"
117107,"[38411, 9417, 7285, 30641, 75515, 66674, 2251, 103589, 58262, 105929]"
117108,"[101069, 60220, 39387, 53974, 84325, 62927, 87183, 23163, 109262, 73786]"
117109,"[12736, 75545, 33087, 81563, 63338, 109710, 98925, 60525, 108648, 48005]"
117110,"[23660, 65384, 102920, 50721, 64460, 24806, 46524, 36707, 11156, 40238]"
117111,"[92607, 22457, 84291, 74591, 102899, 52850, 24760, 109162, 32637, 108633]"
117112,"[76244, 82514, 92356, 15965, 14102, 75327, 51745, 100136, 6734, 58243]"
117113,"[55653, 74597, 50383, 86108, 78447, 25455, 425, 105002, 62611, 70498]"
117114,"[108132, 93502, 68025, 55250, 94481, 48829, 43073, 4357, 79614, 74757]"
117115,"[100939, 4486, 21021, 1336, 8715, 50601, 101295, 100070, 89901, 34111]"
117116,"[12329, 20416, 35492, 92174, 21475, 24489, 20392, 69375, 108128, 61928]"
117117,"[71314, 95884, 43573, 76867, 28933, 9893, 68815, 21577, 5874, 100781]"
117118,"[84113, 101802, 95962, 92633, 9105, 58210, 92816, 2591, 16769, 74377]"
117119,"[83115, 45849, 64750, 20991, 104095, 34967, 102460, 87545, 6257, 11226]"
117120,"[11836, 30637, 87094, 10276, 7325, 14668, 108148, 102320, 26412, 34051]"
117121,"[74392, 8908, 86977, 104990, 5459, 22824, 53073, 99128, 108721, 52718]"
117122,"[85783, 105917, 16791, 52489, 20896, 60129, 108105, 80225, 1462, 18429]"
117123,"[21292, 88356, 17411, 6817, 60186, 67145, 5422, 12653, 78388, 13701]"
117124,"[103507, 59992, 5480, 28071, 75424, 89021, 11071, 37794, 101467, 24835]"
117125,"[1369, 18047, 35894, 29151, 2845, 57347, 44745, 75145, 28645, 23444]"
117126,"[4368, 21100, 15469, 9899, 57637, 93275, 72503, 83332, 47923, 5349]"
117127,"[29711, 40976, 21561, 91095, 46082, 38386, 59860, 100106, 28755, 15551]"
117128,"[7903, 98257, 78502, 27082, 62047, 89695, 81581, 95114, 93555, 71492]"
117129,"[16021, 3074, 57133, 22624, 83961, 108539, 17328, 49865, 101564, 62962]"
117130,"[25755, 84724, 52399, 62954, 94834, 105473, 81204, 502, 1018, 88300]"
117131,"[103492, 94963, 41910, 53112, 33341, 96825, 82499, 4725, 102720, 4211]"
117132,"[49753, 86374, 41051, 99158, 59639, 85692, 18902, 65479, 18200, 83962]"
117133,"[72828, 99610, 79723, 19560, 75020, 6640, 100916, 95485, 56941, 74984]"
117134,"[88873, 48741, 50219, 109114, 10999, 46216, 46430, 68769, 55914, 2912]"
117135,"[3490, 58656, 30072, 33904, 49998, 29796, 41343, 74236, 101358, 105375]"
117136,"[64912, 76299, 25724, 20154, 17804, 22913, 4614, 30453, 23752, 32332]"
117137,"[95216, 43288, 37055, 25179, 106198, 70146, 57747, 63347, 51807, 80245]"
117138,"[95209, 13372, 19090, 99189, 69535, 87465, 103573, 107027, 67984, 87789]"
117139,"[94819, 75, 63937, 44738, 27410, 97740, 106551, 15392, 63056, 44601]"
117140,"[18372, 89637, 79200, 60119, 36099, 15904, 98088, 11773, 21045, 49631]"
117141,"[106397, 38807, 67988, 8726, 61148, 41850, 88683, 9574, 61668, 69443]"
117142,"[24653, 48318, 3532, 47298, 23391, 63778, 28898, 14683, 70109, 58600]"
117143,"[100934, 79355, 68653, 78154, 71694, 916, 95953, 95789, 1733, 35419]"
117144,"[63460, 90303, 97604, 49909, 72091, 61396, 11306, 19737, 29021, 106941]"
117145,"[38694, 101443, 57706, 81511, 80128, 35571, 82616, 41734, 21278, 31536]"
117146,"[60023, 61636, 46166, 90196, 23154, 63438, 100455, 68599, 20367, 56990]"
117147,"[64629, 58044, 82157, 55310, 84768, 5484, 109033, 6191, 41507, 83146]"
117148,"[85055, 37486, 65635, 84756, 107107, 70019, 91299, 75061, 61673, 67899]"
117149,"[48804, 15827, 48236, 63161, 7797, 30119, 33223, 16054, 71896, 88864]"
117150,"[92856, 631, 74499, 96972, 8775, 22797, 94081, 92876, 12965, 107368]"
117151,"[18058, 27198, 41657, 22535, 5203, 69099, 1370, 60772, 84052, 85947]"
117152,"[49278, 30145, 35333, 94270, 42970, 16297, 39648, 50042, 41042, 103726]"
117153,"[93426, 6147, 43072, 31132, 67466, 4534, 39360, 78843, 45798, 667]"
117154,"[86827, 85723, 44866, 58548, 55831, 8893, 27002, 34630, 35150, 77188]"
117155,"[7797, 63161, 71896, 58227, 71044, 95826, 87197, 48236, 42813, 13309]"
117156,"[66374, 6992, 26731, 53283, 59636, 95127, 77520, 61585, 29906, 28234]"
117157,"[18987, 43682, 28815, 11105, 107543, 39706, 107648, 797, 99363, 80589]"
117158,"[79535, 33868, 91558, 23739, 94516, 48048, 51947, 4755, 59656, 47462]"
117159,"[93517, 55241, 82655, 86461, 19593, 31229, 48510, 11538, 57408, 54063]"
117160,"[30476, 72671, 43477, 87282, 60934, 27866, 10636, 18345, 4405, 85580]"
117161,"[7995, 44485, 23505, 81978, 12195, 58819, 96880, 24129, 76706, 38057]"
117162,"[7144, 74087, 59667, 15760, 2613, 74991, 76952, 46408, 10323, 32577]"
117163,"[2123, 96699, 90597, 34253, 86552, 25468, 10970, 71184, 82873, 52561]"
117164,"[71608, 41560, 82699, 24161, 8065, 103393, 72713, 48889, 30962, 81914]"
117165,"[7296, 74686, 20477, 94725, 49053, 11596, 24072, 24943, 71015, 84819]"
117166,"[36243, 61424, 5288, 56156, 40176, 9329, 87946, 45232, 49665, 4939]"
117167,"[92407, 38525, 57385, 7057, 100415, 77702, 46844, 46914, 43533, 39280]"
117168,"[41335, 37432, 4022, 97089, 9937, 95908, 1271, 59029, 74712, 86600]"
117169,"[66152, 44541, 19478, 81551, 97088, 5174, 99741, 20675, 59239, 55916]"
117170,"[62207, 62701, 78164, 35512, 11299, 32060, 52572, 99938, 109511, 91360]"
117171,"[109739, 79203, 12467, 27645, 94342, 53904, 22985, 104190, 36463, 51024]"
117172,"[24398, 62158, 88203, 48025, 35840, 33220, 62480, 84528, 16551, 45481]"
117173,"[93194, 16780, 97102, 52906, 80562, 55519, 15817, 13214, 42366, 79531]"
117174,"[51638, 101503, 23366, 53368, 79582, 70896, 59943, 51942, 46330, 74334]"
117175,"[20749, 23090, 32140, 67303, 76772, 32053, 16679, 81106, 9217, 48015]"
117176,"[42955, 12913, 63730, 9953, 89461, 19519, 95164, 22954, 48191, 87339]"
117177,"[85697, 68228, 31183, 104498, 10753, 13009, 768, 7947, 2886, 101564]"
117178,"[41993, 37076, 35783, 1221, 71576, 66755, 85199, 17464, 50156, 59426]"
117179,"[95558, 12038, 77199, 76053, 107997, 92885, 92784, 71986, 97513, 6921]"
117180,"[107470, 84660, 1812, 73420, 40424, 105866, 35165, 19361, 43375, 33454]"
117181,"[36081, 37294, 56606, 26553, 66262, 53860, 92167, 55394, 91765, 60689]"
117182,"[53258, 44655, 12947, 28279, 66692, 63382, 3377, 95052, 88195, 102951]"
117183,"[90511, 98495, 14087, 5667, 14868, 9469, 39498, 93228, 64196, 83112]"
117184,"[33410, 72433, 96690, 85817, 101805, 40075, 86790, 67313, 41828, 79900]"
117185,"[39, 41556, 107643, 39503, 80411, 75844, 36359, 50870, 44904, 12756]"
117186,"[57651, 76847, 45730, 43510, 70326, 69805, 78763, 91201, 63155, 53739]"
117187,"[76062, 1042, 62982, 31441, 48273, 84144, 48843, 49997, 36353, 91944]"
117188,"[68453, 80964, 29601, 25621, 99315, 768, 28946, 66185, 48763, 30906]"
117189,"[33596, 29670, 89081, 93065, 91188, 78713, 8140, 33802, 101830, 63474]"
117190,"[56469, 106531, 64544, 48087, 14033, 100318, 44976, 51335, 57699, 20086]"
117191,"[9932, 5558, 81185, 108158, 74791, 104119, 105644, 93821, 56831, 27691]"
117192,"[419, 30261, 9584, 23031, 5448, 90098, 8540, 87110, 50363, 98326]"
117193,"[9802, 72908, 82988, 80359, 7458, 32962, 8979, 46028, 71042, 80392]"
117194,"[62184, 49263, 80788, 75515, 65935, 105962, 19651, 100439, 82416, 80069]"
117195,"[19198, 27369, 12141, 40125, 69867, 99151, 101728, 36408, 97205, 8723]"
117196,"[101110, 87863, 14469, 48928, 61656, 35496, 40700, 99896, 14671, 91898]"
117197,"[62734, 27589, 22262, 104210, 76106, 10429, 55409, 33537, 96689, 83408]"
117198,"[5129, 15917, 9749, 87496, 19778, 21185, 7475, 93024, 3162, 11280]"
117199,"[52415, 32680, 58992, 107104, 69696, 17282, 13792, 106363, 35281, 44052]"
117200,"[48066, 9434, 77010, 88944, 50100, 18602, 35642, 1133, 33970, 30898]"
117201,"[52949, 62857, 31060, 77319, 62227, 12926, 103392, 27386, 89538, 98770]"
117202,"[25630, 93655, 55457, 89074, 362, 56469, 23119, 107465, 67684, 64158]"
117203,"[92416, 95673, 61496, 52043, 22980, 21915, 99798, 40365, 70466, 59996]"
117204,"[85071, 11498, 11726, 89967, 30479, 68123, 4465, 88241, 24368, 48040]"
117205,"[77840, 109114, 46216, 67598, 2912, 34643, 68476, 50219, 65078, 10999]"
117206,"[93814, 107713, 13504, 92903, 22413, 57092, 74974, 96225, 107740, 35436]"
117207,"[80333, 90849, 54659, 67218, 51746, 6114, 62209, 61727, 101797, 38545]"
117208,"[26797, 1819, 89662, 45919, 86122, 4899, 88681, 78294, 49137, 109605]"
117209,"[8177, 83248, 24559, 79431, 14371, 59556, 106693, 64074, 89454, 89187]"
117210,"[72826, 90894, 63887, 56855, 36747, 12745, 72764, 33484, 34964, 15944]"
117211,"[106555, 106861, 99463, 52057, 15294, 73509, 41351, 31164, 97735, 44630]"
117212,"[67853, 3536, 67475, 20126, 246, 70535, 9183, 47275, 20476, 85322]"
117213,"[103704, 19027, 70346, 7426, 46193, 57620, 78493, 76391, 39844, 18467]"
117214,"[77802, 87573, 3573, 43696, 76496, 56368, 107636, 51721, 767, 14697]"
117215,"[32960, 79242, 80570, 109326, 5634, 66154, 4244, 699, 64455, 4134]"
117216,"[61882, 61457, 98314, 27734, 51060, 28367, 23664, 43512, 57221, 58398]"
117217,"[35944, 91269, 7257, 48136, 35000, 11604, 70846, 83644, 2386, 93396]"
117218,"[12881, 3083, 84929, 8118, 66837, 76061, 38641, 84063, 94544, 96031]"
117219,"[67486, 6599, 4531, 74295, 83159, 81801, 51261, 90153, 90137, 55010]"
117220,"[70809, 80538, 84110, 49034, 26825, 18498, 62759, 109651, 20819, 104057]"
117221,"[27269, 55933, 35185, 2247, 70404, 67025, 3943, 47139, 34744, 102891]"
117222,"[22170, 22134, 73381, 38376, 39801, 101183, 74764, 29508, 26361, 54603]"
117223,"[24166, 98307, 99740, 20223, 43228, 92948, 57790, 26573, 81663, 965]"
117224,"[67326, 13519, 20858, 3077, 99914, 57293, 89664, 80277, 30574, 98582]"
117225,"[13375, 40722, 38314, 82420, 54085, 29359, 17144, 67924, 34782, 101137]"
117226,"[96809, 89296, 63536, 94171, 29850, 17669, 66467, 23619, 70319, 31636]"
117227,"[79079, 86291, 76369, 11661, 95757, 16420, 15415, 13280, 4645, 106637]"
117228,"[68711, 8206, 15446, 27540, 61273, 105211, 14219, 19984, 93456, 50941]"
117229,"[46723, 36064, 100961, 77060, 56044, 98864, 76393, 17658, 78065, 22669]"
117230,"[68517, 90274, 89191, 60573, 71580, 45976, 69532, 33732, 32118, 27975]"
117231,"[25747, 51950, 24036, 41548, 7329, 26156, 28724, 83226, 52202, 39744]"
117232,"[44227, 85793, 56029, 62544, 2236, 28053, 81960, 73763, 49293, 71059]"
117233,"[37853, 8903, 21981, 21375, 49759, 55350, 94269, 82328, 15544, 49225]"
117234,"[68296, 86512, 62665, 51934, 104878, 36783, 77821, 49118, 92540, 106595]"
117235,"[109744, 32547, 23695, 60653, 73831, 39101, 106107, 15960, 38327, 26397]"
117236,"[45139, 74013, 102423, 94823, 18371, 27014, 81249, 32112, 27023, 28148]"
117237,"[69941, 104542, 86071, 54696, 10525, 66775, 64521, 54528, 24395, 68797]"
117238,"[73502, 44250, 53924, 103692, 62691, 69847, 76898, 26229, 58761, 76413]"
117239,"[68774, 91472, 71715, 37912, 58036, 23047, 3264, 99227, 92602, 40322]"
117240,"[5958, 48976, 95225, 44414, 103801, 69381, 4216, 101179, 101407, 29153]"
117241,"[74381, 95834, 35947, 8197, 37139, 68411, 22365, 65912, 22818, 12309]"
117242,"[20535, 75451, 24370, 54386, 70621, 64322, 10201, 4949, 95194, 67645]"
117243,"[59590, 31757, 89652, 1093, 4418, 55215, 77119, 2238, 61242, 76835]"
117244,"[40732, 32587, 7011, 46510, 56550, 53664, 16826, 50728, 52102, 31236]"
117245,"[61001, 14627, 105923, 21230, 79446, 51906, 87377, 11365, 64672, 49334]"
117246,"[71304, 14434, 44643, 38037, 33961, 85911, 43420, 274, 46445, 106372]"
117247,"[56091, 35387, 31078, 78662, 41809, 18007, 95030, 10959, 56701, 9966]"
117248,"[6120, 21025, 93192, 46202, 1351, 3320, 10117, 85083, 104527, 109517]"
117249,"[66808, 63798, 11817, 101357, 33021, 93263, 67808, 94044, 21369, 82442]"
117250,"[72147, 28642, 76590, 2367, 88933, 77205, 39386, 30107, 58530, 109349]"
117251,"[88042, 35950, 68440, 38415, 50065, 28576, 28417, 100411, 69232, 76929]"
117252,"[67792, 1116, 32916, 14149, 5941, 93980, 47668, 85391, 14103, 84310]"
117253,"[61862, 49481, 55485, 2936, 107630, 83014, 74221, 46014, 44844, 104758]"
117254,"[105679, 11167, 63388, 67339, 48886, 106762, 79048, 85527, 63991, 48121]"
117255,"[21365, 102246, 33521, 68570, 1670, 96961, 29480, 43509, 4019, 38495]"
117256,"[15015, 97296, 61013, 41447, 13037, 87020, 102706, 26715, 100817, 47079]"
117257,"[55950, 99308, 4914, 63294, 82781, 81997, 98790, 38710, 57290, 77027]"
117258,"[74436, 108217, 99461, 59772, 95485, 47057, 85495, 62488, 53888, 77000]"
117259,"[33593, 105130, 26259, 2945, 34896, 39089, 32036, 102595, 44878, 104794]"
117260,"[24042, 8949, 36131, 42577, 84544, 33747, 15243, 33745, 43670, 14345]"
117261,"[89081, 83257, 102949, 44580, 95202, 35774, 13913, 30175, 19206, 59001]"
117262,"[17392, 82741, 37662, 364, 47828, 7311, 109505, 50568, 86554, 9302]"
117263,"[15363, 4662, 5684, 106018, 23655, 61592, 73336, 36846, 53838, 9614]"
117264,"[47136, 15985, 73540, 43523, 7321, 11588, 58178, 32230, 9270, 42481]"
117265,"[103418, 47728, 61735, 7430, 4764, 59793, 87144, 83337, 47247, 100634]"
117266,"[20278, 10026, 16142, 92747, 92074, 80526, 98220, 104158, 40349, 14971]"
117267,"[13730, 33769, 91246, 61009, 109057, 17097, 5993, 5316, 78169, 23105]"
117268,"[10342, 45942, 67697, 99409, 46328, 54772, 48795, 814, 37919, 79077]"
117269,"[81995, 107758, 1208, 103229, 8164, 108700, 57584, 93717, 63911, 34452]"
117270,"[56463, 79111, 68792, 24662, 96133, 48368, 60002, 42408, 40835, 16499]"
117271,"[73105, 102872, 72936, 5720, 74084, 33505, 102249, 5714, 24331, 88418]"
117272,"[27636, 109160, 82951, 109050, 3336, 93050, 26486, 71579, 30937, 56838]"
117273,"[1624, 660, 72839, 68631, 106517, 38408, 90471, 8442, 39655, 103360]"
117274,"[58420, 104953, 97924, 23005, 44108, 57079, 48660, 10378, 26756, 75604]"
117275,"[57908, 59831, 22976, 33934, 83753, 29897, 11083, 43307, 106015, 88805]"
117276,"[74355, 6144, 742, 73338, 94065, 8135, 47959, 63517, 29347, 13063]"
117277,"[95019, 108996, 32955, 96429, 92441, 2841, 103682, 22949, 109277, 74542]"
117278,"[38730, 48094, 68766, 14985, 12551, 39202, 34689, 99260, 29235, 71832]"
117279,"[105140, 47111, 6385, 1792, 38631, 45660, 70462, 93797, 82935, 96761]"
117280,"[72968, 65116, 5523, 108526, 8948, 85838, 1629, 103782, 13523, 96741]"
117281,"[55492, 48788, 88519, 7799, 32563, 1140, 42026, 31079, 83344, 62393]"
117282,"[33761, 36891, 24698, 227, 80575, 22230, 39574, 109094, 44315, 99209]"
117283,"[96503, 93965, 79843, 102315, 109357, 19441, 82100, 108973, 10542, 102631]"
117284,"[84764, 95104, 90418, 1228, 54535, 36668, 25829, 19867, 40812, 23489]"
117285,"[82882, 68425, 46094, 76435, 69402, 45067, 48768, 36207, 60640, 108826]"
117286,"[87529, 85955, 64078, 43094, 53392, 51363, 23595, 13346, 81394, 109111]"
117287,"[50399, 63528, 31114, 69988, 41234, 20009, 72180, 9681, 36831, 24868]"
117288,"[77804, 101956, 88493, 78729, 63002, 62345, 41702, 30520, 104321, 7391]"
117289,"[67036, 35997, 98987, 39464, 60370, 87963, 68181, 56526, 21293, 72726]"
117290,"[38078, 15169, 85896, 106589, 41451, 19845, 67478, 8585, 16502, 41733]"
117291,"[8680, 92237, 96336, 81440, 21108, 94484, 81794, 30773, 51723, 27702]"
117292,"[32027, 80281, 85511, 12255, 106089, 108102, 48479, 52241, 105608, 70380]"
117293,"[96012, 55922, 21041, 12575, 35054, 96503, 59030, 82100, 16296, 10542]"
117294,"[30839, 42511, 67705, 22253, 14052, 99574, 104516, 105859, 70898, 84439]"
117295,"[47302, 32067, 22500, 106086, 615, 71664, 36159, 20085, 91466, 41582]"
117296,"[74454, 71713, 41513, 102816, 91011, 99664, 94500, 96797, 16832, 45379]"
117297,"[100733, 57153, 69576, 26851, 13844, 108553, 88244, 103348, 13650, 109746]"
117298,"[868, 10656, 30637, 44996, 98370, 29143, 40548, 31662, 45943, 102792]"
117299,"[36961, 82448, 95069, 78186, 53770, 11518, 26185, 76125, 40092, 59747]"
117300,"[23433, 36419, 60710, 17239, 90620, 43225, 85062, 14545, 85960, 28565]"
117301,"[47267, 60654, 47337, 5437, 79267, 82282, 105302, 51325, 47682, 37717]"
117302,"[19061, 80350, 86500, 94432, 60201, 51757, 106885, 25495, 20678, 16916]"
117303,"[21660, 65690, 96698, 26785, 32889, 26119, 10766, 74432, 98566, 25024]"
117304,"[22028, 24038, 27111, 63609, 40998, 28294, 10241, 67504, 39577, 64117]"
117305,"[81133, 44756, 6613, 19877, 83663, 71517, 56401, 46363, 81358, 18874]"
117306,"[75784, 35837, 47563, 90596, 76517, 3669, 16945, 41529, 36773, 93737]"
117307,"[66079, 92785, 99241, 8068, 2228, 98201, 92264, 65001, 14327, 23296]"
117308,"[65173, 78836, 102388, 67223, 45149, 22794, 12371, 100799, 60780, 67034]"
117309,"[12359, 6426, 7821, 37222, 75289, 47950, 91340, 14539, 86765, 81948]"
117310,"[20710, 25703, 16305, 46894, 17366, 54025, 36039, 44940, 34233, 8592]"
117311,"[91675, 99001, 62914, 3909, 17289, 51394, 102513, 104610, 48618, 10201]"
117312,"[32249, 26919, 105725, 70066, 21582, 108469, 2032, 4043, 78852, 73691]"
117313,"[63140, 5813, 29066, 87699, 1145, 36748, 89036, 37789, 18451, 98235]"
117314,"[64003, 47249, 73774, 57543, 62457, 105775, 41043, 51780, 76324, 64143]"
117315,"[28108, 31646, 105330, 58646, 108667, 58862, 105228, 13358, 72456, 48627]"
117316,"[55689, 62586, 26779, 11755, 7781, 21984, 20595, 5077, 59268, 29452]"
117317,"[28576, 34025, 84975, 105437, 81776, 32570, 81423, 72064, 45562, 103317]"
117318,"[24205, 99895, 54317, 46591, 78117, 53921, 46297, 34432, 60866, 63992]"
117319,"[50916, 51062, 6290, 105955, 45975, 65996, 27227, 24444, 90470, 78485]"
117320,"[58277, 54177, 55865, 73579, 45287, 90048, 3835, 83801, 85213, 8864]"
117321,"[37227, 55407, 37771, 101827, 15673, 81482, 31404, 106912, 107407, 108274]"
117322,"[29141, 18247, 95730, 96618, 37444, 22848, 95464, 25247, 53757, 31423]"
117323,"[37341, 15176, 92939, 56672, 67250, 109037, 1904, 82512, 11054, 76518]"
117324,"[55308, 5643, 23884, 213, 62321, 88122, 93767, 92941, 68633, 58375]"
117325,"[20733, 36277, 100620, 20656, 34118, 108542, 26898, 87542, 23668, 16886]"
117326,"[20269, 2946, 90695, 48317, 192, 22757, 60445, 78693, 98768, 4300]"
117327,"[56180, 62560, 89384, 19218, 101353, 7169, 90354, 92835, 53583, 15958]"
117328,"[67500, 47272, 86825, 66726, 21314, 54947, 7043, 34727, 107437, 41894]"
117329,"[108628, 100488, 39001, 44329, 78453, 81472, 39032, 71695, 23994, 30120]"
117330,"[39296, 28919, 80038, 41655, 70737, 109085, 58635, 99748, 66952, 88044]"
117331,"[108708, 35176, 97481, 36854, 34920, 41493, 15414, 39170, 10199, 74768]"
117332,"[35355, 18921, 45407, 96251, 21323, 78638, 47685, 65948, 90398, 11376]"
117333,"[9583, 71435, 60771, 60929, 22556, 34068, 5860, 94563, 71424, 41553]"
117334,"[40105, 86347, 69596, 109199, 43973, 34107, 17809, 100270, 17837, 11986]"
117335,"[86897, 3179, 76062, 96083, 26339, 10554, 37875, 63979, 98596, 36353]"
117336,"[62819, 18525, 92640, 46513, 73269, 99528, 74286, 16809, 33392, 99121]"
117337,"[46632, 18994, 43875, 4435, 67813, 14024, 96475, 64811, 104807, 66258]"
117338,"[108185, 62125, 92214, 35347, 5355, 36197, 715, 36832, 3856, 37165]"
117339,"[28430, 83823, 44859, 76660, 15580, 66600, 33032, 109544, 55631, 93202]"
117340,"[92183, 10994, 79253, 70429, 10651, 89579, 43537, 16833, 78388, 62385]"
117341,"[3334, 59110, 97836, 6313, 97741, 40772, 28445, 96296, 61952, 38638]"
117342,"[38896, 107777, 60692, 79793, 95714, 51393, 79702, 102329, 38984, 66770]"
117343,"[103172, 75224, 13767, 92764, 77053, 100906, 42308, 40457, 15387, 57329]"
117344,"[75088, 35292, 21033, 71676, 52340, 11361, 44634, 64788, 93550, 105656]"
117345,"[69354, 67238, 14524, 57752, 99894, 88663, 6987, 66382, 42031, 25805]"
117346,"[91238, 50880, 108090, 46169, 32488, 50140, 78845, 73964, 7414, 87129]"
117347,"[81998, 78012, 74601, 47526, 7590, 109250, 103273, 39376, 7968, 20341]"
117348,"[95415, 67585, 55886, 16042, 108478, 29752, 10526, 27272, 66598, 72431]"
117349,"[1253, 21290, 26675, 93414, 55077, 100715, 67911, 20284, 16528, 51736]"
117350,"[4750, 47082, 104042, 107143, 79788, 92002, 96140, 92416, 61097, 21747]"
117351,"[31206, 108504, 36832, 103459, 106668, 13252, 77660, 63408, 92214, 16161]"
117352,"[42120, 83104, 50153, 40842, 44060, 19077, 66136, 53738, 66008, 41968]"
117353,"[84944, 81742, 49962, 99872, 68346, 74258, 59926, 84954, 69608, 94143]"
117354,"[69263, 37293, 88028, 32198, 11812, 53173, 91830, 12159, 61073, 96075]"
117355,"[109361, 85242, 75651, 96962, 41428, 20616, 7587, 28030, 60047, 87675]"
117356,"[66440, 19034, 27079, 62783, 23261, 49576, 41670, 32106, 99913, 69501]"
117357,"[39671, 21026, 36175, 50622, 77536, 53497, 47029, 60590, 28689, 59281]"
117358,"[17992, 8482, 11392, 22521, 99498, 34629, 15130, 109105, 53105, 38647]"
117359,"[13653, 95532, 50324, 32405, 105288, 50409, 91212, 83207, 73965, 86663]"
117360,"[27317, 17337, 89948, 53905, 85046, 80129, 85582, 22705, 101578, 38754]"
117361,"[90721, 73545, 27793, 54, 78499, 19905, 43148, 18244, 22145, 10454]"
117362,"[102891, 27269, 48896, 109145, 103990, 35089, 100657, 56851, 42151, 103951]"
117363,"[20078, 34590, 24868, 49568, 56201, 1742, 10859, 103402, 106838, 10230]"
117364,"[72968, 68824, 50891, 27294, 56762, 1629, 13530, 18633, 57527, 93045]"
117365,"[9120, 28, 72800, 103861, 87352, 14045, 19736, 53328, 637, 4972]"
117366,"[64968, 27679, 81511, 64178, 79750, 30888, 41734, 88078, 75855, 46127]"
117367,"[107075, 33067, 37442, 5801, 34835, 52887, 14764, 74921, 69812, 72802]"
117368,"[32909, 23908, 78539, 76812, 76622, 13688, 17627, 101639, 14750, 13832]"
117369,"[11631, 35330, 92225, 109525, 71427, 92485, 69757, 24007, 61270, 26186]"
117370,"[50963, 63537, 44557, 85350, 37300, 10836, 102574, 52476, 32829, 96351]"
117371,"[92569, 13061, 508, 103615, 77509, 7796, 46196, 97050, 74998, 3864]"
117372,"[84946, 74607, 15639, 93299, 13412, 20940, 25309, 61576, 7260, 105070]"
117373,"[78811, 73696, 89040, 33574, 68456, 61433, 59170, 5659, 28646, 100029]"
117374,"[50659, 64239, 106340, 33171, 80338, 51860, 22375, 19213, 14849, 39294]"
117375,"[42685, 31567, 86172, 59791, 74217, 101534, 37450, 5926, 62501, 47248]"
117376,"[54346, 107702, 32432, 11192, 103472, 109738, 105319, 92314, 28853, 87874]"
117377,"[37010, 60937, 43706, 23732, 67259, 26797, 95570, 72257, 1819, 86283]"
117378,"[54461, 62443, 38163, 2626, 35625, 53183, 37699, 99993, 81346, 28920]"
117379,"[41911, 102787, 45307, 60728, 101622, 37479, 50027, 13403, 56957, 13980]"
117380,"[71869, 103652, 65829, 31013, 66675, 58701, 48251, 13665, 32861, 56447]"
117381,"[19258, 91956, 1264, 52949, 96442, 108117, 47651, 93469, 69313, 98770]"
117382,"[98082, 69300, 72089, 7421, 51517, 58388, 3015, 32262, 96889, 84693]"
117383,"[59318, 14584, 54220, 87577, 16649, 24705, 65617, 61542, 8625, 65458]"
117384,"[37406, 32727, 108304, 21836, 109252, 54785, 31838, 75991, 92852, 100412]"
117385,"[17383, 248, 30009, 99593, 79154, 827, 56597, 85688, 93550, 64769]"
117386,"[69226, 108442, 36061, 42767, 81290, 39540, 55497, 94156, 52382, 68638]"
117387,"[39018, 8764, 27248, 106296, 9059, 60414, 67135, 84328, 64838, 93202]"
117388,"[71528, 47286, 79745, 49411, 73592, 91875, 78285, 57709, 10197, 35212]"
117389,"[71293, 18120, 69912, 5280, 53067, 79858, 91547, 74959, 14926, 109601]"
117390,"[38038, 5075, 64027, 17443, 12947, 66692, 62859, 34528, 64294, 67462]"
117391,"[68291, 35773, 66466, 28582, 7624, 28905, 59456, 103679, 9937, 64588]"
117392,"[81744, 106715, 18908, 4442, 19837, 105243, 82545, 43766, 69536, 77249]"
117393,"[108028, 87488, 56303, 52561, 107236, 60809, 6806, 73826, 95573, 54003]"
117394,"[67989, 7689, 42931, 14420, 11742, 81807, 5310, 27963, 15903, 107184]"
117395,"[14582, 43393, 84247, 84761, 70405, 22541, 37090, 102598, 103322, 38486]"
117396,"[56091, 3464, 35387, 78662, 88232, 33394, 20039, 24924, 28794, 37887]"
117397,"[105501, 11907, 50605, 78274, 52189, 62707, 13011, 76783, 47870, 1158]"
117398,"[12925, 61895, 21549, 15866, 24276, 48303, 7423, 71000, 67911, 2569]"
117399,"[5697, 40220, 28956, 11959, 10607, 20846, 56009, 35799, 83075, 95501]"
117400,"[56235, 100355, 81941, 23212, 17311, 32810, 106007, 90825, 23863, 61642]"
117401,"[76691, 51987, 21580, 70322, 62675, 3043, 77436, 89723, 1864, 65692]"
117402,"[9951, 91029, 39075, 2110, 40032, 63283, 33929, 76351, 90912, 49794]"
117403,"[97299, 28463, 32078, 109127, 1279, 18285, 53719, 91987, 90419, 96182]"
117404,"[57010, 43092, 45381, 3129, 47906, 49975, 87461, 40910, 18670, 17450]"
117405,"[9011, 56275, 51492, 53222, 77758, 29615, 40835, 38719, 98628, 34308]"
117406,"[11734, 92992, 47595, 98040, 52199, 68036, 26231, 44723, 51075, 17707]"
117407,"[55350, 45916, 51707, 51220, 32190, 49888, 107177, 7621, 40567, 81107]"
117408,"[100236, 51514, 70723, 56367, 59635, 86891, 88791, 108964, 15892, 64773]"
117409,"[92850, 90906, 60673, 5078, 67457, 41321, 12866, 96850, 44808, 59048]"
117410,"[48244, 44596, 108271, 23766, 32579, 26668, 46360, 14407, 4755, 43939]"
117411,"[59430, 87479, 19810, 30248, 80708, 2664, 78925, 93027, 28631, 75678]"
117412,"[94462, 23237, 88456, 56595, 95168, 73799, 47051, 58195, 74689, 84456]"
117413,"[27232, 51852, 64042, 18684, 65880, 23901, 5070, 53297, 83080, 109465]"
117414,"[43655, 93667, 54872, 24299, 20617, 88279, 10713, 96910, 91564, 77631]"
117415,"[11857, 29671, 2892, 42295, 34621, 108712, 78112, 108225, 92720, 38352]"
117416,"[105005, 77221, 106949, 13310, 87046, 64862, 79347, 11503, 38558, 104595]"
117417,"[47614, 1579, 25888, 100147, 71566, 14929, 89862, 108204, 82806, 16801]"
117418,"[18054, 29782, 69800, 46658, 48647, 80069, 36398, 83727, 10890, 82416]"
117419,"[49564, 18428, 7760, 64460, 53572, 98269, 72116, 91457, 58107, 94213]"
117420,"[85626, 81523, 30568, 76828, 104123, 17447, 58419, 34931, 76333, 6745]"
117421,"[33329, 73428, 22144, 63143, 1118, 11343, 67588, 77002, 34438, 58641]"
117422,"[78472, 33580, 73910, 6090, 37123, 6600, 53694, 76146, 60478, 7603]"
117423,"[16884, 1941, 60970, 80654, 40079, 42243, 38509, 13750, 57068, 63214]"
117424,"[16382, 30203, 6836, 84116, 61081, 61175, 80627, 367, 41098, 93317]"
117425,"[5990, 51568, 80326, 8730, 2220, 44863, 13459, 93345, 29202, 24554]"
117426,"[30828, 67518, 82442, 38187, 75319, 66021, 102362, 48786, 100098, 23565]"
117427,"[102001, 71871, 73565, 85962, 5197, 72421, 10366, 72794, 70798, 84398]"
117428,"[7095, 55351, 70100, 97595, 40733, 94335, 84956, 13813, 7056, 101504]"
117429,"[78293, 28135, 86204, 105101, 46539, 109596, 9619, 47174, 84000, 94899]"
117430,"[36909, 69379, 19182, 105436, 12515, 70888, 85130, 108713, 60248, 16468]"
117431,"[3566, 33839, 74831, 100831, 100658, 95581, 15129, 81861, 106722, 3674]"
117432,"[41256, 3732, 102351, 26511, 101497, 33278, 24243, 108277, 41352, 95139]"
117433,"[39561, 74028, 8162, 24406, 55892, 46252, 75320, 68420, 18716, 109451]"
117434,"[43255, 79095, 4659, 91019, 76744, 108004, 17499, 44737, 100642, 105085]"
117435,"[106262, 48972, 2236, 47802, 104859, 31932, 92005, 107731, 24357, 57448]"
117436,"[38834, 17027, 101706, 95424, 79023, 62834, 27359, 76905, 13010, 90555]"
117437,"[22699, 8863, 78807, 90182, 29462, 55711, 43468, 76795, 37639, 103400]"
117438,"[64095, 13327, 92501, 93800, 88195, 37144, 12414, 90604, 48953, 41912]"
117439,"[49019, 68748, 67562, 95578, 93295, 67631, 59532, 41699, 72866, 105141]"
117440,"[64443, 4621, 88935, 97539, 13748, 83118, 31059, 12177, 99852, 32355]"
117441,"[98051, 66083, 83142, 54592, 33832, 50360, 64857, 37770, 91975, 97141]"
117442,"[20425, 4618, 50489, 92572, 21213, 2158, 10175, 17104, 70433, 15536]"
117443,"[107103, 57422, 21070, 70917, 30193, 70169, 51892, 33185, 18932, 83648]"
117444,"[39790, 49194, 68821, 12792, 77140, 39563, 79972, 86750, 104861, 103831]"
117445,"[21017, 15814, 105548, 66472, 91391, 80294, 52397, 32676, 40257, 84551]"
117446,"[13085, 260, 7000, 83905, 15194, 102474, 98661, 61314, 56399, 36906]"
117447,"[48044, 52938, 70641, 27066, 54291, 83980, 19340, 1322, 95447, 25636]"
117448,"[40084, 4093, 41274, 30351, 20691, 13210, 39025, 68043, 106707, 53080]"
117449,"[45181, 104754, 32820, 47473, 14949, 107752, 53895, 74489, 25542, 4363]"
117450,"[97906, 31274, 14338, 95511, 61057, 48769, 100012, 108512, 86336, 59115]"
117451,"[38541, 68000, 11259, 14392, 99064, 49261, 33527, 76396, 33966, 22501]"
117452,"[13430, 78089, 65800, 85958, 86567, 51161, 96994, 55373, 101076, 86842]"
117453,"[5038, 88620, 66347, 95511, 58809, 52519, 36525, 63516, 50855, 80886]"
117454,"[73161, 23818, 32116, 2579, 41358, 98484, 86451, 48585, 21795, 68834]"
117455,"[102541, 75708, 22908, 38714, 80448, 13744, 26159, 79537, 1291, 36325]"
117456,"[87112, 53276, 25300, 58365, 102452, 30898, 33970, 81442, 35952, 43992]"
117457,"[77601, 93064, 54986, 33521, 27801, 88325, 44503, 39223, 22601, 107114]"
117458,"[53168, 33919, 36751, 78033, 44622, 42490, 85990, 79356, 29662, 72563]"
117459,"[11725, 2829, 96867, 60117, 41723, 67515, 20349, 56163, 23971, 98376]"
117460,"[29318, 61317, 56547, 22931, 100614, 72595, 11329, 13227, 63374, 40310]"
117461,"[37051, 58773, 56223, 2685, 41069, 41336, 50074, 41900, 68689, 90435]"
117462,"[70523, 17438, 24563, 86290, 29344, 19813, 70875, 42658, 11219, 18308]"
117463,"[9199, 19993, 95639, 84536, 36328, 81628, 72579, 59686, 5927, 30200]"
117464,"[32801, 101141, 70255, 85845, 89042, 51795, 76354, 41551, 7331, 24847]"
117465,"[531, 92599, 50675, 36162, 47730, 106337, 26386, 69716, 80915, 6006]"
117466,"[106788, 81566, 7515, 22290, 62129, 67749, 58336, 91668, 79772, 37116]"
117467,"[45212, 78704, 16712, 2152, 45045, 85769, 53100, 106575, 16883, 13542]"
117468,"[105010, 64098, 44378, 4102, 89734, 40754, 54690, 20399, 14883, 25214]"
117469,"[26603, 105404, 70901, 91703, 93440, 58116, 18080, 103908, 79580, 78059]"
117470,"[44929, 25108, 87795, 22304, 57616, 74575, 29355, 21310, 31568, 84410]"
117471,"[60369, 1011, 70886, 78888, 57734, 56219, 32708, 100791, 25445, 47388]"
117472,"[105451, 73309, 41988, 4909, 100681, 35754, 33450, 19520, 109216, 45457]"
117473,"[59069, 96603, 5101, 15957, 82069, 100736, 82583, 97726, 96608, 11196]"
117474,"[108415, 103432, 90245, 96563, 84550, 108272, 36456, 8620, 49607, 95307]"
117475,"[17532, 44758, 100660, 68667, 2181, 54747, 75989, 68237, 40596, 79018]"
117476,"[60752, 47631, 106484, 19040, 13467, 61134, 32029, 45327, 78362, 83606]"
117477,"[32909, 65726, 76812, 86552, 51644, 10970, 55527, 23339, 95758, 59849]"
117478,"[10591, 26512, 70313, 8741, 82088, 95710, 77527, 36206, 43310, 81198]"
117479,"[20726, 73561, 88121, 88980, 99816, 102554, 25951, 83874, 89302, 17671]"
117480,"[61165, 6587, 32877, 8570, 26755, 14445, 55766, 77956, 105661, 93881]"
117481,"[11977, 7903, 98257, 103476, 78502, 34686, 41928, 52372, 83448, 37962]"
117482,"[76407, 99639, 79955, 5860, 69723, 44534, 62146, 66902, 42264, 105251]"
117483,"[44208, 35772, 14920, 28934, 66493, 1522, 45486, 23403, 89710, 51776]"
117484,"[95764, 6221, 7153, 51813, 76841, 31226, 46317, 61234, 66279, 29910]"
117485,"[51860, 19213, 84888, 106513, 45077, 32985, 64206, 85252, 15935, 40533]"
117486,"[2054, 105359, 79128, 19257, 38568, 45111, 46392, 44052, 36421, 35281]"
117487,"[64090, 23417, 54047, 100914, 101420, 63639, 49451, 18109, 86368, 3004]"
117488,"[109424, 51560, 81583, 98216, 58681, 50134, 39046, 61691, 67098, 33112]"
117489,"[83153, 42819, 85729, 21230, 41463, 88701, 79446, 107581, 66109, 89452]"
117490,"[26743, 72604, 51080, 46801, 38395, 48035, 5492, 62341, 41288, 9240]"
117491,"[31310, 71420, 83796, 39345, 92642, 13281, 75889, 97520, 6395, 9143]"
117492,"[19703, 17505, 48013, 101648, 39600, 75058, 41343, 72805, 70974, 49998]"
117493,"[60059, 40330, 68849, 3494, 82989, 58868, 20637, 87365, 22488, 59103]"
117494,"[10635, 17484, 103434, 55163, 7811, 17408, 60809, 9827, 61648, 33336]"
117495,"[17621, 22462, 1456, 17951, 91617, 75494, 80846, 45623, 64326, 61248]"
117496,"[68326, 91871, 26331, 62682, 37411, 83235, 3112, 22305, 103039, 15540]"
117497,"[7433, 27223, 17687, 95795, 58295, 48328, 45695, 89568, 22068, 99501]"
117498,"[69569, 76023, 82067, 82275, 88147, 8676, 73990, 32398, 86775, 46551]"
117499,"[20279, 56508, 97349, 90921, 57008, 43803, 91659, 75903, 30465, 109147]"
117500,"[19838, 43693, 40316, 26738, 45601, 64309, 106720, 14908, 15336, 42227]"
117501,"[498, 32182, 39912, 106251, 43317, 91324, 23669, 22111, 76180, 102632]"
117502,"[106075, 45066, 41905, 93756, 104572, 69821, 4105, 82751, 40232, 89851]"
117503,"[82499, 53112, 4211, 65674, 54794, 20554, 88953, 9212, 31241, 103492]"
117504,"[72143, 11034, 86072, 100, 35988, 57053, 11773, 22160, 17880, 17531]"
117505,"[87863, 13786, 92246, 4289, 64389, 77200, 14469, 90964, 89555, 51426]"
117506,"[60037, 85904, 46003, 28821, 104833, 101215, 1618, 61406, 83952, 2440]"
117507,"[8801, 79069, 26956, 82273, 109644, 29293, 68751, 12415, 51868, 45984]"
117508,"[72207, 107807, 9770, 70230, 29935, 18289, 18392, 76501, 109378, 99888]"
117509,"[49771, 66033, 1348, 107871, 86246, 81288, 105218, 53240, 64897, 22948]"
117510,"[82862, 54755, 29265, 34504, 22377, 7335, 65897, 55254, 41323, 42320]"
117511,"[100277, 69543, 17998, 20594, 48290, 45664, 21928, 38788, 98885, 93163]"
117512,"[52863, 20172, 83579, 33214, 105712, 86145, 1735, 64789, 85713, 64965]"
117513,"[90363, 82229, 8801, 32818, 767, 51868, 22939, 13638, 106037, 55595]"
117514,"[75601, 109418, 31881, 21388, 29632, 96036, 10816, 11074, 12384, 95285]"
117515,"[35853, 61259, 22377, 41014, 60669, 55254, 20197, 3332, 42320, 56239]"
117516,"[5758, 29914, 38853, 29091, 29030, 10343, 29739, 108722, 52056, 65598]"
117517,"[54062, 8494, 50590, 58305, 103119, 108595, 67324, 6680, 107847, 56121]"
117518,"[30272, 35930, 91447, 46683, 93076, 16410, 31321, 62246, 28171, 88906]"
117519,"[21823, 102035, 4490, 78702, 31197, 19975, 2802, 903, 98821, 6897]"
117520,"[67943, 32498, 81401, 26246, 26600, 23659, 60554, 83121, 15016, 90255]"
117521,"[77987, 39834, 43257, 19701, 82503, 73757, 84834, 5396, 98586, 21059]"
117522,"[49848, 65182, 98240, 24441, 83096, 75331, 68022, 98204, 53169, 99412]"
117523,"[94447, 103009, 22968, 47593, 6075, 1728, 52266, 6755, 15900, 74860]"
117524,"[65061, 79747, 32852, 18299, 99984, 86184, 52853, 67187, 42029, 64221]"
117525,"[65034, 64507, 20646, 32102, 100140, 84878, 58321, 97996, 78995, 52443]"
117526,"[109506, 33023, 5730, 36092, 10923, 25546, 87927, 5039, 27235, 49649]"
117527,"[80149, 78241, 90579, 102034, 30834, 9945, 6168, 18107, 47122, 108887]"
117528,"[60705, 92698, 101172, 83273, 19702, 35601, 66238, 61436, 99311, 4205]"
117529,"[84969, 26013, 10123, 36217, 36972, 32205, 93673, 43760, 6621, 92204]"
117530,"[45339, 61932, 58291, 39176, 77774, 75736, 104955, 76979, 85073, 61927]"
117531,"[50799, 31024, 23426, 82356, 48276, 68944, 2629, 101322, 39531, 7914]"
117532,"[69774, 84770, 18123, 78382, 100666, 49696, 53767, 92560, 92001, 91963]"
117533,"[50023, 72781, 34910, 101205, 41636, 43996, 50647, 57493, 78151, 104531]"
117534,"[20249, 45352, 16961, 63865, 92451, 37891, 33447, 30786, 2687, 20700]"
117535,"[7450, 89743, 3134, 48841, 39404, 49562, 67035, 45007, 7757, 22576]"
117536,"[62388, 7379, 60181, 94818, 31160, 83214, 56773, 89536, 24227, 86932]"
117537,"[31768, 4331, 80573, 55642, 68486, 2428, 47394, 26173, 46147, 22597]"
117538,"[74353, 64138, 34667, 93426, 95687, 88539, 28301, 532, 93075, 75585]"
117539,"[40369, 94257, 100767, 58659, 104265, 80912, 83324, 97780, 14037, 59437]"
117540,"[81426, 59769, 84293, 18008, 6912, 61683, 22904, 86650, 85572, 11258]"
117541,"[80325, 36047, 2755, 107986, 86411, 3466, 24322, 40811, 65972, 79353]"
117542,"[2021, 107247, 87381, 58190, 87294, 88093, 24801, 24258, 20423, 73705]"
117543,"[84047, 86077, 26860, 11193, 20820, 49834, 104777, 48418, 17270, 53425]"
117544,"[53023, 15264, 28845, 70073, 20707, 11465, 102379, 104952, 61134, 46023]"
117545,"[81894, 43473, 73205, 40619, 53086, 46076, 109517, 17203, 59773, 86555]"
117546,"[42942, 43940, 37183, 88996, 106939, 25847, 24700, 83083, 106085, 82270]"
117547,"[36595, 12096, 86564, 54340, 52867, 57429, 52565, 100111, 89708, 22305]"
117548,"[68375, 33116, 9042, 25652, 88119, 57129, 29964, 19195, 2343, 62565]"
117549,"[28119, 104274, 52098, 89819, 99767, 19355, 18166, 69813, 82263, 83824]"
117550,"[86760, 71345, 104348, 5216, 1635, 16866, 8889, 39081, 78379, 84083]"
117551,"[47083, 31025, 39514, 105605, 11841, 56383, 35672, 61312, 88663, 68152]"
117552,"[21773, 98336, 13804, 81314, 85398, 30268, 88575, 66246, 55359, 4727]"
117553,"[101113, 107722, 50061, 84290, 49739, 57871, 53332, 23284, 26716, 10684]"
117554,"[28204, 9189, 51960, 8082, 56082, 19824, 105353, 98313, 53862, 76770]"
117555,"[78996, 85887, 50929, 102730, 27585, 83349, 11846, 55023, 33377, 59848]"
117556,"[100626, 97766, 42911, 3625, 81985, 15954, 82521, 93101, 79882, 4345]"
117557,"[43729, 83305, 32146, 80615, 29366, 64021, 12552, 6928, 94100, 39119]"
117558,"[2864, 58273, 48410, 101528, 48426, 20106, 42939, 62418, 108612, 92507]"
117559,"[47093, 86736, 35912, 51266, 35960, 103169, 10869, 59129, 59707, 67001]"
117560,"[36627, 105473, 46162, 19822, 99892, 43476, 51618, 502, 49567, 56184]"
117561,"[28966, 8756, 25478, 71480, 52511, 15096, 23505, 37376, 55661, 7925]"
117562,"[40856, 7775, 61865, 13278, 108057, 10780, 31949, 108453, 39246, 48376]"
117563,"[30409, 69183, 72740, 103444, 2836, 87876, 60035, 106841, 98474, 104391]"
117564,"[104176, 26129, 82695, 32668, 90591, 18347, 70712, 36482, 28016, 60419]"
117565,"[77264, 61959, 29953, 49006, 59333, 100253, 14943, 79124, 18627, 73747]"
117566,"[84754, 23257, 1968, 101420, 80111, 64331, 66105, 40261, 104607, 36115]"
117567,"[16159, 1366, 29728, 55782, 22319, 55493, 80804, 15304, 53387, 58323]"
117568,"[30281, 74028, 61406, 24406, 7852, 91546, 39561, 109145, 46003, 94589]"
117569,"[41427, 85218, 101106, 72474, 38025, 57996, 7359, 104425, 98813, 14554]"
117570,"[42890, 18202, 34138, 100216, 10161, 2167, 35776, 23592, 19826, 48215]"
117571,"[30591, 699, 84906, 59696, 45382, 91387, 20821, 75741, 32960, 6733]"
117572,"[49551, 64082, 6009, 19207, 53328, 98345, 42784, 7675, 19736, 8241]"
117573,"[84356, 76576, 36206, 61630, 57087, 31102, 88981, 62650, 67161, 16529]"
117574,"[86343, 94238, 18012, 44404, 53041, 10698, 4308, 82272, 58353, 28302]"
117575,"[26263, 4573, 20747, 107239, 106279, 99729, 76457, 69566, 39797, 90094]"
117576,"[103126, 83469, 23434, 75575, 10021, 102418, 103449, 50219, 107324, 48222]"
117577,"[94777, 48402, 8807, 55140, 7091, 17749, 55382, 68269, 35503, 26035]"
117578,"[16938, 11457, 39063, 82188, 34857, 52999, 108955, 100936, 108650, 86067]"
117579,"[68636, 17345, 58875, 57381, 87208, 14967, 11491, 45796, 106338, 95779]"
117580,"[32862, 77436, 73986, 74108, 31433, 35499, 108356, 83756, 50860, 4967]"
117581,"[22400, 89604, 22840, 65648, 24390, 15299, 69801, 28937, 39942, 44333]"
117582,"[79523, 107112, 53765, 9893, 15678, 65637, 71314, 75901, 88537, 39336]"
117583,"[97381, 81997, 45801, 7841, 104088, 3632, 94687, 58779, 46410, 106735]"
117584,"[46475, 87345, 23099, 87538, 63576, 91808, 29870, 80470, 92892, 41183]"
117585,"[18535, 102754, 80845, 50288, 65005, 23962, 83570, 66322, 24031, 28937]"
117586,"[45040, 50364, 89583, 32833, 104627, 46742, 62552, 95834, 20386, 13803]"
117587,"[91083, 93141, 61825, 16150, 83181, 82903, 3421, 61960, 22928, 40451]"
117588,"[58406, 69149, 85837, 35468, 27071, 85081, 55430, 91506, 32830, 1582]"
117589,"[96221, 5457, 18342, 5220, 9365, 50233, 15548, 31638, 102549, 79204]"
117590,"[85313, 62280, 77166, 89830, 22662, 38759, 3419, 11583, 87201, 73427]"
117591,"[55589, 4105, 77836, 76069, 34513, 65189, 68890, 93907, 99927, 87661]"
117592,"[55947, 27432, 83302, 107654, 56273, 35268, 33113, 71249, 30484, 44347]"
117593,"[14047, 35363, 31720, 71693, 45561, 24650, 87918, 31414, 79861, 1469]"
117594,"[3970, 4470, 37759, 54492, 65102, 1571, 57727, 77500, 35367, 42166]"
117595,"[81597, 92328, 70396, 79962, 60382, 64275, 96346, 86243, 18618, 997]"
117596,"[69171, 65474, 62725, 59523, 52882, 46677, 44413, 29379, 99075, 4740]"
117597,"[84715, 67450, 109298, 12666, 21964, 71954, 59567, 13737, 86572, 699]"
117598,"[31457, 63602, 108746, 37329, 101245, 52393, 89683, 74426, 20654, 6870]"
117599,"[20938, 59627, 18256, 5543, 80229, 7952, 85186, 52161, 82840, 14458]"
117600,"[65571, 20509, 78417, 23420, 88943, 6609, 27500, 106810, 15248, 94248]"
117601,"[88949, 61212, 55976, 62922, 73407, 98471, 42827, 87790, 84950, 32965]"
117602,"[6438, 54419, 45228, 92376, 59933, 48329, 58899, 24159, 19221, 99657]"
117603,"[41040, 94400, 78373, 13508, 9570, 85159, 24730, 59467, 92498, 12022]"
117604,"[58066, 81594, 24265, 25473, 70302, 93852, 95299, 108918, 87960, 67828]"
117605,"[66336, 36104, 96135, 26353, 102157, 81671, 58924, 121, 66628, 106366]"
117606,"[83084, 34858, 54331, 104830, 31870, 46532, 26424, 28565, 32275, 57580]"
117607,"[77507, 64882, 44006, 9819, 44674, 35043, 3766, 71055, 55434, 92022]"
117608,"[62569, 58417, 73221, 13071, 99145, 14055, 40121, 87968, 7637, 23190]"
117609,"[80221, 69348, 50545, 91364, 102297, 52493, 64757, 101840, 22589, 82431]"
117610,"[46982, 30949, 108540, 77766, 68842, 53728, 97936, 386, 81646, 2583]"
117611,"[25820, 8318, 72283, 75710, 31398, 66582, 75778, 82833, 107715, 56812]"
117612,"[74584, 95136, 80381, 23720, 61020, 54433, 63434, 91103, 82094, 21724]"
117613,"[68551, 108383, 59894, 72363, 51569, 8224, 98174, 5154, 103800, 54930]"
117614,"[55898, 11860, 2475, 46615, 106579, 13833, 60517, 62469, 86834, 19206]"
117615,"[91441, 91155, 40344, 49810, 106859, 98531, 109283, 3239, 77534, 55422]"
117616,"[72770, 81786, 105067, 47346, 12656, 59624, 95663, 72404, 3085, 59236]"
117617,"[35820, 53248, 86096, 109719, 63241, 30745, 33271, 63814, 69792, 4094]"
117618,"[73635, 108234, 49108, 36650, 65796, 59304, 34635, 2517, 94306, 28386]"
117619,"[30208, 100368, 80354, 94816, 56708, 104535, 62335, 43124, 25691, 59136]"
117620,"[71242, 5933, 92873, 9363, 13714, 918, 17123, 22663, 28891, 86303]"
117621,"[65411, 46182, 9063, 29473, 65970, 50690, 103311, 50750, 49971, 56212]"
117622,"[80969, 5955, 104691, 100664, 27354, 86854, 58087, 6620, 87504, 37397]"
117623,"[99167, 15688, 16622, 66890, 21636, 57968, 54432, 37921, 5381, 27424]"
117624,"[83005, 99923, 22778, 3644, 62953, 73458, 73596, 88991, 95951, 10096]"
117625,"[13186, 67125, 278, 101542, 36591, 24627, 46873, 43021, 52963, 24156]"
117626,"[76395, 88443, 45321, 59119, 89170, 30062, 60822, 101379, 34884, 4009]"
117627,"[72384, 59831, 69358, 14379, 43307, 23791, 57908, 76288, 107034, 68727]"
117628,"[21736, 96076, 41181, 68379, 18577, 101679, 43151, 84276, 71674, 93063]"
117629,"[69608, 84954, 107014, 26534, 85279, 40625, 16496, 1230, 57796, 100151]"
117630,"[107846, 31038, 89690, 56325, 98253, 6181, 109743, 72852, 108655, 106967]"
117631,"[84680, 6916, 107283, 25597, 44680, 102347, 95828, 65360, 94217, 100072]"
117632,"[78402, 38555, 86589, 40675, 33310, 100200, 64942, 41143, 38679, 90554]"
117633,"[50338, 16693, 84836, 36978, 98113, 25882, 11526, 5892, 37866, 46759]"
117634,"[88083, 21760, 52105, 45809, 77780, 39802, 58492, 100205, 71979, 96402]"
117635,"[29154, 105559, 5826, 99695, 65050, 109499, 40846, 97017, 34282, 5746]"
117636,"[74888, 19229, 68014, 21989, 24735, 15738, 94319, 77030, 59530, 59906]"
117637,"[86595, 77854, 46880, 26940, 84781, 32046, 14648, 22062, 109360, 12851]"
117638,"[14490, 101893, 35866, 47149, 73900, 7077, 93401, 9132, 7833, 102229]"
117639,"[52199, 11017, 4430, 30601, 44599, 61512, 68882, 4005, 51075, 67541]"
117640,"[88869, 98293, 94483, 25176, 66540, 739, 100974, 106013, 4204, 6873]"
117641,"[45457, 8861, 69228, 15845, 43182, 653, 101217, 29911, 11785, 59749]"
117642,"[65440, 45028, 6084, 75124, 70096, 52287, 77532, 29267, 109108, 34761]"
117643,"[40809, 20716, 87125, 33493, 94010, 93564, 79585, 69343, 48498, 99101]"
117644,"[43481, 66564, 14887, 101879, 70077, 105503, 88027, 42790, 69236, 29828]"
117645,"[98360, 48460, 77429, 65676, 80835, 79052, 47266, 57783, 12891, 64203]"
117646,"[27899, 77447, 32942, 25001, 29952, 11623, 78067, 73433, 38477, 54260]"
117647,"[27888, 103603, 69874, 51201, 62449, 63475, 100839, 104550, 1578, 32984]"
117648,"[78940, 53672, 36246, 47176, 62652, 90582, 19190, 923, 34810, 52221]"
117649,"[56137, 72485, 49283, 63836, 61351, 42480, 83251, 46191, 20746, 42074]"
117650,"[15210, 67086, 25318, 83165, 100659, 83710, 22988, 4154, 86008, 42840]"
117651,"[77817, 17858, 11527, 81719, 67374, 61196, 62303, 101129, 70325, 48775]"
117652,"[48806, 57453, 19934, 91848, 63715, 28879, 108425, 38635, 74692, 40869]"
117653,"[38442, 11638, 77448, 68018, 36187, 106775, 82921, 109029, 88756, 56781]"
117654,"[95529, 90265, 99894, 88663, 83577, 48766, 30104, 56154, 69354, 42723]"
117655,"[22229, 24756, 54699, 99551, 44882, 91101, 75633, 66617, 82930, 29952]"
117656,"[107967, 101387, 88852, 7315, 51802, 59299, 54592, 56804, 49290, 80537]"
117657,"[41048, 48126, 11283, 39098, 89688, 29273, 103842, 3043, 51767, 72060]"
117658,"[24896, 91162, 11025, 53331, 57415, 106182, 49163, 56088, 22195, 78645]"
117659,"[85600, 30315, 21800, 25938, 32989, 103563, 95060, 108863, 22327, 19621]"
117660,"[61888, 99378, 57593, 14013, 17104, 53323, 89533, 16205, 68229, 81769]"
117661,"[21365, 37860, 82871, 1670, 4019, 108646, 56533, 40089, 48360, 14078]"
117662,"[25615, 28355, 67358, 72636, 10664, 73920, 63793, 11643, 61599, 106202]"
117663,"[33717, 63719, 63707, 20849, 100958, 98369, 22220, 96455, 44172, 38200]"
117664,"[10877, 90037, 57738, 83804, 87016, 31635, 17016, 66580, 49917, 82703]"
117665,"[103848, 51324, 8000, 101839, 3215, 17770, 100704, 86493, 12844, 75588]"
117666,"[105792, 86786, 45936, 54760, 738, 109187, 72858, 72161, 33610, 2923]"
117667,"[33087, 36480, 57429, 4990, 62470, 12096, 106545, 84657, 35637, 102802]"
117668,"[14130, 47103, 42015, 83508, 79126, 45314, 34996, 36670, 21501, 17661]"
117669,"[109375, 63935, 78743, 73949, 32782, 42187, 93088, 79836, 42409, 5011]"
117670,"[65034, 31342, 86505, 11987, 50712, 64507, 52443, 82908, 39726, 81899]"
117671,"[81756, 76816, 41540, 66804, 46608, 25470, 16321, 86092, 78440, 58226]"
117672,"[631, 56790, 6950, 20803, 103274, 37257, 87810, 22217, 18710, 43817]"
117673,"[15673, 31880, 46438, 105502, 34632, 105090, 94057, 27334, 1295, 31506]"
117674,"[78206, 36625, 6476, 30526, 52032, 83584, 70720, 19722, 84818, 4459]"
117675,"[42910, 15165, 107466, 95970, 46775, 61899, 98929, 35654, 8608, 75364]"
117676,"[40686, 65077, 82552, 69410, 62719, 3351, 53517, 104806, 84408, 3974]"
117677,"[26937, 17475, 73293, 84289, 86719, 69390, 86421, 100737, 63671, 99640]"
117678,"[12138, 43593, 30121, 36178, 79047, 68417, 40212, 105984, 48326, 71439]"
117679,"[3235, 71104, 84643, 78624, 26942, 70408, 66541, 30129, 55914, 80908]"
117680,"[83095, 1960, 14589, 26787, 70136, 27150, 66560, 67707, 14798, 10057]"
117681,"[88660, 52213, 90850, 34353, 62049, 19203, 41707, 96254, 90864, 21032]"
117682,"[84313, 8268, 19892, 77636, 92143, 78611, 2522, 49169, 27838, 46567]"
117683,"[32466, 2477, 46048, 83337, 100634, 93346, 4076, 59793, 104366, 6780]"
117684,"[38703, 41167, 9781, 30095, 34113, 79733, 65408, 77861, 16944, 8413]"
117685,"[54062, 89555, 6548, 14248, 53628, 13701, 63397, 10417, 74554, 13556]"
117686,"[35561, 32337, 102870, 104081, 12281, 88940, 40523, 14827, 92739, 92735]"
117687,"[74626, 85010, 10055, 9604, 106406, 95178, 54529, 61198, 81815, 35316]"
117688,"[4457, 36281, 108964, 101403, 83610, 30714, 102978, 9858, 101365, 18]"
117689,"[19514, 103244, 61243, 5428, 15317, 108289, 52816, 55793, 8916, 421]"
117690,"[12308, 43056, 99112, 15305, 73743, 66740, 93788, 22851, 17739, 83433]"
117691,"[10450, 18357, 25305, 25920, 94608, 52982, 74462, 99873, 12474, 35806]"
117692,"[73862, 89376, 44509, 55437, 81262, 1719, 21373, 15207, 43337, 109325]"
117693,"[49555, 93215, 53905, 36077, 23170, 66733, 44495, 30089, 35681, 3397]"
117694,"[45992, 95849, 38946, 84745, 29076, 17818, 28179, 63139, 67323, 58011]"
117695,"[6879, 88850, 102763, 18562, 104578, 66456, 26462, 1739, 81895, 26470]"
117696,"[45637, 50866, 11384, 1675, 17396, 53426, 819, 91792, 22878, 10493]"
117697,"[61647, 78121, 97311, 58238, 34613, 30964, 67440, 21256, 14765, 50789]"
117698,"[40584, 20709, 24183, 15601, 88730, 11576, 79277, 32100, 67558, 65257]"
117699,"[67043, 79621, 39860, 101817, 1820, 57541, 67907, 89061, 100910, 103866]"
117700,"[31465, 9360, 62575, 38798, 92612, 73933, 23017, 51553, 44242, 80543]"
117701,"[100029, 65459, 39652, 78911, 10568, 40526, 9933, 57900, 80789, 8150]"
117702,"[45697, 41463, 104145, 19583, 65272, 39607, 87377, 54636, 30922, 83153]"
117703,"[45420, 66307, 8931, 17692, 14557, 20286, 73215, 31119, 53962, 60086]"
117704,"[96543, 70140, 20717, 85467, 23949, 83778, 29089, 21134, 62252, 104423]"
117705,"[24920, 94879, 90586, 59884, 49672, 44893, 106974, 15768, 58775, 6586]"
117706,"[80571, 30115, 58925, 83033, 63230, 97524, 45950, 52319, 22056, 19652]"
117707,"[29819, 105001, 55432, 34015, 8773, 7439, 105911, 51572, 70806, 108206]"
117708,"[101500, 53533, 29048, 45116, 63264, 83546, 56504, 83385, 48146, 93209]"
117709,"[1833, 33403, 106282, 78684, 104187, 82106, 72263, 75636, 46866, 42050]"
117710,"[27651, 60607, 52599, 3539, 10680, 68974, 19416, 90444, 80047, 16607]"
117711,"[19257, 9371, 73779, 96122, 75740, 46156, 86623, 48039, 21042, 45620]"
117712,"[98016, 77997, 51366, 91363, 98423, 60060, 63293, 88380, 106398, 7660]"
117713,"[32064, 88305, 26552, 9991, 9541, 29389, 36876, 28662, 90613, 66525]"
117714,"[5161, 49036, 25959, 2896, 10678, 70697, 44342, 15481, 79701, 61969]"
117715,"[30713, 69512, 107690, 70887, 64358, 38370, 103293, 84047, 94109, 2338]"
117716,"[46021, 11795, 63858, 7879, 36554, 20350, 16446, 94726, 38857, 10710]"
117717,"[85999, 15554, 23750, 66025, 28229, 50752, 96936, 81777, 49164, 56456]"
117718,"[102164, 32606, 72711, 94141, 49418, 97438, 94906, 23277, 109211, 86554]"
117719,"[16447, 14366, 28092, 61464, 81305, 7668, 99396, 33695, 103466, 74945]"
117720,"[39095, 71344, 108414, 46464, 102152, 1081, 77829, 83396, 59751, 658]"
117721,"[59471, 5921, 70323, 72404, 57813, 78972, 36083, 57151, 49221, 81774]"
117722,"[71208, 99739, 2958, 60243, 52806, 84374, 74454, 18170, 17554, 102756]"
117723,"[29676, 20594, 56483, 100277, 79836, 97248, 32271, 76484, 30830, 39277]"
117724,"[13612, 35448, 391, 11391, 107117, 5192, 87307, 61608, 18808, 21508]"
117725,"[37972, 16287, 102881, 48706, 65589, 5, 31564, 44010, 30102, 101287]"
117726,"[13363, 83620, 107090, 52665, 45099, 88933, 54231, 72147, 109349, 28642]"
117727,"[10149, 54355, 68090, 20367, 98680, 74576, 58503, 24545, 85869, 89526]"
117728,"[6999, 107901, 12529, 30008, 29056, 25023, 21801, 79625, 7686, 18594]"
117729,"[20037, 25509, 79973, 89649, 109246, 102567, 27439, 13147, 96785, 63828]"
117730,"[79452, 20451, 31886, 31314, 39838, 50135, 62007, 11356, 101640, 61201]"
117731,"[97827, 78623, 101388, 38572, 11357, 96827, 85952, 3660, 37148, 89299]"
117732,"[54338, 70227, 32190, 38953, 92889, 6654, 17838, 88704, 3734, 68732]"
117733,"[71184, 71924, 29720, 99684, 36309, 2123, 59522, 13458, 92872, 25202]"
117734,"[26146, 87043, 63781, 25348, 105811, 84775, 17278, 106204, 92238, 27759]"
117735,"[31680, 93623, 98071, 85128, 8722, 49235, 45094, 26700, 40175, 7712]"
117736,"[107361, 16346, 4514, 69252, 27439, 88011, 6763, 37217, 62378, 18331]"
117737,"[36661, 102192, 108699, 108882, 16035, 69930, 105762, 19372, 13243, 74368]"
117738,"[42412, 36548, 88011, 97502, 101131, 32981, 51904, 8183, 67859, 28610]"
117739,"[41974, 101771, 97077, 55119, 82618, 22915, 68264, 108332, 6938, 12711]"
117740,"[66694, 102296, 2014, 102202, 102473, 23624, 11694, 26884, 40722, 48651]"
117741,"[23798, 14331, 38596, 29722, 81006, 82577, 18558, 34847, 15521, 106277]"
117742,"[72611, 84041, 108271, 71827, 44596, 46360, 81231, 17268, 6880, 3937]"
117743,"[10014, 96019, 100008, 13426, 23230, 29695, 8001, 69718, 104614, 94183]"
117744,"[3350, 94698, 99746, 2952, 99942, 54382, 101278, 64456, 64101, 108836]"
117745,"[86027, 17949, 52249, 100851, 62194, 24452, 23308, 44779, 25827, 6290]"
117746,"[36769, 79078, 108054, 33253, 39754, 80153, 6495, 45005, 32481, 96599]"
117747,"[143, 60790, 49672, 21248, 94166, 97200, 15768, 45997, 36337, 84956]"
117748,"[61803, 73533, 75674, 30227, 34613, 109149, 30964, 43845, 61647, 14485]"
117749,"[51185, 86855, 83514, 24454, 50919, 78055, 82848, 90856, 98739, 27549]"
117750,"[57311, 1526, 57208, 6143, 84280, 106502, 1499, 34135, 67104, 6305]"
117751,"[87697, 100614, 74939, 38584, 22732, 1461, 85644, 63249, 25808, 45395]"
117752,"[77360, 55244, 73074, 97319, 93646, 109344, 77836, 86938, 27416, 32981]"
117753,"[8882, 50987, 20398, 76432, 82529, 71485, 21367, 1451, 96703, 6892]"
117754,"[20163, 102523, 12281, 102222, 92739, 92735, 15619, 94482, 103014, 35561]"
117755,"[44424, 12376, 34610, 24874, 61538, 63430, 13237, 58149, 43230, 89858]"
117756,"[11412, 42532, 62020, 54684, 65170, 49034, 26959, 73098, 84601, 34224]"
117757,"[36648, 5949, 53865, 2470, 12970, 11897, 48696, 53185, 86987, 33482]"
117758,"[53299, 63697, 93348, 92915, 97875, 43891, 38094, 84846, 51641, 98681]"
117759,"[95798, 51004, 66178, 108800, 8513, 45643, 89274, 52759, 24539, 12149]"
117760,"[39159, 11614, 44532, 71810, 61383, 17230, 98004, 99821, 35844, 22034]"
117761,"[97558, 21239, 50861, 84226, 108947, 77720, 90574, 82845, 20442, 94400]"
117762,"[100359, 106833, 67570, 38622, 41819, 22161, 7759, 21258, 19270, 26520]"
117763,"[27443, 56222, 29645, 67399, 6380, 11207, 26452, 46440, 69470, 89984]"
117764,"[52405, 14325, 84084, 106197, 85215, 81449, 102105, 85429, 5756, 3469]"
117765,"[89682, 32760, 28810, 7419, 90464, 7102, 42342, 38913, 86453, 28032]"
117766,"[74585, 30549, 47088, 18177, 60813, 105843, 9056, 39447, 4154, 10338]"
117767,"[65244, 56485, 49877, 79221, 91338, 44043, 71075, 8952, 104683, 14764]"
117768,"[103471, 100269, 84335, 33471, 57834, 69452, 48783, 17140, 56774, 19859]"
117769,"[102652, 62044, 27242, 31453, 81109, 8534, 66583, 42035, 3847, 54947]"
117770,"[56899, 64594, 6759, 103731, 52907, 65415, 8707, 38130, 97871, 34811]"
117771,"[11472, 90269, 98548, 37676, 20734, 89236, 51127, 28982, 103147, 25347]"
117772,"[81123, 19846, 7181, 71231, 88210, 50843, 56525, 39945, 17306, 47613]"
117773,"[74510, 47857, 83612, 25949, 94333, 79043, 24870, 82462, 36521, 66134]"
117774,"[78814, 36351, 108982, 82888, 12395, 11759, 85115, 14471, 23783, 61850]"
117775,"[96413, 44851, 88087, 49816, 72166, 25052, 91267, 81224, 11600, 108067]"
117776,"[35062, 7216, 69025, 83461, 36774, 45800, 30396, 14742, 66752, 53496]"
117777,"[59481, 90186, 71715, 37912, 56593, 35077, 23296, 76698, 85043, 77062]"
117778,"[93340, 94807, 81656, 91732, 106501, 21454, 76378, 41919, 14174, 69252]"
117779,"[61912, 87131, 29814, 94524, 86876, 41276, 13164, 104262, 12473, 106382]"
117780,"[95757, 85604, 93863, 90249, 17413, 29402, 73209, 44055, 80553, 33021]"
117781,"[104009, 96772, 67639, 66977, 42014, 20206, 62100, 32284, 64665, 18330]"
117782,"[84348, 78037, 34055, 7133, 4262, 26160, 19985, 15429, 79625, 39338]"
117783,"[34257, 30952, 76365, 61442, 58281, 41144, 13374, 8194, 19881, 56315]"
117784,"[5083, 95094, 75294, 43750, 13191, 78968, 69056, 102196, 86141, 27135]"
117785,"[50962, 95389, 38284, 94570, 14631, 62306, 44937, 82107, 87978, 59945]"
117786,"[41894, 92176, 21693, 4586, 27313, 71219, 70280, 33762, 48076, 79116]"
117787,"[27065, 34620, 6235, 103678, 65317, 95906, 37219, 12330, 68878, 105074]"
117788,"[1711, 109116, 36423, 43702, 5186, 41846, 71433, 66376, 80814, 5295]"
117789,"[3904, 106618, 72733, 25920, 52982, 18357, 60477, 21119, 71185, 46240]"
117790,"[58080, 75128, 57973, 46633, 89058, 11716, 86991, 5446, 22506, 71586]"
117791,"[4772, 43500, 23934, 101599, 69998, 101347, 97972, 34762, 6761, 88821]"
117792,"[89543, 78073, 2037, 1248, 26160, 88138, 107529, 103641, 60677, 26208]"
117793,"[38363, 87370, 45021, 43730, 60763, 49977, 62746, 69411, 89241, 36955]"
117794,"[98846, 12370, 10214, 93371, 21111, 27905, 55707, 98332, 70178, 88335]"
117795,"[96399, 22755, 102592, 76117, 83792, 5259, 21919, 34496, 23149, 18933]"
117796,"[34148, 47097, 35918, 107597, 86808, 24660, 72371, 74037, 93013, 48327]"
117797,"[74565, 107599, 72230, 106164, 1037, 94599, 81974, 63757, 99664, 27589]"
117798,"[3339, 76403, 50700, 80837, 17147, 51801, 35088, 5357, 92265, 21186]"
117799,"[89437, 42971, 31455, 102035, 48175, 23581, 17963, 16594, 87730, 78065]"
117800,"[30676, 89934, 64766, 60038, 36574, 49245, 91608, 6478, 42163, 16471]"
117801,"[8445, 91686, 87485, 25779, 63927, 101584, 28736, 72153, 5235, 88907]"
117802,"[16315, 20472, 46621, 9909, 30455, 90703, 81239, 15180, 101789, 68601]"
117803,"[72553, 75763, 51757, 60197, 94564, 28792, 91933, 54606, 7203, 48128]"
117804,"[28338, 61374, 99535, 33704, 23184, 27501, 82393, 42283, 53366, 48606]"
117805,"[86863, 7991, 37438, 18311, 23004, 18765, 26747, 41989, 93982, 94246]"
117806,"[29721, 12535, 47414, 82690, 5496, 98979, 6289, 45742, 59444, 90499]"
117807,"[81895, 58511, 103908, 104402, 79281, 84221, 18514, 33245, 83531, 26462]"
117808,"[41131, 98980, 83978, 80635, 105523, 39305, 89627, 58700, 61601, 753]"
117809,"[36473, 65572, 7010, 7917, 61625, 51703, 82506, 27580, 99372, 2536]"
117810,"[99719, 77484, 21141, 106570, 24751, 35209, 9476, 78456, 98196, 27695]"
117811,"[31266, 47110, 49065, 11446, 24958, 2444, 75469, 88914, 48367, 1356]"
117812,"[36363, 78045, 11754, 24186, 38646, 42090, 41947, 71100, 66634, 85217]"
117813,"[76326, 54012, 65712, 35382, 30994, 1630, 76009, 63575, 25971, 60379]"
117814,"[39687, 50981, 101162, 96789, 27808, 16973, 44180, 45490, 78841, 69120]"
117815,"[101768, 12766, 12251, 71716, 11215, 13820, 59648, 69612, 59250, 23859]"
117816,"[106505, 57333, 65490, 28905, 26955, 80818, 85019, 73751, 4524, 65771]"
117817,"[51375, 74320, 81795, 78597, 55992, 90635, 11667, 73650, 74982, 47157]"
117818,"[75292, 1660, 86731, 27810, 43831, 67689, 81629, 27188, 76315, 25677]"
117819,"[12824, 15210, 1647, 15709, 62485, 100659, 50521, 98418, 48760, 72383]"
117820,"[8031, 45183, 95719, 78183, 77820, 86370, 10060, 59461, 81414, 7223]"
117821,"[8808, 23892, 42103, 102978, 78578, 52024, 49426, 2539, 78944, 17520]"
117822,"[91565, 48410, 48426, 92507, 37067, 88219, 106237, 54163, 42939, 8462]"
117823,"[85091, 104256, 65852, 42255, 106136, 27549, 92943, 34251, 94658, 42570]"
117824,"[101544, 31754, 8721, 74139, 85051, 16867, 100849, 51729, 29031, 9851]"
117825,"[43548, 90215, 1333, 73653, 77203, 36464, 84418, 74874, 41409, 8900]"
117826,"[25725, 25118, 81519, 66875, 41734, 21278, 38694, 22233, 93964, 20979]"
117827,"[40599, 48914, 108151, 9234, 85883, 86334, 56108, 45614, 1303, 71149]"
117828,"[76341, 37792, 106848, 44367, 89818, 94358, 94731, 83302, 71362, 89767]"
117829,"[1152, 72206, 15510, 78373, 45834, 35216, 45718, 88430, 54934, 15138]"
117830,"[40472, 105510, 84480, 3164, 70145, 2821, 94101, 101464, 63070, 13621]"
117831,"[22845, 42609, 95369, 82593, 53177, 99783, 89786, 78430, 75737, 82212]"
117832,"[53246, 66714, 16720, 58303, 92560, 69757, 29079, 89369, 43777, 80443]"
117833,"[33135, 105626, 26384, 39145, 54911, 106629, 24860, 100823, 8219, 73294]"
117834,"[94419, 431, 15094, 2929, 20842, 13124, 14399, 29450, 107939, 94293]"
117835,"[4418, 1093, 89652, 31757, 25105, 105721, 95945, 77946, 61242, 96499]"
117836,"[13310, 64862, 43339, 106949, 4551, 8820, 19498, 21840, 77821, 87046]"
117837,"[91194, 59818, 76412, 29397, 106200, 103713, 60734, 105176, 43230, 82745]"
117838,"[64251, 69812, 22591, 15146, 7710, 17038, 7591, 9208, 62188, 9158]"
117839,"[93340, 5181, 65305, 80826, 1112, 64154, 60016, 14878, 94807, 76886]"
117840,"[95895, 97789, 70895, 50724, 42628, 51648, 19996, 100808, 366, 66219]"
117841,"[7390, 10838, 5440, 103969, 63231, 13054, 51620, 13519, 93432, 1551]"
117842,"[21465, 8020, 96752, 18164, 91735, 42668, 19704, 44554, 31140, 25257]"
117843,"[53100, 94184, 47580, 37718, 67672, 88057, 67446, 24581, 15044, 51230]"
117844,"[7103, 64026, 31865, 31788, 12241, 70040, 60799, 69831, 93022, 62629]"
117845,"[47133, 97471, 106680, 23662, 15895, 103598, 62069, 105756, 60690, 109237]"
117846,"[54005, 89620, 44662, 50690, 103311, 54259, 59595, 5645, 76224, 42791]"
117847,"[9163, 20447, 102645, 28363, 79093, 33850, 47771, 87523, 107577, 70640]"
117848,"[11939, 19021, 67305, 69465, 6027, 48161, 64675, 3171, 25363, 100565]"
117849,"[90362, 28212, 34932, 106592, 65393, 108496, 46466, 46840, 7291, 46318]"
117850,"[81899, 78024, 53217, 86505, 31342, 39726, 85960, 96375, 88831, 97165]"
117851,"[13714, 56499, 87710, 37086, 102376, 8752, 88958, 100143, 76161, 9363]"
117852,"[66450, 101025, 45662, 12727, 103404, 46280, 41545, 37617, 98085, 12162]"
117853,"[77142, 77326, 23790, 8586, 38451, 3686, 90163, 84219, 36555, 60261]"
117854,"[106803, 107466, 38135, 97955, 18985, 60865, 16853, 15165, 35711, 22983]"
117855,"[7442, 70760, 100036, 94333, 100188, 87054, 109426, 20211, 91091, 34532]"
117856,"[23137, 32206, 23735, 13951, 36323, 46611, 33191, 55021, 55584, 102213]"
117857,"[10132, 105578, 80816, 109453, 98651, 20704, 44154, 88124, 18245, 1184]"
117858,"[61053, 97211, 29860, 49064, 39663, 48983, 84379, 33124, 65317, 97534]"
117859,"[54082, 104372, 63342, 84258, 3495, 22144, 39416, 70863, 43282, 88591]"
117860,"[17171, 3066, 50530, 46957, 34803, 669, 55544, 56010, 107644, 8610]"
117861,"[97354, 268, 2088, 48985, 48733, 27156, 44105, 106584, 8954, 93446]"
117862,"[75814, 47477, 94398, 74155, 98054, 109726, 70160, 25712, 76291, 106504]"
117863,"[34783, 64950, 38455, 9574, 70145, 88135, 94101, 50241, 74115, 65035]"
117864,"[84270, 48216, 10770, 42788, 104444, 73644, 109, 5416, 61765, 43193]"
117865,"[39950, 71430, 102751, 4954, 30333, 41218, 8560, 50382, 75489, 52591]"
117866,"[95065, 10953, 46858, 95684, 52812, 89868, 26245, 39064, 57557, 40332]"
117867,"[79350, 23977, 67015, 87782, 108279, 48265, 76988, 84491, 58417, 81323]"
117868,"[84883, 33635, 13624, 14787, 32706, 85758, 69214, 28575, 35294, 4592]"
117869,"[70138, 10248, 12304, 62535, 23377, 61366, 54874, 83716, 48991, 3515]"
117870,"[188, 35978, 73654, 45098, 94474, 22129, 64258, 80392, 68365, 80714]"
117871,"[24540, 1014, 16787, 35550, 433, 96895, 77185, 29808, 70695, 56135]"
117872,"[95918, 98429, 4617, 77318, 42010, 98602, 56888, 88279, 53442, 55171]"
117873,"[47821, 50771, 11480, 84057, 17555, 84093, 86946, 4532, 24144, 36537]"
117874,"[64910, 87930, 42872, 48456, 15279, 64870, 102576, 74667, 35618, 10009]"
117875,"[90681, 7053, 31517, 26549, 106426, 23802, 100129, 86097, 38745, 95525]"
117876,"[70364, 100792, 103624, 97603, 18347, 44019, 21282, 70763, 40093, 53650]"
117877,"[46178, 82405, 38381, 94817, 22362, 80777, 23680, 79634, 54196, 67947]"
117878,"[84536, 5927, 22584, 9199, 99837, 82845, 106986, 97558, 77328, 107717]"
117879,"[39094, 93712, 31258, 50536, 64266, 56526, 5151, 11575, 58368, 12806]"
117880,"[102464, 101487, 34371, 85666, 20058, 101733, 106220, 29276, 16627, 74416]"
117881,"[68495, 20942, 46949, 6261, 19734, 63207, 89050, 94167, 98339, 94245]"
117882,"[35183, 60206, 66002, 92230, 25931, 6691, 108209, 36698, 46173, 80381]"
117883,"[53013, 69170, 42081, 97485, 21885, 95752, 25921, 62193, 44019, 46298]"
117884,"[51764, 5460, 80688, 3223, 55262, 24137, 23405, 108401, 59175, 1194]"
117885,"[109771, 97722, 9485, 63220, 543, 44163, 31371, 40287, 55533, 58971]"
117886,"[69358, 62820, 82612, 38182, 39894, 28791, 2211, 3192, 75740, 19717]"
117887,"[102287, 8401, 69965, 66188, 106811, 3318, 32431, 34054, 53370, 42104]"
117888,"[23695, 21135, 96662, 106126, 40305, 97569, 16582, 90583, 49253, 85238]"
117889,"[32860, 16288, 108592, 5903, 78641, 7172, 13282, 54113, 191, 63464]"
117890,"[22600, 22416, 87436, 50317, 27190, 50416, 44094, 7023, 76863, 99388]"
117891,"[12477, 73198, 29809, 98246, 108460, 12760, 85884, 59453, 50835, 54984]"
117892,"[109561, 45796, 17585, 9109, 8548, 106568, 11820, 58432, 59966, 21414]"
117893,"[79857, 36264, 10948, 29732, 106144, 62892, 30468, 86488, 73399, 78416]"
117894,"[29157, 75283, 62155, 32615, 17916, 24087, 84189, 85032, 74238, 8169]"
117895,"[98500, 87535, 77259, 49034, 103513, 40776, 45591, 55867, 55022, 90923]"
117896,"[28825, 54555, 50000, 53705, 36345, 17211, 15678, 71314, 72118, 49311]"
117897,"[103913, 78239, 55699, 66732, 70605, 101919, 42358, 64383, 87980, 94027]"
117898,"[88236, 103463, 91979, 66351, 31633, 62765, 57731, 52784, 19381, 7149]"
117899,"[15018, 26621, 15955, 11110, 6480, 1675, 57687, 3690, 20845, 99946]"
117900,"[11572, 16646, 4744, 87786, 87092, 32845, 90898, 66101, 84815, 63745]"
117901,"[86675, 87497, 102100, 25429, 45101, 85929, 31905, 80135, 66656, 56197]"
117902,"[96644, 6987, 8129, 42031, 77378, 20763, 8237, 108130, 14524, 93689]"
117903,"[14866, 55472, 19525, 102091, 59217, 54736, 22928, 33129, 75348, 102614]"
117904,"[36657, 52679, 33562, 49251, 109008, 17260, 6717, 44945, 93954, 59564]"
117905,"[24335, 56362, 99171, 101373, 77231, 108697, 13, 88169, 88422, 75182]"
117906,"[43043, 68169, 33443, 7522, 59139, 21817, 69374, 102145, 107791, 24269]"
117907,"[15822, 17093, 18410, 43995, 106957, 97369, 11793, 13604, 17141, 52993]"
117908,"[65648, 22840, 15299, 41954, 89604, 72017, 94441, 82983, 24390, 18535]"
117909,"[32599, 79444, 100395, 12394, 16825, 67811, 1190, 44358, 58717, 80591]"
117910,"[40016, 45171, 109098, 100726, 14543, 66935, 46512, 27034, 60186, 81748]"
117911,"[50935, 109020, 25743, 70548, 82345, 42823, 3124, 24594, 21578, 87783]"
117912,"[68751, 48703, 95847, 67010, 11541, 32818, 767, 85756, 52133, 56416]"
117913,"[76493, 55441, 28463, 51268, 31375, 25506, 90419, 2810, 71198, 63248]"
117914,"[9862, 43634, 97700, 33876, 98145, 2101, 15001, 72466, 53795, 34914]"
117915,"[60132, 3497, 15870, 51752, 98788, 98200, 74973, 97975, 4328, 9127]"
117916,"[13531, 106624, 105213, 97352, 39433, 47429, 40838, 34850, 101061, 88053]"
117917,"[85366, 19169, 7076, 48844, 25946, 23055, 14304, 46075, 88750, 26209]"
117918,"[49704, 33425, 51455, 2274, 20119, 31697, 81710, 17361, 5742, 78356]"
117919,"[64992, 47385, 42340, 63207, 4889, 55948, 10315, 104203, 52189, 50887]"
117920,"[53696, 84403, 88458, 52838, 89770, 31005, 104608, 95405, 108134, 60472]"
117921,"[80376, 7948, 91504, 82841, 18603, 18225, 80718, 10052, 104559, 5404]"
117922,"[83584, 19722, 100561, 24267, 90975, 45033, 47734, 106179, 84274, 99005]"
117923,"[94235, 50921, 1041, 48292, 16208, 71878, 67183, 301, 70789, 35278]"
117924,"[38483, 88229, 76436, 44589, 6765, 51674, 40431, 24477, 59345, 74537]"
117925,"[93862, 1950, 27851, 25596, 36776, 86023, 26473, 41036, 60664, 27424]"
117926,"[390, 54789, 82077, 45541, 30911, 42771, 105350, 39439, 103049, 49728]"
117927,"[86978, 56110, 78599, 49491, 96634, 59920, 15816, 2679, 40182, 54740]"
117928,"[61817, 54546, 82363, 50117, 48621, 46310, 13959, 65444, 46447, 94180]"
117929,"[26206, 71551, 54641, 83532, 84827, 59349, 52062, 6954, 40926, 3732]"
117930,"[30710, 3269, 2456, 64442, 106794, 64059, 60455, 98612, 13615, 66383]"
117931,"[90563, 9580, 17899, 60497, 77352, 11288, 8885, 83338, 24696, 12844]"
117932,"[47716, 93135, 52883, 90052, 1904, 39257, 10703, 54146, 450, 13470]"
117933,"[44242, 62809, 34218, 82657, 100884, 69916, 52203, 60949, 96762, 21759]"
117934,"[69668, 88629, 6942, 5327, 28804, 108028, 6806, 73826, 21361, 39187]"
117935,"[35626, 96694, 59943, 96445, 86988, 42521, 30006, 70082, 89859, 415]"
117936,"[28154, 43064, 6985, 9239, 82341, 18025, 57525, 8254, 41251, 34047]"
117937,"[103958, 41840, 30401, 44652, 18669, 99858, 49190, 17053, 40748, 42253]"
117938,"[106228, 89408, 8764, 41433, 20218, 80383, 33032, 9052, 16575, 58516]"
117939,"[28049, 36300, 23028, 42782, 87109, 56885, 80810, 13194, 72359, 84528]"
117940,"[69953, 88078, 93441, 107593, 44544, 64968, 81511, 2632, 32201, 78258]"
117941,"[93422, 11779, 101513, 109503, 32921, 96049, 105349, 48778, 76276, 1659]"
117942,"[61274, 29696, 53798, 24743, 93226, 63109, 83785, 16084, 11543, 29564]"
117943,"[70721, 69810, 76827, 29012, 73910, 71596, 7938, 27182, 96559, 69326]"
117944,"[92430, 102451, 26882, 64500, 56953, 85438, 97075, 63760, 69863, 55030]"
117945,"[6380, 29645, 67399, 66852, 46440, 11207, 109199, 77366, 26452, 1434]"
117946,"[69272, 8687, 21190, 84132, 96120, 109701, 98541, 39229, 28932, 76186]"
117947,"[44054, 6419, 87838, 9604, 80800, 108058, 71872, 43574, 92077, 63343]"
117948,"[3017, 5976, 26380, 63170, 58914, 51879, 65810, 91399, 84631, 84088]"
117949,"[55590, 102196, 27229, 9987, 103930, 40601, 95094, 9574, 64950, 27979]"
117950,"[34388, 67445, 38406, 77980, 12400, 10161, 106952, 60349, 62890, 101004]"
117951,"[13974, 64358, 103293, 84047, 30713, 74405, 87436, 26819, 72343, 70887]"
117952,"[31213, 28555, 85841, 48967, 22644, 30499, 50291, 47625, 15607, 16355]"
117953,"[71280, 68580, 62387, 86367, 36086, 79941, 84080, 92037, 74600, 14365]"
117954,"[98558, 19022, 60571, 104151, 24406, 43366, 14660, 55892, 83858, 66145]"
117955,"[9950, 68164, 57842, 74751, 29263, 64710, 108176, 107079, 2792, 88896]"
117956,"[54410, 64091, 162, 74201, 55364, 22837, 54577, 42605, 65730, 68775]"
117957,"[100197, 41711, 107515, 84440, 28674, 87893, 11951, 79220, 92671, 83843]"
117958,"[9819, 29109, 35043, 95530, 7678, 34061, 65323, 49344, 44021, 80693]"
117959,"[15656, 61593, 34158, 12268, 15291, 102584, 104854, 52500, 33021, 81604]"
117960,"[75752, 47422, 53778, 37911, 47270, 57720, 84404, 57904, 92780, 12606]"
117961,"[33196, 23445, 25237, 24306, 84462, 40503, 4202, 89770, 66977, 37735]"
117962,"[32828, 53754, 70815, 33401, 40617, 106712, 32881, 72130, 53986, 53571]"
117963,"[76451, 108516, 56283, 86403, 101782, 69217, 98185, 48637, 33748, 71494]"
117964,"[7073, 51105, 104242, 16883, 56142, 44177, 4031, 87960, 67828, 105125]"
117965,"[7020, 93913, 78659, 88212, 49941, 108589, 88070, 97503, 62765, 18741]"
117966,"[1446, 1375, 14743, 57710, 39482, 72181, 107111, 46486, 78491, 45561]"
117967,"[22523, 25196, 32357, 14058, 103020, 91079, 2350, 91026, 94346, 29410]"
117968,"[65296, 62424, 24778, 37690, 67795, 40743, 37561, 29872, 16839, 9283]"
117969,"[85828, 96165, 104413, 101360, 22502, 49277, 99236, 61805, 69374, 102145]"
117970,"[47081, 101745, 42136, 50750, 100085, 107398, 30943, 105613, 29473, 52962]"
117971,"[93118, 96867, 61697, 43602, 58574, 78888, 48059, 1011, 75201, 34405]"
117972,"[44344, 52697, 38307, 99550, 76244, 58243, 49516, 97416, 1801, 103852]"
117973,"[82324, 101284, 21320, 17607, 97039, 72435, 14452, 48097, 34850, 41796]"
117974,"[48840, 67098, 73273, 106170, 26135, 10386, 4346, 5, 19908, 32258]"
117975,"[96459, 25766, 6611, 19380, 82238, 17175, 77656, 25470, 99171, 86092]"
117976,"[3514, 6188, 75221, 94620, 90149, 20429, 93993, 64660, 14704, 32868]"
117977,"[61678, 90046, 72162, 2615, 69642, 94650, 24388, 46604, 10962, 72140]"
117978,"[50202, 50131, 2265, 79812, 92812, 74944, 29225, 67767, 26994, 52245]"
117979,"[30475, 92568, 49482, 25457, 63460, 59606, 39859, 22019, 106728, 61121]"
117980,"[78061, 92849, 60292, 62043, 103935, 55836, 94490, 45722, 79296, 99005]"
117981,"[1892, 9491, 30338, 91446, 90737, 69510, 86325, 88734, 57167, 84803]"
117982,"[62318, 58509, 14834, 88158, 79914, 46694, 93486, 48631, 71993, 100591]"
117983,"[103488, 105591, 38542, 35759, 59997, 25508, 23808, 59751, 47414, 12535]"
117984,"[39344, 85432, 75859, 2300, 90496, 98164, 85507, 21878, 16556, 58768]"
117985,"[101754, 21993, 10843, 4347, 73556, 5296, 93669, 87905, 64236, 2704]"
117986,"[51157, 9235, 104276, 88901, 41953, 108443, 26435, 5619, 41998, 80382]"
117987,"[78103, 6065, 10498, 817, 97606, 60403, 86865, 22612, 73132, 60652]"
117988,"[45206, 62649, 81132, 84589, 9900, 88208, 13095, 51496, 77643, 14638]"
117989,"[46188, 101750, 65904, 95003, 69852, 4767, 93065, 35059, 29670, 85525]"
117990,"[49909, 732, 28391, 100444, 52931, 27748, 93171, 53267, 50140, 74483]"
117991,"[87550, 28979, 30027, 56028, 68181, 56526, 82234, 80025, 37816, 46744]"
117992,"[60701, 16937, 10000, 94151, 87950, 75629, 12277, 55251, 7260, 35669]"
117993,"[1547, 43037, 103903, 42919, 42513, 101531, 57321, 75395, 23188, 87718]"
117994,"[97500, 74992, 101292, 29164, 107426, 21894, 85918, 33576, 105099, 108670]"
117995,"[99784, 51058, 76673, 20439, 38409, 48415, 98807, 39701, 47876, 105289]"
117996,"[108865, 44172, 66727, 100958, 103180, 30172, 60228, 8507, 72972, 45067]"
117997,"[102182, 13446, 4855, 11108, 63169, 784, 56778, 87352, 26305, 104374]"
117998,"[33714, 19335, 20785, 37299, 14907, 51685, 79014, 40168, 55673, 75667]"
117999,"[17690, 13507, 34614, 40262, 10780, 83839, 28056, 88017, 101719, 83191]"
118000,"[66227, 22692, 6672, 87023, 58937, 56725, 25990, 5335, 17240, 61903]"
118001,"[6572, 50706, 100895, 101437, 79948, 58875, 10420, 11491, 3780, 40477]"
118002,"[72114, 39139, 25500, 47020, 34085, 37441, 76945, 54389, 35919, 64214]"
118003,"[6574, 43143, 14291, 49339, 27520, 95306, 83192, 103249, 74443, 91889]"
118004,"[23748, 18103, 43277, 107064, 26313, 18914, 94940, 4673, 104783, 89383]"
118005,"[16771, 80041, 92609, 8997, 5306, 24730, 32562, 35485, 52276, 104178]"
118006,"[95423, 43979, 47647, 25810, 48603, 46522, 71816, 8324, 34197, 26414]"
118007,"[36454, 99297, 98464, 25776, 23795, 98094, 72165, 11466, 100502, 6407]"
118008,"[21757, 33941, 90629, 57956, 44504, 98674, 71352, 18276, 15502, 99855]"
118009,"[42363, 17386, 10577, 31093, 95120, 85161, 78912, 32192, 53324, 35486]"
118010,"[71890, 42978, 79132, 65025, 17955, 37975, 74127, 14208, 58326, 59523]"
118011,"[99848, 106730, 40834, 50179, 103274, 6950, 56790, 20866, 44377, 90156]"
118012,"[106926, 17891, 4389, 68317, 24239, 7738, 108390, 76464, 62420, 53997]"
118013,"[44041, 60385, 84867, 47121, 70624, 39066, 42664, 75813, 83279, 25007]"
118014,"[92134, 18021, 20582, 33715, 50371, 34077, 13283, 6067, 70515, 18319]"
118015,"[16408, 35381, 46559, 105120, 27984, 70472, 30193, 20502, 54188, 35549]"
118016,"[41908, 58437, 39887, 82530, 53912, 17708, 41148, 58064, 59935, 96756]"
118017,"[46652, 17935, 57181, 50333, 53317, 18129, 35762, 66578, 55588, 9065]"
118018,"[18114, 62408, 1440, 78641, 71054, 31400, 11709, 54113, 29902, 77343]"
118019,"[14105, 6175, 95348, 54318, 98021, 59687, 51073, 71215, 44231, 15531]"
118020,"[105365, 4884, 90611, 77706, 57675, 51152, 77444, 17344, 30125, 40506]"
118021,"[63490, 13696, 21117, 81715, 69342, 26274, 31936, 100207, 68455, 30546]"
118022,"[53641, 11178, 84780, 82039, 105955, 76667, 105316, 38270, 50916, 51062]"
118023,"[51549, 48675, 98335, 49882, 54466, 38424, 102396, 33292, 13691, 68038]"
118024,"[92354, 53936, 79065, 26850, 34914, 32790, 66158, 67853, 91322, 107332]"
118025,"[1567, 58781, 109239, 81409, 15169, 85896, 108890, 64198, 97771, 27959]"
118026,"[89017, 82813, 49443, 83504, 45262, 68154, 91983, 95641, 92154, 68855]"
118027,"[17668, 85036, 78551, 4947, 60477, 65688, 89663, 9018, 75213, 80343]"
118028,"[8189, 2209, 2198, 55108, 18786, 45841, 12876, 10674, 19079, 72406]"
118029,"[108522, 38855, 97922, 60102, 35605, 14476, 94523, 76767, 78596, 94940]"
118030,"[92729, 15306, 18111, 51756, 93487, 98112, 22648, 15116, 101794, 10043]"
118031,"[5663, 90422, 4637, 46454, 105077, 64624, 97030, 24400, 60695, 102493]"
118032,"[2018, 1929, 79946, 103590, 74481, 72395, 55596, 22808, 70603, 90270]"
118033,"[70652, 4101, 86846, 43883, 1443, 47863, 17268, 34224, 48587, 18621]"
118034,"[19199, 42941, 18989, 47841, 54680, 16514, 14790, 67485, 18660, 24488]"
118035,"[74530, 81510, 93640, 40680, 88794, 1483, 64277, 7934, 6115, 70702]"
118036,"[5964, 76799, 32089, 77842, 108246, 87734, 17214, 83827, 76295, 72749]"
118037,"[104100, 26159, 79537, 67843, 41542, 1291, 13749, 12193, 7629, 98612]"
118038,"[36306, 70795, 57441, 32166, 30581, 35461, 71635, 34730, 80546, 28621]"
118039,"[39836, 31617, 9046, 80378, 2339, 99396, 50982, 35075, 33695, 16447]"
118040,"[96656, 88754, 59342, 60438, 91264, 19082, 2586, 87526, 8552, 15285]"
118041,"[40696, 51722, 104444, 70547, 4813, 7953, 10757, 63543, 55151, 6271]"
118042,"[78630, 80811, 37031, 87150, 71048, 95220, 3641, 23430, 64022, 55820]"
118043,"[43951, 49330, 13086, 20833, 11774, 96770, 61170, 103707, 35378, 32309]"
118044,"[98096, 95932, 7270, 69176, 21105, 25344, 49250, 79425, 104629, 22825]"
118045,"[46336, 21833, 100115, 52717, 15079, 105958, 66254, 70734, 70730, 88043]"
118046,"[102468, 47690, 109204, 54464, 53465, 17650, 4364, 63577, 48916, 8318]"
118047,"[59233, 97532, 66496, 19753, 61172, 32402, 27349, 100027, 26552, 82175]"
118048,"[15534, 107645, 8090, 90058, 25769, 44120, 80552, 86446, 25389, 91448]"
118049,"[22786, 54063, 92073, 7248, 33334, 39691, 84154, 61726, 76894, 42849]"
118050,"[99712, 55616, 21671, 101457, 76902, 46903, 32910, 52673, 81324, 12474]"
118051,"[64886, 7623, 88671, 104957, 76640, 74509, 75296, 45268, 27161, 34551]"
118052,"[61680, 35536, 62445, 18681, 80177, 53811, 37339, 41774, 85556, 64408]"
118053,"[28154, 43064, 6985, 9239, 82341, 18025, 73562, 34047, 8086, 29681]"
118054,"[68504, 43539, 26347, 12980, 38744, 40227, 79738, 15664, 97378, 58444]"
118055,"[11475, 75580, 85105, 96270, 14985, 94065, 8135, 98462, 83496, 68799]"
118056,"[12498, 66972, 44919, 70556, 66812, 71948, 51008, 69978, 15289, 104643]"
118057,"[27156, 5047, 38035, 55538, 90738, 42559, 9529, 71594, 7721, 109312]"
118058,"[52128, 77316, 4137, 97744, 26732, 106613, 8856, 16511, 1849, 91134]"
118059,"[100729, 75919, 79070, 9746, 96330, 84522, 45498, 100067, 97714, 94942]"
118060,"[16055, 66239, 89492, 24962, 8995, 76127, 102221, 33207, 56128, 83706]"
118061,"[67366, 53181, 92108, 55613, 1622, 108363, 30800, 106302, 77016, 43044]"
118062,"[54918, 40170, 29067, 30329, 104831, 63532, 60082, 16384, 93389, 13350]"
118063,"[95155, 19614, 22975, 19755, 61114, 86237, 41336, 41900, 22196, 68689]"
118064,"[29342, 12084, 21266, 48464, 54633, 69647, 22191, 15308, 81389, 8565]"
118065,"[99942, 19346, 55935, 24171, 32530, 101278, 55984, 9286, 24504, 51241]"
118066,"[35753, 92795, 89623, 25564, 79088, 100351, 73925, 98851, 73358, 7246]"
118067,"[63480, 74018, 33812, 88597, 78820, 62164, 102917, 90626, 1939, 95749]"
118068,"[17309, 91762, 45166, 106971, 25078, 39657, 66376, 82597, 19795, 15317]"
118069,"[58885, 78286, 49448, 55621, 39837, 52437, 66589, 101552, 106612, 38692]"
118070,"[9892, 27998, 101859, 56835, 58121, 13921, 33658, 7477, 11287, 31447]"
118071,"[3627, 11236, 23367, 27040, 27966, 6538, 48707, 78355, 83943, 54179]"
118072,"[79510, 47066, 47523, 41301, 7278, 39290, 2353, 65646, 33620, 36717]"
118073,"[67586, 3275, 79315, 1197, 18754, 24515, 18718, 76060, 48955, 98059]"
118074,"[11669, 46446, 29599, 39619, 58392, 8423, 37833, 104036, 38202, 34639]"
118075,"[85857, 73517, 56489, 92443, 108827, 13707, 54970, 50377, 107237, 94015]"
118076,"[50700, 51801, 75629, 10150, 69656, 81745, 90643, 24362, 6250, 96855]"
118077,"[16893, 14250, 9386, 82797, 82265, 21298, 65621, 80199, 72021, 14116]"
118078,"[72835, 88101, 90731, 17657, 73674, 88932, 28946, 99863, 99840, 76873]"
118079,"[32900, 80222, 39723, 18139, 11952, 47559, 27449, 37721, 27538, 65426]"
118080,"[31979, 71393, 23350, 88643, 10581, 88346, 57222, 71508, 88804, 54485]"
118081,"[59526, 73940, 5379, 41499, 17308, 69450, 106747, 30022, 40170, 58581]"
118082,"[26940, 20038, 93927, 80600, 77854, 60313, 33318, 46880, 24081, 98468]"
118083,"[60613, 59291, 89207, 90145, 82256, 37691, 78631, 47829, 16014, 60]"
118084,"[6643, 34835, 107075, 67448, 4837, 88334, 102786, 109323, 73681, 90732]"
118085,"[64378, 27058, 103054, 75070, 49430, 106259, 38958, 103457, 98839, 107299]"
118086,"[28502, 45276, 54500, 39441, 61053, 40623, 94074, 16836, 12514, 85343]"
118087,"[31532, 87655, 36727, 80945, 95821, 89244, 55142, 21444, 100256, 89137]"
118088,"[10084, 30000, 78730, 62777, 29706, 58096, 26066, 109189, 97363, 63402]"
118089,"[100372, 80962, 13410, 44687, 26856, 98950, 4856, 87740, 29416, 46659]"
118090,"[51042, 48689, 74752, 40779, 68170, 45085, 71749, 49106, 61528, 86376]"
118091,"[42303, 35589, 14462, 63938, 46918, 43723, 59788, 76320, 98855, 83436]"
118092,"[50123, 69653, 58587, 102533, 62172, 85219, 98777, 14173, 47421, 86791]"
118093,"[10640, 50414, 107694, 5720, 101814, 102249, 27240, 29423, 79287, 13938]"
118094,"[99673, 51468, 56520, 33893, 78822, 105459, 15696, 8031, 8831, 50812]"
118095,"[19720, 27631, 83782, 94442, 16276, 7724, 1712, 85786, 87860, 84760]"
118096,"[2549, 91479, 7724, 39783, 65995, 32097, 67212, 52390, 27533, 50700]"
118097,"[34476, 94558, 106232, 13564, 89530, 64055, 10701, 99523, 60467, 22225]"
118098,"[72612, 19492, 17807, 82343, 17840, 91409, 34591, 91321, 25553, 5905]"
118099,"[97262, 74617, 31707, 90215, 73653, 1333, 50224, 69823, 23518, 61189]"
118100,"[24355, 32393, 65286, 84180, 29027, 83672, 84807, 76926, 40866, 5679]"
118101,"[35052, 61394, 41178, 98869, 28978, 102270, 103624, 100792, 74714, 21808]"
118102,"[40444, 1506, 54110, 81886, 73185, 23094, 36583, 25431, 59555, 7015]"
118103,"[34254, 16817, 35683, 22133, 78695, 19407, 38516, 26178, 81029, 101376]"
118104,"[6988, 69033, 63108, 54347, 105909, 17600, 103523, 67729, 108763, 19434]"
118105,"[45539, 104249, 96239, 60916, 4671, 33499, 106941, 90303, 82740, 106339]"
118106,"[94487, 39197, 23072, 6357, 80954, 16720, 14831, 61695, 49896, 103654]"
118107,"[45303, 17304, 38219, 6021, 98859, 48322, 108456, 40066, 79051, 38154]"
118108,"[52972, 25568, 98927, 108101, 34969, 55218, 64879, 80398, 72210, 19643]"
118109,"[7326, 54331, 77771, 55364, 74201, 85182, 80368, 53477, 3722, 22140]"
118110,"[51804, 2594, 105419, 682, 31800, 99390, 105579, 5947, 11225, 101126]"
118111,"[83760, 65679, 53414, 3604, 99241, 1121, 86666, 41238, 90347, 91216]"
118112,"[98498, 83699, 81092, 93293, 46511, 78452, 81030, 4157, 3462, 87767]"
118113,"[27191, 80482, 5945, 5698, 96739, 102457, 6336, 15888, 23467, 36918]"
118114,"[74162, 42528, 48192, 96967, 14191, 63184, 5681, 42118, 66334, 67511]"
118115,"[6968, 70189, 92647, 25994, 4001, 56022, 62968, 25622, 55197, 53712]"
118116,"[42986, 88232, 13042, 45377, 16916, 53269, 55052, 18007, 27630, 107175]"
118117,"[94099, 90978, 35207, 85244, 93099, 98629, 103417, 74752, 94554, 39363]"
118118,"[26566, 25223, 26763, 10649, 64814, 71675, 1068, 108763, 83884, 76917]"
118119,"[97776, 98180, 89805, 93179, 13542, 47580, 9963, 1832, 84253, 8878]"
118120,"[44103, 61459, 108866, 12039, 105218, 8093, 13108, 47133, 10235, 52583]"
118121,"[11467, 66524, 28695, 19159, 87856, 91122, 79922, 39982, 42269, 35244]"
118122,"[41375, 99857, 96575, 74225, 101529, 80231, 59035, 92251, 85361, 59819]"
118123,"[20803, 22797, 631, 103274, 54989, 101216, 46399, 44683, 97731, 94081]"
118124,"[104474, 44895, 10644, 39062, 100448, 24678, 39590, 62071, 47575, 65828]"
118125,"[42245, 96613, 68152, 50484, 76330, 104399, 105605, 45389, 63957, 32978]"
118126,"[42392, 72773, 71389, 50658, 25067, 68974, 37471, 16607, 63972, 25362]"
118127,"[42008, 88047, 65638, 16558, 98090, 63234, 106538, 30736, 49546, 99780]"
118128,"[75062, 67219, 80805, 96245, 102653, 17241, 38412, 94499, 62894, 85927]"
118129,"[60326, 98359, 89137, 100256, 70623, 74563, 49615, 104837, 84610, 16240]"
118130,"[54243, 55012, 83091, 17690, 20690, 13507, 78424, 43562, 95298, 105017]"
118131,"[27889, 85815, 108392, 90576, 107808, 65575, 43585, 50782, 25753, 63179]"
118132,"[83530, 90843, 6771, 56719, 2489, 86907, 8133, 69926, 1601, 26934]"
118133,"[73852, 55087, 60067, 107333, 43603, 44645, 62871, 85779, 22875, 3596]"
118134,"[68680, 44482, 102832, 67618, 77505, 68996, 15054, 95889, 5858, 52145]"
118135,"[63975, 48368, 107851, 57836, 10777, 39624, 47092, 12478, 57960, 92699]"
118136,"[44560, 48497, 3305, 108925, 69961, 33516, 101294, 29389, 105964, 19148]"
118137,"[21184, 106147, 72689, 10758, 16053, 99009, 107656, 67340, 101137, 36986]"
118138,"[30205, 25670, 78457, 96630, 45712, 104062, 63465, 2712, 99372, 37274]"
118139,"[50739, 70183, 37824, 11689, 43432, 25870, 97408, 91683, 99162, 63005]"
118140,"[80293, 97366, 74899, 82285, 84437, 8505, 44399, 46111, 15813, 90193]"
118141,"[77416, 32488, 42294, 78845, 69753, 16882, 55507, 34131, 103482, 59867]"
118142,"[60890, 32101, 28531, 36553, 60012, 73331, 43172, 83935, 38197, 3633]"
118143,"[55091, 23141, 109447, 47168, 41457, 79481, 108118, 11796, 22099, 84588]"
118144,"[99864, 98045, 28095, 103468, 54559, 3343, 68908, 11474, 104037, 89306]"
118145,"[13388, 54834, 83009, 44801, 51290, 7017, 72956, 95843, 68845, 23605]"
118146,"[93146, 89798, 46501, 26985, 59742, 31907, 807, 91557, 99628, 83793]"
118147,"[63279, 20365, 11386, 20101, 54078, 41037, 48134, 38587, 37543, 33262]"
118148,"[76185, 19368, 90802, 24200, 45717, 47208, 8286, 30320, 34244, 86046]"
118149,"[85888, 33096, 17328, 15008, 4357, 104290, 19235, 35928, 100986, 102678]"
118150,"[21551, 87308, 54786, 57494, 80259, 38616, 67519, 77923, 98719, 63425]"
118151,"[74012, 12504, 5280, 60606, 17196, 94733, 103725, 91174, 58448, 28134]"
118152,"[27235, 5039, 66532, 21771, 72937, 10923, 87927, 10242, 74572, 9013]"
118153,"[6996, 83157, 89146, 93489, 20299, 99617, 29248, 45904, 91671, 71074]"
118154,"[68800, 24479, 88201, 22751, 88151, 855, 19841, 62435, 83827, 83663]"
118155,"[59382, 53736, 62617, 78569, 90640, 99476, 58146, 13941, 71207, 48064]"
118156,"[108085, 39275, 67529, 50767, 52532, 55195, 81809, 42720, 99996, 82390]"
118157,"[52866, 25283, 76600, 31085, 12686, 99852, 49907, 33629, 75048, 67091]"
118158,"[81109, 3847, 31302, 6518, 27242, 108197, 80881, 44699, 102652, 12989]"
118159,"[26031, 38264, 42492, 70645, 63775, 108798, 83708, 49650, 108943, 63874]"
118160,"[51461, 25848, 42600, 75036, 90759, 38752, 18377, 107633, 3116, 32228]"
118161,"[11216, 92888, 45118, 73487, 66012, 89609, 104772, 90783, 109547, 16501]"
118162,"[61025, 4700, 15792, 70304, 33229, 32454, 56578, 4595, 38493, 98957]"
118163,"[52889, 87472, 43682, 78577, 60557, 83765, 81460, 28366, 11105, 10030]"
118164,"[55515, 107494, 102035, 22237, 90518, 72523, 59441, 76943, 93801, 39664]"
118165,"[95610, 69564, 22724, 6365, 104872, 57274, 67308, 69077, 73013, 47327]"
118166,"[45077, 82063, 72391, 82458, 63112, 46373, 80550, 68008, 60287, 104808]"
118167,"[73508, 99896, 21155, 74313, 37855, 6658, 27031, 18032, 80300, 105183]"
118168,"[36557, 13748, 59034, 57046, 61429, 21065, 81595, 75209, 107874, 87286]"
118169,"[58661, 4385, 76100, 16956, 15391, 71280, 44611, 45033, 47734, 27789]"
118170,"[55210, 106936, 683, 81283, 70643, 38504, 28786, 26723, 39861, 101151]"
118171,"[19929, 39854, 64820, 64048, 23976, 47385, 108561, 8947, 15503, 23329]"
118172,"[85089, 90524, 49574, 82084, 14950, 105041, 85662, 96668, 43118, 19175]"
118173,"[49990, 98196, 82246, 35108, 47147, 99379, 94507, 24751, 105237, 106570]"
118174,"[25156, 96770, 93992, 78775, 105039, 7955, 46317, 88192, 58761, 71360]"
118175,"[74277, 22919, 89150, 71941, 32955, 857, 12873, 20828, 105818, 65189]"
118176,"[46938, 25776, 83374, 87810, 6869, 23795, 74295, 25631, 104790, 27220]"
118177,"[75422, 10529, 87796, 29889, 76047, 83284, 85342, 108972, 51071, 40589]"
118178,"[82630, 61836, 80683, 44602, 24798, 4925, 53632, 2435, 62289, 19113]"
118179,"[68732, 67656, 87472, 83765, 86754, 13831, 22651, 39199, 10030, 13824]"
118180,"[106273, 72919, 19250, 87234, 43032, 49843, 85697, 96472, 31183, 10753]"
118181,"[28941, 100313, 20600, 87907, 26112, 15760, 68589, 66932, 6318, 20450]"
118182,"[70567, 91823, 1099, 15071, 69252, 69496, 69504, 18331, 104936, 76562]"
118183,"[102399, 80237, 67730, 43046, 86337, 4100, 14256, 57164, 71287, 79884]"
118184,"[30239, 67734, 33878, 49652, 32814, 80552, 44120, 106435, 97592, 35042]"
118185,"[106726, 90229, 68238, 13248, 6653, 38620, 8915, 80767, 59386, 22592]"
118186,"[66192, 99329, 19934, 57453, 99133, 92790, 47564, 89775, 40824, 71724]"
118187,"[95560, 28952, 41602, 34990, 61126, 80888, 82729, 89172, 66069, 23858]"
118188,"[37943, 15530, 28600, 77747, 6752, 14031, 6819, 14538, 109083, 69915]"
118189,"[58025, 79564, 58285, 26242, 106905, 106425, 12849, 99358, 105330, 73659]"
118190,"[18962, 64179, 36765, 1764, 9347, 27822, 31271, 9644, 24091, 12271]"
118191,"[37850, 43892, 62237, 73239, 48845, 24177, 103105, 41619, 72840, 73959]"
118192,"[15827, 26142, 3777, 10111, 38708, 76854, 49329, 50292, 107093, 16881]"
118193,"[24901, 69693, 50747, 44186, 82936, 90040, 10033, 89605, 45136, 42868]"
118194,"[83302, 40358, 37792, 88019, 95999, 76341, 70266, 29139, 27432, 76942]"
118195,"[34951, 49318, 38780, 84976, 47288, 94763, 109349, 58530, 107090, 8958]"
118196,"[30168, 106641, 59846, 58616, 60383, 13019, 16402, 61233, 61962, 4413]"
118197,"[70227, 74256, 73553, 20968, 38953, 92889, 6654, 11369, 17838, 88704]"
118198,"[19019, 90812, 27370, 78391, 78994, 96594, 107993, 105060, 34779, 72158]"
118199,"[38409, 51058, 55735, 95549, 99784, 39701, 76673, 27214, 72244, 99554]"
118200,"[61626, 46611, 108340, 60995, 6359, 97207, 81852, 79081, 63236, 75106]"
118201,"[51156, 54385, 3630, 18564, 25690, 17159, 33319, 54737, 4293, 106553]"
118202,"[52513, 17570, 48388, 99769, 61396, 40776, 30955, 18561, 95991, 7451]"
118203,"[20271, 83446, 95871, 76671, 89751, 63649, 10965, 84192, 84476, 36429]"
118204,"[31540, 44678, 49493, 37818, 103116, 96168, 29559, 33062, 60428, 64364]"
118205,"[79059, 98520, 71433, 4866, 74410, 103244, 102363, 109217, 58274, 36428]"
118206,"[29155, 102855, 93482, 86702, 46308, 92591, 107587, 3384, 107087, 84501]"
118207,"[105239, 18074, 27779, 106162, 72340, 11642, 68035, 74267, 99771, 28508]"
118208,"[96959, 61471, 20244, 43103, 48540, 97888, 73175, 44012, 97108, 55810]"
118209,"[27065, 57052, 37957, 54536, 103678, 93167, 52598, 37006, 22399, 37286]"
118210,"[55336, 22474, 78011, 91339, 55440, 1313, 14213, 96627, 56247, 69846]"
118211,"[63775, 108798, 60379, 26031, 25275, 40831, 94006, 53609, 9071, 14701]"
118212,"[79921, 47669, 49757, 20557, 105478, 3374, 108841, 25310, 83965, 7336]"
118213,"[61964, 64684, 49868, 86285, 53967, 9402, 72778, 47481, 2828, 10446]"
118214,"[69943, 95559, 23720, 80979, 60350, 33814, 77828, 58307, 66191, 73875]"
118215,"[71347, 47586, 49402, 41996, 91857, 74029, 55266, 55273, 38876, 12600]"
118216,"[63700, 101132, 15418, 21691, 23215, 97671, 99487, 75704, 83840, 99840]"
118217,"[33589, 78964, 36492, 7840, 74080, 77992, 27190, 52162, 77879, 24984]"
118218,"[89646, 16373, 74555, 56827, 73299, 97405, 67553, 67309, 40518, 13218]"
118219,"[69968, 49415, 30627, 11652, 90055, 40614, 71380, 37081, 48937, 79285]"
118220,"[22371, 65699, 66608, 48920, 17089, 89852, 107861, 23166, 75933, 64010]"
118221,"[28081, 68890, 104885, 90398, 47685, 99753, 51838, 28320, 103682, 13484]"
118222,"[60375, 61430, 92300, 99966, 30546, 89596, 17972, 84025, 105716, 26274]"
118223,"[62651, 73487, 77629, 71930, 82129, 109276, 32172, 89568, 66012, 54117]"
118224,"[94760, 16075, 35192, 41774, 57176, 20630, 34083, 41581, 90772, 62445]"
118225,"[49016, 73409, 95419, 42471, 52727, 555, 10072, 36590, 18680, 72624]"
118226,"[57208, 57891, 91675, 106087, 59279, 100062, 96590, 104983, 28324, 95025]"
118227,"[84985, 73024, 30656, 60423, 94555, 88100, 55680, 72709, 41870, 92030]"
118228,"[93997, 7295, 61441, 1890, 30572, 86794, 92498, 7944, 83192, 100794]"
118229,"[90964, 48584, 23613, 3978, 8416, 77200, 13786, 92246, 63223, 108725]"
118230,"[35190, 89621, 109336, 5170, 29289, 66298, 17165, 1556, 29796, 46947]"
118231,"[89592, 99738, 87584, 81628, 72579, 53089, 106986, 82845, 10759, 11612]"
118232,"[63666, 1489, 1514, 105290, 22122, 108333, 57620, 19504, 73162, 95959]"
118233,"[34148, 4398, 2220, 63166, 23621, 84314, 51568, 103040, 65680, 47097]"
118234,"[38304, 51666, 25549, 63454, 45512, 11858, 10517, 95518, 20501, 94704]"
118235,"[100361, 93433, 67979, 81658, 10637, 46174, 27020, 24288, 79761, 4912]"
118236,"[45923, 9981, 20853, 57376, 38827, 87771, 49600, 97247, 72717, 2676]"
118237,"[6454, 97573, 32210, 92436, 34407, 78981, 30865, 58055, 94748, 36903]"
118238,"[72559, 12888, 53523, 80956, 68436, 50354, 28785, 24079, 24220, 87793]"
118239,"[99313, 69057, 19472, 109618, 67822, 24023, 5024, 34850, 6725, 17044]"
118240,"[58457, 82727, 15668, 84213, 72116, 3115, 23316, 35229, 96878, 70191]"
118241,"[53592, 63721, 36847, 45839, 38609, 45225, 27962, 20892, 12248, 59219]"
118242,"[68843, 27964, 59100, 32074, 98685, 29854, 41478, 85676, 305, 82427]"
118243,"[54884, 33387, 103202, 36348, 109527, 37401, 53902, 103745, 101726, 107826]"
118244,"[85598, 61122, 52406, 87094, 75534, 30637, 78810, 44996, 33052, 33679]"
118245,"[58482, 31925, 71581, 91967, 78445, 96576, 73505, 10540, 57095, 58900]"
118246,"[47741, 52328, 26485, 43252, 108758, 5416, 46729, 11062, 1590, 51069]"
118247,"[20558, 51241, 104162, 56662, 52695, 80372, 34902, 49825, 9961, 107699]"
118248,"[67899, 46901, 68715, 66291, 37486, 107107, 7307, 28402, 89682, 75061]"
118249,"[35422, 88169, 88422, 42352, 20593, 94318, 101317, 23216, 7920, 93966]"
118250,"[91556, 73465, 77298, 47453, 37607, 88989, 23661, 49270, 68704, 80643]"
118251,"[98304, 25963, 11346, 67792, 39079, 90511, 53363, 41431, 34642, 40291]"
118252,"[67077, 58521, 30500, 6612, 72971, 64281, 60248, 89043, 43126, 40528]"
118253,"[40958, 96656, 52180, 50834, 67539, 35872, 74644, 64636, 62218, 35201]"
118254,"[14592, 20643, 52882, 2658, 81860, 32490, 53632, 57523, 84397, 50546]"
118255,"[51416, 85395, 52818, 10435, 635, 107474, 35736, 50113, 59613, 99685]"
118256,"[36967, 105958, 75934, 29457, 75774, 3584, 81488, 1976, 92990, 100067]"
118257,"[40036, 49000, 482, 30432, 86711, 63554, 6003, 96866, 36338, 66035]"
118258,"[23893, 106985, 17899, 99817, 50985, 109459, 14012, 72731, 30128, 70625]"
118259,"[101155, 59184, 103488, 42203, 38542, 7354, 2062, 104718, 37511, 87366]"
118260,"[68827, 66810, 52776, 87830, 30149, 32388, 46663, 28848, 108841, 76966]"
118261,"[59759, 53150, 29480, 89965, 76005, 91189, 27288, 33037, 103238, 28957]"
118262,"[46163, 34712, 36602, 24344, 108245, 83540, 44243, 105274, 38063, 25530]"
118263,"[84046, 1487, 53795, 66158, 72466, 67853, 66645, 87389, 21794, 87459]"
118264,"[88084, 48457, 24959, 6535, 79853, 107665, 61553, 62081, 31727, 25357]"
118265,"[50962, 12631, 13795, 41483, 60122, 109470, 27859, 38563, 73583, 103882]"
118266,"[34515, 37457, 49867, 20272, 88055, 50991, 46854, 16787, 99865, 9090]"
118267,"[69532, 45976, 71580, 60573, 68517, 56565, 13497, 66217, 41548, 73687]"
118268,"[24093, 28698, 56229, 108195, 30663, 54050, 56917, 90777, 64881, 2775]"
118269,"[29217, 68528, 6861, 54832, 50848, 69626, 58363, 29102, 82660, 62733]"
118270,"[96149, 35702, 30664, 100530, 107874, 58400, 105097, 8654, 73670, 85203]"
118271,"[83513, 48616, 81451, 69150, 17510, 17060, 16046, 17921, 49347, 42323]"
118272,"[87639, 41683, 57890, 13758, 19240, 102841, 12067, 86816, 49908, 47384]"
118273,"[32808, 31268, 37345, 28992, 90087, 30228, 109502, 19810, 44314, 73543]"
118274,"[23823, 24680, 12469, 25041, 88711, 96555, 108668, 12497, 47695, 7695]"
118275,"[26243, 4970, 15893, 85349, 99217, 3130, 4390, 10873, 28438, 61306]"
118276,"[85375, 71978, 53842, 75876, 58570, 97121, 65431, 90728, 89078, 62895]"
118277,"[8559, 77913, 17505, 51845, 32947, 51836, 43628, 89283, 35698, 71162]"
118278,"[16891, 92160, 59481, 82060, 58366, 81920, 16354, 85070, 90186, 2028]"
118279,"[59063, 52060, 82061, 7919, 64464, 22489, 24574, 83984, 53615, 56701]"
118280,"[78412, 20944, 3441, 106933, 108068, 36220, 46824, 69076, 107291, 99449]"
118281,"[46532, 77440, 19862, 14545, 10895, 53761, 61730, 39130, 54410, 101213]"
118282,"[11387, 44579, 34394, 87384, 94900, 52101, 87885, 30237, 60183, 85852]"
118283,"[24288, 100361, 67979, 93433, 95943, 10637, 46174, 48121, 81400, 79761]"
118284,"[48376, 95298, 51204, 10780, 24414, 55012, 83091, 54243, 40856, 11004]"
118285,"[16006, 6477, 14657, 53150, 88325, 54986, 16901, 100916, 33037, 19560]"
118286,"[64369, 5851, 81639, 88686, 13875, 59479, 56984, 58342, 101099, 101831]"
118287,"[41493, 81323, 94773, 45550, 102634, 31436, 55654, 103765, 71818, 24885]"
118288,"[105715, 69543, 40136, 81840, 99994, 41985, 58383, 77410, 15841, 67935]"
118289,"[81093, 100499, 17919, 54461, 55463, 87211, 103536, 13761, 31434, 22690]"
118290,"[87554, 66687, 93492, 83961, 35272, 92885, 62962, 26149, 45930, 22624]"
118291,"[84873, 80008, 60340, 96364, 29510, 69444, 62402, 32350, 55785, 4786]"
118292,"[74859, 28798, 103575, 40521, 73243, 65994, 92087, 104020, 24777, 41312]"
118293,"[104359, 15772, 66803, 80095, 52560, 64163, 65500, 21522, 75838, 12066]"
118294,"[83959, 24721, 59091, 62334, 55466, 90847, 87106, 98646, 21767, 105314]"
118295,"[102843, 4190, 10519, 98267, 47237, 94030, 23986, 36390, 78998, 82329]"
118296,"[90560, 79945, 59012, 6573, 27484, 15009, 43699, 46038, 4931, 9805]"
118297,"[102601, 109553, 79958, 12378, 30899, 108707, 35129, 67321, 75677, 80300]"
118298,"[38443, 46540, 27292, 78689, 38867, 57854, 8297, 82123, 37151, 82487]"
118299,"[87413, 87520, 75059, 57303, 55694, 63813, 74942, 82805, 2873, 65402]"
118300,"[108872, 95135, 46280, 41545, 24748, 61181, 66450, 101025, 60165, 53503]"
118301,"[104980, 108407, 26631, 26901, 79380, 91462, 5884, 90397, 99553, 93739]"
118302,"[19564, 6784, 26212, 83123, 107917, 48707, 23839, 63988, 39794, 78355]"
118303,"[39490, 17752, 84492, 96452, 88033, 81885, 13838, 90756, 88226, 70362]"
118304,"[43288, 103007, 25179, 93766, 78439, 26809, 83683, 106198, 54457, 12933]"
118305,"[33740, 37879, 25741, 744, 335, 24210, 34327, 50089, 65117, 4876]"
118306,"[24519, 90358, 104724, 101476, 54442, 82546, 99192, 91259, 42764, 30750]"
118307,"[108878, 36023, 89579, 10651, 36911, 102426, 49336, 61960, 10514, 93141]"
118308,"[30081, 101836, 17645, 57386, 98354, 55196, 105099, 97500, 73279, 108369]"
118309,"[27691, 28594, 85649, 99943, 38634, 42573, 351, 59169, 84108, 11732]"
118310,"[2471, 8703, 8330, 19919, 37698, 92476, 87164, 85397, 29821, 10512]"
118311,"[11650, 32161, 55049, 32071, 70251, 95138, 88427, 56634, 28091, 107350]"
118312,"[9257, 65823, 66595, 62872, 38088, 72539, 75055, 47058, 37313, 71504]"
118313,"[54677, 94766, 9318, 40304, 16892, 11747, 73936, 35984, 98933, 79015]"
118314,"[37255, 99706, 84407, 84999, 62084, 106428, 53784, 37651, 102606, 10696]"
118315,"[97541, 104389, 13707, 40567, 40919, 87945, 95866, 28173, 140, 89917]"
118316,"[12241, 17953, 30897, 20154, 1741, 34838, 15593, 47712, 7455, 33951]"
118317,"[10904, 104681, 5552, 48747, 99546, 88894, 106233, 12845, 36724, 27328]"
118318,"[76870, 32118, 30486, 27975, 13155, 89191, 4639, 68517, 73317, 56650]"
118319,"[80983, 101492, 86024, 81750, 55344, 17673, 8412, 19394, 108413, 23639]"
118320,"[102523, 74103, 102222, 92739, 94482, 54037, 6341, 12281, 36019, 60399]"
118321,"[1860, 105503, 2991, 8083, 15236, 69115, 86981, 31129, 80897, 46587]"
118322,"[86620, 62862, 40616, 80629, 39602, 31618, 79041, 162, 99462, 64923]"
118323,"[57624, 62919, 41359, 70318, 93493, 56121, 108411, 91747, 95778, 46945]"
118324,"[87121, 106225, 2879, 19744, 92144, 6546, 57371, 64680, 71841, 102059]"
118325,"[9257, 85540, 97076, 73130, 32572, 19305, 47267, 42592, 10513, 25188]"
118326,"[45224, 11992, 56566, 101951, 1098, 8417, 56839, 63883, 34767, 34682]"
118327,"[14507, 3443, 31641, 74126, 29774, 22820, 3340, 17406, 64418, 49124]"
118328,"[72950, 44900, 30581, 85592, 54649, 57380, 25730, 57403, 75280, 107208]"
118329,"[70943, 62141, 88654, 5994, 20777, 77015, 78438, 56208, 97200, 13889]"
118330,"[92681, 99117, 50521, 75597, 80682, 45676, 14441, 31508, 46209, 52115]"
118331,"[37666, 15822, 18410, 17093, 11974, 40650, 108736, 96389, 10701, 24206]"
118332,"[16065, 91851, 10739, 100571, 65833, 95838, 55882, 27411, 61361, 96365]"
118333,"[43065, 52532, 39275, 33934, 18769, 108085, 78359, 27738, 45663, 35857]"
118334,"[34372, 68555, 78793, 10320, 4337, 60256, 7304, 102346, 9805, 83001]"
118335,"[14489, 89217, 17290, 81539, 81333, 35538, 9414, 40715, 8644, 15121]"
118336,"[65240, 41201, 9454, 12190, 102286, 25065, 102065, 39838, 63290, 57743]"
118337,"[38469, 92309, 78797, 107800, 18598, 105365, 4884, 33273, 99317, 80006]"
118338,"[85705, 27084, 93341, 43590, 46773, 8629, 30149, 106658, 23030, 57829]"
118339,"[8427, 17426, 31070, 3395, 95880, 66035, 3090, 27603, 61411, 23521]"
118340,"[69500, 102502, 81764, 46705, 90298, 35825, 10825, 43356, 39559, 51857]"
118341,"[99445, 23824, 59317, 21861, 69854, 88591, 73660, 39416, 15578, 70468]"
118342,"[47780, 37227, 50314, 31506, 29585, 91467, 30565, 68634, 100492, 66137]"
118343,"[47463, 50677, 16765, 10763, 38836, 26060, 58389, 26111, 11479, 82824]"
118344,"[22354, 105118, 104459, 56360, 71199, 83909, 62616, 27745, 31148, 1742]"
118345,"[98674, 32733, 101580, 103399, 77307, 24644, 4369, 5819, 9976, 103068]"
118346,"[84322, 87956, 28875, 94972, 87254, 52928, 72757, 34151, 72058, 89269]"
118347,"[53323, 88702, 2292, 17117, 32001, 19996, 8737, 70989, 33249, 66219]"
118348,"[22758, 59820, 32905, 52969, 36511, 53643, 109328, 27561, 64988, 9741]"
118349,"[8845, 29806, 23113, 58654, 25999, 48496, 79401, 31097, 76279, 92273]"
118350,"[101868, 28760, 98264, 460, 40022, 106038, 93017, 23376, 13929, 33808]"
118351,"[53064, 72691, 20900, 98803, 23835, 33028, 22185, 45095, 77491, 56313]"
118352,"[96014, 21788, 49966, 106097, 68078, 99524, 9956, 20621, 42354, 43195]"
118353,"[615, 100493, 106086, 23608, 41398, 41848, 38806, 39241, 64118, 53028]"
118354,"[27968, 90739, 89167, 96439, 106378, 63046, 25158, 40653, 95286, 74388]"
118355,"[83087, 65542, 67474, 33775, 91263, 71781, 36311, 79460, 70956, 23782]"
118356,"[69118, 55392, 47723, 29051, 67609, 37868, 7559, 32409, 86270, 5651]"
118357,"[8443, 102229, 73900, 44554, 47149, 59221, 83870, 7833, 63985, 70206]"
118358,"[13030, 82917, 26429, 97419, 35067, 60252, 26899, 91989, 51449, 55656]"
118359,"[51334, 60208, 30764, 63877, 19962, 56430, 14363, 82703, 17412, 97131]"
118360,"[104171, 59912, 9755, 8810, 19953, 64219, 22170, 61295, 83334, 92774]"
118361,"[90152, 35603, 33736, 13115, 15190, 85715, 56823, 30005, 70665, 57598]"
118362,"[73174, 34234, 10910, 45725, 66313, 73092, 32539, 57060, 60341, 22077]"
118363,"[59459, 317, 9659, 22572, 49102, 30474, 99406, 24623, 5461, 68297]"
118364,"[89159, 14550, 57750, 46858, 57030, 10953, 16255, 3009, 34120, 32218]"
118365,"[59241, 27785, 19360, 30454, 104181, 19370, 17398, 88204, 34165, 39644]"
118366,"[21025, 93192, 44843, 50098, 49099, 81894, 101828, 109026, 51274, 96819]"
118367,"[5874, 75901, 39336, 47475, 60622, 9893, 62828, 71114, 95782, 16933]"
118368,"[78483, 58542, 72527, 27074, 90648, 52135, 88022, 97618, 52575, 22029]"
118369,"[70119, 52543, 75128, 64249, 39880, 80858, 30340, 105580, 46220, 14767]"
118370,"[77978, 74661, 16339, 11510, 96842, 104201, 69271, 58143, 15522, 35979]"
118371,"[26195, 37797, 57588, 39215, 103701, 4635, 72779, 102671, 87588, 45687]"
118372,"[83175, 55252, 14483, 28855, 7432, 80637, 60756, 90215, 21509, 58949]"
118373,"[85282, 964, 26738, 35749, 19838, 35396, 54358, 73624, 62451, 905]"
118374,"[19138, 26797, 1819, 75244, 17176, 109605, 56635, 37010, 19280, 36080]"
118375,"[82187, 31449, 20778, 74633, 51675, 82664, 59147, 89264, 42706, 55749]"
118376,"[15951, 90062, 103187, 27341, 24448, 55936, 9026, 45188, 28702, 80135]"
118377,"[1626, 41557, 871, 48481, 38759, 78553, 91840, 43429, 85657, 89444]"
118378,"[30474, 24623, 87090, 12389, 22718, 20772, 1199, 22437, 67738, 73771]"
118379,"[75830, 27991, 85828, 20705, 1135, 53473, 91399, 65810, 20134, 23719]"
118380,"[21734, 20059, 90439, 100504, 102991, 105738, 93105, 58318, 102134, 63021]"
118381,"[94568, 14438, 72522, 58162, 18321, 32333, 83992, 13933, 15413, 91884]"
118382,"[71765, 104337, 98362, 100035, 28059, 107495, 19909, 34329, 39376, 100353]"
118383,"[52203, 97880, 70092, 62809, 44242, 92612, 34218, 82657, 100884, 32691]"
118384,"[88652, 28630, 18340, 2456, 96089, 62221, 80619, 41528, 43287, 66383]"
118385,"[63204, 10240, 2714, 28723, 49842, 66947, 29651, 68627, 50611, 65029]"
118386,"[34432, 97657, 37475, 104809, 24205, 28288, 37103, 27305, 87054, 48905]"
118387,"[52398, 69192, 85486, 37700, 102648, 13552, 90569, 77937, 101670, 31758]"
118388,"[102536, 102551, 94409, 104515, 11892, 54529, 91311, 57833, 107257, 10055]"
118389,"[26585, 78386, 79067, 48475, 25475, 15875, 80377, 67019, 46141, 45874]"
118390,"[10483, 38738, 35534, 105729, 43498, 81947, 13506, 49092, 99500, 57246]"
118391,"[11041, 59798, 2490, 99791, 17388, 8475, 93585, 1767, 17062, 62676]"
118392,"[92680, 23924, 12704, 28624, 74465, 9658, 7136, 12982, 26777, 67715]"
118393,"[15708, 13439, 40254, 39457, 32550, 373, 38893, 44900, 54649, 95523]"
118394,"[78844, 35327, 28601, 104038, 53069, 83053, 63331, 79432, 71449, 47189]"
118395,"[61944, 42561, 107518, 13577, 30080, 47771, 36394, 4476, 77502, 9163]"
118396,"[2416, 81058, 41585, 39111, 91312, 7589, 75977, 77714, 78234, 52330]"
118397,"[87741, 13105, 18406, 89616, 88651, 35002, 82296, 40159, 83224, 82180]"
118398,"[96851, 35576, 18444, 11819, 95215, 67421, 51904, 37898, 93907, 87661]"
118399,"[69909, 24226, 43425, 23162, 53461, 97769, 53349, 29783, 25468, 13832]"
118400,"[21007, 70246, 65720, 95398, 21068, 71958, 41605, 82068, 76545, 49976]"
118401,"[100974, 88869, 35492, 29573, 92174, 75103, 90457, 99371, 95858, 109480]"
118402,"[36700, 51610, 17008, 65099, 7885, 12852, 26202, 11392, 13981, 40485]"
118403,"[68463, 56864, 71468, 43975, 8940, 90205, 88766, 77024, 11234, 45258]"
118404,"[62964, 64813, 104371, 19217, 30063, 58054, 86780, 17166, 47620, 15139]"
118405,"[43095, 10739, 16065, 18796, 83228, 69008, 63785, 91327, 80980, 15938]"
118406,"[47903, 27420, 47238, 1256, 48439, 76724, 55565, 66472, 28942, 32686]"
118407,"[68659, 103753, 85148, 81313, 102647, 82889, 22411, 46479, 108934, 487]"
118408,"[57207, 35295, 41352, 41256, 25612, 105891, 20361, 72668, 73913, 52997]"
118409,"[16269, 28502, 60653, 39394, 39441, 12514, 16614, 12330, 27065, 73128]"
118410,"[74414, 48491, 107892, 13106, 3006, 13293, 102794, 91047, 66390, 99945]"
118411,"[91660, 100262, 98811, 392, 45053, 19852, 73343, 80724, 101517, 18791]"
118412,"[31838, 108304, 109252, 21836, 98611, 16341, 50386, 98613, 49926, 100426]"
118413,"[46842, 97507, 6523, 80847, 32578, 51791, 37931, 26910, 28163, 88239]"
118414,"[9429, 65058, 6493, 2916, 60027, 60115, 10398, 32349, 107406, 19907]"
118415,"[40384, 101116, 103230, 91724, 101906, 35788, 106064, 71246, 80405, 108531]"
118416,"[40819, 80587, 8192, 95981, 24984, 20241, 54200, 5096, 60796, 34301]"
118417,"[3455, 16191, 22711, 75679, 68524, 22981, 63006, 520, 55910, 79592]"
118418,"[49176, 2380, 89197, 25475, 19855, 105337, 43662, 62635, 2339, 91424]"
118419,"[811, 76364, 87826, 66608, 26792, 107171, 50392, 61018, 41073, 3293]"
118420,"[37415, 6628, 3596, 82714, 69391, 36233, 33413, 87781, 20071, 27858]"
118421,"[40296, 23857, 76259, 108715, 78287, 39562, 2556, 22175, 25234, 43513]"
118422,"[105448, 8630, 13795, 63289, 10223, 85382, 29007, 21503, 62248, 45896]"
118423,"[54323, 70351, 904, 54548, 40606, 47322, 14533, 25246, 87051, 20585]"
118424,"[34749, 2212, 49949, 70155, 15748, 15474, 68211, 83690, 38290, 49734]"
118425,"[85612, 79872, 33978, 39044, 21419, 6448, 40405, 3765, 84626, 87078]"
118426,"[18598, 36895, 28718, 8543, 102457, 5920, 43387, 68881, 36868, 28218]"
118427,"[84788, 92465, 104985, 97364, 51055, 60712, 28363, 71083, 17170, 103677]"
118428,"[68979, 64013, 82266, 32070, 71725, 105207, 62444, 16752, 5451, 88656]"
118429,"[95182, 71804, 56789, 10967, 84758, 10715, 7571, 83930, 8384, 71149]"
118430,"[47065, 57401, 48005, 43694, 12411, 87898, 4990, 62470, 71056, 37042]"
118431,"[86167, 34685, 61552, 24785, 26493, 35073, 49612, 56462, 13652, 98915]"
118432,"[38478, 63949, 70840, 109056, 102601, 92183, 61825, 82208, 11839, 58184]"
118433,"[88231, 107097, 21991, 78390, 52733, 12945, 107469, 15224, 25973, 45645]"
118434,"[17689, 68479, 4230, 51013, 63919, 26294, 76255, 66569, 2546, 13952]"
118435,"[51811, 4196, 89962, 94434, 25984, 90760, 98585, 30383, 63303, 87828]"
118436,"[69413, 83588, 95697, 4090, 79579, 33241, 69887, 74366, 85620, 36044]"
118437,"[73692, 76531, 10510, 107453, 46485, 81397, 10214, 47415, 107925, 70700]"
118438,"[41901, 87978, 102563, 73802, 97916, 67877, 25678, 91756, 1464, 32091]"
118439,"[23486, 37443, 44599, 68144, 3842, 55704, 107301, 76130, 22930, 9307]"
118440,"[68868, 91396, 40654, 36641, 29172, 58067, 42713, 105505, 52100, 82534]"
118441,"[14038, 98246, 29814, 11016, 92574, 21185, 106382, 22242, 38240, 74106]"
118442,"[100910, 103866, 76633, 90883, 102655, 97206, 99356, 39181, 55243, 21579]"
118443,"[41658, 62670, 57077, 11960, 26032, 25001, 94469, 40119, 7988, 103533]"
118444,"[66856, 14251, 105712, 25265, 48286, 2393, 79206, 90095, 48406, 64965]"
118445,"[53438, 19709, 8420, 61357, 72750, 60151, 60555, 12847, 8692, 104335]"
118446,"[76217, 40730, 58242, 7172, 49265, 771, 22693, 64611, 44141, 15275]"
118447,"[41476, 66128, 24586, 65839, 41943, 82503, 23369, 73757, 55095, 23131]"
118448,"[6370, 72992, 64791, 105715, 83581, 42456, 100277, 98885, 41785, 68376]"
118449,"[62815, 70151, 106110, 2840, 80495, 90288, 107091, 43837, 96582, 47924]"
118450,"[79187, 21689, 7997, 26072, 68877, 35945, 76789, 82939, 62957, 79856]"
118451,"[94182, 106727, 57224, 79980, 52762, 12898, 24121, 105569, 26544, 3617]"
118452,"[29015, 40713, 51909, 21136, 25034, 67917, 42355, 28936, 19037, 64311]"
118453,"[31554, 43909, 91044, 69421, 40386, 108031, 12960, 66618, 94078, 29118]"
118454,"[54189, 60173, 63636, 11664, 18437, 46106, 4710, 10692, 82732, 88237]"
118455,"[9925, 94372, 85959, 75441, 1639, 75881, 91453, 38044, 45258, 78196]"
118456,"[68547, 103619, 82896, 23318, 72306, 8772, 75386, 19765, 68478, 6942]"
118457,"[100855, 82861, 46843, 95719, 81159, 49767, 51510, 14265, 71141, 97599]"
118458,"[26266, 3759, 97655, 31943, 3885, 97636, 9399, 66014, 54768, 36035]"
118459,"[31296, 69368, 97522, 6366, 22531, 89908, 18543, 17938, 58872, 47006]"
118460,"[50088, 69984, 22058, 71671, 68060, 36723, 15000, 38613, 45201, 47326]"
118461,"[52509, 105298, 29011, 36880, 99897, 25454, 79094, 83171, 3718, 57264]"
118462,"[78036, 40428, 50142, 61011, 47755, 92674, 8727, 80011, 36449, 74254]"
118463,"[58974, 11983, 15361, 78976, 39745, 64676, 52641, 106122, 22191, 20751]"
118464,"[21763, 109471, 50412, 29196, 72101, 12367, 24595, 27268, 50441, 102943]"
118465,"[4463, 42024, 1512, 93491, 63082, 46117, 58153, 67009, 92594, 16807]"
118466,"[43141, 94083, 34227, 38008, 33167, 51219, 72849, 104562, 15220, 87530]"
118467,"[61953, 39420, 55027, 33692, 26408, 10439, 74789, 24425, 27757, 70485]"
118468,"[94613, 69077, 73013, 100426, 95610, 78259, 47327, 81137, 28784, 63711]"
118469,"[75655, 16395, 39689, 97295, 83147, 102504, 86328, 73476, 36335, 94349]"
118470,"[109765, 27063, 74388, 91833, 6614, 10344, 52453, 37159, 46901, 28909]"
118471,"[66680, 81095, 37511, 90967, 38820, 53233, 84121, 43713, 11927, 60697]"
118472,"[96955, 53879, 59732, 39204, 104796, 55923, 41078, 55149, 30239, 106435]"
118473,"[83095, 71413, 8229, 38156, 14798, 24367, 11552, 13052, 63105, 17010]"
118474,"[41628, 29506, 82131, 4192, 11781, 82942, 14893, 92673, 67039, 70606]"
118475,"[47864, 101265, 62105, 10552, 72390, 34084, 33790, 88996, 34418, 40588]"
118476,"[11901, 93664, 35246, 102884, 17945, 33485, 95727, 103603, 70377, 37568]"
118477,"[100380, 72757, 12545, 53927, 92282, 18084, 66468, 93294, 34636, 55939]"
118478,"[31425, 83623, 83744, 52930, 9298, 6396, 42420, 107537, 18548, 45220]"
118479,"[74214, 39751, 77807, 15272, 63872, 98020, 11642, 69363, 53756, 63471]"
118480,"[30718, 107814, 15055, 102314, 75700, 16477, 36324, 56248, 29569, 52811]"
118481,"[19418, 10026, 81569, 38482, 77659, 43584, 99672, 98220, 46072, 1961]"
118482,"[11773, 34375, 8634, 35539, 49631, 86843, 73483, 77189, 25831, 54745]"
118483,"[38928, 33912, 29865, 83143, 5837, 74727, 68175, 80276, 57025, 53735]"
118484,"[92510, 1229, 109508, 55450, 86472, 65597, 95759, 30583, 59842, 102179]"
118485,"[20145, 104889, 74504, 99890, 52651, 4323, 75749, 98881, 103183, 61389]"
118486,"[24349, 88170, 37617, 13385, 60742, 41545, 10106, 17063, 32185, 48321]"
118487,"[83884, 76626, 108763, 26566, 41788, 12749, 19987, 20781, 102999, 10649]"
118488,"[63692, 9197, 85878, 31712, 42750, 14748, 7518, 72398, 51291, 15309]"
118489,"[89029, 35034, 58904, 63601, 39807, 16862, 73099, 45271, 51888, 97965]"
118490,"[33075, 20623, 3110, 91142, 63631, 21866, 58101, 26601, 4945, 24670]"
118491,"[64121, 8752, 99600, 1532, 91301, 107664, 19474, 63372, 96158, 918]"
118492,"[48225, 89487, 26029, 1116, 12101, 31544, 18714, 56376, 54370, 79364]"
118493,"[67368, 24318, 107790, 81958, 40580, 48639, 34624, 21857, 39243, 8736]"
118494,"[47988, 104979, 5488, 9430, 28481, 101933, 92548, 13090, 49657, 18212]"
118495,"[33172, 101985, 76703, 49710, 77039, 19258, 67509, 74580, 33182, 52603]"
118496,"[2757, 106088, 79505, 20531, 108590, 91609, 87766, 67067, 23746, 28223]"
118497,"[44085, 46884, 76783, 6091, 25639, 27109, 57518, 65951, 19473, 69528]"
118498,"[59344, 3419, 68693, 64953, 56647, 14363, 105132, 36505, 68498, 52857]"
118499,"[74658, 6706, 99200, 50655, 108552, 50368, 61973, 59015, 48172, 95379]"
118500,"[104017, 104196, 52589, 56049, 19601, 57419, 100057, 37129, 82465, 28608]"
118501,"[18926, 67640, 95383, 85486, 28838, 82061, 71538, 37353, 69616, 56701]"
118502,"[97491, 86310, 22392, 30685, 9831, 87264, 105806, 54429, 39886, 9637]"
118503,"[20120, 101031, 81271, 100518, 34103, 8133, 86907, 69926, 80684, 41779]"
118504,"[57028, 15576, 39856, 74593, 33010, 942, 7072, 9846, 16154, 99456]"
118505,"[95586, 107864, 3853, 101276, 82923, 72411, 63582, 62229, 54554, 54921]"
118506,"[74729, 87838, 15296, 2957, 104613, 92077, 44054, 19545, 17765, 81214]"
118507,"[86569, 76990, 27888, 103603, 41836, 95007, 35290, 79442, 26003, 4924]"
118508,"[100147, 71566, 25888, 108947, 9560, 32562, 106265, 16181, 16801, 109669]"
118509,"[62170, 8754, 51580, 60134, 46868, 42996, 105071, 18560, 83310, 988]"
118510,"[83338, 659, 87027, 40167, 11700, 49300, 84638, 53050, 82768, 67958]"
118511,"[15863, 49145, 45847, 89096, 7711, 52518, 103822, 50310, 62061, 50685]"
118512,"[50305, 56262, 37705, 76346, 50487, 102030, 60814, 67213, 98691, 40449]"
118513,"[55499, 29666, 22411, 78183, 24382, 47602, 81961, 49597, 2371, 66484]"
118514,"[87571, 13191, 106663, 54559, 27979, 13882, 68745, 84794, 8454, 91655]"
118515,"[73995, 96, 71539, 43653, 61879, 101909, 40741, 75930, 21251, 34830]"
118516,"[57490, 72988, 103536, 94260, 63577, 36510, 44704, 45770, 65225, 43401]"
118517,"[49384, 48980, 76228, 16473, 66054, 103314, 12790, 69897, 10982, 6263]"
118518,"[90430, 108967, 56853, 59800, 9529, 78482, 55233, 73887, 6134, 35535]"
118519,"[17649, 33582, 18306, 18369, 9125, 54501, 107016, 10154, 78891, 90272]"
118520,"[31503, 2937, 79385, 11561, 37628, 48936, 91024, 61325, 94620, 75160]"
118521,"[101486, 47487, 66768, 23649, 76342, 85457, 19717, 82612, 69372, 42110]"
118522,"[5309, 102038, 101795, 7022, 35225, 29169, 55868, 81657, 51571, 44879]"
118523,"[50134, 67098, 61500, 99261, 75065, 98425, 94824, 81563, 9842, 97505]"
118524,"[35324, 79917, 89382, 97072, 2024, 76651, 84613, 16167, 103593, 10387]"
118525,"[71426, 29528, 14435, 46393, 38667, 73872, 24295, 24412, 42030, 86729]"
118526,"[90307, 41883, 54318, 43991, 103007, 88163, 100933, 1062, 80245, 51807]"
118527,"[38263, 5237, 60517, 14325, 82853, 8925, 80032, 89233, 83078, 47932]"
118528,"[12578, 60860, 11403, 29245, 97063, 12576, 40727, 13890, 34647, 14923]"
118529,"[13876, 17865, 38272, 9101, 82878, 93079, 25618, 104623, 107423, 5733]"
118530,"[96953, 47408, 10183, 90728, 89078, 26682, 80389, 40693, 94051, 65781]"
118531,"[82541, 5144, 39867, 68758, 57387, 57135, 73403, 100411, 84598, 82320]"
118532,"[58628, 18368, 80492, 8949, 36131, 13658, 85712, 42577, 35590, 43050]"
118533,"[456, 10751, 70622, 101598, 70896, 11910, 76762, 3255, 33791, 99749]"
118534,"[14632, 16943, 58168, 7520, 85368, 32587, 28223, 64246, 16826, 96833]"
118535,"[21162, 94866, 107161, 31919, 70040, 42643, 23974, 42159, 97219, 36206]"
118536,"[32234, 27208, 23410, 38373, 30058, 89756, 13069, 28689, 76994, 36175]"
118537,"[9767, 35670, 33098, 107150, 54170, 86759, 46198, 9716, 89393, 54344]"
118538,"[29667, 108294, 102636, 1899, 1331, 71380, 24794, 79285, 23641, 4028]"
118539,"[34802, 30783, 74520, 108815, 45812, 7729, 23564, 52004, 54663, 5475]"
118540,"[29034, 80776, 102111, 28860, 72319, 57639, 51632, 9155, 7756, 68422]"
118541,"[91645, 60781, 72903, 99760, 20592, 60575, 66964, 96245, 80805, 17805]"
118542,"[72403, 47012, 107748, 15820, 16307, 76935, 67926, 82198, 36689, 771]"
118543,"[79985, 71328, 52760, 30929, 12842, 17359, 33866, 24475, 32213, 26686]"
118544,"[85144, 34962, 3276, 79434, 65038, 47018, 19460, 40018, 40783, 62372]"
118545,"[100184, 79231, 86577, 82806, 23696, 63732, 43740, 107970, 41250, 60331]"
118546,"[17370, 63730, 98148, 85870, 79343, 19519, 36411, 67127, 89625, 48191]"
118547,"[100749, 21622, 90176, 33474, 60617, 87805, 66348, 98402, 22909, 59937]"
118548,"[25174, 88090, 106622, 88252, 90398, 96948, 86301, 71236, 4064, 60800]"
118549,"[87447, 85750, 8058, 7923, 105416, 68418, 75277, 15005, 3352, 6113]"
118550,"[6541, 107123, 96294, 53693, 86036, 86230, 64251, 105313, 88097, 99920]"
118551,"[96174, 97497, 1735, 64789, 52863, 56883, 48593, 31662, 3126, 20172]"
118552,"[97175, 36049, 95125, 56959, 69239, 51355, 83170, 5158, 28251, 10842]"
118553,"[4600, 97240, 58598, 94933, 98779, 41546, 48444, 53882, 89291, 68095]"
118554,"[85407, 64864, 33041, 66798, 22202, 34141, 107550, 44235, 43917, 96130]"
118555,"[21666, 16621, 96446, 4557, 36999, 45242, 60124, 65356, 72541, 21489]"
118556,"[87351, 7543, 9986, 106604, 52475, 58117, 36658, 2943, 107567, 43851]"
118557,"[57761, 4256, 57249, 36475, 93897, 107652, 43144, 95569, 98092, 89905]"
118558,"[83326, 98269, 108970, 91457, 94213, 77145, 26051, 12374, 38217, 7707]"
118559,"[6100, 82654, 64330, 48242, 24658, 70972, 39601, 14145, 85369, 41271]"
118560,"[79952, 62899, 32659, 75383, 28730, 38869, 35005, 97368, 102294, 87470]"
118561,"[2131, 27062, 31534, 1906, 17902, 87681, 78651, 68967, 47957, 24404]"
118562,"[22757, 80085, 18504, 104116, 33849, 38461, 51576, 47894, 18359, 97925]"
118563,"[58087, 42148, 28955, 64724, 30111, 62210, 41772, 62867, 22686, 6620]"
118564,"[60596, 96405, 5413, 97975, 27582, 14639, 68722, 87245, 19574, 91191]"
118565,"[9559, 56428, 58861, 108035, 100288, 95700, 27484, 61408, 26185, 35814]"
118566,"[85177, 28116, 68267, 20342, 36467, 90753, 94203, 107798, 102574, 53040]"
118567,"[98039, 9760, 14588, 6620, 68560, 42148, 56848, 81171, 59261, 33341]"
118568,"[83923, 44016, 56621, 89304, 71211, 33452, 76256, 5413, 23362, 105271]"
118569,"[23915, 17998, 58383, 95210, 87701, 39630, 73639, 47253, 30012, 58233]"
118570,"[94719, 38071, 69970, 81336, 3022, 20454, 106230, 73543, 26076, 79513]"
118571,"[84204, 57033, 39862, 102399, 80237, 97318, 44375, 20773, 9494, 43046]"
118572,"[68803, 18133, 91224, 86392, 56354, 45952, 30228, 5316, 12630, 35111]"
118573,"[109099, 8633, 97604, 80287, 60199, 12616, 5380, 93542, 82616, 58189]"
118574,"[35801, 56836, 6467, 38294, 82888, 47295, 93516, 85115, 36351, 56290]"
118575,"[90880, 105313, 17552, 106282, 40532, 77743, 107416, 17510, 67842, 18670]"
118576,"[107616, 43402, 36954, 21807, 73214, 8913, 2151, 6652, 63270, 47999]"
118577,"[104939, 6538, 52247, 105209, 3627, 27966, 99163, 78355, 38935, 28340]"
118578,"[35239, 9441, 100886, 101355, 69519, 9376, 85064, 86217, 19229, 82183]"
118579,"[73136, 33694, 9661, 58271, 8334, 95295, 79444, 62560, 104557, 96523]"
118580,"[61496, 87248, 82608, 40365, 70466, 19640, 56976, 40069, 49197, 65930]"
118581,"[27597, 49893, 82226, 61101, 14222, 93264, 3084, 23061, 51520, 32673]"
118582,"[72706, 13827, 9701, 57674, 47830, 36169, 29598, 9046, 5105, 11926]"
118583,"[18804, 8389, 51474, 67309, 22420, 76890, 61913, 13218, 4121, 67553]"
118584,"[3845, 19577, 63333, 50049, 102861, 42649, 4139, 105399, 10179, 32285]"
118585,"[74020, 59608, 60911, 104572, 69821, 8278, 41151, 54456, 72970, 16906]"
118586,"[7034, 92653, 95894, 12511, 55315, 41067, 11503, 70701, 56820, 36696]"
118587,"[53886, 79399, 51256, 37646, 1523, 47175, 90563, 22968, 66564, 33423]"
118588,"[35869, 74209, 10708, 9162, 34333, 51085, 47166, 71153, 107634, 32779]"
118589,"[57037, 45792, 30426, 9591, 18381, 109770, 19567, 49666, 43425, 37423]"
118590,"[74847, 21613, 82662, 70683, 80828, 18447, 96195, 73055, 22962, 56006]"
118591,"[29133, 26117, 41807, 84447, 48751, 46121, 65643, 26408, 95575, 33012]"
118592,"[68205, 22367, 9440, 97178, 86898, 45056, 86381, 23520, 11061, 31465]"
118593,"[52928, 59903, 39104, 42920, 4001, 76328, 29734, 54730, 50867, 73499]"
118594,"[60804, 39940, 38867, 26482, 36007, 7228, 20848, 109261, 1957, 19432]"
118595,"[93979, 16635, 61360, 45718, 103972, 27604, 97653, 59865, 70785, 9776]"
118596,"[106720, 57643, 67627, 24456, 80104, 5858, 63419, 100240, 69314, 74290]"
118597,"[56400, 28932, 36754, 7221, 104650, 105838, 41536, 78595, 91518, 86788]"
118598,"[92511, 84414, 67419, 101659, 12113, 83986, 27846, 103875, 82045, 23124]"
118599,"[32407, 45361, 68113, 91052, 79687, 96147, 78202, 38672, 35610, 82931]"
118600,"[105642, 95379, 95042, 84734, 7141, 6861, 68528, 47792, 68280, 9794]"
118601,"[87492, 8303, 58466, 19806, 63185, 20335, 53692, 24876, 55361, 62006]"
118602,"[63916, 75165, 58247, 16737, 83026, 30176, 5999, 75590, 28588, 67645]"
118603,"[57402, 54328, 91072, 89725, 42298, 3636, 89184, 79719, 17752, 18641]"
118604,"[90221, 53417, 84914, 77499, 65140, 75326, 89922, 13760, 21438, 74553]"
118605,"[7965, 13105, 26928, 81080, 36004, 65848, 106919, 82180, 3393, 98905]"
118606,"[71404, 63163, 26442, 78107, 12938, 27464, 68566, 65272, 43686, 85729]"
118607,"[32547, 26397, 18254, 106107, 38327, 78754, 27479, 13775, 109744, 23695]"
118608,"[70456, 31613, 37327, 22526, 93164, 77050, 77508, 21637, 7976, 66210]"
118609,"[84925, 55334, 9810, 26346, 103000, 28788, 38698, 102116, 99662, 75600]"
118610,"[37721, 27538, 80666, 22237, 32900, 51405, 97129, 85466, 6897, 93115]"
118611,"[18852, 52206, 86779, 30573, 98749, 72069, 78816, 85453, 48917, 578]"
118612,"[7378, 94034, 98727, 29206, 22809, 76885, 66055, 66559, 71678, 88267]"
118613,"[11375, 63353, 87064, 108088, 49262, 85082, 95043, 75895, 21403, 55503]"
118614,"[40433, 23482, 70203, 5808, 77323, 85567, 107332, 28266, 22985, 80894]"
118615,"[4737, 16709, 22534, 53468, 95425, 76683, 104534, 63337, 42601, 59359]"
118616,"[43648, 42359, 81940, 57586, 45852, 43170, 30753, 3572, 2298, 73607]"
118617,"[104271, 66665, 78610, 30133, 108383, 36708, 46636, 59393, 61910, 69972]"
118618,"[83999, 84591, 44267, 31008, 107096, 30248, 67576, 70258, 66378, 35429]"
118619,"[40041, 87221, 62200, 7550, 9686, 46016, 3142, 89592, 107998, 50861]"
118620,"[50089, 93872, 84307, 335, 5651, 108373, 37976, 25741, 95853, 70743]"
118621,"[59185, 29962, 99634, 71010, 79218, 51348, 24248, 16421, 31869, 40511]"
118622,"[15885, 82415, 59008, 104483, 63591, 29920, 9444, 68919, 5686, 42888]"
118623,"[87385, 48180, 27919, 63497, 60406, 61262, 72289, 39573, 63810, 60127]"
118624,"[99518, 275, 54570, 40175, 6081, 14902, 47765, 4992, 28593, 100438]"
118625,"[47543, 90194, 29655, 24293, 94727, 7315, 48774, 86433, 61075, 4665]"
118626,"[104415, 8609, 99062, 72682, 30658, 91888, 79364, 84217, 98304, 105705]"
118627,"[11929, 74468, 53299, 91844, 19746, 89644, 98959, 58330, 11964, 72760]"
118628,"[46612, 35858, 28539, 6080, 12778, 9287, 33941, 90629, 49593, 35961]"
118629,"[39944, 34217, 51299, 49711, 75969, 28855, 101847, 104095, 2082, 21509]"
118630,"[76502, 102138, 48402, 69905, 52566, 10920, 78885, 82044, 24222, 95477]"
118631,"[48810, 20239, 100981, 41123, 6803, 69018, 109419, 61686, 108040, 29274]"
118632,"[2652, 35964, 35881, 9804, 96230, 85425, 8365, 41338, 33766, 85412]"
118633,"[89977, 35261, 107443, 7769, 17820, 38694, 67352, 42881, 28668, 80258]"
118634,"[17952, 99615, 19372, 18308, 81222, 13243, 19435, 10860, 18232, 70414]"
118635,"[22185, 57603, 56703, 62266, 23119, 93655, 64158, 57699, 33097, 57640]"
118636,"[16588, 94019, 14299, 16282, 25133, 59168, 32880, 34977, 78337, 42001]"
118637,"[105821, 42045, 48663, 94912, 86405, 75795, 17517, 51465, 83209, 66557]"
118638,"[99169, 50730, 102283, 61433, 59454, 27706, 89040, 48197, 109243, 31780]"
118639,"[81513, 108765, 32718, 18212, 31659, 79236, 93494, 91710, 5432, 518]"
118640,"[64630, 41221, 97208, 49766, 99440, 85960, 77771, 39902, 57559, 56374]"
118641,"[3012, 13056, 107646, 53355, 79610, 56110, 78599, 40352, 65752, 83776]"
118642,"[93648, 84725, 88792, 27635, 77537, 94762, 18447, 105705, 20213, 7434]"
118643,"[72519, 43936, 36295, 25756, 56114, 13481, 57122, 2699, 20273, 46776]"
118644,"[31424, 77405, 69162, 32600, 96072, 108400, 24625, 21127, 14427, 85356]"
118645,"[32082, 628, 101722, 7252, 25777, 36330, 31555, 23395, 42143, 82363]"
118646,"[19981, 18270, 58064, 47499, 9064, 82530, 77379, 57759, 14229, 76420]"
118647,"[8741, 67491, 71618, 20005, 100215, 66903, 85541, 73176, 84945, 75098]"
118648,"[86010, 88377, 39818, 47758, 66189, 34757, 14600, 3167, 18037, 75427]"
118649,"[54635, 39912, 39944, 34696, 75786, 71332, 82997, 22111, 23066, 4862]"
118650,"[30168, 106641, 59846, 58616, 60383, 13019, 16402, 61233, 61962, 4413]"
118651,"[79569, 65169, 71785, 38128, 68523, 87421, 77101, 69493, 65161, 51334]"
118652,"[66043, 66305, 34382, 38934, 102946, 22942, 3257, 40506, 86924, 56651]"
118653,"[23629, 46437, 105936, 80714, 21993, 90761, 22129, 59022, 80392, 64258]"
118654,"[102218, 17219, 69948, 31644, 43259, 32022, 108820, 86462, 107847, 72863]"
118655,"[59723, 99234, 81977, 81073, 41898, 74722, 103702, 5044, 82926, 37450]"
118656,"[87575, 104081, 102870, 6102, 11221, 38855, 27766, 52986, 64325, 72929]"
118657,"[84438, 32754, 75108, 36324, 34820, 103833, 24887, 67064, 59305, 52811]"
118658,"[92128, 39062, 47969, 59741, 18486, 73398, 14081, 26378, 49280, 38725]"
118659,"[48923, 28629, 76562, 86712, 23372, 31970, 73074, 103543, 97319, 93646]"
118660,"[47575, 35132, 37469, 75894, 8851, 59108, 102864, 88898, 43908, 69570]"
118661,"[5783, 70569, 67508, 79335, 69381, 15515, 92249, 78178, 47711, 22941]"
118662,"[88139, 105144, 105106, 80454, 99611, 60972, 33492, 53467, 53911, 29087]"
118663,"[52141, 56104, 46396, 24872, 74867, 52147, 32394, 13538, 76789, 72277]"
118664,"[68579, 95801, 15887, 56950, 73574, 62325, 51470, 44852, 67095, 90651]"
118665,"[40633, 33010, 82516, 61516, 6236, 67992, 57684, 10070, 64757, 52493]"
118666,"[27424, 23769, 83298, 61519, 46402, 82019, 107786, 93862, 62772, 65890]"
118667,"[88076, 69141, 38630, 60905, 49957, 25480, 41678, 78713, 58576, 49032]"
118668,"[63813, 66506, 60438, 87526, 19082, 77058, 23615, 55694, 17507, 40661]"
118669,"[98437, 47911, 70359, 45416, 75016, 106433, 51631, 28447, 57731, 7411]"
118670,"[94047, 15762, 74247, 101628, 78955, 67269, 40636, 74398, 21355, 59394]"
118671,"[48240, 12276, 51309, 99128, 38533, 74865, 45619, 46299, 74878, 32514]"
118672,"[106932, 95686, 91185, 20041, 70547, 66482, 2728, 4447, 92864, 35031]"
118673,"[12014, 64427, 75588, 41404, 41708, 56167, 51324, 72391, 42423, 76810]"
118674,"[11632, 54705, 44711, 52393, 67296, 20661, 30531, 53282, 25687, 86870]"
118675,"[40756, 93730, 38319, 6134, 4271, 51089, 59800, 99846, 9529, 19668]"
118676,"[88952, 107608, 4868, 20770, 78492, 86122, 74420, 85008, 39573, 34268]"
118677,"[47468, 75235, 91434, 23500, 49404, 39790, 70221, 72985, 79972, 58028]"
118678,"[20152, 33357, 25747, 51950, 39584, 109161, 63053, 45435, 5425, 14586]"
118679,"[87216, 59563, 79224, 21358, 3086, 56551, 16939, 60715, 45558, 96538]"
118680,"[6415, 3782, 35484, 62901, 103769, 29454, 71578, 12483, 68018, 44834]"
118681,"[34782, 62446, 60939, 81192, 72614, 37822, 50580, 64520, 51462, 16053]"
118682,"[27818, 44549, 15684, 44931, 58791, 21548, 71884, 2820, 52215, 65793]"
118683,"[2623, 18798, 84701, 55738, 6059, 109060, 17395, 107315, 107158, 37996]"
118684,"[72401, 100996, 73374, 11364, 15483, 107907, 73071, 77064, 71221, 42856]"
118685,"[98729, 76424, 18068, 60216, 80972, 25666, 107037, 53725, 63607, 76719]"
118686,"[96240, 93721, 86983, 66235, 31439, 8733, 25936, 18255, 69524, 46786]"
118687,"[78040, 59177, 94273, 84879, 34864, 40152, 66922, 21244, 102873, 72803]"
118688,"[87002, 75687, 22692, 6834, 1926, 42040, 102068, 98423, 37090, 107730]"
118689,"[73490, 53109, 66494, 3122, 101050, 46316, 41581, 56761, 49043, 25119]"
118690,"[87877, 29893, 107935, 57795, 60491, 42226, 83707, 98511, 89630, 103878]"
118691,"[54352, 83094, 97144, 25785, 39703, 4020, 28139, 69866, 73115, 20031]"
118692,"[62957, 69186, 13177, 22639, 76042, 71045, 68877, 79187, 21633, 34058]"
118693,"[74270, 15602, 91425, 102865, 86892, 65621, 61186, 10031, 72300, 99924]"
118694,"[25976, 84152, 4409, 19399, 16396, 93729, 55834, 32789, 37533, 49240]"
118695,"[40986, 75814, 25712, 74155, 105465, 98054, 98984, 40054, 70160, 47459]"
118696,"[77265, 69065, 9999, 64028, 17511, 37413, 92763, 39473, 7787, 106545]"
118697,"[54310, 63206, 95391, 14140, 75127, 49484, 1702, 98354, 4441, 101836]"
118698,"[62569, 80508, 67015, 2234, 107387, 14274, 87968, 87782, 106732, 29373]"
118699,"[44014, 108202, 77065, 35542, 63103, 92636, 98565, 89657, 35719, 29657]"
118700,"[69159, 41924, 9280, 75143, 90081, 28901, 5973, 46706, 8962, 57098]"
118701,"[33114, 53888, 53116, 92913, 107053, 27288, 5150, 77235, 103247, 72342]"
118702,"[79213, 46098, 100968, 64145, 103813, 20867, 89329, 30967, 29824, 82221]"
118703,"[17509, 39295, 80030, 108736, 79001, 18410, 17093, 90612, 102723, 13564]"
118704,"[83456, 95678, 76859, 15033, 21914, 5580, 7287, 21208, 40779, 64146]"
118705,"[28957, 61933, 66909, 92805, 84736, 6914, 22931, 39774, 42602, 67392]"
118706,"[13945, 103745, 21463, 59800, 109312, 22467, 100495, 102417, 95986, 37401]"
118707,"[39148, 1094, 66444, 61597, 77948, 74989, 103651, 104828, 61744, 4501]"
118708,"[15519, 96925, 90027, 86059, 4714, 72453, 29608, 29312, 31385, 51266]"
118709,"[60340, 83388, 29510, 96364, 93492, 66687, 80008, 41066, 85571, 84873]"
118710,"[54740, 86978, 26397, 5827, 27479, 49491, 96634, 29380, 70164, 63901]"
118711,"[81206, 98839, 103457, 45567, 27903, 13205, 27058, 16081, 38958, 42633]"
118712,"[94788, 67978, 86190, 76173, 63067, 36253, 11582, 69412, 47677, 58880]"
118713,"[79725, 14182, 31662, 78698, 32014, 20825, 82271, 63056, 656, 42371]"
118714,"[28453, 54313, 25062, 52570, 71223, 101507, 67243, 29026, 3879, 11093]"
118715,"[96104, 81086, 48412, 31499, 52321, 100902, 79971, 84537, 80282, 32497]"
118716,"[41253, 52330, 7589, 83495, 79498, 75977, 66929, 49372, 40163, 26379]"
118717,"[73850, 59132, 1849, 101232, 53654, 97821, 8856, 102228, 109601, 70366]"
118718,"[54101, 74566, 106977, 84213, 87786, 3927, 104489, 34726, 22352, 58789]"
118719,"[69029, 74674, 94883, 48284, 7283, 96499, 18440, 26098, 89853, 80623]"
118720,"[43144, 4256, 9421, 107652, 9146, 62865, 88017, 101719, 55291, 74963]"
118721,"[28538, 103851, 95629, 44124, 24068, 55628, 101206, 6500, 73435, 98049]"
118722,"[55640, 13325, 71772, 69130, 101140, 34892, 1822, 80100, 48498, 102310]"
118723,"[77411, 32707, 15386, 29069, 109734, 10819, 78669, 102858, 5839, 45552]"
118724,"[28707, 103782, 51104, 67523, 56243, 16951, 101110, 87863, 18032, 10169]"
118725,"[98205, 101387, 104870, 103402, 66331, 80537, 83, 29715, 51802, 60270]"
118726,"[13359, 1982, 59836, 2249, 83326, 55200, 7208, 65705, 105031, 85957]"
118727,"[35083, 62479, 35103, 72798, 46477, 20693, 86229, 96210, 49809, 15677]"
118728,"[98215, 106841, 10933, 100282, 98452, 42690, 59702, 75270, 11036, 72756]"
118729,"[68866, 31255, 69193, 11690, 51542, 49594, 37292, 38146, 76992, 62616]"
118730,"[74762, 60736, 87409, 4962, 43061, 52251, 41434, 55974, 88901, 92883]"
118731,"[93813, 37030, 50284, 96274, 65693, 52145, 18003, 23741, 10734, 45375]"
118732,"[38685, 49494, 99124, 88423, 108862, 73746, 56890, 99349, 21919, 72140]"
118733,"[74583, 53736, 11187, 107533, 60908, 89396, 94067, 97954, 53330, 103194]"
118734,"[9372, 88828, 56344, 91183, 21189, 49900, 95966, 48045, 68251, 21513]"
118735,"[81201, 21437, 88078, 69108, 107443, 95674, 31181, 86131, 87542, 26155]"
118736,"[26533, 103675, 82970, 71520, 51181, 2585, 17239, 8969, 11987, 20584]"
118737,"[11846, 64889, 94615, 53407, 22376, 92131, 55915, 67747, 84164, 36860]"
118738,"[40771, 107069, 100100, 35898, 83740, 47321, 60560, 9738, 48903, 109050]"
118739,"[76766, 77561, 51639, 82479, 72832, 37924, 78279, 44307, 14099, 69808]"
118740,"[72360, 19657, 90749, 24356, 106382, 89399, 80603, 58762, 21435, 109406]"
118741,"[38336, 6796, 4969, 74869, 64565, 84241, 14348, 42671, 86631, 8067]"
118742,"[24499, 13509, 21132, 21371, 11641, 16432, 85306, 35877, 66413, 107401]"
118743,"[52518, 54813, 92461, 50388, 15863, 73621, 45847, 63611, 34853, 98591]"
118744,"[21106, 17438, 24563, 13243, 86290, 105541, 18308, 81222, 70523, 15570]"
118745,"[43979, 95423, 26414, 10355, 25810, 48603, 83802, 107536, 20974, 60603]"
118746,"[26739, 55589, 76678, 76069, 90360, 68890, 4371, 93907, 63232, 4105]"
118747,"[26823, 15395, 60487, 41968, 43890, 104398, 72724, 108623, 71355, 70219]"
118748,"[20234, 52490, 108274, 39517, 47446, 22422, 105200, 94057, 78437, 101827]"
118749,"[40763, 87820, 30279, 74929, 50252, 178, 21779, 46849, 25833, 59600]"
118750,"[82171, 75795, 80928, 73860, 65309, 36455, 70976, 76947, 107528, 51465]"
118751,"[27387, 62481, 109066, 45406, 61943, 86008, 33517, 3427, 41062, 90719]"
118752,"[17936, 102630, 68544, 68864, 64234, 44290, 6347, 64873, 105920, 39089]"
118753,"[44934, 47177, 103231, 37865, 94092, 58377, 5233, 73252, 62451, 1874]"
118754,"[92234, 64252, 66613, 65686, 15325, 2910, 34324, 20865, 95489, 84311]"
118755,"[46470, 18051, 60413, 89778, 84663, 42325, 99229, 23098, 33291, 84301]"
118756,"[4935, 20237, 56660, 55542, 52621, 21789, 53305, 86306, 66331, 32095]"
118757,"[4494, 4148, 21401, 70880, 54822, 39847, 58640, 84540, 103965, 29214]"
118758,"[90847, 108500, 76257, 105903, 28325, 16495, 17363, 18154, 94926, 38431]"
118759,"[55763, 71888, 17005, 32057, 3412, 63833, 81430, 62261, 108670, 13389]"
118760,"[49350, 23730, 109744, 3534, 81283, 99329, 62433, 76359, 39394, 11331]"
118761,"[20463, 53302, 13130, 103407, 62944, 33971, 66912, 71760, 67725, 58846]"
118762,"[106564, 40034, 85484, 81416, 86961, 39749, 97459, 5073, 37684, 91171]"
118763,"[101430, 104387, 77069, 54634, 91630, 59412, 10687, 57854, 15660, 98499]"
118764,"[55564, 108652, 13359, 1982, 4591, 7208, 20231, 27463, 87883, 23263]"
118765,"[77923, 86388, 21551, 63425, 86672, 57552, 37044, 87308, 80330, 49683]"
118766,"[74032, 6034, 30890, 86675, 56197, 44616, 86659, 122, 50810, 83879]"
118767,"[105201, 35067, 68032, 14681, 85248, 32331, 56413, 87684, 27959, 73528]"
118768,"[44869, 103147, 9680, 77886, 22586, 56522, 32633, 65186, 35873, 43494]"
118769,"[5141, 41969, 109715, 52527, 31896, 37200, 28690, 65627, 49511, 67290]"
118770,"[58227, 104414, 77198, 33223, 16054, 99455, 75748, 37124, 82090, 35741]"
118771,"[84566, 67918, 33060, 71649, 88848, 43110, 71188, 51523, 49821, 78897]"
118772,"[55780, 101089, 25477, 9144, 89460, 55620, 93936, 1290, 77751, 39793]"
118773,"[87875, 54808, 68865, 94782, 82865, 108960, 76248, 54551, 15494, 101882]"
118774,"[17706, 20150, 37973, 37876, 26923, 29838, 21305, 98688, 56558, 17743]"
118775,"[75500, 75321, 52420, 49690, 65430, 51090, 37753, 33169, 16104, 26951]"
118776,"[70110, 98977, 99958, 70854, 67108, 59161, 21854, 93161, 72840, 73959]"
118777,"[75963, 20904, 98461, 74658, 99200, 36866, 21674, 36280, 42393, 90251]"
118778,"[41682, 50496, 8950, 93625, 6634, 49773, 87662, 72416, 31770, 18602]"
118779,"[54944, 19382, 39228, 32645, 32106, 55026, 100353, 79409, 27743, 34445]"
118780,"[47745, 64650, 44949, 35707, 61232, 91508, 100022, 9307, 7140, 40194]"
118781,"[60992, 60940, 30959, 89853, 20360, 105780, 79314, 103648, 66032, 63462]"
118782,"[17916, 12974, 84189, 1283, 29126, 20720, 72618, 68994, 91429, 13587]"
118783,"[107821, 10257, 45833, 11356, 94419, 48427, 50467, 56087, 88214, 62723]"
118784,"[64648, 97856, 84612, 54159, 95810, 57180, 27122, 45726, 7405, 59761]"
118785,"[107036, 75244, 89030, 15650, 28064, 1819, 1582, 70390, 83861, 65311]"
118786,"[89780, 4287, 76685, 100158, 12555, 28941, 26112, 38222, 91738, 6318]"
118787,"[14915, 27866, 60934, 39393, 74009, 40359, 64986, 25092, 18906, 96160]"
118788,"[30529, 20472, 30455, 106879, 71270, 107365, 66330, 84856, 48351, 66193]"
118789,"[89458, 93698, 62367, 16048, 34524, 15774, 82072, 12387, 88501, 47329]"
118790,"[42469, 35137, 25634, 75688, 80408, 80039, 19581, 27685, 92929, 77387]"
118791,"[51775, 33228, 20942, 69131, 69528, 62707, 70340, 60955, 63702, 84577]"
118792,"[101799, 18871, 36694, 12390, 46790, 28808, 89172, 93847, 14604, 30226]"
118793,"[98791, 91271, 99055, 100518, 52311, 28547, 247, 35044, 33199, 87199]"
118794,"[108228, 29074, 12335, 6834, 84251, 7405, 59761, 52607, 76304, 21992]"
118795,"[18996, 29848, 77304, 84172, 86, 74905, 14529, 37765, 21077, 16839]"
118796,"[36754, 59295, 109185, 28932, 105838, 62028, 41536, 24342, 108497, 51067]"
118797,"[88033, 106198, 98208, 92810, 53018, 33300, 12225, 25179, 45699, 22383]"
118798,"[1795, 56175, 86282, 19845, 43438, 16866, 38078, 75806, 108654, 99614]"
118799,"[8986, 56037, 22431, 537, 90364, 97156, 95921, 19094, 57702, 96614]"
118800,"[12621, 13222, 44129, 22792, 35466, 19269, 76669, 79127, 15407, 101432]"
118801,"[55686, 58784, 102673, 13727, 97926, 25349, 103414, 5754, 43763, 82369]"
118802,"[42996, 25878, 62170, 76970, 18584, 50374, 45046, 9238, 107109, 84682]"
118803,"[68842, 56227, 9326, 80611, 47340, 96865, 4564, 15041, 103794, 30949]"
118804,"[71863, 98, 54685, 100040, 36587, 45386, 69126, 66879, 88699, 68444]"
118805,"[7611, 84890, 43315, 40626, 1777, 77924, 51381, 76370, 106960, 77837]"
118806,"[99779, 92782, 41477, 38853, 3932, 585, 63905, 68349, 106085, 79308]"
118807,"[86285, 89954, 88995, 94545, 34029, 11938, 64954, 67346, 23657, 20199]"
118808,"[37973, 71467, 72814, 37876, 41593, 48956, 17743, 50719, 109068, 91256]"
118809,"[40439, 107118, 81311, 55065, 89111, 62628, 76339, 60274, 77750, 14390]"
118810,"[91638, 96147, 96859, 70584, 52855, 64589, 41607, 45031, 3463, 7583]"
118811,"[40542, 65737, 38994, 108221, 40899, 29282, 99622, 40422, 65162, 45444]"
118812,"[46178, 87268, 12087, 80777, 67947, 59115, 7355, 59084, 50642, 30092]"
118813,"[65385, 36671, 23076, 94828, 45751, 6547, 32276, 81426, 78977, 46232]"
118814,"[62835, 34769, 92980, 57813, 78972, 59835, 97006, 20180, 92049, 72659]"
118815,"[72936, 23832, 73105, 10640, 33505, 74084, 48026, 102249, 5720, 107694]"
118816,"[107646, 22304, 57594, 26807, 29355, 48664, 25108, 87795, 19949, 99812]"
118817,"[61871, 92566, 92927, 98769, 99067, 88506, 90167, 65914, 57950, 101771]"
118818,"[13779, 104756, 37593, 88894, 103155, 67459, 5704, 38972, 26375, 69365]"
118819,"[69308, 40462, 49788, 18527, 33777, 1172, 1362, 33439, 76451, 69433]"
118820,"[10076, 37481, 24100, 65937, 101767, 61729, 84155, 25266, 41752, 83188]"
118821,"[51252, 37892, 86251, 104332, 77443, 4879, 75861, 60290, 101793, 57626]"
118822,"[34894, 18950, 107983, 49923, 18725, 71025, 105046, 59480, 91664, 55957]"
118823,"[97417, 14204, 10005, 37247, 47234, 56927, 32100, 19463, 35622, 28182]"
118824,"[52216, 98135, 22075, 78307, 2905, 79667, 36241, 20945, 26396, 54416]"
118825,"[33571, 33318, 100032, 1332, 77854, 58749, 97522, 86918, 4846, 16729]"
118826,"[102534, 20825, 72683, 109497, 68520, 104525, 108148, 10276, 34051, 71813]"
118827,"[49966, 98899, 22271, 8909, 65187, 29934, 55559, 70912, 62795, 43195]"
118828,"[21738, 94035, 22307, 59682, 31176, 108690, 87235, 54594, 10633, 51285]"
118829,"[72857, 99231, 28687, 8542, 3624, 26195, 37797, 9882, 81351, 103012]"
118830,"[75303, 109410, 96075, 20360, 105780, 66032, 62265, 64094, 47721, 51899]"
118831,"[79268, 47642, 63004, 20857, 73923, 4676, 55464, 30375, 86709, 29136]"
118832,"[68856, 20197, 7472, 35868, 15641, 3272, 24204, 105856, 35743, 55789]"
118833,"[44794, 102573, 11351, 24922, 93550, 28613, 30009, 72772, 43449, 15457]"
118834,"[68146, 11180, 20304, 72567, 19605, 63163, 21639, 107620, 69396, 86622]"
118835,"[108632, 5930, 81327, 70027, 7386, 98396, 94073, 103892, 67735, 73732]"
118836,"[88078, 44544, 102053, 104634, 98519, 107604, 81201, 88622, 64968, 81927]"
118837,"[61836, 44602, 80683, 24798, 82630, 4925, 37977, 74778, 49638, 108013]"
118838,"[36297, 84586, 83838, 101824, 94294, 62650, 75994, 8758, 32203, 11722]"
118839,"[107289, 40718, 90569, 81771, 52679, 37782, 96187, 69346, 16043, 43275]"
118840,"[8575, 34482, 95818, 49948, 53136, 64006, 27525, 96609, 69653, 58587]"
118841,"[36356, 89810, 57892, 1986, 25572, 62977, 11079, 91557, 64353, 102145]"
118842,"[98067, 6326, 18404, 68360, 100999, 62831, 99276, 100418, 37579, 2230]"
118843,"[74003, 2436, 1826, 98453, 54641, 66384, 51038, 60646, 24945, 37360]"
118844,"[89807, 44125, 21819, 99338, 28217, 5356, 62264, 47852, 68095, 24415]"
118845,"[60021, 51730, 87886, 108142, 73267, 26996, 107708, 104675, 3774, 8129]"
118846,"[100506, 13990, 81782, 15907, 36239, 28694, 97659, 61390, 31785, 15513]"
118847,"[100071, 63536, 49654, 55494, 93089, 38640, 42852, 93507, 51984, 89163]"
118848,"[24637, 92063, 12462, 93579, 25032, 59522, 15567, 43724, 59414, 88149]"
118849,"[68884, 69744, 104058, 97945, 44658, 83786, 61794, 29319, 34030, 98377]"
118850,"[19928, 105143, 83539, 58416, 82576, 64722, 56787, 97845, 21237, 8106]"
118851,"[80392, 64258, 31883, 9802, 53115, 20333, 7458, 8979, 94819, 72908]"
118852,"[26585, 82072, 76661, 14741, 84909, 67019, 25475, 80377, 105264, 62367]"
118853,"[2215, 63018, 51816, 93464, 52705, 98358, 60209, 92613, 39358, 73194]"
118854,"[68023, 67861, 61523, 68435, 97162, 13114, 91197, 77120, 102877, 47592]"
118855,"[98183, 89759, 17619, 82995, 7433, 85939, 66789, 17739, 99501, 38709]"
118856,"[35970, 11911, 68999, 55074, 4552, 90555, 5504, 8088, 49760, 79485]"
118857,"[64430, 57927, 56817, 47283, 75242, 79063, 10119, 47591, 98150, 78264]"
118858,"[71717, 38874, 108965, 21648, 97613, 91320, 101652, 97288, 46684, 44515]"
118859,"[19993, 9686, 73711, 53427, 58219, 91129, 33107, 98923, 107717, 26701]"
118860,"[99096, 47839, 77404, 101017, 59743, 49202, 81455, 74262, 67134, 25335]"
118861,"[52443, 58610, 27765, 11987, 54695, 51181, 2585, 37724, 31993, 100140]"
118862,"[50296, 97788, 78575, 31725, 71417, 96081, 98997, 53825, 46262, 79859]"
118863,"[83920, 54113, 87149, 78641, 67209, 58068, 31337, 97214, 90539, 191]"
118864,"[64830, 24325, 33626, 65583, 16320, 105571, 27028, 104212, 57059, 59594]"
118865,"[98102, 39361, 36193, 54059, 3472, 51029, 23587, 82879, 18917, 74832]"
118866,"[80346, 94722, 103023, 73531, 86211, 22438, 85785, 34075, 55301, 59265]"
118867,"[3904, 72733, 106618, 4947, 78551, 60477, 957, 21119, 49341, 65688]"
118868,"[74449, 32666, 65230, 46831, 61983, 59737, 27478, 30887, 86015, 58974]"
118869,"[63408, 41443, 101444, 109050, 101948, 26486, 65252, 71169, 13096, 25896]"
118870,"[14095, 10266, 102631, 36403, 96918, 98779, 40600, 13038, 41546, 68527]"
118871,"[29697, 60877, 51810, 10071, 97556, 20794, 52661, 16052, 43866, 23618]"
118872,"[74501, 20883, 84949, 55460, 69392, 48719, 13870, 4775, 106076, 11048]"
118873,"[67857, 97008, 90435, 76197, 43568, 98467, 27215, 81889, 74560, 9274]"
118874,"[2385, 26263, 15364, 39797, 64705, 103494, 86158, 82919, 107239, 27123]"
118875,"[83463, 87224, 68662, 41062, 3427, 89238, 22343, 97076, 269, 69184]"
118876,"[9665, 67677, 13605, 67597, 21084, 93061, 21943, 101182, 69939, 31846]"
118877,"[55765, 88775, 99576, 90621, 93366, 16993, 7731, 95706, 83620, 7344]"
118878,"[29374, 75772, 103317, 8045, 37852, 70606, 81423, 46768, 58830, 45873]"
118879,"[66095, 48787, 109111, 26984, 18824, 72585, 43650, 102783, 81528, 78401]"
118880,"[45426, 60220, 101069, 72859, 23163, 58883, 102111, 24930, 57639, 99208]"
118881,"[87355, 78292, 56987, 89187, 90776, 76267, 62241, 85983, 30857, 59816]"
118882,"[39111, 83495, 17630, 97992, 33302, 71979, 33427, 107131, 81365, 21513]"
118883,"[6923, 37369, 104728, 50593, 66616, 53833, 96158, 79995, 32815, 11617]"
118884,"[68790, 16157, 33372, 33077, 53165, 64282, 69538, 46593, 14257, 103486]"
118885,"[84542, 71121, 33375, 19926, 83377, 64390, 84659, 91892, 100850, 11037]"
118886,"[7200, 69591, 27414, 99321, 30179, 84984, 36518, 78032, 16688, 97749]"
118887,"[92805, 89748, 52739, 17156, 43943, 101171, 61933, 28957, 90438, 94538]"
118888,"[102217, 105420, 61577, 2099, 42735, 93067, 29333, 25102, 77272, 10300]"
118889,"[91090, 93401, 26169, 81652, 40361, 77025, 1454, 55188, 34752, 95956]"
118890,"[76469, 28796, 9980, 15989, 84772, 45611, 25972, 96666, 61513, 72251]"
118891,"[91331, 69772, 36304, 77696, 45524, 38884, 104570, 27406, 87959, 100283]"
118892,"[64306, 46062, 10254, 86972, 102546, 29207, 40914, 16989, 58091, 25875]"
118893,"[96090, 55112, 40408, 2734, 61526, 106960, 72475, 62623, 49162, 48106]"
118894,"[89279, 93863, 13280, 10505, 12548, 104215, 87102, 96994, 50878, 86444]"
118895,"[34803, 49406, 57660, 7648, 92018, 98373, 23631, 53334, 65860, 85389]"
118896,"[10355, 26414, 70001, 60603, 3986, 16311, 545, 63122, 713, 94144]"
118897,"[11609, 100607, 71474, 101013, 75350, 105525, 95313, 46908, 83430, 12358]"
118898,"[38690, 33174, 99987, 21607, 80284, 5656, 104585, 43765, 75136, 71034]"
118899,"[72629, 105261, 79113, 56133, 32765, 67975, 9098, 30523, 5702, 33657]"
118900,"[10606, 6778, 68875, 78104, 94616, 80727, 41310, 62208, 103959, 48393]"
118901,"[103583, 78285, 59754, 49617, 35701, 96967, 313, 108044, 32494, 96579]"
118902,"[100575, 104392, 11032, 10329, 13302, 13716, 8758, 67161, 13399, 92642]"
118903,"[99466, 51541, 88906, 105907, 29890, 20243, 11371, 30995, 62342, 62780]"
118904,"[79534, 38405, 107549, 82642, 52976, 103409, 91279, 103257, 33487, 100787]"
118905,"[10217, 84765, 74779, 101488, 13040, 43517, 43139, 104505, 106623, 8340]"
118906,"[61493, 19441, 4738, 100354, 44311, 3102, 66417, 96503, 102631, 102335]"
118907,"[18602, 82092, 56803, 88167, 27219, 31770, 23101, 36155, 35061, 74740]"
118908,"[15944, 70909, 52085, 5961, 75594, 62817, 59356, 18251, 10338, 104995]"
118909,"[68803, 18133, 82137, 91224, 76807, 73240, 30228, 9571, 47590, 13717]"
118910,"[50423, 12293, 11244, 34524, 62367, 20761, 4367, 48346, 76747, 50596]"
118911,"[77428, 97219, 21162, 77527, 107161, 70040, 19291, 15330, 97520, 78781]"
118912,"[68316, 99190, 77902, 12049, 69706, 56640, 70277, 28193, 84853, 64932]"
118913,"[19500, 73839, 98083, 77383, 18873, 56767, 60120, 72249, 96252, 41780]"
118914,"[53087, 41721, 46078, 58055, 79730, 23419, 103406, 30151, 69231, 102928]"
118915,"[94601, 60335, 45271, 85468, 100824, 3267, 65889, 14423, 45624, 2499]"
118916,"[88894, 26606, 23501, 42249, 33854, 58731, 90954, 28852, 27664, 85335]"
118917,"[49305, 91809, 14081, 60986, 104803, 18735, 64811, 105386, 89785, 42062]"
118918,"[38817, 23887, 82276, 97010, 94498, 107483, 4686, 6830, 44515, 46745]"
118919,"[19141, 7693, 17960, 79644, 5619, 60736, 49376, 49460, 55809, 90385]"
118920,"[75175, 54235, 59261, 98039, 88830, 75271, 84988, 60076, 109250, 44461]"
118921,"[301, 20001, 63637, 72418, 103695, 90506, 19970, 54891, 96113, 69239]"
118922,"[93208, 102446, 35652, 73594, 98567, 92180, 59711, 38085, 70275, 50903]"
118923,"[69211, 67770, 11397, 82468, 93579, 84935, 78522, 24397, 38126, 46318]"
118924,"[15178, 82824, 40135, 68443, 64426, 99131, 21625, 3865, 8425, 108894]"
118925,"[34149, 7699, 105438, 54773, 62824, 18402, 11003, 88102, 98023, 43713]"
118926,"[19184, 8613, 92150, 49756, 41418, 65336, 80913, 56565, 64199, 27336]"
118927,"[109460, 42833, 52163, 94117, 82332, 102006, 52412, 59506, 52555, 91759]"
118928,"[13246, 84820, 88145, 33386, 41297, 99701, 3099, 10492, 57166, 7990]"
118929,"[31813, 87745, 35994, 101508, 28375, 25175, 30783, 34802, 84267, 79789]"
118930,"[74383, 98175, 5252, 44796, 68770, 294, 71524, 54426, 67433, 100152]"
118931,"[13300, 95391, 105918, 39512, 41432, 62394, 19970, 26310, 87394, 49484]"
118932,"[18205, 33176, 54807, 23960, 47174, 11762, 28145, 6190, 16020, 79846]"
118933,"[2321, 62196, 42266, 66296, 2264, 72417, 82928, 7943, 47974, 38654]"
118934,"[74920, 30901, 495, 108844, 12143, 90088, 68822, 35399, 24854, 97223]"
118935,"[4890, 92133, 86843, 68875, 64208, 94565, 27434, 70090, 94308, 90489]"
118936,"[2034, 104753, 56243, 16951, 105374, 76792, 10169, 51104, 96096, 28707]"
118937,"[71252, 32633, 37561, 97765, 40743, 67795, 10177, 95987, 70653, 63373]"
118938,"[22969, 95272, 71151, 108262, 23235, 58768, 56073, 14484, 26558, 109602]"
118939,"[77957, 3351, 97531, 107127, 94288, 28330, 38861, 14961, 18072, 49257]"
118940,"[6708, 27266, 24302, 103544, 93010, 44803, 103841, 8338, 94441, 36137]"
118941,"[104473, 82083, 58954, 56462, 68253, 60708, 96320, 35116, 4512, 57685]"
118942,"[99039, 77869, 77367, 29099, 29538, 43552, 71081, 100941, 68708, 45856]"
118943,"[89782, 35226, 20664, 15498, 23215, 94730, 90477, 22783, 95788, 45577]"
118944,"[93013, 97696, 91298, 108257, 5465, 33585, 26628, 92578, 61765, 23473]"
118945,"[22688, 36649, 76388, 78303, 97255, 99366, 21348, 68789, 47164, 97076]"
118946,"[109131, 35772, 63380, 44208, 27854, 44003, 45486, 100796, 86293, 106171]"
118947,"[57096, 76334, 30866, 40445, 62711, 88428, 45596, 65167, 48590, 20708]"
118948,"[68128, 57861, 73878, 15509, 22956, 107947, 57048, 56936, 15008, 108627]"
118949,"[107776, 20510, 22792, 40107, 103201, 75567, 26138, 48499, 71244, 2465]"
118950,"[31530, 239, 63856, 18143, 16754, 57212, 53740, 103270, 100171, 50674]"
118951,"[19847, 19463, 14204, 37247, 104669, 71724, 35039, 62549, 109523, 36914]"
118952,"[27495, 108372, 69127, 101890, 71523, 12579, 81656, 22579, 85018, 99839]"
118953,"[59957, 8181, 10204, 3775, 43119, 48017, 94144, 53574, 79277, 49295]"
118954,"[24262, 35478, 27048, 59194, 2453, 23882, 51262, 108408, 11589, 1391]"
118955,"[39056, 54606, 78400, 53615, 96547, 74264, 85851, 55216, 79665, 61131]"
118956,"[72258, 21931, 102803, 74056, 54704, 48684, 34754, 96139, 102722, 27345]"
118957,"[48737, 85285, 17964, 88618, 34566, 30403, 17926, 86999, 38934, 86924]"
118958,"[72847, 642, 90493, 105504, 99846, 70961, 64860, 62332, 84861, 77462]"
118959,"[10060, 27660, 81414, 91096, 93696, 77673, 87375, 88035, 49174, 103309]"
118960,"[72734, 83778, 42368, 21528, 80562, 15817, 80497, 55519, 24069, 48815]"
118961,"[17890, 67477, 74192, 58987, 13842, 83406, 21198, 87315, 47648, 108747]"
118962,"[7062, 23645, 77054, 25649, 35737, 11689, 46979, 100450, 40704, 70183]"
118963,"[48650, 71544, 76165, 48365, 87757, 5384, 7390, 34958, 87291, 40860]"
118964,"[95610, 92421, 21498, 87853, 91820, 8982, 845, 33731, 6365, 104872]"
118965,"[36974, 96676, 65611, 34676, 18836, 67114, 97747, 83050, 34386, 35470]"
118966,"[20670, 25952, 97530, 67673, 73301, 11199, 35465, 25069, 77194, 89590]"
118967,"[57430, 40603, 85561, 13244, 33477, 27405, 27598, 81407, 10840, 97166]"
118968,"[471, 105112, 48306, 100040, 25967, 24844, 21563, 66879, 58649, 88878]"
118969,"[52964, 61719, 60416, 61257, 82986, 80903, 16265, 13009, 74848, 48715]"
118970,"[69974, 2003, 77610, 55967, 35021, 36827, 58573, 61966, 91985, 100732]"
118971,"[5195, 89398, 95915, 103033, 64607, 76577, 85073, 79051, 27961, 21819]"
118972,"[23120, 84893, 63664, 58269, 55125, 99022, 109519, 88366, 108432, 62104]"
118973,"[89569, 77257, 93511, 96329, 14498, 38592, 82826, 8088, 58844, 100013]"
118974,"[59729, 2758, 11329, 70613, 52739, 104285, 45068, 35401, 14954, 59343]"
118975,"[80648, 42942, 106085, 58039, 90072, 54642, 79937, 40190, 68663, 62455]"
118976,"[72782, 72797, 67121, 49967, 29208, 70844, 47877, 80868, 1627, 98324]"
118977,"[107579, 24074, 92393, 18290, 1710, 78852, 60545, 103987, 73691, 21582]"
118978,"[56944, 54063, 16948, 32843, 31229, 14762, 79999, 76894, 34316, 27344]"
118979,"[18250, 76554, 15743, 41661, 108698, 53653, 777, 7873, 3276, 66280]"
118980,"[30206, 109334, 57696, 92435, 77187, 26064, 15840, 74864, 105781, 43464]"
118981,"[46950, 96, 12768, 34830, 20545, 43812, 81759, 48340, 39031, 47603]"
118982,"[86515, 74233, 74487, 47284, 77026, 85482, 98298, 90556, 94093, 102603]"
118983,"[49275, 34707, 73452, 37164, 40693, 56592, 79488, 35889, 53553, 104817]"
118984,"[68083, 89531, 74820, 64044, 105647, 15074, 29286, 9597, 34541, 84241]"
118985,"[98433, 2012, 75273, 45970, 97034, 76538, 62689, 48668, 19801, 104888]"
118986,"[82194, 61454, 76234, 68274, 101744, 98098, 71570, 13418, 104995, 43041]"
118987,"[61130, 77340, 31609, 65886, 60254, 97291, 62035, 14180, 70758, 7248]"
118988,"[52527, 45539, 22424, 47863, 41969, 4101, 43883, 33888, 23034, 9974]"
118989,"[43382, 77912, 92457, 66096, 96579, 86354, 33979, 13330, 35701, 10218]"
118990,"[74331, 40199, 89025, 62400, 104078, 29446, 71641, 48228, 104216, 58147]"
118991,"[72453, 89538, 15247, 18194, 97621, 56058, 4809, 4714, 90154, 16204]"
118992,"[25917, 36164, 100751, 30353, 100734, 39184, 99832, 50461, 45759, 55066]"
118993,"[69424, 38223, 16538, 22562, 29780, 15625, 49499, 31688, 12554, 105461]"
118994,"[52866, 25283, 76600, 37199, 108902, 54840, 97338, 39583, 49907, 33629]"
118995,"[27972, 102443, 66235, 9028, 19507, 81750, 23652, 81521, 82635, 104794]"
118996,"[27599, 38336, 64565, 84241, 15042, 42671, 86631, 6796, 103441, 20673]"
118997,"[19527, 82098, 60616, 109087, 107012, 38999, 36973, 48040, 95568, 21470]"
118998,"[89418, 845, 97523, 24843, 54244, 101682, 8661, 26315, 47508, 55775]"
118999,"[99009, 31887, 48254, 15061, 67340, 62110, 27525, 7828, 32467, 72614]"
119000,"[89212, 40603, 62609, 38774, 85534, 90619, 105935, 85129, 73159, 88570]"
119001,"[106494, 39111, 83495, 79498, 92049, 64356, 91588, 88782, 93270, 2492]"
119002,"[41169, 109400, 61550, 34934, 5029, 63793, 72636, 25615, 106627, 61599]"
119003,"[87090, 30474, 9145, 98379, 106476, 12389, 20772, 22718, 1199, 101217]"
119004,"[49102, 59459, 7946, 11427, 99406, 44590, 64502, 15845, 78607, 12074]"
119005,"[97884, 33495, 30599, 73515, 25746, 57570, 16278, 41687, 19548, 2708]"
119006,"[81075, 65844, 31723, 53492, 104802, 72927, 84802, 54140, 73303, 980]"
119007,"[15372, 81313, 61969, 82889, 88845, 10678, 54716, 68659, 96152, 53059]"
119008,"[33120, 46870, 33558, 62363, 99470, 78133, 18125, 54276, 39294, 87492]"
119009,"[85130, 105509, 66616, 64892, 16789, 37732, 2766, 92273, 80740, 53542]"
119010,"[36265, 36969, 74673, 108889, 2544, 107556, 33281, 88882, 108505, 5184]"
119011,"[47961, 107247, 97889, 27157, 89711, 24801, 106563, 33372, 30354, 109180]"
119012,"[82995, 38709, 50584, 75690, 108161, 85939, 66789, 17739, 32728, 10101]"
119013,"[36960, 24010, 23765, 13992, 34100, 69754, 65107, 47495, 96692, 20868]"
119014,"[60748, 3826, 107560, 1178, 67537, 36296, 9178, 44072, 60906, 4140]"
119015,"[79047, 87807, 68417, 9286, 60753, 9795, 72615, 30121, 70595, 48326]"
119016,"[65867, 18626, 80564, 45305, 81393, 27916, 105684, 1024, 33629, 80967]"
119017,"[36814, 78958, 15261, 12800, 52790, 45422, 67571, 2990, 9820, 28738]"
119018,"[66584, 72569, 43798, 105591, 44233, 8103, 105406, 97259, 37702, 106812]"
119019,"[22300, 93168, 95727, 102326, 63695, 82394, 65201, 72697, 53740, 72095]"
119020,"[52696, 11164, 68178, 50060, 72899, 91360, 39201, 59076, 4318, 91751]"
119021,"[52653, 46816, 88775, 20538, 25062, 98193, 68913, 108247, 82374, 12677]"
119022,"[12435, 23634, 37768, 70215, 66971, 36662, 77535, 68346, 78571, 93515]"
119023,"[45114, 40044, 14846, 71634, 37278, 25804, 93947, 104574, 86904, 95800]"
119024,"[96083, 26339, 2025, 46461, 20864, 10554, 48273, 63979, 48843, 94800]"
119025,"[5062, 4852, 34083, 35192, 46302, 56862, 32585, 3495, 35124, 19534]"
119026,"[15122, 58926, 71208, 28773, 2958, 60243, 9847, 80269, 102756, 25497]"
119027,"[93889, 71544, 26739, 57293, 3077, 5384, 75707, 61977, 7555, 78633]"
119028,"[101389, 52495, 58024, 75634, 23981, 109473, 39339, 12875, 54264, 90567]"
119029,"[69622, 9190, 47704, 57255, 249, 89895, 61700, 36979, 65052, 33991]"
119030,"[69295, 79125, 37746, 103161, 89827, 108758, 40447, 22862, 13317, 94829]"
119031,"[77654, 63789, 31430, 60808, 6639, 79889, 36622, 70234, 76858, 89048]"
119032,"[58842, 99615, 29989, 8936, 63892, 93319, 8249, 10860, 29344, 18308]"
119033,"[29124, 21815, 103538, 9377, 63545, 51842, 2145, 34586, 106678, 67412]"
119034,"[91448, 86909, 58972, 99714, 25418, 21947, 61149, 46315, 6894, 4952]"
119035,"[29498, 10491, 95897, 47411, 714, 63340, 17290, 86466, 78933, 4209]"
119036,"[72952, 5867, 49038, 7866, 51473, 47916, 26724, 73369, 39591, 78347]"
119037,"[12976, 34647, 5953, 15514, 4504, 68987, 93645, 52152, 30341, 105051]"
119038,"[47087, 96608, 31384, 15915, 5101, 92775, 85157, 33510, 2450, 6068]"
119039,"[14837, 98080, 5226, 106220, 734, 107169, 45057, 18665, 93533, 86717]"
119040,"[10531, 23008, 102772, 81933, 74678, 75087, 31345, 50672, 103966, 8483]"
119041,"[1238, 63858, 10710, 103110, 46021, 45766, 16446, 105651, 100872, 12593]"
119042,"[39753, 30664, 101511, 98295, 20658, 23035, 105097, 96406, 85203, 18560]"
119043,"[94926, 11432, 74268, 24157, 100090, 46467, 71406, 47411, 34423, 52968]"
119044,"[1353, 22168, 63141, 44276, 87251, 33746, 22860, 8151, 21358, 75955]"
119045,"[22848, 31423, 41196, 89157, 11232, 39871, 91865, 34278, 62088, 89717]"
119046,"[92401, 83078, 3889, 76445, 99386, 54893, 46488, 102105, 97012, 105325]"
119047,"[26483, 92056, 72730, 74051, 40393, 40115, 20578, 102708, 107065, 50905]"
119048,"[41675, 46422, 3645, 106005, 22775, 77371, 96047, 102788, 18515, 52109]"
119049,"[108709, 33560, 73509, 52235, 103593, 54631, 59578, 95371, 106555, 91537]"
119050,"[38327, 44734, 16311, 30218, 87979, 3534, 39789, 109744, 33414, 61031]"
119051,"[64283, 2483, 91275, 78062, 4767, 56149, 94992, 28992, 49995, 52331]"
119052,"[6978, 35929, 63394, 40805, 62102, 98361, 94390, 40440, 73059, 55162]"
119053,"[36599, 28332, 32523, 109681, 74081, 69699, 79981, 54338, 20788, 41815]"
119054,"[65318, 52175, 23176, 10623, 39327, 54554, 92733, 39992, 28605, 49428]"
119055,"[66777, 90500, 47314, 56652, 18024, 61229, 102737, 29005, 31798, 77414]"
119056,"[102224, 89603, 96191, 10378, 57314, 38553, 16372, 79329, 5902, 34102]"
119057,"[98251, 71995, 80760, 102937, 106617, 82293, 109289, 16068, 10906, 12935]"
119058,"[69611, 107077, 26528, 40774, 95255, 36842, 49297, 22632, 54778, 80982]"
119059,"[45474, 31317, 90597, 89869, 60334, 38866, 20006, 91286, 69945, 72638]"
119060,"[73307, 28682, 106028, 19100, 93216, 33450, 99062, 75008, 38398, 90180]"
119061,"[70351, 69988, 101755, 58782, 57502, 33945, 75627, 63489, 58319, 54323]"
119062,"[43280, 54246, 82141, 17580, 61074, 36594, 47458, 5983, 23782, 44706]"
119063,"[15522, 77978, 11510, 104201, 69271, 17746, 31579, 58143, 74661, 78971]"
119064,"[2103, 11254, 5513, 23066, 35167, 89713, 47589, 8466, 90428, 48147]"
119065,"[2169, 49499, 58860, 39133, 99882, 43414, 38420, 19272, 97082, 7853]"
119066,"[29865, 53735, 8399, 58427, 44142, 33912, 49806, 57025, 5837, 83143]"
119067,"[40122, 71241, 24326, 43938, 53458, 33636, 38689, 17114, 107170, 36913]"
119068,"[60032, 63929, 18476, 23217, 78962, 83170, 56514, 78861, 18850, 75056]"
119069,"[19238, 59843, 68813, 3616, 1934, 23986, 23519, 61883, 84649, 6743]"
119070,"[94058, 82298, 72744, 101536, 57048, 8261, 16047, 21071, 1365, 48866]"
119071,"[71666, 71313, 44972, 83205, 32918, 3360, 22805, 5476, 51945, 71133]"
119072,"[81709, 94073, 39533, 25007, 79615, 83912, 69027, 22316, 56090, 34625]"
119073,"[9112, 47150, 2029, 53712, 78627, 4542, 95835, 83345, 88174, 101086]"
119074,"[96420, 34836, 10338, 83064, 97350, 67510, 78999, 62931, 49626, 103285]"
119075,"[99377, 21290, 1253, 38954, 69562, 16528, 41994, 4, 34428, 56537]"
119076,"[86742, 89069, 103153, 38748, 46785, 54672, 35474, 31431, 86759, 10968]"
119077,"[83703, 52667, 96060, 75018, 42205, 100193, 22248, 50529, 86963, 19979]"
119078,"[99874, 22513, 101292, 33576, 10159, 54962, 72321, 54310, 82957, 74899]"
119079,"[47403, 43300, 36081, 83331, 879, 104200, 93767, 32305, 36855, 20634]"
119080,"[28498, 17414, 75428, 39180, 78653, 78615, 62201, 92186, 25812, 90653]"
119081,"[6126, 30267, 5730, 31628, 56605, 109506, 15871, 85771, 52465, 106417]"
119082,"[50129, 100507, 61100, 41104, 32418, 81188, 108078, 64896, 4589, 79720]"
119083,"[22891, 96697, 59901, 22434, 74919, 95688, 40420, 46436, 67026, 7197]"
119084,"[58455, 3293, 109306, 108375, 49930, 80197, 45261, 2994, 107415, 96490]"
119085,"[27541, 28308, 52202, 88184, 26039, 96800, 42108, 22987, 46140, 105429]"
119086,"[54737, 86256, 38064, 57769, 51156, 90907, 100107, 89634, 22007, 101651]"
119087,"[98602, 1335, 71861, 37824, 29353, 53884, 2942, 91683, 10713, 17325]"
119088,"[17349, 108046, 42174, 99673, 7288, 8831, 56520, 98600, 520, 43989]"
119089,"[2697, 67447, 10709, 9509, 9269, 79198, 72017, 77863, 31730, 57835]"
119090,"[62581, 85514, 53807, 102924, 104110, 41892, 94937, 43745, 92502, 12117]"
119091,"[21137, 65717, 68550, 53863, 81586, 100768, 109390, 62438, 102569, 30470]"
119092,"[92834, 99411, 73027, 10774, 1362, 39127, 93605, 72760, 77248, 8658]"
119093,"[34092, 67651, 30370, 55969, 9390, 101261, 17704, 34709, 100322, 91139]"
119094,"[6229, 100788, 57099, 37058, 2028, 61133, 85963, 41053, 106019, 94550]"
119095,"[16307, 14760, 47012, 51859, 83887, 42448, 62408, 67788, 78200, 81817]"
119096,"[85562, 90240, 29546, 68160, 5984, 60777, 50615, 27189, 23958, 11210]"
119097,"[12775, 104368, 23126, 96492, 50372, 104416, 51133, 60354, 89212, 73113]"
119098,"[95742, 89199, 39711, 59286, 103017, 96538, 17722, 71546, 53714, 36629]"
119099,"[43122, 99867, 92040, 88848, 18491, 51523, 102142, 49821, 95318, 14069]"
119100,"[22158, 34678, 75281, 82804, 30092, 96243, 90632, 88909, 3940, 104146]"
119101,"[10555, 84218, 77273, 20881, 77517, 89330, 78159, 73208, 60167, 56841]"
119102,"[23653, 78415, 45558, 55895, 79136, 75955, 9857, 27179, 72356, 80640]"
119103,"[33743, 17620, 90400, 75610, 53125, 41124, 32106, 46144, 52864, 62783]"
119104,"[10989, 85192, 7264, 82826, 91236, 5217, 72575, 22705, 60482, 85269]"
119105,"[50897, 49382, 79702, 106741, 72296, 6042, 56628, 3349, 63038, 47946]"
119106,"[67081, 8222, 85676, 57135, 74485, 90519, 75437, 25713, 36533, 59790]"
119107,"[64445, 19915, 86752, 64934, 54218, 85988, 50965, 7798, 46603, 215]"
119108,"[18944, 42680, 2978, 81458, 98206, 59389, 30485, 100581, 106907, 89932]"
119109,"[21005, 80454, 109579, 28889, 54118, 62583, 105144, 105106, 84362, 8205]"
119110,"[38966, 94116, 79345, 36552, 83627, 53748, 73547, 11887, 77110, 31739]"
119111,"[71581, 66387, 13179, 7954, 76789, 13180, 61448, 78445, 59498, 39691]"
119112,"[105563, 68126, 75912, 93647, 96573, 399, 98742, 26528, 22622, 37168]"
119113,"[69111, 76433, 24473, 86740, 18286, 26487, 34961, 1259, 101315, 2228]"
119114,"[104449, 65452, 85533, 79713, 423, 103771, 7801, 17068, 49173, 109456]"
119115,"[21352, 36959, 105886, 106906, 77672, 4555, 94943, 87160, 72818, 57150]"
119116,"[4187, 44606, 47321, 59230, 22741, 84828, 42236, 77726, 45437, 108073]"
119117,"[90118, 107460, 96663, 27267, 61706, 85803, 74953, 55127, 90520, 89100]"
119118,"[46766, 57947, 65687, 78225, 55842, 3515, 98714, 31409, 78570, 37626]"
119119,"[32417, 24175, 44559, 41117, 67761, 68563, 54143, 14526, 41642, 93756]"
119120,"[59369, 107858, 74633, 3380, 35897, 51095, 95905, 3582, 64566, 82567]"
119121,"[8832, 42311, 39937, 31182, 97110, 40309, 55082, 45512, 90396, 55675]"
119122,"[23222, 39131, 26692, 21820, 3135, 98800, 11468, 98532, 291, 49820]"
119123,"[109067, 60564, 108061, 99963, 92416, 96140, 43305, 21915, 63550, 40451]"
119124,"[49378, 41282, 106580, 95607, 108042, 66646, 3399, 100758, 17313, 105287]"
119125,"[84127, 7183, 91824, 22868, 37358, 98217, 56649, 10655, 90213, 36226]"
119126,"[85274, 66263, 7273, 98386, 63543, 87515, 45593, 308, 51602, 69701]"
119127,"[2209, 2198, 4472, 55108, 8189, 108578, 27854, 18786, 19079, 21895]"
119128,"[109768, 42178, 5688, 83297, 85415, 31094, 86883, 109367, 63956, 21780]"
119129,"[106203, 91767, 61936, 68420, 8456, 87045, 870, 13765, 48638, 64497]"
119130,"[37452, 16563, 51050, 69020, 49866, 87732, 81109, 14466, 80881, 57786]"
119131,"[62496, 46682, 5878, 107510, 64731, 84576, 94025, 56704, 95110, 82661]"
119132,"[44393, 38438, 5606, 88106, 99922, 63612, 96380, 17122, 49841, 15100]"
119133,"[52458, 25240, 88589, 100915, 31551, 67293, 32472, 80021, 75762, 77424]"
119134,"[93888, 46850, 5071, 95927, 87833, 3852, 66521, 108082, 73569, 51200]"
119135,"[56171, 4477, 66941, 7424, 39853, 86410, 97613, 91320, 29829, 85363]"
119136,"[37101, 33553, 66110, 59235, 67112, 63147, 12905, 11794, 98086, 1280]"
119137,"[83369, 9250, 10137, 46952, 88950, 10828, 26328, 108402, 94862, 89131]"
119138,"[14480, 8676, 25224, 20491, 102742, 96903, 5441, 20443, 87039, 30770]"
119139,"[33357, 51950, 25747, 13588, 107062, 91899, 20152, 37647, 36516, 100026]"
119140,"[89481, 47869, 82059, 75312, 97649, 37472, 88726, 83786, 44658, 39543]"
119141,"[82783, 14035, 87330, 30378, 78926, 80169, 8631, 4198, 71820, 101466]"
119142,"[18464, 37035, 90656, 43419, 42008, 7123, 74299, 66333, 92998, 53692]"
119143,"[24899, 52400, 94395, 50826, 83913, 51398, 33612, 37926, 67220, 39957]"
119144,"[26128, 6966, 40794, 12933, 37055, 73625, 101200, 88163, 103194, 22550]"
119145,"[10291, 59126, 10270, 50057, 104102, 18071, 15089, 67915, 34373, 45978]"
119146,"[7775, 16698, 108057, 88017, 17598, 10780, 1200, 48376, 84752, 54949]"
119147,"[74931, 25899, 62690, 60712, 12309, 76678, 48617, 105370, 33058, 52849]"
119148,"[83519, 20495, 96274, 106995, 23919, 46349, 23741, 50678, 74544, 69722]"
119149,"[91302, 6509, 38430, 21029, 28806, 7204, 72074, 97116, 4469, 9013]"
119150,"[66658, 74723, 49561, 67303, 32140, 74127, 12998, 24348, 85848, 83402]"
119151,"[45734, 57253, 71899, 101590, 105722, 51234, 73440, 36019, 101680, 1553]"
119152,"[25263, 16811, 20967, 29584, 83509, 99545, 42361, 88087, 57778, 49999]"
119153,"[14183, 66629, 23690, 23860, 96187, 19464, 31934, 31100, 33404, 56226]"
119154,"[44907, 75962, 79223, 109419, 18032, 86964, 61123, 99896, 12378, 32022]"
119155,"[1729, 6881, 92962, 11002, 48861, 88814, 66546, 100919, 85665, 68109]"
119156,"[29387, 43608, 43626, 58753, 103427, 31307, 85580, 4405, 80574, 48041]"
119157,"[37758, 67488, 87007, 33777, 49788, 92834, 72856, 13008, 105384, 31640]"
119158,"[90027, 86059, 70934, 45843, 8573, 28494, 28959, 53570, 54559, 33566]"
119159,"[44925, 44192, 42247, 83895, 51486, 35696, 68893, 108567, 85989, 44923]"
119160,"[28181, 94566, 30557, 55118, 109582, 12813, 90474, 61657, 15451, 103590]"
119161,"[8914, 23308, 6290, 80473, 12289, 52249, 24452, 86027, 97095, 39947]"
119162,"[35240, 75877, 28126, 68784, 42309, 89836, 7683, 106806, 81312, 47824]"
119163,"[40248, 18156, 93968, 102950, 28940, 50086, 86968, 55930, 48210, 95575]"
119164,"[79205, 89362, 20117, 42095, 51273, 98445, 7967, 28250, 12634, 91613]"
119165,"[68760, 60141, 8085, 41972, 19956, 83083, 72840, 83830, 73959, 78378]"
119166,"[55565, 72518, 66472, 69435, 45597, 50391, 47238, 75963, 40924, 54279]"
119167,"[107788, 24501, 80396, 71027, 103690, 13063, 23358, 35541, 23045, 6749]"
119168,"[77615, 106875, 24284, 40591, 85167, 98036, 101593, 36685, 85523, 33343]"
119169,"[15809, 65967, 96493, 80503, 65737, 40542, 50052, 75951, 69503, 33929]"
119170,"[97769, 35953, 5514, 78145, 70544, 28491, 39378, 22298, 16367, 10970]"
119171,"[55254, 56239, 57148, 95460, 3332, 102324, 85922, 57785, 2395, 25824]"
119172,"[6431, 43179, 86009, 92394, 101035, 23690, 74094, 33272, 102168, 61044]"
119173,"[52051, 55809, 90385, 15738, 94793, 46290, 104302, 19141, 9344, 89848]"
119174,"[59933, 92376, 67234, 16335, 95008, 20710, 33313, 20063, 25703, 16268]"
119175,"[96544, 106485, 85114, 10772, 31569, 108157, 22353, 83883, 12617, 72341]"
119176,"[23025, 39014, 19297, 41720, 104168, 67175, 108572, 61205, 16439, 23729]"
119177,"[95603, 70583, 105164, 40050, 7645, 93558, 2551, 8275, 99175, 84412]"
119178,"[7038, 36336, 76129, 23437, 65810, 91399, 81533, 57907, 87250, 89314]"
119179,"[80898, 46739, 65822, 39732, 25396, 44348, 45502, 87931, 76580, 108]"
119180,"[5172, 84992, 108083, 109407, 18452, 77241, 103424, 58688, 50451, 47937]"
119181,"[8210, 83384, 109080, 45080, 61893, 25457, 93187, 61121, 11073, 13617]"
119182,"[57063, 26336, 79641, 103053, 91044, 104743, 105148, 24671, 50801, 94551]"
119183,"[50002, 34929, 72213, 5250, 90224, 44238, 83590, 95802, 72076, 2333]"
119184,"[98809, 2956, 102294, 31041, 81170, 44095, 65270, 28630, 10109, 50832]"
119185,"[67699, 86814, 25943, 4856, 46682, 102180, 89381, 99299, 13821, 16165]"
119186,"[30639, 100082, 46831, 23892, 49101, 16390, 91011, 105675, 18208, 77492]"
119187,"[72095, 97703, 59875, 54739, 80763, 24352, 86651, 8874, 25637, 12152]"
119188,"[54053, 36266, 48144, 27290, 87712, 46146, 66481, 54624, 68009, 71613]"
119189,"[89125, 31083, 11021, 7500, 65094, 20872, 95488, 11639, 3854, 90844]"
119190,"[8706, 499, 78254, 26433, 100795, 82685, 21340, 43313, 75719, 78131]"
119191,"[95902, 32416, 84839, 4545, 108275, 39471, 71681, 31601, 47701, 22874]"
119192,"[50672, 50698, 94137, 60188, 32576, 102651, 59886, 27769, 77663, 23008]"
119193,"[79969, 20568, 46397, 9032, 17102, 83561, 101834, 98848, 107320, 104892]"
119194,"[56906, 81637, 40447, 80784, 104444, 23842, 5416, 58827, 67565, 62866]"
119195,"[18777, 8413, 9591, 46741, 45964, 82139, 56993, 94492, 17707, 32670]"
119196,"[101560, 96486, 55566, 34051, 42736, 8621, 6963, 32806, 28088, 37177]"
119197,"[9365, 3010, 39323, 76064, 5220, 86374, 5374, 105437, 34358, 18200]"
119198,"[73391, 66452, 105952, 83584, 57957, 90975, 103467, 102880, 79833, 80406]"
119199,"[12919, 78096, 25041, 86934, 106217, 10887, 14192, 4060, 52207, 34808]"
119200,"[10594, 3467, 45350, 18749, 98563, 83382, 27131, 95905, 3582, 85490]"
119201,"[14199, 7081, 81018, 56863, 49042, 49785, 50323, 12308, 109042, 32050]"
119202,"[52408, 106296, 31535, 39018, 67135, 9771, 63276, 48754, 7302, 68443]"
119203,"[97158, 90338, 9215, 82663, 88187, 92353, 53871, 58359, 109450, 82617]"
119204,"[23515, 90532, 89059, 90644, 85612, 42866, 97157, 51094, 68429, 3765]"
119205,"[86762, 11122, 61102, 58657, 39270, 30428, 49663, 41753, 91651, 93914]"
119206,"[100912, 32629, 85667, 38275, 79490, 70433, 98584, 10268, 14725, 33552]"
119207,"[81920, 52188, 30986, 93272, 90186, 78733, 168, 339, 65396, 79949]"
119208,"[56074, 63093, 66852, 36834, 86876, 27443, 107445, 85561, 66956, 43459]"
119209,"[89622, 13574, 55269, 106427, 35788, 31063, 27836, 27474, 85929, 109264]"
119210,"[19032, 38894, 13964, 61412, 7962, 23943, 6077, 88009, 105058, 82290]"
119211,"[14580, 16127, 55418, 64231, 57392, 61140, 61453, 109059, 8790, 1413]"
119212,"[28875, 94972, 533, 104318, 40544, 39734, 13605, 20911, 71127, 52804]"
119213,"[13282, 7172, 16288, 32860, 43559, 24831, 14145, 48332, 24464, 13753]"
119214,"[77843, 56581, 57882, 326, 90197, 88502, 81982, 59486, 82885, 79242]"
119215,"[65431, 85211, 79243, 75548, 45013, 58570, 66283, 93112, 97121, 69708]"
119216,"[7903, 98257, 31585, 95114, 93555, 26398, 81581, 71492, 21923, 43001]"
119217,"[1831, 94295, 23485, 72885, 25257, 55188, 37971, 67794, 107393, 8020]"
119218,"[17807, 60284, 53941, 19492, 72612, 19692, 44112, 50220, 82343, 75815]"
119219,"[64152, 44442, 56847, 30210, 105825, 88127, 82980, 68310, 7242, 82168]"
119220,"[77949, 39154, 34654, 39067, 26981, 94367, 14148, 68982, 82537, 83447]"
119221,"[46268, 39728, 11688, 106113, 94844, 107527, 26686, 73668, 76798, 101417]"
119222,"[62019, 47606, 106750, 40991, 6366, 34664, 68345, 95754, 48917, 85453]"
119223,"[80700, 77690, 68236, 35265, 11609, 91128, 48416, 92806, 23696, 104527]"
119224,"[97067, 91910, 46338, 31656, 4432, 76904, 63286, 39834, 12695, 57290]"
119225,"[44243, 57737, 53899, 34712, 36602, 107557, 83822, 39070, 22679, 29695]"
119226,"[61711, 102526, 7094, 107380, 32557, 41302, 48631, 29384, 45828, 18264]"
119227,"[23375, 2061, 33881, 102490, 88733, 8762, 72531, 50370, 99493, 34359]"
119228,"[90612, 22225, 4599, 28830, 64055, 79001, 1497, 40019, 72038, 14018]"
119229,"[41339, 79767, 4705, 103205, 32012, 90446, 70507, 62203, 56498, 77926]"
119230,"[8896, 56086, 26204, 91013, 61704, 18968, 90787, 60872, 41275, 57789]"
119231,"[18049, 87591, 22322, 108440, 97092, 33102, 77791, 26812, 70329, 29058]"
119232,"[88743, 12270, 15406, 97548, 93699, 52339, 60477, 95969, 69778, 36185]"
119233,"[14525, 77863, 46728, 9269, 38218, 32312, 79793, 34406, 79198, 12291]"
119234,"[106402, 19458, 37700, 85486, 57181, 61967, 76226, 61216, 71958, 62925]"
119235,"[81166, 89647, 66156, 28912, 17651, 87837, 89582, 49812, 56245, 63228]"
119236,"[55598, 25091, 81956, 22727, 899, 85408, 103074, 100983, 105056, 40161]"
119237,"[23288, 90062, 90344, 38583, 102100, 66964, 8978, 103894, 56671, 63055]"
119238,"[60271, 62272, 61287, 104819, 94979, 102917, 90626, 88290, 64511, 69256]"
119239,"[108484, 81010, 54266, 45248, 19122, 55129, 21812, 80241, 52127, 7855]"
119240,"[86534, 70870, 1428, 97366, 101553, 44399, 81236, 97435, 40046, 17005]"
119241,"[105716, 106084, 99771, 21311, 85280, 6551, 101867, 7012, 45109, 31394]"
119242,"[78022, 104660, 38360, 6008, 65673, 75922, 54164, 77175, 93975, 68283]"
119243,"[39179, 79942, 80774, 43886, 46563, 86166, 27494, 16619, 45710, 45446]"
119244,"[62716, 5018, 56042, 21728, 43300, 15511, 36081, 57252, 100514, 88330]"
119245,"[65731, 763, 64033, 51435, 25461, 55292, 53488, 98139, 84314, 34935]"
119246,"[33627, 37226, 36321, 8373, 68165, 72641, 31818, 57566, 45598, 63010]"
119247,"[83442, 1315, 74684, 50474, 17503, 69509, 38351, 94114, 94026, 44941]"
119248,"[4538, 71848, 1810, 17405, 50149, 94076, 77917, 49562, 97710, 88094]"
119249,"[106873, 95687, 25183, 46502, 16434, 5118, 28733, 46782, 80758, 80916]"
119250,"[99259, 50564, 4331, 31768, 93672, 47394, 94888, 22597, 46147, 21085]"
119251,"[5638, 104429, 71583, 18699, 52411, 35057, 34172, 43488, 101736, 78842]"
119252,"[92491, 5804, 33257, 78218, 98618, 50332, 47420, 39357, 78866, 66360]"
119253,"[40908, 100427, 26013, 45581, 109462, 32912, 47686, 49864, 51969, 9841]"
119254,"[99646, 101681, 54760, 45936, 2413, 78462, 90874, 86786, 52, 87908]"
119255,"[44480, 59717, 27758, 103737, 67977, 38024, 65301, 53819, 98864, 76393]"
119256,"[54413, 13292, 47901, 22570, 12622, 49569, 92342, 40882, 998, 92617]"
119257,"[4792, 51297, 68551, 91944, 72067, 24257, 73946, 28488, 51656, 98174]"
119258,"[49952, 39034, 27700, 106271, 48767, 38737, 70095, 46680, 30278, 86489]"
119259,"[89246, 79577, 1972, 26684, 30371, 109391, 91956, 27135, 108691, 31913]"
119260,"[13829, 4212, 29556, 93124, 54361, 7907, 108688, 29135, 2649, 29396]"
119261,"[82783, 43052, 32251, 8288, 56603, 89409, 4198, 107273, 82937, 14035]"
119262,"[66135, 95287, 41234, 25296, 21762, 67543, 30168, 3705, 64828, 69281]"
119263,"[44751, 74954, 53746, 91260, 80585, 105455, 13205, 96371, 54333, 73685]"
119264,"[41733, 69828, 45246, 48553, 65629, 85896, 67478, 106589, 16502, 91501]"
119265,"[56155, 105677, 46095, 83827, 92287, 100945, 32089, 19925, 72505, 2805]"
119266,"[106708, 4909, 27934, 92331, 51684, 53846, 653, 8426, 96161, 30124]"
119267,"[62075, 82651, 9127, 31824, 98982, 71798, 60365, 70157, 78604, 99734]"
119268,"[20592, 31912, 103909, 80049, 90389, 70837, 84030, 45467, 8978, 103894]"
119269,"[89400, 82440, 31594, 109500, 73567, 106522, 105627, 65921, 67574, 8329]"
119270,"[24256, 45283, 97785, 106626, 15385, 52078, 10799, 1717, 60534, 47769]"
119271,"[50013, 109671, 58058, 13516, 33014, 16056, 189, 42268, 46803, 4129]"
119272,"[32683, 52079, 94239, 102667, 47521, 108827, 42198, 5673, 80931, 74131]"
119273,"[108031, 40386, 65983, 107990, 94814, 51130, 106429, 11954, 104194, 10002]"
119274,"[21315, 20857, 30375, 30107, 69139, 58324, 106371, 41693, 69079, 38184]"
119275,"[100121, 60884, 38591, 67163, 18639, 48612, 88565, 42076, 76119, 40668]"
119276,"[46612, 18973, 100818, 5648, 105084, 54857, 51128, 92837, 60932, 39431]"
119277,"[67120, 47613, 17306, 59051, 48294, 36405, 43232, 91612, 7159, 64980]"
119278,"[84605, 18274, 69814, 97734, 67605, 93035, 72715, 87203, 59353, 1435]"
119279,"[20757, 36662, 66971, 6920, 68346, 12435, 557, 93515, 68990, 12424]"
119280,"[20352, 24573, 34999, 77170, 84967, 38363, 61782, 5956, 90820, 65289]"
119281,"[1906, 68967, 73546, 101874, 27062, 31534, 15548, 76642, 2131, 102549]"
119282,"[57813, 92980, 31952, 59471, 49221, 98087, 78972, 36083, 97006, 6028]"
119283,"[12783, 99516, 98104, 31182, 98245, 83827, 40309, 18751, 81626, 96592]"
119284,"[36610, 43744, 93747, 7567, 932, 93787, 106681, 72072, 33376, 76687]"
119285,"[18739, 73460, 47219, 85727, 12992, 34060, 60733, 2495, 61409, 86764]"
119286,"[96501, 105628, 16488, 68631, 72839, 25296, 19398, 61961, 51800, 98051]"
119287,"[55393, 21942, 41543, 80755, 95080, 96400, 1084, 35327, 108723, 5970]"
119288,"[87157, 54694, 88144, 80836, 23966, 26327, 71748, 107973, 93816, 4495]"
119289,"[57845, 18081, 103744, 107659, 86613, 98655, 19938, 86126, 79393, 56696]"
119290,"[90450, 48685, 74732, 74645, 21615, 105846, 37194, 104164, 3198, 19351]"
119291,"[23155, 106756, 30582, 15240, 65725, 41518, 106223, 20153, 26477, 59298]"
119292,"[14490, 63911, 34452, 108265, 105703, 98117, 82415, 109146, 73900, 92359]"
119293,"[75503, 86586, 55447, 33002, 108038, 94594, 30722, 17715, 97934, 101378]"
119294,"[34969, 41265, 19643, 13874, 52972, 109636, 81602, 49868, 87211, 53183]"
119295,"[100800, 62486, 12161, 45509, 90740, 20662, 4765, 45678, 90635, 61827]"
119296,"[34281, 48038, 90470, 20303, 71267, 21782, 27227, 30309, 19881, 67004]"
119297,"[31563, 43704, 43472, 104207, 1758, 50851, 102749, 21821, 106634, 86414]"
119298,"[106531, 101144, 14033, 59877, 32549, 63756, 66949, 108822, 65008, 95635]"
119299,"[10395, 37204, 64146, 9822, 55401, 45257, 74138, 29888, 39085, 80999]"
119300,"[28521, 88189, 11806, 71357, 74916, 41731, 16642, 107940, 91497, 14161]"
119301,"[100328, 95731, 102831, 78731, 14135, 68125, 96614, 85321, 54026, 48063]"
119302,"[39190, 59022, 54590, 3897, 103082, 108576, 108618, 71342, 26197, 53386]"
119303,"[89923, 58669, 51683, 75192, 71942, 51861, 31908, 8598, 49445, 57111]"
119304,"[48266, 20759, 5156, 105182, 87200, 96914, 108480, 63783, 64292, 70029]"
119305,"[7886, 98178, 16089, 99895, 108518, 77947, 103461, 37867, 49, 86952]"
119306,"[89108, 38145, 33093, 37203, 25549, 87693, 32229, 45260, 45512, 100771]"
119307,"[80203, 59995, 1874, 40830, 64503, 70307, 9693, 72073, 32761, 47177]"
119308,"[69208, 9603, 109751, 61891, 62870, 10300, 77272, 2075, 81856, 80140]"
119309,"[9582, 15126, 65987, 32135, 58718, 100548, 63351, 62035, 22786, 79378]"
119310,"[35799, 28956, 89254, 34355, 38888, 5697, 11959, 10607, 20846, 56009]"
119311,"[37586, 62276, 79331, 63410, 45982, 100243, 54008, 51101, 21154, 81828]"
119312,"[31469, 20433, 55612, 54728, 89234, 77024, 73613, 55877, 48176, 98190]"
119313,"[1470, 36358, 40529, 37297, 106703, 30659, 23012, 24129, 37618, 10087]"
119314,"[83236, 70096, 59765, 78317, 34154, 74647, 38365, 65653, 30772, 99272]"
119315,"[89845, 70881, 44774, 74967, 94368, 50680, 92933, 40800, 67480, 100385]"
119316,"[6870, 89683, 74426, 54705, 76636, 17667, 18977, 30824, 20654, 71012]"
119317,"[3727, 100380, 52301, 43631, 84730, 7544, 52928, 72757, 34151, 90375]"
119318,"[9338, 44092, 60160, 23776, 13570, 92321, 38226, 24215, 101519, 32087]"
119319,"[81997, 89743, 11764, 4914, 3134, 49562, 39404, 48841, 98790, 45007]"
119320,"[56491, 46637, 68831, 46224, 50584, 20008, 70738, 42987, 61786, 46849]"
119321,"[45301, 14080, 75727, 88871, 76598, 4695, 92369, 92598, 29070, 61002]"
119322,"[5754, 74116, 64857, 49290, 42315, 69369, 109597, 82369, 58784, 34400]"
119323,"[84879, 16660, 50937, 2849, 99507, 11687, 57065, 82325, 79994, 58965]"
119324,"[90700, 15806, 19954, 25491, 72483, 3702, 70576, 42216, 18536, 63242]"
119325,"[71961, 70489, 87522, 100767, 87670, 80912, 49873, 63356, 25640, 57393]"
119326,"[22098, 38109, 14705, 66146, 67579, 56013, 22995, 55400, 31313, 580]"
119327,"[20876, 92561, 88268, 31806, 46738, 38605, 61520, 64490, 97473, 97287]"
119328,"[13096, 51474, 18804, 90155, 51371, 101477, 24557, 16214, 41362, 78460]"
119329,"[65912, 22365, 95834, 8197, 74381, 73749, 50364, 78330, 59259, 17779]"
119330,"[54928, 31817, 21624, 13536, 59456, 78535, 7663, 47492, 68291, 1846]"
119331,"[53398, 84806, 43186, 5154, 105042, 69640, 95227, 106769, 63032, 64033]"
119332,"[19696, 54268, 37264, 84837, 18502, 99349, 1606, 77352, 61847, 92995]"
119333,"[93102, 42838, 22104, 65465, 35494, 95282, 18142, 59738, 31280, 28551]"
119334,"[70151, 90288, 72745, 10646, 97173, 108434, 82087, 95308, 43837, 97441]"
119335,"[84595, 14073, 96318, 13996, 23480, 31882, 83825, 21618, 42304, 65854]"
119336,"[84551, 25998, 59662, 38906, 9816, 20337, 101708, 51699, 53072, 25935]"
119337,"[83392, 56096, 39720, 45921, 30461, 81281, 70684, 71300, 50445, 94376]"
119338,"[46925, 72975, 54111, 90949, 4799, 44205, 84590, 40339, 69004, 5649]"
119339,"[39067, 91951, 104124, 81464, 69774, 49696, 53767, 92560, 84770, 18123]"
119340,"[60845, 65579, 56991, 74261, 79043, 61746, 17924, 48698, 30304, 66134]"
119341,"[83148, 10765, 106644, 101469, 68286, 76134, 4805, 74608, 9331, 67218]"
119342,"[40927, 4554, 12307, 49031, 87239, 94677, 92348, 100976, 86045, 20793]"
119343,"[106250, 16912, 90837, 51398, 93751, 19430, 92734, 41043, 24905, 61171]"
119344,"[60346, 60319, 15420, 79765, 61175, 28302, 63658, 75751, 9107, 12949]"
119345,"[44441, 62990, 65762, 32554, 89312, 17474, 62368, 48387, 18125, 44909]"
119346,"[58816, 30549, 86612, 28139, 66113, 95963, 37590, 77562, 39447, 64488]"
119347,"[101125, 73573, 102791, 27846, 56787, 30082, 103467, 46504, 16897, 79833]"
119348,"[80149, 86463, 60166, 57125, 62505, 30834, 85934, 93628, 59807, 58921]"
119349,"[108326, 88212, 84101, 36338, 8509, 44658, 83786, 84157, 12790, 81934]"
119350,"[4955, 30216, 94598, 3892, 60536, 64563, 81662, 58534, 10379, 88125]"
119351,"[51728, 14732, 44856, 43616, 6513, 86104, 83748, 18604, 7153, 9788]"
119352,"[10037, 83129, 36915, 102281, 60, 6851, 109689, 3684, 68358, 91266]"
119353,"[98503, 52707, 7325, 100046, 9426, 10834, 8526, 88113, 74883, 69659]"
119354,"[50090, 82241, 39677, 7622, 45285, 57931, 45795, 21359, 102880, 64525]"
119355,"[29582, 10794, 15398, 89181, 13371, 22963, 35052, 98666, 109586, 56242]"
119356,"[54395, 8094, 16803, 93275, 84071, 98337, 6285, 93861, 98481, 27284]"
119357,"[67009, 92594, 52638, 23688, 7393, 4500, 46867, 21055, 59052, 53634]"
119358,"[33733, 78162, 35934, 49201, 23966, 18818, 34679, 81736, 21338, 72013]"
119359,"[48784, 33438, 50543, 28709, 54213, 98374, 71238, 20066, 23232, 38753]"
119360,"[51625, 67485, 43361, 105297, 47254, 100573, 53490, 55894, 10041, 67305]"
119361,"[9805, 46038, 13570, 82078, 108283, 84900, 49367, 92216, 83998, 15009]"
119362,"[64313, 62296, 38541, 71640, 59848, 83649, 80877, 84003, 14659, 81107]"
119363,"[81072, 59385, 26551, 221, 50499, 105946, 33809, 106347, 25628, 60214]"
119364,"[91906, 51623, 88676, 2159, 49506, 41758, 52024, 91000, 87091, 66321]"
119365,"[93183, 76031, 8368, 103082, 5480, 59992, 102082, 93172, 108148, 63086]"
119366,"[74820, 21183, 8963, 108717, 27948, 83184, 95342, 106098, 83806, 13961]"
119367,"[103850, 104703, 102161, 108779, 20813, 102232, 11895, 73350, 93110, 80660]"
119368,"[89627, 74937, 98995, 31046, 26695, 105759, 29717, 59295, 95666, 96120]"
119369,"[19659, 6623, 62945, 54455, 31491, 1386, 2033, 75031, 8455, 20118]"
119370,"[20028, 23440, 16912, 7559, 24905, 56160, 92320, 80596, 6148, 99245]"
119371,"[25356, 85014, 50545, 86085, 24986, 91016, 26200, 66153, 70969, 106724]"
119372,"[82296, 87741, 18406, 51600, 104924, 31797, 42399, 35427, 85762, 53782]"
119373,"[35226, 90477, 22783, 89782, 310, 91225, 19153, 83757, 53230, 32006]"
119374,"[67953, 68621, 86637, 77588, 55372, 45093, 85773, 102373, 42847, 90639]"
119375,"[15591, 109089, 19726, 67839, 60891, 67728, 18570, 13211, 24283, 66542]"
119376,"[30080, 84287, 82402, 97370, 105818, 4476, 32334, 8987, 53669, 96429]"
119377,"[84200, 10095, 35125, 28413, 5677, 41490, 9035, 91306, 30213, 51866]"
119378,"[15595, 36056, 68881, 101849, 92539, 27458, 46786, 1510, 90232, 93687]"
119379,"[15444, 71924, 2716, 109770, 58414, 62729, 45073, 75356, 59522, 72862]"
119380,"[22161, 61657, 42029, 32123, 107675, 24542, 104600, 103055, 41032, 84641]"
119381,"[42262, 13584, 102195, 102031, 92861, 57022, 11626, 40755, 69069, 89673]"
119382,"[77193, 93527, 34106, 103750, 41139, 5681, 66096, 71457, 31910, 56718]"
119383,"[37120, 17497, 78900, 28866, 81166, 32677, 43344, 26653, 62040, 80405]"
119384,"[51199, 35803, 6644, 67165, 91928, 23133, 81190, 96198, 13333, 26865]"
119385,"[36561, 17348, 69772, 4759, 93637, 84257, 92349, 26551, 100312, 65842]"
119386,"[53653, 76843, 7873, 23130, 66280, 78747, 10136, 84434, 81666, 81558]"
119387,"[62326, 7225, 9336, 42770, 109733, 54383, 24340, 49524, 64557, 108414]"
119388,"[79214, 73208, 4393, 93017, 60167, 77803, 84218, 91894, 89330, 10555]"
119389,"[77360, 109344, 86938, 72970, 71154, 68563, 67859, 55244, 73074, 97319]"
119390,"[75075, 47801, 2927, 16490, 65376, 44622, 50122, 55145, 43274, 29662]"
119391,"[62220, 73868, 14278, 19454, 98970, 81920, 67973, 34211, 6283, 61713]"
119392,"[83585, 7246, 1651, 93732, 79001, 45521, 47068, 106232, 21102, 39507]"
119393,"[85049, 22871, 88386, 23139, 34121, 34070, 107737, 46624, 103923, 37354]"
119394,"[92292, 74654, 106010, 87663, 1111, 4584, 1815, 33282, 57757, 30946]"
119395,"[62659, 69978, 105648, 95427, 44685, 1299, 16687, 70345, 13907, 103179]"
119396,"[37167, 1447, 6258, 98167, 19330, 43834, 99792, 49704, 105321, 98218]"
119397,"[81200, 54701, 82114, 23070, 100149, 14397, 32074, 20224, 98858, 14098]"
119398,"[78763, 43510, 70326, 53739, 57651, 54124, 76847, 38595, 107397, 19323]"
119399,"[10499, 23995, 62760, 62769, 88695, 1707, 46834, 6837, 88683, 45355]"
119400,"[57183, 78702, 18958, 76768, 90677, 65426, 32900, 63722, 64188, 51405]"
119401,"[77154, 22945, 66315, 104267, 52294, 100700, 92487, 53295, 95347, 78098]"
119402,"[94479, 7295, 39656, 86794, 87850, 5579, 92498, 14162, 83352, 82631]"
119403,"[104908, 58423, 9418, 109091, 29198, 53726, 107570, 36837, 13140, 1373]"
119404,"[103973, 79101, 79695, 80067, 97323, 92187, 16618, 103929, 93222, 88741]"
119405,"[79059, 74410, 103244, 21273, 42796, 4091, 98520, 69901, 41210, 95302]"
119406,"[21113, 77073, 88444, 91607, 109241, 47576, 18894, 85896, 43438, 48528]"
119407,"[5829, 10286, 63229, 15913, 2309, 72842, 5632, 9451, 90355, 28703]"
119408,"[93228, 101904, 75045, 70259, 43223, 103738, 8195, 90511, 4055, 63628]"
119409,"[31296, 29981, 69368, 17938, 18543, 58872, 74914, 10074, 10769, 88477]"
119410,"[74666, 6726, 106177, 95877, 43250, 100904, 39592, 69230, 65375, 58339]"
119411,"[7360, 101557, 57382, 80944, 64280, 71468, 53189, 28390, 57012, 82510]"
119412,"[109012, 19924, 11591, 43587, 23577, 19335, 93612, 93249, 77787, 46939]"
119413,"[55783, 105750, 35376, 33401, 45797, 100909, 86745, 41031, 19354, 36952]"
119414,"[63719, 47476, 32124, 45926, 13880, 61269, 78086, 69089, 10421, 96581]"
119415,"[3048, 52656, 88010, 109658, 38492, 61659, 94984, 73774, 75996, 67595]"
119416,"[10222, 7184, 21572, 91884, 16072, 46025, 108774, 83252, 86390, 30940]"
119417,"[99814, 95888, 18640, 1091, 54959, 39525, 58209, 45452, 889, 1495]"
119418,"[90028, 37305, 98982, 71798, 109205, 3497, 53362, 51752, 98788, 40707]"
119419,"[56235, 12581, 100355, 106007, 16070, 69918, 102799, 78538, 63065, 8038]"
119420,"[22409, 79949, 23047, 69688, 91507, 31920, 49248, 56593, 92785, 89107]"
119421,"[58874, 2937, 56381, 75926, 36413, 79385, 79929, 52709, 23348, 22111]"
119422,"[32060, 11299, 10025, 55183, 55491, 99938, 62701, 62207, 91360, 9510]"
119423,"[31503, 61325, 92533, 94620, 31540, 14168, 74797, 75160, 75760, 107216]"
119424,"[95904, 69763, 28848, 7866, 106821, 72538, 29688, 75527, 70156, 90850]"
119425,"[6339, 73890, 54488, 23590, 2951, 43531, 106632, 100627, 2289, 75014]"
119426,"[14417, 34671, 50672, 14890, 8907, 108523, 75216, 66643, 25208, 21221]"
119427,"[97644, 33166, 74685, 85102, 18002, 89987, 93714, 98696, 107987, 24439]"
119428,"[91164, 29106, 33010, 58720, 10070, 102677, 101742, 87740, 70693, 62271]"
119429,"[38502, 8884, 1546, 89405, 73016, 40854, 103063, 44682, 59168, 69862]"
119430,"[24353, 19195, 78981, 94920, 67626, 58465, 32210, 57636, 87478, 92436]"
119431,"[68777, 92051, 89675, 67465, 46280, 10106, 52027, 75412, 34310, 25433]"
119432,"[27331, 92029, 69114, 7174, 23983, 77457, 62755, 5750, 66176, 26208]"
119433,"[83990, 35361, 280, 2830, 11311, 60382, 99199, 31284, 95594, 81881]"
119434,"[11794, 35307, 70935, 78242, 59235, 57432, 62274, 98086, 39265, 33553]"
119435,"[53295, 95347, 63869, 75717, 56985, 17613, 106189, 13748, 39623, 30667]"
119436,"[65296, 62424, 24778, 37690, 67795, 40743, 37561, 29872, 16839, 9283]"
119437,"[103011, 38370, 7432, 67908, 2082, 78427, 104960, 19093, 97803, 37485]"
119438,"[62229, 54921, 99402, 18610, 101276, 95586, 83210, 82923, 85603, 51007]"
119439,"[63615, 107339, 104165, 82020, 70658, 33469, 63594, 88966, 35923, 95008]"
119440,"[37286, 94074, 107573, 60653, 37957, 19165, 49253, 27065, 6235, 80783]"
119441,"[27086, 104426, 48257, 10919, 57956, 1643, 35425, 64148, 8436, 3906]"
119442,"[58560, 18636, 62460, 88889, 54524, 28644, 20065, 70792, 66655, 4235]"
119443,"[44018, 86141, 16545, 40550, 21690, 101502, 25053, 75294, 43750, 52606]"
119444,"[94328, 24387, 92598, 96416, 49974, 59019, 87423, 32846, 50763, 1509]"
119445,"[76009, 76326, 20392, 100705, 39489, 54043, 60379, 35315, 25971, 20264]"
119446,"[101192, 81439, 77238, 106865, 50630, 51614, 109742, 109756, 1050, 7657]"
119447,"[150, 76466, 91486, 60566, 95054, 71289, 30290, 71047, 33982, 39438]"
119448,"[57481, 68666, 57305, 57743, 102065, 9454, 65300, 12307, 61201, 21482]"
119449,"[29978, 31519, 78975, 68599, 85076, 20685, 62916, 91917, 42419, 108153]"
119450,"[89372, 6215, 61495, 76128, 106250, 5544, 71480, 39604, 81978, 2060]"
119451,"[12410, 23672, 38751, 85118, 27819, 67249, 56408, 83837, 23425, 12110]"
119452,"[11624, 40740, 7894, 30731, 63261, 90164, 80078, 44503, 102783, 81343]"
119453,"[579, 65373, 97612, 45399, 60112, 45488, 939, 105186, 68873, 28218]"
119454,"[34815, 84813, 28499, 85168, 75492, 62203, 74706, 51619, 92651, 10163]"
119455,"[107865, 79032, 54666, 28262, 85563, 83298, 71130, 109643, 92059, 96022]"
119456,"[9755, 21659, 84108, 76123, 88129, 62045, 22170, 95600, 22572, 74691]"
119457,"[30573, 98749, 72069, 71994, 52206, 18852, 31980, 39004, 35886, 45408]"
119458,"[91446, 17392, 407, 44418, 60646, 69712, 22351, 83654, 109482, 74302]"
119459,"[8991, 3414, 43226, 92992, 14390, 77750, 13401, 52199, 26231, 51075]"
119460,"[38351, 93264, 19115, 109231, 17503, 69509, 49695, 94026, 94114, 44222]"
119461,"[73108, 61842, 84430, 53660, 863, 35391, 15724, 87869, 15105, 95384]"
119462,"[36022, 988, 102954, 69403, 96352, 102734, 65339, 25878, 87784, 88426]"
119463,"[14911, 103245, 66053, 15665, 13055, 54833, 77623, 36239, 28694, 8993]"
119464,"[89084, 75052, 5213, 82162, 74244, 102522, 80265, 9775, 14487, 68215]"
119465,"[81098, 33147, 59117, 79571, 13225, 22116, 92798, 14460, 32869, 31844]"
119466,"[58266, 3189, 56461, 16511, 12250, 4137, 91134, 66990, 78619, 43078]"
119467,"[57131, 87540, 61820, 83567, 6287, 47584, 78342, 8576, 58528, 51493]"
119468,"[19751, 101427, 71425, 57388, 37157, 59213, 27212, 78767, 69734, 86091]"
119469,"[87883, 99280, 1982, 29082, 19670, 7208, 65927, 29128, 36843, 76565]"
119470,"[89582, 56245, 63228, 54932, 36474, 107409, 109174, 26377, 46821, 64593]"
119471,"[103028, 20538, 71768, 38693, 745, 31348, 623, 107314, 25062, 63237]"
119472,"[6579, 80033, 16661, 72965, 7532, 101485, 2994, 104166, 25161, 91774]"
119473,"[15192, 77422, 19391, 737, 75363, 15796, 72957, 53578, 85421, 6838]"
119474,"[16382, 41098, 83933, 39388, 60442, 29282, 28587, 95204, 16428, 105037]"
119475,"[36322, 44494, 23086, 1617, 94403, 67636, 40318, 65947, 21758, 29304]"
119476,"[62815, 70151, 106110, 2840, 80495, 90288, 107091, 43837, 96582, 47924]"
119477,"[10465, 40956, 11500, 91154, 74862, 45265, 1251, 70590, 37425, 35487]"
119478,"[43268, 87231, 74500, 100213, 59519, 57543, 73774, 84271, 36136, 2060]"
119479,"[1402, 6751, 5812, 100107, 10954, 24524, 17755, 11945, 77734, 106235]"
119480,"[71838, 102295, 69002, 89528, 27196, 55404, 33105, 55887, 40773, 31026]"
119481,"[2513, 45723, 47060, 71936, 78322, 72963, 60814, 20192, 66277, 90725]"
119482,"[12684, 2832, 99154, 109758, 95284, 56145, 96133, 20659, 16580, 27111]"
119483,"[44714, 11156, 68630, 70005, 78870, 86293, 51582, 14165, 30636, 102997]"
119484,"[41455, 88574, 20467, 6105, 9816, 5218, 58828, 9502, 29191, 2970]"
119485,"[15084, 61090, 76281, 59479, 13875, 7186, 35322, 47581, 74758, 57929]"
119486,"[80293, 84437, 8505, 46111, 81430, 15813, 90193, 3739, 82362, 35179]"
119487,"[84337, 12605, 64717, 44189, 55079, 96757, 7383, 102419, 78574, 70649]"
119488,"[92657, 9959, 1566, 6522, 20036, 1979, 6659, 52048, 82401, 10967]"
119489,"[84547, 23702, 41420, 85892, 58022, 36586, 44285, 103235, 17177, 106066]"
119490,"[24297, 107333, 60067, 73571, 76256, 103606, 106123, 65475, 52021, 51961]"
119491,"[21269, 48673, 102052, 10482, 22435, 88838, 56890, 80195, 19358, 91541]"
119492,"[77630, 95500, 63549, 7599, 55970, 18674, 47230, 98412, 99759, 72890]"
119493,"[3971, 98181, 96412, 80439, 89361, 96601, 8605, 46655, 45869, 85312]"
119494,"[85509, 56045, 89364, 92765, 16243, 73789, 76609, 52295, 54269, 54173]"
119495,"[68619, 75213, 80343, 36512, 23675, 39868, 21337, 96758, 3475, 9890]"
119496,"[16268, 99258, 95184, 51495, 7399, 24437, 96796, 78849, 57339, 22026]"
119497,"[23214, 29478, 39084, 104786, 20196, 11784, 94232, 6112, 101667, 67805]"
119498,"[100777, 76914, 59980, 83845, 71914, 103825, 41878, 2842, 3476, 43408]"
119499,"[3209, 22047, 53766, 42709, 98722, 89455, 74196, 93214, 33419, 17941]"
119500,"[7542, 5606, 76955, 11223, 19079, 89838, 90908, 10721, 31995, 104129]"
119501,"[87747, 40320, 59709, 13812, 56893, 86107, 35073, 9852, 13652, 58564]"
119502,"[17933, 73509, 70295, 65002, 79519, 10212, 52235, 29731, 34926, 42292]"
119503,"[107101, 67295, 95445, 78957, 45087, 89814, 18146, 39689, 91452, 4660]"
119504,"[87827, 103612, 15343, 84394, 31260, 67145, 79641, 29323, 69760, 67267]"
119505,"[100837, 63725, 71661, 73182, 63261, 25984, 68409, 30806, 88073, 4679]"
119506,"[533, 78396, 40544, 39734, 104318, 100764, 12363, 100513, 64551, 20911]"
119507,"[23252, 90730, 79718, 70954, 52484, 38914, 101288, 4652, 93480, 39125]"
119508,"[15986, 44913, 20440, 85092, 107433, 77603, 75295, 68386, 40272, 35528]"
119509,"[85087, 29984, 6496, 67683, 56521, 14240, 11600, 18652, 90850, 96201]"
119510,"[3412, 109207, 41414, 17601, 91487, 55763, 17005, 4386, 2011, 85989]"
119511,"[50275, 99479, 103729, 50272, 94893, 81889, 12881, 48501, 32295, 92175]"
119512,"[52494, 38293, 97021, 74592, 104069, 108071, 69521, 33324, 13152, 71885]"
119513,"[74049, 21460, 22634, 34677, 77361, 99712, 98255, 76902, 101457, 15406]"
119514,"[69988, 58782, 101755, 17272, 39025, 52033, 6073, 68525, 64111, 100879]"
119515,"[14185, 68772, 25290, 71044, 37091, 13766, 25754, 20348, 24919, 21061]"
119516,"[85723, 86364, 49395, 7004, 2352, 44866, 25571, 86827, 55773, 29179]"
119517,"[65154, 99679, 105022, 42755, 41060, 99138, 44943, 71070, 97761, 47155]"
119518,"[30308, 107549, 85332, 19968, 26796, 97889, 40855, 82642, 100772, 5512]"
119519,"[62947, 1404, 282, 91585, 59831, 80170, 96507, 51586, 8459, 11083]"
119520,"[49599, 11337, 18727, 21233, 92137, 65065, 2721, 65279, 6080, 60824]"
119521,"[65181, 68542, 29542, 35904, 34714, 32422, 97343, 51347, 25045, 61640]"
119522,"[74421, 22896, 20161, 102241, 8493, 90626, 71621, 1939, 53844, 25389]"
119523,"[41526, 48284, 96499, 88863, 79888, 56998, 2969, 14106, 24743, 12127]"
119524,"[105436, 4127, 16468, 66730, 62652, 1692, 28678, 1106, 102151, 66840]"
119525,"[4648, 34106, 58856, 93527, 75562, 12333, 56718, 24858, 91105, 93143]"
119526,"[82794, 64108, 92982, 94605, 18154, 69159, 41099, 46943, 101875, 1281]"
119527,"[95379, 84734, 21674, 36866, 90251, 83817, 96886, 18516, 28312, 725]"
119528,"[50867, 96517, 14838, 14343, 102608, 35420, 69939, 64093, 22625, 59105]"
119529,"[78619, 83322, 80738, 52263, 70923, 23135, 37999, 75183, 34564, 25863]"
119530,"[80212, 33751, 104774, 17985, 13407, 37606, 56766, 21071, 94058, 39040]"
119531,"[43181, 97397, 17008, 35573, 56125, 100556, 5474, 36886, 12790, 81934]"
119532,"[51799, 101155, 35618, 96344, 8656, 42872, 56199, 29229, 77161, 12215]"
119533,"[101032, 2548, 76780, 37041, 84458, 99323, 87365, 17456, 22351, 85909]"
119534,"[54911, 95709, 109209, 39145, 68269, 105884, 53620, 106490, 20999, 1105]"
119535,"[70024, 100792, 103624, 70364, 11101, 11103, 40093, 70763, 60435, 53013]"
119536,"[101733, 106220, 16627, 29276, 27574, 97024, 40974, 44059, 98852, 102464]"
119537,"[25266, 42183, 53961, 32354, 27425, 47761, 54717, 64289, 106693, 64074]"
119538,"[91383, 61225, 26379, 7217, 35254, 48696, 10774, 53077, 12538, 45855]"
119539,"[86305, 77233, 15447, 55309, 39471, 72327, 14203, 5636, 52282, 6404]"
119540,"[50247, 101763, 94789, 13681, 100531, 97058, 27768, 28188, 25382, 89871]"
119541,"[106399, 91629, 29152, 83168, 106138, 37984, 17401, 60517, 93303, 108145]"
119542,"[13801, 80806, 61321, 8642, 96841, 56519, 31716, 78259, 44436, 106994]"
119543,"[59552, 57672, 95830, 29063, 88462, 89506, 98805, 100239, 28252, 56922]"
119544,"[36327, 70291, 6512, 29464, 31544, 5147, 51684, 30124, 16003, 653]"
119545,"[7565, 85929, 13574, 42965, 57060, 89622, 8537, 96073, 55269, 94998]"
119546,"[14636, 5895, 50962, 34996, 41483, 60122, 17143, 15565, 94996, 58552]"
119547,"[76438, 98568, 106612, 5882, 104080, 38692, 67359, 49448, 82697, 55621]"
119548,"[18763, 18665, 93533, 50522, 105714, 15430, 13250, 109320, 83657, 374]"
119549,"[66304, 73474, 38464, 96139, 92378, 90617, 69263, 88028, 33071, 44829]"
119550,"[64588, 24330, 43216, 17497, 28347, 62274, 1846, 97736, 45140, 64125]"
119551,"[105364, 32865, 74083, 100783, 100814, 11251, 108676, 79135, 20567, 101102]"
119552,"[31689, 17546, 82882, 94127, 25325, 9486, 38749, 39417, 43772, 59870]"
119553,"[50742, 56068, 66232, 62712, 105770, 98332, 26688, 20365, 63115, 55184]"
119554,"[98319, 12402, 73196, 9858, 69105, 84374, 9180, 68987, 52152, 4457]"
119555,"[106012, 99137, 38062, 88783, 87094, 57450, 73686, 74125, 21790, 29609]"
119556,"[81794, 30583, 37747, 5509, 92237, 10468, 18379, 96336, 81440, 21108]"
119557,"[106151, 39419, 79367, 24525, 67540, 70581, 19224, 89589, 18506, 12753]"
119558,"[36757, 17323, 54815, 87406, 75825, 21112, 79210, 97999, 18262, 73640]"
119559,"[65289, 60763, 43730, 5058, 44114, 51897, 94935, 48503, 5956, 60113]"
119560,"[92160, 74104, 85070, 75029, 32957, 57329, 26495, 48952, 76698, 13767]"
119561,"[65225, 45770, 54461, 90384, 32259, 96085, 47690, 92229, 83854, 93654]"
119562,"[77181, 89932, 97408, 21978, 42680, 1421, 70395, 98434, 100581, 98206]"
119563,"[37438, 40448, 105240, 94246, 571, 69739, 35867, 18202, 93666, 67171]"
119564,"[78839, 58218, 57104, 55678, 33260, 57703, 99994, 96435, 102250, 2871]"
119565,"[29347, 11173, 108559, 79344, 83793, 11926, 18963, 37470, 13327, 92501]"
119566,"[76229, 57839, 36247, 9057, 62003, 11373, 36289, 3874, 83217, 31822]"
119567,"[39803, 50313, 86948, 91934, 7333, 83376, 44032, 47995, 70430, 51665]"
119568,"[65022, 11581, 54923, 4139, 70739, 46284, 105607, 29745, 35319, 11298]"
119569,"[93380, 74996, 89693, 20235, 58893, 26355, 12507, 86051, 56682, 56307]"
119570,"[70881, 50680, 51188, 92933, 89845, 109668, 95680, 67484, 50058, 70781]"
119571,"[66930, 86773, 12875, 56560, 80728, 100871, 72897, 37847, 42516, 29626]"
119572,"[71224, 15817, 13214, 80497, 93194, 29520, 63075, 21528, 18266, 80562]"
119573,"[86972, 105676, 18632, 107742, 57882, 46062, 64306, 10254, 7276, 3873]"
119574,"[26931, 20807, 93173, 44507, 14404, 32374, 37403, 27161, 23092, 42625]"
119575,"[17364, 12172, 14827, 7365, 45132, 10491, 17479, 86384, 11345, 10361]"
119576,"[77806, 69957, 57082, 73015, 66657, 16384, 16463, 93389, 12408, 13350]"
119577,"[59871, 2906, 51166, 39075, 1872, 74781, 86343, 90912, 39678, 12418]"
119578,"[80817, 77089, 82572, 67501, 12196, 47169, 90284, 3033, 83320, 68734]"
119579,"[48808, 4669, 81975, 81103, 15988, 62994, 59603, 5619, 80382, 9350]"
119580,"[104251, 36975, 25078, 108289, 107191, 42796, 15427, 91032, 103244, 11606]"
119581,"[79130, 22485, 40559, 80034, 78072, 28383, 7089, 82036, 82870, 23183]"
119582,"[48284, 96499, 93587, 46275, 88123, 39676, 70478, 12127, 35120, 105632]"
119583,"[12417, 9789, 26916, 7835, 45933, 59770, 51697, 79038, 53226, 14074]"
119584,"[18922, 15450, 41339, 30682, 39218, 82830, 56498, 35086, 96026, 53253]"
119585,"[26393, 37360, 90361, 72711, 59349, 74003, 61629, 24025, 103435, 20361]"
119586,"[23446, 50771, 86636, 63555, 71029, 45357, 69922, 3921, 22828, 60997]"
119587,"[98566, 25024, 25990, 101059, 51754, 2083, 20562, 91420, 79021, 31390]"
119588,"[91381, 21888, 1289, 57704, 96284, 76213, 40340, 18746, 58668, 12294]"
119589,"[9566, 60278, 48096, 83059, 96448, 26199, 45574, 65314, 26994, 52245]"
119590,"[4366, 16624, 101846, 48122, 79871, 6614, 66613, 76030, 104660, 91533]"
119591,"[7784, 107728, 64086, 48584, 27985, 76934, 63223, 89156, 4289, 64906]"
119592,"[8304, 10318, 69033, 95407, 3547, 88777, 36284, 55951, 14218, 50583]"
119593,"[51955, 28093, 16474, 34331, 52895, 98126, 16630, 98796, 76591, 40585]"
119594,"[9368, 36331, 96419, 93498, 56343, 25144, 86763, 82115, 35262, 15073]"
119595,"[94797, 71180, 25522, 49835, 91014, 109764, 3703, 12207, 43033, 60081]"
119596,"[103331, 56723, 106116, 95548, 47515, 105121, 24927, 61096, 920, 54742]"
119597,"[46822, 26159, 104100, 79537, 87428, 65179, 50877, 90555, 75708, 45892]"
119598,"[95981, 50956, 28858, 22596, 54017, 2812, 80587, 90536, 77552, 96974]"
119599,"[98347, 56720, 107228, 53376, 18353, 21552, 59023, 17275, 33164, 108905]"
119600,"[2862, 97818, 101960, 67744, 27858, 106503, 96405, 106123, 5413, 27582]"
119601,"[73400, 70560, 104611, 86810, 65363, 21139, 29358, 55548, 81967, 7777]"
119602,"[42193, 77051, 93208, 103802, 10695, 54502, 52238, 35692, 73907, 49575]"
119603,"[83978, 106385, 61601, 64876, 84768, 106368, 41342, 73278, 67673, 19729]"
119604,"[66113, 95963, 72121, 100951, 4020, 25318, 58816, 51282, 10416, 77562]"
119605,"[47954, 49192, 20795, 73614, 44742, 104183, 103700, 1415, 63753, 14242]"
119606,"[1053, 48171, 10551, 25608, 98995, 74937, 62805, 56400, 10244, 74965]"
119607,"[1832, 17472, 791, 73411, 61733, 72747, 16773, 74993, 79468, 36091]"
119608,"[17279, 31810, 95582, 33225, 56730, 15721, 96151, 88680, 67312, 91061]"
119609,"[90828, 1200, 6356, 33894, 35194, 28277, 30602, 35939, 25595, 58260]"
119610,"[84000, 16955, 12212, 661, 95745, 13638, 14910, 78808, 42058, 101932]"
119611,"[21183, 83806, 14348, 108753, 19783, 36265, 95469, 2469, 24284, 85167]"
119612,"[92299, 101477, 36897, 91903, 37518, 94552, 42042, 51371, 90155, 5467]"
119613,"[12525, 62403, 17416, 92231, 92919, 91638, 7178, 71631, 99250, 100461]"
119614,"[37198, 75091, 106908, 28019, 12878, 13700, 105467, 9380, 73956, 15622]"
119615,"[106207, 69835, 40324, 72944, 43569, 61837, 18599, 96272, 73326, 102127]"
119616,"[35408, 99996, 38895, 78359, 14379, 76288, 72622, 59831, 15695, 43664]"
119617,"[57393, 87670, 60889, 49883, 85907, 63356, 70659, 46895, 56373, 67684]"
119618,"[27849, 68061, 56328, 103862, 91145, 51091, 39983, 70708, 68872, 93540]"
119619,"[28152, 33988, 16212, 53699, 101427, 10508, 50545, 86085, 71152, 38196]"
119620,"[4074, 48677, 40143, 3377, 46141, 1265, 20705, 48642, 82540, 1762]"
119621,"[44457, 46933, 63390, 37820, 7100, 104962, 66304, 37293, 51088, 45402]"
119622,"[16608, 108906, 24791, 53666, 85628, 19365, 88195, 75052, 82162, 48953]"
119623,"[50568, 24945, 108520, 15110, 407, 105192, 49418, 109482, 36479, 23277]"
119624,"[11878, 105103, 19542, 75290, 39009, 108921, 91785, 38920, 87230, 92458]"
119625,"[77535, 68990, 93515, 20757, 71226, 12424, 23634, 36662, 66971, 7525]"
119626,"[37431, 87463, 25565, 96746, 63889, 106774, 92580, 69088, 99013, 50666]"
119627,"[5314, 94254, 6412, 31451, 10202, 63868, 28194, 98349, 1077, 97529]"
119628,"[74214, 82406, 73593, 46165, 93878, 25702, 5770, 63616, 57983, 3288]"
119629,"[51196, 44546, 5777, 97938, 95310, 41921, 68070, 55232, 8914, 77559]"
119630,"[60572, 89261, 57223, 48536, 525, 56769, 72782, 84908, 80868, 47877]"
119631,"[41726, 74566, 72934, 19079, 63214, 7635, 37998, 58457, 103222, 16924]"
119632,"[81692, 3346, 71379, 109546, 83035, 79197, 62010, 63389, 7907, 2793]"
119633,"[79728, 33173, 30572, 47488, 28834, 19429, 40195, 33998, 106581, 69993]"
119634,"[4675, 6746, 84975, 12655, 45505, 24853, 13154, 74907, 36305, 93445]"
119635,"[104699, 5463, 93764, 86603, 41385, 19682, 10544, 92831, 14894, 18682]"
119636,"[19872, 94587, 33884, 58532, 53410, 524, 97155, 6579, 60598, 46359]"
119637,"[15525, 47524, 15576, 100127, 89534, 64263, 38196, 38031, 86011, 28782]"
119638,"[74267, 105716, 20118, 21311, 5498, 47034, 24960, 18074, 53411, 108175]"
119639,"[70932, 47106, 93576, 14646, 80595, 2524, 104673, 75572, 17042, 38929]"
119640,"[58910, 29383, 44255, 76219, 18729, 105407, 20497, 97489, 55280, 89512]"
119641,"[80206, 46439, 95958, 105193, 16904, 25991, 90053, 11968, 27675, 85476]"
119642,"[18289, 72207, 98041, 60868, 94848, 45832, 99888, 101007, 104682, 45172]"
119643,"[58302, 17322, 53256, 90026, 10831, 109585, 93526, 98732, 79883, 64445]"
119644,"[29606, 74400, 85156, 2207, 53689, 92435, 55790, 108963, 37336, 79634]"
119645,"[47603, 20545, 74898, 42798, 19409, 40371, 39031, 23384, 38225, 60051]"
119646,"[107663, 45833, 67006, 70370, 11520, 90790, 42088, 12796, 23109, 10936]"
119647,"[66081, 3657, 4859, 75909, 39555, 26108, 86168, 43982, 92738, 60827]"
119648,"[88579, 21675, 25200, 4371, 35303, 86858, 67421, 50143, 96053, 13017]"
119649,"[19064, 105923, 76118, 51906, 78107, 61588, 18184, 27464, 68566, 71461]"
119650,"[61611, 73462, 89822, 27830, 7402, 13726, 4151, 1719, 21999, 19638]"
119651,"[47159, 99884, 17398, 23900, 87036, 7416, 57868, 76639, 81502, 47608]"
119652,"[13131, 54204, 75577, 11711, 11436, 23971, 56163, 56219, 60116, 84092]"
119653,"[84253, 83075, 69320, 28164, 108684, 74909, 91681, 6840, 33319, 54385]"
119654,"[81448, 25057, 11208, 82470, 74160, 73253, 74392, 36111, 3454, 61268]"
119655,"[100381, 11765, 82961, 77064, 73071, 29500, 94942, 34947, 24825, 42856]"
119656,"[80014, 104052, 27861, 74561, 54251, 83156, 31713, 65193, 64774, 77833]"
119657,"[67588, 37937, 102863, 13625, 27010, 37940, 33329, 1118, 101384, 11343]"
119658,"[37393, 97978, 46370, 60204, 6700, 4978, 109715, 101281, 5900, 49034]"
119659,"[93949, 29220, 50229, 3183, 14508, 50356, 91435, 43071, 40409, 7036]"
119660,"[100281, 73115, 20699, 61510, 65201, 95727, 62449, 36424, 84, 83094]"
119661,"[51493, 51111, 3087, 55592, 8680, 16963, 51723, 17078, 27527, 51017]"
119662,"[94118, 62098, 42569, 73958, 310, 23225, 91968, 88634, 79476, 89821]"
119663,"[59438, 106712, 30807, 58650, 21083, 15640, 101598, 56677, 10937, 102765]"
119664,"[29255, 47429, 40838, 4037, 52151, 57596, 85642, 33420, 9240, 75980]"
119665,"[99553, 90397, 14864, 17234, 3928, 3519, 9835, 41467, 84013, 67570]"
119666,"[65647, 7874, 34793, 19549, 15055, 18712, 57924, 89769, 50076, 90391]"
119667,"[41048, 93945, 87103, 48126, 62699, 39098, 89688, 3043, 51767, 9433]"
119668,"[101921, 38455, 50641, 60357, 88135, 73171, 6328, 10631, 77304, 14428]"
119669,"[8732, 46742, 108305, 47776, 20310, 88132, 106979, 36995, 22365, 65912]"
119670,"[67942, 100786, 30683, 47636, 39263, 86910, 38272, 96024, 36579, 93580]"
119671,"[42393, 74658, 50848, 99200, 36866, 21674, 90251, 14401, 95379, 22491]"
119672,"[23157, 74653, 92406, 6895, 61300, 15922, 85993, 39592, 86139, 34928]"
119673,"[49520, 76970, 96279, 69842, 39454, 80859, 95375, 108969, 93827, 87048]"
119674,"[59328, 74659, 73908, 23861, 13444, 1351, 77172, 99738, 95780, 24998]"
119675,"[53233, 66680, 84121, 81095, 48505, 12557, 61365, 98023, 20829, 63413]"
119676,"[108332, 93676, 27027, 61610, 19586, 2543, 78529, 68264, 29849, 43589]"
119677,"[1628, 11958, 108927, 81585, 60651, 10460, 99238, 27428, 65637, 48371]"
119678,"[37495, 108030, 70479, 32833, 28295, 50364, 71002, 47827, 15434, 101324]"
119679,"[66836, 80153, 107336, 79628, 87994, 81341, 108536, 62011, 36769, 37533]"
119680,"[16312, 59991, 83111, 79026, 52098, 106804, 21643, 74025, 80249, 83824]"
119681,"[46220, 101596, 64580, 34751, 23620, 73091, 58901, 18143, 103529, 107971]"
119682,"[66977, 107328, 4202, 77010, 62437, 79008, 41775, 84462, 102257, 52347]"
119683,"[19357, 34739, 64439, 71353, 6281, 78965, 103687, 81453, 23900, 4077]"
119684,"[43384, 66441, 56241, 43501, 46053, 58250, 2678, 99305, 56849, 82294]"
119685,"[96879, 88535, 80214, 23273, 68128, 60734, 41300, 34065, 89284, 1862]"
119686,"[70350, 28651, 65709, 50744, 56176, 100809, 30550, 7463, 103508, 47918]"
119687,"[76125, 59747, 53770, 306, 11518, 26185, 68555, 36961, 8686, 80209]"
119688,"[36686, 54769, 95684, 52812, 38392, 22165, 100064, 29311, 52648, 18708]"
119689,"[102994, 42501, 1591, 50499, 106347, 8782, 58071, 35593, 76785, 109431]"
119690,"[51998, 33068, 102302, 3028, 8010, 21676, 17317, 76288, 38753, 43454]"
119691,"[81517, 15116, 96657, 92111, 51180, 96280, 18111, 49601, 91329, 51756]"
119692,"[18628, 86106, 2108, 109579, 87033, 107035, 84644, 41769, 28889, 62583]"
119693,"[89076, 9869, 89998, 67944, 33273, 12577, 41625, 55344, 19394, 90611]"
119694,"[31964, 21585, 35240, 65952, 75877, 52538, 108896, 106806, 16513, 30730]"
119695,"[102097, 75894, 93710, 42384, 53618, 73150, 89468, 92128, 4012, 47162]"
119696,"[40834, 50114, 82237, 47713, 56114, 2352, 14432, 16850, 75442, 11941]"
119697,"[77951, 31533, 49131, 106183, 59858, 5576, 76089, 109013, 89127, 18934]"
119698,"[17855, 59820, 104978, 89005, 36511, 109328, 102056, 61252, 43647, 65772]"
119699,"[92305, 45523, 59057, 52149, 62887, 47964, 9327, 67453, 86536, 103462]"
119700,"[104230, 90662, 12018, 94595, 54198, 51109, 46954, 30184, 20171, 64658]"
119701,"[97507, 51791, 76488, 31430, 97914, 25966, 70234, 94915, 37931, 25228]"
119702,"[51969, 73972, 71653, 15773, 88632, 59215, 32959, 13328, 94735, 76048]"
119703,"[837, 17741, 85547, 21559, 65790, 59794, 97986, 16603, 56634, 107350]"
119704,"[75842, 108464, 15449, 38850, 31765, 72630, 76981, 62963, 51338, 95104]"
119705,"[60183, 31872, 102262, 1997, 87458, 100813, 95816, 76881, 85852, 34394]"
119706,"[83087, 102186, 107367, 33775, 104741, 5932, 64285, 76491, 79428, 27247]"
119707,"[61576, 468, 34179, 78906, 46438, 87791, 35588, 81482, 3197, 70125]"
119708,"[67917, 29015, 25034, 45159, 40713, 109662, 59678, 88479, 84678, 51909]"
119709,"[32230, 48047, 19392, 57899, 103143, 28047, 15985, 40798, 33952, 38791]"
119710,"[18392, 65121, 71598, 48805, 87141, 71771, 52995, 101227, 69298, 86823]"
119711,"[60973, 76218, 15698, 80814, 37194, 24635, 96470, 89920, 45110, 1313]"
119712,"[37393, 97978, 60204, 49034, 26959, 31896, 40776, 109715, 30475, 89179]"
119713,"[27449, 80140, 4280, 45732, 18978, 28726, 23973, 41271, 85273, 48868]"
119714,"[93057, 81111, 9698, 97212, 52181, 23628, 5361, 98671, 68020, 29422]"
119715,"[43196, 106599, 9926, 20777, 78438, 14752, 62141, 39931, 77274, 32611]"
119716,"[41294, 52692, 69365, 427, 10139, 64046, 60193, 58578, 68212, 80091]"
119717,"[371, 91347, 34340, 2535, 59711, 92180, 50030, 76315, 105951, 104301]"
119718,"[46362, 37619, 18496, 58293, 64222, 50370, 22529, 45785, 32143, 7557]"
119719,"[92512, 59519, 99021, 42894, 69818, 97646, 48392, 66088, 90935, 42326]"
119720,"[87012, 63213, 53456, 48278, 77234, 39211, 17976, 6593, 80951, 86539]"
119721,"[37825, 11128, 58777, 45152, 61382, 71353, 50724, 70223, 8200, 24846]"
119722,"[45689, 51128, 92837, 28539, 20471, 12778, 9226, 32178, 35961, 49593]"
119723,"[20038, 26940, 77854, 67237, 56354, 46880, 100032, 98468, 35111, 101446]"
119724,"[17022, 45860, 37968, 86510, 81662, 44903, 17192, 42924, 36426, 93224]"
119725,"[17681, 79810, 57915, 85926, 83186, 29149, 11440, 17412, 100079, 103159]"
119726,"[107702, 73894, 64419, 13900, 31905, 67380, 15142, 45383, 65316, 27474]"
119727,"[71608, 82699, 67896, 91954, 10920, 8065, 41560, 104711, 90322, 103393]"
119728,"[43582, 11950, 98229, 28846, 60217, 2825, 23891, 88088, 57285, 24325]"
119729,"[35744, 4658, 19535, 22399, 67696, 99667, 1401, 16067, 18642, 72549]"
119730,"[80613, 68898, 31471, 100820, 54198, 31156, 75174, 15358, 71062, 84054]"
119731,"[8422, 62841, 22957, 67283, 93231, 50482, 40093, 86805, 6598, 80634]"
119732,"[8784, 64642, 34090, 29240, 35337, 94160, 61481, 30743, 45364, 91911]"
119733,"[28496, 67717, 94536, 56369, 101329, 62974, 28642, 76590, 104410, 46186]"
119734,"[48450, 19239, 86083, 37189, 74363, 74455, 108063, 31885, 24935, 106216]"
119735,"[87667, 74311, 23286, 29121, 72517, 107259, 28728, 49960, 69892, 69483]"
119736,"[98584, 1993, 80426, 71243, 108985, 14387, 50028, 100912, 68574, 32062]"
119737,"[89075, 73000, 49321, 38115, 50092, 16306, 54579, 87176, 64736, 48162]"
119738,"[66052, 62475, 95504, 26087, 28573, 30737, 45901, 30882, 48217, 23049]"
119739,"[104295, 67695, 80983, 1718, 33117, 94597, 24875, 66390, 81750, 103825]"
119740,"[23108, 42772, 56535, 76400, 91901, 10528, 73176, 105277, 55473, 77889]"
119741,"[95775, 56780, 75329, 20297, 48093, 57115, 64948, 11771, 16636, 91615]"
119742,"[64336, 22221, 61195, 60075, 87791, 55251, 13551, 7260, 74272, 6378]"
119743,"[80723, 63499, 44067, 13229, 36444, 64583, 96189, 25596, 36776, 41525]"
119744,"[60854, 22510, 84296, 38120, 19172, 91721, 8536, 109243, 79554, 83573]"
119745,"[44865, 24125, 94345, 2272, 57182, 96956, 36132, 37287, 42013, 86841]"
119746,"[4034, 103642, 65933, 21657, 48653, 85826, 33803, 102688, 70570, 32136]"
119747,"[86334, 87580, 73482, 2601, 80348, 69098, 11894, 56732, 88833, 25751]"
119748,"[65564, 41024, 43465, 102510, 98084, 99695, 50971, 17888, 40846, 65050]"
119749,"[91207, 2752, 75032, 47215, 33363, 5369, 8315, 71747, 61537, 16534]"
119750,"[91755, 89425, 42209, 90722, 64104, 85383, 889, 71501, 72945, 77932]"
119751,"[31094, 42072, 86672, 27172, 99284, 38898, 62853, 54449, 83297, 19804]"
119752,"[74756, 72213, 50020, 7633, 90224, 23675, 68006, 17454, 75526, 17729]"
119753,"[42269, 104430, 29972, 16561, 74152, 66344, 18806, 82385, 9983, 106185]"
119754,"[32743, 74918, 93768, 23148, 34703, 45925, 57683, 67083, 97211, 49536]"
119755,"[60773, 39267, 44650, 84288, 38389, 31652, 52549, 78531, 56011, 61683]"
119756,"[35303, 96379, 72221, 40631, 4371, 88579, 86858, 76069, 13017, 33000]"
119757,"[37441, 65547, 56209, 6421, 17370, 77007, 3468, 8326, 32212, 85870]"
119758,"[57127, 41578, 12229, 21155, 77191, 95249, 102421, 56101, 23267, 37855]"
119759,"[20613, 12183, 81419, 77035, 32878, 7430, 61204, 14863, 15041, 68910]"
119760,"[18142, 82594, 37789, 2287, 78319, 15463, 1698, 50369, 17610, 32452]"
119761,"[45049, 83274, 36825, 95971, 60135, 2806, 101326, 54717, 37256, 82253]"
119762,"[72895, 120, 54351, 54935, 844, 14723, 93596, 106386, 6928, 43483]"
119763,"[50097, 15540, 94040, 511, 89831, 97774, 21131, 12411, 104738, 90441]"
119764,"[87649, 24402, 37804, 9979, 87218, 17955, 74127, 59523, 71890, 12664]"
119765,"[99451, 58183, 24951, 62550, 78354, 34616, 74680, 89022, 108362, 54390]"
119766,"[25793, 45113, 18603, 36404, 21793, 52217, 23431, 82735, 7325, 98503]"
119767,"[78638, 59123, 108926, 50145, 100957, 19282, 19690, 64068, 35353, 27013]"
119768,"[63032, 53398, 43033, 105042, 69640, 95227, 106769, 15124, 65756, 89997]"
119769,"[47986, 27970, 49548, 102344, 67993, 8377, 103594, 63904, 32098, 43089]"
119770,"[58063, 14786, 101434, 98061, 88276, 46919, 81452, 16588, 26682, 48339]"
119771,"[2316, 68285, 45452, 42585, 3886, 58209, 17446, 96633, 24991, 34766]"
119772,"[11284, 40443, 3233, 46744, 87550, 30861, 47033, 96791, 815, 12526]"
119773,"[23446, 50771, 81980, 30840, 49799, 8942, 93776, 69922, 37530, 97196]"
119774,"[87221, 62200, 9686, 7550, 40041, 77720, 84226, 79375, 94400, 59049]"
119775,"[2874, 25019, 57862, 92074, 100396, 63164, 3962, 53540, 80526, 10026]"
119776,"[97653, 98650, 26993, 18655, 4243, 24198, 83836, 101277, 70785, 59559]"
119777,"[54809, 27987, 28831, 21281, 37893, 21796, 47886, 79454, 10001, 11194]"
119778,"[6949, 18199, 109630, 62380, 6640, 21349, 85326, 25869, 50281, 99610]"
119779,"[50639, 59992, 5480, 73551, 37177, 55566, 45372, 103662, 92120, 25029]"
119780,"[50822, 77751, 76701, 73055, 22962, 31667, 9615, 21613, 91345, 55620]"
119781,"[22101, 105978, 77523, 62012, 85780, 58951, 104291, 48940, 15553, 77078]"
119782,"[28749, 89294, 21783, 76974, 25384, 99091, 31112, 22794, 1662, 6560]"
119783,"[17456, 84458, 101032, 99323, 6954, 2548, 87365, 76780, 22351, 85639]"
119784,"[15254, 49510, 85827, 71935, 48659, 99949, 108327, 34459, 613, 71258]"
119785,"[42277, 68272, 56410, 107484, 78995, 20110, 26189, 8339, 56276, 86925]"
119786,"[79191, 18769, 39275, 27738, 100351, 72684, 6124, 24206, 78359, 55195]"
119787,"[101339, 5564, 50377, 32832, 32163, 89917, 46498, 42933, 66151, 23924]"
119788,"[79130, 23183, 75786, 11341, 96636, 23518, 78047, 80034, 30384, 6303]"
119789,"[51998, 27115, 51558, 81609, 76288, 57603, 101566, 60333, 33664, 34074]"
119790,"[55057, 45911, 10299, 29542, 32076, 27788, 59409, 92619, 47277, 66936]"
119791,"[62012, 85780, 104291, 48940, 25057, 102025, 81448, 12267, 22101, 61268]"
119792,"[31808, 88369, 102431, 56952, 60456, 97840, 80879, 94872, 94033, 14708]"
119793,"[98316, 6310, 86848, 24931, 106857, 56356, 92167, 55394, 91958, 10249]"
119794,"[68562, 36149, 7533, 26683, 32528, 85340, 19986, 42123, 81329, 86277]"
119795,"[96413, 90991, 53097, 40792, 30686, 21032, 100964, 49816, 72166, 76802]"
119796,"[69363, 77807, 15272, 39751, 29519, 63872, 55700, 45107, 53756, 56008]"
119797,"[95957, 64797, 95058, 61265, 21107, 33138, 69203, 5279, 102019, 73892]"
119798,"[9092, 26909, 25433, 34310, 54046, 57143, 60165, 95135, 12660, 3420]"
119799,"[70917, 39666, 11780, 107103, 85958, 65231, 34077, 84006, 31071, 97389]"
119800,"[69531, 50920, 3144, 2897, 24638, 82096, 98523, 6350, 78066, 38874]"
119801,"[47709, 18063, 51087, 91528, 56135, 72420, 35550, 106846, 81984, 77185]"
119802,"[75090, 88860, 40663, 93420, 16896, 97467, 89936, 79937, 69726, 88996]"
119803,"[99456, 39856, 74593, 57028, 7072, 15576, 60265, 47623, 60310, 22921]"
119804,"[80724, 101517, 28744, 94975, 103125, 63000, 24932, 27512, 81310, 83059]"
119805,"[90469, 48503, 16637, 94644, 91935, 12601, 105048, 78296, 57820, 41987]"
119806,"[92146, 60102, 11695, 69135, 87453, 72420, 9736, 4529, 51760, 54033]"
119807,"[94509, 75322, 66342, 5438, 9503, 23363, 94803, 98513, 67912, 1167]"
119808,"[59429, 6981, 92960, 106768, 19640, 95046, 52174, 74533, 41862, 25950]"
119809,"[47289, 77199, 90335, 95421, 35279, 17457, 80332, 92784, 34728, 35928]"
119810,"[57575, 82279, 39973, 4315, 45433, 56150, 17698, 74667, 84560, 26992]"
119811,"[63270, 73404, 60841, 7514, 59749, 11785, 82295, 36954, 43402, 59950]"
119812,"[103962, 4269, 18999, 85022, 94054, 37369, 20398, 72078, 40192, 60248]"
119813,"[56062, 51754, 37172, 81551, 20675, 12471, 78353, 66152, 20862, 6135]"
119814,"[96846, 70442, 81424, 55469, 107417, 89670, 105017, 67218, 85225, 56386]"
119815,"[103537, 16114, 90139, 46265, 59864, 104779, 13874, 53110, 53998, 40003]"
119816,"[23452, 9158, 43333, 79475, 64720, 66847, 72098, 12613, 56343, 101605]"
119817,"[30072, 42828, 74800, 105375, 17082, 30115, 70974, 58656, 88536, 17505]"
119818,"[7204, 9998, 24319, 51714, 14925, 35025, 66213, 91302, 4469, 61533]"
119819,"[1399, 70316, 95081, 41374, 95289, 97771, 109239, 36150, 52494, 71438]"
119820,"[105026, 62244, 108222, 56816, 74516, 35401, 96257, 29456, 15828, 9095]"
119821,"[16833, 64767, 75261, 14619, 3918, 8490, 85838, 59592, 87255, 2800]"
119822,"[89742, 103632, 15987, 93528, 36802, 66513, 107274, 41911, 12858, 74385]"
119823,"[23707, 71887, 44257, 9229, 26962, 23503, 21958, 76144, 89800, 58046]"
119824,"[101254, 57591, 59213, 31331, 89899, 28152, 78520, 15607, 32813, 34032]"
119825,"[5090, 89036, 25345, 35418, 80488, 20357, 10195, 104237, 37306, 108125]"
119826,"[46192, 71350, 97560, 108047, 82425, 85057, 26210, 87405, 65116, 46139]"
119827,"[92170, 31246, 74105, 71331, 76969, 50305, 31427, 71258, 107242, 109219]"
119828,"[76007, 104624, 28578, 25038, 18849, 78015, 21678, 33809, 88724, 58864]"
119829,"[57222, 105910, 72873, 17806, 36000, 88643, 54485, 45761, 89744, 2281]"
119830,"[102828, 55067, 31557, 20265, 22076, 52442, 92375, 99764, 46054, 55718]"
119831,"[50073, 3132, 105710, 98957, 3756, 30537, 91640, 33330, 72917, 94297]"
119832,"[60221, 26165, 70000, 91134, 53972, 21181, 52384, 59843, 74604, 81359]"
119833,"[108477, 27017, 6864, 5554, 51658, 103093, 38942, 82472, 70051, 12321]"
119834,"[10976, 85550, 100694, 83812, 25901, 69267, 101017, 92218, 16217, 71022]"
119835,"[107020, 3980, 10678, 103373, 6409, 16525, 15481, 44057, 29612, 81148]"
119836,"[28532, 18085, 84805, 65591, 73000, 108278, 61980, 43234, 19750, 53404]"
119837,"[86628, 78401, 50186, 29480, 62789, 86994, 40426, 62703, 103863, 28693]"
119838,"[41807, 96199, 108475, 89714, 40248, 69242, 89564, 87359, 101082, 58272]"
119839,"[84299, 23213, 59203, 18518, 50279, 17330, 96281, 36762, 100733, 8053]"
119840,"[87330, 73488, 53120, 71493, 18091, 17255, 82959, 86870, 29991, 30378]"
119841,"[32704, 13729, 85710, 22660, 11716, 65711, 42087, 55651, 20307, 34126]"
119842,"[79607, 31959, 17038, 28570, 106519, 63749, 17027, 89740, 8371, 74232]"
119843,"[74248, 57901, 16545, 22616, 86, 13089, 70920, 33645, 65296, 37690]"
119844,"[5956, 93962, 59923, 11644, 5962, 102236, 78127, 2057, 65289, 31636]"
119845,"[46788, 20039, 77902, 99190, 65265, 101602, 65698, 44945, 68316, 43928]"
119846,"[51552, 82739, 72387, 92632, 104010, 59602, 67162, 93009, 76322, 68343]"
119847,"[86484, 31288, 36034, 79908, 45489, 59884, 63965, 89060, 71578, 84118]"
119848,"[52186, 41323, 13777, 22115, 62223, 92919, 67197, 10645, 58463, 60018]"
119849,"[43107, 29809, 82193, 38676, 23033, 94033, 24753, 39927, 97094, 65403]"
119850,"[48075, 98969, 95677, 33535, 72138, 48247, 92274, 18478, 63884, 93246]"
119851,"[45849, 83115, 58949, 101847, 21096, 11226, 2082, 68460, 79119, 49711]"
119852,"[18201, 109664, 37959, 74207, 105390, 27791, 75880, 87329, 63634, 11086]"
119853,"[104712, 18275, 33690, 21084, 105929, 11622, 4113, 89328, 17336, 67677]"
119854,"[32201, 87542, 109051, 91010, 64398, 74668, 41317, 43818, 103268, 60465]"
119855,"[90648, 76493, 101954, 90419, 72527, 27357, 45499, 96182, 104504, 67461]"
119856,"[39669, 259, 15211, 96648, 96867, 61078, 21331, 67515, 98438, 56163]"
119857,"[79594, 77308, 75832, 106453, 101337, 28245, 3395, 77437, 67093, 82513]"
119858,"[43186, 53398, 95227, 15124, 51435, 105042, 2073, 69640, 1170, 84806]"
119859,"[1350, 63976, 90356, 24086, 36654, 10888, 106595, 50401, 83333, 104349]"
119860,"[12740, 41433, 20218, 76660, 6897, 70890, 4213, 55725, 80222, 64838]"
119861,"[108868, 82794, 46943, 101875, 1281, 61853, 64108, 92982, 92297, 94605]"
119862,"[38193, 101636, 20049, 10858, 39167, 24193, 78982, 102782, 46221, 82227]"
119863,"[58519, 55994, 105763, 57385, 36904, 46911, 102854, 101965, 58650, 86356]"
119864,"[86654, 47687, 48604, 11334, 27789, 107433, 94231, 58661, 44611, 51184]"
119865,"[81791, 86448, 87063, 82071, 27228, 20363, 72694, 107636, 67010, 62987]"
119866,"[75623, 36675, 45688, 83088, 106413, 105849, 32446, 101473, 102505, 44270]"
119867,"[71691, 55472, 36911, 13623, 41132, 75051, 88793, 44907, 39757, 24683]"
119868,"[94834, 36101, 50059, 109673, 62954, 102303, 6266, 70203, 94777, 73226]"
119869,"[48265, 91124, 14614, 48243, 57615, 89079, 76356, 82856, 14274, 11029]"
119870,"[83559, 101968, 2363, 61310, 7322, 19016, 99973, 72603, 82901, 108431]"
119871,"[47461, 98798, 87217, 28637, 47835, 61389, 61722, 75834, 99890, 11451]"
119872,"[79246, 30592, 29718, 60139, 24041, 36032, 7849, 107481, 18674, 7339]"
119873,"[55402, 10847, 90999, 13576, 12528, 56474, 11372, 67038, 40430, 83862]"
119874,"[84232, 1057, 17831, 47181, 25538, 29345, 58710, 57618, 97782, 7637]"
119875,"[8989, 59736, 4131, 45772, 4561, 33287, 102938, 12195, 97227, 84039]"
119876,"[100837, 93828, 74189, 15439, 64966, 6949, 18199, 6477, 59628, 77000]"
119877,"[62439, 90929, 12918, 21029, 23481, 66832, 77640, 14443, 83259, 41190]"
119878,"[26399, 62240, 74552, 105928, 43744, 71816, 37528, 25810, 58668, 96709]"
119879,"[9354, 90666, 4044, 55523, 62427, 26921, 70525, 47410, 96337, 88178]"
119880,"[10200, 32487, 85634, 79652, 68565, 95191, 47884, 87196, 75312, 60550]"
119881,"[57191, 50279, 32419, 94225, 24891, 34386, 96227, 77697, 24220, 84299]"
119882,"[71856, 78507, 16459, 70480, 21934, 94149, 60400, 5407, 39469, 64914]"
119883,"[70513, 72906, 60612, 36371, 56248, 26918, 41475, 25507, 66337, 103525]"
119884,"[99997, 44500, 85796, 89577, 25344, 69176, 76739, 79425, 81810, 88812]"
119885,"[89437, 42971, 31455, 102035, 48175, 23581, 17963, 16594, 87730, 78065]"
119886,"[12863, 43526, 64346, 32737, 105545, 94644, 39046, 58995, 89926, 103761]"
119887,"[34717, 90359, 967, 108851, 13279, 99415, 12911, 1803, 21440, 106998]"
119888,"[43936, 46776, 72519, 38960, 8468, 26507, 84201, 47307, 2246, 28122]"
119889,"[23741, 83519, 106995, 22825, 10734, 67115, 44482, 37030, 45375, 50678]"
119890,"[65435, 22590, 41095, 9220, 73369, 26724, 21477, 72952, 47916, 72656]"
119891,"[68846, 13162, 59352, 66715, 103820, 62890, 60463, 38084, 63031, 31141]"
119892,"[102426, 79188, 21145, 23797, 41123, 93141, 102727, 97325, 90798, 987]"
119893,"[84433, 14814, 104279, 60959, 3355, 48300, 66674, 109637, 49285, 50018]"
119894,"[99814, 95799, 104926, 105611, 76898, 85449, 68285, 19697, 80640, 83278]"
119895,"[105949, 44811, 69076, 56788, 3041, 6315, 7408, 103530, 45624, 27277]"
119896,"[62868, 78727, 72193, 73889, 88368, 17970, 31201, 95226, 57717, 4081]"
119897,"[108152, 95802, 77614, 79830, 107021, 75125, 74210, 80871, 81599, 10386]"
119898,"[37706, 15365, 43467, 4928, 50842, 15643, 92825, 15132, 70995, 13166]"
119899,"[84664, 75835, 55666, 21345, 50606, 47392, 60582, 18844, 88531, 30625]"
119900,"[49834, 45799, 6473, 56331, 5119, 103698, 37728, 11061, 84047, 11168]"
119901,"[20564, 87355, 95376, 45496, 46353, 85275, 8792, 67837, 89454, 69360]"
119902,"[88393, 50094, 20266, 28466, 89587, 12489, 99537, 54985, 91182, 88168]"
119903,"[66359, 100529, 7639, 643, 64480, 50901, 73494, 97101, 88582, 65562]"
119904,"[38031, 16173, 102180, 11233, 70004, 82179, 49985, 45511, 85841, 44403]"
119905,"[31904, 45089, 17999, 76319, 45790, 67169, 80297, 54815, 37960, 37047]"
119906,"[12679, 37516, 47914, 4450, 18835, 25096, 87195, 108996, 1682, 22949]"
119907,"[85529, 47151, 99819, 35193, 24027, 57055, 98653, 57656, 17525, 22573]"
119908,"[60177, 18687, 103774, 97607, 23148, 34703, 45925, 97211, 49536, 14919]"
119909,"[84793, 65418, 14837, 45057, 90668, 93533, 18665, 8587, 29966, 52814]"
119910,"[41539, 38804, 84273, 3111, 54623, 43762, 48401, 69619, 19655, 97866]"
119911,"[8036, 47626, 85681, 70, 24649, 45585, 35032, 86550, 1135, 51679]"
119912,"[33859, 62028, 80852, 63360, 100990, 56012, 4937, 59032, 39229, 1053]"
119913,"[92012, 108544, 83096, 93601, 27834, 75331, 49354, 48214, 48108, 81424]"
119914,"[98038, 10612, 98516, 59381, 26714, 71150, 13992, 41574, 24912, 51143]"
119915,"[11382, 95903, 93848, 61874, 68994, 49898, 54497, 8369, 47692, 16357]"
119916,"[93661, 96888, 51982, 95455, 51791, 24512, 99197, 23875, 11502, 22346]"
119917,"[817, 60652, 72931, 60403, 64868, 11250, 22612, 78103, 6065, 49942]"
119918,"[11446, 82691, 46287, 57784, 88349, 47410, 74390, 23866, 15545, 82950]"
119919,"[5130, 76329, 68740, 96136, 39675, 93566, 101207, 103216, 62754, 66176]"
119920,"[67766, 97662, 28135, 79497, 103845, 19997, 32939, 8345, 42722, 8199]"
119921,"[82653, 106590, 86412, 63920, 67230, 82192, 86668, 82258, 25442, 3635]"
119922,"[91137, 54245, 7844, 99904, 61598, 40164, 100146, 83942, 5950, 105683]"
119923,"[10755, 92769, 79132, 2772, 29671, 14208, 58326, 87215, 71890, 65025]"
119924,"[106938, 16328, 90853, 65794, 13158, 40361, 49644, 15769, 102989, 56410]"
119925,"[61692, 18428, 19840, 2506, 23263, 48830, 72116, 25614, 7760, 37998]"
119926,"[78367, 89306, 13091, 25235, 62760, 37916, 42716, 13126, 77390, 18663]"
119927,"[33261, 32155, 82760, 70433, 48052, 31090, 11111, 34872, 3310, 32629]"
119928,"[27233, 13611, 49985, 73924, 1376, 63936, 94025, 82179, 9232, 61516]"
119929,"[30874, 56473, 76006, 88987, 67644, 6862, 32222, 97183, 44114, 34472]"
119930,"[13616, 79355, 1733, 5103, 18832, 105600, 66717, 105454, 79491, 21506]"
119931,"[77573, 105316, 76667, 24452, 77959, 41921, 95960, 92626, 64459, 69557]"
119932,"[56095, 5326, 66636, 106474, 80047, 98095, 70616, 102170, 13276, 16346]"
119933,"[106019, 50793, 41053, 45356, 11542, 21146, 98637, 25201, 37394, 61133]"
119934,"[43680, 57792, 5687, 53466, 23192, 53861, 84909, 37241, 99344, 86375]"
119935,"[54293, 14368, 69856, 84978, 67612, 101392, 107666, 39848, 94577, 66999]"
119936,"[8292, 32294, 84824, 86588, 99064, 23584, 57497, 20486, 32693, 107099]"
119937,"[6492, 23195, 108335, 52199, 88441, 72306, 92992, 26231, 6918, 51075]"
119938,"[13336, 32484, 67755, 81706, 58437, 94502, 98518, 103056, 84922, 41908]"
119939,"[61019, 58130, 3078, 9439, 88997, 58072, 84486, 25706, 13784, 91727]"
119940,"[63333, 65918, 23913, 94567, 94099, 4111, 108241, 97128, 60262, 35319]"
119941,"[81325, 20632, 55672, 78820, 1939, 88597, 62164, 74018, 88256, 33812]"
119942,"[5395, 11798, 32762, 84279, 12430, 75415, 9692, 83556, 85377, 87525]"
119943,"[20728, 42283, 108838, 32613, 22952, 72911, 60550, 16821, 30958, 101283]"
119944,"[3337, 51341, 77209, 100585, 6824, 38041, 34287, 59859, 12611, 31681]"
119945,"[87497, 59428, 32539, 86950, 96473, 73894, 102100, 65316, 91438, 64618]"
119946,"[94102, 54062, 64232, 88795, 10417, 88904, 99312, 53640, 881, 3599]"
119947,"[1493, 57369, 7573, 33284, 21355, 74330, 78980, 104946, 80602, 71842]"
119948,"[17694, 25295, 221, 44166, 106885, 55516, 40988, 3464, 24924, 94432]"
119949,"[36051, 79481, 77545, 108118, 40187, 60209, 103740, 104800, 95395, 37640]"
119950,"[36104, 121, 85674, 1321, 66336, 81671, 102157, 58924, 31412, 106366]"
119951,"[21852, 81685, 80223, 106916, 43524, 109690, 90723, 60583, 101691, 1704]"
119952,"[29475, 108911, 47293, 97902, 101907, 50053, 39575, 34599, 71330, 87271]"
119953,"[34819, 32311, 86295, 100344, 63847, 26058, 77198, 84579, 71257, 58829]"
119954,"[73551, 63937, 14182, 20825, 6963, 56948, 45920, 33052, 67455, 78053]"
119955,"[51752, 98788, 14211, 17276, 48116, 3497, 59450, 82589, 9127, 105979]"
119956,"[43459, 66956, 89467, 15920, 63093, 36834, 86876, 64730, 56074, 33477]"
119957,"[45682, 56689, 7869, 21345, 47392, 84664, 22010, 32757, 60582, 66673]"
119958,"[885, 31875, 17169, 15099, 28951, 48305, 42615, 6328, 86878, 14428]"
119959,"[95718, 48388, 89189, 10160, 54241, 80977, 2224, 4146, 39363, 108681]"
119960,"[92699, 63373, 4507, 64141, 64916, 70711, 10869, 22516, 65691, 35832]"
119961,"[17712, 48516, 30104, 44373, 81987, 57378, 92347, 72918, 70897, 67932]"
119962,"[41893, 89051, 37582, 60954, 84994, 62718, 20446, 27422, 101085, 50686]"
119963,"[3272, 22729, 60669, 287, 61259, 35853, 24204, 89280, 52222, 67298]"
119964,"[32718, 5432, 518, 15685, 81513, 6269, 71642, 11416, 82582, 71383]"
119965,"[17346, 98312, 53995, 76370, 93522, 68056, 35152, 27428, 27436, 71371]"
119966,"[61514, 49146, 65, 20460, 32824, 8139, 40483, 77483, 98147, 3827]"
119967,"[5630, 90700, 27297, 72483, 42216, 70576, 91491, 103520, 83516, 18536]"
119968,"[67165, 96198, 51199, 35803, 81190, 40090, 28848, 13333, 50681, 100333]"
119969,"[28943, 76339, 36491, 103134, 56531, 57442, 35107, 89111, 89832, 47280]"
119970,"[107627, 37716, 44741, 74895, 64373, 41539, 77452, 33463, 92525, 63782]"
119971,"[78741, 61868, 92486, 31410, 19695, 61197, 77661, 10113, 77022, 96390]"
119972,"[66671, 39172, 75290, 38794, 2661, 48331, 105644, 6896, 28195, 58304]"
119973,"[58732, 42156, 49840, 49238, 104011, 97483, 62330, 14224, 109673, 80840]"
119974,"[78986, 94449, 13705, 90604, 46039, 99851, 64475, 3467, 45350, 36713]"
119975,"[12488, 3642, 107266, 24891, 84167, 100950, 13789, 67428, 57800, 3803]"
119976,"[78429, 49522, 47163, 59239, 25990, 58538, 62080, 65971, 35251, 107606]"
119977,"[103477, 33808, 32154, 1249, 79415, 93991, 28760, 98264, 84556, 26283]"
119978,"[9104, 101915, 94439, 50269, 97685, 54169, 22340, 94654, 41215, 91802]"
119979,"[2604, 98233, 42820, 9034, 80775, 8238, 19687, 97379, 67780, 57204]"
119980,"[47302, 32067, 67519, 32661, 35277, 615, 71664, 106086, 80665, 22717]"
119981,"[34300, 34511, 39954, 80262, 73320, 59384, 41953, 70533, 64343, 32777]"
119982,"[1910, 78717, 46431, 54604, 10498, 93708, 99754, 81778, 42991, 75414]"
119983,"[38567, 47356, 29315, 4896, 20315, 52737, 92825, 50538, 103396, 20816]"
119984,"[15944, 104995, 76109, 16237, 16503, 22505, 6696, 105961, 36747, 12745]"
119985,"[92960, 71367, 39341, 88599, 21682, 107771, 80300, 36911, 88086, 40432]"
119986,"[83830, 25913, 68760, 77788, 19956, 42889, 48605, 90453, 8479, 18131]"
119987,"[48769, 85943, 80816, 1850, 38381, 36180, 36899, 67422, 25239, 12592]"
119988,"[4860, 15667, 15114, 88751, 9696, 96577, 86980, 106155, 51322, 31841]"
119989,"[95546, 26652, 17538, 82676, 79441, 48417, 31836, 41689, 63453, 87541]"
119990,"[25861, 104857, 99295, 36315, 80394, 23115, 50617, 82970, 71520, 34858]"
119991,"[17342, 61872, 7634, 92082, 54885, 55027, 46121, 67867, 65657, 96266]"
119992,"[28180, 43613, 54585, 59672, 35242, 41355, 65472, 58229, 7963, 9785]"
119993,"[92407, 23414, 103952, 58650, 91813, 106712, 68127, 94870, 72317, 93243]"
119994,"[41696, 18825, 95243, 99939, 99588, 37107, 102601, 46725, 56243, 16951]"
119995,"[33622, 96552, 20431, 45853, 34931, 76333, 66486, 76287, 47753, 6745]"
119996,"[68093, 47809, 48237, 24495, 34241, 44039, 93083, 24505, 39169, 23596]"
119997,"[71614, 33956, 23011, 22413, 35436, 17404, 105024, 80188, 102821, 97798]"
119998,"[32223, 11553, 51330, 18429, 67900, 108105, 7716, 18919, 18873, 14757]"
119999,"[60964, 88444, 84044, 22244, 73729, 8833, 38445, 106887, 101231, 106589]"
120000,"[105677, 83827, 65097, 106982, 28314, 56155, 14120, 105469, 61015, 19925]"
120001,"[92020, 57195, 31224, 105243, 36716, 76050, 60669, 62526, 75512, 97488]"
120002,"[104929, 61694, 29646, 99073, 37873, 27271, 32293, 48596, 46144, 52864]"
120003,"[10278, 63378, 99140, 3230, 30089, 97982, 80129, 102294, 38724, 47028]"
120004,"[66411, 97362, 89569, 77257, 100508, 94348, 51667, 44039, 94609, 106537]"
120005,"[21009, 79546, 89854, 42473, 88555, 88623, 41003, 96707, 68103, 43518]"
120006,"[16313, 7082, 74214, 73593, 12396, 56151, 76045, 74300, 80528, 3612]"
120007,"[72172, 80792, 13469, 97613, 91320, 79294, 82688, 24646, 2424, 17023]"
120008,"[43897, 64523, 8319, 66226, 18464, 37035, 85252, 90656, 80625, 43419]"
120009,"[108720, 76471, 80304, 66209, 88534, 87307, 4640, 15716, 104281, 73431]"
120010,"[23789, 35039, 24893, 48603, 63840, 73217, 26949, 8867, 46222, 105928]"
120011,"[59279, 57208, 104983, 66337, 72906, 67645, 70690, 102103, 93320, 94130]"
120012,"[29995, 72357, 75559, 65300, 25402, 57481, 95541, 78863, 37657, 99449]"
120013,"[95230, 63784, 85889, 68921, 60544, 4377, 5490, 99355, 94923, 54956]"
120014,"[92709, 32780, 58007, 33250, 93006, 42849, 91208, 85258, 78283, 49131]"
120015,"[105225, 32775, 88436, 44489, 56336, 51895, 36512, 4743, 83945, 44872]"
120016,"[86004, 106288, 100471, 59780, 7343, 7871, 30725, 106000, 90157, 104569]"
120017,"[52382, 81290, 83092, 19876, 32168, 39572, 51313, 27078, 68611, 50013]"
120018,"[84342, 95259, 96724, 88767, 29574, 15955, 37111, 105734, 105861, 86174]"
120019,"[83882, 35251, 29080, 15064, 85000, 42414, 57988, 33659, 87456, 82023]"
120020,"[33153, 103014, 13670, 15755, 91697, 61760, 30606, 20163, 18399, 34570]"
120021,"[67061, 87310, 80226, 90897, 23637, 44481, 90717, 17229, 65447, 74040]"
120022,"[42281, 40955, 25886, 17865, 10697, 16521, 4549, 100177, 17815, 108151]"
120023,"[13706, 65997, 108859, 29520, 85201, 24117, 18076, 89864, 28420, 1396]"
120024,"[57047, 87175, 45500, 32844, 80960, 55792, 23584, 28939, 39020, 4162]"
120025,"[88574, 70647, 9502, 29191, 89455, 66150, 57654, 86764, 29102, 20931]"
120026,"[98757, 96970, 67891, 35678, 66497, 58849, 79120, 78771, 18617, 72]"
120027,"[71752, 67267, 78078, 29853, 66065, 10561, 79641, 29323, 21207, 69760]"
120028,"[48795, 79077, 10342, 88386, 37421, 35818, 45942, 67697, 40514, 96875]"
120029,"[73373, 11488, 61827, 108616, 46821, 37433, 5573, 78646, 45678, 95022]"
120030,"[63564, 101236, 6509, 68354, 9955, 52581, 11147, 46547, 1346, 107039]"
120031,"[95750, 98434, 4069, 54913, 5123, 29074, 106625, 87328, 33869, 33244]"
120032,"[86948, 7333, 88296, 94017, 91934, 62979, 32197, 50313, 42625, 47995]"
120033,"[46407, 40552, 55812, 34718, 71892, 101333, 83475, 104079, 7762, 48019]"
120034,"[102770, 54691, 53858, 79800, 82170, 20647, 83017, 91377, 93012, 63748]"
120035,"[20298, 105270, 77649, 50655, 48556, 50702, 79638, 90141, 49758, 83817]"
120036,"[66502, 43918, 84368, 99122, 58984, 55066, 89385, 100847, 39183, 17100]"
120037,"[57687, 78381, 23083, 2609, 31794, 96150, 5382, 98903, 87080, 13626]"
120038,"[9094, 44273, 65057, 79676, 34890, 63265, 108191, 18892, 56162, 106722]"
120039,"[70220, 3279, 74518, 102535, 57167, 88734, 57102, 70963, 1146, 5968]"
120040,"[78781, 101824, 10591, 83838, 40120, 69338, 36206, 107161, 59698, 70040]"
120041,"[76009, 25971, 19667, 100705, 99811, 76326, 29511, 21721, 60379, 94279]"
120042,"[109581, 88940, 76268, 91734, 105308, 76620, 28851, 84778, 60399, 35561]"
120043,"[72555, 94744, 86064, 10798, 61436, 67880, 56229, 108195, 109541, 38859]"
120044,"[28131, 39992, 74121, 21524, 93784, 8491, 71763, 1632, 81027, 28066]"
120045,"[17656, 7909, 29862, 83217, 109171, 72570, 80000, 108435, 15178, 10451]"
120046,"[79773, 11569, 86898, 103778, 1342, 99311, 9608, 92389, 62605, 47574]"
120047,"[35028, 942, 54654, 69414, 33136, 54076, 28412, 34794, 82661, 62243]"
120048,"[21782, 36814, 106211, 67571, 45422, 97938, 54482, 83766, 104357, 3527]"
120049,"[43891, 38094, 63906, 38103, 58330, 56063, 98353, 108538, 101923, 98959]"
120050,"[63211, 93400, 48086, 31704, 73479, 48913, 85766, 44544, 66262, 81927]"
120051,"[102523, 15619, 94482, 24655, 12281, 92739, 102222, 92735, 35561, 8953]"
120052,"[74874, 17879, 2173, 77203, 95961, 82386, 69315, 43548, 84418, 75911]"
120053,"[66337, 25507, 50959, 104556, 70179, 104983, 103525, 102103, 3901, 47500]"
120054,"[41260, 11317, 93660, 104922, 27577, 39914, 92449, 21829, 16795, 57940]"
120055,"[79493, 34770, 45822, 46451, 29316, 107691, 52741, 5454, 73815, 56168]"
120056,"[62361, 13353, 44775, 54934, 58014, 51021, 24730, 48435, 32514, 74878]"
120057,"[84995, 83268, 100560, 108142, 62852, 47850, 73267, 60021, 65819, 39529]"
120058,"[52395, 64712, 69292, 65756, 56667, 58930, 57568, 82533, 59760, 3736]"
120059,"[17844, 44006, 72389, 88452, 53887, 56321, 3766, 55434, 4083, 92221]"
120060,"[71734, 1453, 75259, 58396, 33987, 71686, 76152, 40344, 37083, 97801]"
120061,"[38161, 11955, 73334, 19135, 57611, 17894, 103659, 86657, 45243, 15647]"
120062,"[5699, 51935, 26132, 27029, 36799, 95980, 101022, 64476, 54776, 39556]"
120063,"[23400, 75593, 96375, 9132, 90620, 21390, 2038, 77719, 47212, 50595]"
120064,"[29636, 104541, 27539, 9668, 10412, 16905, 8723, 70200, 71310, 90150]"
120065,"[82894, 89291, 61927, 64607, 14077, 44125, 101766, 94997, 79763, 104424]"
120066,"[48937, 71191, 52715, 99113, 76294, 31847, 64588, 50001, 98027, 1280]"
120067,"[48671, 66600, 54601, 31535, 57225, 103408, 49326, 44859, 19920, 80506]"
120068,"[93737, 61923, 108099, 97025, 80713, 62072, 47563, 33697, 83223, 40907]"
120069,"[102924, 55859, 53807, 104110, 41892, 94937, 43745, 37654, 12001, 26456]"
120070,"[82377, 89661, 102369, 91754, 109301, 14966, 96172, 4787, 38275, 101345]"
120071,"[102134, 18832, 35419, 70067, 13314, 13616, 68653, 78154, 71694, 49020]"
120072,"[70202, 8335, 95866, 76147, 98505, 105038, 99978, 81261, 21921, 27285]"
120073,"[102392, 14060, 99204, 35137, 19953, 90123, 81404, 51263, 19406, 88538]"
120074,"[12659, 51801, 50700, 60701, 69656, 61195, 58566, 25567, 75629, 3339]"
120075,"[62104, 17597, 22574, 96484, 23120, 84893, 67000, 109519, 88366, 55064]"
120076,"[107528, 66573, 154, 15797, 94855, 34571, 98288, 55330, 35560, 63657]"
120077,"[62503, 104039, 109282, 48839, 37314, 87602, 89856, 94214, 94064, 46257]"
120078,"[71729, 52192, 63387, 31434, 43610, 72295, 20227, 54205, 37070, 64030]"
120079,"[90056, 49778, 27855, 40544, 101413, 533, 59380, 32998, 23694, 15642]"
120080,"[41836, 54823, 44280, 98722, 72850, 40968, 63475, 104550, 101776, 36033]"
120081,"[64684, 22769, 9402, 13098, 1539, 26530, 6956, 10286, 31405, 77823]"
120082,"[67830, 42782, 13087, 14682, 22857, 106680, 27398, 73605, 16290, 32268]"
120083,"[44695, 102028, 83401, 37922, 5691, 87847, 77378, 36430, 54792, 40200]"
120084,"[30328, 98594, 12283, 15158, 24054, 75006, 72382, 43070, 6948, 64841]"
120085,"[80593, 1424, 102625, 66687, 93492, 73008, 10107, 28021, 83206, 26149]"
120086,"[66722, 21539, 58310, 107269, 94951, 17596, 25960, 77868, 20281, 102267]"
120087,"[35334, 91666, 58709, 85194, 85751, 19221, 68249, 6438, 58899, 73634]"
120088,"[61432, 4031, 21209, 24471, 15239, 99114, 107584, 56142, 22412, 31854]"
120089,"[82741, 47828, 51789, 9302, 364, 105891, 37360, 107098, 43816, 28990]"
120090,"[20086, 73054, 89074, 57309, 49640, 54582, 100474, 43276, 73872, 56469]"
120091,"[75275, 6408, 18718, 76060, 106984, 5209, 1855, 70946, 12764, 33182]"
120092,"[72402, 102060, 63336, 52305, 35035, 13425, 92765, 41285, 1564, 5333]"
120093,"[101456, 75874, 78842, 106970, 21954, 108059, 38052, 12747, 34172, 41392]"
120094,"[19333, 76975, 33057, 17955, 1942, 193, 85848, 60797, 66591, 76855]"
120095,"[49718, 99042, 99459, 165, 81173, 66456, 62462, 33167, 34227, 33175]"
120096,"[65275, 60491, 66482, 35369, 73644, 106932, 21029, 5346, 12918, 48216]"
120097,"[108836, 101218, 78676, 51241, 26062, 25415, 76419, 104193, 30960, 65219]"
120098,"[109304, 61564, 76012, 56439, 31361, 11476, 67171, 88585, 99701, 14265]"
120099,"[80544, 88603, 36261, 31750, 6798, 18776, 35162, 17019, 8817, 2325]"
120100,"[960, 91345, 11913, 109443, 11550, 37773, 65386, 17314, 21613, 30658]"
120101,"[99084, 71341, 98951, 4434, 80789, 55318, 33606, 94808, 83901, 83701]"
120102,"[38467, 74761, 1416, 79906, 64976, 58766, 39483, 36551, 90371, 65674]"
120103,"[20766, 67182, 32221, 22375, 10285, 33954, 7704, 38409, 67095, 56069]"
120104,"[69025, 109097, 7216, 30396, 35062, 49777, 69832, 21138, 41604, 50463]"
120105,"[51798, 27598, 50442, 66515, 29258, 67410, 11950, 6369, 70896, 59366]"
120106,"[104369, 28823, 51512, 105234, 85717, 44858, 50125, 62523, 26975, 102257]"
120107,"[92803, 78389, 42882, 108604, 41845, 97274, 10017, 105546, 69807, 59026]"
120108,"[77959, 63278, 25714, 56832, 32923, 24452, 2515, 62464, 41921, 34281]"
120109,"[8060, 19012, 49115, 81850, 22668, 67772, 88374, 45625, 97725, 79115]"
120110,"[50574, 9701, 13847, 20910, 33695, 85069, 93255, 26769, 56217, 90392]"
120111,"[14938, 36489, 38219, 67426, 22260, 41329, 21973, 98859, 48444, 30094]"
120112,"[100233, 85554, 59678, 69169, 53321, 21495, 67273, 92891, 34861, 5060]"
120113,"[14255, 42379, 80659, 6855, 73083, 92663, 48260, 76449, 89672, 2146]"
120114,"[1322, 104373, 48044, 38051, 28124, 33512, 376, 43771, 72888, 11951]"
120115,"[47075, 37986, 83191, 35939, 64936, 67701, 6356, 82828, 61865, 8146]"
120116,"[3917, 22211, 55673, 2779, 61357, 8692, 51685, 104335, 80086, 87425]"
120117,"[93610, 69879, 51057, 72135, 16708, 12853, 67335, 98996, 80885, 15117]"
120118,"[21657, 50562, 57161, 32351, 32188, 102688, 51531, 52193, 103642, 50987]"
120119,"[44591, 72974, 79052, 61003, 35682, 57783, 29892, 74996, 54629, 92198]"
120120,"[63343, 54983, 24514, 67763, 85483, 28590, 26180, 40458, 11295, 98010]"
120121,"[75846, 73564, 61537, 10247, 79152, 18853, 74801, 79396, 101184, 56418]"
120122,"[71685, 33559, 65010, 29035, 47585, 8919, 99410, 38213, 48874, 88720]"
120123,"[3106, 31848, 90437, 5995, 46383, 42964, 101569, 12425, 80624, 19101]"
120124,"[41326, 49883, 85907, 34584, 20556, 85691, 69776, 109096, 63756, 80559]"
120125,"[85193, 20170, 79040, 27404, 9779, 76547, 32297, 69064, 48026, 74382]"
120126,"[68960, 100568, 62762, 19218, 7169, 79624, 29483, 53583, 70020, 91472]"
120127,"[107861, 44918, 89105, 36468, 86528, 66427, 48958, 71964, 70023, 7317]"
120128,"[51718, 60470, 75608, 35757, 40142, 42802, 45714, 93431, 8198, 85530]"
120129,"[50990, 106443, 95893, 14027, 44361, 104545, 95471, 92244, 99256, 56688]"
120130,"[36792, 91332, 53113, 7531, 10153, 84086, 63514, 54988, 20999, 42004]"
120131,"[109735, 104675, 88561, 77405, 57732, 6095, 75689, 26183, 106862, 42675]"
120132,"[85081, 55430, 40720, 29377, 86965, 6192, 91812, 48285, 8249, 59389]"
120133,"[18554, 28181, 94566, 75536, 100754, 42011, 2069, 44269, 40754, 89734]"
120134,"[16296, 33789, 34347, 101034, 68336, 71540, 2525, 92637, 21472, 105256]"
120135,"[30195, 40906, 71493, 72432, 55609, 72253, 29778, 29256, 21713, 47991]"
120136,"[30466, 20308, 104182, 81622, 13007, 63905, 68349, 51037, 16236, 98322]"
120137,"[93422, 104350, 73466, 24435, 11779, 1105, 100823, 22070, 18509, 90410]"
120138,"[38387, 57395, 107394, 1572, 101306, 52555, 109174, 46821, 26685, 96121]"
120139,"[57332, 100693, 107324, 80215, 72491, 85801, 90840, 94263, 100663, 2302]"
120140,"[2147, 9283, 95284, 57836, 17830, 19076, 15890, 71108, 95572, 24778]"
120141,"[97311, 41972, 58238, 34613, 35280, 72476, 30964, 88262, 51341, 9675]"
120142,"[108491, 50534, 103679, 37081, 13885, 41857, 71380, 39872, 73207, 90755]"
120143,"[82076, 15335, 37660, 68250, 32208, 108637, 21443, 87313, 35289, 65632]"
120144,"[78920, 96863, 588, 99834, 11791, 15978, 35281, 95119, 25250, 104272]"
120145,"[5010, 2649, 45816, 93411, 25446, 106366, 1321, 108688, 53073, 108721]"
120146,"[87335, 77086, 107509, 85048, 53312, 47383, 6193, 27953, 68263, 48342]"
120147,"[17850, 80455, 36921, 51528, 92620, 4811, 11237, 21045, 16441, 3723]"
120148,"[84998, 28337, 96002, 32133, 99268, 54309, 100775, 26088, 29513, 45363]"
120149,"[107016, 10154, 9125, 54501, 99269, 17649, 19031, 89260, 9885, 108017]"
120150,"[67153, 91557, 64353, 84187, 8135, 39898, 92676, 26974, 47959, 26907]"
120151,"[20475, 76285, 84370, 44446, 41298, 29879, 14918, 69454, 43930, 53752]"
120152,"[92518, 39810, 92854, 107489, 13021, 40735, 83877, 64768, 26102, 93210]"
120153,"[42943, 104030, 108255, 72600, 75781, 104297, 26440, 79888, 88222, 68129]"
120154,"[73151, 74670, 22532, 4291, 109231, 51520, 30224, 95783, 49695, 37784]"
120155,"[95341, 50677, 26111, 28252, 56922, 71006, 16765, 10763, 11479, 50821]"
120156,"[18556, 109580, 27132, 85629, 10826, 83815, 71406, 26235, 52252, 49556]"
120157,"[84825, 48798, 88425, 14824, 3910, 44247, 51782, 18137, 77487, 47184]"
120158,"[26834, 51863, 34133, 69678, 9723, 9317, 69012, 3990, 50687, 28017]"
120159,"[48202, 21866, 53800, 16101, 54156, 89483, 798, 55546, 26635, 60526]"
120160,"[9725, 105988, 82540, 54660, 97498, 84220, 37367, 40219, 36008, 60776]"
120161,"[94580, 97678, 61832, 240, 93140, 102556, 2166, 76246, 61271, 102653]"
120162,"[95794, 54448, 36808, 81966, 28299, 48431, 104661, 41315, 96658, 43809]"
120163,"[65759, 83963, 25106, 106988, 107050, 16123, 66266, 10726, 39367, 32318]"
120164,"[81623, 31555, 20035, 34402, 94063, 33206, 7452, 55030, 18064, 48133]"
120165,"[86407, 64364, 35905, 82, 23182, 106696, 44389, 22091, 88018, 42407]"
120166,"[75766, 35158, 52994, 34217, 72670, 16314, 10848, 17149, 71629, 12754]"
120167,"[103717, 35397, 49722, 103698, 37728, 61764, 14911, 90159, 86381, 63028]"
120168,"[76772, 20749, 23090, 46120, 76693, 75795, 8776, 47858, 18762, 66658]"
120169,"[36269, 67441, 67747, 27041, 44724, 86783, 14269, 79133, 13648, 31185]"
120170,"[47419, 101979, 264, 7408, 10215, 18805, 86542, 11520, 89287, 53204]"
120171,"[89241, 98488, 23619, 101709, 58707, 62746, 69411, 38363, 32362, 87370]"
120172,"[38216, 34784, 1595, 10007, 81285, 71970, 40650, 101210, 57601, 41549]"
120173,"[91834, 54389, 68536, 104540, 8326, 32212, 95607, 74324, 53661, 55778]"
120174,"[1639, 75881, 78527, 78196, 54726, 45258, 47904, 27622, 17591, 27986]"
120175,"[102602, 97068, 27340, 23862, 79203, 25308, 4869, 85805, 104190, 36463]"
120176,"[102097, 75894, 93710, 42384, 53618, 73150, 89468, 92128, 4012, 47162]"
120177,"[94589, 83275, 13677, 62083, 2749, 72752, 47139, 26642, 100657, 13724]"
120178,"[75533, 100700, 52294, 47866, 16051, 49720, 108931, 13748, 27491, 102508]"
120179,"[31033, 30257, 65013, 51246, 98144, 27493, 65224, 76629, 23916, 74409]"
120180,"[90171, 9553, 25401, 18973, 3410, 46230, 57134, 98695, 105084, 107327]"
120181,"[62131, 63043, 100161, 62677, 85667, 55306, 61747, 22013, 26000, 25138]"
120182,"[2179, 105905, 11283, 59712, 41403, 30777, 93384, 106653, 17091, 3658]"
120183,"[51451, 1646, 65928, 57277, 97071, 30496, 54643, 18836, 10556, 74907]"
120184,"[75626, 104965, 93376, 65204, 75607, 56817, 37159, 65635, 91833, 64430]"
120185,"[107035, 17495, 39176, 13957, 76979, 62521, 84644, 21472, 17247, 53486]"
120186,"[92824, 46373, 63112, 45871, 99715, 5997, 72391, 60287, 71952, 77845]"
120187,"[36545, 16547, 89524, 62556, 21877, 105747, 19776, 44451, 17435, 37278]"
120188,"[11379, 72415, 33813, 23113, 81885, 70807, 16974, 84492, 96452, 71552]"
120189,"[27512, 24321, 80724, 101517, 75403, 98811, 45053, 29522, 43788, 100421]"
120190,"[86476, 76760, 55272, 10363, 63482, 21152, 45812, 79595, 7729, 65347]"
120191,"[27246, 14056, 8378, 21459, 21822, 38580, 8476, 91114, 9943, 61551]"
120192,"[89046, 74549, 87558, 36368, 44382, 84369, 64193, 47102, 81484, 82847]"
120193,"[102683, 69049, 72423, 52713, 61612, 75698, 66853, 37246, 30767, 24263]"
120194,"[86882, 4530, 95756, 103671, 100095, 59110, 8000, 66538, 76634, 36414]"
120195,"[43075, 10844, 28831, 59118, 21281, 37893, 58878, 67461, 54809, 104388]"
120196,"[72194, 98868, 64582, 34607, 96736, 105878, 103696, 95564, 103827, 77037]"
120197,"[105206, 106866, 33106, 55201, 28891, 104059, 61264, 6612, 21571, 29683]"
120198,"[100254, 98694, 21773, 17146, 90504, 85437, 75262, 11497, 95310, 25947]"
120199,"[63521, 48324, 60494, 44170, 73496, 79626, 83973, 14123, 8397, 90810]"
120200,"[17363, 103905, 42914, 97650, 18154, 11221, 84654, 10079, 38431, 70276]"
120201,"[81443, 67997, 27705, 24601, 101395, 106473, 39389, 16546, 73731, 15182]"
120202,"[794, 48116, 50321, 5137, 22202, 44399, 66798, 78426, 93490, 88749]"
120203,"[5654, 74954, 1128, 29878, 100895, 44244, 73685, 65892, 38072, 35619]"
120204,"[72427, 108009, 84055, 7119, 67632, 29988, 94910, 97515, 22977, 34490]"
120205,"[103134, 50166, 9734, 8618, 43724, 65408, 28684, 87465, 31188, 36117]"
120206,"[101506, 74717, 34954, 1940, 89442, 94978, 49267, 79609, 95157, 1827]"
120207,"[39105, 32637, 92863, 13726, 89822, 39761, 3431, 15575, 105881, 30920]"
120208,"[51732, 21247, 61770, 25334, 14030, 49027, 3762, 73606, 98250, 75229]"
120209,"[42545, 95454, 53193, 12986, 92519, 37913, 84266, 16256, 38796, 14698]"
120210,"[62721, 51202, 14848, 3740, 72492, 37948, 23227, 55840, 8248, 97741]"
120211,"[96149, 100815, 101878, 71751, 105508, 35702, 540, 40520, 101053, 22696]"
120212,"[48623, 100131, 83128, 20165, 100356, 88152, 79464, 2304, 54927, 6167]"
120213,"[66320, 16121, 81652, 32413, 7262, 553, 8443, 99467, 85905, 26169]"
120214,"[19490, 91870, 37171, 87773, 82110, 5642, 77114, 33224, 68489, 52365]"
120215,"[88456, 94462, 19943, 58195, 12678, 86556, 65598, 1247, 50046, 103921]"
120216,"[70971, 2964, 108261, 97204, 2968, 108362, 20202, 12100, 39990, 49931]"
120217,"[29814, 94524, 41276, 58832, 36834, 13164, 104262, 61912, 12473, 93614]"
120218,"[43179, 14183, 61044, 96187, 101662, 40196, 58933, 66629, 17798, 77783]"
120219,"[81459, 14258, 36568, 20115, 48980, 6263, 104798, 12434, 54847, 106298]"
120220,"[44781, 33708, 94877, 52678, 36618, 106743, 89428, 677, 53531, 82865]"
120221,"[45449, 20687, 8683, 28870, 76742, 105850, 77273, 22366, 81578, 96148]"
120222,"[26243, 4970, 15893, 85349, 99217, 3130, 4390, 10873, 28438, 61306]"
120223,"[74432, 4868, 20770, 57417, 97278, 63497, 60956, 8791, 60406, 6965]"
120224,"[97541, 57007, 89917, 69347, 104389, 13707, 30007, 18659, 96562, 40919]"
120225,"[16835, 6529, 68542, 42823, 82345, 26487, 109020, 83676, 34961, 57671]"
120226,"[4575, 32658, 57256, 31291, 63654, 22046, 42787, 92289, 6799, 105331]"
120227,"[1262, 2273, 25038, 99820, 60214, 104328, 61005, 62816, 76007, 65864]"
120228,"[71649, 78897, 43110, 104338, 41275, 26457, 91887, 101188, 79379, 43122]"
120229,"[29270, 20609, 76819, 63788, 87780, 101338, 51247, 51155, 41888, 44251]"
120230,"[4625, 30567, 58002, 24950, 4396, 88931, 67176, 88911, 50118, 72320]"
120231,"[55290, 52454, 88859, 60178, 52764, 22774, 79301, 93656, 100319, 50638]"
120232,"[98707, 15348, 24953, 97684, 88660, 53643, 108067, 43379, 84943, 81630]"
120233,"[26924, 71499, 75162, 35021, 81498, 51786, 76911, 62515, 80227, 35600]"
120234,"[36988, 4379, 56288, 43920, 9372, 99221, 92834, 23341, 27581, 73177]"
120235,"[93769, 983, 101880, 101900, 88095, 79510, 47523, 47066, 41301, 35251]"
120236,"[25878, 1216, 103149, 51120, 42350, 9238, 84682, 75219, 5864, 18339]"
120237,"[105206, 19474, 106866, 21571, 6302, 96158, 100844, 55201, 95467, 67363]"
120238,"[19901, 76465, 81253, 85840, 20965, 73552, 9009, 89969, 19170, 51635]"
120239,"[4013, 43297, 66571, 26785, 66327, 45665, 92949, 517, 16677, 20573]"
120240,"[5697, 10607, 20846, 11959, 54357, 28956, 67062, 61182, 11046, 19675]"
120241,"[56703, 17248, 51335, 44976, 97112, 41326, 109554, 33097, 99178, 34584]"
120242,"[108229, 49560, 52052, 63052, 77351, 30017, 87421, 65161, 2423, 74191]"
120243,"[15057, 46818, 36256, 93353, 34616, 89022, 42902, 54390, 86591, 39121]"
120244,"[75986, 35426, 73402, 90127, 22662, 78252, 109484, 72231, 27592, 17126]"
120245,"[22268, 87280, 59978, 71949, 10593, 52091, 93995, 91793, 56933, 28908]"
120246,"[25501, 63539, 82491, 71012, 48113, 52137, 67817, 28423, 34542, 93057]"
120247,"[18717, 42911, 59748, 66276, 47525, 2762, 83520, 32287, 32578, 46471]"
120248,"[73367, 35962, 21552, 53285, 41169, 37882, 105127, 64809, 107228, 41498]"
120249,"[72370, 51251, 58298, 92796, 56601, 104393, 86181, 17565, 87004, 90316]"
120250,"[2556, 22175, 11565, 82776, 46826, 12797, 79215, 24714, 28554, 57086]"
120251,"[31453, 46024, 14466, 15058, 34952, 105490, 102516, 20116, 62044, 87732]"
120252,"[81409, 62237, 58781, 62593, 16866, 1567, 108654, 76201, 72397, 31282]"
120253,"[94894, 9055, 23702, 50190, 60589, 76982, 91068, 15733, 79106, 12941]"
120254,"[50470, 55640, 101140, 105263, 57198, 54018, 100701, 74873, 55684, 59461]"
120255,"[32594, 17414, 23888, 75428, 105129, 78615, 25812, 90653, 28498, 77027]"
120256,"[78587, 5802, 67771, 9486, 56198, 70775, 38749, 55386, 33011, 30733]"
120257,"[24608, 57744, 102327, 17229, 96641, 42812, 62553, 88321, 34781, 83721]"
120258,"[85047, 73455, 64091, 69344, 54051, 68388, 106343, 90733, 83084, 27765]"
120259,"[361, 81911, 76677, 74543, 32051, 75935, 27821, 52218, 57898, 31195]"
120260,"[55197, 2741, 70189, 14128, 27411, 61361, 77046, 75129, 78562, 8362]"
120261,"[66214, 39657, 65060, 36114, 5428, 39231, 54990, 109217, 27787, 90227]"
120262,"[33439, 98185, 67488, 48637, 19490, 33777, 87007, 75180, 46517, 25040]"
120263,"[406, 95783, 23061, 39434, 93662, 12536, 12301, 32673, 97857, 31816]"
120264,"[81925, 99543, 82238, 23799, 79697, 99188, 12921, 77346, 76640, 77197]"
120265,"[47671, 51351, 3300, 76486, 107889, 72205, 30198, 98171, 78861, 56514]"
120266,"[6449, 26311, 73039, 103078, 12144, 7818, 70646, 109257, 25863, 76150]"
120267,"[91812, 48285, 105541, 13326, 85081, 55430, 33522, 29484, 40720, 109364]"
120268,"[37235, 29160, 67676, 258, 86618, 29134, 88001, 29407, 11763, 75487]"
120269,"[97881, 86135, 60070, 70541, 100501, 86110, 45317, 12937, 12847, 8247]"
120270,"[9994, 754, 76954, 79595, 18197, 21064, 25809, 86351, 25593, 7744]"
120271,"[24181, 11910, 21892, 10891, 33791, 70082, 76762, 38139, 102271, 16164]"
120272,"[31587, 36852, 78585, 21784, 93767, 43166, 56606, 92167, 213, 50080]"
120273,"[92069, 25865, 55274, 105014, 24141, 55033, 81446, 85109, 48202, 70868]"
120274,"[59025, 81580, 7829, 42078, 2121, 108127, 5987, 102140, 31068, 10480]"
120275,"[91891, 108817, 104064, 48632, 109736, 7861, 26925, 43935, 43192, 50541]"
120276,"[30979, 68511, 25792, 100099, 45061, 43249, 24746, 98621, 33820, 90800]"
120277,"[59695, 92649, 10907, 81135, 76317, 74754, 28639, 73231, 1021, 70952]"
120278,"[82639, 109261, 72837, 68844, 23128, 60804, 14210, 55942, 99116, 70097]"
120279,"[102271, 40091, 93600, 106669, 33955, 19461, 7224, 94052, 7151, 65527]"
120280,"[96977, 104655, 18530, 68538, 3987, 105939, 9636, 25987, 105990, 25125]"
120281,"[14476, 46791, 19339, 89394, 18063, 65778, 86857, 100907, 10158, 64957]"
120282,"[22783, 96844, 98593, 81501, 4938, 82122, 32006, 12969, 53607, 38846]"
120283,"[56039, 83090, 18651, 18604, 107693, 81931, 80050, 89300, 3997, 104325]"
120284,"[92668, 51844, 65667, 44018, 95644, 39328, 77627, 17172, 24303, 13984]"
120285,"[40208, 98272, 62123, 3513, 63538, 17928, 69064, 25046, 82683, 106220]"
120286,"[18280, 6564, 11444, 7529, 69735, 47631, 60752, 95458, 74362, 16578]"
120287,"[39669, 61697, 45273, 42317, 108891, 60975, 100394, 10618, 89169, 311]"
120288,"[107217, 639, 83554, 71831, 35926, 54347, 9873, 75961, 29925, 7209]"
120289,"[1597, 57645, 21829, 38082, 98892, 9024, 10808, 97684, 33472, 11209]"
120290,"[55560, 103634, 38496, 109557, 67201, 37502, 20534, 103421, 7809, 99875]"
120291,"[29421, 101267, 27295, 52168, 77520, 23209, 63557, 41185, 21717, 68422]"
120292,"[89039, 86963, 75195, 55378, 99606, 27147, 107940, 103896, 38221, 102014]"
120293,"[23526, 50280, 23930, 33318, 49987, 93970, 1432, 52708, 97522, 1332]"
120294,"[9914, 99399, 49334, 871, 80867, 63703, 80302, 26254, 61254, 18184]"
120295,"[4781, 86482, 27293, 79178, 2707, 60759, 10913, 70577, 6673, 13108]"
120296,"[56882, 829, 105442, 2127, 2215, 99045, 48469, 79481, 108118, 104800]"
120297,"[67901, 73109, 108702, 92681, 47426, 58730, 45676, 31508, 94895, 70343]"
120298,"[18579, 34339, 38311, 92383, 46809, 17420, 55795, 30877, 78827, 32088]"
120299,"[82845, 87584, 81628, 72579, 106986, 11612, 89592, 22793, 51086, 85159]"
120300,"[75754, 109714, 60688, 74743, 61175, 38519, 27118, 94715, 11047, 48660]"
120301,"[77054, 25649, 11848, 30775, 53440, 32642, 74961, 74190, 60020, 41539]"
120302,"[90511, 101904, 48197, 79561, 36529, 8555, 19789, 33574, 55862, 81213]"
120303,"[78258, 107229, 48336, 49598, 47470, 21620, 83400, 79068, 7769, 79963]"
120304,"[8047, 79544, 12990, 88228, 88651, 101256, 48523, 74541, 99285, 75965]"
120305,"[76262, 44276, 21088, 1353, 87251, 75983, 70602, 68927, 50329, 34595]"
120306,"[13527, 82243, 18167, 35325, 106002, 61417, 83856, 104132, 105515, 53356]"
120307,"[35907, 72724, 62961, 70219, 40842, 100655, 24782, 85434, 76472, 23780]"
120308,"[59393, 34565, 51656, 8224, 51569, 44158, 15558, 59894, 72363, 17281]"
120309,"[64373, 41728, 4503, 94420, 51302, 20499, 61687, 103322, 70759, 36060]"
120310,"[51364, 30008, 92045, 106951, 13341, 37956, 60631, 76788, 107084, 42017]"
120311,"[103556, 53872, 5487, 68686, 68729, 109665, 17679, 65599, 37116, 13763]"
120312,"[36206, 84356, 76576, 61630, 10591, 95710, 8356, 67161, 666, 102380]"
120313,"[45565, 105324, 515, 24252, 98444, 70961, 69560, 18149, 23330, 14284]"
120314,"[25248, 81691, 44669, 25502, 42291, 82692, 30484, 64878, 41046, 87824]"
120315,"[94485, 87985, 23827, 40519, 57420, 9465, 30633, 33976, 107727, 41192]"
120316,"[18490, 48627, 12771, 43392, 81944, 6351, 76384, 102969, 54494, 61362]"
120317,"[51891, 5963, 12026, 9237, 24168, 51229, 8826, 48026, 87324, 62763]"
120318,"[14350, 72204, 20267, 97719, 106782, 76455, 77389, 89282, 46909, 53562]"
120319,"[63400, 98808, 26706, 72269, 59830, 97136, 7373, 47404, 39825, 103221]"
120320,"[102237, 45470, 56529, 96905, 1132, 49141, 10011, 12181, 74292, 36818]"
120321,"[53991, 100268, 50753, 69056, 78968, 82200, 52910, 3698, 8535, 15454]"
120322,"[97802, 12901, 57875, 31740, 25149, 66397, 51931, 50234, 78535, 6455]"
120323,"[67008, 29067, 30329, 89310, 81512, 51412, 54804, 42360, 11696, 47910]"
120324,"[20559, 89826, 54151, 77541, 90780, 36177, 54525, 38291, 95285, 67874]"
120325,"[108864, 96021, 62455, 38445, 106589, 92046, 104287, 103940, 69828, 30503]"
120326,"[28971, 20789, 69986, 19174, 100079, 103159, 47966, 84712, 24894, 26506]"
120327,"[48134, 77023, 27710, 20414, 43027, 84947, 81429, 63279, 26139, 101247]"
120328,"[10861, 45823, 82719, 59801, 26226, 10604, 6591, 90501, 77449, 16817]"
120329,"[77075, 72497, 80966, 38065, 12838, 27729, 83950, 105795, 80138, 22290]"
120330,"[109420, 76014, 48129, 69016, 23898, 75858, 5182, 59810, 17280, 15419]"
120331,"[10246, 49659, 93106, 6826, 62075, 10126, 46391, 44228, 64526, 16766]"
120332,"[79042, 85569, 47223, 100697, 48578, 59625, 98677, 96635, 101106, 15271]"
120333,"[99349, 1606, 88423, 108862, 49494, 53886, 54268, 32099, 57609, 30736]"
120334,"[39162, 73305, 81891, 49138, 55101, 96063, 9186, 39112, 17748, 38316]"
120335,"[45848, 50707, 38761, 10904, 80795, 91153, 61876, 73406, 12845, 5552]"
120336,"[4391, 81168, 82857, 8883, 16389, 73825, 56535, 60200, 35709, 30897]"
120337,"[93609, 61276, 81620, 35567, 66216, 23833, 38492, 67595, 102938, 2118]"
120338,"[7579, 79928, 76302, 8819, 66441, 56604, 41223, 56241, 56012, 105585]"
120339,"[57056, 81279, 90032, 88986, 46015, 17654, 72727, 36669, 98849, 22190]"
120340,"[70537, 96296, 76591, 17417, 62022, 3215, 52926, 63495, 16630, 98126]"
120341,"[18762, 47858, 80122, 87839, 45519, 33057, 87218, 1942, 32053, 24402]"
120342,"[1933, 35306, 612, 39102, 76497, 97143, 99262, 11470, 31217, 98406]"
120343,"[73598, 16204, 156, 95396, 76571, 74010, 56058, 96586, 35705, 36900]"
120344,"[94312, 70783, 57406, 11253, 106300, 33434, 19011, 23418, 80, 66348]"
120345,"[35136, 100992, 70240, 6525, 47053, 63257, 67208, 38837, 55461, 9090]"
120346,"[22735, 41152, 106476, 65820, 28988, 91888, 58364, 77537, 104415, 64628]"
120347,"[9937, 108491, 93181, 66466, 67876, 73751, 60919, 22746, 73898, 80907]"
120348,"[4991, 54537, 10865, 52900, 53573, 89221, 3692, 44634, 64788, 63784]"
120349,"[101850, 4588, 103112, 41884, 61992, 25968, 85978, 64614, 43960, 72369]"
120350,"[72636, 53139, 11319, 44771, 64809, 10494, 67358, 23589, 57233, 33460]"
120351,"[103059, 17231, 92952, 13218, 29774, 57618, 40518, 15082, 41824, 59031]"
120352,"[15652, 53662, 95122, 72100, 21220, 106879, 109394, 109521, 36656, 6985]"
120353,"[8064, 29983, 40160, 5617, 12842, 84532, 4382, 70526, 107527, 88650]"
120354,"[50488, 84133, 59923, 88084, 90241, 68602, 98407, 29983, 5309, 63407]"
120355,"[54374, 47908, 96870, 11963, 60504, 30219, 15424, 106691, 6729, 4318]"
120356,"[84933, 46449, 49175, 63580, 10140, 52965, 79747, 66252, 27917, 74624]"
120357,"[15974, 83375, 86653, 103240, 22914, 88963, 44707, 102372, 67572, 1062]"
120358,"[78439, 83595, 22383, 55860, 95108, 106198, 54457, 27059, 99458, 12225]"
120359,"[82017, 23896, 45328, 37935, 2676, 69430, 91879, 16984, 106658, 30149]"
120360,"[55335, 61520, 77123, 64490, 78522, 38126, 31806, 24397, 20876, 2747]"
120361,"[16107, 28803, 73503, 97134, 85914, 28084, 24737, 96013, 37132, 2175]"
120362,"[89543, 78073, 99108, 33676, 105793, 103641, 64193, 60677, 80023, 26208]"
120363,"[57462, 16682, 95740, 4762, 16619, 29986, 93812, 32265, 45446, 67561]"
120364,"[16067, 19880, 10979, 18642, 10022, 37062, 40985, 6876, 1912, 51260]"
120365,"[96290, 22666, 55082, 68618, 4709, 26497, 84647, 93073, 12547, 99516]"
120366,"[40311, 95197, 102669, 57632, 20902, 79026, 19355, 23825, 44629, 59617]"
120367,"[72353, 71257, 57123, 89357, 38218, 101278, 44359, 62162, 14525, 5477]"
120368,"[69413, 76068, 14718, 95697, 83588, 33241, 89750, 74366, 4090, 50255]"
120369,"[49817, 33586, 9323, 16763, 21231, 67543, 52753, 35842, 37993, 12405]"
120370,"[34728, 77199, 6921, 16460, 37574, 94481, 17457, 78592, 1700, 107997]"
120371,"[108769, 96394, 22468, 14319, 64440, 57961, 99647, 103613, 101490, 17740]"
120372,"[11264, 85214, 91077, 70194, 16656, 36315, 21986, 87303, 59575, 106137]"
120373,"[24554, 86808, 12918, 5528, 57436, 21592, 51568, 59218, 8730, 18528]"
120374,"[69621, 24707, 9251, 8932, 50107, 78108, 16371, 96293, 91700, 37826]"
120375,"[6512, 29464, 17409, 88314, 45719, 73072, 104331, 30715, 27809, 61208]"
120376,"[7779, 1475, 24769, 78388, 2648, 30899, 56243, 16951, 8870, 59558]"
120377,"[34728, 65417, 17457, 106799, 87234, 27204, 73719, 80332, 68128, 26156]"
120378,"[66873, 30815, 43270, 82690, 31099, 7588, 16520, 37893, 14309, 39039]"
120379,"[5556, 86180, 83800, 68944, 54763, 47127, 15702, 62045, 81187, 88129]"
120380,"[38287, 8595, 27194, 56578, 27275, 90851, 108065, 101516, 97786, 13642]"
120381,"[61380, 56753, 45322, 42351, 92369, 72514, 33064, 25452, 62115, 29728]"
120382,"[39426, 108588, 30624, 30443, 85601, 75493, 99211, 97098, 23694, 28923]"
120383,"[11613, 100956, 34494, 98005, 77438, 97181, 101207, 62165, 37762, 39158]"
120384,"[82433, 12360, 104457, 2598, 63323, 32996, 23322, 26023, 76793, 70874]"
120385,"[124, 36282, 2157, 109448, 62499, 87368, 70484, 80664, 28941, 1051]"
120386,"[102811, 47718, 105336, 81003, 69329, 32970, 64569, 46811, 69479, 101138]"
120387,"[26199, 37505, 77006, 29225, 67767, 9566, 92812, 13662, 62133, 14223]"
120388,"[81964, 87607, 67481, 70846, 42630, 84564, 10549, 49669, 22803, 9184]"
120389,"[27955, 28422, 21724, 91103, 1367, 74584, 95136, 17840, 17605, 42855]"
120390,"[43236, 51136, 52034, 32865, 4618, 32987, 34136, 28961, 68229, 66219]"
120391,"[74228, 30085, 102351, 101497, 56627, 104996, 20531, 19982, 54811, 40236]"
120392,"[35864, 33608, 96229, 93793, 3442, 24232, 44845, 53270, 20621, 3386]"
120393,"[32871, 86893, 34815, 108256, 87152, 98910, 85646, 28499, 62882, 70507]"
120394,"[44048, 62048, 88744, 18469, 86793, 68660, 106121, 23912, 74864, 26064]"
120395,"[45529, 14307, 22268, 12200, 86502, 46816, 38325, 45473, 3352, 52091]"
120396,"[109575, 97583, 97473, 80044, 31801, 26002, 21775, 109572, 107444, 103681]"
120397,"[67935, 93088, 4701, 45264, 77410, 15312, 42409, 42187, 21383, 85029]"
120398,"[34843, 49366, 4351, 107248, 6597, 15840, 97998, 58687, 72084, 66140]"
120399,"[18241, 23117, 30967, 38285, 16941, 92687, 69916, 60949, 4845, 91873]"
120400,"[76573, 52116, 31503, 91798, 61325, 75160, 50875, 90814, 64337, 27401]"
120401,"[75738, 5873, 93780, 40195, 60735, 34719, 5320, 76568, 43351, 65709]"
120402,"[65594, 91146, 92155, 73230, 81737, 105086, 54336, 12366, 21301, 5240]"
120403,"[67389, 34738, 106095, 80183, 4824, 96549, 57776, 43869, 70655, 56390]"
120404,"[7997, 21689, 12010, 65427, 35945, 90247, 93607, 27802, 82939, 13037]"
120405,"[65819, 9154, 26705, 57080, 12245, 70392, 103874, 49681, 62483, 77430]"
120406,"[2000, 6319, 101508, 4057, 25175, 7051, 66982, 57750, 14550, 67741]"
120407,"[25488, 16586, 68442, 27586, 24936, 81570, 52976, 103409, 69964, 20248]"
120408,"[16885, 81298, 32475, 29590, 58322, 7624, 63242, 24841, 3702, 92916]"
120409,"[100817, 103044, 57542, 26845, 51148, 15015, 13037, 11555, 70011, 11448]"
120410,"[57640, 38254, 73203, 5146, 48468, 98250, 75229, 52332, 66193, 30793]"
120411,"[32207, 28717, 26345, 98725, 7310, 58120, 6251, 28357, 29753, 68964]"
120412,"[8152, 11761, 39848, 52409, 75573, 94577, 21489, 105540, 21803, 82706]"
120413,"[108405, 30155, 26563, 50480, 59776, 61992, 107919, 956, 8907, 108523]"
120414,"[11447, 107762, 86300, 68255, 37630, 40531, 30918, 85608, 100962, 67835]"
120415,"[50540, 26879, 23131, 66629, 30912, 2602, 4067, 43254, 18014, 1573]"
120416,"[53257, 91965, 45308, 101168, 29840, 103920, 74534, 107611, 34071, 77090]"
120417,"[95459, 26635, 77777, 92069, 798, 26973, 37883, 30445, 55479, 52449]"
120418,"[40746, 58479, 19791, 56139, 45696, 22957, 37398, 91314, 108903, 92556]"
120419,"[11508, 34622, 46356, 69896, 108365, 35627, 8907, 36632, 34733, 82969]"
120420,"[72254, 28640, 79701, 107953, 59541, 5161, 87343, 104522, 2851, 19897]"
120421,"[73052, 44965, 58772, 16435, 100829, 79933, 5499, 48865, 9048, 104033]"
120422,"[64290, 1314, 89989, 13676, 88917, 26747, 65233, 50664, 2851, 91662]"
120423,"[69935, 82534, 36641, 29172, 39497, 97289, 79219, 57529, 26383, 49218]"
120424,"[65384, 24806, 36707, 55267, 1105, 93422, 50721, 14955, 11779, 86419]"
120425,"[45803, 36802, 40378, 103632, 73118, 74385, 93482, 15423, 108566, 8282]"
120426,"[94744, 105889, 62839, 72555, 75566, 86064, 10798, 67880, 41896, 95899]"
120427,"[46828, 36620, 87430, 77301, 64070, 33663, 69119, 51857, 14322, 86037]"
120428,"[60510, 41654, 9561, 5959, 103504, 29129, 45087, 36212, 92121, 52075]"
120429,"[91623, 25701, 7986, 106353, 98504, 18539, 72926, 2962, 63760, 96869]"
120430,"[26647, 21342, 65417, 1700, 31489, 107997, 72119, 66185, 33181, 75709]"
120431,"[61603, 64617, 73672, 101096, 3356, 84897, 83715, 76552, 82395, 74595]"
120432,"[55934, 60249, 52711, 63726, 4432, 71052, 43933, 12020, 42501, 6431]"
120433,"[39266, 71233, 58825, 7772, 55870, 78069, 47488, 16487, 71599, 85159]"
120434,"[76442, 109641, 34429, 47108, 3679, 71473, 23275, 30867, 90974, 45784]"
120435,"[84413, 67780, 17080, 52616, 20183, 28335, 68369, 89370, 97379, 33901]"
120436,"[59149, 60555, 55673, 88605, 95782, 40168, 14907, 25707, 60151, 3917]"
120437,"[34009, 105034, 79268, 72761, 42191, 109060, 96039, 72292, 71096, 26270]"
120438,"[65666, 25374, 74908, 92966, 21728, 77128, 79387, 74668, 7485, 99015]"
120439,"[5742, 15554, 100339, 19556, 49704, 99549, 97773, 33425, 63630, 86591]"
120440,"[28907, 30047, 37969, 103466, 6386, 1986, 99396, 93635, 21555, 89403]"
120441,"[82685, 97239, 75719, 1818, 499, 8706, 100795, 64774, 43166, 26745]"
120442,"[45697, 19800, 4816, 104145, 85729, 81855, 2723, 65272, 1974, 62128]"
120443,"[16546, 81443, 67997, 61218, 38460, 48037, 63472, 984, 11757, 98943]"
120444,"[17125, 72922, 12673, 63509, 23636, 23996, 104156, 47378, 29708, 88846]"
120445,"[58486, 60441, 75134, 79746, 73394, 92088, 2877, 72199, 23833, 108214]"
120446,"[55138, 16321, 15634, 77346, 82563, 79529, 7623, 82238, 23799, 3969]"
120447,"[33441, 26479, 69375, 81171, 73712, 92395, 47963, 55160, 89643, 85473]"
120448,"[10816, 29632, 5776, 4974, 66933, 14584, 76717, 53436, 100056, 90953]"
120449,"[56261, 21396, 104907, 81757, 86830, 94248, 28861, 73903, 90227, 92468]"
120450,"[27012, 30243, 94219, 65833, 95838, 45354, 35714, 81833, 21889, 83216]"
120451,"[24754, 14485, 2993, 99900, 40312, 30118, 109761, 12611, 69393, 90587]"
120452,"[34988, 43939, 55456, 99631, 11241, 59256, 47990, 40679, 31098, 88075]"
120453,"[81606, 70178, 13683, 63201, 23134, 21249, 95076, 1641, 106660, 53557]"
120454,"[37749, 31433, 105769, 77436, 12102, 95554, 107031, 38762, 88559, 99915]"
120455,"[13284, 47790, 55864, 104947, 71390, 92206, 72020, 104010, 59602, 5979]"
120456,"[79999, 103433, 71615, 59958, 88352, 37018, 67099, 81038, 17072, 92567]"
120457,"[33641, 75658, 36588, 108222, 28099, 62244, 77494, 108045, 88392, 47663]"
120458,"[92247, 61805, 105506, 8763, 60946, 9639, 65367, 19414, 103777, 56397]"
120459,"[106642, 3512, 64851, 79565, 50664, 65063, 99348, 1314, 75679, 104486]"
120460,"[21561, 41533, 67798, 27842, 91095, 46082, 23678, 101756, 38386, 59860]"
120461,"[43861, 58915, 90014, 61356, 90754, 9213, 13026, 82108, 71556, 69731]"
120462,"[14939, 39141, 38225, 89112, 74898, 106843, 42798, 22537, 28107, 6838]"
120463,"[36027, 40547, 31097, 70888, 89739, 102207, 69096, 107721, 25999, 48496]"
120464,"[107649, 75961, 84696, 35926, 81853, 16598, 20409, 108448, 70937, 1068]"
120465,"[96266, 17342, 95575, 89722, 46121, 67867, 65657, 6530, 76145, 14385]"
120466,"[6827, 61927, 74309, 26047, 26720, 104424, 56649, 105709, 88703, 107756]"
120467,"[67832, 108493, 37538, 92554, 84504, 52011, 2803, 34249, 1785, 103506]"
120468,"[19567, 24637, 86705, 35731, 89319, 88718, 73589, 41590, 71364, 103691]"
120469,"[69936, 19158, 95829, 94402, 91947, 86842, 94044, 108024, 83825, 81835]"
120470,"[35046, 82976, 23038, 69331, 10154, 13514, 58634, 86184, 69180, 76837]"
120471,"[32180, 70966, 6993, 29803, 83141, 46897, 70575, 107410, 73281, 48101]"
120472,"[98437, 70359, 40733, 47911, 46197, 44834, 106433, 51631, 84956, 42273]"
120473,"[34083, 19534, 32585, 61680, 35536, 35192, 5062, 95813, 18681, 98767]"
120474,"[46526, 44987, 64088, 88030, 50339, 96947, 20619, 79750, 31536, 6388]"
120475,"[92398, 12469, 101603, 88711, 98991, 988, 87642, 9942, 100622, 87562]"
120476,"[54757, 21397, 74962, 15486, 54116, 46537, 99818, 87143, 24229, 56187]"
120477,"[88995, 86247, 20199, 77725, 83854, 48522, 77047, 100609, 11374, 72295]"
120478,"[59734, 62597, 106834, 76104, 15243, 10822, 77131, 105938, 35074, 3721]"
120479,"[23139, 78125, 76939, 34121, 103923, 37354, 32532, 22871, 32536, 28686]"
120480,"[94491, 23303, 62709, 30816, 75640, 52929, 74748, 98166, 23918, 10121]"
120481,"[27872, 104588, 31428, 74389, 99534, 25380, 76924, 100657, 5095, 14191]"
120482,"[39196, 39824, 87127, 80053, 41253, 10045, 63724, 75977, 89166, 39111]"
120483,"[77061, 108921, 95967, 94093, 102603, 40298, 44573, 19542, 86515, 36752]"
120484,"[95612, 53762, 34600, 57219, 51400, 105940, 43517, 97348, 63902, 83897]"
120485,"[18584, 80859, 106008, 87048, 42996, 95400, 75924, 45046, 50374, 62170]"
120486,"[68590, 108300, 88005, 109433, 108856, 97, 50477, 23032, 50118, 54488]"
120487,"[29474, 72050, 21419, 106502, 73936, 60106, 40405, 86834, 6143, 33963]"
120488,"[91135, 104971, 24829, 49133, 67775, 100475, 96492, 45429, 58122, 34033]"
120489,"[81551, 20562, 44541, 19478, 56062, 79021, 5174, 20862, 51754, 25791]"
120490,"[105429, 39744, 44462, 43968, 41249, 20152, 97425, 101449, 86102, 41624]"
120491,"[72848, 49894, 60047, 28030, 27504, 41058, 27296, 102686, 24673, 71322]"
120492,"[67173, 71256, 52195, 104992, 42222, 85840, 25459, 31749, 64930, 5589]"
120493,"[37968, 54378, 84738, 47030, 81816, 4302, 74330, 3135, 74884, 93387]"
120494,"[28958, 66641, 26291, 106347, 102994, 48570, 91261, 42501, 95844, 99475]"
120495,"[16951, 56243, 102601, 105374, 82208, 67523, 58184, 69770, 28707, 79958]"
120496,"[78694, 42640, 25634, 19581, 41573, 80408, 85745, 80039, 65235, 8512]"
120497,"[25608, 62028, 108497, 51067, 99544, 41918, 52000, 83420, 106199, 59295]"
120498,"[16865, 12418, 39815, 75374, 81938, 59550, 81674, 107761, 91433, 90616]"
120499,"[35754, 19520, 73309, 51684, 79174, 52694, 86149, 90871, 64679, 72690]"
120500,"[54266, 45248, 3352, 19122, 13825, 21812, 33858, 52127, 93798, 96167]"
120501,"[36958, 94528, 88429, 40979, 89520, 71807, 84368, 4446, 4886, 95435]"
120502,"[74136, 87102, 51952, 96441, 107525, 51892, 88326, 12548, 98466, 77862]"
120503,"[10019, 29462, 46480, 95999, 123, 99905, 102142, 104853, 71188, 100024]"
120504,"[64890, 27529, 104867, 104331, 12922, 18526, 81880, 11550, 88314, 31667]"
120505,"[20363, 70542, 40446, 52385, 85500, 56048, 8944, 83664, 64510, 19819]"
120506,"[79397, 69024, 95052, 18365, 22455, 60946, 80378, 16447, 75931, 63615]"
120507,"[63339, 57535, 12028, 7425, 83081, 84277, 70630, 58051, 31651, 83472]"
120508,"[13480, 95967, 3157, 40298, 44573, 19337, 36752, 86349, 92280, 36476]"
120509,"[34555, 1032, 37248, 76688, 108372, 103751, 43291, 59928, 71523, 26158]"
120510,"[38112, 86151, 33131, 39905, 53876, 33217, 66300, 51960, 51786, 34351]"
120511,"[32399, 75469, 99056, 97523, 62428, 90342, 56409, 11446, 73290, 27352]"
120512,"[55547, 57176, 35192, 108989, 50455, 61680, 32598, 38644, 96413, 95940]"
120513,"[96725, 91634, 74332, 4302, 74330, 79809, 67907, 109288, 1493, 99844]"
120514,"[25459, 31749, 88442, 35927, 23058, 96079, 51293, 1255, 72687, 3864]"
120515,"[79763, 27360, 51958, 779, 35385, 27049, 48634, 62264, 97210, 93406]"
120516,"[88979, 56106, 57518, 21440, 27109, 30827, 46884, 90772, 63207, 4889]"
120517,"[59284, 103205, 90446, 23359, 56742, 32012, 6562, 41487, 10691, 72216]"
120518,"[14697, 14910, 64165, 32745, 3573, 87573, 968, 82071, 46647, 14493]"
120519,"[52787, 15037, 89554, 36724, 108724, 84275, 87602, 37314, 92601, 87933]"
120520,"[98887, 15473, 72314, 57610, 88705, 17605, 42855, 101781, 1783, 7932]"
120521,"[75254, 56906, 11666, 62866, 23566, 79282, 89827, 82290, 37746, 23211]"
120522,"[64684, 61964, 49868, 53967, 9402, 109204, 66867, 72778, 47481, 2828]"
120523,"[18983, 45609, 32691, 99762, 106218, 4270, 44242, 75921, 55324, 52203]"
120524,"[88677, 65280, 90012, 77228, 83282, 293, 75243, 103595, 78195, 86806]"
120525,"[94994, 23436, 43638, 38910, 80425, 29025, 74359, 25622, 55197, 53504]"
120526,"[42407, 50107, 21450, 16306, 23182, 67530, 49493, 64364, 40981, 43317]"
120527,"[95370, 28653, 5249, 80409, 86806, 6130, 92291, 106420, 65268, 53546]"
120528,"[67664, 76241, 51290, 2227, 38410, 59991, 54834, 57318, 106403, 51734]"
120529,"[79458, 105639, 102967, 99019, 59906, 90022, 83538, 67437, 99465, 2505]"
120530,"[63325, 7406, 17622, 24533, 71839, 85571, 3729, 6272, 105449, 60412]"
120531,"[75621, 3785, 56056, 36269, 97590, 72574, 8168, 67449, 73341, 95373]"
120532,"[101085, 93415, 40949, 37563, 84994, 89051, 41893, 20446, 27422, 50686]"
120533,"[104623, 10715, 80272, 36527, 1979, 12700, 92657, 9959, 95182, 91605]"
120534,"[47375, 26048, 14472, 2583, 48313, 54321, 59863, 48811, 49320, 16093]"
120535,"[39528, 105806, 71744, 2038, 15670, 104621, 41962, 21390, 33055, 40571]"
120536,"[45785, 64222, 37619, 92592, 74125, 105333, 3535, 50370, 58293, 18496]"
120537,"[74342, 38861, 28330, 6346, 28593, 94288, 62490, 50437, 74270, 16867]"
120538,"[59354, 90616, 3214, 68718, 103450, 33210, 51645, 6712, 93910, 41828]"
120539,"[55061, 94365, 96202, 90039, 100946, 25627, 76776, 2515, 39518, 100918]"
120540,"[54210, 80223, 18953, 29982, 60417, 60302, 31495, 9671, 60583, 68082]"
120541,"[79425, 85796, 99997, 44500, 76739, 25344, 69176, 71964, 18635, 905]"
120542,"[49389, 76277, 2464, 1597, 105905, 72166, 49816, 101535, 85002, 25052]"
120543,"[1761, 3901, 96384, 84618, 66337, 67645, 83026, 16892, 70690, 104556]"
120544,"[70626, 2785, 83800, 101075, 65228, 99204, 35137, 19953, 84108, 51263]"
120545,"[51139, 76779, 9849, 62683, 8667, 57284, 91123, 83397, 67677, 31605]"
120546,"[60466, 60915, 39387, 93851, 98222, 59081, 73464, 38152, 49996, 100211]"
120547,"[62113, 5789, 96526, 93505, 76326, 76009, 25971, 38467, 74761, 21721]"
120548,"[94785, 93673, 81841, 13328, 20075, 61981, 43760, 6621, 5670, 66824]"
120549,"[98151, 45163, 8034, 61224, 93387, 74884, 28284, 96045, 11505, 28676]"
120550,"[68936, 70765, 106490, 49342, 73818, 75613, 67475, 45615, 22000, 100796]"
120551,"[97961, 20747, 2385, 83752, 55187, 64705, 69566, 103494, 82919, 15364]"
120552,"[16815, 54650, 18523, 21981, 23754, 56103, 29656, 53396, 23546, 67681]"
120553,"[66502, 84064, 33175, 86580, 78945, 84368, 35285, 4273, 95435, 83599]"
120554,"[59547, 21050, 68948, 17670, 41311, 4167, 9223, 24830, 65109, 33227]"
120555,"[6813, 31372, 93072, 77129, 95066, 14989, 107120, 55356, 38701, 54767]"
120556,"[4237, 22268, 44091, 38903, 109254, 52683, 54313, 22933, 38998, 68418]"
120557,"[29742, 90400, 92174, 33743, 41925, 38607, 63008, 61928, 65639, 94483]"
120558,"[16178, 38706, 109210, 58789, 4744, 70900, 80725, 62511, 50276, 15668]"
120559,"[51140, 63114, 92045, 87210, 4440, 60842, 80462, 64228, 105732, 99429]"
120560,"[44008, 83892, 26137, 92425, 83295, 108585, 69662, 17075, 36742, 104864]"
120561,"[27105, 98197, 85513, 35364, 106485, 30299, 44188, 70034, 77262, 51450]"
120562,"[41, 99381, 57450, 68532, 76865, 106012, 7036, 86069, 23015, 41115]"
120563,"[65448, 44625, 48589, 33675, 47031, 107702, 87644, 64099, 12654, 33857]"
120564,"[63805, 80739, 26888, 31909, 109298, 35538, 26501, 5458, 40715, 80888]"
120565,"[23342, 46349, 16661, 58501, 76360, 91774, 42774, 4708, 55123, 107899]"
120566,"[52598, 27065, 37957, 41909, 95906, 67068, 29599, 19949, 57052, 56939]"
120567,"[76294, 53592, 35673, 26855, 87744, 106419, 75089, 31847, 17948, 32559]"
120568,"[10490, 8190, 98463, 94827, 15283, 35815, 33612, 75170, 34484, 109305]"
120569,"[47111, 105140, 82935, 96761, 92828, 80320, 106033, 72940, 54999, 29993]"
120570,"[76862, 23805, 42156, 106405, 66703, 94176, 97700, 53795, 43634, 34914]"
120571,"[63167, 103710, 30825, 59560, 31266, 102176, 63617, 62428, 5842, 95476]"
120572,"[47100, 72279, 76663, 3509, 10949, 81773, 30947, 27906, 6909, 9861]"
120573,"[60700, 101423, 100815, 97525, 48447, 18560, 90016, 11151, 92398, 100530]"
120574,"[25644, 74434, 46078, 107279, 41469, 94542, 66583, 103406, 31172, 60697]"
120575,"[54900, 26501, 12666, 102975, 63805, 33054, 5458, 17826, 67450, 19247]"
120576,"[99105, 15459, 469, 52445, 69617, 25466, 14973, 56917, 84805, 91949]"
120577,"[38234, 34008, 18418, 56800, 17150, 13363, 78201, 66147, 45099, 59480]"
120578,"[67131, 103955, 68920, 71791, 9694, 7953, 85169, 93013, 20081, 80180]"
120579,"[67431, 97200, 45416, 75016, 47848, 79692, 36337, 31142, 63139, 44893]"
120580,"[14011, 39532, 108830, 79199, 16068, 37373, 19888, 60759, 2707, 6673]"
120581,"[50794, 45189, 95252, 42713, 82374, 102616, 56306, 66699, 7957, 87538]"
120582,"[14418, 59554, 13071, 40121, 69695, 7637, 23190, 83046, 30178, 72196]"
120583,"[43794, 89904, 53169, 74324, 69747, 90341, 19767, 75864, 85825, 30755]"
120584,"[76268, 12934, 19290, 36991, 83254, 100985, 77666, 39353, 91012, 88940]"
120585,"[61355, 6758, 2097, 83919, 10314, 7924, 8894, 11132, 81546, 75957]"
120586,"[48865, 97469, 100829, 73052, 102241, 104819, 94334, 5499, 95749, 9048]"
120587,"[52490, 96194, 20234, 60075, 108274, 33534, 39517, 74075, 49126, 43752]"
120588,"[58672, 45305, 97338, 48390, 12177, 31059, 20155, 24156, 38654, 34356]"
120589,"[22383, 9352, 108427, 88033, 11379, 106198, 26809, 90307, 12225, 26219]"
120590,"[17753, 54233, 31010, 13390, 15676, 24421, 28057, 67036, 92613, 95009]"
120591,"[8193, 52059, 63559, 38427, 109282, 92169, 106092, 11339, 90875, 47549]"
120592,"[39697, 37026, 57231, 80521, 36849, 40438, 66465, 50731, 27923, 22528]"
120593,"[23492, 102210, 378, 56327, 108944, 3207, 104330, 77484, 37947, 69148]"
120594,"[4725, 102720, 93639, 95137, 28061, 78148, 85473, 43964, 47010, 25971]"
120595,"[109171, 22859, 88609, 52663, 88916, 106350, 86725, 59998, 40135, 17656]"
120596,"[12919, 316, 60840, 106217, 14192, 76761, 76454, 89531, 4060, 47158]"
120597,"[17739, 83433, 82995, 15305, 99112, 85939, 20008, 66789, 43056, 73743]"
120598,"[33291, 24972, 78939, 20093, 64313, 59007, 80360, 31057, 19475, 31185]"
120599,"[37437, 64837, 86259, 23763, 54593, 75376, 22026, 105028, 15340, 43311]"
120600,"[79001, 78215, 58726, 72038, 40019, 29362, 28830, 87414, 93732, 37214]"
120601,"[88198, 58253, 100442, 102332, 50594, 81085, 106316, 44574, 92847, 28177]"
120602,"[108841, 48625, 39557, 28848, 59427, 100333, 16984, 208, 26677, 26671]"
120603,"[90593, 102404, 93383, 89109, 3557, 50650, 54868, 92114, 5323, 96366]"
120604,"[100901, 2230, 87132, 28953, 105236, 86681, 83052, 87292, 82889, 31074]"
120605,"[86961, 106564, 40034, 12698, 26479, 32139, 70458, 97459, 24324, 106944]"
120606,"[30382, 106480, 81563, 12096, 86564, 8424, 85924, 52867, 8766, 22305]"
120607,"[30363, 46436, 72539, 68662, 89238, 77210, 22343, 62144, 64496, 4553]"
120608,"[10826, 87521, 48053, 43851, 82623, 16599, 27132, 109580, 23315, 43105]"
120609,"[15183, 108278, 107690, 49722, 35397, 31785, 61418, 46098, 79213, 94109]"
120610,"[85261, 105741, 54714, 80742, 49346, 45693, 81459, 46580, 106298, 1296]"
120611,"[40105, 43973, 7018, 27598, 86347, 62645, 34107, 17809, 100270, 58887]"
120612,"[61354, 74417, 65842, 38916, 104836, 18998, 1591, 109431, 82061, 17348]"
120613,"[15822, 72473, 106957, 43995, 11793, 13604, 52993, 27115, 18384, 27611]"
120614,"[76113, 49885, 73005, 3828, 75621, 53439, 37483, 108213, 95373, 46711]"
120615,"[13781, 22395, 101533, 71971, 104670, 15965, 48922, 75327, 104698, 6489]"
120616,"[37994, 104865, 99289, 80728, 3263, 32859, 88217, 45634, 44622, 24895]"
120617,"[21643, 80249, 73072, 106804, 16312, 19615, 58547, 74025, 41858, 65506]"
120618,"[21500, 40254, 38783, 31160, 70084, 38893, 13439, 97163, 95523, 7826]"
120619,"[99223, 1983, 53796, 17486, 601, 83074, 40432, 40943, 5711, 46945]"
120620,"[105557, 9998, 44336, 105309, 14029, 25483, 4469, 91302, 13841, 5315]"
120621,"[33775, 79460, 16500, 73853, 61515, 8379, 21304, 27247, 17580, 23782]"
120622,"[65571, 49021, 78417, 16189, 9284, 58568, 13080, 60909, 101792, 27500]"
120623,"[18915, 14509, 12987, 65427, 16948, 109469, 70046, 37018, 79999, 81038]"
120624,"[6057, 97952, 26762, 100392, 71329, 61285, 98692, 51189, 53867, 25719]"
120625,"[86470, 18635, 78272, 11845, 25344, 2171, 6107, 21105, 12689, 100668]"
120626,"[40385, 85443, 23704, 18221, 70574, 5608, 88877, 6466, 14963, 100388]"
120627,"[62270, 35229, 91769, 73603, 22404, 23812, 83941, 10674, 48943, 108578]"
120628,"[73373, 55781, 56196, 75974, 94117, 55207, 27297, 104174, 26685, 84854]"
120629,"[59554, 16025, 14418, 105094, 93285, 39310, 1798, 1115, 34912, 75530]"
120630,"[73356, 45124, 1577, 67234, 10131, 46809, 102232, 68810, 38311, 46894]"
120631,"[88782, 93270, 42462, 27403, 44335, 92049, 64356, 88607, 63827, 76034]"
120632,"[29266, 5697, 52337, 85897, 63685, 83075, 6872, 63345, 38026, 22184]"
120633,"[95926, 105575, 106598, 4157, 101188, 9690, 87767, 27594, 29401, 32652]"
120634,"[868, 3580, 104175, 103916, 14668, 14617, 14152, 74125, 50229, 20796]"
120635,"[39020, 52488, 69001, 57497, 55792, 60413, 105897, 23584, 75511, 8214]"
120636,"[101133, 98446, 13166, 43924, 84755, 20903, 24022, 80404, 58999, 26546]"
120637,"[34, 94064, 31265, 100362, 57015, 53169, 62503, 49848, 99412, 15400]"
120638,"[24444, 9820, 37084, 78485, 105414, 72545, 15994, 92006, 41395, 77006]"
120639,"[43765, 108002, 80284, 77509, 109044, 40380, 21607, 99987, 69872, 5656]"
120640,"[25611, 92677, 58476, 76148, 81112, 99834, 51732, 12076, 24474, 97341]"
120641,"[27623, 69959, 31405, 54335, 67417, 15913, 1539, 47142, 5632, 37510]"
120642,"[79973, 3824, 69142, 103543, 63828, 96588, 49005, 7385, 4826, 87948]"
120643,"[19131, 43967, 64567, 22695, 9222, 46189, 24803, 6208, 15394, 28196]"
120644,"[11607, 49015, 97947, 101427, 107984, 31213, 14628, 3070, 5620, 89064]"
120645,"[9226, 32178, 40999, 9287, 79834, 20471, 85792, 66511, 71352, 77255]"
120646,"[47003, 89652, 107722, 3656, 35120, 60962, 90212, 21871, 46669, 35933]"
120647,"[95397, 23543, 84631, 92676, 807, 63170, 88229, 68614, 7755, 63461]"
120648,"[99404, 34899, 74879, 62101, 33184, 17173, 103139, 66445, 46621, 34012]"
120649,"[49049, 83508, 109302, 52934, 79571, 59945, 66469, 101253, 44983, 95389]"
120650,"[86968, 106602, 97167, 91819, 37933, 91281, 11201, 35804, 48652, 102950]"
120651,"[92304, 49768, 40431, 5877, 48094, 71832, 28611, 59834, 47846, 31137]"
120652,"[102169, 52570, 21093, 71223, 35654, 89424, 7150, 91532, 105344, 66772]"
120653,"[62650, 68643, 6256, 101495, 57023, 15226, 33079, 84586, 85098, 78804]"
120654,"[86192, 103315, 25801, 80468, 3566, 105222, 26012, 74940, 2449, 63059]"
120655,"[15964, 66910, 43334, 103341, 109203, 64196, 74615, 93869, 37196, 109100]"
120656,"[72845, 20884, 40267, 96895, 37016, 91197, 105515, 108585, 16681, 40699]"
120657,"[85867, 4748, 108169, 86361, 74441, 33064, 17389, 42351, 105590, 25452]"
120658,"[98142, 46370, 22964, 42532, 30776, 30754, 54684, 49034, 26959, 84601]"
120659,"[87212, 34411, 24476, 36449, 41126, 25707, 42835, 45520, 77857, 90404]"
120660,"[15792, 18720, 31134, 102600, 3756, 33330, 7049, 37073, 40410, 16329]"
120661,"[49269, 57574, 86607, 93955, 67736, 11058, 6429, 77423, 103919, 95879]"
120662,"[26252, 102606, 66329, 49205, 66796, 31648, 102764, 51636, 84999, 107559]"
120663,"[97228, 109132, 4411, 74265, 102118, 85123, 58752, 54278, 34140, 32888]"
120664,"[78477, 59498, 73962, 12091, 13179, 7601, 77197, 58043, 22786, 90672]"
120665,"[87781, 2301, 19574, 57262, 97818, 50376, 34239, 66869, 56292, 62300]"
120666,"[12451, 53262, 101940, 17402, 51947, 7967, 18979, 92947, 65046, 13445]"
120667,"[92001, 10279, 83184, 77693, 107640, 95734, 52183, 106217, 68092, 13961]"
120668,"[12316, 89561, 69437, 94235, 70789, 50921, 67183, 45173, 48292, 14821]"
120669,"[108807, 22330, 64774, 77833, 32968, 68633, 67149, 70131, 32344, 9600]"
120670,"[32586, 92862, 62138, 108598, 55917, 104441, 55916, 17481, 28399, 95750]"
120671,"[40232, 64140, 56698, 50062, 47539, 49380, 93561, 88218, 60016, 39144]"
120672,"[27658, 63907, 54906, 21801, 38921, 82353, 18625, 44944, 62634, 52504]"
120673,"[15517, 61247, 84127, 42989, 53687, 20742, 77300, 98672, 94970, 72785]"
120674,"[66405, 41513, 52641, 28773, 62234, 62228, 94500, 58926, 102163, 39745]"
120675,"[53296, 43237, 73171, 107783, 62702, 91845, 53570, 87376, 77365, 103599]"
120676,"[75111, 41871, 18796, 83228, 69008, 106196, 82158, 91327, 54804, 51412]"
120677,"[50030, 53834, 103034, 102079, 30253, 84070, 62431, 92180, 59711, 8375]"
120678,"[78951, 91118, 46853, 56530, 62202, 34860, 64269, 62981, 1027, 102940]"
120679,"[40691, 77847, 49359, 83578, 105949, 2693, 74041, 101979, 59851, 12190]"
120680,"[102571, 52577, 33708, 33986, 46695, 72416, 95066, 64438, 42666, 49961]"
120681,"[91262, 36780, 3531, 78324, 5757, 100292, 27999, 56394, 53564, 29084]"
120682,"[104138, 58128, 53741, 109310, 15133, 16635, 29135, 81515, 72625, 37704]"
120683,"[72449, 55185, 47431, 23357, 37766, 15830, 94461, 6261, 45270, 14221]"
120684,"[75508, 63672, 34312, 47022, 67370, 5850, 35360, 36057, 19176, 59653]"
120685,"[46766, 85376, 59335, 49454, 11715, 30678, 71239, 64728, 69039, 37626]"
120686,"[107610, 56584, 31216, 47530, 76291, 10725, 100914, 28000, 66038, 65432]"
120687,"[98685, 46125, 33650, 59010, 45701, 96887, 27994, 68843, 20350, 36554]"
120688,"[71185, 50002, 106618, 72733, 3904, 72076, 7633, 46433, 26135, 21119]"
120689,"[2251, 55939, 32453, 94753, 10123, 6213, 6419, 88576, 51818, 94244]"
120690,"[46352, 55216, 14703, 2824, 19829, 58783, 3569, 66428, 19007, 102141]"
120691,"[12330, 34620, 43299, 59920, 45276, 16614, 37006, 932, 16269, 16582]"
120692,"[58553, 38879, 76301, 109617, 92918, 38877, 12269, 61236, 97460, 79566]"
120693,"[2614, 33578, 18316, 39261, 49840, 97483, 39795, 108100, 49538, 29099]"
120694,"[108986, 53212, 27262, 13406, 86528, 62774, 48958, 80197, 67627, 935]"
120695,"[933, 53791, 39924, 93679, 69084, 80164, 39058, 61022, 20148, 96858]"
120696,"[96567, 764, 4771, 31062, 78938, 6562, 14546, 35086, 61192, 95634]"
120697,"[103470, 41688, 35470, 97746, 107750, 25230, 104181, 88204, 38415, 64826]"
120698,"[87543, 109711, 14244, 39319, 45157, 59632, 7455, 62916, 91917, 61763]"
120699,"[67398, 72664, 21204, 52413, 55849, 25082, 24987, 14491, 54898, 13028]"
120700,"[37975, 17269, 19925, 72505, 59955, 70689, 64958, 94855, 70986, 15456]"
120701,"[24256, 45283, 97785, 106626, 15385, 52078, 10799, 1717, 60534, 47769]"
120702,"[73994, 13339, 63692, 27366, 84513, 22004, 67741, 109037, 4057, 27699]"
120703,"[4705, 62130, 62203, 90446, 84813, 70507, 59284, 6562, 60825, 10691]"
120704,"[51989, 7364, 25035, 104738, 109612, 32213, 30929, 15359, 29169, 22927]"
120705,"[83112, 93228, 33674, 7510, 90511, 8195, 1387, 39733, 76734, 4055]"
120706,"[27625, 48182, 39949, 83303, 18828, 1519, 39276, 44451, 5276, 13924]"
120707,"[63500, 80013, 6373, 22428, 52774, 2327, 78033, 50363, 90098, 1652]"
120708,"[5848, 105431, 5139, 13020, 16266, 66601, 90513, 77292, 82509, 9837]"
120709,"[27377, 41917, 54731, 17210, 54112, 24271, 104299, 44807, 45465, 21801]"
120710,"[55935, 19346, 24171, 32530, 106950, 27085, 38465, 55984, 31079, 77295]"
120711,"[41704, 101935, 23479, 37476, 84558, 61620, 7890, 93755, 45233, 432]"
120712,"[56359, 48435, 66997, 16427, 88068, 83724, 85202, 12210, 106491, 51274]"
120713,"[77035, 68910, 95621, 17350, 26733, 41754, 20613, 78008, 60420, 77001]"
120714,"[77703, 3489, 61833, 68142, 51256, 79399, 25813, 42435, 76117, 102592]"
120715,"[65116, 59384, 43061, 94930, 76202, 9235, 73979, 83538, 16522, 33828]"
120716,"[84864, 84881, 22001, 99578, 7382, 107404, 22700, 96579, 38516, 52244]"
120717,"[2005, 25753, 50782, 67061, 81946, 31091, 73062, 54351, 61065, 78956]"
120718,"[103827, 84809, 26137, 100852, 14827, 17364, 92146, 104304, 69092, 3067]"
120719,"[39448, 39175, 47919, 21203, 26071, 57879, 15434, 83720, 105601, 42598]"
120720,"[83792, 21919, 45119, 71091, 7064, 57602, 45369, 72482, 28493, 27650]"
120721,"[9876, 15102, 59830, 85996, 103307, 77715, 43447, 72269, 37656, 65480]"
120722,"[102551, 57833, 107257, 27634, 90425, 94409, 55228, 69990, 31349, 43862]"
120723,"[95587, 107258, 62304, 3263, 9282, 15997, 21680, 86138, 96872, 3550]"
120724,"[24825, 101851, 9245, 15855, 100381, 29500, 57864, 11765, 106321, 92878]"
120725,"[68884, 83786, 44658, 5474, 74072, 1436, 41522, 1418, 82059, 97945]"
120726,"[101528, 102402, 93644, 104101, 87629, 61499, 97460, 80672, 92093, 31606]"
120727,"[101254, 44049, 94439, 74887, 72252, 9104, 44687, 41215, 49080, 5620]"
120728,"[94430, 13368, 101579, 18288, 33821, 86996, 386, 81646, 1476, 48811]"
120729,"[65205, 61332, 45819, 63890, 64473, 36607, 49974, 101952, 29773, 10894]"
120730,"[52789, 89730, 55841, 104901, 30144, 73143, 24401, 56615, 98721, 66212]"
120731,"[107595, 25240, 20018, 51168, 101961, 21806, 79550, 85028, 90226, 31551]"
120732,"[5826, 9327, 67453, 105559, 37674, 12342, 62887, 47964, 71530, 107228]"
120733,"[28520, 101496, 49610, 82544, 81066, 50465, 41212, 48575, 40626, 82138]"
120734,"[74847, 80828, 21613, 90885, 76241, 960, 37773, 45457, 91345, 18447]"
120735,"[98860, 44691, 8988, 45718, 30979, 26826, 80490, 93280, 89894, 109667]"
120736,"[81988, 68931, 73053, 107628, 2160, 85559, 57236, 57962, 93720, 29297]"
120737,"[24133, 86697, 67244, 55791, 33433, 57286, 11580, 25650, 89299, 41612]"
120738,"[23560, 8861, 57013, 82289, 97511, 44590, 11942, 55468, 34921, 27934]"
120739,"[84481, 56511, 66685, 66941, 46182, 94803, 89014, 102062, 45714, 78922]"
120740,"[45092, 72918, 92347, 83577, 50903, 30104, 77279, 25051, 33111, 29852]"
120741,"[86006, 32510, 96420, 2454, 32672, 71183, 24688, 65166, 9550, 46494]"
120742,"[25768, 21462, 109402, 38894, 29827, 52124, 36012, 73491, 79689, 7642]"
120743,"[7298, 2386, 31601, 108275, 68830, 81874, 69393, 83045, 50154, 51677]"
120744,"[18333, 12904, 32511, 16517, 90134, 112, 39805, 63776, 101001, 23465]"
120745,"[68529, 28131, 57474, 80975, 71763, 1632, 58224, 44876, 63702, 25606]"
120746,"[62880, 34139, 101442, 7412, 19849, 85442, 16503, 56120, 55791, 7831]"
120747,"[39795, 49538, 38908, 44003, 95995, 1522, 45486, 88051, 108100, 67847]"
120748,"[81286, 36820, 44257, 9229, 70415, 3982, 35502, 26476, 19047, 18338]"
120749,"[47427, 109049, 8182, 107639, 21384, 583, 103668, 57157, 93830, 85718]"
120750,"[5913, 32348, 101291, 54337, 93306, 80754, 4498, 101739, 78727, 30273]"
120751,"[55704, 22930, 61385, 47372, 65887, 18810, 32458, 25934, 20635, 61232]"
120752,"[1292, 90047, 41837, 64321, 36729, 70263, 35715, 26094, 18723, 21997]"
