Index,Index_list
109776,"[47258, 88353, 5332, 52778, 79822, 34151, 59609, 39104, 96517, 7688]"
109777,"[105353, 106992, 67136, 98313, 28204, 53862, 97426, 44042, 37383, 19824]"
109778,"[31137, 103177, 73695, 1455, 96854, 89511, 98603, 62251, 38098, 75580]"
109779,"[37568, 48556, 35290, 4566, 34652, 33630, 59861, 83779, 19631, 89387]"
109780,"[96443, 84688, 49239, 106819, 66795, 98597, 57928, 85141, 25845, 40062]"
109781,"[102931, 90249, 37835, 51049, 97538, 103815, 97797, 69175, 89893, 53512]"
109782,"[87823, 54184, 18186, 36462, 87025, 85111, 68916, 63014, 56862, 20557]"
109783,"[49936, 42740, 22443, 80403, 58438, 79150, 54486, 101323, 88508, 96569]"
109784,"[91316, 84520, 104820, 83415, 91073, 85101, 106780, 17725, 6960, 21685]"
109785,"[5944, 4042, 28256, 107130, 81059, 30499, 94025, 88064, 62243, 12338]"
109786,"[3040, 21983, 28447, 42519, 47911, 40971, 64238, 108231, 70554, 61069]"
109787,"[8810, 19953, 64219, 19879, 104274, 29624, 89976, 61295, 95013, 104171]"
109788,"[17230, 102449, 35844, 53264, 53349, 18777, 99821, 66796, 28345, 71810]"
109789,"[8660, 40067, 89026, 100567, 47949, 47322, 104213, 17036, 99285, 16118]"
109790,"[39452, 1365, 88328, 91225, 49843, 1779, 82011, 53230, 83757, 42477]"
109791,"[55335, 31806, 61520, 64490, 20876, 74038, 3629, 44712, 27181, 46738]"
109792,"[31903, 44471, 57190, 103468, 80661, 27365, 46073, 59722, 47808, 13984]"
109793,"[109644, 4383, 21434, 8801, 82273, 68751, 58116, 8014, 27667, 83852]"
109794,"[4441, 14140, 88749, 91080, 3301, 86088, 1885, 81228, 96285, 92440]"
109795,"[15187, 16728, 52636, 18858, 96767, 2168, 43133, 18598, 55344, 1045]"
109796,"[43271, 28479, 52119, 19383, 30100, 79448, 43942, 50805, 12595, 50837]"
109797,"[68214, 15944, 34964, 86935, 38042, 84001, 66828, 33974, 94401, 57212]"
109798,"[70616, 108395, 69551, 109122, 53378, 77597, 70926, 97807, 67685, 56956]"
109799,"[60252, 80731, 53019, 67994, 96339, 5663, 91190, 90370, 88444, 108654]"
109800,"[26751, 2306, 37790, 5738, 41438, 43387, 84476, 84192, 4694, 84148]"
109801,"[85051, 74139, 29125, 6346, 33643, 108695, 58231, 226, 62490, 6200]"
109802,"[26000, 90602, 83550, 92979, 18895, 63043, 52922, 36890, 38958, 84713]"
109803,"[57636, 30151, 103406, 83477, 76676, 72769, 5794, 67479, 77486, 13365]"
109804,"[31025, 61312, 91757, 52110, 87847, 12234, 51912, 11841, 39514, 67394]"
109805,"[5400, 44305, 44064, 74124, 23904, 33212, 17637, 74435, 97949, 65476]"
109806,"[108948, 46122, 92585, 590, 36663, 42127, 91015, 12513, 32756, 25873]"
109807,"[16587, 63910, 72575, 21668, 22276, 16387, 90326, 50741, 57508, 102275]"
109808,"[107829, 75390, 21192, 26748, 105254, 42578, 10343, 88162, 51110, 5758]"
109809,"[56714, 69486, 46207, 27184, 93496, 62359, 71450, 66731, 47557, 24869]"
109810,"[16688, 83138, 95198, 107570, 98217, 31360, 29568, 36518, 55605, 96938]"
109811,"[108497, 61790, 107949, 89322, 80456, 1853, 38970, 29958, 64876, 724]"
109812,"[2252, 9541, 11557, 103645, 71738, 36876, 71374, 13552, 102648, 86009]"
109813,"[84720, 88275, 30169, 19444, 82012, 103871, 24787, 69858, 14037, 24771]"
109814,"[108126, 46787, 48765, 64205, 79428, 11482, 108812, 91402, 68715, 103817]"
109815,"[65622, 41776, 101091, 52604, 48709, 31315, 81295, 27879, 60317, 43977]"
109816,"[69701, 63543, 308, 85274, 6239, 92690, 64382, 66263, 96037, 73363]"
109817,"[95107, 43556, 27451, 65329, 95202, 24736, 23102, 47604, 15753, 35201]"
109818,"[66348, 33474, 60617, 87805, 37931, 98402, 11253, 21622, 60389, 83311]"
109819,"[22473, 97032, 90983, 78890, 20480, 41884, 82952, 45231, 86317, 61792]"
109820,"[78980, 33284, 1493, 104946, 80602, 7573, 57369, 45795, 97355, 78728]"
109821,"[52763, 5371, 35474, 46213, 40662, 19089, 36719, 52300, 107150, 67674]"
109822,"[85889, 68921, 4377, 5490, 79226, 30030, 54956, 94923, 58962, 98318]"
109823,"[19383, 12595, 79448, 70273, 43942, 52119, 43271, 58052, 28479, 30100]"
109824,"[102042, 26438, 23253, 8453, 92575, 102780, 92449, 3122, 95539, 86748]"
109825,"[10589, 3343, 68908, 80509, 45854, 75053, 50673, 104037, 28095, 31875]"
109826,"[30745, 34289, 17993, 8408, 35820, 4094, 69792, 19349, 83831, 47720]"
109827,"[36767, 17024, 14364, 38085, 103590, 84229, 2018, 72395, 22161, 55596]"
109828,"[104755, 89284, 5064, 96879, 68026, 17622, 23273, 72336, 1862, 88578]"
109829,"[62848, 71430, 108742, 97403, 89556, 70778, 104962, 61242, 44282, 36673]"
109830,"[63875, 67879, 37566, 13727, 6073, 100881, 38540, 60270, 43565, 70168]"
109831,"[98544, 89877, 78038, 79295, 56870, 13482, 16652, 71995, 38100, 101829]"
109832,"[100179, 37575, 27364, 92202, 18546, 36164, 55224, 28390, 102381, 89632]"
109833,"[89764, 13676, 26747, 92613, 88917, 89989, 64290, 73442, 91662, 65233]"
109834,"[92885, 12038, 95558, 76053, 55326, 92784, 1610, 89900, 4747, 60298]"
109835,"[38323, 94740, 29348, 91750, 54543, 62741, 78825, 48563, 92259, 53682]"
109836,"[46937, 37776, 82682, 104064, 66550, 63610, 109558, 46271, 54023, 17254]"
109837,"[81523, 49955, 7502, 98385, 94837, 42969, 71998, 42431, 88577, 70445]"
109838,"[56692, 67503, 68787, 103272, 44621, 88576, 98568, 52437, 14959, 60981]"
109839,"[13548, 90062, 58586, 5573, 18442, 64131, 11984, 90261, 58360, 36374]"
109840,"[28903, 27220, 90137, 90153, 38301, 20073, 91105, 77549, 94020, 99297]"
109841,"[4506, 35475, 61552, 22676, 55162, 45582, 10730, 4857, 42742, 49918]"
109842,"[33690, 104712, 21084, 11622, 89328, 105929, 17336, 67677, 18948, 17765]"
109843,"[83216, 27012, 45354, 81833, 21889, 94219, 68068, 35714, 47442, 101055]"
109844,"[51300, 18322, 17111, 62172, 40875, 47421, 86791, 10758, 15728, 8388]"
109845,"[99743, 74981, 50836, 81425, 79553, 67666, 56843, 41995, 38419, 35697]"
109846,"[66415, 64849, 66745, 18565, 9453, 51689, 24481, 45628, 38662, 22645]"
109847,"[59316, 75760, 96484, 25381, 65453, 37532, 66022, 45439, 26077, 70354]"
109848,"[66917, 70342, 11829, 92914, 92508, 35058, 67532, 106990, 72169, 21680]"
109849,"[75747, 64843, 11558, 77347, 17608, 11344, 67938, 22937, 13285, 81189]"
109850,"[97157, 20729, 68270, 85696, 60106, 16892, 41842, 21188, 3765, 53556]"
109851,"[70686, 88604, 29563, 94545, 78759, 82477, 1227, 67284, 4812, 51350]"
109852,"[41219, 88398, 98484, 54706, 9073, 22515, 52334, 97294, 1250, 34299]"
109853,"[54222, 20443, 106859, 79682, 92338, 30871, 98531, 23062, 109283, 26605]"
109854,"[70046, 14509, 12987, 18915, 22396, 25857, 20653, 58718, 100548, 99243]"
109855,"[105176, 103713, 39040, 49098, 91194, 60734, 90731, 61338, 106200, 82745]"
109856,"[23754, 23546, 67681, 62432, 65320, 29813, 73453, 18523, 28815, 29656]"
109857,"[5586, 15125, 54142, 30620, 97234, 33371, 18715, 50493, 74177, 46112]"
109858,"[52332, 65543, 22353, 71977, 30187, 29614, 73144, 30299, 80776, 51450]"
109859,"[96052, 72296, 47946, 57232, 34205, 84606, 28658, 42749, 19346, 55935]"
109860,"[8488, 57646, 17767, 21117, 23221, 10927, 77067, 23449, 20822, 67374]"
109861,"[7114, 34933, 28794, 104893, 11645, 68282, 30305, 8269, 6717, 80958]"
109862,"[25232, 9769, 106272, 54046, 21615, 21869, 782, 92266, 60471, 64871]"
109863,"[82917, 35067, 97419, 91989, 4583, 87684, 105201, 1795, 46503, 79922]"
109864,"[10780, 34614, 38824, 28277, 30602, 35939, 108453, 40262, 15631, 41547]"
109865,"[39986, 9795, 42158, 22335, 76731, 97998, 86452, 34235, 38736, 40337]"
109866,"[735, 79766, 62877, 4509, 74688, 76986, 11992, 8028, 109266, 101052]"
109867,"[82480, 14043, 26977, 12544, 101741, 40095, 84265, 36447, 8438, 90123]"
109868,"[8556, 47669, 25326, 37812, 3968, 67883, 79806, 4587, 9741, 84206]"
109869,"[58868, 14415, 5207, 3302, 39878, 13586, 100843, 102164, 93538, 37360]"
109870,"[66334, 74709, 35553, 59402, 102674, 7985, 7608, 108044, 90298, 81764]"
109871,"[68127, 48459, 2901, 69563, 57560, 42032, 26500, 3064, 70815, 49572]"
109872,"[59247, 98546, 70257, 62833, 109535, 71471, 109108, 65900, 45603, 94826]"
109873,"[75349, 61647, 43978, 9295, 77860, 4527, 21256, 56503, 88262, 53509]"
109874,"[29370, 50977, 66622, 88669, 55807, 42027, 68234, 29714, 98119, 2345]"
109875,"[69146, 88694, 49803, 74654, 76225, 37335, 109311, 2932, 68617, 40027]"
109876,"[20164, 61920, 29442, 24633, 22183, 64825, 23594, 98931, 82585, 75049]"
109877,"[105026, 33641, 41926, 24389, 56693, 88927, 2916, 97176, 76936, 108222]"
109878,"[75732, 42047, 60372, 63665, 13537, 44123, 23167, 93163, 11497, 58655]"
109879,"[76092, 75952, 35792, 3797, 61229, 85463, 68546, 52436, 90745, 98060]"
109880,"[17941, 50368, 42709, 22047, 24886, 98733, 53766, 22527, 105322, 104528]"
109881,"[71813, 49856, 12661, 42736, 75082, 108248, 105936, 93669, 45372, 4387]"
109882,"[10713, 99741, 58879, 91683, 48912, 88279, 18658, 74868, 86806, 32573]"
109883,"[99446, 61006, 74755, 33277, 51811, 18590, 38495, 109640, 56033, 90760]"
109884,"[64283, 1772, 91275, 52331, 28992, 56149, 105834, 58576, 46697, 109007]"
109885,"[23869, 92788, 41524, 61745, 79616, 4660, 65397, 23351, 77147, 58073]"
109886,"[108718, 56972, 22575, 1382, 102280, 37788, 7483, 38097, 31050, 73540]"
109887,"[101146, 23133, 90179, 17595, 49421, 101083, 45466, 58563, 59427, 74052]"
109888,"[84508, 34660, 50077, 88292, 65565, 47624, 70135, 62930, 14164, 57316]"
109889,"[100291, 40889, 28659, 22270, 68204, 56950, 86042, 8525, 44852, 7836]"
109890,"[36181, 90206, 27887, 32823, 35359, 55971, 101753, 86569, 16361, 72087]"
109891,"[65506, 68477, 10125, 317, 48931, 106450, 101686, 109295, 66458, 9659]"
109892,"[77604, 65190, 68262, 66978, 89073, 70536, 64795, 94250, 97111, 28916]"
109893,"[77129, 6813, 55356, 82865, 15743, 95066, 82288, 32343, 74881, 108698]"
109894,"[106701, 37229, 93256, 96806, 89914, 41069, 104674, 8270, 91822, 39970]"
109895,"[65929, 35093, 94218, 94922, 33783, 18225, 107330, 18603, 75120, 96502]"
109896,"[407, 109373, 60732, 8665, 75249, 31075, 109482, 49418, 13093, 83654]"
109897,"[103842, 29273, 45705, 12023, 48160, 6860, 79921, 11907, 76307, 55881]"
109898,"[40476, 49705, 16802, 36828, 99170, 85067, 16873, 82364, 99744, 51989]"
109899,"[15216, 53668, 76736, 66016, 59588, 34286, 41186, 74257, 92306, 23856]"
109900,"[46918, 69916, 6246, 20893, 58254, 7604, 26402, 97880, 31645, 108778]"
109901,"[22806, 328, 52144, 9954, 98576, 92214, 93258, 78037, 62125, 44767]"
109902,"[7883, 101152, 83339, 38056, 79490, 42945, 63621, 20567, 3522, 37832]"
109903,"[37828, 33985, 17432, 93447, 20961, 79486, 43296, 109383, 109544, 10300]"
109904,"[55390, 92053, 89174, 36496, 97923, 45875, 90483, 85980, 107151, 38840]"
109905,"[50524, 61702, 99818, 51488, 83587, 1203, 50889, 34576, 101758, 63193]"
109906,"[91130, 78245, 76249, 17680, 20847, 59280, 10844, 65455, 16563, 51050]"
109907,"[21471, 49558, 15045, 38975, 89686, 18722, 3200, 34546, 18282, 33514]"
109908,"[1761, 17289, 54967, 67645, 26130, 89942, 45036, 10201, 333, 102513]"
109909,"[70989, 22193, 4735, 39644, 3522, 64989, 62064, 99174, 36237, 40314]"
109910,"[22270, 100291, 28659, 68204, 102214, 56950, 86042, 8525, 7836, 29375]"
109911,"[74105, 92170, 71331, 39949, 50305, 107242, 89756, 90725, 31427, 45723]"
109912,"[79526, 34552, 33852, 47038, 90373, 107455, 7663, 47492, 48979, 24794]"
109913,"[95384, 102350, 86022, 44513, 98947, 98826, 44232, 100001, 17171, 11150]"
109914,"[53852, 61392, 26233, 3659, 61230, 47304, 12140, 32436, 6609, 64783]"
109915,"[21054, 109657, 101463, 99406, 90871, 80887, 70667, 9615, 68531, 16197]"
109916,"[93449, 12838, 10605, 74234, 97113, 87493, 93728, 25144, 105444, 23886]"
109917,"[39037, 85404, 74297, 57209, 8303, 60169, 29420, 71486, 49831, 28311]"
109918,"[89948, 30319, 98419, 52010, 35917, 83522, 109475, 3887, 67157, 55168]"
109919,"[52980, 86142, 27972, 9028, 54657, 47542, 102443, 84192, 84476, 108310]"
109920,"[105597, 64153, 86074, 59006, 15981, 16738, 71074, 106050, 6202, 87073]"
109921,"[36, 90295, 23228, 70644, 58311, 31378, 31771, 39478, 71884, 28121]"
109922,"[98992, 99749, 2097, 101671, 108336, 106539, 96531, 78887, 103269, 71735]"
109923,"[56767, 96252, 4686, 6830, 79912, 13936, 84940, 82231, 23887, 11668]"
109924,"[58758, 61749, 1857, 2639, 518, 101933, 86150, 91710, 36250, 5432]"
109925,"[36570, 51821, 37271, 59846, 61233, 11057, 106381, 61962, 103535, 96683]"
109926,"[567, 40491, 16310, 48077, 34837, 56719, 29730, 1568, 2489, 50402]"
109927,"[103098, 33679, 109497, 103507, 56948, 52726, 83717, 88213, 67455, 33052]"
109928,"[34774, 72748, 28074, 39882, 16756, 15961, 72032, 40210, 7331, 69525]"
109929,"[34026, 2, 4367, 87958, 7890, 32644, 23779, 105028, 15340, 36356]"
109930,"[104755, 5064, 72336, 41300, 34065, 89284, 68026, 106877, 96468, 73878]"
109931,"[107325, 3657, 4859, 86168, 66081, 94081, 43982, 92738, 75909, 8775]"
109932,"[83102, 33108, 4708, 87010, 76403, 57204, 24008, 42820, 11169, 16937]"
109933,"[76618, 88539, 95501, 16151, 80691, 4663, 34667, 32692, 85953, 11660]"
109934,"[66508, 105618, 71270, 12076, 48351, 16416, 72319, 16315, 76148, 70034]"
109935,"[66141, 59303, 17069, 481, 93895, 59546, 88043, 70730, 58308, 45830]"
109936,"[41714, 17683, 46463, 39813, 109356, 22793, 21067, 15585, 55352, 56490]"
109937,"[41012, 102189, 86921, 63166, 77071, 79125, 103161, 5346, 89827, 33585]"
109938,"[74241, 4255, 97171, 24158, 82517, 47997, 72329, 43807, 53263, 13322]"
109939,"[88354, 5141, 11306, 108239, 39251, 107594, 99631, 66362, 72611, 67290]"
109940,"[37653, 2170, 93887, 85455, 105892, 51871, 78809, 68351, 63780, 88684]"
109941,"[22452, 51749, 9506, 14458, 103138, 64584, 85186, 52161, 47793, 12372]"
109942,"[35100, 10990, 80861, 98462, 62559, 40101, 61524, 40341, 23358, 31137]"
109943,"[30701, 40475, 105162, 80138, 8056, 10989, 98165, 82922, 13943, 72571]"
109944,"[72240, 77855, 18105, 30712, 10940, 105413, 95265, 73816, 70828, 43277]"
109945,"[23365, 89498, 74591, 102899, 31226, 49330, 61170, 59671, 12517, 24146]"
109946,"[25008, 105007, 102684, 26289, 23847, 12854, 20378, 106572, 3329, 40290]"
109947,"[106617, 59666, 108874, 85267, 109238, 33497, 87098, 91289, 15644, 59068]"
109948,"[39906, 67549, 62042, 72457, 104958, 45989, 41992, 2742, 5223, 374]"
109949,"[49019, 68748, 23632, 64975, 44793, 68971, 4312, 2493, 104247, 72866]"
109950,"[41023, 39475, 15206, 40964, 40451, 14367, 62399, 45672, 62625, 102328]"
109951,"[6517, 18646, 23048, 95451, 104807, 46632, 14081, 42062, 22486, 18994]"
109952,"[49173, 84515, 61189, 97262, 74617, 6303, 50224, 105871, 35182, 32030]"
109953,"[12512, 78507, 4751, 39469, 99439, 38310, 68818, 81411, 78643, 33080]"
109954,"[61350, 46862, 42599, 81275, 38294, 98515, 109396, 48877, 61371, 52934]"
109955,"[1120, 99111, 87073, 34183, 33950, 106050, 91347, 2562, 99373, 34392]"
109956,"[18238, 53522, 10302, 94092, 12689, 35749, 40946, 63926, 59648, 53435]"
109957,"[83752, 69566, 64705, 101380, 86158, 109172, 81515, 66628, 21768, 67607]"
109958,"[53381, 72101, 21763, 95363, 21426, 7931, 8959, 24595, 23201, 49241]"
109959,"[98495, 70799, 39498, 46319, 12041, 40133, 70259, 79058, 105995, 90511]"
109960,"[25351, 5353, 66234, 87099, 52274, 98039, 11434, 27112, 9760, 89686]"
109961,"[15305, 20008, 95715, 73743, 66740, 12308, 17739, 83433, 56385, 13561]"
109962,"[104092, 68183, 75238, 82157, 83387, 84782, 106886, 75107, 44476, 101594]"
109963,"[71966, 29997, 3953, 84320, 85352, 36596, 38963, 49768, 41509, 7837]"
109964,"[36686, 29311, 54769, 38392, 82224, 15309, 18708, 85798, 13144, 101871]"
109965,"[14085, 38823, 86418, 3196, 95640, 17335, 100307, 61327, 15787, 77453]"
109966,"[79448, 19383, 12595, 30100, 70273, 43942, 52119, 43271, 50805, 28479]"
109967,"[19006, 12178, 79640, 47240, 95506, 19124, 46838, 60449, 57878, 6933]"
109968,"[26561, 92838, 6416, 14455, 45731, 52158, 31844, 22116, 59117, 33147]"
109969,"[100006, 109634, 32679, 104668, 98487, 56611, 5814, 48003, 28805, 76142]"
109970,"[21952, 97951, 19578, 75706, 31118, 100602, 108582, 59789, 37373, 45929]"
109971,"[29490, 18352, 66418, 99018, 99450, 96932, 18831, 98778, 21018, 32351]"
109972,"[31605, 54529, 95178, 74626, 43574, 23540, 11990, 79591, 106406, 82388]"
109973,"[26439, 20103, 22885, 12523, 6312, 74948, 45291, 26895, 74964, 90932]"
109974,"[78682, 15936, 9580, 39568, 109459, 71952, 77352, 17899, 72731, 14012]"
109975,"[36500, 43331, 18016, 1625, 55798, 57443, 3900, 3603, 31178, 16213]"
109976,"[75223, 38945, 65662, 76509, 20025, 2995, 37728, 103698, 107818, 14569]"
109977,"[102770, 63748, 100440, 88646, 6726, 54967, 91377, 72302, 7170, 53858]"
109978,"[34690, 81477, 57994, 17162, 37034, 86584, 32036, 39245, 69524, 8733]"
109979,"[41297, 54091, 49833, 11476, 3980, 81414, 67171, 63025, 29620, 106593]"
109980,"[73279, 1885, 88749, 81228, 96285, 91080, 86088, 105099, 59130, 14140]"
109981,"[61288, 21226, 7774, 16704, 17492, 84323, 90217, 41001, 77844, 15532]"
109982,"[48776, 25235, 72568, 19320, 42716, 43612, 18663, 62905, 8046, 18754]"
109983,"[39319, 45157, 59632, 96787, 62916, 91917, 97520, 78329, 47712, 41920]"
109984,"[89903, 25359, 4046, 62373, 325, 55448, 83615, 40251, 22647, 53706]"
109985,"[12432, 1513, 76628, 35865, 97514, 100051, 7306, 28745, 105720, 34492]"
109986,"[45977, 55500, 39474, 26554, 12700, 47781, 89375, 77626, 35197, 58]"
109987,"[54994, 13321, 71947, 33559, 64119, 46851, 554, 23982, 48125, 9487]"
109988,"[21578, 27788, 68107, 24612, 67804, 106813, 43547, 89882, 85763, 48861]"
109989,"[70537, 96296, 17417, 62528, 63495, 80567, 76591, 7785, 98126, 16630]"
109990,"[9743, 34274, 20543, 93302, 102422, 80923, 68872, 35523, 94067, 8750]"
109991,"[48676, 108685, 8858, 102094, 8946, 49784, 29419, 97192, 81942, 79211]"
109992,"[25922, 87619, 33424, 19244, 9558, 97579, 72190, 89897, 82580, 11587]"
109993,"[80894, 73818, 84525, 26894, 72272, 92516, 57823, 65207, 3342, 344]"
109994,"[101876, 88676, 2159, 61983, 78874, 8808, 42727, 273, 94494, 105433]"
109995,"[32508, 10734, 77505, 100668, 15086, 101712, 100735, 52424, 106842, 47600]"
109996,"[100183, 50575, 37631, 93072, 37752, 33970, 30898, 16207, 78907, 27074]"
109997,"[27766, 50671, 25866, 80556, 52986, 87575, 29111, 17704, 8996, 4049]"
109998,"[33467, 2384, 81664, 96146, 27094, 71231, 71493, 5766, 103436, 5803]"
109999,"[24790, 54601, 44480, 80506, 31535, 57225, 54530, 64838, 103408, 71786]"
110000,"[46832, 8576, 22302, 14133, 107136, 52966, 2254, 106268, 52201, 13315]"
110001,"[72647, 37581, 3694, 39066, 67250, 80102, 99661, 61741, 102276, 73292]"
110002,"[19982, 81916, 74745, 30085, 74228, 67067, 55165, 46922, 41644, 1285]"
110003,"[100557, 45382, 56448, 86572, 90762, 66507, 20631, 37952, 84903, 59472]"
110004,"[31913, 84284, 27125, 81929, 108691, 79577, 902, 1972, 48955, 70181]"
110005,"[44119, 57109, 93535, 103362, 78011, 90450, 64783, 82522, 74662, 25471]"
110006,"[98063, 32272, 63358, 1614, 94062, 39455, 16857, 15574, 91548, 98047]"
110007,"[68043, 25246, 1780, 4000, 73274, 61490, 35751, 6694, 82717, 108993]"
110008,"[82409, 44150, 45727, 64242, 84579, 77938, 54398, 35741, 42386, 49382]"
110009,"[48963, 22791, 96302, 50873, 61150, 34237, 100237, 98460, 15377, 402]"
110010,"[42620, 90708, 69581, 42621, 16874, 31977, 25185, 68115, 69577, 54069]"
110011,"[18798, 55738, 6059, 109060, 17395, 107158, 107315, 47642, 28750, 101198]"
110012,"[22402, 38999, 30442, 93424, 61896, 64268, 89340, 62796, 22566, 83917]"
110013,"[96344, 101701, 8656, 51799, 93430, 41757, 40880, 42872, 92679, 45037]"
110014,"[15931, 26378, 43875, 81223, 54917, 60989, 43885, 74505, 49280, 42797]"
110015,"[105666, 67421, 35576, 96851, 93907, 37537, 71283, 76716, 50128, 76516]"
110016,"[94326, 6392, 15093, 28200, 18707, 88768, 14773, 54733, 84355, 98280]"
110017,"[24153, 27573, 98328, 9917, 30016, 9016, 84614, 64357, 92439, 80778]"
110018,"[106768, 19640, 69421, 92960, 6981, 107085, 58230, 40990, 14147, 46343]"
110019,"[47684, 77939, 89745, 99578, 35143, 71853, 61087, 38611, 95988, 104997]"
110020,"[59330, 29842, 86318, 71850, 50743, 4017, 14933, 68138, 24750, 93974]"
110021,"[13647, 89876, 77577, 28341, 98888, 79276, 69542, 101334, 92822, 55845]"
110022,"[103525, 62591, 100176, 11118, 82354, 34928, 11719, 46720, 65798, 19861]"
110023,"[82962, 3930, 29416, 58720, 99663, 15525, 47524, 9846, 98950, 50485]"
110024,"[109069, 30030, 40461, 67756, 33652, 27747, 102542, 54956, 88371, 7850]"
110025,"[39315, 10272, 31578, 47915, 49429, 29791, 7620, 77633, 9946, 26459]"
110026,"[46587, 69236, 49831, 37840, 39334, 74860, 29420, 71486, 74297, 91214]"
110027,"[43487, 24398, 58698, 73110, 64898, 45694, 51433, 82293, 106046, 48025]"
110028,"[100843, 14415, 3302, 5207, 13586, 39878, 58868, 93538, 102164, 37360]"
110029,"[82980, 68310, 39013, 41565, 63676, 25397, 33602, 105454, 66635, 64152]"
110030,"[70308, 49694, 59242, 54798, 53329, 65582, 7008, 59200, 1900, 106867]"
110031,"[74039, 60190, 4556, 54909, 58239, 32728, 55982, 75690, 41730, 105678]"
110032,"[58794, 50890, 14305, 18413, 24076, 81866, 64801, 54618, 50113, 108959]"
110033,"[39048, 44371, 42623, 67642, 87973, 106229, 61758, 52671, 17065, 13532]"
110034,"[47364, 98157, 1211, 66262, 83331, 32915, 12755, 26914, 31941, 40902]"
110035,"[46948, 42190, 72593, 852, 74733, 100350, 61482, 20548, 64746, 103811]"
110036,"[59005, 65261, 54841, 50110, 27402, 73276, 33525, 6650, 47176, 22180]"
110037,"[50377, 97652, 46498, 101339, 42933, 70202, 45158, 98904, 94015, 38932]"
110038,"[108590, 2757, 28223, 79505, 20531, 91609, 55165, 1285, 55217, 81916]"
110039,"[101897, 39132, 23864, 26832, 60329, 44873, 78171, 48282, 31386, 76818]"
110040,"[255, 92916, 60107, 24448, 23288, 45894, 65604, 103187, 9026, 43024]"
110041,"[77274, 65099, 7885, 17008, 11392, 97397, 26202, 12852, 65770, 75338]"
110042,"[78403, 27438, 44284, 107277, 3368, 37849, 97203, 108421, 73616, 10344]"
110043,"[36498, 14997, 38403, 28641, 83149, 6723, 59236, 53942, 600, 74623]"
110044,"[42689, 30493, 25329, 91622, 16438, 8636, 18947, 38588, 80655, 29390]"
110045,"[19517, 11215, 91025, 43971, 67467, 22577, 84123, 23539, 5340, 6329]"
110046,"[16679, 79683, 60950, 8441, 67303, 3052, 97344, 60588, 15425, 77762]"
110047,"[66816, 73762, 40076, 94538, 46800, 18356, 64812, 7037, 57712, 98223]"
110048,"[99187, 63743, 98480, 72603, 71014, 12218, 65330, 85683, 83559, 82523]"
110049,"[30541, 100000, 16668, 55634, 11962, 39731, 86095, 83934, 61051, 66865]"
110050,"[60967, 76257, 81322, 64367, 23179, 26137, 62779, 40217, 69092, 90382]"
110051,"[76126, 1477, 49688, 54886, 13905, 102540, 17561, 84406, 99067, 90933]"
110052,"[4541, 12458, 72398, 42750, 14748, 9197, 85878, 7518, 69245, 94255]"
110053,"[16977, 84442, 22674, 21534, 27641, 23793, 24412, 97250, 98325, 107465]"
110054,"[73114, 29256, 29778, 63539, 105746, 44711, 72432, 30195, 19044, 1730]"
110055,"[20462, 10646, 92766, 73761, 66921, 103762, 103943, 41096, 32361, 1612]"
110056,"[20795, 64799, 20023, 98960, 77895, 44742, 48665, 88241, 53432, 71466]"
110057,"[19873, 101953, 12695, 8070, 70214, 75913, 97710, 27947, 4463, 94076]"
110058,"[47075, 83191, 64936, 37986, 20129, 30832, 70401, 97180, 76517, 56741]"
110059,"[89844, 29990, 5725, 47158, 31095, 25191, 37827, 97134, 80443, 24365]"
110060,"[90541, 2577, 2399, 75780, 28067, 15543, 30585, 36512, 83945, 91994]"
110061,"[56067, 25506, 27951, 4544, 54553, 40435, 94138, 24949, 21274, 89052]"
110062,"[101378, 15419, 16377, 79991, 76014, 23898, 25349, 48129, 107888, 65837]"
110063,"[31997, 46854, 46791, 19339, 58123, 20272, 34117, 64957, 100992, 36183]"
110064,"[39033, 14508, 8374, 101364, 28876, 3700, 98163, 83739, 67769, 15295]"
110065,"[83190, 59259, 76705, 73133, 8242, 50364, 44569, 14797, 76008, 88641]"
110066,"[16322, 47601, 63231, 1029, 71778, 35782, 41782, 43038, 87353, 51034]"
110067,"[12624, 87648, 15261, 12800, 69882, 690, 99976, 92497, 107043, 16900]"
110068,"[79047, 68417, 30121, 94086, 87807, 48326, 27807, 12138, 43593, 7505]"
110069,"[106511, 22279, 51623, 103724, 90865, 74844, 98845, 80622, 21522, 57501]"
110070,"[21632, 80328, 57950, 55152, 35449, 46280, 58065, 108515, 9476, 42237]"
110071,"[63593, 17615, 30809, 58966, 18909, 21508, 69752, 21097, 61608, 45673]"
110072,"[1662, 58449, 696, 82492, 34176, 71421, 87095, 101379, 34884, 28870]"
110073,"[63932, 9801, 7422, 98129, 87460, 43605, 58297, 105432, 102159, 90637]"
110074,"[5369, 62409, 61537, 56418, 75032, 8315, 33698, 69214, 48456, 38542]"
110075,"[52519, 57756, 15999, 105971, 56574, 32242, 5477, 104162, 83288, 1654]"
110076,"[13571, 41320, 56200, 65462, 27122, 28399, 2353, 98709, 76603, 95603]"
110077,"[15793, 40609, 53911, 87033, 21005, 48738, 54118, 23484, 62583, 48209]"
110078,"[42397, 2587, 83036, 43560, 103147, 89653, 68168, 89974, 89812, 103392]"
110079,"[11145, 20000, 74843, 82026, 35430, 93541, 77947, 56819, 6049, 71488]"
110080,"[26200, 83020, 106412, 92802, 50432, 53789, 102406, 108974, 19677, 98673]"
110081,"[106632, 5527, 6339, 100627, 88744, 2951, 43531, 73697, 28220, 95540]"
110082,"[1991, 73699, 64987, 44296, 42472, 47975, 11988, 94799, 30258, 43169]"
110083,"[1084, 63312, 37643, 61642, 101185, 14002, 29436, 54543, 63331, 38594]"
110084,"[44701, 50453, 49766, 31618, 91414, 16166, 68161, 22548, 83850, 24687]"
110085,"[85002, 101535, 91372, 35621, 39888, 106653, 7371, 32342, 24672, 90991]"
110086,"[38980, 35979, 100368, 18350, 65365, 62124, 94866, 3860, 60023, 77978]"
110087,"[105674, 94471, 53099, 55667, 40879, 79130, 65784, 96213, 96684, 97262]"
110088,"[20693, 50889, 63193, 53199, 1203, 34576, 51488, 99818, 61702, 50524]"
110089,"[64565, 98609, 79012, 108505, 69390, 108753, 19173, 65456, 84860, 102049]"
110090,"[18035, 82395, 64617, 61603, 99770, 73672, 26191, 101096, 25722, 62458]"
110091,"[63886, 43176, 9932, 56206, 92280, 79786, 42036, 100400, 56831, 48611]"
110092,"[64818, 17758, 72216, 8804, 72410, 44916, 1058, 81712, 57948, 85658]"
110093,"[22310, 62612, 47242, 55429, 83679, 37282, 48221, 6748, 2891, 76946]"
110094,"[106100, 80396, 24791, 105080, 23045, 77096, 49340, 66908, 107788, 82190]"
110095,"[10180, 69663, 35352, 103799, 9695, 90918, 7521, 26370, 65753, 97461]"
110096,"[96489, 6561, 65003, 3504, 52208, 85812, 66772, 61899, 53690, 88954]"
110097,"[85049, 22871, 88386, 107737, 103923, 37354, 34121, 23139, 78486, 32536]"
110098,"[3478, 12979, 73109, 79193, 15331, 45753, 78935, 57286, 59662, 108055]"
110099,"[73539, 66558, 88004, 59916, 53464, 44787, 72597, 92551, 7176, 44464]"
110100,"[79490, 15956, 104510, 18373, 44896, 17026, 10268, 100912, 33118, 58060]"
110101,"[26661, 8461, 177, 93693, 99689, 45965, 94030, 69530, 90702, 105701]"
110102,"[59242, 87439, 102514, 70308, 53329, 49694, 86242, 1671, 23534, 7317]"
110103,"[35406, 85253, 30770, 19591, 66809, 58208, 18659, 49588, 48124, 78918]"
110104,"[102397, 375, 12835, 54626, 104973, 100111, 22305, 3112, 62682, 73376]"
110105,"[82643, 66578, 33719, 50425, 17935, 69229, 34393, 39712, 4096, 101294]"
110106,"[106780, 17725, 84520, 21685, 26601, 91073, 83415, 65141, 51973, 23371]"
110107,"[41193, 25687, 87996, 53282, 846, 45192, 50282, 101466, 89129, 28510]"
110108,"[2282, 35810, 106130, 103872, 41641, 109027, 4770, 72174, 86331, 87874]"
110109,"[43702, 86458, 28714, 72734, 44669, 38400, 42220, 82692, 55947, 56811]"
110110,"[54477, 44807, 25, 94647, 19251, 41917, 80659, 6151, 41440, 98261]"
110111,"[85559, 2160, 29663, 108800, 14181, 98220, 17625, 64261, 45587, 7332]"
110112,"[1385, 8426, 19355, 33308, 52098, 43611, 82263, 69813, 48225, 89819]"
110113,"[10864, 37545, 40360, 106236, 52991, 37281, 17652, 105381, 59999, 75183]"
110114,"[8449, 40495, 51941, 56141, 50319, 6689, 89166, 38013, 96510, 12830]"
110115,"[66961, 49405, 105766, 37757, 18039, 6705, 25515, 29915, 29994, 35901]"
110116,"[4766, 38787, 7429, 86671, 37848, 63604, 26120, 97615, 51536, 98901]"
110117,"[49368, 6662, 16245, 26756, 36192, 97924, 34679, 42533, 59774, 17166]"
110118,"[11743, 48966, 103281, 459, 32908, 24573, 54562, 58747, 49977, 72657]"
110119,"[24356, 100553, 3162, 36279, 36354, 102875, 47937, 76951, 33716, 85652]"
110120,"[52623, 4851, 36512, 83945, 54483, 13911, 56336, 57467, 2399, 15543]"
110121,"[22053, 105951, 35519, 39806, 34164, 73281, 105857, 105880, 69317, 36507]"
110122,"[76379, 36838, 44711, 35260, 55467, 87857, 43232, 14141, 1730, 25116]"
110123,"[86093, 90866, 88130, 33168, 50746, 105987, 79852, 84561, 52842, 46181]"
110124,"[91593, 62609, 38774, 96388, 75622, 40603, 94007, 73159, 29809, 24948]"
110125,"[94793, 89848, 9344, 19074, 26081, 2138, 56558, 70501, 46290, 90385]"
110126,"[51194, 102846, 65310, 88685, 56355, 106975, 23570, 99068, 29300, 69447]"
110127,"[103213, 18067, 96113, 89304, 20645, 98978, 67487, 72932, 97601, 59586]"
110128,"[67927, 22007, 18564, 85570, 49136, 32565, 29672, 99095, 350, 75585]"
110129,"[47535, 42851, 29283, 103437, 35634, 3885, 97636, 50393, 66412, 22273]"
110130,"[36503, 7454, 17761, 54440, 38032, 59455, 52703, 72022, 101350, 29954]"
110131,"[47951, 41082, 28671, 88523, 55642, 68486, 30183, 32778, 88363, 24209]"
110132,"[16780, 18266, 36196, 84254, 15817, 72734, 55711, 41429, 58660, 15076]"
110133,"[34954, 31600, 104593, 47358, 100920, 14150, 1940, 62464, 28026, 23915]"
110134,"[2155, 33391, 20177, 97446, 11771, 7489, 5287, 77453, 57649, 93944]"
110135,"[46248, 63205, 60223, 61778, 6557, 105726, 45337, 102967, 106550, 89479]"
110136,"[67899, 89682, 37486, 107107, 26589, 61673, 19488, 66291, 83700, 62602]"
110137,"[13626, 17003, 31733, 67752, 2409, 59623, 16578, 7792, 17715, 5455]"
110138,"[54914, 54995, 85788, 43196, 107189, 25525, 4818, 45353, 319, 68299]"
110139,"[36710, 697, 17324, 37803, 38986, 60827, 61808, 38053, 107325, 5560]"
110140,"[13790, 25803, 737, 41267, 99071, 42798, 60051, 48340, 81759, 90942]"
110141,"[5719, 30884, 107843, 76990, 49662, 33163, 19999, 74230, 11302, 8071]"
110142,"[102049, 84860, 47762, 20010, 58865, 46651, 63671, 99640, 6713, 75131]"
110143,"[87990, 103440, 34687, 65451, 93366, 34845, 97086, 61215, 5311, 105262]"
110144,"[25464, 74671, 87247, 77533, 13943, 65282, 35681, 38741, 28118, 66326]"
110145,"[16434, 28733, 5118, 80916, 46502, 80758, 94282, 92267, 78046, 107362]"
110146,"[83230, 51254, 66172, 53423, 99180, 12963, 26330, 9118, 106139, 79160]"
110147,"[89222, 88760, 30952, 34257, 41664, 76365, 104431, 90858, 60293, 62766]"
110148,"[44948, 38190, 81836, 28378, 86520, 42843, 61166, 43158, 61251, 91358]"
110149,"[28198, 31259, 28403, 12524, 85538, 97675, 34001, 76579, 47727, 2029]"
110150,"[64990, 18412, 25717, 96658, 3141, 62076, 40067, 60501, 97830, 47949]"
110151,"[107468, 87394, 11174, 35278, 57258, 78962, 105918, 9375, 25930, 76459]"
110152,"[86771, 61014, 101552, 59447, 68787, 8175, 48164, 76492, 106612, 90478]"
110153,"[29828, 89707, 59083, 61095, 72482, 28493, 27650, 97286, 71091, 7064]"
110154,"[52608, 42792, 6976, 53612, 106105, 27461, 24691, 26046, 79108, 40040]"
110155,"[103099, 85278, 62419, 106532, 89655, 16620, 16102, 96173, 69684, 69412]"
110156,"[56066, 107486, 95404, 61139, 68115, 66820, 92858, 57986, 4571, 24397]"
110157,"[26443, 46588, 30207, 77068, 85682, 81709, 58944, 42321, 10470, 101628]"
110158,"[30886, 104866, 88713, 22833, 82133, 20770, 5258, 48434, 75485, 50137]"
110159,"[107853, 105081, 57883, 59692, 524, 33884, 32315, 74272, 87826, 41073]"
110160,"[24858, 14638, 33159, 77193, 49617, 59580, 6399, 73592, 57271, 93229]"
110161,"[57505, 39477, 101277, 34699, 43409, 34410, 109667, 89521, 101115, 39797]"
110162,"[101166, 6408, 45312, 106697, 79315, 46644, 13621, 80509, 107260, 32101]"
110163,"[15914, 109647, 91969, 94565, 29309, 53483, 9497, 33197, 42777, 92500]"
110164,"[14384, 48530, 29574, 94048, 104098, 109365, 86174, 73867, 7977, 37111]"
110165,"[16546, 48037, 98943, 57551, 63472, 61218, 57356, 984, 37931, 33227]"
110166,"[20202, 12100, 72159, 61838, 55089, 108362, 2968, 79774, 95815, 11318]"
110167,"[107583, 80352, 46137, 5435, 14471, 64539, 4433, 51566, 46824, 39237]"
110168,"[63450, 45814, 70434, 45107, 18074, 62405, 68378, 87475, 96084, 102136]"
110169,"[76621, 80967, 15369, 78023, 27916, 18645, 78130, 49907, 39297, 7695]"
110170,"[57835, 109559, 100725, 12540, 77295, 38465, 489, 74118, 27085, 106950]"
110171,"[105912, 102517, 68656, 4407, 91897, 105012, 59543, 90813, 53646, 100405]"
110172,"[42236, 81699, 84828, 84617, 99093, 43839, 1231, 78110, 34633, 89668]"
110173,"[39309, 34004, 36928, 76961, 53897, 53336, 44742, 20889, 48665, 76313]"
110174,"[93914, 104693, 36383, 38090, 56083, 1449, 61755, 49022, 22829, 103085]"
110175,"[29371, 41220, 62769, 83060, 36883, 3698, 40357, 48600, 69333, 108580]"
110176,"[99978, 81261, 105038, 21921, 27285, 87945, 98052, 40919, 17544, 40567]"
110177,"[105615, 14809, 12115, 49184, 35715, 79189, 47339, 57669, 38413, 103568]"
110178,"[90095, 96479, 2393, 10673, 53446, 51003, 48406, 68001, 48286, 66856]"
110179,"[73742, 32182, 64481, 20915, 78392, 89973, 7701, 35770, 78255, 6267]"
110180,"[32941, 97407, 763, 52581, 9955, 11147, 72233, 46547, 107039, 1346]"
110181,"[80760, 102937, 12935, 10906, 51728, 14732, 44856, 61614, 185, 90822]"
110182,"[46047, 12073, 89244, 31324, 25497, 90729, 34600, 42727, 101876, 58664]"
110183,"[100933, 17752, 10620, 56913, 108686, 66531, 80245, 51807, 104456, 108251]"
110184,"[60392, 75872, 66555, 65012, 80292, 50350, 16678, 33815, 60485, 58769]"
110185,"[31944, 70870, 34239, 18165, 63463, 19574, 43385, 12273, 50376, 64226]"
110186,"[54734, 44848, 73592, 64771, 78802, 104405, 102736, 45300, 23512, 6591]"
110187,"[35537, 7918, 18540, 62014, 99436, 57939, 84913, 79310, 71997, 6733]"
110188,"[78922, 108983, 59595, 46182, 46745, 32797, 75322, 9503, 30885, 78066]"
110189,"[98671, 68020, 55177, 22350, 10256, 25908, 61141, 23628, 94845, 85179]"
110190,"[4304, 105993, 50469, 81438, 67465, 91147, 13347, 79438, 18261, 67768]"
110191,"[62819, 18525, 92640, 4177, 73269, 68671, 14800, 99528, 87908, 5240]"
110192,"[39396, 62619, 61514, 27932, 9934, 87703, 44717, 11033, 41546, 4161]"
110193,"[95945, 96499, 4418, 1093, 11675, 25105, 105721, 77946, 82380, 107841]"
110194,"[7938, 27182, 96559, 69810, 68188, 70721, 24902, 28995, 19501, 15351]"
110195,"[36686, 29311, 54769, 38392, 18708, 98286, 63482, 38481, 82224, 15309]"
110196,"[101803, 6138, 88598, 6576, 50174, 50069, 5853, 32409, 54563, 25753]"
110197,"[62601, 82905, 70549, 51736, 24276, 109439, 37661, 93414, 70078, 53316]"
110198,"[79074, 86486, 6040, 71914, 98962, 63125, 9488, 461, 43411, 41847]"
110199,"[81687, 81772, 102996, 68693, 33046, 38961, 46145, 71349, 59344, 71294]"
110200,"[26035, 17318, 24947, 52666, 7002, 94777, 41716, 32553, 34167, 79845]"
110201,"[69696, 107104, 69490, 96931, 32680, 39354, 78181, 40989, 66330, 106363]"
110202,"[43057, 35778, 11994, 35065, 78388, 4533, 15103, 33939, 43629, 14866]"
110203,"[57170, 99485, 7222, 28566, 31042, 9244, 35352, 69663, 86698, 26610]"
110204,"[106470, 101002, 76491, 66994, 61074, 75242, 103533, 24164, 99016, 68449]"
110205,"[100716, 39322, 107935, 308, 86164, 78372, 48311, 64034, 12865, 89516]"
110206,"[94761, 97549, 108683, 2674, 38998, 90023, 31528, 31340, 75300, 95665]"
110207,"[77187, 26064, 30206, 109334, 72502, 48049, 105781, 13159, 71620, 38494]"
110208,"[24060, 57039, 22609, 55115, 109260, 90155, 51371, 107213, 94562, 81798]"
110209,"[50150, 25769, 62180, 73335, 7804, 22819, 88256, 32301, 78787, 72592]"
110210,"[18098, 43964, 70458, 44788, 28061, 98293, 6485, 68549, 92882, 19610]"
110211,"[95441, 62637, 108426, 104760, 24582, 48492, 84360, 57000, 58630, 19363]"
110212,"[94019, 14164, 57316, 11574, 46227, 11190, 13713, 88682, 38281, 42807]"
110213,"[32845, 81679, 33353, 66801, 3304, 43294, 104129, 25826, 74566, 2950]"
110214,"[55734, 98156, 109679, 11050, 70530, 21940, 99023, 58357, 26899, 26429]"
110215,"[42855, 58689, 78532, 11789, 108635, 40629, 103868, 46006, 16968, 6206]"
110216,"[62730, 37896, 87695, 58243, 29376, 76735, 89037, 4740, 37923, 86161]"
110217,"[55276, 85174, 2557, 100332, 69583, 81447, 53373, 87603, 49235, 101522]"
110218,"[38760, 13854, 96892, 12683, 70713, 18763, 77654, 74416, 92912, 86717]"
110219,"[12640, 56844, 77138, 69347, 90508, 3056, 11824, 82214, 95152, 36733]"
110220,"[15949, 49916, 109226, 99979, 71587, 78102, 59998, 17056, 53827, 103837]"
110221,"[49744, 36975, 45252, 96317, 41622, 107754, 13351, 82802, 73974, 32726]"
110222,"[29165, 28899, 220, 48024, 101900, 74564, 66959, 37416, 88095, 6277]"
110223,"[12464, 79642, 49491, 15960, 106107, 32547, 25297, 63882, 94728, 56775]"
110224,"[46274, 32130, 30543, 30201, 14896, 44664, 90347, 62497, 90266, 91507]"
110225,"[98426, 13895, 41708, 77934, 42719, 4530, 39752, 63522, 14676, 51176]"
110226,"[20762, 45079, 2849, 49537, 2109, 92965, 4236, 67745, 46080, 12401]"
110227,"[75708, 22908, 1291, 104100, 26159, 79537, 59355, 65179, 36308, 102541]"
110228,"[69907, 32262, 18471, 7421, 91147, 47147, 61871, 55802, 108677, 82032]"
110229,"[70086, 18863, 27483, 11745, 89277, 7509, 3646, 78043, 55710, 60888]"
110230,"[35292, 9015, 105656, 30009, 6017, 109706, 89221, 49436, 14249, 86908]"
110231,"[57396, 97737, 15210, 20824, 36270, 60998, 89855, 82394, 63766, 102326]"
110232,"[12445, 6179, 99370, 25462, 76424, 2454, 16237, 51327, 66066, 109740]"
110233,"[53140, 81368, 34981, 71156, 58118, 5657, 81113, 102123, 45345, 28470]"
110234,"[4654, 58391, 102492, 57083, 68305, 105741, 96614, 95021, 76228, 73815]"
110235,"[9783, 37888, 26545, 11380, 24773, 64065, 25834, 3712, 31607, 102848]"
110236,"[37187, 56926, 40968, 21348, 29855, 43660, 70377, 2532, 33484, 104550]"
110237,"[63310, 35158, 71332, 98278, 78561, 38527, 16786, 33758, 76566, 12754]"
110238,"[58384, 78172, 34595, 100162, 29784, 74374, 84931, 39400, 2620, 51562]"
110239,"[92178, 16423, 84616, 16613, 17790, 27834, 37441, 108692, 3468, 13267]"
110240,"[20573, 86874, 43297, 4013, 107795, 107749, 34658, 94878, 32069, 83231]"
110241,"[91160, 39478, 3188, 105851, 99755, 85218, 23228, 33541, 14554, 58311]"
110242,"[91761, 41781, 11560, 87337, 54177, 41490, 9035, 5677, 69477, 37650]"
110243,"[89436, 12397, 71830, 106486, 100202, 76501, 13228, 105471, 27802, 13037]"
110244,"[81820, 107261, 106157, 82334, 80754, 3195, 101291, 32348, 5913, 101563]"
110245,"[109433, 68590, 50477, 23032, 47043, 54488, 42181, 22773, 108300, 90521]"
110246,"[73484, 96475, 90139, 67952, 20481, 57389, 14429, 88375, 72283, 104779]"
110247,"[62841, 8422, 67283, 93231, 86051, 6598, 102800, 80634, 58479, 40746]"
110248,"[53869, 32185, 95257, 17063, 92051, 98085, 66450, 108872, 30961, 106014]"
110249,"[24672, 19935, 80911, 81608, 32342, 7371, 90991, 101535, 85002, 91372]"
110250,"[79537, 65179, 26159, 17070, 1291, 22908, 104100, 36308, 75708, 59355]"
110251,"[57546, 100515, 37601, 71626, 79197, 44778, 11908, 102958, 43351, 76908]"
110252,"[7989, 92929, 28768, 100462, 49069, 83510, 27291, 40298, 8957, 106457]"
110253,"[85544, 23018, 85555, 80132, 41946, 26729, 12245, 57080, 50930, 56258]"
110254,"[10324, 33398, 25835, 95788, 34201, 61538, 95604, 4938, 32493, 79476]"
110255,"[41900, 83723, 24459, 3964, 86237, 160, 22196, 80242, 20046, 19755]"
110256,"[95159, 88687, 712, 90848, 43357, 94515, 95917, 32280, 3483, 53235]"
110257,"[107420, 20640, 41938, 86032, 97009, 70665, 72226, 4626, 23559, 17590]"
110258,"[69454, 57510, 69694, 83518, 2755, 35360, 43434, 45914, 107704, 45203]"
110259,"[43488, 11074, 61559, 61146, 49028, 100632, 77182, 39715, 60996, 109235]"
110260,"[95436, 94048, 4093, 92423, 72722, 19040, 94042, 53080, 39065, 96106]"
110261,"[66881, 44161, 15007, 6655, 17462, 26943, 31665, 107252, 12365, 47526]"
110262,"[47708, 89247, 93758, 97837, 46245, 56283, 6874, 5892, 36388, 4379]"
110263,"[102724, 91179, 32447, 105199, 63634, 17727, 48569, 67126, 71812, 40705]"
110264,"[69898, 31638, 79204, 22511, 346, 79038, 54476, 73486, 5220, 9074]"
110265,"[43678, 44942, 67997, 82461, 14, 62127, 37162, 66794, 22325, 75895]"
110266,"[6977, 73115, 72383, 95727, 15210, 10416, 51282, 20699, 72344, 35632]"
110267,"[12012, 42486, 51637, 17584, 81488, 46336, 21044, 75139, 32975, 100569]"
110268,"[15275, 3287, 24464, 94948, 108592, 70996, 53051, 82037, 5969, 93657]"
110269,"[99757, 14084, 90396, 2658, 19096, 85146, 44321, 102396, 77624, 108252]"
110270,"[86948, 88296, 94017, 39253, 102753, 76066, 58965, 32197, 19046, 54637]"
110271,"[29236, 84468, 95249, 56101, 23267, 46725, 96096, 49487, 21155, 102421]"
110272,"[20810, 104196, 104017, 28608, 69881, 94325, 77718, 43060, 91212, 28732]"
110273,"[6774, 24897, 13567, 108759, 50083, 6452, 19811, 58799, 102269, 77111]"
110274,"[21172, 43215, 41005, 100196, 83259, 2067, 80949, 68545, 56697, 16184]"
110275,"[71158, 6461, 4729, 11094, 23129, 42502, 29339, 42138, 38468, 60041]"
110276,"[45954, 61444, 9696, 21746, 86745, 100178, 84382, 36952, 97727, 97683]"
110277,"[35233, 101757, 93454, 34080, 74366, 104743, 2833, 65600, 86462, 86438]"
110278,"[15062, 51932, 50708, 82399, 46109, 15595, 69880, 30791, 99620, 17926]"
110279,"[102094, 8858, 81942, 108685, 20569, 55541, 48676, 49784, 34998, 105986]"
110280,"[96358, 46132, 64432, 3333, 50486, 56525, 36794, 80595, 47744, 101275]"
110281,"[58558, 52873, 108163, 81905, 41471, 71112, 98316, 91392, 1564, 107476]"
110282,"[38151, 43857, 86735, 35950, 88042, 85671, 53688, 70860, 71902, 23381]"
110283,"[91997, 46414, 31583, 87818, 102313, 106071, 20122, 107677, 100284, 1700]"
110284,"[81691, 25248, 25502, 4646, 15076, 56086, 37878, 44347, 86449, 39674]"
110285,"[77918, 84319, 49709, 21516, 18339, 37637, 74404, 98687, 85923, 23281]"
110286,"[98602, 42010, 65224, 74868, 50881, 57516, 30257, 106765, 73627, 31033]"
110287,"[101276, 11907, 82923, 62229, 54921, 83210, 95586, 85603, 6860, 63582]"
110288,"[14399, 80993, 2929, 7014, 8630, 103628, 20842, 74977, 1473, 29449]"
110289,"[17632, 95551, 65056, 69445, 97967, 85519, 25218, 106496, 55221, 94965]"
110290,"[54931, 102437, 89990, 37494, 34596, 82478, 86749, 40391, 68419, 1849]"
110291,"[108629, 40849, 101193, 53499, 104375, 78437, 32235, 104602, 76431, 99006]"
110292,"[66658, 46120, 50177, 8776, 76772, 94704, 76693, 3460, 24348, 86235]"
110293,"[37689, 105402, 33068, 35408, 97137, 24026, 60467, 41346, 53500, 83640]"
110294,"[91552, 85843, 44417, 34240, 12318, 16186, 35700, 106203, 83858, 11595]"
110295,"[77747, 14031, 100463, 37943, 6752, 63114, 99069, 74226, 71205, 30579]"
110296,"[66363, 83034, 97972, 1209, 49549, 25749, 73053, 20756, 5031, 73085]"
110297,"[83713, 34338, 54060, 77269, 8275, 32044, 20562, 11885, 81551, 52242]"
110298,"[85584, 5581, 93421, 74840, 924, 304, 70115, 8212, 81957, 43247]"
110299,"[36775, 103936, 48727, 14342, 101018, 4965, 101134, 60502, 81786, 41764]"
110300,"[74456, 61688, 105688, 65088, 97948, 46749, 80191, 61835, 89167, 76823]"
110301,"[51245, 45892, 88822, 64371, 57681, 85974, 38499, 92410, 90338, 91489]"
110302,"[54862, 21357, 102710, 47823, 26550, 99, 69584, 106736, 48441, 20962]"
110303,"[21606, 86642, 65681, 8446, 70150, 28802, 68754, 30939, 86503, 106346]"
110304,"[83666, 52438, 95207, 97562, 107644, 56010, 103137, 12286, 7987, 99291]"
110305,"[46549, 7111, 97490, 7981, 59267, 98816, 75992, 37145, 74185, 41768]"
110306,"[100563, 56132, 62145, 18807, 23051, 78178, 107077, 51172, 26528, 105563]"
110307,"[20872, 22021, 95488, 7500, 11639, 57971, 75114, 41383, 15119, 88835]"
110308,"[58253, 66157, 25219, 31582, 1204, 61920, 55062, 8943, 98931, 91986]"
110309,"[40104, 92726, 2146, 38324, 22135, 65566, 40672, 84703, 18893, 85170]"
110310,"[13252, 106668, 28600, 32656, 29648, 32977, 81379, 73216, 103970, 96649]"
110311,"[58242, 40730, 36967, 49265, 7172, 69062, 28455, 67926, 82198, 85066]"
110312,"[33892, 65945, 13585, 80089, 92140, 86448, 30420, 83363, 65160, 105300]"
110313,"[65148, 64731, 9297, 9737, 18791, 8451, 91313, 100372, 39959, 101282]"
110314,"[91171, 17085, 10020, 15699, 80832, 57895, 81891, 89122, 27168, 73339]"
110315,"[106659, 43557, 37868, 35363, 17103, 43068, 64498, 43042, 30810, 62898]"
110316,"[85574, 92465, 84788, 80632, 51458, 63107, 53624, 54232, 50087, 17170]"
110317,"[62555, 42874, 80940, 89289, 81830, 90515, 8652, 34155, 25432, 67713]"
110318,"[51059, 106208, 53663, 5006, 84017, 23848, 84449, 60422, 8655, 87645]"
110319,"[22369, 109032, 95147, 62588, 16238, 30395, 91207, 101541, 97375, 16534]"
110320,"[9612, 10054, 23692, 41907, 26589, 12067, 82105, 75343, 67032, 102842]"
110321,"[23456, 94408, 14335, 34268, 78492, 59419, 83403, 67897, 6965, 23513]"
110322,"[75875, 70983, 29295, 103998, 95118, 102332, 24894, 18696, 15021, 104597]"
110323,"[8910, 11052, 79830, 36185, 99712, 95425, 92974, 93640, 100587, 97548]"
110324,"[77101, 106194, 869, 9222, 91180, 75779, 20007, 43967, 75214, 33355]"
110325,"[11173, 95149, 65357, 46707, 106832, 56437, 78923, 20455, 63797, 59919]"
110326,"[21401, 70328, 81617, 54771, 788, 15410, 108825, 52769, 109095, 75793]"
110327,"[19348, 35568, 20412, 54088, 13077, 63059, 39208, 90346, 51436, 36317]"
110328,"[98632, 51733, 87950, 76258, 99281, 41895, 76360, 74371, 24728, 42498]"
110329,"[9563, 82139, 25970, 89083, 59522, 26075, 18381, 17218, 39852, 27900]"
110330,"[45598, 26370, 65753, 103799, 9695, 90918, 33666, 69663, 35352, 5014]"
110331,"[7577, 54339, 30665, 32848, 3942, 84426, 32096, 11956, 31029, 30074]"
110332,"[30566, 66648, 54928, 73806, 50810, 66640, 52036, 96838, 41270, 28905]"
110333,"[20799, 28111, 49726, 107920, 24811, 15263, 22469, 79740, 58588, 93969]"
110334,"[52711, 75902, 21139, 18671, 72791, 70184, 7680, 33891, 59052, 6990]"
110335,"[14436, 72763, 13878, 15803, 93638, 90570, 70181, 72496, 50408, 50468]"
110336,"[71043, 84278, 65170, 73098, 87535, 81211, 62020, 11879, 10610, 11412]"
110337,"[28311, 75086, 30789, 57209, 8303, 39037, 99384, 85404, 51860, 29420]"
110338,"[103887, 57886, 16652, 71995, 52573, 8093, 77841, 79295, 75706, 36560]"
110339,"[67626, 105490, 97573, 14167, 40377, 36257, 37109, 9501, 94920, 22303]"
110340,"[6128, 33528, 75098, 48780, 89472, 40424, 53151, 5253, 27983, 16976]"
110341,"[62331, 10432, 91355, 41330, 109454, 19188, 14420, 51503, 84549, 52941]"
110342,"[19329, 75316, 980, 54697, 13193, 40103, 62557, 81739, 107385, 54168]"
110343,"[82707, 104679, 28962, 45530, 66422, 52212, 15775, 38864, 17272, 6073]"
110344,"[18556, 43851, 44857, 44818, 85650, 61881, 9986, 107567, 25620, 55587]"
110345,"[36990, 21083, 32828, 67444, 59408, 57385, 66163, 1434, 62717, 22902]"
110346,"[101311, 89462, 59161, 1795, 5587, 84083, 87684, 27959, 5414, 1073]"
110347,"[67464, 33364, 49273, 23923, 20404, 14518, 46799, 33885, 7956, 48936]"
110348,"[13108, 86391, 36629, 79499, 108866, 73538, 24810, 87605, 93631, 89300]"
110349,"[93642, 53845, 12556, 39083, 107411, 100346, 365, 5969, 85702, 91211]"
110350,"[8166, 80586, 52599, 3539, 10680, 19416, 80047, 60607, 2939, 71533]"
110351,"[31272, 106006, 67606, 56422, 29098, 16639, 35384, 108641, 2974, 97168]"
110352,"[87931, 93452, 91957, 99584, 25736, 72849, 82010, 81584, 44728, 13671]"
110353,"[50505, 68969, 48209, 40609, 15793, 99748, 53911, 27067, 50909, 48738]"
110354,"[28795, 71142, 103404, 12727, 93651, 46855, 53503, 3225, 92026, 32903]"
110355,"[72062, 100940, 35911, 59555, 73784, 62002, 56829, 59410, 13526, 17944]"
110356,"[30841, 38523, 87940, 51707, 45916, 53407, 22376, 51220, 44345, 67747]"
110357,"[94279, 77554, 8869, 57943, 17620, 58957, 104458, 36682, 46670, 49397]"
110358,"[68824, 92678, 90809, 45234, 76361, 20574, 29540, 8490, 49284, 45893]"
110359,"[3007, 33437, 87790, 43244, 245, 52293, 10563, 96962, 106252, 30327]"
110360,"[13571, 101059, 20519, 2353, 98566, 56200, 65462, 75176, 47123, 81773]"
110361,"[49592, 32619, 41492, 73977, 1339, 98493, 88107, 68911, 101711, 86242]"
110362,"[106498, 77647, 7031, 30350, 43947, 81507, 95117, 95630, 104957, 48965]"
110363,"[84688, 49239, 98597, 57928, 41731, 16642, 85141, 96443, 98930, 5846]"
110364,"[30275, 70951, 50733, 1303, 104379, 9449, 40599, 48914, 7767, 118]"
110365,"[9709, 23247, 62465, 91310, 48208, 22039, 71549, 96480, 11236, 58633]"
110366,"[70297, 53008, 61695, 93357, 106917, 80954, 49896, 39197, 3201, 94487]"
110367,"[84839, 15447, 71681, 77233, 21030, 32416, 14485, 71869, 39471, 14765]"
110368,"[44226, 42957, 63572, 91040, 108482, 7367, 50878, 105211, 68711, 1973]"
110369,"[78229, 52180, 82592, 67170, 27243, 64959, 15020, 74644, 108892, 1526]"
110370,"[9957, 13618, 27958, 103171, 42272, 16356, 15208, 90348, 86638, 26474]"
110371,"[39682, 17251, 41467, 97377, 4240, 54138, 9835, 54690, 104980, 67570]"
110372,"[50238, 17152, 89634, 57644, 92392, 23717, 27146, 92807, 60620, 92042]"
110373,"[70891, 37178, 12072, 93663, 97482, 93703, 18600, 97644, 20835, 103288]"
110374,"[78407, 56524, 5021, 72921, 29333, 85273, 42735, 41810, 21541, 49327]"
110375,"[68267, 36367, 16471, 41812, 36109, 45335, 1085, 21616, 15917, 20342]"
110376,"[85705, 105358, 18724, 26677, 57147, 59153, 77153, 28131, 108347, 7898]"
110377,"[49532, 28977, 101987, 20379, 97997, 107534, 67220, 92424, 63708, 95039]"
110378,"[26543, 15679, 109240, 58614, 11446, 71009, 87949, 34348, 62428, 80786]"
110379,"[71972, 38535, 84294, 74234, 90952, 12977, 23886, 90803, 12838, 7264]"
110380,"[11426, 83028, 90532, 108291, 14197, 24064, 42866, 88754, 10788, 95017]"
110381,"[14457, 22616, 77417, 89972, 92154, 10650, 54048, 104261, 62736, 66118]"
110382,"[11519, 40091, 51627, 76762, 16019, 10751, 109748, 81546, 101598, 105488]"
110383,"[30306, 56051, 48686, 104060, 62942, 46054, 37522, 85192, 58693, 107146]"
110384,"[59442, 65083, 145, 73474, 89285, 89529, 81906, 92378, 23855, 50061]"
110385,"[103067, 46772, 38590, 72028, 100671, 21977, 77551, 32639, 61366, 54874]"
110386,"[78032, 79782, 31351, 45707, 80618, 104908, 97749, 43371, 96233, 55428]"
110387,"[20871, 87836, 19730, 96903, 67113, 76152, 96829, 80361, 54970, 48211]"
110388,"[28103, 29361, 22499, 101900, 6335, 58047, 64844, 31390, 29165, 37416]"
110389,"[18886, 94703, 37955, 18475, 38713, 6336, 83203, 34885, 39997, 92797]"
110390,"[5241, 83544, 26857, 59322, 46592, 68287, 64424, 57062, 3588, 98640]"
110391,"[19740, 15552, 89044, 31006, 87491, 27530, 86442, 61604, 83703, 99623]"
110392,"[61088, 64839, 25355, 58905, 47892, 18997, 86427, 99407, 3894, 95291]"
110393,"[97935, 905, 11411, 99997, 81810, 88812, 44500, 85796, 57642, 30379]"
110394,"[103190, 7198, 19513, 92674, 37326, 56285, 79269, 41424, 31170, 92345]"
110395,"[79079, 86291, 15415, 76369, 13280, 75699, 3961, 4645, 11661, 24032]"
110396,"[22532, 74670, 51501, 73151, 20253, 95783, 50294, 69691, 31269, 4291]"
110397,"[68965, 76450, 11494, 91577, 56646, 103794, 108540, 5442, 1701, 16453]"
110398,"[7659, 21799, 52391, 13134, 37503, 34720, 20126, 3536, 99918, 81603]"
110399,"[63356, 87522, 57622, 97018, 70489, 1364, 46895, 32156, 49873, 43599]"
110400,"[78339, 58220, 7645, 40050, 77707, 30524, 22227, 18522, 6672, 97115]"
110401,"[6253, 96027, 50818, 47918, 71776, 24300, 84226, 106437, 35273, 35544]"
110402,"[70835, 107055, 38083, 103637, 29774, 24861, 40518, 17406, 65503, 102623]"
110403,"[102041, 26588, 68014, 64758, 15693, 42761, 109496, 78093, 29747, 85140]"
110404,"[30456, 50941, 67325, 106439, 46267, 68959, 75202, 74652, 29557, 56445]"
110405,"[88114, 29619, 16125, 79203, 12467, 45641, 86722, 108852, 33572, 88551]"
110406,"[60847, 99089, 53380, 79146, 59786, 34554, 108900, 77040, 46926, 96710]"
110407,"[87448, 74640, 107637, 85303, 77498, 50996, 5669, 98636, 79028, 105646]"
110408,"[41927, 78694, 76684, 33753, 48586, 26913, 50787, 39933, 51741, 61348]"
110409,"[22715, 37138, 68819, 21247, 100228, 85114, 67141, 96931, 40989, 69490]"
110410,"[103246, 58924, 3878, 18867, 66336, 36104, 42732, 106366, 52134, 81671]"
110411,"[94580, 95691, 95098, 91193, 74712, 65624, 3432, 65484, 106052, 80818]"
110412,"[46045, 81377, 88964, 52996, 70411, 97398, 92765, 90434, 36855, 54982]"
110413,"[8446, 86642, 68754, 21606, 70150, 28802, 65681, 8109, 89927, 45765]"
110414,"[29062, 2545, 69159, 41924, 51345, 3724, 95050, 53627, 38642, 70163]"
110415,"[79639, 64036, 14101, 84084, 79167, 62903, 55997, 44580, 87078, 46488]"
110416,"[20024, 28270, 20525, 709, 2629, 72759, 42104, 16650, 34054, 58491]"
110417,"[99390, 51804, 2594, 72154, 31800, 105579, 71882, 105419, 21703, 2693]"
110418,"[66532, 85304, 10116, 74805, 103382, 72304, 62347, 21219, 65825, 51154]"
110419,"[12431, 57132, 3851, 102662, 83681, 58296, 84195, 85210, 10552, 45810]"
110420,"[98268, 34341, 46064, 108860, 67680, 72489, 73087, 69805, 34971, 15332]"
110421,"[26183, 95812, 24727, 93241, 96430, 19359, 91611, 106729, 81629, 30917]"
110422,"[93710, 89468, 47162, 4012, 87299, 75894, 46375, 109467, 33025, 97767]"
110423,"[60097, 107086, 66501, 4317, 108967, 16917, 67889, 642, 98507, 68457]"
110424,"[44058, 7630, 52630, 97358, 73026, 87797, 78851, 29959, 6002, 20217]"
110425,"[65071, 53560, 39439, 42771, 105350, 15244, 390, 17959, 32065, 30911]"
110426,"[88443, 45321, 61193, 30062, 39730, 3054, 3150, 6173, 10384, 54709]"
110427,"[86058, 84955, 27569, 34743, 16326, 60146, 18855, 107613, 70570, 27513]"
110428,"[44106, 79438, 81438, 84693, 67465, 29453, 4304, 41173, 105993, 50469]"
110429,"[90279, 49646, 44951, 34755, 45589, 15734, 86829, 97944, 101363, 47036]"
110430,"[84808, 15980, 8351, 102053, 104634, 4111, 3018, 23086, 11581, 105399]"
110431,"[1128, 27994, 32142, 86902, 44751, 59100, 98506, 25138, 80892, 106783]"
110432,"[40830, 75879, 74023, 6329, 22577, 47268, 104632, 76405, 84123, 37865]"
110433,"[76539, 61924, 59898, 36522, 37389, 28394, 32026, 30497, 74327, 9880]"
110434,"[64917, 13891, 90757, 39461, 49188, 98048, 51896, 105314, 109139, 75987]"
110435,"[42896, 77616, 104971, 34456, 26725, 90243, 18031, 26314, 76605, 82454]"
110436,"[108360, 27054, 98611, 16341, 74923, 40635, 21109, 98613, 104872, 15610]"
110437,"[48688, 48116, 104465, 2415, 80074, 14792, 90911, 27850, 78826, 21894]"
110438,"[60590, 39671, 28689, 50914, 104692, 77536, 54839, 76994, 52813, 103439]"
110439,"[39030, 84297, 85677, 73827, 9494, 99818, 8546, 30822, 100425, 20581]"
110440,"[53833, 104728, 50593, 79995, 96158, 22222, 11617, 98565, 50510, 77065]"
110441,"[35547, 13800, 71844, 31181, 39399, 16442, 95674, 86044, 64774, 26157]"
110442,"[76691, 70322, 62675, 3043, 51767, 97823, 97418, 89723, 22758, 32905]"
110443,"[72035, 14894, 72481, 40869, 87591, 51118, 83968, 19603, 35906, 55408]"
110444,"[43765, 80284, 21607, 99987, 38690, 59045, 103804, 3570, 77429, 95460]"
110445,"[37062, 24706, 78004, 34722, 50026, 1912, 72549, 3203, 14686, 28515]"
110446,"[24708, 31179, 42853, 93760, 77680, 40549, 35299, 31782, 14978, 101284]"
110447,"[61031, 105252, 39129, 1235, 43524, 75843, 21510, 107234, 73217, 43053]"
110448,"[93901, 26555, 18320, 11294, 44363, 2671, 87209, 82201, 71766, 84427]"
110449,"[50059, 912, 13449, 14236, 82044, 7137, 64853, 75637, 98615, 29332]"
110450,"[60784, 25688, 90010, 64298, 75335, 80834, 65109, 89380, 50522, 92149]"
110451,"[33972, 82417, 35184, 78837, 89297, 43056, 28104, 15305, 56385, 27374]"
110452,"[71923, 64735, 8066, 4296, 44316, 63179, 49167, 102188, 46585, 89916]"
110453,"[84235, 27116, 33245, 39618, 84686, 22341, 44989, 95671, 34202, 70009]"
110454,"[3483, 32280, 12370, 59062, 34979, 21111, 93371, 3594, 95917, 95159]"
110455,"[42216, 90700, 18536, 19954, 72483, 7448, 70576, 60971, 3702, 48726]"
110456,"[41751, 87116, 84944, 25804, 81226, 4140, 44072, 49962, 47849, 71226]"
110457,"[94773, 106040, 76356, 2031, 81323, 66606, 108384, 37056, 82192, 48348]"
110458,"[18169, 10882, 9388, 72043, 65439, 96923, 48847, 103986, 88846, 105824]"
110459,"[7447, 97940, 68609, 21624, 240, 17137, 50234, 45445, 16857, 91548]"
110460,"[48535, 18157, 11100, 67169, 16057, 41007, 57579, 56583, 22274, 53156]"
110461,"[33172, 35873, 7188, 22586, 56522, 54845, 9680, 4633, 25721, 43494]"
110462,"[63965, 84118, 4653, 53408, 8018, 36034, 86484, 45997, 14752, 267]"
110463,"[18078, 61950, 41950, 75616, 12035, 86490, 82473, 13559, 33820, 21768]"
110464,"[78084, 77884, 75047, 1232, 822, 2584, 108798, 94000, 17678, 31692]"
110465,"[2757, 108590, 79505, 55217, 20531, 55165, 28223, 35097, 74745, 81916]"
110466,"[81935, 45782, 81063, 29917, 47334, 5246, 3697, 26541, 13290, 82048]"
110467,"[97681, 61413, 104637, 103075, 41162, 19601, 12408, 92830, 82465, 58026]"
110468,"[52054, 59796, 42225, 29475, 50053, 18026, 42127, 32379, 91115, 73817]"
110469,"[77990, 22533, 68527, 53452, 64007, 86871, 80337, 38562, 45345, 102123]"
110470,"[50843, 88210, 7181, 31457, 93279, 52469, 27056, 18977, 30824, 54174]"
110471,"[33116, 24800, 95063, 10785, 10202, 38536, 2343, 67451, 21, 88596]"
110472,"[50194, 77764, 61258, 11658, 5631, 44946, 47417, 89667, 29392, 75867]"
110473,"[77397, 66195, 26178, 32774, 88208, 76637, 87270, 37009, 101861, 48908]"
110474,"[22877, 87677, 65857, 100790, 69212, 53841, 51163, 96631, 25130, 31273]"
110475,"[5686, 85905, 81652, 77025, 26651, 2283, 10389, 104483, 63591, 29920]"
110476,"[47385, 68157, 8207, 52189, 37008, 41186, 15216, 53668, 74108, 73107]"
110477,"[10074, 31296, 69368, 88477, 18543, 17938, 58872, 1332, 10769, 33571]"
110478,"[64792, 90327, 67862, 42499, 107881, 31531, 63227, 73448, 1408, 67130]"
110479,"[84591, 83999, 67576, 70258, 31008, 104229, 35429, 46880, 28588, 15876]"
110480,"[8039, 40771, 59230, 22114, 54112, 91127, 21060, 1817, 77726, 61049]"
110481,"[26907, 95397, 36766, 31449, 82187, 64798, 91557, 31994, 85496, 101241]"
110482,"[26384, 39145, 49523, 54911, 106629, 105626, 37830, 100823, 8219, 100304]"
110483,"[88443, 76395, 45321, 30062, 59119, 89170, 3054, 3150, 6173, 54709]"
110484,"[23221, 10927, 21117, 57646, 17767, 8488, 81499, 20822, 77067, 26073]"
110485,"[7983, 56091, 44166, 101280, 48128, 7203, 62182, 32771, 78385, 33809]"
110486,"[66096, 103750, 57709, 31910, 5681, 41139, 69500, 71457, 49924, 91875]"
110487,"[35361, 58595, 33746, 19639, 51385, 96346, 60382, 13078, 79962, 75840]"
110488,"[33888, 23034, 55143, 26587, 54684, 62358, 4101, 43883, 105870, 29021]"
110489,"[49039, 77856, 57076, 73932, 60031, 104530, 3459, 64226, 62300, 99836]"
110490,"[16853, 60865, 98929, 107466, 35569, 4721, 35711, 95638, 86820, 15165]"
110491,"[92504, 74528, 87906, 52070, 44062, 17771, 49370, 4297, 12973, 20383]"
110492,"[34595, 29291, 96346, 33746, 78172, 69026, 97901, 60484, 66462, 58595]"
110493,"[67463, 213, 31587, 43166, 78585, 21784, 44065, 26745, 58510, 50880]"
110494,"[55058, 42068, 10478, 13704, 57633, 1210, 32838, 63183, 51554, 23648]"
110495,"[103506, 81572, 53471, 11501, 31393, 15594, 103503, 102518, 64341, 65872]"
110496,"[405, 3822, 83902, 40181, 89146, 94133, 45904, 63436, 105831, 6996]"
110497,"[24044, 73731, 21053, 15171, 108597, 24097, 67736, 84948, 77423, 68344]"
110498,"[32395, 80496, 52298, 174, 107454, 49422, 4372, 13461, 82689, 35820]"
110499,"[86959, 39898, 69745, 44589, 28189, 87724, 56146, 35909, 36530, 23192]"
110500,"[104022, 46846, 7559, 46814, 103355, 34785, 63273, 45331, 23440, 62360]"
110501,"[77646, 78126, 85698, 49335, 61930, 86621, 5305, 99108, 12382, 97147]"
110502,"[48131, 42566, 71991, 72331, 37519, 49033, 26716, 92719, 69685, 100674]"
110503,"[1712, 21449, 62768, 94874, 30707, 67959, 65703, 1295, 74744, 53909]"
110504,"[2389, 77423, 97412, 49269, 57533, 93955, 11058, 619, 6429, 81326]"
110505,"[9004, 36214, 79468, 4629, 54655, 93000, 3859, 16877, 14606, 83764]"
110506,"[34840, 1007, 18709, 82211, 38251, 71989, 39611, 58356, 60010, 39825]"
110507,"[59197, 53450, 8794, 25680, 103963, 35240, 31128, 98988, 87569, 98859]"
110508,"[16142, 11380, 25834, 3712, 54212, 37761, 86183, 55038, 98552, 39759]"
110509,"[78837, 82417, 43056, 35184, 33972, 93788, 43761, 20524, 104996, 99112]"
110510,"[61003, 35682, 44591, 54629, 20965, 37295, 76017, 31073, 31777, 29892]"
110511,"[49483, 73980, 26060, 18448, 95033, 45143, 101674, 69969, 86329, 20389]"
110512,"[95625, 106051, 43692, 57226, 62154, 95744, 95620, 38148, 88446, 16622]"
110513,"[19133, 28219, 63507, 94779, 36994, 13440, 103620, 27795, 15916, 15197]"
110514,"[67081, 103110, 75437, 52918, 77256, 20350, 36554, 106259, 42182, 36533]"
110515,"[22144, 70340, 84577, 43282, 69528, 83006, 106554, 27117, 57176, 32451]"
110516,"[79433, 65875, 101210, 31171, 33960, 95163, 19444, 57730, 29681, 8086]"
110517,"[42477, 1365, 56756, 88328, 39452, 53230, 83757, 1779, 108998, 16265]"
110518,"[103873, 49864, 20771, 66824, 39837, 58236, 94513, 45581, 21076, 32912]"
110519,"[74762, 29740, 85064, 60736, 90022, 95848, 83294, 108647, 86801, 39830]"
110520,"[55522, 18139, 11952, 75668, 9603, 15580, 37029, 9038, 32900, 30896]"
110521,"[12332, 10708, 80283, 19247, 34871, 48143, 35095, 72530, 50103, 62687]"
110522,"[52943, 105631, 71512, 35044, 90504, 45789, 105753, 68439, 77976, 19442]"
110523,"[58679, 8634, 104398, 92315, 77664, 64554, 66984, 84471, 90122, 54322]"
110524,"[76178, 103192, 62632, 38513, 87509, 52396, 23797, 4513, 15313, 66442]"
110525,"[82172, 61623, 42558, 67525, 42279, 1139, 4505, 15467, 8887, 50617]"
110526,"[27687, 28079, 81616, 4216, 29153, 69539, 20994, 97665, 106606, 16994]"
110527,"[97282, 33713, 89360, 10526, 38450, 30640, 66598, 57528, 87767, 80562]"
110528,"[80411, 32952, 100052, 86004, 39035, 89211, 103784, 19020, 4097, 13888]"
110529,"[100236, 781, 105035, 91242, 106508, 66471, 23354, 64773, 29468, 99306]"
110530,"[15694, 70841, 33402, 59459, 4178, 94529, 47061, 52491, 49070, 29464]"
110531,"[27410, 63937, 44738, 75, 44132, 66470, 97740, 15392, 106551, 94819]"
110532,"[29397, 3325, 38447, 70455, 60528, 68892, 6475, 6907, 59766, 94156]"
110533,"[53738, 102498, 81119, 44060, 106278, 45690, 42120, 50902, 16365, 99427]"
110534,"[62067, 47292, 65299, 29986, 32265, 93812, 52016, 27069, 11389, 34295]"
110535,"[94669, 76626, 92550, 2715, 106718, 35109, 15526, 9007, 57347, 91709]"
110536,"[100471, 106000, 104569, 59780, 73870, 7343, 18731, 9879, 90157, 16469]"
110537,"[41751, 84944, 81226, 44072, 49962, 87116, 47849, 38453, 71226, 56504]"
110538,"[36998, 22076, 72, 59297, 95648, 38099, 98757, 90181, 46184, 91417]"
110539,"[37347, 29628, 71195, 70378, 59618, 75377, 108905, 32541, 43923, 27148]"
110540,"[64332, 89747, 107499, 41191, 33619, 75685, 20061, 106690, 16590, 74395]"
110541,"[104808, 99715, 82063, 72391, 105931, 68008, 60287, 27936, 19875, 11677]"
110542,"[52167, 41761, 247, 1337, 100017, 86606, 81218, 85395, 6771, 45789]"
110543,"[31013, 66675, 48251, 74156, 72176, 102829, 62846, 44947, 65829, 103652]"
110544,"[55683, 35048, 1413, 8790, 14005, 69480, 61140, 14580, 57392, 43993]"
110545,"[64982, 16319, 60672, 18581, 27147, 11693, 51937, 91397, 25784, 91497]"
110546,"[29550, 61167, 99882, 39133, 22687, 106305, 30729, 4005, 74058, 32458]"
110547,"[96525, 86087, 90020, 75178, 34558, 63253, 71603, 78579, 105384, 59182]"
110548,"[64209, 10616, 104061, 16507, 6793, 97479, 68706, 60191, 17196, 63652]"
110549,"[20076, 75422, 78594, 66174, 107137, 42909, 9172, 67755, 76640, 808]"
110550,"[91964, 104170, 65147, 70668, 56989, 69768, 53037, 51664, 34157, 90659]"
110551,"[45385, 84007, 88702, 90273, 11111, 14320, 9798, 9542, 102685, 60770]"
110552,"[86906, 65988, 97444, 77183, 32713, 33221, 67131, 37746, 109648, 56906]"
110553,"[99349, 30736, 22630, 95040, 92995, 108862, 88423, 49494, 54268, 15462]"
110554,"[34251, 71482, 80465, 44101, 24263, 13029, 96714, 12211, 95324, 26260]"
110555,"[98964, 8718, 51279, 1580, 47203, 6125, 6016, 78521, 16345, 55512]"
110556,"[59696, 64455, 4134, 108171, 102888, 21374, 66544, 32960, 699, 37310]"
110557,"[4303, 27158, 81219, 48491, 107892, 80216, 65373, 81738, 37821, 83948]"
110558,"[41188, 39483, 64976, 33341, 1685, 36551, 27112, 1416, 74761, 38467]"
110559,"[98929, 107466, 35711, 15165, 22983, 42910, 46775, 60865, 16853, 35569]"
110560,"[8710, 68272, 26189, 34163, 98219, 62862, 17239, 56374, 60843, 49653]"
110561,"[55252, 80715, 21813, 80637, 60756, 55878, 89334, 58949, 19450, 107460]"
110562,"[50529, 18489, 46570, 94786, 71357, 3800, 52667, 72212, 73978, 107940]"
110563,"[67560, 20196, 23524, 94775, 34461, 65200, 36613, 55951, 105909, 47424]"
110564,"[101119, 93697, 10425, 13668, 92294, 14188, 88742, 70531, 85978, 39421]"
110565,"[3475, 17454, 69778, 5222, 74756, 36513, 80343, 21337, 42021, 16936]"
110566,"[30000, 48658, 78730, 29706, 97363, 74927, 96627, 58274, 7610, 63402]"
110567,"[84523, 8403, 96030, 44440, 38646, 24186, 61673, 24904, 71100, 37981]"
110568,"[10445, 44028, 54642, 105027, 105809, 12823, 85210, 33790, 73414, 29409]"
110569,"[78926, 56603, 41823, 58787, 80169, 8971, 43044, 10256, 44263, 106695]"
110570,"[8551, 109086, 29661, 78131, 104731, 44065, 61748, 89364, 109121, 26125]"
110571,"[96986, 105139, 47710, 810, 3057, 31254, 11028, 69305, 89662, 42123]"
110572,"[94246, 89110, 77403, 45003, 52204, 32109, 102441, 40448, 99701, 103373]"
110573,"[2009, 53463, 100858, 66913, 3484, 8854, 25299, 35705, 4610, 95082]"
110574,"[31720, 45772, 77684, 79861, 22628, 24072, 71693, 31778, 24650, 104159]"
110575,"[38432, 59873, 63326, 27007, 20492, 13298, 55730, 12221, 5164, 97602]"
110576,"[49322, 39181, 10379, 48783, 4955, 65284, 44903, 103471, 102655, 100269]"
110577,"[15798, 53218, 80645, 2959, 76586, 43380, 34814, 12357, 56486, 77206]"
110578,"[75536, 67932, 49944, 25051, 81987, 65494, 33111, 29852, 42626, 69269]"
110579,"[101189, 89336, 79570, 94082, 98512, 51946, 21028, 108005, 79104, 101509]"
110580,"[76835, 41971, 68013, 2238, 87862, 49505, 34598, 93361, 77119, 59590]"
110581,"[8958, 40913, 94949, 7318, 73518, 54751, 38325, 107911, 1687, 49318]"
110582,"[27076, 70392, 62483, 87886, 26705, 9154, 99481, 79509, 13348, 1963]"
110583,"[71846, 60318, 86081, 79661, 103674, 36941, 100165, 2547, 76625, 47239]"
110584,"[96911, 37729, 66495, 89320, 76043, 10675, 84791, 31350, 41802, 56619]"
110585,"[91690, 65758, 106928, 39198, 16559, 24099, 24708, 42052, 24951, 69793]"
110586,"[34705, 62776, 86626, 20304, 69396, 16942, 101212, 90817, 60825, 17637]"
110587,"[20468, 38570, 17158, 73963, 104551, 22266, 98412, 4799, 31134, 7599]"
110588,"[58830, 41668, 28868, 103317, 19360, 86082, 95200, 34676, 76639, 102501]"
110589,"[44822, 50043, 25064, 102837, 35582, 57299, 106190, 4344, 4870, 14177]"
110590,"[53946, 7982, 47352, 96794, 52196, 52372, 84314, 3776, 85946, 98668]"
110591,"[63033, 109686, 80708, 36184, 105065, 108072, 76199, 36201, 108466, 35774]"
110592,"[72717, 49692, 94206, 42768, 13015, 24576, 105845, 79831, 16340, 38391]"
110593,"[15974, 1062, 44707, 102372, 67572, 86653, 88963, 47299, 45699, 83375]"
110594,"[48652, 48822, 101082, 56320, 42437, 57697, 86968, 44092, 23776, 38226]"
110595,"[103307, 77715, 106376, 9876, 12209, 37656, 59830, 43447, 61022, 108623]"
110596,"[7589, 52330, 83495, 79498, 99365, 23606, 68548, 39479, 18990, 60579]"
110597,"[5343, 66791, 90025, 68243, 109509, 75031, 43778, 95593, 69342, 73225]"
110598,"[83251, 104782, 24899, 12231, 94827, 17614, 52400, 6243, 67257, 27160]"
110599,"[78584, 6224, 22932, 69665, 7218, 95441, 52738, 11902, 102112, 108426]"
110600,"[104072, 43569, 52303, 8689, 80575, 64646, 7882, 69835, 53999, 55501]"
110601,"[7157, 107313, 31119, 17692, 43721, 60086, 55752, 105794, 64335, 23799]"
110602,"[91458, 56494, 109208, 53331, 70621, 56240, 34066, 81678, 50845, 72783]"
110603,"[99966, 37059, 98111, 45405, 61478, 22828, 43658, 84381, 93999, 8250]"
110604,"[90648, 101954, 45499, 72527, 86856, 88022, 62724, 34352, 51332, 104504]"
110605,"[53908, 82118, 13712, 62362, 9850, 78593, 94788, 81337, 54129, 80388]"
110606,"[35666, 14900, 22272, 51410, 80198, 71254, 24916, 10901, 97943, 84958]"
110607,"[91851, 16065, 96365, 100571, 55197, 77046, 55882, 69382, 52589, 98010]"
110608,"[16772, 58428, 76105, 41762, 2796, 99845, 54692, 63921, 67201, 83380]"
110609,"[10967, 45868, 72250, 34512, 70187, 20036, 4549, 92657, 9959, 43997]"
110610,"[59540, 64032, 99108, 64193, 54330, 21756, 76624, 25391, 105793, 46005]"
110611,"[98346, 19238, 63768, 4190, 58266, 44588, 8073, 9528, 52263, 37999]"
110612,"[73904, 39959, 5337, 64757, 52493, 72678, 71511, 80066, 18171, 53708]"
110613,"[47293, 18026, 24863, 67306, 11206, 107152, 102256, 74596, 81080, 94727]"
110614,"[1503, 96608, 24145, 85157, 2450, 20805, 33510, 38110, 21930, 109483]"
110615,"[91670, 24296, 101289, 20715, 108012, 72714, 104473, 60386, 88483, 12071]"
110616,"[30430, 4088, 31784, 1723, 370, 89406, 14165, 62114, 59915, 73332]"
110617,"[5147, 70291, 36327, 16003, 31544, 79364, 653, 51684, 53846, 30124]"
110618,"[70392, 27076, 103874, 9154, 26705, 87886, 62483, 49681, 70453, 61506]"
110619,"[13487, 78824, 71979, 33427, 1491, 50621, 33931, 17630, 56782, 59973]"
110620,"[48104, 70939, 105701, 45026, 90702, 30927, 104032, 28015, 104673, 48488]"
110621,"[47211, 36296, 7913, 80798, 38239, 10400, 28656, 37768, 88849, 83197]"
110622,"[95687, 54446, 10611, 78185, 18198, 50428, 11769, 98648, 5049, 78104]"
110623,"[18054, 73236, 76048, 60944, 78363, 81537, 26912, 23911, 32959, 54754]"
110624,"[26234, 1998, 65871, 43853, 23091, 978, 36994, 104422, 27795, 106186]"
110625,"[30133, 30631, 86897, 41566, 66353, 46461, 49835, 58315, 71067, 46636]"
110626,"[41888, 77250, 87780, 44251, 47711, 21108, 97651, 11970, 19512, 10984]"
110627,"[37599, 91650, 9170, 6857, 104801, 27471, 56822, 33518, 92810, 3444]"
110628,"[19085, 69533, 86673, 11788, 74498, 23499, 95264, 49197, 65930, 60947]"
110629,"[18959, 104590, 3806, 7492, 83424, 53826, 15951, 107287, 67754, 81731]"
110630,"[54948, 29250, 57726, 42000, 79056, 87410, 66921, 54901, 91089, 88514]"
110631,"[68307, 56709, 81327, 70027, 49914, 50434, 107633, 3116, 8611, 39076]"
110632,"[60403, 78103, 10498, 6065, 817, 72931, 60652, 22190, 97606, 32658]"
110633,"[7440, 96558, 19246, 80517, 86962, 100441, 25544, 104150, 1275, 17467]"
110634,"[2818, 13006, 59973, 49372, 15712, 78732, 106825, 65150, 35350, 52888]"
110635,"[62417, 50025, 24307, 67331, 71984, 5263, 89509, 32555, 29195, 36360]"
110636,"[30292, 79186, 41876, 83964, 59673, 71157, 85331, 96333, 17669, 9164]"
110637,"[71451, 59468, 106397, 38807, 8726, 39951, 62283, 69443, 73814, 74092]"
110638,"[18182, 38789, 59464, 7448, 43309, 16038, 8253, 18127, 14092, 24841]"
110639,"[48943, 73603, 83941, 35229, 20102, 57377, 41084, 5606, 91769, 44393]"
110640,"[4035, 7554, 88714, 24207, 82825, 36001, 26900, 3837, 106732, 7846]"
110641,"[76743, 64963, 73357, 49312, 68817, 30247, 79544, 102562, 79071, 108535]"
110642,"[2192, 105585, 76302, 91620, 11648, 101594, 102970, 109701, 46013, 106855]"
110643,"[82276, 23887, 98, 79912, 75608, 35757, 94525, 38817, 56767, 44515]"
110644,"[9927, 45515, 88040, 18778, 1814, 66412, 45049, 54785, 96813, 62233]"
110645,"[25718, 51175, 24865, 15213, 70264, 6642, 80552, 3686, 46920, 34152]"
110646,"[24268, 15623, 18089, 101321, 52367, 26869, 11358, 1684, 108957, 17202]"
110647,"[49866, 92176, 16563, 51050, 80881, 35713, 14466, 69020, 70493, 8542]"
110648,"[104494, 3580, 106814, 59085, 25316, 20225, 104175, 78698, 36218, 52789]"
110649,"[68188, 96559, 27182, 69810, 19501, 7938, 54267, 52827, 70721, 24902]"
110650,"[33267, 47434, 54567, 67495, 40580, 43930, 108727, 24376, 102462, 12186]"
110651,"[8760, 47436, 93559, 89671, 92060, 50639, 93273, 109745, 64296, 106566]"
110652,"[90755, 45445, 97678, 37081, 41857, 73207, 9728, 104686, 54028, 70447]"
110653,"[54067, 1512, 54584, 17400, 45145, 7630, 52630, 74511, 7098, 7777]"
110654,"[25221, 71837, 3746, 105651, 75070, 887, 20684, 26607, 52647, 78786]"
110655,"[59288, 20152, 20406, 63053, 45435, 5425, 65076, 20703, 6264, 17622]"
110656,"[16434, 28733, 80758, 80916, 46502, 92267, 100998, 19724, 110, 5118]"
110657,"[23847, 59067, 39975, 105007, 20378, 106572, 3329, 25008, 1726, 40778]"
110658,"[32927, 60704, 67887, 13001, 39314, 67174, 58839, 75816, 43483, 59191]"
110659,"[1931, 23725, 32602, 21628, 83534, 75521, 42585, 105611, 6550, 60671]"
110660,"[103632, 15987, 36802, 41911, 93528, 66513, 107274, 107087, 57705, 12707]"
110661,"[6770, 21998, 72495, 81522, 47444, 62570, 100289, 34267, 46119, 80750]"
110662,"[30421, 4208, 67727, 28444, 86911, 62066, 92132, 88484, 11155, 79711]"
110663,"[49301, 93736, 36262, 35787, 91099, 63577, 48916, 7669, 105772, 24878]"
110664,"[31271, 76103, 16846, 59634, 94592, 1764, 7572, 64928, 18962, 64179]"
110665,"[81914, 68962, 24222, 51312, 68646, 37889, 40238, 44714, 26527, 11758]"
110666,"[34008, 3234, 64804, 56800, 38234, 1022, 13879, 41738, 17150, 101865]"
110667,"[89386, 18271, 41064, 39510, 76027, 53277, 17667, 89359, 71443, 25033]"
110668,"[9294, 72977, 50471, 44392, 60779, 86311, 69213, 80974, 52275, 47242]"
110669,"[58929, 72287, 53990, 53190, 91639, 78150, 42184, 1214, 94359, 100173]"
110670,"[50961, 14535, 78347, 84422, 38827, 87771, 80019, 56761, 42175, 19900]"
110671,"[6631, 61098, 67790, 30244, 99228, 12961, 76681, 19768, 29786, 64492]"
110672,"[56769, 72757, 59903, 53927, 12545, 82668, 21079, 40604, 99583, 73709]"
110673,"[53741, 98621, 30979, 68511, 59571, 64038, 83849, 40739, 17455, 6608]"
110674,"[22135, 2146, 42379, 70495, 18893, 65566, 84703, 59028, 29600, 38324]"
110675,"[105937, 41853, 89750, 102785, 98366, 69748, 103612, 91044, 94551, 22016]"
110676,"[97809, 49227, 7204, 105309, 91302, 90658, 73881, 5383, 91248, 9867]"
110677,"[45004, 79313, 52921, 107955, 60746, 107762, 94691, 55153, 51054, 20441]"
110678,"[64579, 16979, 67432, 63137, 85511, 41525, 97979, 56375, 82360, 91319]"
110679,"[69289, 33843, 5211, 43563, 74001, 39007, 58770, 102445, 23927, 89341]"
110680,"[50185, 16901, 58642, 89803, 72828, 19560, 14657, 97300, 21748, 47026]"
110681,"[56157, 81412, 87312, 94185, 51150, 35239, 103912, 108443, 32767, 76361]"
110682,"[93058, 59645, 98518, 94502, 61616, 20581, 90769, 88422, 47740, 2467]"
110683,"[41027, 34433, 96560, 70401, 26606, 22990, 74753, 98608, 23204, 102478]"
110684,"[99205, 35582, 17798, 4870, 86402, 6431, 86326, 31934, 19464, 25064]"
110685,"[87824, 41046, 15076, 42366, 30484, 64878, 3060, 81691, 25248, 62004]"
110686,"[1402, 6751, 42500, 24524, 28956, 100107, 10954, 9814, 15547, 52484]"
110687,"[72028, 103067, 21977, 77551, 54874, 38590, 46772, 100671, 32639, 61366]"
110688,"[63191, 58355, 99380, 32015, 95270, 71560, 14124, 107695, 106925, 87945]"
110689,"[61652, 47996, 102075, 59624, 95663, 34031, 3085, 11995, 17575, 72770]"
110690,"[1833, 33403, 106282, 72263, 82106, 46866, 75636, 61572, 23876, 53166]"
110691,"[100197, 105822, 92671, 83628, 107215, 87893, 26460, 105488, 22242, 17524]"
110692,"[54963, 100687, 80167, 60679, 29957, 26939, 51096, 45250, 46390, 37845]"
110693,"[60910, 4800, 44008, 67651, 100532, 28790, 20908, 30838, 3252, 64620]"
110694,"[9890, 29918, 72213, 97680, 96758, 52246, 90224, 74756, 42021, 39868]"
110695,"[98399, 20403, 84582, 40679, 44793, 7042, 62020, 64835, 8210, 60548]"
110696,"[98613, 74923, 104872, 50386, 31838, 108360, 41202, 27054, 98611, 84176]"
110697,"[1374, 97953, 109330, 23516, 75552, 35454, 96114, 43077, 72185, 52644]"
110698,"[31180, 88780, 61038, 94168, 86875, 2570, 36515, 3917, 32621, 59948]"
110699,"[102133, 2525, 71540, 89142, 25261, 20460, 42742, 73227, 43529, 49146]"
110700,"[76509, 37728, 103698, 72343, 65662, 25604, 90159, 9360, 96214, 33577]"
110701,"[101903, 20314, 63818, 55582, 67111, 84571, 86678, 51646, 88932, 72919]"
110702,"[83292, 51271, 91861, 88287, 57169, 61050, 37990, 44847, 107338, 33523]"
110703,"[68048, 14520, 34841, 2856, 103915, 89369, 43777, 50737, 66475, 90076]"
110704,"[106765, 73627, 108805, 31033, 30257, 65224, 51507, 10394, 90097, 98602]"
110705,"[25262, 73367, 60623, 44771, 99570, 52851, 37882, 97104, 103579, 106751]"
110706,"[40263, 42490, 29626, 5575, 79356, 29662, 33919, 78310, 94690, 56444]"
110707,"[23442, 108444, 62673, 514, 86109, 26121, 48465, 73769, 79868, 1766]"
110708,"[4711, 818, 64225, 109057, 78169, 51394, 13730, 49740, 61009, 72836]"
110709,"[21661, 86173, 86062, 45155, 35362, 56045, 103294, 2746, 16243, 78893]"
110710,"[3410, 90171, 57134, 98695, 108877, 95144, 24555, 26883, 27908, 19994]"
110711,"[47032, 49439, 82915, 29969, 20311, 20969, 23395, 55720, 8774, 100805]"
110712,"[71527, 59805, 94369, 9978, 49093, 69962, 62110, 100302, 107400, 40976]"
110713,"[79676, 88294, 50050, 50500, 52680, 72133, 67599, 54260, 15363, 4662]"
110714,"[42944, 103015, 50795, 71192, 51846, 80614, 44285, 48533, 66783, 13308]"
110715,"[102588, 91913, 25569, 60217, 36933, 46674, 23938, 78654, 55007, 25969]"
110716,"[24756, 22730, 91101, 103093, 38942, 97197, 4667, 52094, 47635, 97323]"
110717,"[42881, 17820, 67352, 21278, 54923, 25118, 41734, 38694, 7769, 89977]"
110718,"[74846, 71383, 50793, 37394, 74444, 32718, 5268, 35942, 68640, 17730]"
110719,"[90186, 30986, 339, 53210, 78733, 94886, 3146, 79949, 25201, 93871]"
110720,"[7185, 99582, 97091, 95530, 8591, 17844, 80668, 94718, 42695, 33844]"
110721,"[40870, 7083, 107125, 25494, 83455, 87674, 100011, 24944, 103755, 38011]"
110722,"[102886, 63876, 87018, 33866, 103448, 64446, 97728, 77756, 8064, 90820]"
110723,"[86771, 61014, 106612, 101552, 5882, 90478, 82697, 55621, 77092, 12584]"
110724,"[28316, 71139, 75314, 44165, 52702, 73888, 42219, 2908, 27845, 39274]"
110725,"[36232, 34967, 92855, 26134, 100698, 20991, 44389, 92446, 80715, 80937]"
110726,"[105592, 13187, 83784, 85937, 99842, 63633, 107921, 80924, 50470, 25980]"
110727,"[108896, 63267, 6358, 3100, 44384, 26295, 101655, 49463, 81046, 16513]"
110728,"[28077, 61492, 40828, 86468, 10888, 97216, 68903, 40508, 44279, 50401]"
110729,"[85649, 62854, 42573, 15636, 39079, 48262, 30472, 76239, 79560, 70630]"
110730,"[32614, 93764, 79925, 1576, 11576, 25245, 6320, 82300, 11516, 10764]"
110731,"[94400, 84226, 97558, 103249, 16175, 87755, 1124, 6253, 77720, 57136]"
110732,"[106266, 73981, 104000, 22880, 52731, 68197, 104834, 41395, 25627, 4840]"
110733,"[54446, 95687, 95301, 5791, 97069, 50918, 19375, 87641, 98648, 16926]"
110734,"[46887, 53306, 38348, 432, 77031, 56673, 53666, 85628, 29235, 69797]"
110735,"[107016, 29019, 79480, 13514, 9125, 25214, 52031, 93429, 32842, 54501]"
110736,"[97617, 28662, 1195, 8411, 88305, 32064, 29679, 80557, 25030, 17233]"
110737,"[91336, 30928, 64293, 76167, 8645, 5654, 22345, 90867, 46955, 42811]"
110738,"[45115, 73975, 102098, 8812, 91439, 52550, 98713, 4184, 72879, 88787]"
110739,"[35297, 38259, 91062, 63267, 37435, 24733, 58165, 3100, 91665, 58507]"
110740,"[77860, 4527, 77338, 75349, 43978, 29310, 2993, 61647, 79859, 21256]"
110741,"[73499, 20911, 13633, 10028, 23940, 10729, 15296, 99220, 47273, 9941]"
110742,"[24028, 68209, 35724, 11490, 77485, 77283, 6284, 82754, 69740, 85479]"
110743,"[76934, 64086, 11366, 5278, 64906, 86165, 89156, 49331, 108725, 31642]"
110744,"[96297, 102675, 83603, 74892, 93056, 27672, 26818, 107767, 53150, 106244]"
110745,"[58518, 57433, 73776, 98211, 59591, 64951, 80145, 62547, 51564, 46979]"
110746,"[40615, 29725, 78278, 98664, 54040, 75964, 530, 85454, 94171, 64446]"
110747,"[53040, 7475, 9749, 87496, 5129, 20342, 85423, 94203, 19778, 93024]"
110748,"[80132, 8605, 10100, 26729, 97004, 18492, 36738, 8129, 66382, 69354]"
110749,"[74582, 42324, 101398, 105303, 26533, 34858, 57688, 17827, 73943, 17593]"
110750,"[70540, 101616, 80864, 76190, 28906, 72456, 27973, 41407, 17301, 88640]"
110751,"[84941, 26758, 100482, 100947, 105548, 66587, 88015, 30555, 36037, 5563]"
110752,"[41833, 57853, 55060, 34377, 108156, 85910, 77135, 14592, 92746, 103489]"
110753,"[38404, 89963, 28625, 113, 105216, 70498, 73765, 30058, 59823, 104161]"
110754,"[105650, 30987, 36580, 2834, 55053, 28650, 67871, 53200, 21484, 4832]"
110755,"[5110, 98266, 99540, 10793, 28865, 16165, 16173, 3693, 86756, 67699]"
110756,"[13787, 68522, 107232, 18290, 101823, 91872, 84774, 10615, 74174, 58229]"
110757,"[41814, 10612, 41199, 71042, 34861, 82814, 106454, 17451, 38130, 24912]"
110758,"[45003, 32109, 102441, 43246, 99954, 103373, 52204, 90552, 77403, 47264]"
110759,"[10018, 25935, 14707, 89268, 94667, 79817, 50218, 25028, 70211, 21540]"
110760,"[70085, 102487, 76895, 108929, 14669, 41692, 41848, 108909, 24446, 49400]"
110761,"[90384, 9791, 98927, 89835, 83021, 47481, 56846, 67417, 16908, 49287]"
110762,"[72089, 77342, 61610, 36638, 98769, 29849, 43589, 107682, 76748, 54587]"
110763,"[102188, 107808, 70165, 73315, 50285, 89916, 4419, 54356, 36188, 106386]"
110764,"[64007, 22533, 86871, 10316, 39741, 53452, 48404, 77990, 44004, 75803]"
110765,"[31815, 51601, 31661, 31811, 93615, 20515, 13540, 103355, 63273, 17867]"
110766,"[47974, 103561, 91337, 36274, 59520, 49291, 61916, 28775, 20784, 10279]"
110767,"[61701, 31986, 37784, 106896, 89125, 7500, 57050, 47055, 6538, 3627]"
110768,"[3541, 108076, 28096, 6665, 100255, 4915, 32787, 65353, 69399, 44672]"
110769,"[62791, 106106, 88394, 99495, 102963, 7067, 91995, 14446, 10095, 39818]"
110770,"[79998, 85230, 96950, 64790, 64672, 65990, 547, 79933, 12263, 41029]"
110771,"[16657, 8131, 42194, 83598, 57032, 81195, 4459, 69248, 68615, 56119]"
110772,"[36127, 82979, 85924, 8424, 43187, 57345, 109710, 52831, 93087, 90522]"
110773,"[92191, 91937, 57943, 108614, 84830, 65982, 98476, 58957, 84231, 739]"
110774,"[39571, 48961, 36186, 92308, 79281, 46746, 13496, 87889, 84221, 104257]"
110775,"[58702, 42023, 2508, 14858, 31358, 46797, 107438, 2858, 47776, 25251]"
110776,"[3531, 29084, 78324, 5757, 73036, 72983, 53606, 25845, 63835, 106807]"
110777,"[89597, 50782, 58215, 42074, 63836, 12552, 22567, 42480, 11840, 49283]"
110778,"[27557, 43550, 91468, 58730, 5887, 35581, 6061, 16705, 31278, 52115]"
110779,"[60250, 53405, 26464, 104904, 96605, 91582, 307, 94440, 106507, 7109]"
110780,"[101673, 50454, 104823, 102420, 62235, 97404, 58812, 93530, 13770, 216]"
110781,"[24765, 37402, 30221, 50457, 101955, 105247, 15488, 13723, 81803, 84615]"
110782,"[66518, 93019, 38973, 5982, 80762, 40030, 79838, 72620, 100757, 21956]"
110783,"[84696, 22770, 102957, 13678, 23397, 78577, 81853, 16598, 37633, 20409]"
110784,"[86274, 42558, 26428, 84583, 65794, 94865, 13840, 33389, 4505, 87831]"
110785,"[875, 29707, 57745, 22975, 20046, 83505, 83723, 95217, 51540, 60131]"
110786,"[101063, 22873, 2163, 1868, 36916, 73895, 84463, 95378, 39556, 96228]"
110787,"[6669, 109218, 77941, 107573, 37286, 19165, 60653, 52548, 28879, 52598]"
110788,"[106042, 52415, 34012, 62101, 51162, 68719, 46621, 11307, 106030, 77520]"
110789,"[7531, 84086, 91332, 63514, 73001, 59866, 36792, 46967, 57774, 54988]"
110790,"[16611, 69481, 6688, 32834, 7134, 48187, 35921, 88062, 14297, 105165]"
110791,"[86229, 52995, 22069, 101074, 22049, 17088, 11708, 38277, 106880, 92759]"
110792,"[25841, 58014, 52716, 79514, 8908, 5459, 73262, 68983, 21766, 48435]"
110793,"[38597, 94347, 12463, 85370, 37332, 16949, 41609, 59681, 22739, 96959]"
110794,"[27332, 71151, 79506, 83264, 18938, 86732, 74687, 51945, 80527, 43523]"
110795,"[18918, 83427, 1257, 45386, 9901, 98008, 45674, 471, 48306, 66879]"
110796,"[2646, 105598, 54590, 23220, 64258, 80392, 61058, 19013, 59022, 53159]"
110797,"[61216, 24923, 7680, 18671, 303, 69074, 38209, 23236, 70560, 10307]"
110798,"[30559, 74352, 99555, 90433, 23386, 33327, 4937, 46622, 5653, 15879]"
110799,"[95616, 12146, 34368, 94098, 53487, 3072, 107923, 32647, 14574, 89373]"
110800,"[34025, 92756, 26623, 78060, 58399, 17519, 89537, 1938, 31627, 39373]"
110801,"[63202, 29201, 83536, 58594, 38689, 95831, 46200, 107170, 48393, 60054]"
110802,"[79317, 52798, 54300, 96422, 33967, 35159, 51933, 60180, 57658, 78470]"
110803,"[25608, 106199, 41918, 99544, 26864, 23074, 184, 78595, 8687, 94]"
110804,"[51366, 98016, 63293, 60060, 89098, 25000, 16747, 87285, 67986, 20675]"
110805,"[6995, 77034, 99909, 18797, 72193, 78019, 21260, 42821, 96428, 71061]"
110806,"[51776, 13297, 5676, 55192, 8933, 10298, 23403, 68630, 59499, 23251]"
110807,"[54131, 25575, 98259, 64671, 48571, 108951, 22340, 101915, 67946, 102209]"
110808,"[70594, 107358, 100915, 37163, 68071, 50626, 79939, 75628, 53355, 49253]"
110809,"[28422, 7356, 55597, 108444, 54125, 70992, 65883, 94299, 23442, 21724]"
110810,"[19517, 84123, 11215, 22577, 13757, 43971, 67467, 6329, 12222, 5340]"
110811,"[23934, 101599, 101347, 34762, 4772, 107972, 22334, 101109, 69998, 98494]"
110812,"[36350, 69423, 30967, 23117, 89329, 5002, 29824, 64145, 100968, 41979]"
110813,"[15381, 70327, 37067, 42939, 101528, 90863, 31480, 67040, 67490, 102402]"
110814,"[20896, 52489, 108105, 1462, 50920, 24638, 16791, 69531, 93431, 3144]"
110815,"[47846, 66728, 106671, 8313, 36617, 60001, 6821, 25094, 83382, 98563]"
110816,"[21462, 73491, 101760, 25768, 79357, 34243, 52124, 106364, 36934, 71030]"
110817,"[1116, 67792, 32916, 93980, 14149, 85391, 54370, 73879, 51651, 47668]"
110818,"[35755, 81531, 80853, 4079, 53361, 102584, 39748, 11012, 12762, 18069]"
110819,"[78278, 75964, 88939, 101257, 53340, 40615, 31727, 31873, 6176, 66967]"
110820,"[55540, 39105, 66763, 66342, 91352, 69847, 51691, 104842, 98083, 92938]"
110821,"[77621, 94646, 100943, 76666, 30301, 29803, 30253, 87917, 10521, 96681]"
110822,"[88348, 90979, 89493, 95346, 86125, 47720, 48004, 72367, 57178, 15603]"
110823,"[69669, 35367, 17301, 28906, 51880, 66055, 58936, 70540, 54021, 65124]"
110824,"[107591, 22839, 67103, 26781, 23806, 8691, 41961, 45024, 99595, 32938]"
110825,"[108157, 86332, 92213, 50819, 54302, 58476, 72859, 87237, 24562, 99618]"
110826,"[18190, 88616, 58062, 1046, 59911, 2277, 103403, 68519, 108601, 104838]"
110827,"[67522, 104641, 87009, 29549, 77585, 27174, 18462, 36005, 109628, 22521]"
110828,"[74826, 39224, 96425, 31852, 50336, 94018, 64292, 63037, 82453, 91365]"
110829,"[88773, 14830, 50303, 16550, 56099, 73918, 94900, 41791, 92022, 12892]"
110830,"[90982, 55389, 69751, 7654, 1386, 4135, 8455, 49316, 3681, 60235]"
110831,"[67539, 35201, 2873, 40177, 21280, 92549, 61210, 54942, 24736, 85429]"
110832,"[32720, 72832, 1878, 61942, 11626, 40755, 49442, 82252, 87769, 74834]"
110833,"[16484, 32676, 29217, 21868, 52115, 30340, 105580, 102162, 41455, 55295]"
110834,"[33808, 43768, 61670, 57567, 70445, 38104, 71998, 28870, 71421, 44201]"
110835,"[15234, 34435, 81596, 106279, 65732, 87733, 60503, 2555, 90416, 20747]"
110836,"[16514, 103918, 13562, 16403, 109321, 93836, 10822, 96989, 16080, 107499]"
110837,"[93065, 109154, 21270, 44624, 70154, 32913, 25480, 8140, 65904, 29534]"
110838,"[28970, 62389, 58133, 102550, 91976, 102944, 37849, 41947, 49682, 84311]"
110839,"[63764, 32364, 64408, 45241, 3297, 2852, 81949, 12134, 29837, 29749]"
110840,"[9083, 69811, 80626, 79144, 92035, 43177, 71960, 86248, 23536, 19715]"
110841,"[1394, 57008, 3611, 51706, 70374, 93217, 92586, 70247, 23294, 65927]"
110842,"[45485, 100871, 54084, 21087, 11370, 42401, 81383, 26911, 43856, 43274]"
110843,"[6720, 79451, 88138, 34912, 49394, 21831, 3837, 86682, 102634, 37052]"
110844,"[92796, 104393, 19299, 87004, 54045, 17565, 63520, 93923, 90316, 44735]"
110845,"[55763, 26830, 11770, 32695, 12673, 68452, 43596, 51486, 101553, 63034]"
110846,"[12260, 18487, 48859, 28297, 27347, 86981, 104694, 83043, 91330, 37146]"
110847,"[53120, 36448, 73488, 6616, 44901, 23476, 99847, 7035, 72712, 18091]"
110848,"[92224, 101129, 45333, 20090, 95593, 17545, 84313, 74636, 26721, 106683]"
110849,"[99583, 82668, 127, 82698, 92238, 59903, 5332, 72757, 73709, 21079]"
110850,"[83466, 76099, 35202, 83790, 34203, 60978, 75420, 39302, 44349, 72033]"
110851,"[54285, 80563, 54362, 26491, 97225, 58604, 87240, 37121, 40099, 54009]"
110852,"[71427, 69757, 109525, 11631, 68655, 24007, 92485, 18740, 61270, 27894]"
110853,"[39717, 100428, 95910, 55116, 63963, 56423, 25160, 3064, 98705, 49572]"
110854,"[95428, 3675, 103083, 42185, 65522, 47508, 27352, 43769, 80767, 58600]"
110855,"[99672, 38482, 46072, 92472, 10026, 81569, 4897, 66954, 19418, 70423]"
110856,"[74503, 68886, 4526, 57455, 77148, 80533, 40214, 92092, 31467, 42374]"
110857,"[92003, 90861, 88067, 79528, 101054, 47796, 72261, 51996, 8675, 80142]"
110858,"[53307, 49628, 12109, 41372, 62668, 28178, 30394, 96956, 89182, 13598]"
110859,"[7652, 64459, 302, 9362, 77573, 105316, 76667, 60278, 92626, 32189]"
110860,"[80498, 104815, 78152, 73910, 78696, 20700, 39552, 66062, 47883, 23598]"
110861,"[36597, 63888, 93922, 109300, 87609, 30881, 43727, 72239, 54946, 55572]"
110862,"[83810, 37311, 1807, 69725, 26905, 8289, 101916, 5664, 563, 64429]"
110863,"[23083, 52732, 20189, 2462, 83606, 96501, 16118, 39645, 7315, 106517]"
110864,"[42682, 38500, 15661, 54966, 93085, 97017, 45156, 107836, 23502, 21427]"
110865,"[21552, 18353, 41498, 56720, 105204, 59023, 53376, 19161, 35962, 73367]"
110866,"[46464, 28575, 13624, 33635, 65636, 17118, 4592, 102483, 14787, 20829]"
110867,"[31488, 62363, 49266, 19573, 13116, 39817, 43532, 75184, 21532, 88047]"
110868,"[94348, 13615, 30710, 106794, 103217, 66383, 3269, 70352, 43736, 14100]"
110869,"[94682, 84264, 86043, 33805, 33204, 20787, 29100, 105323, 16169, 29845]"
110870,"[67589, 7961, 89802, 2532, 70377, 55176, 61278, 13780, 37187, 42278]"
110871,"[25880, 21511, 87837, 34466, 26018, 18264, 74982, 54924, 37409, 3648]"
110872,"[31173, 31362, 64493, 91576, 32300, 46518, 59282, 13074, 67484, 98284]"
110873,"[50080, 7287, 23884, 17046, 75362, 63479, 29883, 83955, 30160, 22424]"
110874,"[103325, 14908, 92597, 61812, 26667, 11418, 105535, 13146, 9121, 104501]"
110875,"[104282, 96860, 74007, 37560, 97749, 59457, 108447, 98448, 100523, 83697]"
110876,"[80504, 54954, 100350, 101452, 78650, 25895, 61586, 78431, 19448, 12981]"
110877,"[98465, 104325, 71037, 64897, 103707, 51, 97516, 100648, 86246, 78905]"
110878,"[67878, 68149, 15387, 40457, 82060, 48952, 81036, 88633, 21146, 94619]"
110879,"[85345, 82027, 40392, 88870, 22192, 56005, 71612, 61306, 107094, 53737]"
110880,"[63035, 93135, 33898, 17892, 35113, 25124, 79595, 30845, 26811, 103835]"
110881,"[98308, 104881, 59455, 9672, 81464, 29954, 26113, 94706, 105647, 36503]"
110882,"[60609, 98409, 107317, 19531, 47890, 55189, 23746, 44204, 45128, 9534]"
110883,"[1094, 104828, 94472, 61597, 70964, 61744, 77948, 47230, 11278, 53677]"
110884,"[93332, 32411, 80475, 99801, 109397, 71079, 72447, 68219, 102582, 4309]"
110885,"[1517, 51465, 35014, 99417, 86308, 108165, 74433, 75795, 71237, 36455]"
110886,"[67941, 41159, 29934, 67063, 50112, 65187, 45896, 88098, 41771, 3117]"
110887,"[60494, 30963, 34479, 72497, 80966, 96046, 10707, 24523, 87470, 82720]"
110888,"[65154, 4369, 46382, 91743, 1581, 93500, 87785, 21757, 49824, 29287]"
110889,"[95923, 26856, 70418, 74593, 729, 53815, 92129, 23838, 71425, 942]"
110890,"[67001, 56211, 74920, 33170, 495, 102334, 89198, 34409, 80673, 84972]"
110891,"[48695, 94847, 59714, 57623, 32757, 99888, 36393, 19642, 23023, 22965]"
110892,"[24834, 88450, 29850, 18077, 19099, 56866, 108802, 96809, 41876, 69721]"
110893,"[104882, 13898, 27205, 77736, 22853, 53805, 17966, 10358, 15399, 95118]"
110894,"[7311, 44696, 2007, 23277, 42331, 33278, 78511, 3319, 85790, 28409]"
110895,"[74986, 21898, 107959, 48140, 77474, 60144, 19605, 85646, 97324, 32741]"
110896,"[102527, 72510, 101731, 44942, 104785, 42956, 73595, 73720, 86689, 37162]"
110897,"[21712, 44639, 63874, 61251, 30994, 81416, 19034, 23693, 95137, 22817]"
110898,"[94913, 87632, 8550, 39363, 82658, 108572, 77162, 89949, 8551, 26125]"
110899,"[73557, 24174, 17885, 10339, 60829, 106959, 77029, 82438, 64201, 28890]"
110900,"[25793, 45113, 8015, 48954, 99677, 106841, 47596, 13566, 99328, 23431]"
110901,"[24854, 35399, 438, 68822, 12926, 11966, 38593, 97223, 30846, 77886]"
110902,"[92174, 35492, 100974, 21475, 20392, 69375, 29573, 12329, 75103, 90457]"
110903,"[21595, 65924, 68581, 48184, 94927, 87118, 87249, 89642, 58573, 17101]"
110904,"[53484, 12790, 101337, 93047, 69253, 46012, 71975, 55399, 68125, 30432]"
110905,"[34787, 17994, 48061, 99194, 57965, 40669, 105373, 27212, 78767, 46659]"
110906,"[42594, 4470, 23193, 14534, 57671, 85842, 88639, 93030, 55981, 67069]"
110907,"[53411, 57051, 34734, 31556, 71143, 15390, 91498, 33957, 100207, 836]"
110908,"[26502, 48190, 95820, 72855, 9668, 104082, 55004, 38036, 62536, 57313]"
110909,"[21299, 13422, 33796, 32988, 9393, 25317, 92360, 23703, 14965, 26214]"
110910,"[19019, 76188, 101997, 44853, 59448, 60318, 36696, 67702, 10581, 5739]"
110911,"[37047, 57246, 10483, 79370, 3500, 76319, 67776, 54815, 45089, 38081]"
110912,"[108168, 107463, 68415, 64387, 1221, 90743, 23815, 52390, 37158, 24082]"
110913,"[87635, 108465, 59707, 74641, 21672, 11182, 103169, 17367, 76325, 14629]"
110914,"[10582, 58894, 86643, 67232, 82566, 21823, 88507, 21476, 56035, 65307]"
110915,"[83462, 43109, 109428, 64475, 2703, 55697, 3560, 39407, 44697, 101597]"
110916,"[42959, 99210, 44593, 94702, 16208, 71849, 49991, 16700, 4054, 91948]"
110917,"[55930, 84353, 97942, 99442, 72930, 64945, 45222, 59012, 35162, 29049]"
110918,"[84152, 16396, 93729, 32789, 4409, 44582, 94460, 11260, 18764, 55834]"
110919,"[34604, 57128, 56218, 15475, 103957, 2546, 66569, 109567, 53963, 56735]"
110920,"[2147, 17830, 67265, 21690, 61253, 32633, 26711, 57836, 16988, 61900]"
110921,"[21888, 58317, 7872, 18899, 109704, 40340, 18746, 50736, 77398, 9671]"
110922,"[60542, 31371, 52628, 68075, 8796, 63068, 16622, 78550, 64495, 75824]"
110923,"[29862, 109171, 10451, 36299, 108435, 15178, 32326, 7909, 29063, 79291]"
110924,"[26051, 35816, 87883, 71553, 25614, 7707, 55568, 4641, 88524, 277]"
110925,"[60163, 103486, 53944, 104078, 89039, 48228, 40745, 74331, 106605, 91497]"
110926,"[81535, 69191, 86446, 26634, 90914, 59665, 68146, 87, 7625, 49155]"
110927,"[95950, 56363, 21222, 84560, 26992, 71747, 24616, 39973, 82279, 45433]"
110928,"[73957, 12075, 73642, 98661, 75036, 89061, 39533, 15194, 83905, 72793]"
110929,"[27616, 104935, 94267, 83334, 92774, 83081, 39172, 70786, 86716, 28195]"
110930,"[16574, 84090, 31647, 41505, 49481, 2936, 107630, 61862, 36944, 20929]"
110931,"[100483, 78766, 59553, 14667, 69952, 77238, 76358, 9097, 73835, 37685]"
110932,"[92834, 99411, 95124, 68295, 53520, 1172, 86758, 11897, 108829, 93605]"
110933,"[30148, 33393, 40509, 27892, 23947, 102738, 4571, 6252, 11532, 36491]"
110934,"[59496, 48939, 28603, 20520, 100469, 19848, 107068, 20627, 11554, 88074]"
110935,"[91307, 45144, 60116, 84092, 97907, 1897, 11711, 102719, 1092, 97991]"
110936,"[104808, 105931, 99715, 82063, 72391, 68008, 60287, 27936, 97527, 63112]"
110937,"[109634, 104668, 32679, 5814, 48003, 100006, 56611, 62468, 65992, 98487]"
110938,"[7556, 56038, 78182, 10639, 29929, 64558, 37112, 66389, 46996, 28319]"
110939,"[72602, 37449, 90204, 106893, 76993, 59524, 49088, 88745, 16928, 58556]"
110940,"[57153, 109746, 69576, 96281, 36762, 108553, 22511, 68193, 31419, 66802]"
110941,"[103930, 19679, 95212, 56940, 55590, 102196, 24816, 108070, 5099, 73331]"
110942,"[6532, 74979, 47786, 30998, 48289, 54179, 5533, 1213, 84089, 69511]"
110943,"[66489, 9944, 33618, 81695, 6982, 28382, 102311, 55879, 73020, 69003]"
110944,"[109600, 45281, 50466, 10457, 37928, 11323, 10246, 21081, 93106, 101960]"
110945,"[10649, 26763, 25223, 64814, 29279, 108763, 20781, 83884, 70047, 102999]"
110946,"[94395, 83913, 52400, 37926, 94725, 55964, 70877, 33612, 99930, 66750]"
110947,"[17835, 49318, 105057, 77205, 88933, 39386, 72147, 76590, 28642, 56379]"
110948,"[72607, 15052, 59795, 55083, 79266, 63808, 59946, 31522, 99432, 60667]"
110949,"[25264, 58737, 69471, 86415, 27465, 106574, 18065, 20980, 56921, 99007]"
110950,"[92012, 61261, 100758, 16613, 63277, 30755, 108544, 37441, 22291, 85804]"
110951,"[40475, 10989, 82922, 72571, 31557, 20265, 76563, 80138, 99641, 8056]"
110952,"[90323, 35354, 80907, 38897, 73422, 95908, 78014, 23679, 28929, 27895]"
110953,"[96551, 39870, 17915, 96318, 43990, 60933, 59055, 55323, 85266, 57801]"
110954,"[97430, 87062, 95286, 96246, 83526, 16880, 67305, 47993, 78174, 106378]"
110955,"[17379, 84318, 31052, 84661, 66124, 4249, 109468, 69899, 96391, 29314]"
110956,"[28127, 17861, 72581, 94241, 56624, 91450, 102569, 30470, 75301, 60094]"
110957,"[103768, 60892, 32670, 45964, 59815, 56993, 96016, 98004, 46741, 72862]"
110958,"[103069, 10036, 59303, 83887, 80540, 15820, 59546, 89598, 65763, 33495]"
110959,"[35757, 75608, 44515, 71973, 94498, 84940, 26859, 22430, 13936, 79912]"
110960,"[13516, 45720, 68638, 75721, 668, 59818, 68900, 19253, 70069, 13407]"
110961,"[76806, 88409, 47789, 54032, 82455, 13762, 10382, 6142, 50491, 91459]"
110962,"[46081, 75357, 74278, 108457, 40837, 12080, 94644, 58681, 56284, 38602]"
110963,"[46670, 77554, 94279, 49397, 66440, 84830, 108614, 85594, 36682, 100785]"
110964,"[49148, 97558, 2443, 56084, 2793, 24300, 84226, 41356, 77720, 99139]"
110965,"[20903, 63348, 77011, 104573, 2504, 106620, 97484, 3520, 43424, 13651]"
110966,"[36878, 60841, 7514, 69161, 59950, 12922, 73404, 81131, 45719, 30705]"
110967,"[99985, 53245, 94414, 11036, 72756, 11051, 106566, 36833, 65993, 88884]"
110968,"[96648, 15211, 39669, 96867, 62256, 67515, 259, 23971, 56163, 15287]"
110969,"[64614, 43960, 62753, 76613, 35529, 88817, 90784, 54457, 15909, 13909]"
110970,"[63307, 43323, 54961, 58783, 75313, 64932, 17995, 108119, 105744, 64819]"
110971,"[57865, 86108, 33793, 74827, 47861, 37836, 67960, 85226, 60615, 56938]"
110972,"[33799, 80055, 32904, 81672, 34587, 5489, 12436, 14714, 23236, 39312]"
110973,"[81311, 85873, 104546, 39365, 97994, 57488, 55065, 13196, 7732, 103291]"
110974,"[81423, 90254, 41011, 92067, 176, 68967, 11820, 106568, 105437, 37852]"
110975,"[14915, 74009, 40359, 64986, 70857, 96160, 15711, 27866, 60934, 39393]"
110976,"[20560, 102320, 35329, 98534, 11836, 38062, 89088, 84128, 96186, 88783]"
110977,"[89486, 8533, 65460, 59969, 78635, 16878, 34331, 28224, 95161, 14691]"
110978,"[7636, 89007, 3400, 101479, 24556, 3671, 8136, 90008, 70751, 36036]"
110979,"[71789, 86825, 66726, 21314, 26744, 7889, 105368, 41894, 108382, 5531]"
110980,"[58466, 19649, 43190, 141, 63185, 54276, 13645, 93032, 62006, 55361]"
110981,"[108403, 35279, 78592, 11088, 17099, 108644, 107505, 46341, 91492, 45951]"
110982,"[92911, 65247, 82132, 100498, 72656, 57700, 51590, 39591, 23885, 72823]"
110983,"[47381, 72162, 21594, 21843, 105282, 48640, 61678, 69642, 12844, 17899]"
110984,"[86253, 46487, 62590, 19393, 80389, 96953, 47107, 68175, 55526, 63200]"
110985,"[23058, 31749, 25459, 38528, 1255, 3864, 96079, 5261, 65850, 26355]"
110986,"[70693, 11430, 84822, 16212, 84673, 54169, 107048, 89703, 68986, 52970]"
110987,"[31355, 83147, 74011, 28487, 65773, 57124, 103948, 18506, 52956, 107739]"
110988,"[34608, 82520, 25482, 69462, 32292, 94639, 31839, 18417, 94308, 61470]"
110989,"[40432, 83074, 66935, 88356, 40016, 71745, 59190, 20504, 21292, 28597]"
110990,"[30533, 90218, 10886, 86008, 103237, 97107, 69866, 104725, 69973, 18251]"
110991,"[14419, 100373, 4230, 60133, 80357, 83031, 42748, 8598, 81802, 1142]"
110992,"[15961, 40210, 69525, 28074, 72748, 34774, 39882, 72032, 5224, 77400]"
110993,"[58853, 67215, 18366, 14311, 89091, 42360, 16193, 47910, 22172, 89310]"
110994,"[86876, 36834, 66956, 56074, 26452, 43459, 63093, 27443, 90092, 109182]"
110995,"[1534, 32377, 51721, 95958, 74164, 21121, 75299, 12580, 63212, 89749]"
110996,"[70753, 81043, 102935, 68722, 14639, 53215, 90193, 63013, 108733, 108182]"
110997,"[36586, 103235, 85892, 77982, 84547, 91292, 30660, 19791, 81586, 108474]"
110998,"[50533, 35663, 81718, 1861, 97666, 46378, 47859, 3137, 80437, 58245]"
110999,"[108572, 89949, 8550, 55507, 46756, 51380, 58705, 39363, 108090, 77162]"
111000,"[78742, 87598, 97210, 46541, 67688, 76080, 49472, 25481, 90031, 101751]"
111001,"[90326, 21668, 57508, 101033, 16587, 63910, 72575, 55181, 69420, 52010]"
111002,"[2615, 40772, 8885, 11288, 60497, 46604, 64673, 70625, 55681, 20732]"
111003,"[23560, 65663, 44590, 47960, 107780, 75008, 36764, 19100, 38398, 56109]"
111004,"[6921, 54613, 20905, 26674, 78902, 108539, 25685, 73048, 42831, 92374]"
111005,"[76923, 103395, 47407, 53420, 109692, 83127, 64054, 62751, 43606, 32112]"
111006,"[45652, 5415, 4460, 27185, 92539, 27089, 73842, 71300, 18030, 72996]"
111007,"[10985, 74516, 97176, 98889, 22631, 3003, 55786, 97140, 35092, 29960]"
111008,"[25127, 52677, 41834, 36564, 93797, 21065, 91525, 47156, 58870, 101595]"
111009,"[29353, 47344, 102068, 88380, 81655, 20675, 22692, 93309, 12422, 42040]"
111010,"[11583, 90245, 87201, 73427, 85313, 99160, 62280, 77166, 49461, 75072]"
111011,"[93819, 90291, 2298, 3572, 100261, 67260, 42359, 78867, 54203, 8241]"
111012,"[78121, 22254, 35944, 50154, 47199, 100073, 16122, 81874, 97817, 32537]"
111013,"[39827, 30722, 76456, 44673, 25717, 3141, 108533, 56148, 96658, 31794]"
111014,"[1746, 102201, 81909, 38573, 50302, 10578, 6828, 91825, 33277, 29280]"
111015,"[21153, 30361, 72018, 66937, 4714, 2361, 61132, 71880, 72453, 90900]"
111016,"[37634, 26468, 47231, 72677, 61393, 70105, 50317, 98297, 62104, 5096]"
111017,"[75061, 66291, 85055, 84756, 7307, 83700, 61673, 28526, 107107, 74388]"
111018,"[76849, 92021, 51068, 44933, 102712, 25594, 6761, 16135, 29744, 53565]"
111019,"[61085, 49760, 79485, 59378, 58404, 54171, 102003, 51484, 44483, 35970]"
111020,"[90289, 25111, 14291, 50924, 76786, 7609, 74443, 27520, 32746, 58137]"
111021,"[106805, 93229, 88475, 37798, 6889, 99960, 20561, 3741, 43665, 81971]"
111022,"[88968, 42845, 69624, 93811, 81413, 104806, 107127, 7562, 42162, 33098]"
111023,"[32943, 69045, 80866, 21936, 21253, 86385, 49433, 29659, 976, 27145]"
111024,"[88550, 11535, 45662, 89675, 83803, 93641, 1984, 227, 20722, 662]"
111025,"[75717, 106189, 97015, 6795, 108931, 49720, 27491, 102508, 9394, 13748]"
111026,"[109590, 25284, 75833, 65221, 43446, 26673, 106939, 108343, 18414, 29095]"
111027,"[49196, 105584, 27436, 68056, 24969, 17346, 27428, 35152, 14861, 30724]"
111028,"[20495, 70023, 31866, 36468, 66427, 51820, 69314, 88115, 61908, 31698]"
111029,"[66734, 104380, 84077, 27346, 82477, 2847, 15906, 70686, 88604, 29563]"
111030,"[91661, 28616, 74218, 63076, 10263, 80135, 32664, 9641, 66698, 14780]"
111031,"[78022, 75922, 54164, 93975, 38360, 66634, 35312, 65673, 84523, 6008]"
111032,"[32669, 17668, 86953, 72076, 26268, 5486, 41890, 15491, 32590, 21119]"
111033,"[4524, 68825, 97678, 70935, 29756, 22554, 39292, 44875, 108294, 83291]"
111034,"[102248, 27818, 44549, 108027, 21548, 58791, 65793, 52215, 2820, 102146]"
111035,"[8891, 1054, 46326, 35786, 89054, 13453, 9663, 50304, 1296, 37598]"
111036,"[39387, 98222, 13764, 10914, 16553, 48351, 93851, 53974, 85736, 49256]"
111037,"[40822, 107760, 109335, 28182, 21965, 26465, 39769, 35890, 105760, 35721]"
111038,"[26131, 104332, 100301, 76600, 24156, 67125, 101542, 52963, 47210, 74788]"
111039,"[102800, 80634, 41781, 11560, 49954, 85716, 69477, 85213, 78411, 62841]"
111040,"[44022, 47388, 14344, 45545, 948, 19592, 33035, 37451, 56100, 25445]"
111041,"[4222, 105360, 66314, 29199, 54969, 75549, 102885, 107370, 442, 95212]"
111042,"[91647, 6097, 4596, 79475, 84795, 84901, 32659, 38329, 89789, 18888]"
111043,"[41810, 21541, 87014, 72921, 78407, 76768, 19088, 97835, 5021, 57342]"
111044,"[68690, 34379, 70729, 86844, 103423, 46381, 62333, 12534, 36002, 60522]"
111045,"[83127, 57663, 71856, 109331, 103395, 70480, 637, 62226, 51300, 15504]"
111046,"[73518, 8958, 94949, 40913, 7318, 54751, 38003, 35447, 107911, 84035]"
111047,"[94379, 108566, 9110, 92228, 62384, 89742, 26509, 43486, 3177, 64613]"
111048,"[27576, 2867, 23510, 103013, 21844, 40110, 94474, 73654, 13620, 8905]"
111049,"[52288, 68843, 19579, 27964, 95791, 23494, 85676, 103331, 106791, 38399]"
111050,"[105808, 109480, 41765, 77377, 97096, 61928, 65639, 52885, 56296, 81000]"
111051,"[51991, 39523, 20868, 17451, 81829, 36960, 13992, 24010, 35093, 64594]"
111052,"[75028, 9670, 72895, 87988, 33712, 10479, 82051, 24689, 59576, 50782]"
111053,"[71284, 90257, 100474, 43276, 66949, 51335, 44976, 95698, 97112, 108822]"
111054,"[43075, 8656, 96344, 51799, 63736, 57588, 59104, 63663, 101701, 36432]"
111055,"[105138, 86879, 2057, 11644, 101257, 73750, 31500, 98488, 26686, 46268]"
111056,"[93095, 85292, 72454, 64642, 106354, 83329, 66884, 87887, 101917, 49879]"
111057,"[23137, 23735, 32206, 36323, 33191, 55584, 102213, 77349, 31595, 107399]"
111058,"[23765, 54644, 99944, 102318, 53365, 71794, 22529, 101343, 90593, 67097]"
111059,"[71159, 36106, 105159, 61999, 20227, 71806, 29434, 68123, 84751, 86140]"
111060,"[80253, 80605, 2252, 4624, 11557, 37782, 40718, 33516, 41090, 98521]"
111061,"[54930, 106364, 78840, 28452, 83857, 60131, 41515, 22975, 81234, 71030]"
111062,"[82641, 89820, 68257, 4823, 92312, 2618, 78420, 33678, 38948, 109759]"
111063,"[101499, 108554, 70749, 63674, 2041, 99651, 79891, 31159, 21848, 75556]"
111064,"[107184, 16057, 53156, 79290, 22810, 18157, 43498, 37884, 45089, 105464]"
111065,"[40592, 4386, 21531, 85989, 3412, 17601, 91487, 2011, 96945, 9585]"
111066,"[47293, 24863, 67306, 18026, 107152, 74596, 66522, 33634, 11206, 87235]"
111067,"[109352, 45983, 41142, 104160, 41390, 20970, 98699, 51604, 28910, 27654]"
111068,"[63103, 44014, 89657, 99805, 58669, 30953, 18211, 32815, 57073, 80453]"
111069,"[6298, 104237, 20357, 83245, 30123, 25345, 94290, 9445, 76759, 20799]"
111070,"[77267, 27716, 65454, 100222, 55400, 46881, 11855, 109363, 60991, 65535]"
111071,"[99857, 80231, 37737, 3565, 29929, 66389, 78182, 96575, 74225, 28319]"
111072,"[85176, 92643, 54050, 94444, 56229, 108195, 90777, 30663, 63028, 31490]"
111073,"[88132, 106979, 89583, 100286, 5214, 36995, 8732, 40222, 5495, 20310]"
111074,"[12980, 40227, 38744, 97378, 79738, 15664, 72330, 55708, 12956, 66766]"
111075,"[1463, 27988, 102413, 77572, 30794, 69284, 25398, 21010, 103250, 43480]"
111076,"[79361, 65757, 11637, 7566, 54441, 94328, 97544, 103156, 67154, 61332]"
111077,"[73903, 56261, 56247, 27500, 94248, 44765, 26419, 44044, 4611, 91339]"
111078,"[18321, 94938, 97238, 18033, 94921, 34504, 5535, 82130, 58061, 64612]"
111079,"[51356, 32686, 92570, 75151, 92157, 9656, 45676, 67510, 51965, 76507]"
111080,"[9211, 18295, 22847, 47137, 34715, 38769, 46097, 6607, 86797, 2553]"
111081,"[87663, 33282, 91104, 57757, 92292, 1815, 1111, 54728, 89234, 48176]"
111082,"[55403, 48226, 73219, 75033, 1020, 63244, 103422, 37551, 98333, 6308]"
111083,"[71293, 56016, 53654, 35296, 56461, 5280, 63970, 16511, 104507, 28134]"
111084,"[76275, 37230, 79795, 83710, 73223, 6050, 81487, 30549, 695, 74585]"
111085,"[61602, 57152, 50868, 90987, 93262, 95577, 11108, 98622, 74345, 54761]"
111086,"[81353, 49830, 66855, 28922, 61988, 35738, 84058, 82708, 69069, 12371]"
111087,"[5871, 20349, 8076, 54507, 97864, 36630, 26287, 835, 89983, 79300]"
111088,"[29070, 61002, 45301, 46666, 38628, 40474, 42020, 91373, 67405, 45014]"
111089,"[58584, 21996, 47272, 97941, 80968, 32474, 50972, 34195, 59649, 31165]"
111090,"[81724, 52031, 13602, 78796, 84641, 6952, 75539, 2069, 44269, 27096]"
111091,"[76549, 53728, 24108, 67132, 68532, 24270, 39284, 100922, 76844, 87686]"
111092,"[63184, 35556, 74162, 32494, 20108, 96967, 42118, 42528, 48192, 79852]"
111093,"[32923, 50413, 52600, 56832, 48096, 21782, 34801, 28744, 77497, 82779]"
111094,"[51324, 75588, 8000, 45627, 25757, 103848, 34420, 17770, 95811, 86493]"
111095,"[61301, 100511, 65409, 82809, 8415, 78263, 63098, 63415, 7399, 74631]"
111096,"[97999, 54612, 93339, 24112, 64412, 40214, 29797, 109562, 51573, 63693]"
111097,"[8391, 12652, 107811, 81861, 96902, 21394, 72218, 103760, 3674, 73433]"
111098,"[100741, 46898, 97800, 63346, 34342, 14059, 77781, 41831, 68113, 10966]"
111099,"[69790, 95438, 49528, 95173, 27455, 107205, 88431, 65824, 79931, 64134]"
111100,"[104490, 59043, 94070, 79389, 26232, 31047, 54261, 53759, 94986, 108886]"
111101,"[64664, 18816, 79380, 103283, 93023, 42029, 2559, 55118, 61489, 39082]"
111102,"[65936, 102101, 23955, 75735, 3803, 85006, 9505, 101591, 15654, 78237]"
111103,"[92484, 109546, 82845, 95733, 87584, 99041, 63556, 71822, 107998, 25394]"
111104,"[28267, 89902, 29073, 90275, 30045, 52730, 104284, 16153, 19995, 81301]"
111105,"[23719, 61855, 9792, 80377, 74109, 76336, 85828, 20705, 4838, 20134]"
111106,"[92630, 88036, 73821, 99621, 3443, 27351, 43544, 17583, 89646, 56827]"
111107,"[54147, 52597, 57675, 70684, 5698, 72996, 33481, 57583, 8412, 86958]"
111108,"[71391, 1286, 2035, 98890, 100786, 5733, 87379, 27037, 32369, 104768]"
111109,"[66905, 103723, 53750, 32568, 1117, 37196, 59038, 89471, 96431, 38966]"
111110,"[22848, 97641, 31423, 27643, 96618, 18247, 61137, 25044, 78962, 107468]"
111111,"[107489, 24455, 2076, 39221, 26102, 108078, 608, 31677, 27152, 90132]"
111112,"[93618, 34688, 624, 30535, 86448, 44077, 83435, 14151, 68654, 104900]"
111113,"[104030, 108255, 42943, 79888, 75781, 26440, 68129, 72600, 18608, 76766]"
111114,"[84611, 15416, 85581, 8969, 85015, 83873, 73623, 41861, 96375, 39130]"
111115,"[35934, 89921, 101514, 61461, 72013, 94341, 94022, 67468, 34102, 102911]"
111116,"[60991, 46881, 65535, 30170, 27716, 11855, 109363, 77267, 65454, 22098]"
111117,"[68256, 45675, 57486, 102524, 36011, 63406, 49275, 97828, 88323, 55034]"
111118,"[70384, 56535, 73176, 75173, 7455, 42772, 55473, 666, 89526, 54721]"
111119,"[4657, 19990, 76854, 12150, 88148, 96595, 88875, 94698, 3350, 3777]"
111120,"[73427, 89830, 11583, 87201, 85313, 106194, 62280, 77166, 14627, 43429]"
111121,"[29930, 67949, 7692, 55617, 55279, 45377, 26551, 68441, 5229, 84156]"
111122,"[15859, 14909, 44493, 109167, 6623, 33957, 100207, 34144, 79954, 31491]"
111123,"[10939, 39165, 25170, 89954, 37114, 63669, 76882, 1877, 29434, 81346]"
111124,"[97675, 35460, 86884, 32776, 16384, 61646, 6554, 28403, 85538, 12524]"
111125,"[39412, 44509, 3590, 15237, 85949, 94361, 11515, 57491, 52259, 10736]"
111126,"[16472, 99316, 44087, 68510, 11396, 29991, 102467, 62187, 67817, 6616]"
111127,"[21102, 16567, 90860, 93589, 39718, 69318, 104112, 13604, 66367, 27931]"
111128,"[91613, 28250, 47743, 3937, 69884, 65232, 92947, 73775, 78756, 29021]"
111129,"[36435, 23153, 65074, 93314, 55938, 51858, 103658, 1884, 20237, 20034]"
111130,"[19751, 8019, 17529, 81408, 9247, 4261, 40669, 73056, 86091, 12312]"
111131,"[93962, 84133, 90241, 55494, 105385, 78127, 98407, 20469, 56866, 59661]"
111132,"[106851, 12959, 87653, 43457, 4215, 30044, 15752, 108596, 87249, 89642]"
111133,"[13497, 65416, 61852, 24716, 65078, 17757, 93038, 66217, 47572, 53281]"
111134,"[52252, 74268, 48429, 11345, 8583, 96839, 48053, 3873, 89606, 8569]"
111135,"[12355, 17206, 16555, 23178, 47214, 16744, 52693, 66410, 35662, 35423]"
111136,"[26153, 88470, 74484, 61380, 69565, 6087, 76883, 79751, 87423, 22171]"
111137,"[8279, 92278, 3467, 17420, 87361, 36753, 65062, 66955, 6438, 76781]"
111138,"[4855, 11108, 74013, 45139, 102423, 99439, 38310, 70035, 76840, 66040]"
111139,"[55287, 64846, 44100, 39416, 16034, 18790, 106719, 83041, 54425, 98323]"
111140,"[3687, 93920, 89822, 41141, 55989, 19697, 33337, 72493, 55540, 25540]"
111141,"[96065, 32315, 74272, 60598, 107853, 33884, 43981, 105081, 57883, 59692]"
111142,"[83447, 82537, 71260, 22241, 77949, 68982, 39067, 42012, 29222, 77280]"
111143,"[49932, 83741, 72124, 30924, 47529, 12939, 14714, 91847, 8857, 98853]"
111144,"[97525, 51342, 61554, 19328, 97539, 85203, 87257, 47871, 17347, 6276]"
111145,"[73547, 90038, 52694, 86149, 21140, 46037, 78466, 28207, 64829, 21212]"
111146,"[102268, 55050, 43751, 79612, 12808, 2640, 104441, 27350, 79168, 58047]"
111147,"[3899, 33377, 84178, 44724, 20964, 36269, 44838, 38953, 47913, 67441]"
111148,"[9537, 76486, 29141, 3300, 54126, 50183, 6558, 97500, 2763, 11044]"
111149,"[18376, 79345, 64243, 32429, 104734, 44297, 55405, 93162, 73696, 29963]"
111150,"[55913, 49928, 69234, 85746, 17682, 42539, 26371, 6493, 5116, 22594]"
111151,"[19294, 98145, 35463, 36927, 75788, 13534, 37233, 20019, 24460, 44692]"
111152,"[1827, 74717, 62464, 1940, 51929, 31600, 95157, 89442, 79609, 94546]"
111153,"[50585, 24698, 21141, 106796, 99209, 106272, 99379, 49580, 55633, 36891]"
111154,"[84275, 100086, 47549, 18702, 12328, 48490, 52059, 51281, 11339, 62209]"
111155,"[53193, 95454, 42545, 36521, 92519, 37913, 79043, 32320, 62811, 103540]"
111156,"[51569, 8224, 72363, 59894, 98174, 5154, 44158, 108383, 15558, 89136]"
111157,"[103762, 30708, 40212, 31616, 4284, 51812, 92766, 45946, 15739, 10646]"
111158,"[102384, 73725, 20255, 84455, 99970, 12874, 22461, 46868, 102148, 94694]"
111159,"[19555, 78784, 10812, 44693, 9063, 107552, 26229, 76413, 90223, 76548]"
111160,"[83450, 44258, 34890, 97432, 2172, 57077, 48878, 71781, 18615, 8949]"
111161,"[29808, 60007, 48334, 103864, 81381, 71253, 77185, 108653, 60540, 91197]"
111162,"[5521, 13122, 76518, 95842, 60976, 50433, 107633, 3116, 39860, 104065]"
111163,"[27855, 84908, 97414, 40708, 48016, 98324, 66669, 57714, 6014, 48536]"
111164,"[60743, 88012, 4892, 103171, 86638, 67723, 30696, 28285, 8677, 20415]"
111165,"[56780, 95775, 48093, 57115, 64948, 38367, 65862, 68136, 91615, 35084]"
111166,"[23059, 70250, 106679, 79424, 40181, 23650, 24940, 97824, 82392, 40331]"
111167,"[24788, 637, 57663, 15551, 29711, 28927, 64054, 34782, 41639, 13375]"
111168,"[13748, 72188, 63869, 56985, 64443, 4621, 9394, 30667, 49720, 108931]"
111169,"[7017, 6652, 13388, 17550, 68845, 23605, 72956, 3493, 54834, 67637]"
111170,"[39495, 108831, 66762, 97753, 97456, 41606, 81264, 20692, 75944, 52173]"
111171,"[47417, 8976, 64713, 738, 42541, 106778, 78126, 68051, 85698, 61258]"
111172,"[61354, 46985, 104420, 104328, 83645, 57550, 22518, 60554, 69616, 42501]"
111173,"[22950, 12701, 84021, 94383, 19523, 64279, 14791, 37267, 24592, 8765]"
111174,"[15036, 82108, 71556, 105177, 90014, 36680, 63989, 43861, 9213, 41512]"
111175,"[72931, 60403, 32658, 22612, 78103, 6065, 22190, 10498, 817, 60652]"
111176,"[90607, 4976, 93290, 42001, 73968, 75240, 102298, 50925, 39427, 18046]"
111177,"[64038, 27311, 27911, 44117, 87259, 68469, 15579, 38382, 51382, 68258]"
111178,"[5771, 47504, 75167, 97465, 108548, 72232, 74397, 1690, 64902, 37374]"
111179,"[19585, 30649, 35836, 91234, 9448, 80160, 14442, 82015, 20276, 85873]"
111180,"[14429, 62058, 20481, 34252, 70062, 73484, 20936, 96475, 90139, 73161]"
111181,"[75430, 39130, 3868, 77719, 61375, 101764, 16336, 3763, 2038, 23400]"
111182,"[98380, 80657, 68989, 89311, 6917, 100699, 102559, 26067, 75181, 73620]"
111183,"[56942, 29980, 1495, 60999, 44512, 15403, 51076, 70293, 108675, 93908]"
111184,"[17280, 67864, 59810, 109420, 48129, 107888, 75858, 76014, 38206, 23898]"
111185,"[72110, 15106, 51600, 66408, 54594, 10718, 55238, 12128, 1344, 53782]"
111186,"[53288, 29899, 63866, 74285, 64266, 39915, 703, 86527, 56572, 92829]"
111187,"[60706, 80530, 86166, 16682, 79942, 3237, 49225, 16619, 77587, 106898]"
111188,"[82737, 4121, 107185, 12896, 61913, 107402, 31122, 9314, 18458, 109571]"
111189,"[29138, 106098, 13961, 108717, 74820, 36685, 27948, 1888, 11109, 108345]"
111190,"[34154, 74647, 59765, 78317, 53294, 52388, 65165, 65181, 10533, 109732]"
111191,"[74364, 94785, 94944, 41290, 38091, 61981, 20075, 13328, 66119, 21623]"
111192,"[78425, 88229, 38483, 34560, 83496, 75186, 7755, 31672, 77218, 60211]"
111193,"[60801, 82912, 59071, 59523, 104832, 9578, 46675, 91273, 40355, 90547]"
111194,"[109612, 108053, 27327, 63338, 60157, 105255, 3091, 3819, 14501, 75545]"
111195,"[67587, 57500, 91351, 101005, 68771, 16800, 26103, 1597, 78970, 53097]"
111196,"[83951, 62158, 13866, 860, 19344, 51575, 23662, 1852, 53223, 51433]"
111197,"[9237, 5963, 12026, 48026, 87324, 79040, 69483, 1883, 96261, 24331]"
111198,"[90346, 32942, 67623, 76104, 59734, 27899, 15243, 45032, 85708, 25821]"
111199,"[55930, 35162, 84353, 97942, 99442, 72930, 64945, 45222, 33940, 50720]"
111200,"[15201, 88856, 16040, 109227, 72389, 48328, 109245, 55745, 77628, 31872]"
111201,"[86213, 43801, 18658, 98946, 94120, 27607, 103638, 86406, 41415, 31444]"
111202,"[92231, 92919, 47758, 71631, 22115, 46447, 35018, 38672, 83100, 86010]"
111203,"[65666, 7485, 12050, 73312, 22549, 14594, 55486, 97239, 37294, 26466]"
111204,"[17157, 2827, 27371, 16770, 83553, 99589, 108094, 97125, 96494, 35692]"
111205,"[30877, 3380, 46894, 56981, 34233, 74548, 92711, 3560, 55697, 43849]"
111206,"[59674, 16761, 54902, 45771, 30648, 14958, 80548, 92199, 108551, 10404]"
111207,"[73065, 45970, 61712, 77669, 30711, 63798, 54602, 10092, 23565, 57571]"
111208,"[83999, 104229, 67576, 70258, 31008, 84591, 22062, 2635, 11095, 105242]"
111209,"[101941, 60743, 26598, 89382, 101392, 33554, 26698, 99032, 89554, 47316]"
111210,"[3101, 90770, 46344, 58815, 101076, 3668, 71699, 89275, 102362, 31461]"
111211,"[100836, 86041, 17773, 98573, 74000, 76164, 81614, 94219, 17253, 68068]"
111212,"[60735, 18753, 5320, 99139, 39266, 27385, 84151, 40195, 49512, 41840]"
111213,"[22980, 47365, 21682, 107771, 92960, 55017, 39341, 88599, 41862, 74880]"
111214,"[85560, 55282, 27813, 34773, 107600, 7137, 77323, 86436, 4569, 33296]"
111215,"[50689, 10144, 100433, 23255, 29575, 30751, 29182, 90151, 29103, 78116]"
111216,"[105872, 97883, 68558, 59125, 40302, 19286, 80693, 86193, 99098, 57235]"
111217,"[18602, 35642, 48066, 33970, 30898, 26312, 40572, 88944, 10545, 24381]"
111218,"[82135, 64965, 1735, 96174, 7752, 40602, 96217, 105712, 3126, 20172]"
111219,"[14402, 57238, 19397, 95537, 87330, 11632, 80365, 54284, 88210, 31457]"
111220,"[107416, 71075, 86755, 53622, 61387, 38952, 11309, 26293, 30957, 65894]"
111221,"[84247, 43393, 14582, 84761, 70405, 22541, 22799, 20048, 6032, 70385]"
111222,"[91851, 16065, 100571, 55882, 96365, 8362, 65833, 95838, 61361, 27411]"
111223,"[26888, 69460, 42538, 80739, 58644, 80329, 63805, 109298, 89217, 13737]"
111224,"[82388, 100944, 28904, 105339, 25780, 28711, 20114, 15777, 65614, 85010]"
111225,"[97045, 86057, 95764, 64794, 102360, 6079, 65080, 83025, 10537, 83101]"
111226,"[27428, 17346, 68056, 30724, 66415, 35152, 49196, 27436, 62586, 31086]"
111227,"[23102, 25015, 11860, 24736, 27451, 47604, 43556, 95107, 65329, 95202]"
111228,"[76360, 24728, 95611, 41895, 38831, 100650, 98632, 51733, 98486, 69923]"
111229,"[34423, 71406, 47411, 107178, 52968, 83815, 21485, 47324, 39556, 101063]"
111230,"[16434, 28733, 5118, 80916, 46502, 80758, 78046, 25183, 94282, 62564]"
111231,"[107375, 85461, 2304, 106613, 86344, 14931, 58100, 79764, 23151, 44469]"
111232,"[57557, 40332, 55618, 51923, 57030, 31445, 82771, 6906, 799, 96528]"
111233,"[77704, 98140, 73993, 10160, 19366, 4276, 4101, 12634, 48587, 89189]"
111234,"[45781, 85813, 65273, 75135, 86588, 83349, 28222, 37853, 94356, 35584]"
111235,"[107482, 22033, 8500, 46256, 106415, 49903, 83811, 81147, 39646, 68537]"
111236,"[87124, 18135, 6185, 59364, 60100, 52704, 104075, 28145, 105101, 46539]"
111237,"[82239, 75859, 24903, 34166, 108080, 39344, 77448, 52828, 72484, 23078]"
111238,"[74287, 97580, 87870, 107331, 82366, 92096, 45103, 64109, 11449, 80036]"
111239,"[62795, 91781, 18323, 93269, 88689, 33608, 61826, 25562, 51317, 73600]"
111240,"[2408, 1631, 43864, 103019, 19405, 26713, 5776, 33407, 49243, 22791]"
111241,"[12857, 81344, 10142, 66357, 80217, 83886, 84483, 58435, 69754, 67492]"
111242,"[3022, 91482, 81336, 47590, 43372, 38627, 57297, 65980, 211, 36391]"
111243,"[91008, 63145, 95533, 40964, 102328, 52279, 105075, 103006, 24683, 98075]"
111244,"[91416, 56929, 79139, 24395, 2588, 71454, 51876, 899, 82501, 99314]"
111245,"[28973, 69068, 38297, 101416, 27499, 66476, 41365, 103847, 100134, 5132]"
111246,"[10382, 64457, 57479, 97913, 40153, 95629, 88409, 104785, 72510, 70905]"
111247,"[60444, 23763, 93325, 98491, 47881, 21205, 77132, 28080, 97383, 60322]"
111248,"[22663, 96452, 84492, 93062, 106966, 18857, 63903, 45030, 86303, 95556]"
111249,"[81692, 2793, 62010, 97558, 24300, 3704, 87755, 71379, 3346, 7907]"
111250,"[92874, 21693, 59489, 67500, 29721, 47414, 12535, 100982, 57245, 90499]"
111251,"[63539, 29778, 44711, 5361, 105746, 29256, 36838, 76379, 32225, 15090]"
111252,"[35990, 23488, 34992, 64430, 71858, 57768, 48765, 92234, 65635, 33855]"
111253,"[103073, 26778, 64951, 53702, 73776, 4087, 58545, 46266, 7750, 4503]"
111254,"[14737, 33968, 65882, 108254, 101019, 101295, 8715, 79328, 108662, 22519]"
111255,"[76298, 33877, 12887, 33366, 28838, 40419, 103029, 5540, 91261, 52780]"
111256,"[64993, 48896, 18716, 101765, 97717, 109451, 13212, 55933, 81913, 93963]"
111257,"[105602, 50311, 92645, 51253, 51000, 22599, 18363, 32319, 87139, 58442]"
111258,"[16015, 34665, 21995, 86998, 43072, 54971, 23243, 74622, 5347, 61946]"
111259,"[49020, 38469, 6649, 68488, 10931, 55779, 82712, 73700, 104776, 14998]"
111260,"[52877, 92724, 53167, 109763, 40437, 78697, 77580, 58866, 1148, 85881]"
111261,"[74823, 95884, 55370, 5874, 28933, 76867, 2815, 93182, 81591, 47570]"
111262,"[93632, 37061, 86866, 42674, 98676, 12677, 57213, 45529, 16831, 50883]"
111263,"[107864, 92716, 40997, 42504, 101384, 18610, 72910, 82121, 19598, 53643]"
111264,"[12929, 54001, 91496, 5753, 63589, 54364, 12587, 91474, 107007, 42403]"
111265,"[80259, 57494, 21551, 67519, 98719, 87308, 54786, 16603, 41990, 65790]"
111266,"[63024, 46618, 51339, 38456, 82586, 76444, 41770, 48505, 74581, 68375]"
111267,"[10316, 17247, 72785, 64007, 37215, 13275, 80337, 60258, 54081, 22533]"
111268,"[57301, 13602, 6952, 85142, 18450, 49575, 12591, 17251, 39682, 34340]"
111269,"[55565, 66472, 81247, 72518, 99688, 16484, 61307, 40924, 53247, 47238]"
111270,"[37045, 2935, 99266, 45703, 58575, 61139, 60182, 80160, 93180, 68569]"
111271,"[82889, 87132, 20004, 31074, 91603, 12997, 96152, 49036, 87292, 100901]"
111272,"[26243, 4970, 85349, 99217, 3130, 23796, 37708, 4390, 69672, 42707]"
111273,"[42953, 21814, 90685, 32668, 91995, 16072, 18627, 46025, 41746, 8196]"
111274,"[108738, 51580, 46714, 106008, 83310, 5176, 93827, 78232, 23823, 63869]"
111275,"[13179, 59715, 7954, 7248, 7601, 10081, 41729, 59498, 78477, 106025]"
111276,"[37808, 43168, 30090, 17414, 8352, 53994, 30462, 25268, 57197, 8753]"
111277,"[21073, 9189, 107578, 33326, 48207, 29499, 559, 58206, 10609, 62599]"
111278,"[17663, 17957, 72131, 65474, 69171, 19693, 83696, 96781, 61842, 42978]"
111279,"[83247, 11489, 67354, 52886, 42355, 88479, 27617, 39631, 105227, 87061]"
111280,"[60590, 4548, 39671, 106142, 28689, 60864, 105248, 104692, 77536, 50914]"
111281,"[39287, 91723, 97810, 41973, 52867, 12096, 60525, 108648, 58524, 89795]"
111282,"[65359, 83017, 15701, 37097, 57415, 33845, 70621, 91377, 56240, 81678]"
111283,"[55031, 98613, 35691, 28397, 1814, 41202, 24879, 34538, 21109, 96813]"
111284,"[42317, 108891, 61697, 45273, 39668, 101895, 1207, 89169, 105280, 60975]"
111285,"[58089, 69885, 104062, 61292, 97078, 68343, 76924, 65178, 93009, 34630]"
111286,"[68043, 31262, 25246, 6694, 105118, 61203, 4000, 73274, 95162, 1780]"
111287,"[39883, 10232, 81233, 65238, 26962, 78740, 4469, 95619, 72238, 23707]"
111288,"[22127, 79798, 101363, 15734, 1700, 85888, 20664, 16391, 35099, 109513]"
111289,"[33524, 42962, 102592, 76117, 46085, 11921, 2605, 23149, 18933, 96399]"
111290,"[15521, 82577, 96833, 106292, 102477, 104018, 56905, 75666, 55931, 18558]"
111291,"[42479, 85608, 40531, 74704, 84177, 52823, 77821, 106595, 98555, 4359]"
111292,"[27937, 48296, 20146, 60585, 34206, 1936, 25568, 4191, 62797, 34969]"
111293,"[90277, 83204, 52260, 84766, 77749, 15047, 62688, 100327, 3959, 83174]"
111294,"[50894, 24884, 46160, 82034, 29304, 108498, 88029, 16060, 50781, 19468]"
111295,"[58971, 65277, 63220, 97722, 9485, 78337, 109771, 61106, 50326, 977]"
111296,"[3496, 17061, 4455, 80264, 30380, 61752, 22954, 46257, 25795, 95164]"
111297,"[86981, 99554, 27347, 12260, 18487, 94275, 54132, 92737, 37146, 50161]"
111298,"[37385, 48357, 27741, 23389, 98921, 89252, 32768, 30, 105517, 22389]"
111299,"[17062, 94131, 11041, 16441, 99791, 62676, 8475, 96374, 2490, 33160]"
111300,"[21985, 11672, 78620, 16697, 98031, 92427, 54317, 2731, 20750, 46334]"
111301,"[47037, 15906, 27183, 70681, 35635, 6294, 65342, 77184, 36902, 101160]"
111302,"[44366, 108994, 87817, 97544, 103156, 67154, 42653, 73449, 106482, 40961]"
111303,"[14681, 45670, 102447, 46841, 50347, 86282, 92964, 39982, 100250, 29972]"
111304,"[51501, 22532, 74670, 50294, 69691, 95783, 57154, 73151, 31269, 7500]"
111305,"[92892, 18380, 64405, 94949, 38003, 35447, 53106, 1687, 31380, 84035]"
111306,"[101975, 25589, 12437, 93593, 34505, 89886, 10104, 108978, 34096, 59273]"
111307,"[65062, 87718, 84600, 44089, 8279, 92278, 19483, 66955, 3467, 87361]"
111308,"[81246, 26530, 88153, 97246, 54964, 7778, 98832, 87503, 74171, 109005]"
111309,"[31547, 17799, 46194, 82332, 100490, 28175, 76754, 78509, 27337, 25491]"
111310,"[92061, 35591, 11571, 52482, 4415, 1357, 85539, 90905, 61177, 16842]"
111311,"[100374, 3123, 60960, 85816, 87937, 93999, 49559, 46558, 62592, 9081]"
111312,"[35517, 7749, 53952, 84085, 91426, 55283, 17439, 15422, 46994, 31705]"
111313,"[45861, 83641, 24669, 49229, 93953, 5926, 14687, 85123, 47383, 85995]"
111314,"[83769, 38704, 73836, 22447, 29334, 101655, 3100, 88044, 58507, 91998]"
111315,"[64970, 8112, 84413, 107045, 33718, 2980, 57643, 52782, 43742, 41073]"
111316,"[95104, 32080, 73146, 62963, 91068, 81081, 35125, 71259, 50190, 94624]"
111317,"[3731, 11767, 76734, 95891, 39321, 72537, 107718, 72010, 61329, 103341]"
111318,"[2181, 44758, 100660, 79018, 1757, 40596, 60888, 25285, 44326, 93739]"
111319,"[33528, 6128, 75098, 89472, 48780, 40424, 53151, 16976, 5253, 62124]"
111320,"[34442, 44526, 89086, 87683, 32606, 57788, 68905, 49606, 21720, 29874]"
111321,"[45891, 95229, 7259, 27868, 59170, 12224, 12696, 1141, 40526, 22293]"
111322,"[45516, 7502, 70445, 8519, 57295, 61670, 94837, 49955, 42969, 42431]"
111323,"[86231, 47202, 58202, 98177, 39826, 29755, 76235, 71650, 81968, 34977]"
111324,"[28577, 26219, 9352, 108427, 88243, 95417, 88033, 104801, 27471, 92810]"
111325,"[60408, 92545, 94014, 109025, 63590, 15186, 53205, 4398, 34148, 76091]"
111326,"[90826, 11200, 15141, 35014, 74433, 11815, 100685, 51465, 43290, 85670]"
111327,"[11871, 81904, 9705, 75725, 79539, 84665, 9686, 100515, 1466, 37601]"
111328,"[25677, 24641, 24695, 95626, 81629, 75292, 77676, 96029, 105773, 58968]"
111329,"[74832, 9071, 81171, 47143, 40831, 94006, 53609, 25275, 75103, 90457]"
111330,"[93595, 28696, 58326, 100640, 106645, 31573, 75904, 18997, 51968, 47892]"
111331,"[101486, 23649, 76342, 85457, 69372, 42110, 47487, 66768, 19495, 104657]"
111332,"[78983, 99469, 90336, 79085, 80582, 28940, 92321, 82078, 10439, 30719]"
111333,"[67311, 87897, 70941, 40857, 74903, 84511, 89179, 99143, 34224, 48244]"
111334,"[102907, 94631, 81289, 66790, 30618, 3667, 26096, 93198, 16618, 7135]"
111335,"[7213, 15922, 91454, 71565, 81640, 1114, 61304, 29189, 102513, 106182]"
111336,"[52187, 23340, 326, 47222, 13515, 101453, 86130, 79878, 107742, 47073]"
111337,"[61914, 37214, 28369, 10701, 87414, 44760, 61818, 98056, 54213, 36943]"
111338,"[21057, 52473, 68801, 50883, 36758, 84436, 12677, 83514, 109434, 101894]"
111339,"[67522, 89558, 77585, 27174, 18462, 87009, 29549, 36005, 104641, 109628]"
111340,"[77417, 14457, 92154, 62736, 104261, 66118, 22616, 104314, 10779, 89972]"
111341,"[10817, 13541, 8355, 68723, 54320, 87370, 93507, 71056, 17107, 5617]"
111342,"[59776, 50480, 107919, 956, 108405, 44104, 103357, 75216, 64270, 13476]"
111343,"[45765, 106346, 31274, 10477, 46958, 85747, 4396, 30939, 86503, 5729]"
111344,"[34695, 21068, 101602, 70246, 50267, 61967, 24538, 97506, 65720, 49976]"
111345,"[104348, 73414, 16991, 100250, 34919, 35321, 12809, 45082, 1073, 6472]"
111346,"[24593, 2209, 103076, 106043, 6648, 72406, 45841, 27854, 81180, 66487]"
111347,"[102801, 779, 85589, 106935, 70467, 24415, 98091, 89807, 60708, 76577]"
111348,"[65884, 88181, 87642, 7695, 20658, 90349, 45305, 107308, 90467, 65867]"
111349,"[94466, 24251, 64702, 78877, 85087, 96254, 97847, 60638, 55797, 43590]"
111350,"[3297, 29837, 63764, 32364, 42175, 100898, 64408, 45241, 12636, 87162]"
111351,"[94900, 23064, 35695, 44579, 11387, 34394, 52101, 81018, 52230, 22088]"
111352,"[24474, 73044, 37031, 2317, 88722, 80811, 55820, 71048, 54782, 59210]"
111353,"[5898, 7167, 23169, 51134, 65899, 86767, 28102, 73829, 4926, 97285]"
111354,"[62587, 7631, 46960, 99793, 50426, 33769, 48515, 34617, 101561, 41399]"
111355,"[33423, 66748, 64501, 41877, 39003, 66860, 90687, 63305, 46074, 86541]"
111356,"[33058, 28629, 25899, 69259, 13962, 42488, 3824, 94199, 10791, 30167]"
111357,"[90718, 51932, 46109, 82399, 15595, 17926, 18598, 99620, 50708, 26922]"
111358,"[97916, 31542, 28431, 1473, 99552, 44657, 36910, 45314, 91756, 41901]"
111359,"[91006, 108813, 14405, 107440, 8132, 21520, 108368, 77199, 105496, 91899]"
111360,"[101841, 107496, 82179, 89053, 63936, 90030, 12312, 40940, 81751, 54076]"
111361,"[90356, 86300, 85608, 30918, 67998, 98555, 11447, 106595, 81467, 37630]"
111362,"[80048, 57205, 13136, 93798, 96212, 32460, 99679, 28885, 15732, 30107]"
111363,"[42555, 4765, 77439, 93274, 109174, 55812, 25535, 20801, 59506, 33092]"
111364,"[25582, 20343, 60294, 84554, 29122, 33768, 78516, 70298, 90080, 18779]"
111365,"[105926, 44579, 11387, 52101, 94900, 34394, 60183, 85852, 23064, 35695]"
111366,"[71873, 23295, 5272, 80951, 86539, 70356, 354, 107918, 24670, 4945]"
111367,"[67644, 6862, 56473, 13823, 104377, 6510, 74804, 72947, 22092, 49814]"
111368,"[52426, 24552, 33831, 6490, 36047, 12388, 31089, 44185, 12493, 24487]"
111369,"[90112, 1419, 81926, 57168, 101866, 30093, 1494, 28779, 44076, 77471]"
111370,"[90523, 8735, 48240, 82218, 48940, 55072, 81634, 33767, 61268, 34277]"
111371,"[78691, 16773, 5680, 41623, 97855, 71475, 17472, 46435, 45453, 94429]"
111372,"[72037, 59437, 37624, 97780, 76535, 76439, 73941, 48075, 46337, 95677]"
111373,"[95964, 73380, 3583, 101844, 1426, 4988, 107660, 40334, 46957, 50530]"
111374,"[41077, 56274, 61762, 105906, 81971, 15692, 43352, 64615, 69534, 1100]"
111375,"[102084, 93093, 1069, 78513, 105462, 13903, 6695, 48960, 34877, 72048]"
111376,"[25529, 105253, 57499, 80941, 108297, 78606, 10834, 83434, 29220, 6772]"
111377,"[99611, 105144, 105106, 80454, 53605, 54044, 67608, 33492, 2998, 56403]"
111378,"[12862, 84655, 94101, 84480, 47571, 88725, 69031, 81071, 52910, 67721]"
111379,"[104070, 86682, 65306, 31857, 57615, 91124, 2037, 89079, 79451, 76356]"
111380,"[77987, 44448, 19701, 98586, 82503, 7393, 73757, 84834, 21055, 3632]"
111381,"[7547, 29043, 3282, 40867, 65877, 18772, 883, 5506, 54781, 40019]"
111382,"[38673, 103469, 37559, 8691, 87170, 56233, 36752, 86349, 87868, 45739]"
111383,"[42881, 25118, 17820, 41734, 21278, 38694, 67352, 25725, 78155, 7769]"
111384,"[293, 90012, 83282, 77228, 65280, 90130, 77104, 107627, 47197, 92525]"
111385,"[29273, 103842, 12023, 45705, 3043, 39098, 17813, 72060, 50456, 62229]"
111386,"[88429, 4886, 94953, 109022, 67611, 45177, 75441, 36275, 8447, 90562]"
111387,"[67933, 87916, 11517, 29928, 75464, 21015, 76425, 9538, 58050, 22024]"
111388,"[88240, 55594, 69484, 109299, 94099, 42832, 101352, 80287, 5426, 66098]"
111389,"[9068, 72040, 22505, 106930, 47480, 16001, 37230, 76275, 81487, 92793]"
111390,"[20763, 42031, 14524, 66382, 45193, 108130, 22734, 74683, 8237, 93689]"
111391,"[85303, 107637, 77498, 74640, 95043, 105892, 87448, 46984, 38176, 50996]"
111392,"[6859, 6371, 49776, 73964, 71112, 31911, 45844, 34313, 72924, 23497]"
111393,"[11652, 23641, 49415, 40614, 1899, 70935, 90055, 102636, 71380, 48937]"
111394,"[61368, 84009, 46556, 93028, 74841, 25047, 83928, 91411, 41647, 13980]"
111395,"[32178, 9226, 9287, 85792, 20471, 28539, 49593, 35961, 7923, 90264]"
111396,"[665, 67378, 103143, 28047, 54209, 18938, 68933, 35645, 1239, 922]"
111397,"[56241, 43384, 43501, 66441, 2192, 69272, 20670, 99305, 40972, 35465]"
111398,"[79607, 31959, 17038, 28570, 106519, 63749, 89740, 106493, 17027, 8371]"
111399,"[42586, 77389, 894, 22061, 52300, 70194, 25337, 16380, 88862, 43102]"
111400,"[25473, 21209, 24265, 8477, 95299, 78019, 15239, 42152, 54576, 21260]"
111401,"[80428, 104409, 12511, 55315, 19127, 48729, 35196, 102554, 99816, 25951]"
111402,"[62546, 27628, 82722, 46281, 52029, 97124, 68103, 36567, 93198, 34161]"
111403,"[71400, 83394, 56391, 19227, 90427, 12384, 96300, 11910, 28254, 24948]"
111404,"[105923, 78107, 79446, 51906, 21230, 61001, 61588, 11365, 71461, 39835]"
111405,"[89447, 71064, 59237, 97010, 69126, 87982, 72817, 9901, 91677, 21563]"
111406,"[95562, 71862, 13933, 77139, 14414, 4791, 64612, 100870, 23841, 18321]"
111407,"[33637, 5550, 34525, 3772, 57041, 70475, 93867, 86992, 52049, 78287]"
111408,"[34515, 49867, 50991, 99865, 88055, 89394, 95564, 20272, 4673, 90679]"
111409,"[6865, 17411, 74880, 40943, 81748, 13556, 105604, 13701, 18815, 20504]"
111410,"[68668, 44914, 27322, 36674, 63377, 25706, 42238, 60699, 23563, 15232]"
111411,"[4116, 34851, 72610, 4841, 51796, 35957, 65977, 107238, 106214, 98579]"
111412,"[21194, 87518, 59535, 78465, 77028, 35417, 30046, 75940, 8374, 89109]"
111413,"[50612, 28282, 24116, 19906, 33883, 54627, 57956, 27086, 76638, 75982]"
111414,"[1737, 78814, 36228, 21486, 75559, 63290, 88755, 47962, 31316, 2817]"
111415,"[74614, 106607, 68664, 37244, 78189, 70208, 12790, 55399, 30432, 93047]"
111416,"[26157, 31181, 64088, 31823, 69108, 81051, 16820, 86044, 29932, 26155]"
111417,"[29516, 428, 8721, 9682, 105968, 2051, 51877, 31664, 11195, 6116]"
111418,"[31658, 103207, 10501, 93257, 63793, 25752, 39766, 67084, 64931, 74693]"
111419,"[83811, 107482, 46256, 8500, 39646, 49903, 100630, 81147, 20261, 25877]"
111420,"[11523, 84106, 59269, 77369, 92820, 69377, 58142, 78219, 108760, 53596]"
111421,"[18739, 47219, 59901, 68985, 68662, 8009, 34060, 4553, 60733, 28913]"
111422,"[24957, 42332, 57033, 65886, 89715, 86337, 105463, 25048, 68232, 27760]"
111423,"[63445, 83338, 49369, 38950, 7551, 84638, 72044, 659, 5542, 30989]"
111424,"[109739, 79203, 12467, 72466, 86722, 88114, 72272, 50056, 16125, 9122]"
111425,"[85767, 42117, 32399, 29471, 36892, 62241, 85983, 41719, 97000, 42576]"
111426,"[11071, 78831, 10843, 102822, 5296, 21993, 4347, 10673, 24385, 65576]"
111427,"[22610, 33466, 102132, 73437, 19016, 99973, 14006, 56945, 8111, 5077]"
111428,"[6566, 54050, 108195, 56229, 90777, 64881, 31490, 91949, 85176, 95632]"
111429,"[35374, 58374, 79060, 47135, 52535, 84631, 81056, 69797, 75652, 36810]"
111430,"[90774, 96135, 25792, 18400, 63623, 73536, 25694, 45834, 19793, 7375]"
111431,"[11752, 59165, 105196, 1637, 26007, 36485, 35899, 46452, 22952, 9926]"
111432,"[23532, 47617, 57729, 75429, 383, 101328, 47000, 45073, 49452, 29553]"
111433,"[107726, 90799, 97364, 13962, 40165, 52819, 96588, 13147, 31108, 80162]"
111434,"[3044, 81829, 83661, 1776, 17451, 34100, 2657, 81758, 24010, 20868]"
111435,"[77765, 68766, 12551, 16202, 48094, 70962, 15070, 59834, 74355, 53466]"
111436,"[93420, 97467, 69726, 16896, 88860, 89936, 40663, 43130, 82270, 76019]"
111437,"[35350, 97804, 84534, 6139, 22750, 87154, 65150, 59973, 36647, 33288]"
111438,"[4713, 42684, 107658, 38718, 13535, 95749, 50355, 44965, 13700, 20632]"
111439,"[67555, 40316, 58733, 105589, 92553, 26738, 43693, 19838, 9693, 72073]"
111440,"[49033, 71991, 4638, 48131, 72331, 77962, 42566, 92719, 37519, 99376]"
111441,"[14396, 42368, 38450, 34806, 16376, 106848, 87767, 52906, 71224, 77029]"
111442,"[50823, 5506, 56908, 97642, 72384, 32822, 6124, 45663, 65877, 70938]"
111443,"[6356, 30832, 97188, 49393, 108212, 25595, 102405, 66464, 47075, 18083]"
111444,"[78188, 81638, 69042, 72781, 14618, 28983, 19136, 79824, 82180, 50647]"
111445,"[69797, 81056, 52535, 75052, 82507, 24338, 46707, 58374, 4948, 47135]"
111446,"[53203, 45653, 106826, 3618, 88179, 69890, 107119, 10629, 15205, 86903]"
111447,"[52904, 5626, 43837, 107248, 58401, 82087, 19056, 47924, 72745, 8567]"
111448,"[68332, 54039, 47597, 41897, 1250, 54447, 25742, 93098, 98328, 26951]"
111449,"[42039, 41963, 49724, 66112, 26391, 25103, 101331, 12052, 95751, 3274]"
111450,"[59083, 29828, 89707, 71091, 72482, 27650, 28493, 45369, 79633, 44253]"
111451,"[69464, 12574, 86404, 39429, 99120, 23000, 86176, 21321, 50885, 43856]"
111452,"[73144, 107568, 22353, 104816, 55535, 65543, 16539, 41750, 14030, 49027]"
111453,"[107499, 33619, 75685, 74395, 64332, 106690, 89747, 41191, 91801, 35578]"
111454,"[33028, 93824, 91284, 30842, 22185, 14702, 23835, 31322, 62508, 72691]"
111455,"[91687, 4665, 39681, 3742, 88136, 56660, 102726, 11864, 14355, 26568]"
111456,"[59966, 43355, 106166, 9589, 52807, 52611, 14532, 70330, 102815, 6822]"
111457,"[107495, 104337, 34329, 71765, 68862, 55026, 98362, 73519, 36130, 37621]"
111458,"[3627, 47456, 95478, 78355, 83229, 105556, 73258, 83179, 88319, 86039]"
111459,"[36751, 15997, 86138, 21680, 96872, 16544, 3550, 95587, 82549, 73999]"
111460,"[40840, 30994, 41982, 57797, 35315, 44639, 71847, 16662, 50936, 21712]"
111461,"[34451, 61529, 84961, 70375, 98310, 54215, 63266, 87620, 67189, 56626]"
111462,"[91501, 12456, 70110, 40611, 48553, 41673, 105174, 103683, 65629, 102122]"
111463,"[39253, 54637, 91934, 76066, 102753, 57456, 32197, 41801, 94017, 88296]"
111464,"[98480, 71014, 63743, 4233, 99187, 82523, 15666, 2816, 84034, 102539]"
111465,"[8296, 109101, 100896, 94124, 49215, 15308, 41758, 49199, 95977, 12818]"
111466,"[54182, 63503, 54499, 50380, 45459, 100438, 81084, 58955, 29525, 79680]"
111467,"[71850, 64644, 86318, 6093, 59330, 74988, 106913, 86736, 43183, 40198]"
111468,"[97372, 97500, 49725, 63929, 105099, 85918, 1297, 18476, 6558, 23217]"
111469,"[49091, 46817, 63456, 107340, 77120, 61260, 106002, 28053, 75227, 66013]"
111470,"[64910, 87930, 31790, 95233, 90250, 55941, 109123, 10203, 59337, 31359]"
111471,"[62506, 16536, 105671, 21305, 97535, 100497, 44757, 17960, 13236, 76630]"
111472,"[23462, 39757, 13673, 75051, 13002, 72200, 100058, 12220, 13259, 61123]"
111473,"[34431, 83692, 67268, 62264, 34807, 34615, 91670, 34134, 99579, 88483]"
111474,"[48182, 84954, 69608, 30916, 100656, 21698, 95070, 73245, 87116, 53371]"
111475,"[99483, 19690, 78361, 61399, 99753, 51838, 17205, 17904, 20858, 37495]"
111476,"[56601, 90316, 25709, 92796, 6973, 87004, 19299, 58625, 93923, 54045]"
111477,"[70297, 53008, 14831, 61695, 93357, 15655, 80954, 84169, 49896, 94487]"
111478,"[61233, 59846, 61962, 106381, 103535, 36570, 13627, 106641, 13019, 1026]"
111479,"[1303, 30275, 9449, 7767, 104379, 50733, 73885, 70951, 108151, 45614]"
111480,"[9914, 63703, 26254, 80867, 80302, 61254, 18184, 88701, 84759, 46173]"
111481,"[5038, 61716, 75281, 82804, 36525, 62934, 97977, 95694, 75531, 67422]"
111482,"[22294, 90425, 77928, 82496, 60091, 6567, 66642, 22625, 24867, 32998]"
111483,"[13453, 102387, 27996, 31592, 12426, 11120, 99533, 8891, 35786, 89054]"
111484,"[32699, 101952, 10807, 59128, 31851, 67634, 2417, 1748, 37322, 17300]"
111485,"[4266, 30621, 32551, 65613, 64899, 64977, 53085, 12782, 19931, 93520]"
111486,"[100100, 35898, 25598, 101444, 92748, 76788, 51140, 44578, 80462, 74006]"
111487,"[30736, 22630, 39194, 72140, 12879, 108862, 88423, 49494, 92995, 18502]"
111488,"[38898, 35771, 27172, 34078, 62853, 100665, 109478, 36815, 106779, 54449]"
111489,"[87371, 8974, 7846, 62569, 72260, 73221, 10345, 87968, 103582, 77524]"
111490,"[17094, 63463, 99836, 104530, 60323, 57262, 98870, 49039, 80865, 72335]"
111491,"[88759, 41544, 79608, 38532, 24770, 65672, 68675, 56171, 9010, 92607]"
111492,"[89434, 109545, 15441, 23089, 23272, 103226, 42339, 60744, 105018, 57017]"
111493,"[67890, 36546, 30156, 84619, 108920, 52046, 106068, 94424, 31996, 8635]"
111494,"[40475, 82922, 99641, 10989, 74671, 72571, 31557, 20265, 76563, 80138]"
111495,"[16343, 54208, 30324, 7650, 72630, 49226, 36059, 47395, 11405, 52077]"
111496,"[56540, 40793, 51243, 63928, 53820, 86575, 91000, 88041, 24952, 13040]"
111497,"[2497, 49379, 49891, 52211, 49459, 46657, 56744, 53800, 46457, 70868]"
111498,"[83733, 93674, 74625, 12157, 5948, 56604, 15461, 33327, 60058, 98391]"
111499,"[73856, 76930, 39401, 59584, 9969, 82730, 43789, 44405, 47783, 7969]"
111500,"[101899, 35623, 84386, 4964, 102016, 96066, 74866, 108771, 58422, 20804]"
111501,"[62518, 103751, 11721, 25174, 71236, 43233, 57599, 52569, 97118, 32833]"
111502,"[97738, 42241, 73206, 58701, 51653, 98189, 9184, 56402, 49979, 79859]"
111503,"[72412, 74990, 32962, 7557, 85518, 21790, 81078, 37507, 66365, 67999]"
111504,"[29896, 96888, 24942, 1953, 24512, 99197, 51982, 95455, 100081, 50021]"
111505,"[83130, 93652, 25010, 26316, 44885, 95787, 71777, 91748, 88879, 30239]"
111506,"[103804, 92095, 5656, 88257, 106477, 85821, 43765, 71087, 9924, 20083]"
111507,"[103519, 39480, 100829, 73052, 10902, 5499, 48865, 9048, 92523, 97715]"
111508,"[52781, 17028, 94969, 32511, 16517, 20609, 59024, 106174, 47062, 5958]"
111509,"[10349, 94955, 42912, 67411, 96461, 30297, 7506, 68406, 102206, 5492]"
111510,"[38878, 81186, 40808, 89404, 91222, 18046, 45013, 40750, 79243, 65431]"
111511,"[93491, 73520, 93603, 65227, 64960, 16807, 40988, 42024, 7300, 31975]"
111512,"[46729, 21592, 45211, 46187, 10053, 13332, 14082, 20831, 69295, 52328]"
111513,"[47997, 104188, 5868, 87995, 82517, 53263, 72329, 37740, 69773, 4255]"
111514,"[21244, 59075, 62568, 73661, 59177, 78040, 40152, 11718, 66922, 6617]"
111515,"[13905, 90167, 35070, 98085, 30961, 99067, 66450, 85013, 45608, 70464]"
111516,"[95002, 34396, 81349, 62900, 66539, 89594, 45288, 57431, 91775, 10917]"
111517,"[46109, 99620, 26922, 61707, 82399, 15595, 51932, 90718, 96767, 30791]"
111518,"[106562, 68794, 74726, 13692, 14507, 81994, 58639, 92096, 47468, 107331]"
111519,"[70915, 11580, 95688, 74919, 42177, 98418, 56120, 14226, 12632, 3456]"
111520,"[66716, 21949, 21696, 100345, 29903, 21060, 57647, 104472, 61049, 103644]"
111521,"[36503, 54440, 38032, 52703, 59455, 7454, 22342, 13324, 17761, 26113]"
111522,"[2477, 83337, 19871, 59582, 6780, 37686, 46048, 57450, 79735, 9147]"
111523,"[77635, 90045, 17246, 38960, 43936, 20544, 82082, 26507, 8468, 64434]"
111524,"[103675, 51181, 2585, 76352, 20584, 3232, 26533, 73943, 17593, 25861]"
111525,"[83333, 27278, 60640, 107762, 38558, 64862, 75434, 107955, 60746, 27370]"
111526,"[88432, 18681, 44160, 62320, 93335, 46845, 35720, 15529, 99445, 44085]"
111527,"[49316, 3681, 7654, 99014, 8455, 60235, 90982, 7444, 24553, 91186]"
111528,"[82884, 86112, 100329, 90867, 42811, 106783, 39271, 29486, 90771, 76167]"
111529,"[79850, 56517, 85786, 41400, 103670, 16746, 38777, 70505, 107105, 42230]"
111530,"[13548, 58586, 5573, 18442, 89440, 11984, 90261, 36374, 58360, 907]"
111531,"[50247, 104007, 83994, 54102, 97058, 60903, 76683, 82846, 27768, 37428]"
111532,"[50506, 97735, 13618, 8696, 15157, 14010, 101391, 106555, 9957, 82910]"
111533,"[29947, 75949, 29484, 104437, 96157, 22448, 9324, 13848, 10766, 40777]"
111534,"[77481, 97464, 12831, 53880, 88041, 87091, 76536, 22382, 102414, 86575]"
111535,"[65615, 81074, 61052, 93174, 89345, 14898, 67372, 12484, 65325, 13129]"
111536,"[54817, 96139, 48684, 34704, 34754, 27345, 27382, 37627, 30552, 21931]"
111537,"[89339, 1198, 45278, 49523, 32199, 33135, 80817, 103393, 25881, 8219]"
111538,"[45590, 82964, 94293, 12117, 32061, 109524, 34996, 55184, 45314, 14130]"
111539,"[18553, 77971, 103081, 28191, 23794, 12080, 67860, 99566, 51174, 49156]"
111540,"[101480, 57755, 64050, 25513, 50667, 88196, 68073, 70623, 45379, 103136]"
111541,"[3269, 98612, 30710, 60455, 13615, 106794, 71592, 34241, 64442, 94348]"
111542,"[96325, 42440, 81631, 56178, 49930, 68958, 26665, 42169, 87400, 78963]"
111543,"[36842, 103475, 8693, 78622, 56887, 98296, 19772, 50129, 86784, 69599]"
111544,"[105601, 57953, 57879, 70806, 74239, 39448, 83720, 97974, 25174, 71236]"
111545,"[86968, 44092, 23776, 38226, 48652, 101082, 48822, 24215, 9338, 88048]"
111546,"[79124, 79250, 73747, 5511, 4292, 95251, 11420, 29953, 59333, 49006]"
111547,"[95891, 89063, 10408, 25477, 109203, 3731, 72537, 39321, 70054, 78607]"
111548,"[88365, 25664, 20482, 11021, 77261, 8563, 63154, 30781, 34144, 11321]"
111549,"[40949, 93415, 43009, 4401, 74131, 4354, 22665, 70843, 54907, 3715]"
111550,"[16203, 17327, 109549, 97853, 62602, 51403, 28186, 53953, 31884, 41907]"
111551,"[45682, 21345, 84664, 47063, 7869, 56689, 75835, 57623, 19642, 84204]"
111552,"[95884, 76867, 28933, 5874, 74823, 100625, 14993, 75981, 85572, 53644]"
111553,"[85332, 19968, 14886, 91789, 54883, 21835, 40276, 100479, 106673, 86442]"
111554,"[11160, 1561, 61663, 105105, 64878, 101393, 88019, 95318, 44364, 87824]"
111555,"[88944, 33970, 30898, 18602, 35642, 26312, 48066, 82092, 40572, 75494]"
111556,"[52228, 26824, 3548, 95364, 99870, 28292, 64291, 19966, 21546, 93188]"
111557,"[99451, 58183, 58350, 66765, 42478, 78354, 74680, 68405, 67007, 18733]"
111558,"[68580, 62387, 86367, 84080, 36086, 55724, 74600, 44635, 42438, 20450]"
111559,"[89105, 36468, 107861, 61908, 66427, 70023, 59584, 7317, 31866, 77907]"
111560,"[93147, 57006, 28882, 89344, 28680, 64178, 356, 107604, 37020, 10569]"
111561,"[105507, 37633, 35894, 93719, 19613, 8653, 3470, 93439, 28645, 17699]"
111562,"[15275, 24464, 3287, 93657, 94948, 108592, 70996, 825, 53051, 5969]"
111563,"[3170, 48713, 26919, 12009, 26400, 56975, 63613, 102109, 63834, 38821]"
111564,"[26267, 25956, 95169, 75057, 36385, 63542, 51595, 41752, 83188, 68836]"
111565,"[63390, 37820, 7100, 37293, 45402, 93532, 89285, 93203, 93327, 32198]"
111566,"[54183, 34419, 26903, 36292, 76810, 3334, 57602, 43295, 99817, 82615]"
111567,"[45366, 84581, 8647, 95531, 103987, 59809, 92393, 14068, 63182, 50366]"
111568,"[9385, 53691, 20624, 73157, 48833, 39946, 41205, 78582, 15121, 96521]"
111569,"[54211, 14804, 17950, 61722, 105155, 15111, 105836, 45759, 52845, 99832]"
111570,"[79702, 51241, 76419, 101218, 50897, 42813, 78676, 108836, 34902, 44359]"
111571,"[25844, 68314, 45009, 62245, 69873, 68085, 86706, 50722, 102538, 34101]"
111572,"[41572, 57566, 1079, 62503, 50567, 15198, 80251, 94603, 68165, 75154]"
111573,"[91337, 28775, 49291, 81544, 36274, 38923, 79556, 103561, 10279, 82928]"
111574,"[91172, 39167, 82227, 94002, 20049, 38193, 54662, 16292, 10858, 17338]"
111575,"[44356, 78768, 26641, 27572, 10557, 77857, 82381, 78030, 96020, 52341]"
111576,"[8071, 89802, 61973, 3209, 49471, 35756, 88832, 90543, 54665, 97255]"
111577,"[89307, 33670, 84906, 82885, 59486, 4209, 44395, 30163, 50820, 714]"
111578,"[84224, 105645, 10802, 103832, 18395, 80077, 93636, 26527, 44714, 80105]"
111579,"[77942, 101755, 39645, 1867, 58845, 33036, 660, 46724, 63489, 58319]"
111580,"[24333, 52507, 48508, 80041, 84269, 74890, 813, 67395, 44843, 105525]"
111581,"[18593, 43787, 102015, 53969, 86836, 70716, 58530, 70303, 69623, 39965]"
111582,"[73024, 97389, 38355, 107103, 70917, 27619, 65231, 55680, 34077, 28902]"
111583,"[53548, 11350, 14854, 59451, 78332, 65653, 77109, 58667, 80235, 43888]"
111584,"[92582, 84668, 97296, 75182, 33926, 97429, 101244, 77204, 30527, 87119]"
111585,"[72879, 83049, 65546, 35872, 58057, 15136, 90927, 80600, 86521, 76675]"
111586,"[102198, 103850, 104703, 67234, 65787, 102232, 43037, 40145, 11895, 14922]"
111587,"[47931, 10119, 75853, 98352, 13758, 47254, 6481, 1784, 98510, 83958]"
111588,"[36874, 47010, 78148, 79409, 55576, 93639, 46144, 94483, 65712, 35382]"
111589,"[18814, 52560, 55142, 4702, 95977, 65631, 66594, 64174, 109221, 59737]"
111590,"[89981, 105438, 11927, 98143, 6088, 14437, 8504, 60594, 39812, 77829]"
111591,"[71865, 89998, 46276, 54489, 104027, 36087, 78560, 56876, 36868, 4951]"
111592,"[87806, 40173, 74792, 40340, 76272, 28515, 16209, 109704, 18746, 91381]"
111593,"[12292, 1340, 60470, 72448, 18758, 66685, 5784, 61397, 30373, 22910]"
111594,"[27465, 83788, 36033, 89402, 86415, 25264, 69471, 19014, 20980, 58737]"
111595,"[85276, 28983, 17857, 48554, 10633, 46650, 87866, 102153, 41832, 79907]"
111596,"[103869, 85093, 27470, 22970, 63604, 85722, 31413, 26120, 54944, 37848]"
111597,"[95694, 67422, 101394, 6226, 61716, 103917, 75281, 82804, 5038, 62934]"
111598,"[4760, 8366, 85233, 33765, 74432, 88495, 65466, 97648, 10957, 3598]"
111599,"[46312, 39633, 90931, 50534, 4053, 78601, 87117, 7663, 47492, 22944]"
111600,"[94962, 74551, 14144, 87802, 71888, 71329, 19933, 77644, 43553, 24709]"
111601,"[34001, 67008, 81254, 2957, 104613, 33464, 12524, 85538, 28403, 27239]"
111602,"[62362, 9850, 13712, 30836, 78593, 81337, 53908, 82118, 51033, 16027]"
111603,"[42202, 107915, 64637, 85999, 45348, 88723, 28543, 37242, 50676, 70971]"
111604,"[61771, 93848, 28614, 54497, 99391, 95903, 45201, 35518, 28818, 29065]"
111605,"[16802, 85067, 99170, 88939, 36828, 82364, 40476, 51989, 49705, 105388]"
111606,"[1071, 26392, 63197, 97899, 67852, 102254, 77143, 61847, 23970, 28660]"
111607,"[327, 69518, 92477, 79206, 48286, 51003, 69201, 10934, 61066, 90095]"
111608,"[5649, 70243, 40339, 54111, 59598, 84590, 16562, 72975, 33880, 32111]"
111609,"[45577, 86120, 12969, 75334, 31392, 99283, 12345, 100384, 93497, 40917]"
111610,"[38403, 36498, 14997, 28641, 74623, 600, 83149, 53942, 97450, 9030]"
111611,"[103812, 25621, 85319, 63700, 56102, 20540, 82986, 15148, 3998, 24549]"
111612,"[17824, 46572, 47713, 88219, 102402, 33823, 11466, 87792, 8462, 42562]"
111613,"[14593, 13773, 28020, 78988, 8742, 961, 31035, 69434, 28836, 28091]"
111614,"[1178, 45295, 11401, 18073, 80370, 4140, 69967, 72326, 17275, 72183]"
111615,"[17177, 84547, 76981, 55627, 91292, 30660, 79558, 38600, 70712, 91086]"
111616,"[101107, 75085, 83782, 27631, 7724, 13456, 94189, 33901, 96183, 69612]"
111617,"[70116, 29022, 50409, 30101, 43125, 95532, 25122, 52267, 86663, 83207]"
111618,"[59425, 31590, 47747, 42743, 109143, 99307, 14976, 100863, 98502, 434]"
111619,"[103651, 0, 68136, 58207, 62293, 35084, 91615, 37307, 75716, 38367]"
111620,"[99282, 47717, 8580, 22951, 33795, 96637, 101951, 45224, 28344, 48650]"
111621,"[15949, 99979, 59998, 17800, 49916, 109226, 71587, 13221, 67809, 57042]"
111622,"[96669, 41446, 87234, 13009, 60009, 41816, 103455, 61719, 61543, 39499]"
111623,"[65575, 86445, 95039, 92424, 95073, 31227, 12642, 43585, 101987, 28977]"
111624,"[72717, 49692, 13015, 105845, 79831, 16340, 70156, 5350, 94206, 42768]"
111625,"[9293, 39526, 33883, 42975, 58324, 19906, 82323, 27600, 70002, 9288]"
111626,"[11539, 5472, 49685, 30973, 54803, 38927, 68564, 38621, 6608, 87000]"
111627,"[1920, 42823, 50935, 7491, 75196, 39281, 4058, 87783, 70548, 27523]"
111628,"[3929, 71307, 16433, 93113, 61419, 46782, 48382, 66205, 46770, 85597]"
111629,"[19952, 3999, 27473, 69244, 44138, 32261, 93260, 16641, 26311, 15865]"
111630,"[58243, 62730, 95439, 37896, 73419, 89037, 29376, 39937, 42311, 33498]"
111631,"[3154, 55170, 38423, 34990, 1642, 11221, 47616, 75039, 84654, 85635]"
111632,"[8420, 100167, 12847, 60070, 79781, 97881, 86110, 12937, 45317, 14447]"
111633,"[16844, 65839, 85187, 80896, 23236, 73757, 80523, 44448, 21059, 85636]"
111634,"[27661, 96738, 76570, 80387, 94320, 66823, 63666, 1489, 32107, 39064]"
111635,"[103382, 10116, 74805, 88582, 65825, 95114, 98257, 7903, 34686, 81581]"
111636,"[56936, 15509, 108627, 44980, 57861, 82450, 60340, 57133, 84873, 29510]"
111637,"[68350, 18125, 76110, 57826, 13137, 86571, 21269, 78133, 107883, 93032]"
111638,"[63333, 2095, 23913, 93099, 65947, 88587, 60262, 19577, 35319, 63961]"
111639,"[35687, 87174, 26126, 11441, 74045, 27760, 65886, 25048, 42005, 57095]"
111640,"[5022, 17211, 53577, 67186, 78812, 33849, 75436, 93633, 48155, 66038]"
111641,"[47543, 26300, 65856, 109597, 5168, 61851, 22413, 71147, 51858, 4665]"
111642,"[27593, 72146, 52486, 37877, 50560, 19627, 40582, 80322, 90459, 4400]"
111643,"[58403, 60886, 85753, 107264, 76560, 26252, 34072, 92906, 30837, 91087]"
111644,"[64974, 92085, 82370, 61483, 43700, 62656, 12405, 12243, 6773, 48607]"
111645,"[16015, 34665, 5347, 86998, 48256, 39074, 54971, 21995, 83601, 31132]"
111646,"[74802, 55582, 63818, 48715, 72919, 84571, 101903, 20314, 64561, 84045]"
111647,"[103521, 37341, 35631, 84267, 56672, 68261, 35649, 92939, 17892, 39066]"
111648,"[103693, 15971, 27066, 70641, 109173, 68607, 65905, 45797, 66243, 54291]"
111649,"[95812, 26183, 93241, 24727, 44647, 94181, 85627, 55283, 102940, 105857]"
111650,"[12633, 101013, 30272, 99738, 35930, 55381, 46683, 15786, 88906, 13887]"
111651,"[59498, 78477, 10081, 13179, 7601, 89033, 7954, 91074, 66387, 12091]"
111652,"[5094, 104391, 74845, 83353, 29044, 10933, 100282, 24261, 98503, 21793]"
111653,"[77411, 81194, 62889, 17012, 46238, 81174, 78669, 37611, 72953, 29069]"
111654,"[79365, 101970, 55811, 68835, 11301, 11744, 82181, 83279, 16810, 90052]"
111655,"[49488, 107049, 59921, 27280, 42446, 56454, 98458, 108025, 69282, 32810]"
111656,"[100675, 58127, 35129, 867, 90162, 41132, 10473, 75962, 66211, 19083]"
111657,"[66394, 56052, 75433, 96532, 59260, 18038, 63396, 48985, 1309, 8954]"
111658,"[90436, 82168, 70591, 97596, 11026, 99214, 95871, 56847, 30210, 52131]"
111659,"[100232, 103875, 107508, 13094, 38574, 5816, 1962, 55836, 94490, 21364]"
111660,"[93313, 57751, 41512, 9213, 64172, 50970, 99274, 63989, 90014, 54011]"
111661,"[91761, 87337, 54177, 41490, 5677, 9035, 102800, 80634, 44460, 38850]"
111662,"[31958, 62767, 14537, 77753, 39334, 74860, 37840, 19175, 91214, 30789]"
111663,"[8093, 101829, 16652, 38100, 64591, 15675, 58351, 38750, 52573, 74067]"
111664,"[42546, 23189, 1740, 10745, 85441, 64041, 24732, 35617, 56329, 54089]"
111665,"[100906, 77053, 75224, 103172, 6229, 78733, 50656, 81513, 15685, 81193]"
111666,"[78906, 103867, 66778, 61423, 47446, 35076, 27318, 6378, 105502, 98233]"
111667,"[9201, 17198, 10200, 42873, 96870, 11963, 40764, 35899, 96696, 68565]"
111668,"[49669, 11685, 10549, 79435, 46810, 6404, 71869, 81541, 71681, 6212]"
111669,"[88902, 83061, 33356, 106787, 85589, 33283, 81898, 6322, 73409, 63477]"
111670,"[73015, 55655, 28859, 40641, 69957, 27239, 50829, 88934, 95907, 2683]"
111671,"[87483, 12165, 81842, 43332, 42418, 72589, 76527, 50397, 6692, 98813]"
111672,"[34570, 5973, 74103, 24655, 66701, 100532, 64620, 107498, 80747, 3252]"
111673,"[74507, 30923, 1823, 93667, 14806, 15298, 100679, 11866, 89149, 100710]"
111674,"[69146, 74654, 88694, 49803, 46520, 76225, 2932, 12850, 109311, 68617]"
111675,"[85281, 87871, 43254, 77972, 71958, 49976, 95398, 61967, 98279, 50267]"
111676,"[81132, 45206, 84589, 51496, 66168, 62649, 26022, 89999, 82719, 103330]"
111677,"[19657, 72360, 89399, 21435, 90749, 94699, 109406, 83405, 35220, 72562]"
111678,"[101430, 15660, 57854, 50367, 40753, 104387, 56650, 98499, 81720, 8783]"
111679,"[67521, 68743, 38337, 45639, 108860, 31199, 28485, 20329, 46064, 60356]"
111680,"[45349, 62379, 81824, 57248, 25997, 30996, 108087, 103314, 105741, 90216]"
111681,"[63753, 49192, 47954, 78236, 1415, 44742, 53336, 13141, 92729, 76961]"
111682,"[29473, 65411, 65970, 103311, 50690, 42429, 63758, 91527, 84233, 67105]"
111683,"[21842, 53057, 36887, 76582, 84016, 26938, 107309, 11969, 91896, 40123]"
111684,"[21790, 7557, 45920, 2061, 23375, 33881, 33052, 72683, 35527, 72412]"
111685,"[106996, 2797, 81094, 74476, 80334, 68077, 32749, 60172, 33095, 26069]"
111686,"[128, 91758, 94155, 13874, 23541, 66829, 7541, 53244, 85994, 76159]"
111687,"[81064, 48689, 43737, 68170, 19468, 3529, 40779, 24484, 28472, 47245]"
111688,"[56502, 25539, 22799, 20048, 82613, 70385, 75600, 71571, 22541, 84761]"
111689,"[47251, 63454, 11355, 59949, 37182, 2726, 84647, 93073, 10679, 38883]"
111690,"[53150, 91189, 57156, 107767, 93828, 74892, 92913, 18199, 6949, 26818]"
111691,"[8322, 38237, 18836, 38150, 34676, 97747, 83050, 36974, 6790, 73232]"
111692,"[52237, 58338, 16340, 22657, 24000, 71809, 29984, 62049, 24275, 67683]"
111693,"[67586, 3275, 1197, 24515, 18754, 18718, 76060, 98059, 103764, 29365]"
111694,"[99477, 33426, 11090, 83679, 47242, 55429, 28668, 22310, 32147, 56177]"
111695,"[3606, 15683, 104467, 10468, 98742, 6287, 51676, 38988, 20596, 55111]"
111696,"[14795, 70170, 11854, 88887, 8601, 39002, 50382, 30571, 85026, 46275]"
111697,"[40093, 36031, 70763, 100792, 103624, 21282, 97603, 70364, 11103, 107110]"
111698,"[81052, 96164, 6986, 343, 42309, 53882, 48444, 21973, 22557, 46303]"
111699,"[102800, 80634, 11560, 41781, 49954, 85716, 69477, 85213, 30940, 62841]"
111700,"[89404, 40808, 38878, 81186, 91222, 62183, 4976, 18046, 40750, 42001]"
111701,"[10606, 60844, 21804, 100266, 22710, 53211, 103128, 37885, 106438, 54439]"
111702,"[104616, 73003, 58366, 1697, 49425, 32657, 62023, 88301, 38271, 33825]"
111703,"[27373, 24840, 61336, 23773, 14753, 31708, 99383, 99855, 12226, 9976]"
111704,"[5044, 99234, 107509, 102375, 59723, 51872, 86172, 78690, 11316, 34812]"
111705,"[95269, 99082, 30576, 79369, 55244, 43444, 104571, 28339, 27416, 24055]"
111706,"[51552, 82739, 72387, 1176, 2247, 109563, 106689, 97078, 98131, 92632]"
111707,"[63169, 70035, 66040, 103395, 88481, 47185, 60885, 4855, 78643, 11108]"
111708,"[98570, 78880, 80292, 73947, 411, 25711, 24178, 52911, 14175, 56185]"
111709,"[81455, 55471, 58804, 1736, 77404, 61627, 59948, 18024, 100167, 48]"
111710,"[13784, 86278, 40138, 26954, 74742, 17288, 56621, 34278, 91865, 39932]"
111711,"[83855, 30266, 7937, 45224, 108180, 34682, 107757, 55589, 15539, 14369]"
111712,"[83037, 33128, 106660, 70178, 88335, 15358, 16862, 101929, 108790, 12018]"
111713,"[10560, 31105, 54940, 88746, 100952, 100182, 19777, 4563, 100210, 96676]"
111714,"[9938, 28162, 75487, 94311, 19199, 48161, 95824, 67485, 2262, 62329]"
111715,"[87382, 3547, 87472, 105844, 88777, 2205, 70285, 69033, 50583, 8304]"
111716,"[36420, 22835, 60466, 25180, 7471, 51616, 24282, 22086, 43743, 100520]"
111717,"[19184, 92150, 8613, 56565, 70796, 27336, 8440, 58589, 12644, 34262]"
111718,"[58641, 109184, 72741, 17190, 91828, 77002, 91476, 42340, 8947, 58582]"
111719,"[89133, 52198, 77313, 108918, 11944, 85502, 42517, 84384, 30136, 62092]"
111720,"[54923, 53743, 81519, 31543, 40116, 48337, 55182, 60259, 3591, 25773]"
111721,"[75574, 55643, 50028, 63061, 30646, 48316, 109376, 78770, 81169, 96775]"
111722,"[103840, 65101, 51025, 40741, 644, 17191, 83038, 96247, 23946, 25803]"
111723,"[91165, 55658, 12, 44311, 39620, 6174, 16733, 17247, 100354, 107480]"
111724,"[45333, 84313, 3919, 26721, 106683, 108471, 102807, 92224, 20090, 95593]"
111725,"[26460, 107215, 87893, 15347, 92671, 105822, 100197, 80280, 83628, 105810]"
111726,"[38922, 2064, 19860, 81805, 83092, 19876, 59841, 33870, 68407, 25137]"
111727,"[89948, 3887, 52010, 35917, 83522, 109475, 43256, 25341, 95304, 23609]"
111728,"[57675, 52597, 70684, 5698, 33481, 8412, 2002, 57997, 35746, 96334]"
111729,"[79979, 42135, 102052, 106146, 38685, 8685, 101810, 75330, 23751, 55109]"
111730,"[50941, 29557, 25443, 74652, 48008, 30456, 67325, 76656, 22292, 108309]"
111731,"[49833, 87812, 7223, 79237, 43937, 54091, 81414, 80175, 92164, 3980]"
111732,"[28475, 10381, 66851, 54593, 806, 82968, 34465, 19209, 28043, 81864]"
111733,"[80187, 75215, 83897, 63902, 57219, 97348, 109168, 104505, 37207, 51400]"
111734,"[43048, 96513, 34177, 43069, 61331, 30946, 73718, 25436, 11590, 20433]"
111735,"[109501, 40239, 70093, 32317, 9836, 51635, 46183, 35743, 104735, 23841]"
111736,"[17386, 36472, 86371, 18359, 10747, 51576, 28864, 53577, 68786, 556]"
111737,"[65259, 83474, 20575, 48260, 35898, 100100, 14255, 89672, 38324, 85170]"
111738,"[67497, 50973, 12369, 78074, 20616, 19761, 46151, 51089, 98471, 87675]"
111739,"[19981, 47499, 76420, 74123, 18270, 58064, 16660, 40282, 70816, 19532]"
111740,"[25373, 27280, 82340, 4161, 34510, 19960, 9278, 12757, 80820, 88003]"
111741,"[38112, 86151, 33131, 53876, 33217, 39905, 62515, 15923, 69284, 50375]"
111742,"[27840, 69210, 86912, 31327, 59037, 47059, 71963, 109734, 10819, 67624]"
111743,"[91553, 64215, 107673, 82694, 50508, 4836, 80756, 67964, 26583, 62395]"
111744,"[49859, 35000, 81964, 93396, 83045, 89761, 2386, 33546, 70846, 79522]"
111745,"[21043, 60561, 1989, 58792, 34916, 69656, 2804, 61978, 43261, 14300]"
111746,"[94048, 37271, 10016, 51821, 71199, 11057, 96683, 95896, 11110, 21576]"
111747,"[41837, 103568, 58170, 29630, 64321, 36729, 106636, 35715, 95322, 49184]"
111748,"[85894, 29873, 49626, 97850, 64000, 95042, 54566, 56642, 90251, 10574]"
111749,"[20137, 47260, 52879, 32618, 68548, 102104, 39118, 91312, 68373, 93817]"
111750,"[104447, 89448, 16892, 97157, 68270, 85696, 76199, 41842, 20729, 60106]"
111751,"[64966, 15439, 81834, 18199, 6949, 6477, 57424, 59628, 77000, 43367]"
111752,"[25594, 6761, 58125, 51068, 29744, 49579, 98704, 76849, 6414, 21740]"
111753,"[14229, 55391, 108313, 44086, 7476, 106954, 6106, 108144, 24483, 42708]"
111754,"[65230, 82268, 106623, 101853, 26728, 46605, 8340, 49826, 17554, 98845]"
111755,"[107717, 81628, 22584, 3346, 64538, 99139, 86738, 27385, 5927, 87137]"
111756,"[94652, 61605, 26564, 103391, 48281, 13756, 58306, 106852, 5828, 49970]"
111757,"[18924, 6563, 2049, 22531, 29517, 28588, 21223, 74793, 36676, 3909]"
111758,"[7835, 35450, 90660, 35470, 34605, 9789, 4563, 19777, 96676, 80007]"
111759,"[80411, 39035, 32952, 19020, 100052, 86004, 20112, 103784, 39, 63344]"
111760,"[12624, 87648, 78958, 690, 37384, 65569, 36814, 97938, 99976, 107043]"
111761,"[104326, 701, 5672, 17151, 8171, 73489, 29077, 95930, 83755, 90994]"
111762,"[105328, 25288, 22930, 32395, 63964, 18810, 6940, 98302, 44949, 82689]"
111763,"[51608, 15957, 52803, 102054, 33361, 21930, 26323, 80076, 59204, 78340]"
111764,"[54304, 57945, 49268, 63930, 43674, 88808, 23063, 106506, 59797, 92801]"
111765,"[51137, 79949, 90186, 13968, 21078, 8702, 53210, 67554, 68582, 93483]"
111766,"[70671, 97133, 22377, 38393, 7335, 41045, 77139, 82130, 83195, 53676]"
111767,"[67971, 2179, 72507, 93384, 40792, 19623, 66169, 41403, 76277, 23443]"
111768,"[5194, 95893, 37781, 52595, 100397, 69741, 80751, 82031, 26489, 24043]"
111769,"[6660, 56144, 9860, 3946, 28858, 61548, 109314, 96224, 68897, 7864]"
111770,"[38994, 108221, 88541, 101944, 68750, 82272, 75374, 40899, 65162, 45444]"
111771,"[6817, 6548, 48781, 82608, 57822, 14248, 63397, 13701, 74554, 69786]"
111772,"[74050, 36855, 47403, 43300, 5018, 87156, 57252, 56042, 90434, 46045]"
111773,"[94496, 5894, 60778, 85774, 53404, 73760, 96496, 94250, 92453, 86382]"
111774,"[94776, 53391, 19226, 62242, 24172, 27798, 74897, 53338, 5070, 93204]"
111775,"[88873, 92113, 47071, 13738, 80913, 65336, 109114, 68476, 34643, 14852]"
111776,"[66972, 9140, 106727, 71948, 30904, 14121, 49545, 63718, 78987, 32096]"
111777,"[58868, 68849, 92098, 20637, 60059, 40330, 102164, 27633, 37360, 73379]"
111778,"[61009, 109057, 13730, 78169, 46340, 50136, 61277, 17097, 102103, 4711]"
111779,"[107000, 93894, 36416, 59249, 25538, 89038, 35217, 25948, 19985, 52023]"
111780,"[63675, 13200, 37204, 100706, 45085, 71749, 49587, 7519, 103790, 74561]"
111781,"[61283, 59445, 12090, 10435, 101798, 436, 13220, 51416, 72989, 2256]"
111782,"[33366, 28838, 76298, 12887, 62847, 52780, 40419, 103029, 5540, 33877]"
111783,"[93075, 31306, 3362, 11660, 80691, 4663, 22007, 16151, 28301, 76618]"
111784,"[27406, 36304, 53988, 2602, 30912, 70400, 19147, 84082, 53034, 71738]"
111785,"[80015, 48224, 68852, 56500, 33786, 45605, 55856, 56061, 18970, 109343]"
111786,"[98452, 10052, 54926, 75270, 88381, 10530, 59702, 24261, 108359, 10834]"
111787,"[13898, 22853, 17966, 53805, 27205, 104882, 77736, 73014, 10358, 106665]"
111788,"[65104, 44877, 58869, 18730, 27732, 88032, 5045, 97534, 33755, 16836]"
111789,"[28104, 37127, 95715, 50359, 104996, 56385, 92283, 89297, 20524, 33972]"
111790,"[30799, 102664, 50212, 83263, 30914, 58356, 39080, 16489, 81278, 60487]"
111791,"[90985, 103437, 47535, 35634, 50393, 21227, 61040, 39877, 44243, 32727]"
111792,"[39880, 80858, 70119, 30340, 105580, 91468, 52543, 64249, 55295, 88424]"
111793,"[57269, 37094, 86950, 66313, 6155, 86000, 32539, 52517, 73174, 57060]"
111794,"[36095, 56932, 73950, 45629, 78801, 56669, 51213, 17351, 26070, 9628]"
111795,"[48568, 3862, 34973, 73947, 98570, 25711, 80292, 31426, 79723, 411]"
111796,"[32321, 108404, 77516, 16710, 47637, 18328, 81074, 85920, 19660, 47389]"
111797,"[44431, 91856, 3659, 6609, 57109, 44119, 41210, 69901, 53852, 61392]"
111798,"[100536, 101654, 38015, 64420, 37240, 86540, 103922, 7935, 18612, 67373]"
111799,"[28130, 7415, 30473, 86409, 38070, 1103, 76833, 37108, 28705, 60629]"
111800,"[26071, 86813, 71589, 106863, 101684, 78120, 82891, 92289, 18921, 3808]"
111801,"[76330, 10056, 40804, 57378, 104399, 108840, 91097, 63599, 39514, 96613]"
111802,"[11720, 82196, 61343, 56681, 86938, 84783, 80854, 51670, 36024, 4826]"
111803,"[22540, 106604, 71836, 29465, 58708, 92100, 76607, 654, 99889, 14604]"
111804,"[6351, 76384, 47763, 51445, 28108, 105921, 62339, 41977, 70756, 106905]"
111805,"[54743, 10600, 77189, 98871, 83164, 86843, 104133, 15904, 5635, 21045]"
111806,"[100665, 94838, 109478, 54449, 89919, 7679, 26892, 42009, 108385, 42571]"
111807,"[33639, 36505, 70557, 61665, 10820, 49423, 44306, 7401, 108446, 87912]"
111808,"[1364, 85691, 103975, 108755, 60711, 17453, 44817, 74310, 63356, 62266]"
111809,"[85197, 88272, 38332, 20957, 25789, 17473, 62053, 94585, 39724, 53382]"
111810,"[78453, 27744, 6904, 108217, 98501, 96219, 106830, 69234, 5116, 55913]"
111811,"[47167, 58318, 33436, 90309, 47089, 38632, 10965, 57628, 100934, 44290]"
111812,"[73424, 58222, 40335, 34301, 40819, 98141, 40416, 28471, 3069, 24984]"
111813,"[102711, 34244, 24547, 77897, 32303, 94758, 91860, 53965, 11627, 66300]"
111814,"[51085, 61689, 77648, 28170, 4758, 5013, 55047, 108857, 60062, 5717]"
111815,"[81437, 37678, 97000, 42117, 69600, 72227, 65073, 63746, 101358, 55075]"
111816,"[109240, 58778, 71009, 73290, 87949, 55423, 11446, 18434, 94266, 2187]"
111817,"[13010, 62834, 95424, 97752, 21158, 27359, 14642, 18775, 89552, 87650]"
111818,"[72195, 43178, 73111, 4813, 40470, 44508, 54639, 41994, 69562, 91298]"
111819,"[8662, 53483, 91374, 42080, 33197, 92670, 100477, 60359, 74850, 45075]"
111820,"[14702, 62508, 109521, 45095, 30842, 36538, 39829, 51411, 66768, 9069]"
111821,"[57943, 58957, 84830, 739, 108614, 91937, 98476, 8869, 84231, 36682]"
111822,"[40920, 20548, 77005, 38191, 70685, 106824, 50321, 76879, 106571, 47646]"
111823,"[18637, 36804, 41346, 14000, 44353, 35408, 7246, 73534, 37689, 33068]"
111824,"[63173, 98221, 104359, 46110, 95821, 37862, 36790, 77481, 64163, 100206]"
111825,"[22606, 91830, 102274, 72258, 4481, 92360, 38464, 13422, 21299, 35603]"
111826,"[86482, 108866, 13108, 61459, 44103, 87605, 24529, 6673, 79178, 12039]"
111827,"[64364, 30635, 96686, 13663, 19633, 42407, 87450, 8433, 18573, 90077]"
111828,"[36840, 14176, 31205, 44531, 64803, 40090, 25449, 23778, 50592, 97486]"
111829,"[24600, 32778, 67473, 104077, 82267, 20702, 61831, 40703, 57009, 36352]"
111830,"[58408, 27013, 35353, 101585, 20351, 68159, 79688, 27138, 108206, 18834]"
111831,"[7632, 6723, 28661, 48078, 97989, 49992, 88621, 57239, 19547, 35435]"
111832,"[24111, 66918, 17264, 60974, 73659, 74180, 29313, 45564, 44659, 58285]"
111833,"[32884, 60979, 99921, 60819, 84236, 66048, 10806, 89227, 89564, 28568]"
111834,"[22086, 7471, 7647, 73464, 60466, 6427, 82611, 24763, 43743, 2164]"
111835,"[37292, 68866, 31255, 83909, 62616, 86221, 70174, 35751, 27880, 76992]"
111836,"[65034, 97165, 74184, 82908, 97996, 64507, 80629, 67130, 56977, 87975]"
111837,"[55776, 72392, 17105, 21602, 3760, 35397, 29652, 9360, 106251, 74828]"
111838,"[74183, 74269, 15448, 95386, 19742, 55487, 53421, 92520, 37144, 2738]"
111839,"[59970, 4851, 56336, 54483, 107696, 108756, 57467, 65249, 91994, 54493]"
111840,"[3820, 5182, 11433, 19836, 69523, 106795, 56300, 74734, 78436, 5610]"
111841,"[49620, 44070, 22542, 58048, 22546, 45286, 104565, 24543, 78161, 73442]"
111842,"[74609, 76250, 51622, 33429, 94742, 46650, 102153, 68447, 60104, 66331]"
111843,"[88184, 26039, 96800, 27541, 42108, 22987, 46140, 84428, 66687, 93492]"
111844,"[89968, 107672, 71905, 94724, 201, 85475, 104412, 87597, 78197, 81257]"
111845,"[94970, 58102, 63394, 84644, 50548, 53687, 10704, 36822, 88808, 57685]"
111846,"[15082, 18629, 13218, 6891, 57618, 59031, 74283, 57718, 84107, 58710]"
111847,"[12883, 83651, 94989, 83907, 14094, 13999, 10444, 109176, 32986, 4443]"
111848,"[86609, 7516, 88674, 21031, 83335, 57202, 35637, 99035, 69686, 109481]"
111849,"[69460, 58644, 13737, 67450, 91734, 42538, 63805, 26888, 80739, 80329]"
111850,"[90222, 73770, 96561, 36429, 91253, 14310, 39308, 72632, 39890, 83875]"
111851,"[86542, 52456, 89287, 7408, 105340, 19005, 10215, 18805, 84376, 47419]"
111852,"[8254, 37408, 61998, 41251, 36421, 77491, 46156, 50464, 57525, 76443]"
111853,"[63698, 67459, 103155, 5704, 76919, 9799, 13779, 86216, 88894, 93737]"
111854,"[82892, 77501, 68701, 47660, 35849, 34823, 12984, 65765, 36871, 62850]"
111855,"[75470, 66887, 20089, 8603, 19910, 104039, 109282, 1079, 36724, 52787]"
111856,"[33317, 76687, 26995, 19367, 20869, 68133, 81300, 106681, 32042, 89308]"
111857,"[45209, 14407, 65406, 64835, 60548, 107431, 41915, 20997, 47462, 59656]"
111858,"[21132, 71276, 88953, 20769, 17766, 20615, 67894, 76081, 63683, 70598]"
111859,"[39042, 28389, 59426, 83082, 70125, 74327, 58394, 8557, 43177, 2373]"
111860,"[56996, 79415, 59975, 21300, 79214, 68733, 26283, 44727, 47452, 102195]"
111861,"[40503, 4202, 66977, 24306, 88930, 79008, 41775, 107328, 88074, 21530]"
111862,"[35971, 74281, 107033, 28832, 75900, 53706, 90936, 108207, 60396, 32324]"
111863,"[45311, 64518, 99517, 67652, 27934, 36954, 43402, 40992, 48252, 27097]"
111864,"[58767, 105642, 99200, 15137, 25531, 58828, 68662, 106301, 18516, 99342]"
111865,"[68280, 47792, 36732, 96886, 107954, 95379, 12121, 30706, 39259, 82040]"
111866,"[23142, 96979, 4830, 28156, 88211, 76746, 26286, 32013, 24596, 105407]"
111867,"[72104, 93205, 56821, 10511, 59340, 8554, 68357, 79894, 20352, 61782]"
111868,"[27550, 59236, 16684, 19972, 23722, 76581, 5921, 70323, 38029, 39118]"
111869,"[18896, 39052, 95976, 25438, 58305, 105306, 67324, 86101, 74366, 7671]"
111870,"[12429, 89299, 103237, 47480, 94401, 16001, 69973, 57619, 108338, 19885]"
111871,"[19643, 43610, 25132, 70826, 74665, 17863, 85977, 102365, 85864, 43774]"
111872,"[55005, 39684, 43896, 2448, 35123, 87489, 50485, 4856, 12060, 46682]"
111873,"[60879, 49299, 8191, 80697, 41408, 51060, 70944, 38614, 90684, 100639]"
111874,"[63044, 506, 24985, 48734, 23486, 51160, 64190, 107832, 51448, 79196]"
111875,"[1032, 71523, 81656, 36669, 27495, 99839, 81912, 46690, 37217, 28512]"
111876,"[85768, 91210, 76276, 83341, 11779, 79102, 104012, 88580, 52544, 17458]"
111877,"[55867, 101281, 101863, 61863, 44677, 79470, 42532, 22923, 83889, 4755]"
111878,"[22985, 68935, 53904, 8814, 15001, 49656, 10459, 35856, 75613, 84027]"
111879,"[85835, 38819, 63734, 83441, 12367, 28158, 107978, 13233, 17341, 27268]"
111880,"[66564, 1523, 53886, 14887, 101879, 90563, 37646, 42790, 22968, 47175]"
111881,"[70762, 4223, 29816, 94561, 79418, 53742, 54365, 16270, 77482, 36066]"
111882,"[1427, 50871, 90724, 99165, 55371, 98121, 13323, 88590, 53216, 44944]"
111883,"[9882, 26195, 37797, 81351, 3624, 72857, 67156, 99231, 27987, 43267]"
111884,"[38673, 37559, 8691, 103469, 3738, 86090, 13479, 86349, 36752, 87868]"
111885,"[63771, 72081, 5804, 94860, 94208, 42200, 78218, 9597, 11293, 80446]"
111886,"[31069, 39060, 56190, 40235, 55147, 89398, 91243, 57349, 7381, 104908]"
111887,"[69882, 92865, 100420, 5328, 105372, 107586, 78958, 18574, 78451, 12800]"
111888,"[10010, 2915, 29519, 109318, 32673, 105930, 99163, 12505, 12364, 79061]"
111889,"[46297, 34594, 99359, 86429, 24567, 33932, 37738, 98031, 92427, 45015]"
111890,"[32664, 74218, 91661, 14780, 8888, 28616, 46753, 63076, 77296, 66698]"
111891,"[81161, 86263, 82646, 7155, 75907, 93394, 19507, 72987, 21926, 29537]"
111892,"[12381, 23041, 65831, 30616, 10178, 70794, 81122, 109575, 28212, 11397]"
111893,"[82197, 50418, 92845, 42766, 8235, 34231, 56063, 4815, 19283, 74736]"
111894,"[25989, 26669, 25794, 15612, 100530, 47866, 77880, 45621, 41610, 100965]"
111895,"[32519, 47440, 96698, 21660, 50395, 26785, 80299, 100450, 78492, 65690]"
111896,"[88999, 91134, 73850, 65004, 75572, 60148, 85568, 23085, 93576, 47106]"
111897,"[96812, 97159, 35546, 52890, 38461, 51914, 23914, 8176, 98984, 76401]"
111898,"[107073, 88187, 92353, 97158, 78788, 23413, 82554, 6018, 37283, 9215]"
111899,"[76332, 23330, 105324, 69446, 94125, 89884, 72086, 89508, 27923, 33374]"
111900,"[5091, 89522, 15609, 36801, 52839, 96188, 109045, 65696, 56790, 6950]"
111901,"[44406, 18104, 76169, 78648, 9523, 70550, 9029, 42734, 42918, 73625]"
111902,"[12361, 8363, 16950, 101220, 57038, 8042, 82004, 90482, 76290, 12415]"
111903,"[68280, 47792, 36732, 96886, 107954, 95379, 12121, 30706, 39259, 82040]"
111904,"[91944, 59393, 78610, 101804, 85638, 94797, 18666, 40852, 81435, 73152]"
111905,"[94954, 2971, 50728, 13130, 85988, 50106, 59557, 74275, 71348, 86752]"
111906,"[6464, 100096, 95882, 22867, 48953, 92304, 58181, 31994, 49416, 49431]"
111907,"[89825, 18870, 43493, 85381, 103227, 5571, 84258, 34083, 35192, 54082]"
111908,"[108198, 53920, 88809, 43193, 46388, 51069, 80180, 79637, 13415, 65745]"
111909,"[6247, 14591, 10039, 12282, 10901, 66003, 33101, 22226, 37069, 35666]"
111910,"[33807, 83401, 61509, 3363, 39230, 30269, 57478, 89964, 37922, 81779]"
111911,"[71213, 92782, 24700, 3932, 99779, 56636, 41477, 93420, 585, 97467]"
111912,"[80678, 34222, 102069, 61791, 63924, 58387, 100980, 39615, 106222, 25420]"
111913,"[83127, 109692, 76923, 41639, 103395, 80989, 90987, 93262, 66040, 71856]"
111914,"[101206, 83027, 61972, 55068, 50644, 101630, 89180, 13810, 32583, 99786]"
111915,"[96039, 71096, 26270, 42475, 79834, 42191, 108233, 18276, 34009, 72761]"
111916,"[92067, 81423, 41011, 72132, 58685, 105160, 176, 90254, 81776, 346]"
111917,"[66750, 66251, 99930, 107946, 36136, 94725, 94395, 33612, 83913, 64807]"
111918,"[94542, 107279, 25644, 46078, 74434, 69674, 74710, 56683, 24122, 85740]"
111919,"[50103, 62687, 72530, 35095, 72661, 48143, 12332, 83366, 71836, 80568]"
111920,"[92817, 9557, 39238, 86617, 71469, 106659, 51392, 63273, 27099, 20515]"
111921,"[81986, 10484, 66073, 97370, 20828, 12315, 12679, 54843, 80642, 49786]"
111922,"[49043, 21948, 101050, 4852, 97682, 56106, 107602, 41581, 56871, 95940]"
111923,"[66546, 16294, 62829, 60602, 70631, 94607, 49663, 97775, 103676, 41753]"
111924,"[105180, 32631, 15188, 55760, 21171, 25039, 54831, 22670, 46595, 3051]"
111925,"[34922, 9889, 42037, 2722, 90330, 37866, 77825, 105137, 50621, 106924]"
111926,"[79364, 81651, 28119, 67738, 31544, 96161, 7585, 5147, 71305, 33308]"
111927,"[21588, 76710, 35559, 92856, 31276, 8775, 631, 92876, 95996, 74499]"
111928,"[78348, 41667, 78296, 20469, 78127, 43450, 46903, 80271, 105048, 95314]"
111929,"[70538, 67369, 4712, 92921, 102692, 96074, 52814, 77102, 46732, 102607]"
111930,"[105567, 104217, 52060, 41809, 61743, 18007, 41618, 25628, 95030, 68441]"
111931,"[84510, 48689, 40779, 106757, 74752, 68170, 94567, 63675, 81064, 21082]"
111932,"[55653, 50383, 25455, 78447, 74597, 96941, 59823, 19150, 98841, 102641]"
111933,"[32234, 23410, 47060, 36175, 85226, 38373, 97474, 13069, 32653, 50629]"
111934,"[22523, 25196, 29410, 14058, 103020, 107879, 92264, 2350, 85665, 35300]"
111935,"[53100, 8087, 13542, 45212, 106575, 85769, 16883, 78704, 81555, 45045]"
111936,"[94700, 68904, 32729, 71548, 97356, 107095, 99136, 33999, 67981, 46835]"
111937,"[95301, 50918, 54446, 5791, 97069, 19375, 87641, 76463, 50428, 101973]"
111938,"[60519, 94035, 22307, 59682, 41636, 87816, 77196, 15106, 48893, 78151]"
111939,"[30736, 22630, 99349, 88423, 108862, 18502, 56918, 15462, 49494, 89312]"
111940,"[42192, 92250, 40537, 14825, 94205, 82578, 11117, 82575, 17403, 3717]"
111941,"[52869, 4986, 77470, 9267, 67030, 40974, 97024, 15032, 67833, 82227]"
111942,"[92251, 42141, 71590, 26675, 86604, 18528, 30019, 109, 101490, 73002]"
111943,"[10697, 95182, 64417, 40955, 83930, 33040, 11314, 18693, 16814, 42698]"
111944,"[24679, 27844, 106278, 102231, 102498, 44060, 78328, 91835, 16365, 42120]"
111945,"[21297, 65107, 14881, 88113, 47495, 89410, 98516, 66813, 72738, 34100]"
111946,"[52868, 7563, 93037, 77659, 55145, 8959, 7931, 66679, 1961, 76240]"
111947,"[71537, 107391, 51662, 99880, 68371, 39240, 87137, 78501, 3346, 58615]"
111948,"[26879, 49889, 23429, 27224, 58933, 23860, 59677, 52398, 2602, 30912]"
111949,"[54114, 62994, 15988, 73609, 101355, 89806, 26923, 27294, 647, 86692]"
111950,"[1323, 23615, 10608, 77315, 70908, 40661, 93364, 51466, 3848, 68273]"
111951,"[89259, 68244, 48651, 5244, 99950, 14298, 88481, 100677, 66040, 60718]"
111952,"[50541, 56182, 98432, 88675, 62458, 43173, 5901, 74595, 109188, 108817]"
111953,"[5477, 104162, 93196, 36899, 15999, 24939, 57756, 56574, 105971, 69895]"
111954,"[77120, 25864, 106567, 31202, 84833, 13527, 18167, 88322, 34879, 2668]"
111955,"[30698, 37441, 81424, 63277, 34085, 61261, 27139, 34849, 104540, 47020]"
111956,"[83938, 1265, 90002, 19570, 105988, 84220, 76747, 46141, 82540, 105264]"
111957,"[14920, 53123, 60068, 17629, 81216, 88819, 75112, 107903, 73927, 27050]"
111958,"[19226, 72414, 94776, 53391, 95656, 70735, 24172, 5070, 9996, 74550]"
111959,"[82657, 54579, 62809, 44242, 34218, 107326, 100884, 21759, 96762, 52203]"
111960,"[73128, 14536, 39441, 98057, 14267, 61335, 34948, 27065, 32743, 82075]"
111961,"[99356, 51010, 22658, 94211, 34713, 3892, 74247, 10032, 30207, 99844]"
111962,"[58518, 57433, 62547, 98211, 46979, 8960, 64951, 50222, 51259, 73776]"
111963,"[5868, 57716, 47701, 104188, 20622, 37740, 70519, 87995, 51187, 107991]"
111964,"[106714, 4128, 26444, 50145, 62728, 28295, 64068, 55532, 63751, 44412]"
111965,"[12482, 105942, 92180, 59711, 63436, 50030, 16252, 89146, 91347, 2535]"
111966,"[71214, 2423, 98276, 65471, 17592, 9872, 31155, 46333, 72577, 64451]"
111967,"[6128, 40424, 33528, 75098, 89472, 48780, 27983, 16976, 53151, 23404]"
111968,"[38687, 25573, 57398, 17927, 47822, 55173, 39610, 87777, 77386, 108893]"
111969,"[12662, 80975, 80151, 2542, 6644, 7190, 13157, 104648, 72273, 96198]"
111970,"[84993, 65984, 85734, 109294, 27953, 59154, 76593, 107968, 97085, 77086]"
111971,"[93327, 97724, 97874, 60962, 13553, 90212, 21871, 89652, 25384, 103052]"
111972,"[91469, 12044, 107469, 75071, 94204, 20341, 29036, 16027, 20320, 94788]"
111973,"[60587, 50135, 16249, 25402, 55198, 103787, 36220, 69076, 58033, 31886]"
111974,"[54666, 102716, 72405, 5806, 93529, 103063, 57344, 28262, 77881, 34937]"
111975,"[40170, 5379, 73940, 41499, 30022, 58581, 67315, 69450, 106747, 87910]"
111976,"[39573, 60127, 70523, 37659, 8030, 43525, 29592, 5318, 12952, 102050]"
111977,"[70494, 84687, 94841, 106879, 99202, 34550, 47487, 102215, 69629, 51547]"
111978,"[69479, 53315, 66960, 105336, 81003, 27498, 73345, 64569, 25727, 102811]"
111979,"[26621, 99946, 67534, 1129, 25349, 104098, 14329, 27381, 96724, 73103]"
111980,"[67001, 89198, 102334, 56211, 438, 80673, 84972, 11530, 72164, 74920]"
111981,"[109301, 9922, 102369, 89661, 96172, 73983, 98584, 12461, 40394, 91754]"
111982,"[79746, 57661, 86196, 67427, 71866, 35975, 71676, 50680, 79416, 82434]"
111983,"[9945, 78241, 108887, 57203, 23954, 70790, 4349, 6168, 96058, 60416]"
111984,"[43688, 21960, 53970, 70634, 83992, 82130, 24983, 86529, 83195, 42376]"
111985,"[16162, 32127, 29246, 29277, 5625, 63355, 55134, 90845, 48239, 100967]"
111986,"[59178, 71309, 18183, 9241, 16168, 109587, 75764, 91703, 34187, 96513]"
111987,"[27078, 81290, 19876, 19860, 68407, 25137, 39572, 2064, 51313, 68611]"
111988,"[93682, 75463, 29494, 42737, 64913, 8387, 61789, 95785, 858, 64288]"
111989,"[7231, 12753, 65799, 30823, 5959, 9561, 28769, 24525, 93630, 84702]"
111990,"[1806, 85510, 72542, 45006, 101068, 48188, 75105, 101157, 60887, 54871]"
111991,"[9876, 37656, 43447, 63256, 65480, 29602, 106376, 59830, 12209, 77715]"
111992,"[6928, 69409, 80452, 93356, 77547, 104609, 6930, 55753, 31109, 72444]"
111993,"[65035, 74580, 57680, 52949, 873, 98770, 7446, 73321, 91956, 32404]"
111994,"[82768, 99047, 21036, 74073, 14453, 72268, 36853, 45986, 80889, 83338]"
111995,"[72824, 103938, 93959, 70300, 61607, 71003, 35996, 56123, 72375, 75873]"
111996,"[54898, 60993, 21821, 43704, 67044, 66719, 14706, 41168, 61421, 31563]"
111997,"[6871, 86669, 83746, 76193, 30547, 63733, 4788, 79703, 18146, 91452]"
111998,"[106922, 28346, 86434, 46135, 42629, 12569, 17872, 23875, 51809, 24266]"
111999,"[25874, 7063, 11702, 26235, 105676, 18632, 35520, 107742, 46062, 10254]"
112000,"[74704, 85608, 98555, 4359, 97819, 17131, 42479, 6146, 77355, 40531]"
112001,"[12952, 107280, 5318, 102050, 55430, 85081, 37659, 70523, 15650, 21116]"
112002,"[37024, 67472, 46432, 39102, 86129, 14380, 25760, 79453, 75917, 105154]"
112003,"[69146, 88694, 49803, 74654, 76225, 2932, 46520, 21402, 62423, 109311]"
112004,"[97338, 26348, 108902, 52866, 75209, 54840, 278, 27831, 39583, 19310]"
112005,"[25696, 40591, 2469, 95469, 106875, 36685, 79474, 98036, 101593, 83806]"
112006,"[56976, 49903, 15630, 60863, 22852, 35969, 23527, 91386, 16669, 74450]"
112007,"[35573, 4821, 8482, 75617, 69984, 89035, 68060, 7613, 30605, 30852]"
112008,"[64814, 10649, 26763, 25223, 20781, 14470, 51894, 83884, 102999, 29279]"
112009,"[48686, 37522, 30306, 56051, 100997, 104060, 41406, 62942, 64824, 46054]"
112010,"[58324, 82323, 33883, 42975, 46063, 76638, 13382, 35425, 64148, 39526]"
112011,"[69435, 68662, 106301, 83064, 78999, 76724, 64574, 18177, 40106, 61323]"
112012,"[73775, 57635, 92947, 92650, 65232, 3937, 28250, 83656, 91613, 65223]"
112013,"[53806, 461, 80424, 58935, 68472, 47992, 54574, 40379, 71914, 69000]"
112014,"[67458, 10884, 94507, 20676, 106839, 95115, 13419, 35742, 102444, 14728]"
112015,"[24426, 35, 32739, 55245, 3428, 55901, 35975, 76599, 73565, 50680]"
112016,"[16434, 28733, 94282, 5118, 80916, 46502, 80758, 7403, 63435, 25183]"
112017,"[14406, 25601, 100216, 49518, 73385, 37323, 76016, 48215, 42890, 74731]"
112018,"[51896, 60782, 75987, 23975, 42289, 13891, 49188, 39461, 105314, 109139]"
112019,"[83661, 2657, 108571, 40149, 72738, 81758, 1776, 3044, 81829, 65107]"
112020,"[63373, 21077, 29848, 91643, 70653, 95987, 81878, 10311, 37765, 5373]"
112021,"[86324, 559, 58206, 48207, 62599, 21073, 105353, 101290, 44042, 37383]"
112022,"[70556, 27596, 45685, 92693, 44576, 68399, 83333, 10350, 106595, 8174]"
112023,"[24358, 34523, 70637, 1655, 97801, 94046, 6629, 91155, 14048, 71686]"
112024,"[8923, 70773, 56965, 49431, 48094, 16498, 37786, 70962, 59834, 87250]"
112025,"[57942, 82778, 33502, 63814, 54003, 9021, 4431, 101404, 86955, 8991]"
112026,"[28260, 50970, 59990, 64172, 83068, 36680, 41512, 98834, 67480, 105667]"
112027,"[71224, 52906, 76341, 78984, 62738, 27272, 55711, 42368, 16376, 15817]"
112028,"[101617, 22154, 51173, 20731, 57867, 11405, 47395, 86570, 106512, 107519]"
112029,"[57588, 59444, 29721, 41978, 47414, 12535, 45742, 58824, 6289, 37893]"
112030,"[19311, 27565, 75095, 95777, 30057, 62896, 31083, 71292, 22239, 65094]"
112031,"[101415, 27490, 27407, 12103, 9335, 22851, 73590, 47413, 102670, 142]"
112032,"[107428, 33142, 81123, 88982, 51272, 19846, 71231, 32251, 8288, 82937]"
112033,"[93451, 20080, 50854, 36932, 5480, 59992, 6413, 55225, 88733, 9763]"
112034,"[106573, 108749, 89935, 27466, 101729, 46494, 104733, 83370, 42981, 105495]"
112035,"[33782, 95327, 56487, 57921, 107741, 2778, 10564, 34953, 84505, 67557]"
112036,"[76130, 109340, 101040, 62239, 48734, 23486, 44599, 2789, 90681, 68144]"
112037,"[73670, 99891, 37132, 96013, 16107, 28803, 106525, 2175, 98991, 1759]"
112038,"[103125, 72381, 3089, 89442, 100920, 94546, 31600, 4998, 89953, 82497]"
112039,"[36372, 65473, 35398, 58569, 62799, 92130, 2850, 13172, 34155, 67713]"
112040,"[96404, 2008, 103560, 27498, 100876, 12829, 6122, 64448, 94158, 66092]"
112041,"[18791, 30626, 49015, 22589, 97947, 49712, 107984, 12082, 11607, 3070]"
112042,"[39233, 11114, 79840, 99527, 99001, 106001, 104610, 89421, 21694, 44294]"
112043,"[35768, 40031, 108652, 12196, 66764, 14733, 55564, 47198, 50276, 4591]"
112044,"[87303, 100361, 99502, 10089, 90925, 28497, 19089, 70194, 16656, 27020]"
112045,"[74912, 10736, 88194, 26609, 11515, 44509, 3590, 28963, 82161, 85949]"
112046,"[46606, 41661, 21530, 107120, 108698, 1839, 24869, 2960, 95704, 18250]"
112047,"[46729, 56860, 45211, 9106, 13332, 14082, 81127, 21592, 20831, 28827]"
112048,"[83805, 23044, 41910, 96184, 14710, 97019, 70517, 2627, 76269, 103780]"
112049,"[91748, 33644, 71777, 26316, 95787, 66109, 105996, 83130, 93652, 44885]"
112050,"[65617, 63573, 54220, 87577, 81240, 59318, 8625, 22893, 55059, 42163]"
112051,"[72698, 454, 55827, 29951, 35138, 18326, 29657, 83833, 31338, 19482]"
112052,"[50917, 37319, 31229, 97022, 88521, 57164, 56944, 20948, 16948, 15800]"
112053,"[34929, 2333, 89641, 69516, 9033, 61941, 15127, 53478, 102881, 5250]"
112054,"[41599, 48972, 3256, 56135, 28766, 78800, 9090, 83065, 75194, 22847]"
112055,"[82119, 49363, 18144, 37099, 39695, 75515, 7285, 45878, 85743, 27977]"
112056,"[105231, 3254, 67711, 43073, 68025, 64850, 83243, 78542, 24533, 5650]"
112057,"[2596, 86012, 12946, 85726, 75442, 108612, 79953, 81029, 102359, 49272]"
112058,"[4237, 12815, 61462, 29596, 35415, 57031, 95867, 95771, 29487, 13156]"
112059,"[96220, 34296, 101325, 88078, 3018, 15980, 84808, 64968, 81511, 4111]"
112060,"[88962, 96222, 99811, 20264, 94495, 1731, 49097, 3890, 81416, 99309]"
112061,"[34225, 49606, 47598, 49418, 40236, 105323, 35574, 29100, 90361, 21351]"
112062,"[60873, 95929, 71222, 59245, 55435, 39543, 18869, 83113, 83629, 50581]"
112063,"[63848, 35228, 94104, 4593, 10347, 43171, 92538, 24415, 39324, 70467]"
112064,"[88409, 47789, 54032, 76806, 82455, 13762, 1726, 105007, 50491, 109014]"
112065,"[9734, 8029, 8618, 90185, 58763, 31188, 101545, 43120, 9648, 87465]"
112066,"[43935, 85402, 54973, 7906, 106565, 71607, 27547, 82817, 96534, 9171]"
112067,"[26375, 64046, 80713, 104756, 46017, 97025, 83223, 17631, 78778, 54750]"
112068,"[54585, 22573, 288, 65537, 83342, 63893, 37136, 65472, 97865, 14577]"
112069,"[86166, 79942, 49225, 16682, 30804, 49912, 80530, 60706, 17237, 46563]"
112070,"[41536, 36754, 105838, 28932, 54853, 100543, 95401, 17032, 14066, 32077]"
112071,"[44470, 83636, 88118, 53492, 9799, 93417, 82269, 103155, 5704, 67459]"
112072,"[14978, 47343, 5088, 92935, 23750, 24099, 18752, 101284, 78079, 91138]"
112073,"[92435, 76702, 2207, 29606, 74400, 85156, 106631, 86159, 67075, 79634]"
112074,"[17855, 59820, 36511, 109328, 22758, 27561, 32905, 37812, 89005, 64988]"
112075,"[9297, 91313, 64731, 9737, 102689, 108486, 65148, 30020, 100760, 17825]"
112076,"[96924, 11931, 53593, 42869, 83834, 36117, 10635, 15286, 76850, 38260]"
112077,"[71039, 5410, 5153, 71324, 18458, 109571, 83371, 37762, 108485, 40513]"
112078,"[45509, 22136, 108616, 61827, 78646, 1971, 37433, 21425, 11488, 36474]"
112079,"[73780, 15886, 17737, 61987, 72623, 24786, 50075, 21246, 37105, 25979]"
112080,"[78621, 59446, 57218, 76777, 97343, 81494, 64847, 84451, 79517, 70802]"
112081,"[49476, 58234, 25441, 23978, 34277, 83653, 97611, 96260, 90304, 17292]"
112082,"[94773, 81323, 66606, 48348, 38763, 6767, 37056, 81543, 3635, 25159]"
112083,"[27375, 7300, 25003, 39180, 107422, 56452, 78653, 55516, 83032, 31656]"
112084,"[42799, 81956, 84624, 49693, 68091, 78316, 100983, 45471, 46241, 30666]"
112085,"[20001, 63637, 72418, 301, 90506, 19970, 103695, 94798, 1585, 90057]"
112086,"[2714, 66947, 29651, 68627, 65029, 50611, 94507, 33924, 92758, 74523]"
112087,"[56224, 8616, 98994, 79649, 66649, 20437, 90276, 52097, 33772, 86592]"
112088,"[12910, 32886, 96190, 5543, 27489, 90972, 38939, 54275, 88039, 106058]"
112089,"[3578, 11385, 15175, 102309, 2560, 44040, 19126, 100663, 32168, 37093]"
112090,"[64721, 104460, 42976, 106706, 105702, 102849, 45984, 11957, 32818, 40979]"
112091,"[34849, 104540, 90963, 6086, 56386, 36800, 108665, 94119, 37441, 79660]"
112092,"[16755, 95314, 56821, 79894, 90820, 59340, 61782, 93205, 14851, 79935]"
112093,"[5548, 97630, 106894, 60198, 57791, 6044, 90187, 100496, 14307, 54960]"
112094,"[7381, 66332, 83924, 34615, 42937, 34134, 45279, 34431, 67268, 34807]"
112095,"[106067, 42212, 51642, 26303, 6934, 24289, 92773, 82731, 94971, 80310]"
112096,"[33553, 67112, 35307, 59235, 11794, 63147, 98086, 39265, 966, 38343]"
112097,"[11302, 62872, 65823, 71504, 82056, 66595, 37313, 19999, 5719, 38088]"
112098,"[51388, 103174, 75582, 38808, 27186, 87165, 100989, 74016, 29161, 107368]"
112099,"[39945, 1802, 108419, 66990, 62323, 940, 72907, 1622, 2524, 68049]"
112100,"[67590, 45762, 105245, 49691, 46571, 8657, 58902, 66829, 90413, 75250]"
112101,"[59663, 100797, 52457, 53903, 8199, 93278, 90333, 65258, 40978, 42086]"
112102,"[106703, 105661, 30659, 40529, 1470, 61165, 37618, 70440, 101858, 62288]"
112103,"[35572, 105691, 81117, 73101, 77049, 108503, 60445, 38785, 11258, 75970]"
112104,"[58800, 25085, 8617, 92755, 67426, 92628, 81315, 65433, 95857, 59030]"
112105,"[8476, 91114, 106152, 29130, 80254, 73152, 61551, 9943, 56695, 18666]"
112106,"[60200, 68067, 34578, 23108, 32740, 96842, 57023, 66903, 15226, 84586]"
112107,"[1042, 84144, 48273, 48843, 49997, 76062, 10554, 62982, 26339, 96083]"
112108,"[98778, 96932, 55126, 18831, 99450, 92071, 21018, 921, 32351, 86440]"
112109,"[91962, 96938, 71588, 51958, 48634, 21452, 43674, 63097, 31351, 104580]"
112110,"[27038, 78354, 71388, 12774, 46801, 68709, 99451, 44827, 64024, 58183]"
112111,"[33607, 53160, 58267, 89389, 20773, 70856, 70011, 8561, 93686, 48785]"
112112,"[34100, 47495, 98516, 36960, 13992, 89410, 24010, 65107, 51991, 20868]"
112113,"[71901, 49189, 83669, 74889, 37068, 64368, 107157, 77834, 30162, 99134]"
112114,"[38630, 49957, 60905, 65904, 95003, 26929, 59466, 4756, 7177, 35059]"
112115,"[102130, 64064, 94504, 48312, 89988, 18059, 33188, 87081, 27613, 109128]"
112116,"[749, 93277, 46396, 56104, 93649, 87796, 76789, 31597, 108048, 31809]"
112117,"[48946, 108500, 87923, 95702, 3592, 56616, 58994, 90135, 69787, 99699]"
112118,"[90775, 23158, 50854, 36932, 41038, 54381, 93451, 74767, 103916, 20080]"
112119,"[74171, 97246, 3650, 80479, 70826, 63414, 97249, 26530, 850, 81246]"
112120,"[51534, 104583, 72760, 94671, 11045, 65896, 12538, 68428, 74613, 36978]"
112121,"[26915, 43292, 74360, 54783, 2260, 15236, 97656, 75435, 50009, 85216]"
112122,"[64360, 46718, 27441, 36693, 46361, 91051, 15632, 30540, 106452, 98327]"
112123,"[19803, 101833, 16167, 17319, 29731, 99717, 48850, 63559, 42662, 35366]"
112124,"[15957, 51608, 33361, 52803, 102054, 80076, 21930, 63794, 100225, 28759]"
112125,"[67599, 54260, 88294, 79676, 5684, 4662, 94911, 5289, 61861, 72133]"
112126,"[49826, 80945, 69293, 31532, 57944, 12264, 24327, 40909, 21444, 43517]"
112127,"[79170, 44761, 91549, 26477, 89932, 97550, 15059, 62615, 60415, 95741]"
112128,"[20846, 77735, 55483, 22184, 6872, 38118, 54877, 32420, 56340, 52689]"
112129,"[53993, 2045, 64786, 101702, 72346, 39894, 2211, 79092, 37730, 8404]"
112130,"[97251, 107549, 68176, 109180, 69932, 18489, 38405, 100170, 57887, 66721]"
112131,"[88981, 62650, 57087, 56645, 67686, 6256, 38018, 78804, 85098, 39248]"
112132,"[29793, 58049, 20077, 42669, 79148, 85188, 72815, 18303, 65650, 103559]"
112133,"[45690, 102498, 53738, 81119, 39767, 106278, 91835, 99427, 82670, 44060]"
112134,"[36784, 88472, 22633, 77544, 3691, 78211, 79343, 63250, 66120, 9799]"
112135,"[16569, 92200, 48543, 74458, 46465, 66343, 22181, 47750, 53996, 42560]"
112136,"[67359, 76492, 38692, 49448, 5882, 106612, 82697, 55621, 6197, 84498]"
112137,"[78956, 85911, 59272, 104665, 95433, 12672, 102373, 40766, 71943, 11683]"
112138,"[40258, 68005, 66455, 90311, 20576, 75365, 2376, 59658, 42442, 20374]"
112139,"[18414, 104524, 49927, 89614, 86548, 403, 41061, 108343, 69270, 805]"
112140,"[87221, 62200, 64102, 53089, 11006, 92498, 32863, 56084, 7550, 9686]"
112141,"[48553, 65629, 91501, 40611, 41733, 41673, 105174, 12456, 103683, 70110]"
112142,"[93456, 29178, 99132, 61273, 96396, 73018, 8206, 74447, 45451, 94965]"
112143,"[3060, 36406, 51523, 55886, 59504, 12763, 88171, 54595, 95415, 62004]"
112144,"[14199, 7081, 49042, 56863, 49785, 50323, 32050, 34740, 109042, 4632]"
112145,"[18730, 29901, 88032, 65104, 44877, 58869, 97534, 30821, 59768, 61053]"
112146,"[95333, 102494, 40465, 49317, 24453, 88276, 108517, 102378, 98351, 38778]"
112147,"[95323, 31676, 50176, 85781, 23979, 23696, 69655, 84269, 64894, 7080]"
112148,"[107506, 75420, 62231, 85160, 50992, 39302, 44493, 1725, 38838, 56122]"
112149,"[35575, 107003, 97930, 17794, 45169, 43123, 63457, 26942, 66958, 101199]"
112150,"[74339, 25059, 56582, 37593, 59351, 30342, 47778, 14871, 97180, 19129]"
112151,"[29425, 5987, 45998, 28719, 4980, 105403, 12657, 88973, 38835, 57572]"
112152,"[29376, 62730, 45900, 1131, 95439, 37896, 73419, 4740, 58243, 68039]"
112153,"[7356, 28422, 54125, 70992, 65883, 67214, 55597, 4225, 109529, 81085]"
112154,"[97235, 30079, 44145, 85551, 45859, 93671, 51521, 82649, 99851, 39370]"
112155,"[93430, 43075, 101701, 50950, 40880, 41757, 60862, 36432, 63248, 35618]"
112156,"[102543, 68053, 38548, 55121, 86793, 20704, 39963, 23813, 94349, 36335]"
112157,"[64945, 29049, 85125, 65657, 67867, 26248, 59012, 50720, 97942, 10918]"
112158,"[62121, 92761, 109615, 6333, 85116, 27453, 30751, 105124, 54717, 45072]"
112159,"[105366, 75326, 87985, 93453, 109055, 51508, 97834, 76678, 16723, 9772]"
112160,"[81522, 21998, 6770, 72495, 62570, 100289, 49228, 46119, 34267, 14888]"
112161,"[37346, 87001, 69350, 18076, 88111, 55415, 68744, 16017, 67919, 90589]"
112162,"[41810, 6731, 108437, 96583, 28726, 102217, 30530, 35506, 65973, 45732]"
112163,"[35500, 15115, 85798, 82224, 26245, 52648, 98286, 63482, 7142, 87147]"
112164,"[2958, 60243, 71208, 78944, 2539, 18170, 28773, 21047, 42103, 102756]"
112165,"[91165, 13038, 12, 99083, 55658, 16733, 6174, 11001, 93318, 61671]"
112166,"[100861, 104400, 54473, 27255, 87926, 45298, 10657, 97310, 18215, 63633]"
112167,"[14860, 61990, 22569, 98727, 19775, 35348, 35863, 15716, 24654, 13358]"
112168,"[108979, 29834, 81826, 30389, 29316, 40485, 537, 81183, 82153, 81509]"
112169,"[50372, 89212, 96300, 85534, 3728, 109584, 11910, 50182, 64830, 69815]"
112170,"[62829, 60675, 94607, 60602, 16294, 3970, 70631, 66546, 50772, 21499]"
112171,"[18895, 26000, 63043, 52922, 90602, 130, 100411, 103048, 86241, 83550]"
112172,"[102999, 70047, 26763, 10649, 57265, 25223, 64814, 2205, 87336, 36124]"
112173,"[75786, 37141, 23518, 23183, 76180, 4862, 35182, 73988, 37628, 52983]"
112174,"[44359, 37914, 98489, 71044, 90941, 79702, 96818, 79195, 14727, 87197]"
112175,"[34437, 43669, 104869, 73926, 69301, 56557, 62744, 75370, 5879, 29673]"
112176,"[38139, 42388, 98877, 104622, 71178, 109748, 84031, 8894, 23126, 27946]"
112177,"[6332, 59026, 1979, 97755, 4444, 89375, 108604, 19373, 105546, 10017]"
112178,"[65933, 103642, 21657, 4034, 32136, 91946, 102688, 70570, 27569, 64852]"
112179,"[90866, 88130, 86093, 79852, 50773, 50746, 33168, 84561, 34495, 22854]"
112180,"[24657, 18384, 62398, 28830, 105697, 1497, 42530, 98783, 83585, 90612]"
112181,"[104155, 60899, 69498, 715, 104472, 22114, 15438, 32803, 21060, 103644]"
112182,"[71892, 1524, 1683, 76948, 54283, 52081, 92900, 49668, 51368, 76980]"
112183,"[24114, 100522, 29565, 120, 69513, 8208, 93596, 106291, 53595, 54935]"
112184,"[22102, 25255, 85001, 83880, 43527, 95645, 39466, 94242, 96379, 39348]"
112185,"[67340, 38229, 99009, 103945, 15061, 86549, 7272, 15963, 107656, 43606]"
112186,"[84875, 77119, 2238, 14273, 53278, 70774, 55520, 41971, 59590, 53074]"
112187,"[24202, 42931, 80909, 23409, 100621, 67989, 7689, 103657, 97933, 20301]"
112188,"[38761, 93404, 83091, 91153, 39978, 45848, 80795, 43562, 30113, 50707]"
112189,"[64327, 28144, 97417, 69028, 19847, 32614, 56927, 7768, 89456, 36153]"
112190,"[56302, 84058, 67223, 12371, 29040, 100234, 62694, 61988, 49830, 81353]"
112191,"[81398, 48536, 22774, 52764, 47342, 1627, 84908, 69990, 40400, 60572]"
112192,"[20803, 71148, 54989, 44683, 22797, 97731, 57845, 58553, 89337, 12269]"
112193,"[6759, 103080, 106133, 35482, 104083, 70112, 7948, 70284, 3183, 22790]"
112194,"[60909, 9625, 41846, 65571, 50827, 16189, 58568, 13080, 1711, 20863]"
112195,"[94920, 82586, 64557, 48505, 74581, 68375, 51339, 41721, 12989, 34962]"
112196,"[11226, 28855, 45849, 83115, 101847, 34217, 100698, 90215, 49711, 75969]"
112197,"[19194, 106197, 104307, 147, 34098, 74231, 98265, 95145, 66711, 44230]"
112198,"[45878, 85743, 27977, 57243, 58780, 67547, 30422, 55939, 36972, 31384]"
112199,"[78024, 46565, 65574, 73455, 100140, 11987, 86505, 31342, 52443, 81899]"
112200,"[10602, 55944, 46675, 26659, 74127, 8937, 19171, 30666, 21020, 68091]"
112201,"[54522, 53284, 51846, 41532, 77953, 46035, 83252, 31989, 42944, 48798]"
112202,"[28447, 3040, 21983, 70359, 43443, 82709, 85634, 87422, 106433, 32487]"
112203,"[70759, 108699, 102192, 16035, 69930, 104866, 63810, 108882, 93096, 48834]"
112204,"[46951, 8988, 45718, 55352, 109667, 22793, 56490, 72206, 8430, 33682]"
112205,"[13007, 16397, 11654, 99878, 81266, 70003, 62312, 104182, 58287, 30466]"
112206,"[5532, 55345, 72789, 3175, 39628, 24856, 30317, 57589, 69454, 20620]"
112207,"[34382, 105560, 50044, 4468, 88031, 33871, 73231, 15428, 56080, 71865]"
112208,"[54034, 63717, 95550, 74454, 80095, 66803, 47402, 51808, 7676, 96797]"
112209,"[105320, 53030, 45887, 95570, 6277, 97856, 69023, 21992, 74564, 30947]"
112210,"[30493, 18947, 80655, 77844, 23817, 8636, 25329, 42689, 91622, 16438]"
112211,"[90449, 26132, 27029, 23340, 101022, 95980, 5699, 22540, 36799, 84463]"
112212,"[23443, 104028, 63094, 85680, 18153, 36912, 94547, 4730, 28058, 53228]"
112213,"[69018, 61686, 20239, 75686, 75677, 3450, 62625, 6803, 48810, 102727]"
112214,"[5297, 40429, 12373, 32677, 72669, 51853, 73650, 85755, 40295, 45274]"
112215,"[54915, 72407, 90673, 16991, 108114, 74970, 34865, 74539, 108784, 51449]"
112216,"[85400, 108226, 36046, 95579, 8588, 97458, 106963, 38429, 44524, 49232]"
112217,"[97452, 80360, 8292, 39702, 57497, 107099, 86297, 7106, 32294, 92388]"
112218,"[53298, 23998, 37642, 39996, 66034, 93025, 66256, 40082, 59660, 76046]"
112219,"[28529, 84074, 63201, 66754, 61353, 21503, 60727, 38284, 70231, 18100]"
112220,"[57254, 73077, 39897, 10063, 36705, 99586, 60113, 20062, 103204, 6535]"
112221,"[4075, 71647, 101344, 57786, 42035, 57537, 13863, 3832, 6011, 80220]"
112222,"[106020, 16040, 109227, 88856, 70142, 48328, 49344, 55015, 17687, 55745]"
112223,"[76127, 33192, 12582, 16420, 19626, 45646, 15291, 49303, 41020, 76098]"
112224,"[5580, 80501, 94403, 63177, 9822, 40318, 52257, 51042, 93998, 21914]"
112225,"[59150, 60500, 53720, 80607, 55226, 83571, 96367, 15189, 47404, 97976]"
112226,"[59798, 8428, 2324, 222, 8878, 52182, 35977, 64754, 58679, 7670]"
112227,"[68272, 90620, 56276, 42277, 91414, 58788, 78995, 54331, 28565, 85960]"
112228,"[105998, 31821, 34377, 92746, 108156, 41833, 98642, 13754, 108441, 55060]"
112229,"[33848, 84292, 99412, 98240, 33660, 24441, 64214, 13702, 34559, 36471]"
112230,"[43097, 52844, 86776, 82808, 32643, 99022, 77321, 70354, 26570, 44094]"
112231,"[91720, 65513, 61940, 46580, 50036, 102915, 28029, 12453, 77437, 85261]"
112232,"[64940, 58539, 39614, 63531, 67706, 43283, 64979, 81280, 80474, 45750]"
112233,"[50210, 55081, 38756, 109775, 32157, 10009, 104896, 31510, 40018, 15606]"
112234,"[37011, 90399, 71696, 106686, 13721, 39100, 87814, 75179, 97108, 55810]"
112235,"[34043, 82124, 101280, 76785, 55617, 28792, 22489, 10681, 47533, 102994]"
112236,"[108763, 20781, 83884, 26566, 10649, 26763, 64377, 11933, 25223, 64814]"
112237,"[28258, 91304, 68354, 11889, 43001, 72233, 56348, 46547, 11147, 9955]"
112238,"[66674, 2251, 75515, 30641, 103589, 55939, 7285, 49285, 67547, 58780]"
112239,"[10405, 56464, 54975, 77602, 33519, 27724, 106923, 32999, 94294, 89348]"
112240,"[68865, 104714, 81154, 84924, 41229, 47272, 45401, 99488, 589, 41074]"
112241,"[60165, 95135, 57143, 109120, 3420, 12660, 63437, 9092, 26909, 72089]"
112242,"[80872, 850, 79306, 98832, 54964, 7778, 80479, 30768, 41122, 13239]"
112243,"[67445, 2997, 59460, 100770, 68557, 105318, 74198, 35776, 36225, 22709]"
112244,"[75243, 69440, 63650, 47938, 11746, 15771, 56124, 55917, 43751, 29650]"
112245,"[92924, 104930, 86659, 9492, 97510, 82925, 5954, 56608, 65624, 77178]"
112246,"[35487, 11500, 91154, 80557, 29679, 25030, 102316, 73138, 5303, 37693]"
112247,"[25571, 107743, 101620, 51354, 100324, 20305, 11802, 28002, 38990, 37053]"
112248,"[84477, 34375, 48924, 4652, 77701, 31928, 19812, 79200, 43221, 99790]"
112249,"[15938, 51412, 54804, 73154, 57090, 43095, 58961, 29566, 42421, 95474]"
112250,"[88845, 83691, 86559, 23004, 38773, 44342, 14265, 35481, 46843, 76012]"
112251,"[58720, 9846, 99663, 82962, 3930, 15525, 47524, 29416, 46682, 64731]"
112252,"[28985, 40969, 70352, 64442, 107180, 43736, 60455, 66383, 36711, 103217]"
112253,"[63885, 271, 55570, 35673, 74725, 2166, 102556, 4242, 108113, 3988]"
112254,"[69523, 2979, 26836, 5182, 59796, 106795, 29475, 59388, 78151, 104531]"
112255,"[85801, 108258, 98645, 9298, 81406, 87957, 108593, 4119, 92821, 78208]"
112256,"[71652, 96691, 98949, 8796, 28581, 78550, 40747, 43426, 88446, 7912]"
112257,"[43458, 11227, 68712, 96311, 11549, 76179, 106513, 99780, 6514, 12139]"
112258,"[65437, 19764, 25761, 7795, 44661, 28854, 82724, 20248, 95555, 17922]"
112259,"[81612, 107668, 21656, 67415, 66638, 3771, 103329, 85532, 8153, 23896]"
112260,"[98842, 64395, 16450, 101259, 18837, 91866, 32651, 59811, 106319, 91850]"
112261,"[52195, 5589, 64930, 71256, 24337, 65850, 56682, 29218, 30213, 20235]"
112262,"[65013, 99142, 48401, 55171, 74895, 105036, 86806, 76629, 41415, 60020]"
112263,"[53283, 6992, 59636, 56747, 26731, 83883, 12617, 87237, 66374, 7353]"
112264,"[61990, 35863, 24654, 15716, 93239, 62339, 102709, 65708, 104281, 22569]"
112265,"[72927, 12343, 54140, 51349, 28450, 44286, 51126, 98290, 83131, 69794]"
112266,"[13178, 79952, 79626, 80921, 7264, 3553, 32630, 93083, 3397, 33252]"
112267,"[34911, 16277, 24005, 73640, 54612, 6638, 27795, 94779, 63995, 45576]"
112268,"[85446, 67159, 54363, 13152, 88721, 22079, 24177, 15026, 104069, 52958]"
112269,"[56182, 50541, 5901, 108817, 38439, 62458, 98432, 43173, 108771, 46321]"
112270,"[64700, 88648, 5788, 92118, 31374, 84259, 87226, 19853, 76602, 74307]"
112271,"[102873, 72803, 61410, 62653, 27823, 37206, 53987, 7920, 41908, 82325]"
112272,"[14606, 4629, 54655, 79468, 93000, 3859, 76183, 16877, 45514, 36214]"
112273,"[72123, 100777, 44864, 7823, 76914, 59980, 41878, 9131, 13580, 10543]"
112274,"[44195, 2054, 107162, 21161, 73197, 105359, 28791, 102215, 57622, 107124]"
112275,"[40462, 49788, 1362, 29763, 36988, 104024, 18527, 34127, 78175, 76451]"
112276,"[82293, 64898, 106046, 45694, 65324, 101396, 58698, 43487, 73021, 73110]"
112277,"[18228, 32059, 49134, 50489, 11835, 15536, 70223, 42122, 68335, 24846]"
112278,"[71010, 99634, 91445, 51348, 29962, 24248, 59185, 5525, 103332, 40511]"
112279,"[53906, 68500, 14495, 28841, 109752, 106165, 27399, 82743, 57461, 68732]"
112280,"[2401, 50848, 94813, 99342, 14401, 53024, 50120, 76724, 42393, 30363]"
112281,"[99987, 21607, 38690, 80284, 88257, 106477, 43765, 48460, 5656, 68673]"
112282,"[14719, 90074, 61963, 89317, 58760, 29046, 109381, 46381, 69098, 24839]"
112283,"[44493, 25738, 62231, 38838, 85160, 75420, 39302, 107506, 50992, 56122]"
112284,"[13598, 37751, 85263, 99788, 30394, 74122, 76868, 36621, 28178, 22822]"
112285,"[72487, 85372, 39195, 25408, 96824, 70287, 12104, 8806, 13859, 28777]"
112286,"[46906, 15814, 21017, 725, 28312, 54279, 40608, 7564, 82660, 29098]"
112287,"[38858, 89185, 8741, 56535, 104513, 62851, 56589, 20082, 54721, 73176]"
112288,"[11391, 391, 5192, 18808, 21508, 47335, 17615, 13612, 61608, 87307]"
112289,"[50890, 58794, 108959, 14305, 81866, 64801, 54618, 14956, 19452, 102580]"
112290,"[75940, 89757, 21194, 89109, 12834, 59535, 87518, 35417, 54926, 20091]"
112291,"[62300, 69550, 2301, 97818, 57262, 50376, 60323, 49039, 87781, 57076]"
112292,"[26671, 30149, 108841, 1040, 68827, 34123, 45041, 28848, 62259, 32388]"
112293,"[56700, 9752, 93167, 75630, 14349, 35667, 35198, 70639, 18185, 80783]"
112294,"[67067, 1285, 56627, 74228, 30085, 47070, 81916, 74745, 54811, 19982]"
112295,"[95273, 3949, 49003, 35536, 35104, 41242, 46316, 44160, 68474, 91443]"
112296,"[9345, 103792, 67160, 101121, 64120, 100254, 62706, 97351, 77388, 54793]"
112297,"[61299, 47791, 105494, 82214, 8335, 88147, 107434, 75455, 86927, 90508]"
112298,"[2265, 74944, 76513, 103949, 84352, 50202, 60338, 80943, 18382, 50131]"
112299,"[107627, 90130, 92525, 12723, 293, 90012, 83282, 77104, 101724, 65280]"
112300,"[47658, 55405, 12283, 73696, 28948, 29963, 36681, 71082, 29844, 93162]"
112301,"[70498, 105216, 89963, 38404, 59823, 30058, 113, 104161, 28625, 425]"
112302,"[55995, 101319, 108702, 18512, 48898, 39486, 72697, 32406, 7812, 81873]"
112303,"[62934, 98256, 75531, 7696, 70348, 75281, 82804, 67422, 61716, 62217]"
112304,"[73611, 78682, 86593, 15936, 77352, 20732, 55681, 70625, 9580, 39568]"
112305,"[1561, 11160, 61663, 105105, 101393, 109345, 1858, 101181, 64878, 85986]"
112306,"[86998, 54971, 5347, 16015, 34665, 74622, 21995, 31132, 48256, 39074]"
112307,"[5939, 48372, 9234, 97832, 86334, 108151, 60522, 85883, 56108, 171]"
112308,"[89301, 44836, 61302, 41767, 82481, 79672, 15833, 64081, 4996, 15628]"
112309,"[43042, 57902, 53117, 15435, 54158, 44836, 36074, 69439, 79672, 82481]"
112310,"[83379, 24231, 27731, 48649, 67052, 88550, 662, 34985, 54837, 20722]"
112311,"[86170, 13690, 3105, 33395, 63409, 50588, 102376, 43991, 54305, 56913]"
112312,"[92468, 21396, 3462, 40252, 1055, 1147, 94600, 28257, 90778, 80375]"
112313,"[95090, 58171, 73667, 82872, 32592, 64964, 89174, 36496, 88974, 49075]"
112314,"[5111, 43472, 97667, 48112, 20130, 3809, 53084, 107447, 31082, 56696]"
112315,"[20915, 73742, 99126, 64481, 32182, 5513, 83486, 35770, 7701, 89973]"
112316,"[10841, 44156, 51214, 54075, 71063, 32313, 68284, 25737, 59896, 84960]"
112317,"[88517, 25658, 63037, 88216, 74826, 79821, 91365, 39224, 96425, 31852]"
112318,"[107316, 81836, 104089, 55160, 56432, 43158, 102983, 38190, 9054, 104792]"
112319,"[100801, 10167, 59211, 37078, 66119, 12516, 36029, 81841, 74364, 51849]"
112320,"[98793, 34155, 67713, 92034, 101637, 2213, 80940, 318, 94431, 65473]"
112321,"[53101, 106535, 73051, 53335, 36379, 53786, 23341, 51489, 101100, 38902]"
112322,"[37293, 45402, 37820, 63390, 7100, 46933, 53173, 81906, 42221, 69263]"
112323,"[15923, 39905, 38112, 33217, 50375, 88463, 43480, 86151, 33131, 51301]"
112324,"[13692, 106562, 68794, 2794, 81994, 92096, 47468, 107331, 74726, 26041]"
112325,"[96501, 52254, 23083, 101679, 43151, 18577, 93934, 105628, 904, 93063]"
112326,"[96358, 46132, 80595, 50486, 93437, 8188, 61032, 62555, 56525, 36794]"
112327,"[12222, 62742, 26280, 10641, 13757, 88202, 98161, 53909, 46377, 88390]"
112328,"[101230, 22493, 4664, 54520, 25484, 25016, 81960, 73763, 70871, 21935]"
112329,"[50850, 45250, 2700, 14786, 47069, 76153, 48339, 67408, 49343, 46919]"
112330,"[91257, 83873, 73623, 15416, 3823, 50595, 56661, 47212, 49233, 54098]"
112331,"[94346, 64182, 87576, 23658, 94655, 47986, 7814, 34791, 14058, 60242]"
112332,"[82557, 46468, 78867, 85219, 72614, 77885, 30876, 93807, 28, 93546]"
112333,"[55809, 35545, 106635, 13523, 76345, 636, 108526, 86034, 77952, 11562]"
112334,"[81730, 15507, 71551, 48542, 78692, 70358, 5968, 70220, 46849, 87579]"
112335,"[31780, 101361, 27706, 99169, 55591, 89040, 6948, 109243, 19172, 78044]"
112336,"[18289, 98041, 60868, 44507, 56371, 66804, 7052, 66063, 20807, 11538]"
112337,"[18677, 9404, 50800, 46979, 9810, 49625, 36571, 33677, 101164, 68976]"
112338,"[25109, 19544, 88753, 106040, 59775, 4125, 2031, 108384, 25159, 82192]"
112339,"[45089, 80297, 54815, 76319, 37960, 31904, 85113, 79370, 3500, 56583]"
112340,"[54118, 36517, 3224, 46303, 21005, 92372, 17490, 99686, 62583, 343]"
112341,"[25195, 104408, 80773, 75973, 49089, 15098, 223, 61063, 103226, 99573]"
112342,"[70400, 71738, 7173, 27406, 84082, 30912, 2602, 27224, 105016, 53988]"
112343,"[39525, 54959, 59475, 59629, 95888, 70041, 84341, 42461, 91371, 66492]"
112344,"[94704, 3460, 46120, 82837, 16016, 50177, 57264, 66658, 76772, 76693]"
112345,"[43702, 72734, 35268, 86458, 46398, 48919, 20856, 56811, 1925, 13906]"
112346,"[50014, 11869, 50872, 97043, 54950, 104454, 65991, 70389, 52757, 38992]"
112347,"[54178, 74693, 77324, 98387, 99369, 3939, 89940, 85643, 65861, 108109]"
112348,"[72064, 46768, 176, 37852, 30452, 70589, 20523, 8045, 45873, 68967]"
112349,"[43367, 104339, 81834, 77000, 74189, 6949, 18199, 15439, 98533, 64966]"
112350,"[55527, 98408, 15153, 51644, 60325, 55906, 107078, 86086, 44686, 80695]"
112351,"[85849, 20435, 46449, 52853, 79747, 78792, 24577, 23612, 32852, 68366]"
112352,"[73087, 98268, 67680, 51434, 104575, 34341, 72489, 69805, 34971, 15332]"
112353,"[76581, 7589, 29915, 52108, 57504, 27550, 23722, 83120, 86969, 39117]"
112354,"[109094, 44315, 45166, 39657, 66376, 25078, 19795, 32436, 109116, 2114]"
112355,"[47614, 59537, 14929, 71566, 100147, 25888, 89862, 12705, 82806, 47132]"
112356,"[16593, 16619, 23098, 42926, 26843, 34944, 17237, 3825, 5115, 30804]"
112357,"[41553, 69702, 9583, 60929, 71424, 91911, 4082, 10845, 26635, 18239]"
112358,"[60575, 66964, 60781, 99760, 72903, 91645, 100800, 55561, 70709, 12322]"
112359,"[10135, 82414, 77611, 5090, 35418, 80488, 76759, 25345, 38488, 20357]"
112360,"[68900, 668, 59818, 13407, 70069, 45720, 13516, 43032, 68638, 75721]"
112361,"[77786, 91406, 14853, 34862, 50718, 46796, 19783, 2019, 87037, 60366]"
112362,"[37392, 88522, 56093, 55263, 27865, 75849, 72214, 80624, 77029, 108478]"
112363,"[51091, 39983, 103862, 91145, 100688, 59094, 28237, 69992, 76279, 11261]"
112364,"[44966, 2510, 79541, 106628, 42719, 95756, 47094, 16515, 69971, 59885]"
112365,"[8853, 95605, 109437, 3673, 6847, 5755, 17139, 57237, 9974, 47696]"
112366,"[90282, 49565, 74681, 78913, 27080, 14888, 74317, 26707, 4168, 77556]"
112367,"[35978, 188, 45098, 22129, 64258, 80392, 68365, 7458, 9545, 20333]"
112368,"[62375, 82015, 88505, 2312, 97473, 108286, 36575, 12948, 18644, 87360]"
112369,"[790, 102879, 28482, 77539, 106784, 94338, 48904, 31306, 92476, 40456]"
112370,"[22624, 87554, 99850, 83961, 26149, 16021, 45930, 57133, 62962, 50563]"
112371,"[87058, 92899, 95322, 20755, 91529, 92804, 57669, 44097, 103581, 32177]"
112372,"[91013, 76038, 52027, 57043, 26204, 54990, 57789, 71249, 96930, 41275]"
112373,"[14626, 144, 59032, 96237, 10683, 83285, 12455, 67020, 83387, 1053]"
112374,"[77256, 52918, 106259, 98506, 67081, 103110, 75437, 2711, 11453, 61747]"
112375,"[44453, 97346, 82750, 76750, 90797, 27030, 65069, 67108, 1866, 24486]"
112376,"[82169, 43082, 1547, 97895, 106308, 93251, 46529, 60380, 57321, 58807]"
112377,"[42580, 50555, 29723, 2686, 47919, 21203, 45450, 89041, 84904, 55175]"
112378,"[29300, 13949, 54724, 30553, 17121, 71918, 31251, 79966, 16342, 14870]"
112379,"[20358, 40706, 82812, 50570, 105956, 93275, 1439, 81800, 15052, 91131]"
112380,"[61398, 83418, 36756, 14963, 78322, 30858, 94512, 24138, 67742, 5276]"
112381,"[12654, 107702, 105210, 89575, 44625, 72004, 33675, 48589, 47031, 97958]"
112382,"[68744, 16017, 88111, 108859, 28723, 13706, 24117, 78529, 29520, 37346]"
112383,"[64874, 97130, 10627, 108298, 81549, 67458, 10331, 103964, 52942, 108332]"
112384,"[49263, 80076, 59204, 33361, 100225, 86385, 51608, 52803, 69764, 52387]"
112385,"[3574, 63841, 77608, 92444, 7137, 63380, 35686, 70829, 66576, 74763]"
112386,"[30804, 17237, 3825, 6195, 53529, 104577, 77587, 86166, 49912, 74063]"
112387,"[63762, 66535, 10575, 993, 6257, 104153, 58035, 60289, 16504, 80082]"
112388,"[98248, 70515, 6067, 92134, 34077, 13283, 39666, 31071, 20582, 11780]"
112389,"[10243, 98376, 57536, 108451, 97632, 99504, 86100, 20244, 35860, 106686]"
112390,"[21291, 86244, 77049, 15725, 89010, 34336, 16933, 43278, 46550, 40986]"
112391,"[83099, 96638, 105198, 13525, 87851, 35474, 81335, 40662, 63985, 107150]"
112392,"[92097, 66574, 78168, 68387, 82885, 59486, 21964, 102424, 77843, 30591]"
112393,"[54763, 83800, 84108, 105064, 1691, 88129, 30250, 86180, 94128, 68944]"
112394,"[17572, 38273, 31989, 80822, 29, 83252, 25829, 37492, 81081, 44754]"
112395,"[57073, 32815, 30953, 89657, 63103, 66431, 44014, 99805, 43722, 103962]"
112396,"[43299, 59920, 92490, 21135, 42591, 17442, 58452, 9370, 31498, 105074]"
112397,"[95459, 77777, 26973, 798, 24080, 54156, 53800, 16101, 60526, 9583]"
112398,"[59090, 51818, 49765, 19389, 47087, 74675, 29427, 88576, 75598, 43760]"
112399,"[45992, 38946, 58011, 29076, 26007, 95849, 28179, 4318, 85599, 18465]"
112400,"[78230, 42756, 71522, 79545, 5841, 53695, 77845, 70056, 27843, 27936]"
112401,"[12733, 27368, 89886, 107813, 108978, 34096, 103278, 67187, 10104, 81821]"
112402,"[94664, 44159, 80507, 49392, 69857, 97984, 89290, 55209, 86028, 104443]"
112403,"[18496, 58293, 45922, 49856, 85966, 88471, 75082, 4387, 12661, 71813]"
112404,"[8933, 13297, 51776, 5676, 10298, 23112, 23251, 68630, 15700, 9177]"
112405,"[540, 29761, 15437, 83118, 51908, 23823, 72735, 78232, 51252, 86251]"
112406,"[40332, 57557, 51923, 55618, 44991, 31445, 799, 105043, 55078, 4601]"
112407,"[62884, 30517, 54569, 59633, 27624, 2773, 67300, 24620, 51762, 22972]"
112408,"[58981, 109322, 95276, 56732, 47409, 81019, 108604, 71436, 37990, 102995]"
112409,"[98706, 42897, 41370, 47760, 809, 69506, 62473, 13295, 47839, 84790]"
112410,"[29960, 85956, 24530, 45907, 39032, 2916, 55786, 35092, 10985, 52083]"
112411,"[42983, 60483, 42849, 52140, 20013, 103888, 92709, 32394, 32780, 85258]"
112412,"[92993, 60295, 16281, 80214, 50013, 189, 43910, 46803, 101269, 11421]"
112413,"[70657, 31512, 105322, 24886, 51995, 104528, 18880, 27043, 73091, 64580]"
112414,"[51496, 66168, 26022, 45206, 89999, 81132, 82719, 84589, 103330, 77643]"
112415,"[71309, 85959, 9241, 91686, 8445, 43595, 75764, 94372, 65849, 17434]"
112416,"[62105, 106871, 39081, 41280, 32120, 34238, 58357, 40588, 34418, 79643]"
112417,"[32844, 26843, 42926, 46598, 57462, 48998, 64304, 104577, 49912, 53171]"
112418,"[91390, 64058, 97897, 43640, 67203, 9479, 97684, 33228, 98707, 84943]"
112419,"[14804, 18514, 54211, 17950, 57838, 99832, 2201, 105155, 105836, 58511]"
112420,"[50135, 20451, 25402, 55198, 103787, 58033, 72357, 31886, 29995, 49031]"
112421,"[83459, 1407, 53969, 84436, 78357, 109349, 49193, 95650, 33874, 18593]"
112422,"[23947, 102738, 108295, 27892, 40509, 33393, 30148, 108000, 63195, 65831]"
112423,"[105383, 19648, 47628, 20258, 52743, 37054, 80201, 15111, 46099, 104746]"
112424,"[327, 69518, 92477, 61066, 96479, 79206, 51003, 10934, 69201, 53446]"
112425,"[46119, 100289, 21998, 81522, 72495, 34267, 48775, 66309, 2199, 62570]"
112426,"[106021, 56614, 18022, 64352, 106011, 45889, 45712, 81896, 85843, 89213]"
112427,"[74220, 93061, 1000, 11313, 24867, 29800, 22625, 90425, 28138, 60091]"
112428,"[72569, 90705, 6943, 94254, 24285, 47215, 25508, 7699, 77525, 38542]"
112429,"[46469, 7991, 39168, 17764, 22329, 2270, 100855, 23850, 37438, 37579]"
112430,"[7828, 4855, 63169, 11108, 93458, 88481, 70035, 66040, 38979, 14298]"
112431,"[86015, 32666, 107240, 52329, 14699, 46831, 27478, 95239, 98639, 38033]"
112432,"[104957, 55866, 95117, 70236, 59014, 48870, 104139, 106498, 77647, 7031]"
112433,"[31754, 68433, 23453, 39943, 83336, 101544, 41166, 58231, 25375, 85051]"
112434,"[29124, 67412, 9377, 103538, 61046, 93672, 87627, 21815, 34586, 63545]"
112435,"[18278, 29535, 47737, 42507, 29066, 33507, 70014, 8311, 65917, 53524]"
112436,"[597, 72820, 31, 89319, 34253, 80566, 25560, 66652, 67980, 60527]"
112437,"[59331, 16283, 11330, 28778, 39361, 61945, 10801, 78084, 4361, 6873]"
112438,"[64746, 43917, 94416, 90485, 41332, 93490, 91445, 38668, 24699, 72893]"
112439,"[15696, 102273, 94914, 6994, 74187, 62381, 22672, 40368, 104411, 107038]"
112440,"[59837, 101299, 38865, 15010, 18811, 46802, 82389, 41464, 67181, 12298]"
112441,"[55884, 81378, 44849, 4165, 90408, 87626, 21130, 18102, 28507, 88485]"
112442,"[46244, 34960, 15069, 48692, 41440, 60631, 55132, 13341, 21143, 17210]"
112443,"[107495, 34329, 68862, 55026, 104337, 98362, 71765, 29675, 6887, 37621]"
112444,"[10633, 85276, 17857, 51622, 43790, 102153, 26436, 14585, 41832, 50023]"
112445,"[78536, 89734, 40754, 42011, 1856, 108621, 18554, 1747, 47474, 23740]"
112446,"[47940, 4171, 32675, 79486, 26247, 17705, 58755, 83774, 17432, 49308]"
112447,"[83086, 29907, 86988, 83489, 7924, 69563, 103, 104212, 5870, 6766]"
112448,"[67439, 94977, 100585, 49874, 29393, 77415, 30817, 30632, 41741, 6916]"
112449,"[7623, 5436, 11687, 57065, 3969, 106675, 55138, 24872, 104448, 82563]"
112450,"[91120, 21886, 8549, 14882, 95324, 69049, 75698, 66853, 47466, 24263]"
112451,"[58244, 14623, 7837, 93684, 84727, 41509, 94307, 9775, 92304, 54056]"
112452,"[47149, 19539, 83870, 34752, 34263, 18911, 97420, 4718, 30933, 50211]"
112453,"[34060, 60733, 68985, 61986, 46041, 86764, 18739, 59901, 47219, 74919]"
112454,"[91731, 58964, 108479, 98890, 43164, 63087, 57416, 89439, 40321, 89317]"
112455,"[12925, 109025, 20284, 102923, 104948, 94382, 32734, 93414, 30019, 89827]"
112456,"[92856, 631, 21588, 74499, 4531, 8775, 76710, 92876, 95996, 35559]"
112457,"[84725, 40311, 7434, 88792, 57632, 23825, 84217, 46586, 59617, 73096]"
112458,"[86391, 36629, 13108, 56923, 108866, 73538, 24810, 79499, 87605, 12202]"
112459,"[56844, 77138, 12640, 3056, 69347, 90508, 8335, 36733, 69569, 82275]"
112460,"[87760, 100512, 97708, 87068, 40471, 86118, 85009, 1584, 69604, 94353]"
112461,"[15814, 7564, 54279, 2974, 46906, 46561, 40608, 32510, 106006, 25083]"
112462,"[51679, 88288, 60632, 22502, 48682, 36356, 74650, 51002, 37272, 40478]"
112463,"[87457, 24314, 108716, 92262, 108354, 91996, 94701, 94088, 98470, 79790]"
112464,"[69371, 82246, 47634, 55119, 108677, 33924, 94507, 103828, 77688, 6833]"
112465,"[64287, 95556, 86303, 56116, 93062, 22663, 63903, 50480, 45030, 106966]"
112466,"[34066, 56494, 91458, 109208, 53331, 38344, 70621, 37097, 62285, 48618]"
112467,"[70947, 92455, 69975, 94873, 28340, 78343, 12003, 68394, 96717, 104479]"
112468,"[47862, 106713, 83977, 73135, 50784, 88103, 63418, 22161, 2018, 61657]"
112469,"[64947, 90539, 54601, 52773, 54614, 19920, 66436, 36063, 2015, 80506]"
112470,"[29970, 6169, 100844, 93360, 70216, 42696, 10348, 43675, 91559, 32329]"
112471,"[101473, 45688, 105012, 105849, 32446, 75623, 36675, 80892, 74149, 100405]"
112472,"[62764, 7678, 52061, 38055, 90973, 38022, 25544, 33838, 1082, 108558]"
112473,"[55031, 35476, 78090, 34538, 104872, 50386, 35691, 28397, 3035, 1814]"
112474,"[15974, 88963, 83375, 102372, 86653, 67572, 1062, 44707, 47299, 45699]"
112475,"[23212, 26783, 59325, 12118, 49398, 35766, 7154, 13165, 12290, 93078]"
112476,"[96015, 95047, 75381, 90115, 3638, 98378, 93031, 58435, 58990, 30046]"
112477,"[11497, 91916, 4603, 93111, 17736, 44123, 28663, 14272, 40677, 16461]"
112478,"[99217, 4970, 85349, 26243, 4390, 3130, 42707, 69672, 15893, 37708]"
112479,"[14573, 66072, 13295, 64632, 57306, 57035, 53626, 809, 69506, 45050]"
112480,"[27686, 106131, 90884, 87151, 69713, 104959, 82662, 104867, 63954, 70667]"
112481,"[432, 46887, 53306, 38348, 81056, 69797, 4948, 75052, 88631, 12594]"
112482,"[108598, 58047, 2326, 22499, 70725, 6335, 77997, 85964, 101930, 93769]"
112483,"[89641, 34929, 69516, 30102, 12270, 2333, 91693, 23060, 19558, 9033]"
112484,"[75640, 55730, 11751, 45708, 10121, 47698, 13298, 74748, 98166, 5164]"
112485,"[44031, 81169, 78444, 11918, 78770, 51753, 50028, 53273, 5805, 1465]"
112486,"[71964, 100853, 70427, 77070, 91076, 82304, 87527, 68634, 45484, 18635]"
112487,"[108799, 26462, 56768, 80219, 105238, 23617, 55066, 24857, 87161, 9601]"
112488,"[82736, 31641, 42402, 105341, 57767, 13100, 12685, 14655, 53342, 73299]"
112489,"[109137, 44809, 54308, 98624, 46915, 83670, 96271, 50102, 100391, 108166]"
112490,"[5026, 22037, 28532, 42382, 2995, 72441, 108278, 17573, 2737, 16788]"
112491,"[28956, 6751, 42500, 10954, 100107, 1402, 22050, 73068, 77735, 55483]"
112492,"[60583, 21852, 81685, 10412, 50527, 80223, 90723, 72855, 68082, 87881]"
112493,"[57686, 31247, 43643, 53276, 58365, 87112, 102452, 81442, 43992, 35952]"
112494,"[82049, 82954, 104762, 8442, 54323, 50399, 99854, 69172, 70351, 109190]"
112495,"[74529, 51543, 31889, 109007, 42113, 75589, 65526, 9518, 86177, 18302]"
112496,"[799, 4601, 44991, 31445, 48212, 36839, 44350, 102760, 40332, 57557]"
112497,"[3478, 12979, 73109, 108055, 67901, 104876, 47426, 79193, 700, 78935]"
112498,"[64835, 60548, 107431, 41915, 47462, 59656, 57932, 65406, 44793, 98399]"
112499,"[35371, 80409, 77755, 5249, 28653, 77344, 69868, 15109, 93329, 59243]"
112500,"[86292, 72540, 1732, 106781, 14046, 45170, 74669, 70277, 47905, 58371]"
112501,"[103125, 89953, 4998, 93409, 1827, 47358, 103766, 84352, 28744, 60338]"
112502,"[105398, 70817, 42225, 74734, 56300, 106267, 96123, 11433, 52054, 108911]"
112503,"[74908, 99015, 35362, 77128, 45155, 22332, 25374, 69389, 33899, 92966]"
112504,"[107405, 30388, 46609, 96253, 38359, 29779, 90372, 96746, 104041, 52894]"
112505,"[65376, 87246, 40498, 25860, 13142, 678, 35457, 75084, 81126, 14971]"
112506,"[5526, 26538, 51704, 83372, 48370, 86461, 76020, 98906, 92981, 43684]"
112507,"[33935, 89629, 107873, 73224, 68323, 45520, 76718, 28995, 17990, 14643]"
112508,"[47911, 106433, 70359, 98437, 51631, 101785, 79692, 47848, 42519, 70554]"
112509,"[100955, 69438, 23261, 99913, 69501, 6424, 27079, 79920, 60496, 56134]"
112510,"[85332, 91789, 54883, 21835, 40276, 100479, 33065, 14886, 19968, 86442]"
112511,"[81897, 97970, 53442, 17325, 104073, 95741, 16997, 63772, 34264, 40421]"
112512,"[89305, 42302, 95753, 92303, 381, 19296, 99203, 33969, 76659, 22366]"
112513,"[95441, 6224, 93723, 69665, 48492, 84360, 91204, 108426, 44731, 7839]"
112514,"[13493, 19166, 49836, 7790, 105379, 98230, 53730, 84637, 27573, 98873]"
112515,"[81249, 18371, 7387, 45139, 62314, 96807, 27014, 14771, 58473, 67798]"
112516,"[94016, 36369, 58759, 47892, 71890, 75904, 86427, 25355, 60797, 105205]"
112517,"[93710, 89468, 47162, 4012, 87299, 75894, 46375, 109467, 33025, 97767]"
112518,"[78193, 30654, 46482, 36590, 65176, 76059, 99119, 66317, 79670, 10856]"
112519,"[33610, 738, 72161, 72858, 105792, 1798, 3290, 88138, 16083, 71654]"
112520,"[7158, 98753, 68977, 99562, 5056, 92571, 71688, 67740, 62039, 79232]"
112521,"[55670, 90184, 6073, 45530, 38864, 15775, 67879, 58784, 100879, 17272]"
112522,"[11251, 78444, 102815, 49769, 81169, 105364, 34143, 72680, 4787, 51753]"
112523,"[107846, 31038, 89690, 56325, 45937, 72852, 60431, 6181, 44575, 9447]"
112524,"[67, 87170, 56233, 36752, 86349, 13479, 77026, 3738, 87868, 29621]"
112525,"[99523, 13564, 64055, 65512, 83640, 61873, 98851, 73925, 34476, 94558]"
112526,"[88397, 66329, 2484, 96984, 61415, 17064, 15795, 26450, 94634, 97769]"
112527,"[78586, 25405, 41058, 108871, 74774, 39239, 101537, 1825, 82755, 70707]"
112528,"[94969, 20609, 17028, 52781, 105266, 1150, 85552, 59024, 79596, 106174]"
112529,"[35170, 71350, 82425, 108047, 97560, 48338, 73259, 16330, 64767, 87029]"
112530,"[108186, 44004, 52417, 15329, 24648, 45345, 92904, 99150, 33611, 94602]"
112531,"[57554, 93392, 15962, 86172, 30850, 51119, 81977, 90259, 31783, 19220]"
112532,"[62015, 88743, 78020, 32753, 80088, 8246, 108008, 18357, 3475, 21809]"
112533,"[30098, 40628, 16849, 10714, 109233, 18686, 98814, 24766, 59294, 28248]"
112534,"[84744, 28106, 18388, 15645, 40346, 41481, 19155, 21667, 73944, 1090]"
112535,"[81728, 96659, 26517, 44079, 109538, 39396, 9568, 79843, 102315, 68704]"
112536,"[11040, 91814, 109716, 4941, 68630, 23112, 8933, 246, 10298, 32626]"
112537,"[28082, 17701, 35008, 102647, 103236, 41016, 68659, 21697, 46479, 40492]"
112538,"[98123, 22843, 27779, 105239, 46597, 109577, 97499, 79448, 11642, 51567]"
112539,"[8016, 92787, 36223, 39500, 87914, 60110, 89885, 30978, 89134, 93890]"
112540,"[75240, 37720, 102298, 4976, 93290, 90607, 73968, 42001, 50925, 81186]"
112541,"[74560, 96732, 12923, 81461, 56278, 86224, 63199, 42637, 7438, 42691]"
112542,"[32075, 652, 68583, 22612, 106178, 88252, 30633, 34907, 14567, 19325]"
112543,"[63887, 12992, 82762, 57482, 51016, 90894, 5485, 80597, 50287, 3427]"
112544,"[20893, 108778, 31279, 48418, 8927, 6246, 69916, 4567, 58254, 7604]"
112545,"[45740, 37038, 2410, 104109, 98897, 107951, 98669, 17058, 103090, 24626]"
112546,"[26668, 18979, 26008, 89256, 65170, 20997, 73098, 84041, 71043, 83656]"
112547,"[62478, 99238, 30680, 65805, 3597, 4494, 46372, 30352, 81585, 10048]"
112548,"[1667, 107500, 106662, 107625, 18, 56195, 94651, 101403, 9180, 66290]"
112549,"[23202, 6590, 95552, 66697, 56221, 101737, 29031, 9851, 71645, 6783]"
112550,"[87939, 38853, 11507, 52056, 25413, 34000, 108722, 21610, 93275, 106939]"
112551,"[65452, 38669, 60914, 47632, 107181, 93844, 107460, 17068, 103771, 44802]"
112552,"[11441, 35687, 87174, 26126, 18844, 74045, 57033, 63308, 46851, 42005]"
112553,"[61827, 45678, 45509, 63039, 55936, 47255, 89582, 62486, 108616, 108483]"
112554,"[79228, 30293, 100310, 53065, 25388, 74751, 57842, 14599, 86769, 89743]"
112555,"[69983, 62077, 78267, 33666, 45242, 30907, 75581, 23156, 100386, 66999]"
112556,"[6135, 3509, 63470, 47100, 82286, 30947, 81727, 19478, 76663, 56062]"
112557,"[95225, 79596, 48976, 44414, 23051, 85418, 88435, 94969, 59024, 5958]"
112558,"[43527, 95645, 94242, 99754, 83880, 22102, 85001, 39466, 25255, 43444]"
112559,"[71889, 68534, 106580, 71401, 76995, 85245, 105217, 72524, 15482, 76086]"
112560,"[75303, 64094, 84393, 8622, 47721, 21670, 39984, 62265, 51899, 95426]"
112561,"[68247, 38655, 9460, 1003, 15766, 3243, 38004, 43514, 48742, 105022]"
112562,"[38924, 93408, 4784, 83113, 18869, 84745, 93236, 55435, 20655, 4858]"
112563,"[8908, 104527, 5459, 21766, 21025, 93192, 53268, 84269, 56506, 68983]"
112564,"[73233, 71392, 30144, 32906, 32609, 70949, 91749, 26770, 33947, 68532]"
112565,"[55383, 99144, 94394, 2906, 96359, 47832, 49502, 33929, 21972, 99841]"
112566,"[60144, 19605, 32741, 48140, 77474, 74986, 44173, 21898, 11180, 97336]"
112567,"[104345, 25584, 52646, 62964, 47620, 21338, 79297, 87946, 87157, 104873]"
112568,"[107855, 49395, 75892, 108111, 86116, 55864, 104947, 72020, 1176, 5979]"
112569,"[3842, 23486, 109340, 101040, 17848, 76130, 99877, 44599, 68144, 107154]"
112570,"[30662, 46389, 8486, 43590, 46773, 48625, 82111, 70032, 83898, 105257]"
112571,"[63699, 3135, 39408, 101989, 90924, 103521, 35631, 39066, 99661, 92313]"
112572,"[93922, 36597, 54946, 72239, 109300, 87609, 30881, 55572, 63888, 102349]"
112573,"[7245, 52954, 106094, 58848, 19864, 8743, 3364, 33208, 28519, 89377]"
112574,"[58449, 34176, 82492, 71421, 101379, 34884, 696, 58419, 42969, 1662]"
112575,"[85282, 32761, 1609, 91455, 91502, 23075, 44979, 17988, 57910, 38770]"
112576,"[19981, 19532, 47499, 58064, 76420, 40282, 70816, 18270, 895, 16660]"
112577,"[1627, 48536, 52764, 22774, 47342, 19545, 81398, 69990, 40400, 71872]"
112578,"[108382, 5531, 98146, 45037, 92679, 6166, 96980, 32415, 35015, 102576]"
112579,"[55089, 72159, 61838, 2964, 33461, 70204, 81710, 49931, 3758, 20202]"
112580,"[41013, 5409, 13239, 27869, 16323, 92977, 33269, 36902, 66867, 108481]"
112581,"[2778, 57921, 56487, 107741, 34480, 34953, 84505, 33782, 95327, 52690]"
112582,"[92067, 346, 10835, 81423, 81776, 90254, 41011, 67362, 15566, 2819]"
112583,"[18427, 81293, 93224, 10878, 1380, 96747, 79621, 22012, 53937, 98396]"
112584,"[10961, 50775, 76799, 81026, 42515, 30406, 22788, 104670, 78220, 5460]"
112585,"[79822, 34151, 39104, 72797, 83502, 34636, 3502, 7688, 59609, 27759]"
112586,"[11229, 28651, 50744, 10283, 56176, 70350, 105950, 32552, 8293, 4047]"
112587,"[80442, 4479, 80726, 7602, 41694, 83014, 57162, 90448, 81385, 100393]"
112588,"[89927, 29875, 95647, 8109, 8446, 68754, 62315, 4396, 62471, 256]"
112589,"[21680, 96872, 15997, 3550, 86138, 16544, 95587, 250, 36342, 36751]"
112590,"[30218, 87979, 25136, 41882, 8951, 48806, 63898, 15097, 109744, 94074]"
112591,"[16060, 68633, 105603, 82987, 67149, 22330, 32968, 13200, 65144, 52685]"
112592,"[57182, 78455, 74098, 70613, 44865, 65689, 21318, 7996, 69040, 22732]"
112593,"[50281, 63725, 109630, 100837, 30806, 25915, 30699, 6949, 18199, 71661]"
112594,"[35525, 50220, 67538, 2349, 108895, 125, 69931, 25553, 98931, 66157]"
112595,"[17158, 38570, 20468, 2307, 51716, 56375, 73963, 97979, 31134, 109411]"
112596,"[67987, 72425, 7324, 40836, 23321, 47538, 95813, 45071, 52841, 51063]"
112597,"[80573, 24600, 20702, 75540, 108334, 23146, 26173, 37584, 41597, 44458]"
112598,"[66038, 46783, 56584, 107610, 88813, 31216, 47530, 90599, 63774, 28000]"
112599,"[82454, 26314, 14158, 41085, 85711, 7895, 36759, 28846, 77616, 42896]"
112600,"[109353, 85238, 20428, 103499, 13056, 2285, 52624, 58452, 9370, 6792]"
112601,"[106184, 44604, 104884, 23723, 77260, 8301, 6260, 34458, 52335, 35287]"
112602,"[88079, 60867, 93133, 25868, 102586, 99343, 93352, 2355, 40443, 80040]"
112603,"[45978, 10291, 104721, 18071, 104102, 30561, 78881, 41417, 50057, 85938]"
112604,"[73987, 67482, 95784, 16032, 29187, 51098, 59196, 51408, 84887, 94882]"
112605,"[44913, 13094, 24980, 109570, 107508, 26885, 55836, 94490, 47687, 95809]"
112606,"[21779, 81708, 44648, 28895, 39582, 49045, 52383, 72711, 1928, 85909]"
112607,"[50131, 56315, 43614, 75675, 103949, 18382, 2265, 60338, 74944, 7240]"
112608,"[63098, 36251, 7399, 65409, 100511, 9319, 61301, 22331, 82649, 95184]"
112609,"[37410, 3316, 96171, 88895, 76746, 65868, 44998, 26574, 80116, 43461]"
112610,"[62358, 55143, 54684, 57635, 75631, 44266, 50223, 26587, 102415, 84578]"
112611,"[47507, 72662, 63879, 54728, 65139, 62987, 18937, 38044, 91453, 87663]"
112612,"[37514, 92500, 105529, 34038, 31900, 30843, 54851, 22759, 57717, 44450]"
112613,"[16754, 100171, 100659, 107037, 31530, 21442, 33974, 57212, 239, 35983]"
112614,"[107968, 27953, 84993, 74119, 42589, 85734, 109294, 65984, 59154, 76593]"
112615,"[88448, 78246, 40467, 67993, 66559, 71678, 102795, 73431, 67407, 99340]"
112616,"[11211, 57123, 38218, 13766, 37091, 79793, 46728, 14525, 12291, 32312]"
112617,"[62491, 28322, 103025, 61635, 62091, 45563, 50630, 106865, 74185, 88562]"
112618,"[68212, 7084, 88890, 27753, 14179, 66421, 27310, 10742, 25795, 4649]"
112619,"[55879, 102311, 66489, 9944, 33618, 81695, 66830, 28382, 73020, 68764]"
112620,"[34609, 103534, 93951, 21395, 51153, 67568, 422, 66158, 100941, 16819]"
112621,"[26518, 31187, 63728, 103264, 42464, 5201, 60815, 92811, 40284, 90133]"
112622,"[91378, 54265, 41579, 102442, 14658, 104898, 34612, 49185, 37064, 2798]"
112623,"[46710, 17072, 47392, 62267, 100548, 10083, 97258, 19593, 18480, 79046]"
112624,"[4836, 80756, 107673, 35727, 4736, 65021, 64215, 54321, 79383, 50508]"
112625,"[89159, 61091, 36839, 74113, 59013, 47311, 66998, 84079, 83609, 107809]"
112626,"[11879, 84278, 62020, 64173, 85189, 11412, 62358, 5980, 101173, 71043]"
112627,"[15299, 359, 89604, 22840, 65648, 41954, 24390, 83183, 83570, 23962]"
112628,"[82702, 87033, 101185, 53911, 54543, 14002, 27067, 50909, 67058, 36362]"
112629,"[86547, 31167, 85150, 54292, 44147, 58577, 69749, 92429, 92471, 34757]"
112630,"[32284, 17760, 96772, 67639, 62100, 20206, 104009, 64665, 53535, 27945]"
112631,"[28183, 1205, 62614, 99825, 41008, 39359, 27761, 68981, 20444, 35938]"
112632,"[89243, 55885, 37499, 68331, 29390, 63297, 42150, 88176, 95445, 15532]"
112633,"[52228, 69182, 26824, 3548, 73745, 28292, 20785, 30423, 79090, 104780]"
112634,"[50605, 6469, 96721, 8556, 107427, 20885, 25326, 49527, 77244, 42340]"
112635,"[7923, 90264, 101738, 16717, 55641, 9916, 92136, 32733, 85792, 28539]"
112636,"[85574, 51458, 63107, 53624, 80632, 50087, 84788, 92465, 54232, 17170]"
112637,"[60232, 88209, 48514, 11237, 80455, 71790, 9628, 90489, 5291, 90070]"
112638,"[81626, 105677, 5330, 81654, 22130, 108401, 20995, 6462, 29871, 92031]"
112639,"[13742, 72021, 16893, 28497, 13868, 14250, 30893, 72225, 9386, 103711]"
112640,"[88569, 67309, 33925, 5130, 74587, 40773, 77438, 83740, 96136, 88473]"
112641,"[105225, 107696, 51895, 57514, 41107, 86272, 30585, 72311, 32775, 54483]"
112642,"[39117, 11577, 60579, 16684, 27550, 23722, 29915, 52108, 59236, 57504]"
112643,"[55919, 87531, 8813, 61485, 34696, 75405, 62079, 92581, 89100, 51237]"
112644,"[96238, 98364, 61832, 61271, 25684, 107459, 10634, 240, 88630, 73857]"
112645,"[98578, 57268, 56543, 30240, 95720, 53301, 70406, 89651, 94392, 9868]"
112646,"[97351, 46211, 35320, 12347, 91658, 72014, 105021, 73268, 91107, 75410]"
112647,"[54221, 82654, 90696, 58469, 85947, 72049, 67263, 93778, 37001, 61666]"
112648,"[5396, 77987, 52711, 54505, 58779, 19701, 98586, 82503, 60249, 37186]"
112649,"[46868, 22461, 92491, 102384, 73725, 99970, 20255, 78866, 84455, 50332]"
112650,"[12232, 42284, 44033, 17425, 63978, 92256, 16617, 43310, 38616, 37044]"
112651,"[16945, 69261, 36773, 104751, 13050, 52441, 17718, 25595, 75096, 102364]"
112652,"[46935, 55011, 66177, 24326, 73889, 29201, 17114, 6801, 96847, 36913]"
112653,"[65904, 95003, 26929, 38630, 60905, 49957, 35059, 85525, 4756, 7177]"
112654,"[62050, 56192, 80594, 30958, 75017, 31103, 51843, 74222, 62116, 95929]"
112655,"[20137, 2455, 39118, 32618, 68373, 58335, 55719, 68548, 38643, 79804]"
112656,"[90084, 33706, 12053, 46096, 85720, 96780, 103195, 66447, 26405, 75898]"
112657,"[77643, 103330, 62649, 82719, 26022, 45206, 51496, 84589, 66168, 89999]"
112658,"[7153, 51813, 61234, 13087, 6221, 13194, 18314, 22857, 6513, 97688]"
112659,"[48270, 106283, 8259, 38606, 2363, 39137, 76195, 40729, 108825, 104273]"
112660,"[91024, 108062, 25080, 59701, 9401, 73263, 35513, 98044, 62784, 24955]"
112661,"[94814, 10002, 90105, 27136, 11954, 30010, 55800, 107990, 65983, 30721]"
112662,"[5005, 4423, 8992, 30182, 10778, 28427, 88513, 73340, 104311, 109281]"
112663,"[34342, 100741, 605, 68113, 46898, 91052, 32407, 45361, 97800, 30936]"
112664,"[104250, 66585, 12132, 37057, 99868, 100321, 50958, 70483, 74060, 5372]"
112665,"[104031, 44313, 105234, 72774, 67074, 47323, 42666, 44582, 55834, 60222]"
112666,"[108443, 32767, 94185, 51150, 86454, 79707, 56157, 45893, 100832, 8572]"
112667,"[77269, 20562, 81551, 54060, 25791, 101059, 61903, 32044, 83713, 34338]"
112668,"[35038, 42997, 78330, 67777, 23687, 93889, 78633, 54899, 98849, 95755]"
112669,"[41420, 10966, 77781, 41831, 30936, 15847, 97800, 64984, 79138, 100741]"
112670,"[17257, 416, 72122, 97016, 7080, 105525, 61583, 85781, 23979, 70771]"
112671,"[95189, 26509, 48146, 7974, 25668, 78875, 94379, 1898, 97304, 25748]"
112672,"[28060, 63598, 20125, 28159, 93981, 129, 92843, 93858, 90115, 3638]"
112673,"[31456, 77312, 93504, 75146, 20738, 33648, 27274, 27897, 32400, 2465]"
112674,"[52401, 102354, 49840, 66709, 19763, 100941, 42286, 86537, 39995, 81955]"
112675,"[84442, 99086, 22674, 16977, 955, 60410, 51041, 102732, 92664, 23793]"
112676,"[64640, 17509, 73044, 65816, 74836, 49178, 35684, 43231, 42648, 58726]"
112677,"[102970, 17189, 109701, 31619, 36540, 6973, 2192, 24342, 19299, 58625]"
112678,"[16780, 18266, 36196, 58660, 15076, 84254, 72734, 55711, 63075, 1500]"
112679,"[30424, 75821, 16062, 34407, 103481, 93237, 41441, 71662, 66951, 18281]"
112680,"[50773, 90866, 88130, 33168, 50746, 84561, 86093, 48192, 42528, 106237]"
112681,"[52568, 36477, 86075, 74471, 23179, 77353, 55902, 107312, 43354, 28438]"
112682,"[56917, 15459, 99105, 14973, 92643, 53252, 71854, 52445, 469, 15183]"
112683,"[8458, 4379, 48637, 57130, 36379, 88947, 31640, 83189, 56420, 53077]"
112684,"[61736, 78979, 45542, 50886, 74925, 92215, 56183, 21385, 72276, 93131]"
112685,"[106204, 6832, 103253, 27776, 26146, 22044, 9665, 69939, 42547, 105811]"
112686,"[63543, 308, 6239, 69701, 85274, 92690, 12380, 96098, 98386, 37142]"
112687,"[87326, 25406, 28844, 47444, 49228, 6671, 57804, 27445, 54882, 52905]"
112688,"[11357, 99201, 78623, 38572, 75315, 18251, 86008, 33517, 6309, 109066]"
112689,"[44131, 106471, 41627, 98867, 99198, 42704, 74910, 107488, 79112, 108803]"
112690,"[29425, 5987, 4980, 93477, 54532, 47757, 105403, 13377, 63574, 108450]"
112691,"[62304, 21680, 95587, 15997, 86138, 96872, 107258, 82549, 73999, 16544]"
112692,"[9520, 50946, 37734, 72173, 109522, 101693, 17002, 40922, 53184, 72922]"
112693,"[86608, 105219, 92816, 43868, 39915, 34711, 41018, 41501, 97639, 36653]"
112694,"[109166, 22921, 94340, 29637, 16355, 29859, 59213, 79825, 26154, 60310]"
112695,"[16259, 100317, 14168, 40823, 44990, 78859, 20683, 91737, 3107, 93948]"
112696,"[78001, 38925, 84002, 83902, 87917, 2332, 91706, 48591, 68085, 33889]"
112697,"[22913, 64912, 20154, 30453, 63438, 25724, 4614, 23752, 76299, 50955]"
112698,"[116, 82881, 19916, 75906, 25350, 62638, 32703, 101735, 48867, 42126]"
112699,"[17738, 66633, 73909, 83721, 71903, 32520, 55307, 69087, 65155, 60832]"
112700,"[87745, 7705, 32378, 35994, 31813, 54148, 30783, 34802, 101508, 39064]"
112701,"[72752, 2247, 19243, 2749, 62083, 13677, 35089, 7852, 26642, 94589]"
112702,"[33268, 6693, 86654, 64739, 107433, 31686, 75966, 85630, 55333, 98151]"
112703,"[42132, 25206, 93082, 108914, 100554, 72475, 3406, 15843, 45195, 74216]"
112704,"[36456, 108272, 84550, 49607, 90163, 8620, 19891, 78321, 90578, 20449]"
112705,"[38838, 1725, 25738, 50992, 56122, 107506, 44349, 44493, 66366, 85280]"
112706,"[12667, 20527, 49960, 96178, 54016, 3408, 17875, 46936, 96261, 108348]"
112707,"[88720, 29946, 76877, 33504, 79657, 9258, 100750, 28516, 60046, 82803]"
112708,"[17845, 57071, 35640, 65091, 10674, 100468, 49564, 87451, 99922, 100819]"
112709,"[67544, 81079, 15067, 7643, 104594, 90561, 13158, 94136, 17877, 33083]"
112710,"[58294, 56888, 93558, 71861, 36149, 33973, 37359, 27485, 75949, 11066]"
112711,"[1272, 49474, 104125, 25975, 98717, 33803, 33773, 91653, 99361, 32188]"
112712,"[105681, 17464, 25815, 108678, 65995, 103670, 94442, 59570, 35871, 106060]"
112713,"[67572, 47299, 15974, 83375, 86653, 70044, 88963, 102372, 1062, 44707]"
112714,"[53127, 100798, 13669, 43132, 17635, 10221, 82434, 35975, 23013, 24426]"
112715,"[38387, 52555, 58145, 107394, 35630, 91285, 97695, 76957, 1572, 81823]"
112716,"[50949, 73423, 87023, 86257, 65989, 104395, 39863, 58937, 84443, 56725]"
112717,"[6802, 57103, 62957, 36110, 65427, 26220, 22113, 25771, 16172, 25857]"
112718,"[108626, 7708, 20677, 89089, 41872, 89997, 88735, 104925, 85810, 6077]"
112719,"[39609, 43475, 92646, 103168, 57761, 59516, 27126, 33723, 4256, 8148]"
112720,"[35051, 48500, 16875, 37359, 627, 32248, 70875, 26797, 38067, 65926]"
112721,"[70121, 6225, 33014, 100371, 38867, 6038, 108064, 30129, 18272, 36007]"
112722,"[97686, 23816, 31974, 8640, 106449, 69820, 48275, 4943, 62299, 8851]"
112723,"[17502, 66190, 84789, 13680, 92584, 53272, 92431, 88516, 106704, 23125]"
112724,"[96903, 20871, 62198, 76152, 77534, 80361, 4537, 19730, 54970, 48211]"
112725,"[38966, 94116, 75226, 53748, 28646, 75701, 58112, 100118, 68456, 11887]"
112726,"[88587, 41941, 63839, 23728, 5380, 8633, 5426, 56177, 1086, 92638]"
112727,"[48900, 97149, 52030, 96971, 64939, 451, 19749, 38097, 31050, 3430]"
112728,"[65494, 33111, 29852, 69269, 25051, 81987, 52596, 13348, 65132, 67932]"
112729,"[84390, 50387, 96528, 55811, 68835, 98532, 69667, 39899, 75813, 11301]"
112730,"[64540, 4345, 93845, 67997, 22325, 46984, 43678, 108088, 8008, 67314]"
112731,"[64170, 36832, 62125, 37165, 82418, 92214, 11014, 65297, 78037, 6129]"
112732,"[5166, 97391, 54261, 72129, 3585, 92018, 74976, 75525, 35564, 40752]"
112733,"[95775, 22922, 9419, 58207, 103902, 56780, 65862, 74989, 68676, 104791]"
112734,"[38336, 98108, 84240, 108889, 59021, 31138, 13503, 5184, 109337, 27258]"
112735,"[63346, 35679, 7673, 59785, 38672, 12996, 82931, 605, 89560, 64105]"
112736,"[41065, 38610, 55921, 37932, 105250, 31894, 58216, 70679, 1843, 103312]"
112737,"[25905, 43844, 102416, 73043, 63908, 77830, 63527, 46093, 22811, 25832]"
112738,"[80967, 15369, 76621, 18645, 17613, 78023, 90349, 78130, 69204, 81393]"
112739,"[12160, 60202, 90675, 60586, 56433, 50786, 102853, 46320, 35323, 36399]"
112740,"[37392, 43074, 108478, 37596, 107654, 67210, 105733, 93818, 98249, 20856]"
112741,"[62174, 12003, 92455, 28340, 70947, 69975, 94873, 68394, 78343, 72834]"
112742,"[24661, 15909, 13909, 88742, 97153, 98459, 35529, 90784, 64614, 76613]"
112743,"[49993, 14901, 104417, 52088, 56560, 86773, 66930, 54608, 66269, 100871]"
112744,"[91767, 33311, 27804, 53092, 76015, 33916, 4693, 53768, 19022, 88659]"
112745,"[39056, 96547, 54606, 53615, 85851, 61131, 66428, 55216, 36465, 101248]"
112746,"[98833, 37660, 75897, 35796, 12832, 18482, 108186, 86206, 72904, 7055]"
112747,"[95441, 62637, 57000, 58630, 19363, 53012, 6224, 108426, 69233, 44731]"
112748,"[37003, 14741, 3377, 95052, 45667, 44655, 35923, 9639, 7498, 9865]"
112749,"[31045, 92400, 9892, 11378, 58729, 88897, 6527, 89779, 7146, 35310]"
112750,"[53841, 100790, 24458, 51163, 87677, 65857, 22877, 96631, 69212, 107042]"
112751,"[77772, 99851, 8763, 44718, 100642, 44737, 96288, 32170, 69356, 24712]"
112752,"[33977, 88834, 6781, 79752, 30892, 86790, 48477, 39304, 107182, 44782]"
112753,"[27892, 23947, 102738, 70794, 10178, 33393, 40509, 30148, 57336, 2204]"
112754,"[92900, 14834, 85351, 59895, 83475, 73372, 61631, 74708, 79299, 51375]"
112755,"[12164, 79902, 17466, 98109, 61841, 54555, 50000, 101037, 88537, 6400]"
112756,"[85795, 41090, 7241, 98760, 23071, 76525, 34153, 5112, 14177, 86326]"
112757,"[99677, 27362, 52217, 36404, 45113, 25793, 48954, 8015, 105707, 33685]"
112758,"[109320, 13250, 13610, 105714, 83657, 93533, 18665, 50522, 80834, 65109]"
112759,"[101632, 26638, 10098, 44694, 38501, 65250, 64479, 50574, 79340, 33695]"
112760,"[18912, 24878, 69789, 49287, 47481, 98927, 16908, 93736, 85864, 53967]"
112761,"[44910, 20988, 79455, 32496, 61585, 107365, 82284, 104816, 16539, 41750]"
112762,"[36476, 72811, 76220, 8512, 13480, 70626, 92458, 55453, 74876, 47127]"
112763,"[75774, 66229, 3045, 34901, 9044, 2084, 44107, 73526, 7474, 27925]"
112764,"[78152, 6915, 20700, 73910, 37891, 105371, 61721, 54041, 66072, 80498]"
112765,"[49008, 31748, 48001, 31160, 90387, 39871, 70084, 10638, 12316, 75400]"
112766,"[35130, 433, 67669, 70695, 39917, 20884, 40267, 72845, 1014, 24540]"
112767,"[74714, 56953, 64500, 9649, 11372, 35679, 28978, 59785, 7673, 67038]"
112768,"[13996, 100098, 95829, 33561, 94402, 61207, 59977, 18021, 30848, 17604]"
112769,"[78410, 9409, 106057, 18018, 97198, 12345, 76412, 25072, 87166, 70441]"
112770,"[44346, 105263, 13020, 59461, 50470, 103344, 87125, 35811, 57198, 101823]"
112771,"[103995, 38682, 51503, 102077, 91144, 45882, 19528, 109454, 10432, 91355]"
112772,"[34335, 12083, 104812, 5398, 33029, 93485, 84597, 4525, 96348, 63317]"
112773,"[67329, 41379, 69637, 50509, 35577, 101482, 83013, 31697, 4155, 99698]"
112774,"[11422, 86208, 79902, 96450, 95334, 43564, 40054, 6400, 61841, 86368]"
112775,"[59072, 53630, 103051, 4864, 10871, 40115, 1759, 22614, 24737, 87357]"
112776,"[85276, 10633, 17857, 48554, 46650, 83224, 28983, 87866, 43790, 102153]"
112777,"[21990, 107476, 6967, 98225, 46259, 81284, 59959, 7451, 49822, 18088]"
112778,"[23087, 66066, 109740, 60767, 76424, 94581, 12445, 54352, 55583, 99370]"
112779,"[39544, 75110, 101726, 71322, 4281, 86163, 64240, 102686, 32031, 100707]"
112780,"[42236, 99093, 89668, 34633, 78110, 44854, 63114, 101342, 64228, 35883]"
112781,"[89671, 106566, 36833, 47048, 93559, 99985, 11051, 86387, 53245, 47436]"
112782,"[88730, 20709, 57435, 6207, 94144, 35629, 54664, 11516, 11576, 71585]"
112783,"[28073, 80045, 28541, 8606, 56894, 56370, 75287, 29534, 24081, 28764]"
112784,"[45476, 48888, 29249, 15506, 104981, 87384, 103356, 10829, 37641, 62993]"
112785,"[91051, 46361, 45027, 76367, 84536, 79053, 64656, 65723, 64903, 54049]"
112786,"[21437, 107443, 64088, 86131, 81201, 31823, 69108, 81051, 16820, 31181]"
112787,"[65154, 4369, 87785, 49824, 26768, 1581, 107638, 85750, 87219, 97020]"
112788,"[102188, 107808, 70165, 50285, 89916, 4419, 54356, 73315, 84307, 49167]"
112789,"[48035, 30740, 77455, 28439, 44196, 62415, 1840, 54390, 85212, 41827]"
112790,"[23728, 3182, 71750, 18118, 99248, 88240, 71844, 93542, 94554, 60833]"
112791,"[72966, 67596, 10207, 105700, 66666, 51762, 8717, 22972, 90456, 54569]"
112792,"[30703, 49907, 33629, 1024, 105684, 27916, 88736, 81393, 8410, 45305]"
112793,"[2144, 60256, 4337, 83998, 89722, 97127, 9805, 50513, 69453, 25941]"
112794,"[30094, 3601, 16796, 78679, 13812, 91318, 83293, 100635, 104500, 70393]"
112795,"[30585, 2577, 57467, 90541, 54483, 15543, 83945, 2399, 36512, 53678]"
112796,"[66821, 35778, 14866, 35065, 4533, 60215, 43057, 109183, 1183, 83981]"
112797,"[33293, 64740, 1361, 58063, 40693, 48165, 65218, 87596, 91991, 26682]"
112798,"[80639, 18568, 32363, 34611, 91815, 53656, 44812, 22638, 92821, 78208]"
112799,"[80958, 30305, 62847, 1978, 57828, 68282, 28838, 8269, 95484, 34933]"
112800,"[5188, 64251, 42323, 41542, 90880, 77743, 17921, 48379, 17552, 41103]"
112801,"[65791, 40999, 42994, 11337, 73886, 53935, 65279, 91408, 745, 94045]"
112802,"[10821, 53469, 36908, 57266, 34196, 69013, 77131, 62317, 66773, 25821]"
112803,"[6019, 20260, 36633, 23780, 104149, 847, 39128, 78251, 102621, 36459]"
112804,"[32811, 102797, 29534, 19010, 51758, 2483, 19201, 29999, 84572, 10988]"
112805,"[9384, 32745, 57989, 54656, 60798, 32556, 41479, 18580, 35462, 70222]"
112806,"[68667, 86634, 55710, 104600, 45735, 9768, 11870, 90270, 31565, 69407]"
112807,"[94691, 107955, 60640, 52921, 66812, 27278, 20441, 45004, 83333, 33126]"
112808,"[101250, 62192, 26610, 92152, 106861, 30907, 5708, 92434, 28566, 57170]"
112809,"[65407, 38061, 58850, 106467, 51658, 7376, 7247, 21558, 27019, 71308]"
112810,"[13244, 30015, 41031, 21686, 71131, 109119, 54648, 16228, 93243, 79272]"
112811,"[38105, 105943, 108331, 95925, 94956, 100275, 51779, 19265, 24080, 53456]"
112812,"[24160, 85357, 98231, 89281, 57656, 85992, 3309, 42450, 27218, 94438]"
112813,"[57186, 14326, 75023, 63369, 8349, 62208, 71061, 57517, 8477, 25473]"
112814,"[44483, 12433, 46088, 79485, 49760, 59378, 109084, 61085, 48836, 34900]"
112815,"[30671, 88833, 50072, 91771, 95661, 73030, 18207, 39445, 40406, 83019]"
112816,"[60104, 68447, 14953, 80436, 46650, 48554, 33956, 87866, 102821, 9840]"
112817,"[43517, 8340, 84765, 80945, 40909, 57944, 31532, 109280, 65230, 106623]"
112818,"[11646, 108679, 16389, 82484, 70376, 59727, 63642, 82857, 23837, 13399]"
112819,"[45878, 85743, 27977, 57243, 58780, 67547, 30422, 55939, 36972, 31384]"
112820,"[37825, 28017, 9723, 39644, 42613, 100160, 48978, 91918, 20425, 13650]"
112821,"[8707, 34811, 103731, 11844, 56899, 52907, 46912, 29591, 1946, 60084]"
112822,"[9379, 24088, 27521, 22137, 31225, 109386, 88715, 52253, 25840, 39374]"
112823,"[35493, 58143, 37460, 23922, 6099, 104511, 76400, 13716, 26057, 80028]"
112824,"[98360, 77891, 15690, 20083, 16793, 92095, 93380, 15053, 87038, 48460]"
112825,"[35562, 54256, 77047, 44255, 44953, 65014, 32791, 86247, 83854, 100609]"
112826,"[5723, 61363, 56471, 36336, 28189, 55749, 81110, 39898, 62171, 87748]"
112827,"[99658, 7629, 12193, 60729, 82066, 2654, 4241, 14100, 17679, 19342]"
112828,"[68776, 13686, 14942, 25817, 28835, 65777, 24203, 68265, 68076, 40578]"
112829,"[88444, 43160, 54022, 101231, 108654, 103375, 109158, 91607, 58781, 86809]"
112830,"[89029, 58904, 51888, 107575, 51824, 44983, 104110, 41892, 47356, 54552]"
112831,"[22478, 26285, 54754, 9599, 78363, 81537, 73236, 32327, 59090, 10504]"
112832,"[36071, 80961, 79863, 54682, 12028, 49069, 52830, 93253, 106457, 26988]"
112833,"[108277, 69664, 3732, 33278, 23277, 41256, 46424, 27633, 24945, 73379]"
112834,"[79108, 26046, 37449, 90283, 106105, 82974, 24691, 27461, 42792, 75026]"
112835,"[25993, 27643, 43893, 18247, 31399, 96618, 88133, 25247, 41196, 73641]"
112836,"[33433, 91821, 84551, 68081, 55651, 79207, 89626, 66472, 61307, 82403]"
112837,"[28016, 36482, 94059, 87813, 105393, 108154, 97918, 94241, 32525, 65717]"
112838,"[40292, 63233, 2245, 17242, 95800, 41364, 34908, 99872, 50628, 43413]"
112839,"[41927, 78694, 76684, 33753, 48586, 26913, 50787, 39933, 51741, 61348]"
112840,"[22508, 98074, 74429, 33676, 79381, 2826, 10628, 92323, 67553, 78016]"
112841,"[80448, 67843, 29622, 36325, 30519, 102541, 93715, 1388, 96828, 26159]"
112842,"[96813, 41094, 94183, 62233, 9927, 45515, 88040, 104614, 18778, 43669]"
112843,"[79063, 107277, 96622, 108126, 105061, 96584, 94884, 78403, 43642, 78264]"
112844,"[42285, 104357, 47213, 51929, 97095, 1940, 62464, 95804, 31600, 74717]"
112845,"[89601, 24612, 3372, 64822, 45603, 106813, 21578, 92962, 50769, 3338]"
112846,"[85682, 58944, 77068, 26443, 36438, 101628, 15762, 81709, 67269, 37968]"
112847,"[57042, 81091, 80305, 4630, 54978, 35238, 10832, 59033, 93034, 17876]"
112848,"[1939, 78820, 74018, 33812, 63480, 55672, 62203, 11620, 88597, 32301]"
112849,"[15180, 20472, 90703, 101789, 9909, 46621, 60466, 46634, 74879, 99404]"
112850,"[42347, 91288, 8115, 87779, 103370, 63586, 21186, 82578, 21745, 43957]"
112851,"[66391, 51105, 87960, 67828, 4031, 7073, 61965, 36921, 99114, 16289]"
112852,"[10154, 84452, 99269, 73594, 51151, 12591, 18306, 54501, 11171, 26335]"
112853,"[66770, 107777, 38896, 54382, 99746, 99942, 24504, 102329, 64101, 11211]"
112854,"[14154, 24925, 74590, 77450, 108743, 29166, 8401, 74876, 61000, 89240]"
112855,"[34837, 29730, 50402, 105631, 1568, 2489, 51416, 16310, 40491, 48077]"
112856,"[90774, 37704, 25694, 25792, 19793, 7375, 37489, 104987, 73536, 18400]"
112857,"[8583, 74268, 11345, 48053, 52252, 96839, 19627, 8569, 50560, 80322]"
112858,"[68293, 61667, 56395, 77208, 88644, 56751, 38458, 37525, 87922, 55122]"
112859,"[25882, 46164, 5892, 60145, 36978, 81888, 63944, 26513, 62749, 55717]"
112860,"[103109, 100189, 86015, 46831, 27478, 101608, 107240, 89910, 90573, 16602]"
112861,"[81217, 72646, 34426, 9150, 43366, 66145, 78932, 53768, 95406, 33311]"
112862,"[82021, 73885, 23517, 50733, 30275, 36002, 12534, 7767, 70951, 66162]"
112863,"[39313, 7857, 61018, 3898, 96722, 5858, 100240, 93288, 8980, 59200]"
112864,"[97867, 79384, 58655, 95885, 55359, 21773, 92822, 98336, 69542, 108022]"
112865,"[74143, 22314, 40132, 84085, 81743, 28739, 55283, 53794, 91426, 92110]"
112866,"[34647, 12576, 60860, 12578, 55538, 90738, 13890, 99664, 20057, 29245]"
112867,"[56764, 73143, 10945, 28850, 95944, 106387, 73591, 35861, 26055, 83914]"
112868,"[92196, 80148, 63707, 103819, 91717, 95705, 45052, 34160, 88515, 16467]"
112869,"[37992, 79732, 102379, 43565, 70168, 81334, 87753, 11444, 29094, 6564]"
112870,"[71065, 29570, 37128, 85618, 24430, 59127, 64390, 77249, 3332, 93855]"
112871,"[7576, 46916, 63106, 13824, 91676, 9719, 54450, 52699, 43672, 43813]"
112872,"[42764, 60305, 106392, 72658, 107909, 54190, 89873, 99192, 57169, 63481]"
112873,"[65815, 95296, 101795, 54040, 78377, 50478, 44879, 40832, 87772, 3786]"
112874,"[15408, 52644, 66301, 108912, 58225, 56496, 55562, 72830, 85522, 101046]"
112875,"[58338, 71809, 24000, 22657, 24275, 67683, 29984, 62049, 58115, 52237]"
112876,"[56328, 49949, 21665, 11873, 34602, 83690, 37777, 44133, 20928, 4301]"
112877,"[56129, 82097, 66855, 28922, 71430, 62848, 97403, 82708, 69069, 97677]"
112878,"[57577, 48067, 102698, 29739, 81541, 8167, 59579, 97966, 89761, 42241]"
112879,"[90884, 104867, 93216, 37963, 61979, 43182, 87100, 74165, 59098, 20213]"
112880,"[24636, 31258, 94626, 31520, 39094, 49552, 20545, 47603, 11575, 49191]"
112881,"[81193, 64062, 37012, 53210, 49425, 99694, 19043, 48569, 22409, 77053]"
112882,"[40565, 103956, 34024, 68288, 72784, 53351, 47706, 80514, 20578, 72546]"
112883,"[6300, 45736, 97954, 93122, 75159, 46600, 64706, 52278, 103194, 29971]"
112884,"[41061, 805, 86548, 403, 108343, 69270, 60817, 49927, 74425, 98337]"
112885,"[74257, 66016, 15216, 53668, 83756, 53747, 59588, 34286, 9774, 69966]"
112886,"[40681, 72022, 101350, 34105, 12988, 87286, 72982, 69799, 104932, 3208]"
112887,"[104427, 77107, 105921, 24347, 44051, 48545, 62762, 90319, 94463, 12958]"
112888,"[97659, 108278, 31785, 2338, 94109, 45609, 107690, 44291, 100506, 28532]"
112889,"[22453, 74915, 38009, 13494, 34088, 49407, 75550, 66061, 96554, 108211]"
112890,"[57462, 16682, 60706, 80530, 16619, 67561, 45446, 79942, 55253, 105754]"
112891,"[103377, 100902, 76857, 4477, 62504, 75344, 92937, 76519, 52321, 39773]"
112892,"[37128, 64390, 71065, 29570, 24430, 85618, 15706, 8179, 35682, 15690]"
112893,"[18244, 101086, 37334, 61859, 88172, 10739, 61619, 92647, 9231, 66657]"
112894,"[2183, 20853, 106658, 2676, 57376, 70156, 45923, 9981, 69430, 49600]"
112895,"[77615, 10075, 1744, 86631, 32477, 19491, 81028, 41570, 10790, 88058]"
112896,"[87924, 76630, 17960, 44757, 21305, 46192, 68364, 97535, 9845, 24564]"
112897,"[72100, 26771, 15652, 52364, 21220, 109425, 73137, 57622, 98934, 60043]"
112898,"[572, 107067, 4987, 70699, 109766, 88848, 8896, 1763, 61704, 75849]"
112899,"[17694, 19061, 80350, 106885, 31691, 20678, 26023, 38916, 51757, 60201]"
112900,"[67158, 24866, 21149, 87422, 40971, 79897, 9201, 39661, 99278, 107803]"
112901,"[53615, 61131, 39056, 83841, 101248, 101021, 96547, 85851, 54606, 85447]"
112902,"[26028, 71916, 16075, 102066, 43824, 48993, 105047, 51255, 101887, 23544]"
112903,"[67783, 17416, 103292, 66189, 22593, 46447, 51513, 14600, 83193, 92919]"
112904,"[16783, 56362, 108697, 101373, 17542, 99171, 24335, 77231, 53594, 22965]"
112905,"[62388, 61113, 57441, 70795, 11232, 17441, 60181, 101450, 71635, 13865]"
112906,"[80126, 14166, 25035, 59340, 52760, 22216, 97183, 95314, 6176, 66967]"
112907,"[63840, 69675, 66811, 23789, 2521, 89456, 1179, 26414, 63864, 86202]"
112908,"[52370, 52209, 95089, 36674, 27322, 42247, 10182, 38449, 56675, 85742]"
112909,"[75832, 67093, 100838, 57992, 3395, 22431, 106453, 28245, 99191, 86532]"
112910,"[97018, 70489, 32156, 63356, 79332, 49873, 58987, 39829, 100973, 8394]"
112911,"[72093, 70151, 47924, 96582, 43837, 90288, 73058, 32241, 72745, 107248]"
112912,"[62044, 37452, 51396, 8534, 82116, 49240, 106054, 84560, 40501, 69750]"
112913,"[39379, 94771, 65127, 77929, 31549, 34818, 84786, 38173, 19313, 62224]"
112914,"[4565, 93702, 11121, 89021, 101467, 56883, 9763, 84917, 38186, 29609]"
112915,"[58608, 67279, 16612, 18883, 23769, 7503, 75022, 30537, 40287, 68219]"
112916,"[13393, 49494, 54095, 48560, 22630, 28800, 30736, 8465, 36848, 4007]"
112917,"[57266, 36389, 81238, 20547, 71684, 57963, 87631, 50604, 76104, 34303]"
112918,"[49399, 64023, 49648, 90103, 67373, 81807, 100621, 86005, 41281, 1948]"
112919,"[9857, 72356, 45558, 78163, 81740, 60382, 79962, 75955, 80640, 83278]"
112920,"[15022, 104336, 81158, 22364, 40833, 5544, 106250, 6215, 89372, 101196]"
112921,"[28747, 5084, 103319, 46964, 61505, 22100, 41497, 86388, 19361, 73504]"
112922,"[62580, 77670, 79407, 30484, 3807, 64878, 96719, 73238, 71001, 27412]"
112923,"[106240, 100668, 27262, 15778, 106842, 74467, 77505, 15054, 100735, 10734]"
112924,"[60323, 73960, 17094, 99836, 80865, 69550, 60031, 98870, 84486, 90491]"
112925,"[106094, 7245, 19864, 52954, 33208, 3364, 104833, 71463, 8743, 80026]"
112926,"[11426, 90532, 89233, 108291, 83028, 14197, 24064, 62469, 42866, 88754]"
112927,"[99280, 19670, 48333, 100413, 5606, 54101, 57377, 72601, 38198, 88524]"
112928,"[55535, 20610, 21717, 44052, 92358, 82213, 66097, 36563, 93851, 35439]"
112929,"[55517, 37710, 11614, 60334, 29919, 86552, 61575, 77642, 40901, 9781]"
112930,"[103630, 56742, 15450, 95219, 83846, 27469, 48517, 62882, 70507, 78938]"
112931,"[5761, 49855, 75856, 15421, 36861, 42797, 69630, 106858, 97390, 55416]"
112932,"[47228, 18277, 73722, 85337, 53590, 109267, 56419, 92057, 86422, 75140]"
112933,"[11616, 54287, 31781, 100686, 38088, 4149, 59984, 72539, 70615, 87669]"
112934,"[20198, 17763, 74371, 10775, 91305, 58922, 23166, 88107, 34698, 109588]"
112935,"[77143, 102254, 10482, 40504, 37985, 23672, 23970, 28660, 97899, 1071]"
112936,"[87881, 90723, 2346, 10412, 80223, 21852, 29547, 7964, 109690, 65549]"
112937,"[45053, 392, 49142, 19852, 29522, 73416, 98043, 81310, 79443, 81593]"
112938,"[61951, 50779, 32911, 78914, 40726, 72967, 32023, 103983, 31618, 4559]"
112939,"[57009, 40703, 107393, 52594, 2558, 51877, 85948, 62551, 63473, 12728]"
112940,"[109496, 78093, 42761, 97047, 109070, 40468, 102041, 98554, 15693, 64758]"
112941,"[26866, 98843, 65058, 47357, 65579, 53921, 93331, 79037, 34548, 86018]"
112942,"[102797, 32811, 51758, 29534, 19010, 67237, 2483, 19201, 29999, 84572]"
112943,"[21448, 52800, 23507, 12837, 90454, 76985, 95195, 34923, 36222, 105175]"
112944,"[68713, 55793, 610, 68559, 42796, 47353, 66214, 43083, 78281, 8924]"
112945,"[2139, 41365, 103847, 56189, 43670, 56988, 106834, 11262, 100097, 5132]"
112946,"[53341, 86236, 92476, 2471, 57445, 98089, 29821, 87164, 85397, 36605]"
112947,"[60017, 18136, 42915, 54925, 10085, 73992, 65009, 76891, 55419, 3975]"
112948,"[87450, 64364, 15868, 46351, 35905, 19633, 13663, 42407, 83367, 13448]"
112949,"[4745, 22681, 109697, 109767, 84824, 42325, 46470, 58796, 92889, 84663]"
112950,"[19335, 69775, 50091, 33714, 81705, 41006, 23597, 79014, 8055, 24476]"
112951,"[68252, 32966, 87486, 29299, 54628, 90099, 36457, 65670, 82838, 71879]"
112952,"[22979, 18326, 86821, 35138, 55827, 454, 29657, 29951, 32815, 31338]"
112953,"[82883, 50156, 66755, 85199, 70129, 1221, 41993, 44956, 35783, 37076]"
112954,"[59286, 15237, 29639, 9353, 16939, 102898, 82161, 23325, 43513, 87216]"
112955,"[97228, 8612, 33213, 108149, 16699, 4411, 99320, 23845, 34140, 56126]"
112956,"[37872, 36543, 34770, 929, 104140, 74882, 85321, 54714, 97565, 52688]"
112957,"[15599, 53552, 97523, 58462, 19107, 7552, 104956, 6417, 88178, 9756]"
112958,"[31786, 82600, 24441, 89670, 95569, 5198, 83096, 101719, 53661, 105668]"
112959,"[106535, 9824, 73051, 53101, 104370, 15167, 20250, 53335, 54647, 11729]"
112960,"[14681, 50347, 45670, 105201, 46841, 39982, 52821, 41451, 35321, 100250]"
112961,"[108095, 11749, 46349, 23342, 45304, 59302, 37901, 22636, 38354, 56436]"
112962,"[16101, 24080, 95459, 77777, 798, 60526, 67671, 26973, 41130, 90013]"
112963,"[60012, 9446, 83935, 96077, 72504, 60434, 60890, 52755, 56940, 17463]"
112964,"[60631, 42218, 3136, 44606, 38765, 30127, 92045, 105751, 51364, 47140]"
112965,"[93092, 39985, 525, 65614, 107015, 71127, 20114, 2938, 28904, 100944]"
112966,"[105059, 46261, 65163, 23742, 61595, 51019, 41549, 5937, 106692, 47800]"
112967,"[102422, 80923, 68872, 20543, 34274, 74809, 67292, 76355, 74383, 102772]"
112968,"[35253, 20050, 70651, 60822, 4009, 54172, 95753, 51966, 37324, 98540]"
112969,"[47687, 25216, 14112, 6476, 68697, 52032, 8106, 101270, 86476, 70720]"
112970,"[62531, 104066, 18023, 85184, 89491, 92978, 70164, 29380, 103140, 5637]"
112971,"[279, 17087, 59611, 27698, 55408, 50346, 2679, 51655, 65317, 87758]"
112972,"[29525, 84878, 99382, 28593, 275, 17407, 81084, 18072, 82486, 6346]"
112973,"[91174, 43013, 103900, 96175, 5706, 75183, 89680, 73119, 61032, 88584]"
112974,"[55215, 48832, 55520, 81374, 16210, 8684, 34598, 12266, 71867, 82708]"
112975,"[13674, 82061, 57199, 77066, 24574, 59063, 93637, 61743, 56701, 9966]"
112976,"[64941, 23548, 70115, 16575, 28965, 2933, 72175, 46004, 81996, 9052]"
112977,"[15285, 8552, 72511, 52601, 96656, 40958, 28197, 91264, 105352, 50301]"
112978,"[18443, 41266, 75094, 8642, 77568, 37406, 32727, 75370, 95591, 23843]"
112979,"[5246, 2558, 40703, 57009, 65278, 62278, 108839, 33148, 11195, 18265]"
112980,"[82412, 107308, 57858, 36557, 74492, 75533, 99155, 65867, 17613, 69204]"
112981,"[90817, 62776, 16942, 20304, 101212, 34705, 86626, 69396, 46315, 62453]"
112982,"[47235, 31946, 49309, 19699, 48970, 74854, 17013, 99899, 28286, 3244]"
112983,"[15623, 97691, 24268, 1684, 11358, 108957, 17202, 52367, 26869, 101321]"
112984,"[69576, 108553, 84299, 50279, 109746, 6746, 57153, 94225, 57191, 69898]"
112985,"[4429, 32618, 56207, 95555, 20248, 39118, 68373, 28854, 24508, 7795]"
112986,"[42857, 58728, 25178, 68951, 86681, 81781, 65668, 106260, 17647, 40443]"
112987,"[46651, 99640, 63671, 20010, 47762, 102049, 84546, 58865, 84289, 101943]"
112988,"[63641, 88587, 101491, 63961, 98475, 39929, 16822, 2095, 21208, 42543]"
112989,"[28020, 14593, 8742, 961, 27257, 78988, 13773, 105049, 24110, 69434]"
112990,"[65532, 56481, 71007, 61676, 75157, 41964, 32883, 9462, 33123, 6924]"
112991,"[48157, 22564, 78674, 58835, 69153, 321, 62708, 38299, 73723, 23052]"
112992,"[14100, 4241, 17679, 99658, 60729, 82066, 98794, 7629, 12193, 96041]"
112993,"[22958, 107716, 49440, 21713, 60508, 28511, 63602, 8048, 61228, 94178]"
112994,"[57579, 41007, 48535, 11100, 67169, 84159, 77148, 56583, 37960, 18157]"
112995,"[93852, 104195, 78360, 15829, 104591, 63371, 73937, 62868, 17004, 41333]"
112996,"[8893, 13915, 41306, 85723, 35150, 77188, 58548, 66914, 23724, 86827]"
112997,"[19235, 35456, 100811, 66548, 88732, 47572, 53281, 27292, 60283, 66217]"
112998,"[87704, 107417, 17164, 97081, 29306, 89905, 68536, 38425, 31265, 98092]"
112999,"[4349, 70790, 24128, 57203, 23954, 78241, 108887, 6168, 96058, 60416]"
113000,"[94459, 104829, 74988, 50743, 59330, 1264, 3158, 26005, 102650, 105690]"
113001,"[50435, 77278, 78365, 24789, 69633, 11042, 94041, 31586, 31369, 35243]"
113002,"[41182, 14171, 74026, 33190, 96786, 97038, 2347, 35690, 88605, 77012]"
113003,"[91760, 13847, 85069, 62859, 64241, 9701, 105425, 80312, 70658, 64399]"
113004,"[25055, 78813, 49282, 98307, 84638, 21036, 659, 63445, 27843, 30989]"
113005,"[91907, 104700, 8558, 93803, 103515, 11726, 76274, 47900, 35957, 48762]"
113006,"[45569, 15367, 29714, 57545, 87725, 88801, 61774, 61654, 100566, 95288]"
113007,"[3149, 2360, 39740, 49929, 44100, 38390, 51596, 79617, 25287, 98767]"
113008,"[69777, 97805, 37582, 37563, 56489, 107044, 92338, 76937, 106859, 92860]"
113009,"[1397, 30612, 41426, 31763, 80413, 77359, 39339, 86240, 46427, 23715]"
113010,"[104767, 47271, 20700, 88619, 74262, 87356, 24214, 70241, 109417, 33580]"
113011,"[27913, 96779, 33069, 73905, 49154, 53551, 72339, 44542, 90546, 104346]"
113012,"[67445, 2997, 36318, 36225, 22709, 35776, 105318, 59460, 10161, 42890]"
113013,"[106301, 6061, 38906, 68662, 51581, 42079, 108564, 22960, 18128, 15137]"
113014,"[76140, 47338, 32705, 62986, 87993, 73945, 35372, 48320, 32375, 38204]"
113015,"[74002, 107517, 29980, 44512, 44994, 60999, 1495, 101745, 11486, 12123]"
113016,"[10119, 75853, 43361, 106621, 59285, 56612, 98352, 47931, 2673, 26333]"
113017,"[41999, 66829, 87373, 33025, 90256, 51755, 93710, 840, 66923, 97767]"
113018,"[101457, 33750, 22654, 27707, 102403, 106170, 100587, 28617, 76902, 21671]"
113019,"[14721, 7717, 18563, 8722, 90876, 47074, 100521, 816, 95792, 52197]"
113020,"[32189, 92812, 37505, 44546, 84352, 50202, 39213, 37683, 720, 74944]"
113021,"[36421, 77491, 37408, 50464, 49315, 8254, 61998, 76443, 79551, 45747]"
113022,"[98054, 106504, 25712, 39641, 75814, 22757, 74155, 9711, 90695, 44650]"
113023,"[17840, 53941, 82343, 72612, 19492, 56726, 44112, 19692, 93195, 22326]"
113024,"[105795, 66326, 38741, 13763, 65282, 35681, 101, 77533, 91236, 87247]"
113025,"[73479, 6880, 63211, 93400, 15027, 30475, 19091, 60916, 89179, 109715]"
113026,"[97378, 39368, 12980, 58444, 68504, 55084, 63022, 97209, 94458, 20522]"
113027,"[15912, 25169, 103345, 93924, 28467, 104461, 41360, 24012, 10722, 93080]"
113028,"[58930, 94797, 2608, 109402, 55629, 71875, 69398, 2073, 43033, 20677]"
113029,"[51879, 100628, 2280, 29257, 18148, 34064, 26380, 102300, 25187, 76692]"
113030,"[75522, 1890, 6314, 44289, 105978, 88608, 74089, 49190, 17742, 67138]"
113031,"[49041, 33333, 12396, 25770, 62512, 51509, 100747, 91625, 41669, 104636]"
113032,"[96805, 22048, 7657, 19680, 97743, 97537, 89828, 65673, 16830, 8650]"
113033,"[71700, 45819, 61332, 102918, 54441, 79361, 17245, 10304, 20324, 88803]"
113034,"[62867, 10328, 23957, 64724, 94963, 84415, 20554, 38043, 34334, 72894]"
113035,"[54353, 12212, 92823, 81627, 102758, 71829, 77985, 24873, 27554, 84000]"
113036,"[23399, 10770, 27301, 88364, 76314, 10044, 84270, 80784, 84049, 61445]"
113037,"[53387, 105116, 15304, 107296, 80804, 31548, 90063, 62115, 31855, 16159]"
113038,"[28197, 91264, 8552, 15285, 95483, 105352, 72511, 96656, 68217, 40958]"
113039,"[44649, 85459, 77805, 63834, 89003, 74377, 24182, 28979, 109126, 98315]"
113040,"[57686, 31247, 43643, 53276, 58365, 35952, 87112, 102452, 44858, 81442]"
113041,"[74045, 87174, 90300, 26126, 89127, 11441, 35687, 11116, 28356, 53558]"
113042,"[42476, 83569, 32063, 91315, 32858, 45602, 1535, 79655, 60682, 8321]"
113043,"[23806, 45739, 99595, 41961, 107591, 22839, 67103, 67, 37559, 49701]"
113044,"[28090, 64302, 15003, 2165, 24376, 62602, 109549, 48538, 77175, 4891]"
113045,"[17413, 32183, 101357, 93263, 67808, 31283, 98006, 66808, 32373, 97184]"
113046,"[21764, 73613, 40896, 33373, 79211, 12670, 79259, 22155, 20569, 55541]"
113047,"[4746, 96210, 74815, 60086, 105794, 21633, 42455, 53847, 62301, 38213]"
113048,"[66562, 60010, 27822, 979, 13471, 41506, 61164, 72724, 58960, 30914]"
113049,"[45624, 108086, 783, 47552, 105579, 33237, 2594, 80779, 21703, 40888]"
113050,"[62386, 36018, 44301, 58790, 26802, 99203, 16663, 48092, 85191, 53433]"
113051,"[47946, 19346, 55935, 42749, 72296, 107699, 21649, 16859, 34205, 96052]"
113052,"[109248, 28169, 1411, 89466, 67116, 92819, 46379, 99184, 4523, 50804]"
113053,"[56999, 81582, 53878, 16972, 633, 99591, 750, 12324, 43318, 92158]"
113054,"[8115, 91288, 103370, 42347, 87779, 51957, 40807, 55660, 29105, 54688]"
113055,"[27459, 53429, 58334, 98481, 102090, 42111, 31545, 25413, 108748, 29095]"
113056,"[9432, 50716, 86164, 72718, 67956, 12380, 96098, 64034, 78372, 66263]"
113057,"[87369, 20201, 2189, 99080, 92008, 76058, 77168, 105160, 85692, 80431]"
113058,"[56985, 63869, 30667, 27491, 13748, 7941, 72188, 5176, 13186, 49720]"
113059,"[106380, 91598, 26614, 103106, 14050, 52171, 59123, 63751, 26619, 8839]"
113060,"[20881, 77273, 10555, 52693, 4393, 91894, 77517, 56841, 73208, 60167]"
113061,"[13929, 17768, 460, 6776, 98209, 46704, 84709, 50424, 89170, 10209]"
113062,"[46415, 9329, 101825, 64107, 48359, 92248, 12302, 15495, 6488, 49665]"
113063,"[102268, 101611, 93225, 73353, 12808, 55050, 77269, 21441, 79168, 28399]"
113064,"[29515, 32421, 21710, 83132, 92829, 82234, 1287, 38002, 703, 34711]"
113065,"[48291, 90568, 18206, 11640, 91868, 31319, 60064, 13128, 76527, 24963]"
113066,"[26606, 41027, 34433, 22990, 61923, 83191, 90954, 58731, 102478, 98608]"
113067,"[82218, 48940, 1351, 48240, 32580, 38195, 90523, 60175, 102025, 52041]"
113068,"[38567, 54552, 64834, 32061, 55184, 92825, 52737, 15132, 62007, 15320]"
113069,"[20617, 24299, 73297, 86197, 19967, 80145, 36703, 8353, 69619, 78973]"
113070,"[33202, 43436, 77881, 39650, 26972, 65950, 59758, 67797, 103063, 106651]"
113071,"[40245, 83572, 23689, 43261, 66637, 41965, 3481, 73800, 81363, 15273]"
113072,"[78965, 17873, 84489, 56407, 10127, 62064, 82701, 101178, 4077, 81453]"
113073,"[40958, 95483, 15285, 8552, 62218, 105352, 72780, 93303, 96656, 72511]"
113074,"[35022, 45416, 75016, 68299, 68702, 82059, 45786, 54995, 43828, 85788]"
113075,"[7470, 4462, 17934, 59028, 82856, 74642, 28429, 32290, 92029, 30147]"
113076,"[91748, 33644, 71777, 66109, 105996, 93652, 26316, 95787, 61054, 89426]"
113077,"[70078, 4447, 11112, 95686, 35031, 52815, 86533, 70547, 12918, 26628]"
113078,"[17574, 69485, 39542, 28898, 64726, 95534, 35311, 46891, 45244, 3991]"
113079,"[19186, 92702, 70037, 104798, 54847, 36645, 10982, 69897, 33862, 12434]"
113080,"[33098, 103153, 28489, 42527, 93811, 81413, 76652, 43843, 85128, 88968]"
113081,"[55495, 101457, 21671, 55616, 27707, 99129, 101977, 76902, 106170, 19983]"
113082,"[93494, 108370, 107894, 98291, 58758, 17730, 92602, 95676, 49657, 101629]"
113083,"[106030, 64478, 101789, 70619, 17937, 106042, 14252, 16272, 52415, 91826]"
113084,"[17721, 101730, 21253, 78340, 90533, 84262, 27145, 108777, 24145, 21936]"
113085,"[85491, 42592, 46032, 20714, 48764, 16361, 97076, 106175, 37717, 48172]"
113086,"[21634, 97861, 60066, 46442, 85817, 23039, 22717, 80665, 101956, 23734]"
113087,"[84960, 82167, 62371, 40113, 88478, 99353, 28811, 103549, 23007, 13495]"
113088,"[31538, 60848, 28213, 45683, 96577, 70457, 43959, 26090, 58013, 17714]"
113089,"[102183, 49410, 105343, 39538, 71221, 46243, 67869, 48619, 49717, 72861]"
113090,"[108404, 85920, 32321, 47637, 16710, 89647, 18328, 77516, 52517, 90635]"
113091,"[104637, 97681, 61413, 103075, 41162, 12408, 101774, 58026, 47442, 92830]"
113092,"[104494, 59085, 13027, 87191, 36218, 106814, 104175, 25316, 44716, 38971]"
113093,"[30509, 81416, 88962, 99811, 20264, 96222, 1731, 97459, 99532, 3890]"
113094,"[83756, 9774, 59588, 34286, 74257, 66016, 92306, 76736, 7773, 23856]"
113095,"[26494, 76994, 81454, 59281, 104692, 77536, 54839, 28689, 4548, 106142]"
113096,"[19495, 104657, 92778, 65875, 29681, 8086, 19444, 39326, 57730, 23649]"
113097,"[37955, 34885, 39997, 92797, 94703, 23467, 18475, 38713, 18886, 105600]"
113098,"[7284, 101253, 56788, 6315, 55825, 72154, 105419, 44811, 71882, 3041]"
113099,"[108366, 80269, 55150, 82728, 19191, 103136, 64050, 68073, 38747, 101480]"
113100,"[100591, 17539, 7737, 2331, 51011, 88491, 105665, 26299, 28490, 92506]"
113101,"[12842, 40160, 4382, 33866, 63876, 108376, 87018, 8064, 61906, 88790]"
113102,"[55153, 45004, 52921, 79313, 107762, 60746, 107955, 60640, 66812, 83333]"
113103,"[97256, 42635, 23349, 43070, 18403, 44522, 80467, 37321, 1387, 62093]"
113104,"[29269, 92334, 37035, 42008, 74299, 80625, 41956, 43419, 20598, 66278]"
113105,"[99019, 59906, 69519, 21989, 85064, 54114, 101355, 74888, 29740, 65608]"
113106,"[45498, 29902, 77343, 2554, 76805, 67209, 40147, 106585, 39874, 191]"
113107,"[34963, 49863, 46751, 2928, 14474, 1074, 107703, 89765, 100762, 82339]"
113108,"[86990, 70158, 108357, 40460, 95228, 118, 7767, 48372, 101592, 49807]"
113109,"[54081, 21041, 60258, 13275, 37215, 72785, 38562, 296, 80337, 85073]"
113110,"[45522, 45128, 47890, 14726, 37869, 9534, 103130, 37046, 22785, 40763]"
113111,"[93236, 52362, 98430, 12030, 27312, 7661, 16556, 64319, 96832, 35022]"
113112,"[103933, 49409, 67007, 42930, 33320, 58648, 73638, 91764, 66765, 81160]"
113113,"[55613, 92108, 108363, 1622, 79858, 67366, 53181, 91689, 66845, 100249]"
113114,"[78950, 3013, 45663, 70938, 74769, 95832, 80030, 63119, 92677, 24474]"
113115,"[49990, 98196, 94507, 35108, 106570, 24751, 63565, 35209, 82246, 47147]"
113116,"[41739, 18734, 88536, 102456, 27886, 109656, 88299, 48367, 102942, 94266]"
113117,"[84083, 1795, 101311, 27959, 59161, 67498, 82917, 20338, 89462, 94381]"
113118,"[92912, 5714, 102872, 60808, 92975, 74728, 32204, 108348, 81645, 6001]"
113119,"[107009, 39179, 49885, 8143, 57278, 64092, 84301, 8626, 46397, 25512]"
113120,"[80132, 18492, 8605, 8129, 69354, 33895, 36738, 42031, 85555, 83268]"
113121,"[74398, 88285, 42657, 40636, 71323, 40670, 25848, 50379, 108834, 87368]"
113122,"[33705, 56269, 10434, 69123, 77693, 93104, 66360, 67913, 52703, 83184]"
113123,"[75872, 60392, 48568, 14175, 66555, 25711, 98570, 58769, 3862, 73947]"
113124,"[50064, 2284, 99883, 49921, 1151, 39667, 74380, 94139, 69331, 46515]"
113125,"[13059, 76541, 57026, 106107, 107396, 78657, 32547, 39101, 46823, 21681]"
113126,"[77335, 72107, 6788, 57534, 24798, 58743, 49638, 108013, 55317, 26124]"
113127,"[10551, 45754, 56012, 43501, 81176, 64272, 84132, 17189, 69272, 56849]"
113128,"[94293, 109524, 45590, 20903, 64834, 73583, 38567, 31807, 32061, 77011]"
113129,"[30306, 56051, 48686, 37522, 104060, 62942, 107146, 64824, 46054, 48731]"
113130,"[105959, 75998, 77237, 100597, 95001, 87641, 76463, 101973, 98648, 99244]"
113131,"[37516, 18835, 1682, 5774, 108996, 19181, 47914, 22949, 39578, 105435]"
113132,"[82371, 88939, 31727, 75964, 36828, 78278, 85454, 99170, 85067, 40476]"
113133,"[30749, 17997, 76960, 84828, 81699, 12743, 19799, 44334, 27715, 43839]"
113134,"[38548, 98073, 68053, 102543, 39963, 23813, 86793, 36335, 94349, 20704]"
113135,"[18942, 63262, 102531, 90057, 86932, 103695, 24804, 39258, 76166, 4048]"
113136,"[98349, 30983, 31451, 103488, 63868, 14787, 28194, 5314, 35759, 101155]"
113137,"[13792, 17282, 19051, 77463, 101913, 43026, 48550, 21372, 17141, 97369]"
113138,"[72518, 55565, 40924, 66472, 82403, 47903, 8985, 43739, 78250, 97260]"
113139,"[65717, 21137, 81586, 109390, 43955, 94241, 68550, 102569, 30470, 53863]"
113140,"[13376, 99076, 71106, 44840, 80535, 50236, 23044, 67342, 101428, 5955]"
113141,"[42129, 65723, 73864, 95306, 27520, 22466, 17053, 91334, 25448, 76786]"
113142,"[73109, 79193, 108055, 3478, 12979, 47426, 78935, 67901, 92681, 104876]"
113143,"[19249, 5762, 22049, 101074, 9594, 89666, 98690, 108342, 80316, 42352]"
113144,"[64163, 95821, 46110, 36790, 68271, 56629, 98221, 104359, 14286, 67526]"
113145,"[25529, 26575, 68057, 91435, 104083, 29220, 92783, 70112, 6759, 78606]"
113146,"[55905, 66599, 105645, 26527, 81545, 37889, 80077, 36415, 11758, 31285]"
113147,"[33084, 47128, 52181, 834, 95463, 32251, 67129, 39465, 8288, 107428]"
113148,"[106085, 58039, 80648, 42942, 68663, 90072, 585, 45750, 24700, 40190]"
113149,"[33454, 94341, 94022, 30203, 57314, 38553, 88021, 96191, 35934, 79151]"
113150,"[19366, 4276, 98140, 73993, 77704, 2224, 54241, 92877, 29703, 57932]"
113151,"[40698, 22041, 24494, 66447, 98242, 52087, 60239, 93510, 35298, 84747]"
113152,"[12969, 91968, 45577, 93497, 40917, 18018, 86120, 31392, 69558, 79476]"
113153,"[73722, 47228, 8544, 109267, 85337, 108975, 18277, 16378, 19705, 53590]"
113154,"[50024, 92600, 30992, 52735, 55406, 55093, 100358, 106248, 70337, 30472]"
113155,"[21170, 64284, 82543, 41226, 72723, 47618, 49724, 7803, 68285, 36771]"
113156,"[39698, 41555, 106381, 96683, 103535, 49988, 37271, 56501, 71199, 57438]"
113157,"[80654, 76335, 65045, 6227, 89114, 78948, 53881, 43541, 102071, 1515]"
113158,"[46583, 89139, 27852, 9299, 24371, 4231, 17106, 104532, 23557, 11053]"
113159,"[89589, 53771, 24525, 32995, 67540, 12753, 49819, 79616, 30823, 93630]"
113160,"[61174, 102433, 104976, 84819, 38155, 6543, 2134, 6362, 32409, 76728]"
113161,"[100438, 97758, 10326, 6081, 68388, 96262, 275, 4992, 40175, 61402]"
113162,"[42345, 90077, 16314, 51299, 97704, 82941, 18573, 109456, 79359, 83367]"
113163,"[91305, 10775, 109588, 101711, 23166, 486, 74371, 75933, 20198, 66023]"
113164,"[69151, 30582, 86799, 70395, 90792, 86469, 62027, 97846, 37350, 11866]"
113165,"[88733, 109115, 13620, 8762, 8905, 103013, 73551, 63937, 20825, 14182]"
113166,"[22295, 96942, 44464, 83428, 61545, 4731, 29698, 78871, 45460, 72597]"
113167,"[75092, 77614, 83335, 75065, 21031, 55289, 7516, 6661, 12096, 75304]"
113168,"[89871, 10238, 43520, 71185, 3904, 106618, 72733, 73788, 105487, 59938]"
113169,"[70940, 11344, 31060, 22937, 83975, 51370, 92910, 107962, 84141, 8078]"
113170,"[15400, 39166, 87502, 104802, 6553, 82867, 84802, 100260, 31639, 59731]"
113171,"[19549, 39110, 89769, 50076, 31474, 79855, 29569, 27320, 70690, 54738]"
113172,"[94048, 10016, 61345, 11057, 96683, 44523, 25314, 108399, 11110, 71199]"
113173,"[100869, 79317, 44141, 48330, 104558, 78677, 39919, 75212, 84191, 95312]"
113174,"[41386, 20828, 10261, 49786, 80642, 54843, 93108, 100936, 18921, 97370]"
113175,"[84382, 96843, 1047, 48662, 84098, 69679, 77702, 20888, 86745, 61444]"
113176,"[9979, 87218, 87649, 24402, 37804, 2727, 74794, 28667, 33057, 36343]"
113177,"[4638, 79588, 69097, 3790, 98983, 2550, 49033, 105948, 99376, 11603]"
113178,"[56599, 88635, 84274, 106179, 19722, 9252, 45648, 100561, 14784, 33122]"
113179,"[106447, 46583, 42365, 27852, 89139, 33910, 86353, 66093, 94959, 85944]"
113180,"[83259, 68545, 21459, 72937, 10487, 52465, 69972, 49234, 56605, 67102]"
113181,"[63732, 49685, 5472, 31298, 43156, 15138, 43474, 47599, 108721, 72376]"
113182,"[91463, 51479, 15409, 93647, 16302, 31677, 39221, 51247, 90132, 74629]"
113183,"[103443, 9558, 84051, 91292, 100719, 43490, 9811, 68587, 52425, 30660]"
113184,"[2165, 48538, 36888, 4891, 75607, 34992, 15003, 28090, 64302, 4605]"
113185,"[37819, 6205, 103886, 61427, 19028, 87903, 18705, 65937, 88072, 43345]"
113186,"[75699, 75319, 7096, 95238, 11882, 15415, 6809, 41870, 92030, 86291]"
113187,"[38962, 32611, 107245, 5994, 30137, 56653, 59944, 97595, 2106, 101504]"
113188,"[45137, 57476, 71731, 91228, 40052, 35081, 10601, 78858, 56937, 41973]"
113189,"[56945, 22610, 33466, 102132, 73437, 48504, 84540, 10449, 54822, 100103]"
113190,"[23291, 67621, 93830, 34966, 82897, 31452, 72962, 21518, 47046, 32450]"
113191,"[72694, 27228, 67010, 102371, 92292, 81791, 4383, 7478, 85756, 55877]"
113192,"[78121, 22254, 100073, 50154, 35944, 32537, 47199, 16122, 81874, 97817]"
113193,"[104620, 50755, 33579, 45917, 35545, 636, 76345, 55809, 82859, 84516]"
113194,"[9090, 7377, 35136, 19149, 70240, 32575, 16787, 38837, 55461, 96976]"
113195,"[91902, 92252, 10110, 43217, 15391, 87659, 34457, 97331, 81229, 78854]"
113196,"[87009, 36005, 104641, 27174, 77585, 67522, 109628, 18462, 14135, 12453]"
113197,"[95327, 56487, 33782, 34480, 101555, 57921, 2778, 11304, 14032, 10564]"
113198,"[29250, 91089, 54948, 79056, 87410, 88514, 84371, 92661, 42000, 57726]"
113199,"[10539, 3888, 75449, 18628, 65378, 99730, 16987, 30532, 42413, 1789]"
113200,"[102647, 35008, 17701, 100780, 41016, 28082, 522, 21697, 103236, 28953]"
113201,"[103178, 29413, 27513, 102688, 84202, 30464, 16326, 77678, 91946, 40560]"
113202,"[36254, 1481, 107138, 80533, 20466, 7220, 38569, 63693, 93339, 51573]"
113203,"[30813, 74781, 107761, 41702, 86343, 61281, 75751, 6712, 50054, 99275]"
113204,"[46933, 7100, 64393, 45402, 41598, 50061, 63390, 37820, 3656, 1790]"
113205,"[37683, 44546, 39213, 33222, 32505, 32189, 56315, 71368, 29252, 103949]"
113206,"[90323, 35354, 73422, 78014, 38897, 56287, 70444, 14749, 727, 95908]"
113207,"[16097, 97088, 52783, 55917, 107059, 15771, 47938, 8154, 82606, 75243]"
113208,"[99645, 2774, 103520, 50810, 62450, 50908, 7624, 5954, 86675, 10712]"
113209,"[67282, 87346, 46300, 18404, 91045, 28692, 3233, 17753, 104522, 12296]"
113210,"[65054, 5096, 1554, 38418, 59721, 86868, 67000, 79385, 84893, 64454]"
113211,"[974, 18019, 52058, 90054, 96363, 86499, 20470, 40884, 88921, 99808]"
113212,"[61334, 101431, 98356, 68196, 67591, 30766, 89068, 61245, 84568, 96371]"
113213,"[66185, 76873, 14421, 74168, 96109, 51737, 38321, 35809, 20291, 68383]"
113214,"[31265, 69794, 105287, 78006, 100362, 99826, 34, 92942, 68536, 65547]"
113215,"[78442, 42925, 3949, 51981, 103931, 80721, 60279, 108067, 41091, 99737]"
113216,"[13226, 60049, 72565, 94940, 24357, 11695, 93898, 60102, 69135, 72420]"
113217,"[5232, 3716, 37636, 2090, 9316, 30327, 48716, 69838, 11308, 15177]"
113218,"[77718, 32601, 100478, 40418, 83745, 1392, 30277, 69881, 4480, 78197]"
113219,"[2403, 62295, 47465, 107590, 12353, 95250, 15394, 21968, 15229, 85313]"
113220,"[54409, 87682, 38424, 91152, 56750, 61319, 50160, 17136, 71407, 66880]"
113221,"[11300, 20712, 54753, 77911, 92223, 49541, 60667, 22812, 101523, 108433]"
113222,"[50423, 16048, 74109, 85545, 12293, 12387, 107963, 89458, 43662, 72377]"
113223,"[15606, 61534, 80761, 38756, 55081, 40018, 109775, 32157, 10009, 6011]"
113224,"[99296, 91739, 54568, 72663, 13437, 65774, 1374, 61061, 53249, 12814]"
113225,"[33749, 99045, 57055, 68522, 58993, 24361, 86302, 26446, 74174, 23950]"
113226,"[107858, 49899, 109772, 16305, 54593, 59369, 18749, 93251, 106308, 3582]"
113227,"[10860, 62975, 96628, 33388, 15650, 58686, 75542, 33522, 60811, 52392]"
113228,"[46339, 37233, 3342, 26894, 72272, 98145, 35463, 57823, 344, 84525]"
113229,"[75618, 97335, 105534, 95237, 29175, 87272, 85220, 72816, 25305, 92974]"
113230,"[13326, 105541, 91812, 48834, 13243, 81222, 56635, 18308, 108882, 89809]"
113231,"[29988, 15662, 92391, 97515, 22977, 7119, 78862, 10531, 101694, 72427]"
113232,"[10219, 60015, 55496, 88332, 69187, 48644, 65601, 12351, 70955, 94917]"
113233,"[78352, 50, 65938, 60901, 13302, 10329, 8758, 101889, 77094, 44281]"
113234,"[31286, 87933, 40892, 28518, 84466, 84613, 92728, 44530, 51286, 39848]"
113235,"[72496, 69030, 14436, 36900, 72763, 13878, 97518, 91423, 108691, 50468]"
113236,"[79248, 14035, 49939, 27092, 51840, 13719, 15600, 31969, 104322, 63001]"
113237,"[95065, 52812, 95684, 10953, 105043, 82771, 57750, 13265, 89868, 16255]"
113238,"[74997, 21481, 109033, 83146, 53229, 58250, 41507, 6191, 77632, 58044]"
113239,"[107511, 47596, 18495, 69183, 8015, 48954, 106841, 74845, 3044, 96502]"
113240,"[32167, 59847, 5134, 16158, 68717, 53545, 67914, 90516, 18439, 75393]"
113241,"[62412, 103808, 21837, 5840, 9729, 102335, 100041, 61985, 5726, 8360]"
113242,"[27508, 57707, 109135, 66761, 13174, 37050, 21491, 8145, 10230, 52033]"
113243,"[12694, 43363, 5662, 46158, 105284, 66345, 4535, 66563, 53104, 56021]"
113244,"[84290, 53332, 49739, 107722, 13547, 93316, 13553, 69051, 21783, 22733]"
113245,"[10687, 59412, 49503, 95901, 75544, 95819, 26842, 69529, 32929, 13384]"
113246,"[41607, 64589, 52855, 96147, 91638, 3463, 70584, 92231, 6852, 83488]"
113247,"[75519, 7674, 87778, 48345, 96668, 20096, 90618, 100009, 47593, 43118]"
113248,"[109273, 81514, 29351, 104223, 26135, 36375, 29826, 15288, 18793, 54392]"
113249,"[66468, 2030, 89328, 48633, 86425, 78966, 99934, 74718, 11622, 45081]"
113250,"[42513, 93247, 24859, 75569, 67285, 331, 78668, 60322, 40540, 24033]"
113251,"[23324, 96958, 11919, 64289, 91119, 108190, 24653, 5693, 42679, 99304]"
113252,"[76176, 2724, 99721, 61594, 32334, 66696, 19181, 56357, 84965, 13484]"
113253,"[89012, 4618, 50489, 50724, 68335, 92572, 8200, 8737, 42122, 49134]"
113254,"[91640, 105710, 106089, 33330, 80719, 3132, 21636, 3756, 50073, 25566]"
113255,"[35337, 79771, 17643, 8784, 53358, 87750, 39547, 24913, 29240, 42618]"
113256,"[108646, 21365, 42860, 11663, 7771, 81343, 25545, 37860, 92621, 97093]"
113257,"[16140, 9650, 2572, 102025, 102087, 17138, 48435, 4783, 108947, 74659]"
113258,"[36639, 54598, 4848, 75817, 21728, 99720, 32201, 37273, 79532, 42779]"
113259,"[21718, 65203, 43096, 8299, 7766, 108452, 39150, 79704, 51833, 2927]"
113260,"[15884, 37161, 7058, 20138, 42224, 30447, 44154, 88124, 81565, 44249]"
113261,"[96398, 99012, 105456, 102450, 6577, 34363, 98741, 14716, 98187, 50319]"
113262,"[359, 83183, 24390, 39942, 29057, 59122, 54919, 36797, 15299, 89604]"
113263,"[46702, 58395, 47819, 35257, 46315, 58095, 17637, 97949, 35060, 44305]"
113264,"[82751, 89851, 4105, 106075, 41782, 33000, 26309, 107685, 87353, 96851]"
113265,"[20848, 109261, 89191, 40060, 68844, 60804, 102034, 26482, 60377, 99116]"
113266,"[61363, 5723, 87748, 62171, 47959, 63517, 29347, 56471, 36336, 55749]"
113267,"[44371, 42623, 39048, 67240, 60315, 74302, 34442, 13477, 34638, 44696]"
113268,"[88903, 80636, 63938, 31645, 42303, 89242, 94868, 92961, 35589, 14462]"
113269,"[20586, 20214, 45016, 102455, 46816, 59093, 44206, 56379, 14395, 72147]"
113270,"[105246, 107265, 89969, 87182, 43412, 59127, 18995, 55254, 2096, 42320]"
113271,"[63012, 9567, 103431, 20713, 32441, 42463, 96487, 3989, 34362, 74195]"
113272,"[106928, 39198, 105887, 69057, 91690, 65758, 66237, 69793, 47343, 31179]"
113273,"[100369, 77349, 31595, 2695, 63359, 33191, 102213, 55584, 55021, 16250]"
113274,"[48759, 50535, 95252, 5162, 94854, 1771, 7957, 74573, 73166, 30594]"
113275,"[30512, 103504, 5971, 13594, 35041, 40237, 96815, 55321, 59880, 45087]"
113276,"[8974, 87371, 72260, 44419, 73221, 93285, 39310, 33744, 87968, 10345]"
113277,"[66080, 4158, 11020, 20131, 25558, 19643, 84008, 7435, 65868, 83007]"
113278,"[76045, 56151, 26660, 58052, 75137, 97499, 32282, 109577, 32849, 80125]"
113279,"[55007, 62106, 21406, 79684, 91405, 52654, 69345, 34463, 60836, 47882]"
113280,"[44537, 35651, 82997, 65665, 107615, 93706, 67533, 832, 94739, 70267]"
113281,"[51808, 47402, 7676, 63717, 95550, 82151, 40351, 80095, 66803, 16390]"
113282,"[31227, 67220, 85773, 91230, 63708, 12642, 76468, 72739, 92424, 14637]"
113283,"[3736, 82533, 69292, 3179, 39550, 94514, 10275, 52395, 64712, 1425]"
113284,"[104833, 89377, 100718, 61406, 58848, 83952, 1618, 71369, 60037, 27580]"
113285,"[75578, 9949, 56491, 83851, 46224, 46637, 104306, 75565, 60608, 24260]"
113286,"[10678, 52585, 47151, 25959, 103672, 6409, 65516, 53059, 28075, 107020]"
113287,"[29919, 86552, 40901, 37710, 60334, 37423, 71924, 25254, 61575, 77642]"
113288,"[42529, 7600, 97783, 98311, 103287, 34656, 8506, 47458, 29303, 90464]"
113289,"[47132, 63421, 106129, 11807, 12210, 91447, 79019, 41211, 31125, 14650]"
113290,"[95921, 25788, 56037, 50797, 104688, 66966, 26746, 81509, 8986, 86711]"
113291,"[64174, 4702, 109221, 69781, 55142, 100896, 59737, 65631, 18814, 66594]"
113292,"[14154, 8401, 36476, 77450, 11732, 74590, 108743, 65228, 24925, 70626]"
113293,"[84385, 57985, 8114, 105013, 15845, 88314, 18714, 18447, 104331, 40643]"
113294,"[28103, 29361, 22499, 101900, 6335, 58047, 64844, 31390, 29165, 37416]"
113295,"[64921, 58264, 45228, 3194, 17067, 6438, 54419, 35478, 41394, 90824]"
113296,"[70362, 91601, 85330, 103547, 25968, 96263, 19622, 3960, 34970, 80252]"
113297,"[92055, 50444, 41839, 82505, 97943, 84958, 22226, 37069, 51410, 30235]"
113298,"[19615, 49110, 103709, 959, 79026, 21643, 43907, 84185, 74025, 64537]"
113299,"[75412, 107067, 55699, 85289, 30652, 83967, 70605, 27412, 57043, 38400]"
113300,"[2749, 62083, 13677, 35089, 26642, 94589, 83275, 72752, 2247, 19243]"
113301,"[18261, 4188, 104484, 47147, 84198, 69907, 4304, 109498, 59612, 105993]"
113302,"[26947, 17834, 26473, 10489, 5444, 30592, 12155, 25211, 48196, 7936]"
113303,"[25973, 12945, 676, 15224, 78390, 88231, 21991, 107097, 39495, 39782]"
113304,"[5687, 99237, 53861, 6274, 81209, 19630, 87900, 41616, 59857, 37903]"
113305,"[106683, 92224, 20090, 95593, 31936, 101129, 26721, 108471, 17545, 102807]"
113306,"[47065, 48005, 12411, 42319, 40127, 37042, 41494, 934, 20981, 12736]"
113307,"[56611, 100006, 98487, 109634, 104668, 32679, 5814, 57966, 48003, 44908]"
113308,"[80151, 12662, 7190, 72273, 104648, 13157, 80975, 6644, 97486, 2542]"
113309,"[56098, 7979, 27864, 103600, 108611, 81542, 83866, 9776, 72625, 24198]"
113310,"[70389, 104454, 38992, 52757, 67351, 50872, 11869, 19158, 94555, 65991]"
113311,"[57218, 76777, 49547, 81494, 59446, 79517, 70802, 97343, 64847, 78621]"
113312,"[44980, 82450, 56936, 15509, 108627, 57861, 105449, 26039, 69444, 89900]"
113313,"[37505, 32189, 92812, 720, 29252, 37683, 2265, 9096, 101571, 32505]"
113314,"[38355, 70917, 107103, 20582, 97389, 84006, 73024, 88100, 20625, 60423]"
113315,"[84940, 71973, 44515, 35757, 75608, 94498, 13936, 56767, 82276, 96252]"
113316,"[82135, 40602, 96174, 105712, 92908, 75, 64965, 34544, 76031, 52863]"
113317,"[49606, 34225, 47598, 105323, 35574, 20787, 29100, 41352, 29438, 22351]"
113318,"[16517, 94428, 59377, 6287, 35036, 84147, 105704, 38988, 24526, 89913]"
113319,"[8465, 13393, 72140, 36848, 4007, 18502, 84837, 56918, 48560, 54095]"
113320,"[7368, 78459, 98658, 12542, 107421, 61720, 17863, 80157, 102365, 26286]"
113321,"[1864, 93513, 40564, 27164, 106261, 100080, 99915, 28216, 92727, 10315]"
113322,"[37163, 53355, 79939, 68071, 100915, 107358, 89700, 70594, 3012, 50626]"
113323,"[18710, 43817, 39468, 6950, 56790, 79512, 66173, 100502, 87810, 37257]"
113324,"[36025, 441, 96994, 104215, 84099, 73558, 103290, 29643, 64517, 86842]"
113325,"[105112, 48306, 86819, 21563, 471, 34207, 92135, 25967, 33274, 1257]"
113326,"[61837, 96272, 40324, 72944, 69835, 39710, 35069, 93722, 88170, 103828]"
113327,"[15697, 29581, 77940, 50501, 36713, 108367, 58286, 12680, 51296, 54025]"
113328,"[84217, 105705, 88792, 72682, 8609, 11875, 32993, 65820, 28988, 84725]"
113329,"[65449, 94855, 14553, 36528, 77116, 89366, 108093, 98496, 71161, 154]"
113330,"[46200, 48393, 83536, 64208, 104103, 58594, 63202, 55959, 43938, 96847]"
113331,"[91824, 22868, 84127, 36226, 56649, 107570, 68095, 94390, 14077, 98217]"
113332,"[28380, 26161, 14104, 47715, 31372, 109609, 72416, 46695, 70678, 52838]"
113333,"[21935, 54520, 4664, 81960, 73763, 48446, 67810, 101230, 22493, 70871]"
113334,"[72875, 58251, 50638, 104515, 9604, 8667, 87838, 55290, 89839, 45669]"
113335,"[31416, 106877, 6264, 7586, 23225, 55785, 27677, 109065, 17622, 25662]"
113336,"[52177, 55278, 66604, 33930, 87462, 24692, 94220, 19324, 65405, 90414]"
113337,"[98995, 74937, 59295, 105759, 29717, 89627, 26695, 41131, 31046, 95666]"
113338,"[23897, 95690, 107682, 54587, 76748, 109021, 4220, 89650, 74849, 77342]"
113339,"[55770, 19233, 44660, 93691, 104313, 71657, 44423, 70680, 53614, 9687]"
113340,"[23949, 64878, 61663, 76300, 33113, 105105, 84254, 30670, 37213, 56273]"
113341,"[103293, 92126, 26819, 74405, 70887, 45462, 68347, 41296, 85902, 15907]"
113342,"[29225, 67767, 84938, 40278, 982, 28246, 52790, 20521, 200, 62133]"
113343,"[85460, 75712, 85440, 21439, 35526, 71365, 104746, 100503, 66502, 32196]"
113344,"[27916, 49907, 8410, 33629, 45305, 81393, 65867, 88736, 1024, 105684]"
113345,"[74755, 38495, 109640, 99446, 61006, 33277, 56033, 14078, 90760, 91477]"
113346,"[93434, 67005, 106889, 14161, 93610, 67012, 26978, 32217, 80279, 38454]"
113347,"[75239, 108940, 23237, 14717, 37743, 81800, 50570, 92124, 84456, 77396]"
113348,"[55918, 1418, 84295, 9663, 30852, 104644, 99656, 23207, 482, 11415]"
113349,"[3509, 21992, 74564, 82286, 19478, 56062, 6135, 25791, 87258, 100214]"
113350,"[54075, 32313, 51214, 71063, 25737, 84960, 32461, 10841, 28811, 44156]"
113351,"[62307, 3819, 60157, 108053, 106455, 109429, 77870, 14612, 109612, 71535]"
113352,"[92963, 24240, 2101, 92444, 70829, 35686, 66576, 77608, 9862, 43634]"
113353,"[37771, 55407, 108274, 31404, 97730, 98096, 51815, 101827, 106912, 72265]"
113354,"[97084, 86144, 56334, 6736, 87193, 84309, 59405, 79316, 20411, 69522]"
113355,"[93549, 184, 85162, 55242, 103224, 21142, 33948, 107927, 17847, 7878]"
113356,"[61814, 7504, 55176, 98722, 50655, 105497, 30555, 41836, 74658, 87669]"
113357,"[17225, 57860, 73587, 91311, 89353, 58169, 102089, 65694, 93294, 78368]"
113358,"[90956, 93235, 80803, 72634, 78313, 44489, 26135, 70741, 38781, 46433]"
113359,"[46279, 27697, 27110, 81832, 65078, 20396, 27292, 59913, 3119, 75060]"
113360,"[27504, 72848, 49894, 92909, 81251, 53665, 59517, 103145, 99499, 102686]"
113361,"[37469, 8851, 60904, 109339, 23666, 616, 9153, 48567, 86393, 52502]"
113362,"[48472, 68975, 90152, 56823, 2345, 57354, 1530, 90068, 60822, 34884]"
113363,"[75441, 97054, 58139, 37461, 78059, 29293, 58116, 90562, 93440, 8447]"
113364,"[2276, 97094, 115, 100449, 20461, 89692, 40603, 23033, 63433, 61633]"
113365,"[1549, 99270, 6877, 27971, 10370, 106360, 68895, 19030, 39160, 69588]"
113366,"[78628, 34334, 42362, 106739, 45902, 5782, 46765, 9212, 47015, 34814]"
113367,"[78426, 14591, 10039, 33101, 12282, 22226, 37069, 31869, 14211, 29234]"
113368,"[59876, 95258, 4280, 103737, 32473, 64330, 53819, 70582, 14145, 67818]"
113369,"[29122, 70298, 20343, 60294, 84554, 25582, 33768, 44975, 46654, 81373]"
113370,"[95817, 101588, 30280, 71091, 98009, 7064, 89423, 16050, 79633, 68556]"
113371,"[52427, 61435, 44710, 93221, 60834, 63381, 27199, 80831, 98956, 35605]"
113372,"[21882, 58167, 90260, 86524, 84597, 97949, 99471, 57317, 1598, 62272]"
113373,"[41704, 37476, 37272, 40478, 37367, 79067, 92740, 102951, 7890, 88288]"
113374,"[52558, 12748, 67950, 25261, 94425, 21455, 89142, 62112, 90825, 84514]"
113375,"[72667, 68521, 62864, 66008, 83995, 38648, 41316, 3014, 19202, 94712]"
113376,"[52070, 100295, 4920, 20383, 49370, 87906, 92504, 100755, 42967, 102997]"
113377,"[42127, 32379, 23674, 41923, 52054, 42225, 59529, 10859, 78158, 59796]"
113378,"[2375, 104632, 39301, 16276, 76044, 22577, 23539, 78420, 48907, 58320]"
113379,"[86066, 5203, 21938, 50450, 39616, 78065, 54397, 89437, 42971, 41433]"
113380,"[16831, 104744, 105875, 83956, 28168, 96873, 77205, 76968, 105046, 82534]"
113381,"[47619, 63319, 1874, 2373, 9693, 62451, 21609, 42607, 108402, 19720]"
113382,"[59976, 73996, 3927, 96878, 25226, 46754, 82564, 64467, 98490, 45237]"
113383,"[20719, 27865, 66700, 20226, 94741, 43316, 33587, 95387, 73066, 60212]"
113384,"[39345, 31310, 75889, 97520, 92642, 83796, 18246, 36893, 23408, 107161]"
113385,"[48423, 70980, 34360, 74905, 14529, 34198, 44958, 85392, 3032, 91922]"
113386,"[82320, 73486, 9074, 41583, 50233, 22511, 96221, 57018, 86053, 41709]"
113387,"[32218, 34120, 46858, 3009, 22373, 57030, 16255, 10953, 11266, 52812]"
113388,"[42256, 21903, 4221, 8981, 44790, 57769, 76809, 13383, 56009, 50438]"
113389,"[101880, 101900, 22499, 48024, 70725, 72445, 2326, 983, 107730, 93769]"
113390,"[64713, 47417, 23977, 42541, 68051, 81032, 94773, 106778, 8976, 49394]"
113391,"[87949, 109240, 18434, 94266, 45950, 97524, 55075, 13248, 15679, 2187]"
113392,"[39542, 46891, 69485, 3991, 17574, 28898, 19028, 87903, 74562, 45244]"
113393,"[7073, 67828, 87960, 51105, 4031, 56142, 66391, 15239, 61432, 99114]"
113394,"[25544, 108558, 6222, 38055, 45695, 90973, 33838, 62764, 7678, 75863]"
113395,"[53052, 32712, 83915, 107902, 43509, 43174, 82310, 21856, 31558, 45334]"
113396,"[14903, 107994, 96433, 67577, 92496, 8579, 29760, 14811, 99794, 45382]"
113397,"[11495, 53068, 54603, 44005, 22134, 23483, 2865, 31685, 42841, 4207]"
113398,"[105570, 99298, 52281, 52516, 56019, 12767, 81796, 76515, 45400, 86999]"
113399,"[66681, 88310, 7474, 9037, 1976, 99362, 73526, 74291, 56516, 57570]"
113400,"[78461, 19858, 9403, 73637, 31026, 81099, 39822, 2411, 80189, 8879]"
113401,"[58987, 99756, 12508, 3607, 22649, 21042, 66596, 8394, 25238, 34045]"
113402,"[50700, 92265, 42192, 14825, 40537, 51801, 3339, 17147, 80837, 17942]"
113403,"[71422, 58214, 27989, 31929, 71814, 61388, 24182, 13402, 44649, 60051]"
113404,"[60432, 83719, 105471, 35644, 44375, 93058, 57759, 94097, 100202, 72026]"
113405,"[35654, 102169, 21093, 89424, 7150, 46861, 21469, 27232, 15191, 95412]"
113406,"[11832, 108033, 106909, 85448, 90695, 48442, 192, 50111, 81503, 45398]"
113407,"[55828, 1659, 82525, 1508, 101513, 73466, 86054, 61178, 104350, 93422]"
113408,"[4233, 66244, 82523, 63743, 98480, 69187, 84034, 102539, 78105, 72652]"
113409,"[15331, 41612, 40607, 59060, 35199, 34139, 45597, 67261, 46633, 57973]"
113410,"[46895, 82342, 87670, 63356, 60889, 85907, 49883, 13842, 81285, 38361]"
113411,"[36303, 98419, 109574, 26868, 3683, 54191, 89948, 12571, 25341, 56724]"
113412,"[3576, 62018, 53412, 19148, 79080, 35291, 77696, 52843, 107201, 102168]"
113413,"[27376, 104937, 35522, 107859, 28385, 42618, 60158, 24670, 4945, 88547]"
113414,"[47508, 27352, 51967, 106726, 3036, 43769, 3675, 34520, 42185, 65522]"
113415,"[83130, 25010, 93652, 71777, 26316, 95787, 17077, 101233, 7730, 88879]"
113416,"[85648, 41509, 29997, 85659, 38963, 93684, 28720, 86276, 92520, 49768]"
113417,"[18185, 56406, 35198, 70639, 51168, 56700, 2233, 69732, 14349, 11276]"
113418,"[6232, 89380, 60784, 25688, 74200, 80834, 65109, 101959, 64298, 74382]"
113419,"[107331, 58639, 97580, 26041, 14507, 81484, 85472, 82366, 74287, 2794]"
113420,"[93864, 47464, 83470, 73070, 27718, 72314, 39991, 45697, 88705, 17605]"
113421,"[13309, 89357, 35259, 45272, 73822, 91413, 33223, 26058, 63847, 63222]"
113422,"[43007, 99965, 10695, 54502, 80255, 82444, 63735, 109582, 69989, 35692]"
113423,"[38067, 94306, 32069, 48500, 75485, 73469, 32248, 16875, 84545, 35051]"
113424,"[79558, 104875, 42081, 97485, 108730, 102512, 55627, 23702, 90418, 92514]"
113425,"[39940, 47122, 30935, 54985, 91182, 89587, 12489, 99537, 88393, 32006]"
113426,"[80042, 241, 85084, 21902, 53359, 39476, 99575, 37754, 53061, 69332]"
113427,"[25925, 92521, 66075, 28217, 5356, 93554, 35385, 89398, 108098, 5195]"
113428,"[24042, 75517, 84544, 96091, 34624, 2449, 12278, 8949, 36131, 33745]"
113429,"[22864, 56495, 72310, 62404, 41959, 104080, 48797, 55285, 23727, 106315]"
113430,"[98131, 72020, 104010, 59602, 1176, 59917, 109563, 108111, 86116, 104947]"
113431,"[52641, 99947, 64553, 15804, 30544, 91524, 106333, 67384, 103914, 74655]"
113432,"[38144, 66306, 76078, 57826, 37526, 16558, 52224, 105914, 82634, 14761]"
113433,"[38872, 106081, 92920, 51709, 11790, 71581, 78445, 29477, 57095, 67099]"
113434,"[4170, 88222, 15047, 62688, 44301, 76025, 100684, 98264, 70210, 48092]"
113435,"[61556, 61305, 66082, 7583, 36819, 28928, 32034, 13576, 15346, 56953]"
113436,"[79855, 50076, 92922, 81316, 39110, 74145, 19549, 5418, 53588, 27320]"
113437,"[72408, 10669, 19262, 14991, 48969, 68361, 21174, 32257, 50449, 6214]"
113438,"[60360, 67460, 37331, 55328, 41217, 46904, 1233, 48287, 30459, 61750]"
113439,"[34850, 51080, 109618, 5024, 24023, 19472, 77705, 6725, 89933, 12502]"
113440,"[98048, 105314, 13891, 109139, 60782, 90757, 75987, 36894, 87899, 17973]"
113441,"[103542, 77072, 65475, 101714, 8672, 90423, 81220, 65371, 2501, 17222]"
113442,"[58647, 74672, 25372, 5886, 82829, 5443, 44563, 109606, 24582, 99090]"
113443,"[26224, 20604, 95146, 75241, 92439, 26862, 27652, 75609, 32412, 83953]"
113444,"[72037, 37624, 92851, 59437, 68682, 108019, 76439, 34047, 52285, 4095]"
113445,"[105164, 52069, 30947, 70583, 51429, 33620, 21726, 53030, 9351, 45887]"
113446,"[53011, 97555, 79557, 36209, 28336, 27922, 14214, 20840, 81953, 32636]"
113447,"[40448, 78183, 61135, 94246, 27660, 73797, 10060, 55499, 47602, 2371]"
113448,"[69795, 80071, 49703, 67896, 82572, 67886, 66057, 34220, 32553, 35503]"
113449,"[3976, 98159, 78408, 43583, 12467, 57653, 88551, 82844, 4362, 59395]"
113450,"[25402, 58033, 36220, 72357, 29995, 88755, 50135, 84748, 69076, 106933]"
113451,"[59301, 103639, 21955, 99608, 74698, 82142, 53369, 8213, 70421, 70985]"
113452,"[93982, 10492, 83316, 95345, 45551, 12400, 12997, 82889, 87132, 84820]"
113453,"[77267, 60991, 27716, 65454, 11855, 109363, 46881, 65535, 30170, 5912]"
113454,"[58107, 28737, 25889, 40683, 61775, 103087, 77694, 28199, 30653, 18428]"
113455,"[50699, 35611, 55787, 12839, 70509, 49534, 18391, 89638, 72024, 36945]"
113456,"[106517, 72839, 68631, 31014, 83606, 46724, 904, 53047, 107, 50096]"
113457,"[9950, 2792, 99447, 72092, 24586, 68164, 63606, 29263, 23626, 64710]"
113458,"[11705, 80281, 80677, 17834, 26473, 60664, 12155, 1950, 27851, 69070]"
113459,"[72229, 26557, 82666, 16191, 52801, 11463, 70697, 13660, 99003, 82355]"
113460,"[38327, 109744, 16311, 49350, 44734, 27479, 42739, 107931, 51236, 92840]"
113461,"[58353, 67873, 61281, 63691, 55227, 83893, 66483, 40032, 17556, 29940]"
113462,"[100204, 78735, 90059, 29203, 31313, 67670, 51307, 70736, 54000, 53907]"
113463,"[16967, 25720, 63454, 36017, 32279, 54180, 5966, 20827, 2726, 37182]"
113464,"[39705, 9736, 100377, 37021, 54033, 51535, 31092, 2909, 60516, 54965]"
113465,"[16978, 66056, 33195, 69579, 45945, 103649, 40557, 67376, 13924, 98487]"
113466,"[5058, 91935, 62924, 33683, 56507, 3127, 87298, 88465, 43730, 60763]"
113467,"[49661, 81613, 107554, 36812, 96871, 71060, 691, 62421, 53605, 85333]"
113468,"[64334, 86700, 79419, 2863, 9826, 76327, 67827, 16248, 64504, 15310]"
113469,"[29399, 50734, 67990, 18547, 7684, 36454, 46149, 101114, 65425, 71557]"
113470,"[90390, 27093, 49765, 19389, 59090, 47087, 95737, 33177, 74675, 102713]"
113471,"[15618, 16633, 5289, 52680, 60244, 66610, 72450, 88294, 73657, 98002]"
113472,"[8652, 53972, 89289, 42874, 25432, 28087, 98267, 7606, 55158, 37644]"
113473,"[45835, 27120, 14649, 50703, 76686, 86687, 12588, 67537, 21267, 54839]"
113474,"[57671, 63311, 104871, 17250, 47561, 9905, 52416, 9070, 60974, 42166]"
113475,"[71015, 106709, 6362, 104976, 73704, 99319, 6543, 9875, 84819, 91140]"
113476,"[89663, 28188, 35806, 12474, 87941, 52673, 96916, 44872, 103686, 99592]"
113477,"[30317, 65729, 54123, 86618, 37104, 29134, 55345, 21614, 92197, 62937]"
113478,"[100449, 20461, 2276, 115, 43107, 38774, 29809, 73159, 77695, 89692]"
113479,"[26081, 90385, 9344, 89848, 2472, 46290, 11678, 92629, 2138, 56558]"
113480,"[85497, 20861, 71232, 82013, 43079, 85394, 64349, 99452, 105453, 2634]"
113481,"[15566, 5530, 28900, 76556, 104118, 69232, 61320, 8159, 71799, 16219]"
113482,"[44236, 34300, 64343, 32777, 34511, 30691, 88901, 39954, 12871, 107576]"
113483,"[62784, 34975, 22876, 95938, 97334, 99564, 98711, 73263, 35513, 108062]"
113484,"[86357, 107074, 735, 57802, 28190, 11992, 106639, 57100, 109344, 68563]"
113485,"[30224, 60683, 5830, 78937, 75081, 96480, 53397, 30196, 70859, 24995]"
113486,"[70133, 46947, 35543, 53350, 22439, 92044, 8138, 90985, 85874, 43832]"
113487,"[62223, 22570, 34882, 62403, 64918, 13292, 54413, 25701, 76665, 92342]"
113488,"[54114, 99019, 59906, 69519, 21989, 101355, 74888, 9376, 18678, 52793]"
113489,"[84366, 11209, 20730, 104533, 100784, 32443, 74651, 90202, 25453, 54404]"
113490,"[11482, 31953, 48765, 79428, 108812, 108126, 46787, 91402, 102323, 47902]"
113491,"[50741, 52360, 41337, 71013, 101033, 55181, 93860, 79023, 30011, 102275]"
113492,"[94770, 80963, 95533, 98075, 29274, 2739, 34228, 75677, 72884, 31415]"
113493,"[86731, 67689, 102845, 27810, 43831, 103034, 1660, 53083, 36487, 88259]"
113494,"[46701, 98928, 41517, 66345, 66563, 46158, 62913, 88340, 28960, 50717]"
113495,"[104647, 16702, 106367, 27848, 337, 105200, 10693, 20183, 104564, 73619]"
113496,"[109566, 48825, 39026, 38511, 30171, 12780, 13404, 54446, 103128, 105520]"
113497,"[23625, 18967, 95863, 21237, 100908, 49585, 73573, 14112, 25837, 88635]"
113498,"[22574, 20708, 107360, 58269, 107008, 102693, 65167, 62711, 32286, 91003]"
113499,"[51462, 16523, 94170, 82047, 43500, 87252, 9968, 76791, 28556, 12136]"
113500,"[22200, 72503, 15469, 9899, 4368, 718, 5349, 21100, 83332, 8724]"
113501,"[61558, 76461, 80028, 6099, 62629, 35493, 84636, 54355, 10149, 7598]"
113502,"[28799, 20473, 101112, 48828, 63456, 49091, 66013, 46817, 61260, 52378]"
113503,"[53483, 33197, 42777, 91374, 100477, 8662, 92670, 42080, 15914, 94565]"
113504,"[89058, 96697, 18128, 68662, 105072, 1403, 68985, 20307, 35384, 26964]"
113505,"[41228, 74112, 87551, 93353, 98961, 24099, 1327, 14978, 31782, 47343]"
113506,"[58346, 54716, 73229, 74547, 68158, 11463, 15372, 83691, 5161, 33251]"
113507,"[514, 86109, 23442, 108444, 26121, 48465, 73769, 1766, 62673, 103498]"
113508,"[62142, 109489, 49804, 23593, 11361, 70071, 54640, 99593, 17383, 37774]"
113509,"[63111, 73528, 103895, 41733, 13030, 86218, 12300, 45011, 50439, 79025]"
113510,"[23195, 6918, 88099, 108335, 4571, 88441, 101098, 78380, 72306, 54396]"
113511,"[6261, 39371, 15830, 72449, 94461, 55185, 47431, 39487, 25018, 96799]"
113512,"[6327, 4806, 95221, 22450, 16491, 78757, 63918, 89633, 80720, 80790]"
113513,"[55310, 58044, 64629, 6191, 41507, 83146, 77632, 21481, 109033, 69650]"
113514,"[10950, 48432, 49209, 29305, 34401, 105293, 66573, 53917, 43783, 75826]"
113515,"[44501, 105829, 32512, 44379, 55638, 36484, 44799, 79049, 27437, 105244]"
113516,"[32346, 18735, 33076, 35515, 38549, 70558, 3843, 78113, 83161, 50792]"
113517,"[71069, 2691, 61159, 7489, 57649, 97446, 2155, 79032, 33391, 20177]"
113518,"[66833, 55135, 31515, 67011, 56541, 39960, 62336, 95321, 17783, 32765]"
113519,"[36431, 61330, 48823, 2197, 97189, 65590, 43496, 39249, 505, 8337]"
113520,"[52173, 97753, 108831, 66762, 41606, 97456, 81264, 39495, 63029, 69886]"
113521,"[16686, 40974, 97024, 52112, 58888, 45626, 77470, 98852, 5741, 44059]"
113522,"[29997, 84320, 85352, 84727, 71966, 3953, 94307, 20778, 54056, 36596]"
113523,"[40718, 80253, 4624, 109008, 37782, 52679, 11557, 91331, 12362, 69961]"
113524,"[9657, 34832, 44287, 101102, 100912, 20179, 36119, 105364, 33261, 32155]"
113525,"[55468, 34921, 55379, 83816, 48629, 73843, 57013, 60559, 66393, 65663]"
113526,"[49961, 66680, 53233, 81095, 12557, 84121, 1166, 42514, 21796, 30584]"
113527,"[68039, 85031, 4740, 87695, 50546, 33498, 45900, 61015, 105469, 62186]"
113528,"[104804, 99035, 96043, 57429, 33263, 10971, 105347, 109481, 2059, 34942]"
113529,"[32497, 19842, 69746, 26736, 52321, 25782, 14944, 80282, 81086, 22457]"
113530,"[101137, 72689, 82420, 62751, 78525, 80989, 11778, 38314, 17144, 29359]"
113531,"[34002, 6169, 22635, 93360, 9546, 8700, 65015, 87225, 83375, 43563]"
113532,"[103003, 69092, 90382, 33992, 61810, 9216, 31482, 81322, 62779, 24721]"
113533,"[61217, 83042, 52514, 68891, 93742, 64576, 4142, 16234, 48487, 88173]"
113534,"[106220, 72637, 98272, 16627, 20537, 63538, 40208, 96099, 86717, 62123]"
113535,"[108098, 96233, 43371, 31351, 78032, 104908, 106506, 21422, 45707, 92521]"
113536,"[25473, 21209, 24265, 95299, 14326, 58066, 54576, 78019, 81594, 57186]"
113537,"[87609, 109300, 40206, 69260, 87008, 106997, 61357, 91927, 1980, 76713]"
113538,"[98939, 10928, 36242, 18822, 97757, 59124, 68798, 55736, 104526, 79947]"
113539,"[70841, 4178, 47061, 33402, 15694, 83458, 29464, 64890, 94529, 29493]"
113540,"[96753, 13165, 12118, 104912, 21443, 105757, 26783, 541, 54372, 26773]"
113541,"[48189, 79580, 100540, 94641, 6479, 17332, 36174, 21897, 70827, 12709]"
113542,"[107373, 96774, 18435, 101079, 13596, 69853, 56710, 83804, 2854, 41029]"
113543,"[6438, 58264, 64921, 35897, 45228, 3194, 17067, 73597, 95008, 55978]"
113544,"[24229, 64549, 55666, 60285, 40152, 16264, 37467, 66164, 59177, 36116]"
113545,"[79417, 241, 42404, 21902, 34291, 39476, 80042, 53061, 85084, 89673]"
113546,"[60073, 39070, 84531, 50440, 48915, 77496, 83364, 25900, 60072, 8901]"
113547,"[95482, 95545, 64005, 4281, 61293, 81865, 8134, 10280, 66242, 29077]"
113548,"[43357, 106097, 712, 46485, 10214, 3117, 94515, 12370, 90848, 107453]"
113549,"[19089, 99502, 6200, 52763, 81413, 67674, 9767, 52300, 3351, 11264]"
113550,"[71591, 37262, 23750, 106767, 98961, 20119, 5088, 14978, 47343, 92935]"
113551,"[51722, 109, 86604, 40696, 71590, 10757, 6271, 55151, 101490, 106932]"
113552,"[101102, 21937, 36119, 20179, 40394, 105364, 42613, 74083, 94990, 74978]"
113553,"[31723, 8503, 65844, 108488, 67225, 82104, 34559, 61907, 25884, 85245]"
113554,"[96886, 47792, 68280, 45995, 20220, 95379, 2970, 9794, 93214, 89455]"
113555,"[8140, 29670, 78713, 30264, 63474, 33596, 34664, 103980, 11570, 85525]"
113556,"[17834, 12155, 30592, 26947, 10489, 80281, 5444, 11705, 48196, 25211]"
113557,"[73571, 51961, 46296, 66869, 40707, 33413, 2862, 104156, 76256, 52021]"
113558,"[51068, 76849, 92021, 53565, 25594, 44933, 6761, 29744, 49579, 98704]"
113559,"[62382, 68080, 7993, 101141, 24546, 96235, 4015, 33511, 52614, 19451]"
113560,"[14788, 92089, 16180, 49099, 28980, 53086, 85637, 55604, 99726, 26734]"
113561,"[101697, 80362, 26317, 17553, 14263, 68162, 83071, 92495, 6025, 23792]"
113562,"[80939, 46403, 28829, 108264, 21416, 9977, 92530, 24544, 42367, 80829]"
113563,"[92675, 56383, 32978, 43719, 80439, 89361, 65436, 63957, 47083, 83016]"
113564,"[11685, 49669, 10549, 71869, 79435, 36097, 71681, 9295, 32861, 48251]"
113565,"[87182, 105246, 107265, 89969, 43412, 18995, 42222, 7335, 56239, 20197]"
113566,"[19569, 46603, 7798, 71795, 88207, 64320, 64445, 63993, 85254, 19915]"
113567,"[75464, 87916, 21015, 22024, 67933, 83845, 9538, 76425, 11517, 25613]"
113568,"[53301, 56543, 30240, 98578, 95720, 57268, 70406, 12148, 17178, 92373]"
113569,"[106532, 81615, 89655, 16102, 96173, 103099, 85278, 62419, 52173, 69684]"
113570,"[17885, 106959, 10339, 73557, 24174, 60829, 14839, 66732, 103913, 20719]"
113571,"[36124, 85166, 108764, 68918, 71675, 55876, 68203, 16863, 47315, 14470]"
113572,"[97986, 75604, 85221, 837, 79329, 65790, 79293, 15401, 17741, 9111]"
113573,"[8647, 31795, 54297, 18765, 37382, 57198, 30689, 22121, 12966, 40187]"
113574,"[197, 74111, 46176, 20749, 96087, 52775, 41813, 65254, 17517, 97820]"
113575,"[86319, 76149, 93186, 36216, 43915, 70913, 90661, 91745, 85558, 27452]"
113576,"[107389, 28918, 32681, 41078, 15091, 89335, 98652, 98443, 96955, 89746]"
113577,"[17006, 90633, 10367, 36896, 8821, 54793, 74817, 100254, 103792, 26880]"
113578,"[43954, 49077, 19759, 47891, 84535, 12200, 33081, 101947, 74266, 48099]"
113579,"[55138, 91934, 5436, 87517, 106336, 3178, 82563, 79529, 7623, 15751]"
113580,"[26452, 11207, 66924, 6380, 7813, 2901, 86876, 63093, 17756, 95153]"
113581,"[100967, 15730, 40071, 94328, 87423, 34158, 1550, 35848, 59019, 100173]"
113582,"[56013, 14705, 38109, 22098, 67579, 55400, 22995, 51066, 60521, 107251]"
113583,"[107517, 108675, 12123, 74002, 29980, 44994, 12176, 83686, 41869, 78415]"
113584,"[83969, 90000, 101649, 59405, 77783, 12816, 74818, 24101, 14672, 90613]"
113585,"[81933, 74678, 27769, 58952, 50698, 8627, 11508, 8483, 32576, 1842]"
113586,"[57387, 100975, 57242, 29294, 84713, 103054, 32798, 84072, 59100, 11270]"
113587,"[3405, 93833, 89419, 41990, 108160, 37181, 41497, 82146, 86388, 40176]"
113588,"[64097, 64357, 84614, 32470, 41219, 44053, 21695, 20889, 41209, 80778]"
113589,"[91343, 81402, 29204, 46857, 19572, 33143, 5785, 76832, 41988, 32032]"
113590,"[80205, 49872, 87144, 102965, 20294, 89659, 28936, 87647, 40713, 24291]"
113591,"[60304, 76214, 45236, 46022, 47836, 64592, 58892, 10440, 103397, 4078]"
113592,"[31787, 83373, 66975, 109462, 18349, 107058, 43645, 39210, 49700, 26840]"
113593,"[68854, 84340, 1693, 18087, 48423, 32538, 59596, 8895, 108381, 92207]"
113594,"[79779, 3672, 25199, 41021, 83095, 11686, 58753, 43626, 43608, 52017]"
113595,"[28787, 61858, 34221, 38537, 91038, 16145, 67197, 72896, 78202, 7178]"
113596,"[49418, 83654, 54229, 66384, 51038, 407, 22351, 94192, 109482, 109373]"
113597,"[75322, 32797, 41780, 59595, 108983, 7357, 94509, 18873, 72249, 78922]"
113598,"[64059, 67297, 106537, 61996, 14254, 15255, 26472, 109728, 61878, 22087]"
113599,"[76983, 74452, 45773, 41434, 56220, 88345, 20221, 70820, 15975, 15173]"
113600,"[60990, 61011, 78166, 37802, 4907, 39137, 82901, 99973, 19016, 100103]"
113601,"[107464, 88839, 104899, 3959, 107366, 26827, 64194, 22174, 87513, 27588]"
113602,"[36229, 18290, 74174, 30747, 103605, 49775, 21550, 102390, 97865, 31622]"
113603,"[13790, 25803, 737, 41267, 99071, 42798, 60051, 48340, 81759, 90942]"
113604,"[80240, 58426, 70430, 100365, 99887, 97508, 79521, 41127, 31673, 56187]"
113605,"[65084, 41223, 18829, 39229, 2678, 75681, 47291, 39340, 33859, 47705]"
113606,"[100943, 81476, 96546, 94343, 30301, 39053, 28739, 53949, 29803, 97772]"
113607,"[85195, 40040, 34395, 75481, 15170, 108513, 94380, 106105, 19530, 96258]"
113608,"[96656, 15285, 8552, 72511, 72780, 73261, 40958, 106138, 28197, 91264]"
113609,"[66486, 76287, 45853, 34931, 76333, 33622, 96552, 47753, 88977, 75148]"
113610,"[19800, 104145, 65272, 45697, 40009, 85729, 72314, 39991, 61254, 88705]"
113611,"[35984, 43442, 30070, 94766, 102429, 50301, 98933, 89059, 75099, 9318]"
113612,"[50789, 52958, 9675, 14765, 108949, 51743, 73959, 64969, 29771, 23854]"
113613,"[15338, 46438, 30565, 52490, 39517, 109088, 20234, 34403, 23346, 105070]"
113614,"[72682, 99062, 91888, 84217, 8609, 20772, 105705, 58364, 62516, 84228]"
113615,"[56757, 101474, 86373, 42949, 19223, 89567, 54270, 107293, 20052, 84143]"
113616,"[20671, 9939, 79054, 13956, 51343, 26010, 106394, 75595, 32714, 59099]"
113617,"[90969, 26249, 107986, 15984, 89747, 88905, 41298, 9398, 53214, 21024]"
113618,"[10518, 52468, 20697, 93627, 16759, 74679, 35523, 26240, 102422, 80923]"
113619,"[31487, 38035, 5047, 2195, 515, 69502, 103394, 80521, 78434, 42250]"
113620,"[5536, 81182, 71223, 7855, 83633, 97268, 40595, 7706, 80978, 32873]"
113621,"[105998, 31821, 34377, 92746, 108156, 41833, 98642, 13754, 108441, 55060]"
113622,"[52964, 41816, 61719, 8463, 13009, 79216, 17154, 61543, 60416, 61257]"
113623,"[4193, 24302, 94441, 36137, 88802, 62710, 103544, 24919, 17521, 103841]"
113624,"[32891, 20591, 42006, 88057, 24581, 15044, 67446, 94184, 79200, 31928]"
113625,"[88191, 90960, 44656, 94714, 45703, 25203, 108541, 42634, 96497, 42510]"
113626,"[24545, 74576, 98680, 68090, 20367, 93925, 89411, 26057, 51106, 30114]"
113627,"[1364, 85691, 25630, 97993, 79500, 55457, 41326, 60711, 87522, 97112]"
113628,"[38165, 96693, 73133, 8242, 76562, 86712, 3824, 79973, 48923, 103543]"
113629,"[102286, 65240, 35638, 102065, 56072, 19522, 54078, 60587, 97122, 94590]"
113630,"[109149, 75674, 30227, 79155, 61803, 79280, 70394, 87607, 40312, 30086]"
113631,"[79669, 86491, 108007, 86376, 9600, 80685, 26036, 68502, 54475, 9822]"
113632,"[18150, 73339, 103623, 38316, 105833, 57895, 89122, 52864, 81891, 11630]"
113633,"[13740, 106063, 13994, 13463, 56493, 56441, 26564, 27454, 50665, 73377]"
113634,"[39600, 19703, 87415, 28761, 41343, 102626, 32994, 101892, 33259, 16392]"
113635,"[26635, 18239, 45993, 2094, 89483, 26655, 90013, 95459, 71424, 91911]"
113636,"[70899, 12442, 83904, 52499, 92226, 69850, 27817, 100870, 100117, 13061]"
113637,"[67795, 40743, 37561, 77304, 64057, 5373, 97765, 63466, 10177, 37690]"
113638,"[82624, 54794, 40247, 20533, 62912, 90116, 48739, 44061, 5965, 1102]"
113639,"[35554, 59491, 34697, 50337, 94486, 74457, 52117, 24611, 76233, 16667]"
113640,"[34698, 58922, 86242, 2271, 74255, 66023, 14300, 98493, 66987, 30534]"
113641,"[25311, 68386, 8050, 15508, 14805, 40272, 24267, 35528, 12555, 89780]"
113642,"[52118, 108166, 25500, 76831, 94853, 24463, 46384, 46104, 39139, 62263]"
113643,"[1921, 74760, 54096, 53926, 78912, 94398, 47459, 93234, 86020, 76888]"
113644,"[73453, 65320, 62432, 29813, 67681, 96211, 29656, 23754, 29927, 87175]"
113645,"[16168, 61571, 43595, 97100, 26956, 14028, 37859, 83730, 48010, 14347]"
113646,"[73717, 45544, 83711, 46165, 80528, 54621, 93336, 94107, 39751, 53756]"
113647,"[9284, 20509, 78417, 65571, 23420, 43149, 106810, 9625, 50827, 19624]"
113648,"[18187, 36153, 8597, 100859, 71503, 59258, 69028, 104669, 98397, 100524]"
113649,"[16782, 94519, 23092, 73352, 102680, 12638, 60460, 79410, 80239, 15800]"
113650,"[26292, 4110, 4416, 75745, 42676, 58585, 66092, 106876, 4273, 27498]"
113651,"[58267, 33607, 53160, 89389, 101227, 69298, 88066, 33625, 107807, 84315]"
113652,"[57350, 93820, 29654, 83750, 68926, 25976, 35079, 50849, 44699, 22462]"
113653,"[35915, 264, 5947, 103396, 66950, 36171, 24217, 30556, 84068, 31828]"
113654,"[45964, 56993, 103768, 60892, 98004, 32670, 96016, 46741, 72862, 71364]"
113655,"[68919, 94339, 71759, 104483, 63591, 29920, 63178, 63552, 2428, 9444]"
113656,"[104088, 35230, 97381, 49723, 106735, 7841, 3632, 94687, 46410, 41476]"
113657,"[81808, 29230, 401, 41970, 71496, 103223, 91375, 105030, 107538, 43388]"
113658,"[95468, 70102, 10409, 22807, 28673, 40738, 50005, 89322, 18062, 63520]"
113659,"[102944, 91976, 28970, 41947, 58133, 49682, 62389, 102550, 36260, 37849]"
113660,"[30589, 54545, 31983, 101624, 55387, 24184, 76143, 25047, 74841, 13980]"
113661,"[81473, 43558, 39188, 3671, 57724, 74972, 89007, 24556, 15278, 101727]"
113662,"[71579, 529, 1248, 23355, 39017, 71637, 27636, 55411, 104758, 56838]"
113663,"[91501, 12456, 70110, 6442, 48553, 40611, 41673, 105174, 65629, 103683]"
113664,"[88292, 47624, 65565, 62930, 15179, 84508, 9720, 75810, 34660, 55539]"
113665,"[76479, 18099, 11212, 39552, 89939, 37123, 40053, 45960, 12337, 53694]"
113666,"[36357, 18542, 15908, 30940, 59987, 36031, 101762, 60454, 65011, 58347]"
113667,"[72594, 82723, 98370, 75606, 62279, 84851, 25291, 18225, 107330, 68294]"
113668,"[55595, 85121, 75252, 12957, 49589, 93857, 75881, 19714, 37279, 27882]"
113669,"[64547, 67111, 25112, 33216, 93509, 15418, 45442, 28996, 63818, 80547]"
113670,"[78871, 22295, 66030, 78469, 100723, 16986, 18408, 546, 50162, 75845]"
113671,"[49286, 79465, 13, 27802, 13037, 31840, 11448, 106486, 53594, 79278]"
113672,"[53345, 9907, 64159, 31139, 38307, 51077, 72809, 20064, 87693, 62435]"
113673,"[80975, 6644, 19856, 12662, 2542, 7190, 13157, 72273, 104648, 81190]"
113674,"[51258, 90352, 55480, 34740, 87363, 90051, 1005, 69237, 57538, 65893]"
113675,"[95173, 27455, 69790, 6241, 95438, 49528, 107205, 42482, 66060, 88431]"
113676,"[103918, 109321, 6453, 44176, 22323, 67485, 25158, 16514, 13843, 16403]"
113677,"[15914, 91969, 109647, 53483, 92670, 42777, 34038, 33197, 22207, 60359]"
113678,"[75843, 39129, 61031, 107234, 105252, 19535, 43524, 21510, 65981, 17522]"
113679,"[2226, 71571, 60020, 93177, 6375, 62940, 70405, 3111, 54623, 43393]"
113680,"[47592, 8406, 40699, 82080, 31589, 91197, 105515, 40267, 72845, 20884]"
113681,"[99764, 55718, 64197, 46054, 56983, 52442, 92375, 62942, 58693, 55067]"
113682,"[57264, 74046, 527, 82837, 16016, 82171, 92720, 24901, 4906, 94704]"
113683,"[13561, 89297, 88034, 56385, 76187, 52536, 92818, 74202, 95715, 93788]"
113684,"[52727, 555, 10072, 49016, 95419, 72624, 103798, 63619, 62461, 48489]"
113685,"[16839, 29116, 18996, 86, 29804, 39554, 64489, 13089, 77304, 84172]"
113686,"[29942, 54203, 21184, 100708, 84212, 92235, 43170, 22580, 90291, 39508]"
113687,"[37405, 102949, 39999, 83257, 35774, 30175, 16601, 89532, 13913, 19206]"
113688,"[80255, 27371, 17157, 96494, 109582, 39440, 42029, 2559, 90397, 99553]"
113689,"[67954, 77731, 61169, 49169, 46567, 27838, 67059, 84785, 76650, 22247]"
113690,"[109484, 90127, 22662, 27592, 70810, 75986, 92651, 72231, 17126, 78076]"
113691,"[84530, 100172, 97429, 53962, 44915, 70225, 48422, 33, 57044, 58636]"
113692,"[72682, 8609, 22735, 28988, 65820, 20772, 99062, 91888, 84217, 46586]"
113693,"[16635, 94863, 29135, 57282, 61360, 34421, 102157, 81671, 39798, 82919]"
113694,"[78605, 83432, 3357, 54958, 215, 60260, 14670, 41206, 93752, 73676]"
113695,"[30287, 102755, 76798, 18231, 1089, 26648, 89581, 73668, 107527, 94844]"
113696,"[95596, 98135, 61369, 22075, 104730, 52216, 36241, 26396, 56222, 55994]"
113697,"[56220, 88345, 76983, 15173, 16206, 52051, 74452, 103452, 15738, 22846]"
113698,"[54742, 105121, 3071, 1008, 90100, 56798, 104821, 103331, 106116, 47515]"
113699,"[76035, 97388, 70372, 107478, 89992, 2869, 8773, 63459, 60800, 90398]"
113700,"[90176, 84662, 94312, 56877, 57406, 11253, 40223, 38460, 15687, 106300]"
113701,"[67414, 40826, 18040, 44425, 87206, 61221, 1911, 107155, 21548, 28121]"
113702,"[78366, 72498, 53541, 105960, 4715, 103500, 51551, 94764, 21542, 82001]"
113703,"[4296, 44316, 71923, 64735, 49167, 46585, 8066, 39694, 105430, 101803]"
113704,"[18899, 77398, 107958, 28368, 70039, 104541, 58211, 21888, 58317, 50736]"
113705,"[59927, 59880, 35041, 55321, 5618, 30512, 13594, 96815, 46148, 94518]"
113706,"[35153, 37983, 86103, 8577, 75284, 90479, 75624, 63670, 58616, 95574]"
113707,"[18251, 62817, 55577, 86612, 12745, 75315, 30895, 102884, 47773, 59356]"
113708,"[78296, 49977, 94171, 19341, 24573, 78348, 93658, 69081, 57820, 58747]"
113709,"[65899, 86767, 23169, 7167, 5898, 4926, 73829, 97285, 28102, 4497]"
113710,"[61473, 29741, 38206, 56004, 29408, 50893, 22671, 49594, 1742, 109420]"
113711,"[108281, 37333, 92236, 101908, 102653, 54368, 87213, 21006, 70367, 49698]"
113712,"[54891, 39512, 105220, 91080, 70087, 89561, 57848, 32784, 97347, 69239]"
113713,"[27033, 91157, 91684, 56002, 55999, 90953, 77247, 24705, 5780, 55304]"
113714,"[67698, 101921, 77986, 11474, 74092, 37135, 95094, 108422, 70036, 8535]"
113715,"[9163, 28363, 87523, 47771, 33850, 79093, 70640, 107577, 100286, 55854]"
113716,"[105199, 33826, 17727, 69556, 58036, 39979, 92548, 44369, 88126, 103092]"
113717,"[11615, 12417, 51697, 20465, 14074, 21412, 42830, 35619, 5530, 36905]"
113718,"[6982, 41749, 36349, 44931, 102311, 55879, 81557, 37570, 17394, 9944]"
113719,"[20141, 54294, 51328, 3971, 14427, 22432, 45869, 45460, 69602, 68871]"
113720,"[73192, 85583, 7226, 80081, 21013, 73354, 70682, 85328, 82601, 21521]"
113721,"[40756, 9529, 59800, 78482, 6134, 90430, 46134, 10566, 77721, 4317]"
113722,"[66972, 106727, 71948, 63718, 9140, 10963, 54339, 78987, 63779, 78394]"
113723,"[90324, 77850, 101418, 27849, 60908, 55360, 8027, 104561, 84955, 79394]"
113724,"[23857, 21088, 81881, 11022, 86982, 63141, 109348, 68927, 102793, 61781]"
113725,"[47350, 35241, 56088, 87202, 79185, 83734, 103838, 16651, 39227, 60299]"
113726,"[42435, 72244, 105041, 90524, 82084, 85089, 43118, 85662, 38230, 14950]"
113727,"[12147, 52356, 76665, 11420, 18401, 12407, 32237, 69863, 7047, 26882]"
113728,"[91851, 69382, 16065, 100571, 55882, 96365, 86835, 55197, 77046, 2741]"
113729,"[75303, 109410, 96075, 62265, 64094, 51899, 47721, 46626, 39984, 75038]"
113730,"[14079, 79385, 32864, 61103, 94289, 82308, 29470, 56289, 1554, 94620]"
113731,"[11249, 88896, 35469, 349, 29263, 109191, 61298, 93381, 52675, 63286]"
113732,"[11102, 43272, 66970, 74169, 61672, 95151, 15267, 7523, 77211, 94688]"
113733,"[8666, 63339, 7425, 84277, 41530, 57535, 31651, 58051, 83472, 45024]"
113734,"[88591, 69854, 51775, 21861, 76277, 23824, 24570, 59317, 30827, 27477]"
113735,"[57807, 93889, 78633, 34513, 78330, 68608, 27231, 67777, 80168, 87757]"
113736,"[98904, 94015, 40139, 12704, 99157, 35177, 73577, 18571, 14480, 24358]"
113737,"[36080, 65311, 35468, 29148, 38957, 60956, 22996, 35346, 79342, 78294]"
113738,"[70502, 27436, 47252, 99187, 16591, 49196, 62586, 105584, 43709, 13286]"
113739,"[86320, 61068, 93986, 59549, 347, 101053, 16981, 91082, 81694, 62430]"
113740,"[97108, 55810, 20244, 15211, 39669, 96648, 96867, 11725, 67515, 99504]"
113741,"[52664, 44973, 98849, 95755, 41835, 66356, 73132, 15635, 28610, 77836]"
113742,"[11411, 76739, 99997, 44500, 85796, 81810, 88812, 97935, 83842, 105981]"
113743,"[109526, 1185, 97575, 2573, 93573, 59589, 54324, 48433, 21144, 20140]"
113744,"[97547, 82165, 26554, 93315, 34982, 20602, 83055, 78665, 45977, 55500]"
113745,"[57361, 2639, 69796, 13036, 107678, 101933, 36250, 38212, 91710, 61749]"
113746,"[92630, 73821, 99621, 43544, 27351, 89646, 17583, 4582, 56827, 74555]"
113747,"[108977, 27050, 43163, 100796, 90003, 96566, 17629, 66603, 71317, 35772]"
113748,"[18805, 10215, 47419, 53204, 35801, 86542, 84376, 19005, 40847, 89287]"
113749,"[109480, 29742, 41765, 33743, 32106, 71847, 77377, 105808, 52885, 53265]"
113750,"[98527, 90195, 48804, 107093, 16881, 44499, 57600, 74758, 81992, 40621]"
113751,"[6175, 59687, 92486, 44231, 54318, 14105, 24233, 66084, 15531, 95348]"
113752,"[25711, 50550, 47663, 76500, 106093, 19245, 56185, 72792, 79960, 65012]"
113753,"[65932, 40905, 106691, 43881, 105805, 23402, 31103, 74222, 62116, 30558]"
113754,"[70277, 46788, 86292, 72540, 47905, 68316, 43928, 27835, 103574, 14940]"
113755,"[34998, 49784, 20569, 55541, 81942, 102094, 108685, 44502, 36275, 74739]"
113756,"[40186, 106569, 61353, 93882, 53270, 81806, 65858, 83343, 89815, 83357]"
113757,"[62492, 52564, 31348, 623, 107314, 78056, 103028, 42870, 6971, 38693]"
113758,"[90203, 53197, 75411, 84552, 36101, 28266, 85567, 76215, 94710, 70203]"
113759,"[90439, 105738, 21734, 17079, 70847, 20059, 53187, 42232, 37517, 102991]"
113760,"[108020, 69650, 5484, 86316, 6191, 106385, 41507, 1053, 10551, 98995]"
113761,"[100625, 93182, 28864, 85572, 17386, 14993, 36472, 59548, 54795, 82579]"
113762,"[101145, 87477, 33759, 63296, 89001, 20058, 55622, 62509, 650, 30369]"
113763,"[5259, 34496, 9704, 108990, 58314, 93659, 23149, 62024, 96399, 2605]"
113764,"[58554, 26284, 92999, 56476, 50116, 74808, 46070, 104969, 70483, 5372]"
113765,"[60397, 106216, 65055, 31885, 24935, 74363, 108063, 74455, 93563, 19239]"
113766,"[19147, 52165, 66885, 9991, 38926, 41093, 7173, 27406, 67241, 82262]"
113767,"[59754, 86815, 17429, 50298, 48098, 87559, 19308, 43058, 48323, 67511]"
113768,"[90007, 5414, 51449, 20338, 37667, 33687, 87076, 94381, 19973, 5587]"
113769,"[100570, 99670, 107638, 40057, 1223, 95590, 4369, 21315, 85750, 29287]"
113770,"[73887, 89773, 14284, 98507, 9005, 88190, 4317, 78074, 39192, 78434]"
113771,"[47010, 36874, 78148, 86831, 79409, 102720, 4725, 10801, 93639, 25176]"
113772,"[107495, 34329, 6887, 68862, 55026, 104337, 98362, 71765, 60173, 78012]"
113773,"[83589, 7419, 42342, 90464, 86453, 7102, 32760, 18053, 52453, 12112]"
113774,"[15686, 71012, 102166, 6140, 22844, 106695, 70572, 21899, 68191, 104491]"
113775,"[49689, 3361, 27209, 3656, 78305, 52419, 92367, 12208, 86582, 60014]"
113776,"[95568, 106214, 51796, 34851, 33458, 91163, 4116, 81, 51756, 7473]"
113777,"[20478, 52639, 27016, 85165, 3516, 109477, 74349, 77336, 67829, 49181]"
113778,"[77814, 11060, 100042, 20934, 85374, 76813, 19276, 4459, 15614, 87829]"
113779,"[85338, 37799, 43267, 39039, 66565, 97618, 4586, 22256, 109660, 86856]"
113780,"[97238, 94938, 18321, 95460, 5284, 99829, 35853, 2395, 57785, 32226]"
113781,"[9095, 95920, 62989, 104809, 38444, 56850, 27087, 18841, 103636, 7366]"
113782,"[90142, 70860, 42712, 87681, 71902, 38151, 27640, 53688, 103129, 100210]"
113783,"[33248, 106648, 60022, 87335, 94031, 74722, 103702, 79754, 41898, 36160]"
113784,"[16587, 102275, 21668, 90326, 57508, 63910, 101800, 50741, 72825, 72575]"
113785,"[38028, 91556, 32810, 47824, 71558, 95922, 82173, 91542, 101165, 37607]"
113786,"[23669, 104449, 102632, 423, 79713, 76601, 72670, 39944, 8757, 41295]"
113787,"[54169, 84822, 16212, 84673, 70693, 107048, 11430, 89703, 68986, 80716]"
113788,"[86505, 31342, 39726, 81899, 64507, 82908, 53217, 87975, 21967, 42934]"
113789,"[41065, 70679, 58216, 55921, 105250, 38610, 37932, 31894, 32350, 55785]"
113790,"[61334, 101431, 98356, 68196, 89068, 98685, 61245, 30766, 30727, 46125]"
113791,"[9638, 49713, 99924, 81335, 14961, 90082, 42845, 42563, 5508, 24450]"
113792,"[63446, 102187, 35400, 33316, 794, 14754, 12820, 3677, 5838, 93444]"
113793,"[2298, 3572, 78867, 93819, 8241, 43648, 95878, 22580, 90291, 93546]"
113794,"[18146, 91452, 106556, 10809, 77566, 107091, 70349, 55159, 81167, 67295]"
113795,"[76282, 23024, 100626, 92588, 106112, 63486, 10823, 6922, 68650, 103967]"
113796,"[41500, 105096, 13075, 74101, 100456, 815, 95962, 56526, 7548, 7990]"
113797,"[95544, 92243, 19222, 74746, 7821, 5401, 82156, 16998, 65682, 47255]"
113798,"[48990, 561, 102333, 100153, 103040, 104678, 86049, 40696, 10757, 30019]"
113799,"[57357, 58903, 66888, 84180, 13472, 44645, 45218, 15897, 91787, 99831]"
113800,"[39150, 48033, 34628, 54009, 55145, 93037, 936, 104436, 40099, 99289]"
113801,"[101985, 77039, 19258, 90191, 59781, 96925, 38880, 39346, 56554, 42697]"
113802,"[52037, 105082, 12777, 64578, 20770, 12805, 57650, 15927, 34321, 82133]"
113803,"[7825, 79044, 6157, 56425, 57775, 78298, 104816, 11697, 27595, 105396]"
113804,"[86805, 18362, 19791, 97603, 70364, 3835, 108730, 93231, 68587, 88971]"
113805,"[22950, 37267, 12701, 92418, 94383, 40676, 44517, 19523, 17235, 38815]"
113806,"[35582, 86402, 99205, 25064, 102837, 4870, 17798, 106190, 4344, 34153]"
113807,"[28383, 78072, 82036, 50227, 45038, 37744, 7089, 55127, 1613, 22485]"
113808,"[19546, 107301, 93809, 23385, 77890, 252, 7053, 69588, 83124, 106360]"
113809,"[9459, 25800, 46493, 64011, 32184, 8536, 92254, 84296, 77531, 92656]"
113810,"[105037, 102985, 98106, 8220, 73405, 29282, 50054, 75751, 6712, 29529]"
113811,"[108453, 11991, 43521, 97587, 108875, 84205, 35939, 13278, 82819, 37986]"
113812,"[38397, 104134, 15080, 23601, 59017, 33081, 43954, 11265, 86340, 103539]"
113813,"[86036, 53693, 107123, 105313, 69615, 64251, 86230, 35636, 99920, 96294]"
113814,"[88744, 43531, 81565, 100627, 6339, 75014, 2289, 11805, 37161, 73697]"
113815,"[13264, 105864, 17843, 57319, 70821, 56303, 7863, 65350, 71600, 33332]"
113816,"[63328, 78000, 19213, 72543, 85945, 30204, 97927, 102511, 41102, 34087]"
113817,"[38935, 35483, 40481, 40002, 39350, 103925, 61051, 55607, 66865, 74086]"
113818,"[28756, 31518, 107183, 99494, 17846, 98878, 43832, 35473, 70755, 46689]"
113819,"[50620, 80059, 42842, 41026, 28880, 10406, 98137, 40796, 64806, 58873]"
113820,"[70049, 39649, 28120, 46566, 100973, 97993, 49873, 46687, 48485, 46392]"
113821,"[58064, 40282, 107617, 18270, 79521, 76420, 19981, 47499, 17708, 16660]"
113822,"[39151, 108510, 21210, 75189, 108406, 77433, 47301, 67516, 44539, 29441]"
113823,"[21283, 85991, 69066, 33256, 13486, 39016, 66914, 102150, 40554, 443]"
113824,"[72163, 66943, 50045, 50602, 53966, 26618, 9651, 92974, 51594, 15535]"
113825,"[63617, 102176, 73129, 5693, 63167, 30825, 59560, 54244, 34269, 80571]"
113826,"[91803, 73682, 55092, 69812, 79771, 87750, 52394, 102796, 34090, 35337]"
113827,"[7317, 57215, 33082, 87107, 100306, 101712, 13490, 87439, 44237, 22288]"
113828,"[109758, 2832, 99154, 96133, 20659, 12684, 15375, 48156, 95024, 56145]"
113829,"[90085, 64044, 106882, 14957, 90610, 20255, 92115, 108041, 82747, 103419]"
113830,"[103252, 5737, 56447, 91838, 23268, 17320, 70846, 9184, 41914, 83644]"
113831,"[700, 61307, 73109, 42177, 24688, 40257, 3478, 12979, 47903, 24681]"
113832,"[48605, 42889, 29867, 29368, 29444, 85204, 16385, 41914, 35280, 35955]"
113833,"[70858, 27867, 80054, 29061, 41369, 64729, 31655, 101606, 26387, 28912]"
113834,"[76041, 29237, 53590, 16051, 89982, 61787, 84573, 61279, 56172, 92057]"
113835,"[45914, 83518, 87620, 60452, 107704, 45203, 69694, 54215, 57510, 67189]"
113836,"[55634, 86095, 83934, 40481, 66865, 39731, 100000, 30541, 35483, 107188]"
113837,"[98556, 46971, 37400, 107233, 98468, 76203, 32046, 76901, 26775, 88893]"
113838,"[78042, 12404, 60226, 48148, 85807, 69733, 97177, 104803, 13995, 41436]"
113839,"[61058, 105598, 11393, 2646, 23220, 19013, 37291, 108148, 10276, 54590]"
113840,"[98084, 102279, 22418, 68838, 16253, 107087, 57705, 40114, 29593, 107274]"
113841,"[64712, 25171, 52605, 82533, 68684, 8341, 69292, 104492, 62258, 61546]"
113842,"[24461, 95924, 84308, 79828, 9221, 78565, 5228, 41208, 92099, 62948]"
113843,"[52189, 37008, 68157, 47385, 34286, 59588, 76736, 28574, 8207, 35499]"
113844,"[67397, 79593, 103372, 93846, 34133, 43370, 42628, 51648, 48579, 106609]"
113845,"[67550, 27353, 16841, 43225, 37508, 30064, 97619, 59092, 17709, 43627]"
113846,"[88624, 106847, 81270, 101677, 68276, 66662, 105817, 56023, 29439, 32737]"
113847,"[60005, 96290, 48432, 103026, 66800, 34214, 59827, 756, 12421, 2180]"
113848,"[27717, 99702, 92264, 58017, 6619, 109232, 97842, 102643, 86117, 51343]"
113849,"[42383, 38012, 70482, 26377, 90740, 20662, 73678, 22689, 88234, 45991]"
113850,"[17027, 28570, 53857, 106493, 89740, 99367, 80959, 79607, 74232, 31959]"
113851,"[89653, 103392, 2587, 102650, 43560, 83036, 28982, 42397, 59330, 33170]"
113852,"[41681, 45508, 94335, 70100, 55351, 3992, 2630, 33007, 13813, 61374]"
113853,"[50746, 50773, 33168, 84561, 79852, 63184, 88130, 86093, 90866, 74162]"
113854,"[73597, 6818, 24339, 41394, 15337, 51521, 78136, 45228, 6438, 95008]"
113855,"[46696, 19180, 11536, 21695, 56364, 35957, 50652, 3719, 62696, 36973]"
113856,"[16649, 55986, 35428, 86124, 50879, 52620, 75132, 55264, 88286, 11597]"
113857,"[48115, 50010, 2424, 14086, 51691, 60297, 33470, 39761, 105881, 33337]"
113858,"[83550, 92979, 86241, 20056, 66510, 130, 83088, 106791, 1927, 29878]"
113859,"[57461, 106165, 109752, 53906, 68500, 31626, 66530, 56562, 75528, 74812]"
113860,"[63836, 42074, 58215, 12552, 89597, 50782, 46191, 49283, 56137, 87988]"
113861,"[51731, 105286, 9081, 46558, 29558, 34044, 2396, 36410, 7560, 64328]"
113862,"[58220, 40050, 7645, 6672, 77707, 30524, 78339, 65288, 22227, 18522]"
113863,"[67139, 75402, 94996, 58611, 40150, 34374, 42506, 94937, 43745, 105770]"
113864,"[101159, 26516, 21029, 11635, 9517, 38430, 75019, 9867, 16179, 72074]"
113865,"[23198, 38834, 55103, 1623, 46980, 51245, 53923, 64371, 68132, 105426]"
113866,"[9422, 105354, 91539, 46352, 67640, 15478, 28578, 75188, 10804, 108092]"
113867,"[44317, 76276, 73001, 60630, 86942, 24435, 85768, 104350, 62985, 68400]"
113868,"[10559, 106323, 13350, 78644, 67763, 27689, 24514, 91069, 49697, 107671]"
113869,"[61918, 99257, 45063, 5919, 57881, 20421, 56632, 25991, 16904, 18656]"
113870,"[83116, 64650, 86097, 38745, 31517, 60138, 106426, 7053, 7140, 90681]"
113871,"[98857, 25796, 91457, 108970, 94213, 55320, 20309, 26051, 38217, 12374]"
113872,"[105527, 71870, 100062, 24370, 64322, 20535, 104752, 46794, 39227, 56088]"
113873,"[29370, 88669, 55807, 68234, 42027, 50977, 66622, 57354, 2345, 45569]"
113874,"[78865, 88177, 93634, 14393, 75659, 35462, 100734, 79463, 108631, 53903]"
113875,"[105413, 73816, 77855, 94681, 96539, 39513, 18105, 26313, 7780, 30712]"
113876,"[40110, 53115, 103013, 13620, 11408, 21844, 27576, 2867, 8905, 90775]"
113877,"[76707, 45116, 25982, 79328, 18683, 15324, 101019, 21494, 104894, 89901]"
113878,"[109133, 90364, 71168, 17133, 18203, 40201, 81684, 105672, 19381, 85321]"
113879,"[89276, 33468, 55413, 10285, 27180, 22042, 64314, 105498, 95549, 74532]"
113880,"[24580, 60799, 82484, 44281, 70376, 32654, 11032, 76138, 58591, 100575]"
113881,"[52406, 75534, 61122, 78810, 12932, 87094, 94474, 30637, 68945, 91081]"
113882,"[66504, 9744, 70910, 53118, 24181, 21892, 10891, 77695, 94007, 70082]"
113883,"[26323, 85469, 59204, 69764, 63794, 100225, 52387, 15957, 78618, 51608]"
113884,"[83872, 16838, 14532, 106338, 101012, 48610, 98234, 55927, 25619, 59133]"
113885,"[95046, 52174, 107771, 6981, 25950, 21682, 2808, 6908, 33724, 30230]"
113886,"[105789, 61562, 19997, 8345, 20852, 32939, 42722, 103845, 79497, 18248]"
113887,"[7785, 78115, 98796, 40585, 16474, 16630, 98126, 28093, 51955, 96666]"
113888,"[77322, 4529, 22080, 1468, 5204, 195, 70828, 102167, 71059, 11695]"
113889,"[92848, 29424, 80437, 3137, 51331, 68995, 62685, 53096, 96954, 50533]"
113890,"[84700, 38532, 24770, 39773, 79608, 3094, 5645, 76857, 99468, 24844]"
113891,"[106698, 82515, 88083, 61718, 86772, 50653, 23361, 37897, 24040, 57470]"
113892,"[80867, 61254, 26254, 9914, 84759, 63703, 18184, 80302, 108209, 36698]"
113893,"[66372, 74222, 62116, 6582, 76727, 22235, 62141, 62050, 28697, 43881]"
113894,"[65682, 46889, 65764, 21425, 55936, 71266, 108483, 101540, 46154, 100618]"
113895,"[34016, 25474, 100150, 77592, 46123, 94808, 65985, 20906, 76052, 50556]"
113896,"[25884, 44286, 4458, 9328, 82302, 80653, 61907, 51383, 48869, 34559]"
113897,"[57795, 89630, 22617, 66837, 8118, 42226, 60491, 83707, 6420, 98511]"
113898,"[99340, 58862, 108720, 80304, 4640, 48375, 65921, 78798, 46864, 61102]"
113899,"[13647, 89876, 28341, 77577, 101334, 37567, 98888, 79276, 69542, 4727]"
113900,"[81521, 39890, 36429, 8999, 83875, 14310, 75404, 18689, 14689, 90222]"
113901,"[60189, 69591, 31406, 76059, 10856, 99843, 63097, 30654, 46668, 79670]"
113902,"[62358, 44266, 26587, 54684, 84578, 102415, 55143, 30776, 50223, 57635]"
113903,"[59441, 93801, 76943, 20022, 107494, 39664, 83714, 22237, 67863, 29037]"
113904,"[10741, 23458, 1180, 4005, 99882, 13637, 30601, 1775, 5113, 51075]"
113905,"[77842, 87734, 46363, 5964, 71517, 50614, 68725, 22395, 106900, 58141]"
113906,"[67291, 69143, 82236, 52014, 21816, 73134, 36957, 54427, 66058, 37444]"
113907,"[53696, 84403, 18172, 79756, 88458, 89770, 95405, 109609, 28823, 60472]"
113908,"[51552, 82739, 72387, 92632, 107855, 76322, 59602, 104010, 93009, 32883]"
113909,"[53853, 68125, 78189, 11248, 71975, 69253, 90216, 101337, 46012, 79594]"
113910,"[84968, 85536, 73141, 76411, 43222, 90357, 36768, 59248, 39693, 99961]"
113911,"[101167, 44023, 60928, 93049, 21048, 8136, 65618, 48703, 104989, 9838]"
113912,"[79315, 41706, 56266, 58906, 33315, 93268, 105896, 13151, 22713, 10130]"
113913,"[57460, 16794, 40325, 18614, 82134, 53360, 4406, 104435, 14499, 94450]"
113914,"[104139, 76912, 95630, 104957, 26182, 106498, 34265, 30350, 77647, 7031]"
113915,"[37082, 86507, 33305, 31368, 38101, 102597, 59113, 31481, 73403, 41628]"
113916,"[108126, 64205, 103817, 48765, 82141, 11482, 108812, 79428, 46787, 91402]"
113917,"[77147, 25728, 28769, 39846, 58073, 41524, 7355, 23351, 84702, 27230]"
113918,"[76700, 59131, 11909, 22081, 34373, 41865, 30561, 94720, 89865, 83266]"
113919,"[17223, 67868, 105711, 12514, 87005, 30821, 26451, 51235, 99761, 88032]"
113920,"[34581, 36067, 85294, 41647, 98560, 69352, 37263, 3858, 78503, 68481]"
113921,"[75906, 49011, 63117, 57734, 60327, 62638, 21497, 104239, 53079, 12341]"
113922,"[69317, 44587, 30106, 51471, 35519, 39806, 35628, 106878, 69891, 105857]"
113923,"[29474, 40405, 6143, 106502, 57311, 1499, 77362, 6305, 73936, 67104]"
113924,"[44756, 90075, 6445, 70976, 87967, 59463, 61573, 33057, 98738, 63455]"
113925,"[29427, 95737, 33177, 102713, 102292, 90390, 19389, 38411, 12589, 83954]"
113926,"[88099, 28212, 26498, 41698, 20651, 59487, 6492, 101098, 24397, 9148]"
113927,"[8537, 3778, 101333, 109307, 48771, 46804, 15230, 70762, 4223, 86331]"
113928,"[68257, 2618, 38948, 78420, 89820, 82641, 67782, 103231, 93624, 4823]"
113929,"[3611, 93217, 51706, 57008, 1394, 103087, 70374, 92586, 101565, 4574]"
113930,"[95083, 70866, 6468, 96898, 20657, 101486, 81285, 12056, 20086, 58106]"
113931,"[97849, 91033, 89523, 26644, 57449, 21500, 88320, 19062, 12179, 51907]"
113932,"[61471, 73175, 94850, 102747, 15649, 51803, 58574, 80669, 59361, 44583]"
113933,"[106781, 74264, 3817, 19753, 98076, 47905, 27835, 43928, 70277, 92464]"
113934,"[4906, 82171, 92720, 80722, 80928, 22536, 527, 74046, 75795, 57264]"
113935,"[91788, 109626, 51104, 41696, 21306, 95243, 26445, 70840, 95613, 99939]"
113936,"[12658, 74068, 23368, 41377, 2923, 38353, 109169, 11655, 77489, 55619]"
113937,"[28843, 20280, 23495, 68110, 100305, 54864, 41291, 91625, 104636, 93973]"
113938,"[21482, 98118, 57305, 86153, 9454, 12307, 109163, 102286, 55739, 57481]"
113939,"[81684, 17133, 71168, 18203, 40201, 109133, 105672, 7107, 53180, 19381]"
113940,"[80074, 76483, 55459, 59450, 34829, 3497, 48116, 74973, 48688, 106264]"
113941,"[93028, 46556, 61368, 74841, 106202, 80229, 84009, 22618, 24184, 91628]"
113942,"[80331, 21335, 65143, 98575, 97779, 86382, 13990, 81782, 36293, 92453]"
113943,"[71024, 86508, 57308, 101532, 80857, 94251, 12665, 83508, 20176, 62660]"
113944,"[92063, 84711, 94492, 47471, 86705, 82249, 54478, 63512, 77909, 4182]"
113945,"[34668, 10103, 91020, 47477, 77871, 79967, 8258, 33811, 18253, 46232]"
113946,"[101180, 61458, 101914, 56797, 59905, 19095, 95092, 18719, 74914, 87986]"
113947,"[1049, 19570, 54660, 23270, 97498, 51387, 105988, 82540, 1265, 79273]"
113948,"[73253, 3454, 106219, 53086, 49099, 99147, 29890, 92089, 95313, 12358]"
113949,"[94240, 80836, 60593, 4397, 23966, 13057, 28001, 36418, 56015, 71748]"
113950,"[24362, 76310, 71497, 102391, 35669, 70079, 4708, 16937, 107912, 57204]"
113951,"[50298, 17429, 59754, 86815, 77912, 87559, 48932, 19308, 67511, 103027]"
113952,"[5699, 36799, 51935, 26132, 27029, 101022, 95980, 90449, 54776, 65126]"
113953,"[39214, 43950, 26549, 34631, 92579, 52754, 100122, 330, 52772, 76149]"
113954,"[93055, 109774, 20488, 897, 78100, 40226, 86096, 68084, 108795, 58673]"
113955,"[48299, 104367, 103332, 5525, 26595, 39634, 46208, 68887, 105895, 94416]"
113956,"[89599, 88335, 17582, 49881, 85931, 91049, 103911, 30931, 84642, 8320]"
113957,"[15059, 79170, 53337, 11417, 62615, 60415, 44761, 91549, 26477, 67087]"
113958,"[41432, 26310, 53213, 62394, 49484, 107208, 13300, 95391, 90565, 105918]"
113959,"[91539, 105354, 9422, 46352, 67640, 66128, 15478, 28578, 47533, 108092]"
113960,"[3733, 38096, 72307, 6292, 22060, 75783, 2120, 24233, 29694, 47672]"
113961,"[40568, 23307, 66159, 78489, 80886, 32366, 20326, 61115, 65776, 25407]"
113962,"[47756, 78541, 104877, 76793, 69643, 48153, 33562, 24139, 27642, 29765]"
113963,"[104796, 96955, 55149, 26593, 108208, 58307, 55923, 28817, 90111, 6800]"
113964,"[101166, 6408, 45312, 106697, 79315, 13621, 50259, 32101, 80509, 107260]"
113965,"[54857, 70043, 44001, 109408, 10466, 93763, 108731, 72393, 81981, 21812]"
113966,"[54161, 73679, 73049, 42051, 54035, 50047, 24619, 57852, 65332, 27190]"
113967,"[49781, 84903, 8579, 60065, 59472, 90762, 66507, 58629, 26147, 101023]"
113968,"[4553, 46436, 73201, 82040, 39259, 24490, 30706, 107954, 7197, 4993]"
113969,"[24446, 93796, 53814, 108909, 22236, 22421, 91571, 14186, 14669, 64106]"
113970,"[99845, 14111, 83747, 6571, 101568, 29616, 39224, 42864, 82798, 28862]"
113971,"[99292, 9933, 54869, 89210, 54370, 70259, 28290, 3801, 96891, 88337]"
113972,"[80674, 25885, 101883, 108487, 14477, 67069, 12413, 34522, 95984, 24119]"
113973,"[46989, 85950, 40313, 30578, 62022, 104886, 4798, 3037, 102511, 57609]"
113974,"[35214, 64927, 83528, 104548, 92673, 67039, 46125, 41628, 65675, 59010]"
113975,"[108916, 106699, 80016, 7111, 62491, 61635, 4448, 13081, 62091, 75992]"
113976,"[77440, 69132, 102160, 10895, 22410, 102590, 39902, 53761, 52089, 99440]"
113977,"[32024, 8295, 44668, 1254, 80113, 35549, 100132, 16818, 36781, 24693]"
113978,"[91098, 91348, 63318, 7900, 37372, 72241, 44362, 58188, 5547, 35858]"
113979,"[77635, 90045, 20544, 43936, 82082, 38960, 17246, 16111, 30551, 8468]"
113980,"[90623, 19868, 75130, 33731, 43399, 7876, 37356, 2053, 39285, 13572]"
113981,"[57271, 14638, 21544, 33159, 77193, 24517, 24858, 6399, 50298, 32371]"
113982,"[11704, 95610, 44436, 1987, 92233, 23843, 84676, 9198, 104872, 13426]"
113983,"[72466, 81603, 43583, 71081, 98159, 87389, 21794, 27032, 66645, 79065]"
113984,"[97971, 49608, 65524, 12856, 6039, 43067, 4358, 95485, 53116, 75020]"
113985,"[77670, 79407, 62580, 3807, 37964, 71950, 41680, 21308, 48815, 107976]"
113986,"[29609, 38186, 9763, 70769, 41038, 89021, 101467, 4565, 11121, 34359]"
113987,"[32222, 106444, 75251, 30222, 19262, 86504, 23545, 35139, 93678, 31717]"
113988,"[25750, 93091, 32800, 41054, 8, 13369, 47126, 106833, 8284, 100882]"
113989,"[49256, 10914, 16553, 39387, 98222, 63451, 100125, 60220, 101069, 46429]"
113990,"[41838, 4147, 103501, 84168, 37682, 71600, 83881, 2204, 7863, 33332]"
113991,"[12005, 11688, 73668, 21353, 107527, 76798, 105865, 94844, 105388, 57820]"
113992,"[60447, 311, 29869, 83137, 2381, 56100, 7398, 105280, 10618, 39668]"
113993,"[93915, 9429, 108518, 1438, 12953, 102925, 95920, 50105, 2476, 14163]"
113994,"[289, 47139, 39742, 34536, 27269, 67025, 3943, 34744, 49298, 85991]"
113995,"[64577, 61521, 1410, 70380, 70283, 30853, 40410, 53219, 93572, 44912]"
113996,"[31943, 75130, 7876, 76893, 83490, 45532, 65290, 4327, 36202, 43628]"
113997,"[58038, 44220, 14095, 24132, 39176, 48758, 17495, 33789, 22676, 95922]"
113998,"[96308, 76846, 85633, 99288, 36225, 68360, 1721, 98067, 81172, 7191]"
113999,"[32922, 57753, 53968, 58754, 11265, 82898, 37133, 41859, 6848, 98599]"
114000,"[63555, 50083, 103421, 97893, 36434, 82163, 11898, 90697, 9467, 71908]"
114001,"[106705, 9572, 71175, 70615, 55202, 56955, 26693, 41737, 27888, 60176]"
114002,"[16732, 104741, 85095, 9334, 24376, 67474, 65542, 8379, 95359, 21729]"
114003,"[11746, 82023, 56200, 15771, 63650, 82606, 69440, 59239, 11602, 33879]"
114004,"[85918, 97500, 14140, 75127, 105099, 828, 97372, 6558, 107943, 1297]"
114005,"[102762, 44981, 33381, 97760, 98389, 74522, 54196, 53689, 66938, 14375]"
114006,"[91719, 64682, 12443, 73820, 50255, 39293, 33416, 22417, 74533, 95778]"
114007,"[48054, 55008, 29766, 108520, 17927, 57398, 64303, 80298, 59600, 42154]"
114008,"[39146, 41312, 97564, 37971, 94354, 40703, 57009, 36352, 16861, 61831]"
114009,"[92281, 96928, 71788, 14239, 47577, 7068, 70508, 79790, 19288, 102174]"
114010,"[104684, 107207, 7549, 57216, 97303, 65687, 74110, 103456, 59335, 16215]"
114011,"[90210, 14668, 95432, 77681, 33906, 3580, 21196, 63914, 14617, 36218]"
114012,"[100510, 108618, 46926, 34554, 39451, 82383, 26197, 92718, 14987, 35458]"
114013,"[42446, 62971, 59921, 27280, 82340, 35054, 107049, 49488, 65557, 73501]"
114014,"[60290, 57626, 4879, 101793, 46645, 75861, 105409, 5864, 4235, 22015]"
114015,"[22390, 70260, 86733, 26290, 5256, 101775, 109731, 23030, 18957, 97247]"
114016,"[17574, 64726, 16930, 67815, 52319, 46255, 18889, 101648, 95059, 13248]"
114017,"[33423, 64501, 41877, 66860, 39003, 43481, 18494, 90687, 46074, 86541]"
114018,"[34388, 92526, 18202, 45083, 11476, 59733, 3920, 53071, 41297, 80175]"
114019,"[28673, 89322, 63520, 96054, 10409, 70102, 40738, 73451, 46771, 22807]"
114020,"[38576, 58359, 109018, 68093, 24495, 44039, 77257, 34241, 59077, 66383]"
114021,"[64852, 37673, 65933, 32136, 91946, 84202, 2212, 103642, 21657, 4034]"
114022,"[45576, 96536, 79210, 12569, 80638, 64449, 20112, 64856, 6841, 43853]"
114023,"[14288, 85548, 94439, 45600, 102108, 9104, 88611, 27055, 44049, 30444]"
114024,"[106346, 30939, 86503, 45765, 46958, 21606, 4396, 5729, 31274, 85747]"
114025,"[76095, 100923, 40584, 91265, 19097, 67558, 74245, 71218, 15601, 24183]"
114026,"[29778, 55467, 87857, 29256, 108791, 72516, 63539, 55609, 72253, 105746]"
114027,"[54505, 65839, 16844, 72092, 1967, 80523, 10307, 90409, 44448, 21059]"
114028,"[69753, 20648, 34049, 10174, 85509, 46259, 56828, 91692, 77416, 67643]"
114029,"[62542, 78237, 8690, 1008, 3803, 22543, 65936, 70235, 54742, 56723]"
114030,"[31121, 42604, 36581, 90371, 88830, 87097, 46347, 4887, 93041, 87099]"
114031,"[53988, 94049, 105016, 84082, 53034, 36304, 27406, 30912, 2602, 23429]"
114032,"[87128, 90581, 59054, 51472, 109151, 39149, 104539, 28613, 50273, 100265]"
114033,"[37476, 102951, 51002, 12947, 27727, 40478, 37272, 51679, 37367, 12105]"
114034,"[50227, 107615, 82870, 35651, 69337, 22485, 39264, 51480, 70267, 53891]"
114035,"[32576, 58952, 1842, 31345, 50672, 67974, 50698, 81933, 74678, 3444]"
114036,"[103551, 104297, 80947, 66240, 73992, 28760, 54698, 72832, 20054, 360]"
114037,"[84320, 85352, 84727, 29997, 58244, 71966, 3953, 84909, 36596, 93684]"
114038,"[28396, 17148, 4213, 41657, 97748, 99031, 84052, 89080, 77013, 22535]"
114039,"[5345, 61872, 55179, 69242, 4251, 42834, 80984, 81835, 33692, 18898]"
114040,"[77395, 35016, 24731, 46751, 64550, 72958, 82339, 17579, 100762, 9393]"
114041,"[41515, 20864, 106364, 87976, 54930, 78903, 43568, 83857, 28452, 22975]"
114042,"[101954, 88022, 72527, 90648, 45108, 34352, 36715, 70493, 83103, 6499]"
114043,"[86352, 105634, 35392, 40874, 44419, 18638, 16025, 73855, 8469, 47968]"
114044,"[101430, 104387, 54634, 91630, 15660, 98499, 57854, 8783, 50367, 40753]"
114045,"[8884, 49742, 57116, 38502, 1546, 8967, 98831, 58917, 40854, 73016]"
114046,"[19226, 53391, 24172, 29026, 43708, 24135, 93905, 94776, 72881, 58481]"
114047,"[97172, 5624, 100545, 32946, 50357, 96460, 72627, 18445, 95096, 95949]"
114048,"[80655, 30493, 18947, 23817, 77844, 91622, 68331, 42150, 84323, 23820]"
114049,"[59898, 76539, 61924, 36522, 32026, 46050, 19754, 70398, 70307, 30220]"
114050,"[76149, 36216, 93186, 70913, 90661, 86319, 91745, 8708, 27452, 92593]"
114051,"[60826, 108876, 80319, 10688, 98839, 103457, 22013, 27903, 38132, 52647]"
114052,"[42198, 32617, 82297, 37546, 59764, 77958, 83772, 38678, 47551, 56337]"
114053,"[23225, 4786, 97671, 7586, 31416, 60687, 55785, 109065, 27677, 106877]"
114054,"[7617, 15761, 47301, 103140, 35023, 21080, 87398, 24183, 94443, 54664]"
114055,"[49096, 53710, 30529, 63792, 91303, 79886, 79880, 96544, 34037, 51577]"
114056,"[43237, 73344, 94327, 36550, 17377, 64051, 103599, 53296, 45820, 34666]"
114057,"[61491, 13656, 10262, 107152, 97868, 11206, 67306, 21959, 71754, 83770]"
114058,"[84248, 103855, 87876, 60035, 28060, 66357, 129, 30046, 54417, 28643]"
114059,"[101057, 93499, 78308, 106460, 40347, 98095, 52264, 88120, 66059, 64355]"
114060,"[24435, 14955, 32390, 58774, 3001, 32921, 41716, 5865, 52668, 12275]"
114061,"[12561, 46366, 41672, 88024, 46991, 105810, 54984, 14482, 11016, 76121]"
114062,"[51544, 72929, 23472, 34709, 100322, 102870, 104081, 67758, 55969, 27766]"
114063,"[57541, 4483, 106334, 25850, 90883, 78464, 89061, 86464, 107384, 67995]"
114064,"[80089, 33892, 13585, 27986, 92140, 83363, 30420, 65945, 97054, 58139]"
114065,"[72430, 98976, 68516, 73265, 14891, 13080, 58568, 43083, 68713, 63402]"
114066,"[22087, 61878, 59162, 13744, 64059, 54735, 67297, 26472, 109728, 94934]"
114067,"[93695, 49574, 35224, 78765, 28974, 75478, 21001, 34650, 45611, 57412]"
114068,"[7139, 22341, 84686, 20628, 12412, 69620, 100847, 68998, 11451, 10198]"
114069,"[95458, 12802, 83173, 51443, 98903, 9089, 17930, 34415, 87236, 61075]"
114070,"[7168, 34294, 77738, 47306, 84940, 22430, 35757, 75608, 62910, 82231]"
114071,"[92650, 62695, 3984, 105870, 38170, 42395, 29021, 104543, 81319, 45080]"
114072,"[7807, 81789, 53848, 60720, 102981, 63705, 56679, 43030, 42521, 41812]"
114073,"[102412, 91235, 24303, 10535, 67774, 92207, 17172, 26612, 14262, 35221]"
114074,"[44333, 82983, 28937, 22400, 91394, 66322, 83570, 23962, 21881, 6042]"
114075,"[41707, 40684, 12102, 72411, 3317, 51255, 99915, 63143, 88559, 18497]"
114076,"[695, 83710, 103111, 90719, 22505, 79795, 87224, 93917, 10338, 73223]"
114077,"[62956, 64562, 27833, 41448, 83221, 108377, 4559, 45895, 72967, 40726]"
114078,"[97413, 68906, 69833, 67939, 17869, 16767, 15671, 43779, 12111, 99351]"
114079,"[49502, 21972, 2906, 55383, 99144, 94394, 18012, 32835, 45069, 59354]"
114080,"[41451, 86282, 38078, 19845, 100250, 45082, 1073, 94475, 99614, 34919]"
114081,"[80378, 39836, 6898, 103466, 16447, 37969, 30047, 8898, 50982, 35075]"
114082,"[71859, 109201, 84441, 25140, 18670, 81170, 100576, 91366, 31041, 81641]"
114083,"[37230, 81487, 90719, 99102, 103111, 93664, 72040, 269, 69184, 52407]"
114084,"[104514, 52833, 42662, 45226, 29731, 82112, 13084, 11761, 101833, 101888]"
114085,"[67586, 3275, 24515, 18754, 19320, 1197, 42977, 43612, 87358, 29365]"
114086,"[4051, 34467, 91148, 24048, 14725, 101153, 5212, 40202, 95174, 70883]"
114087,"[53596, 59935, 77369, 92820, 74170, 80418, 59269, 32944, 14229, 105900]"
114088,"[41898, 103702, 79754, 74722, 76881, 109132, 71076, 60022, 106802, 87335]"
114089,"[42248, 63584, 99876, 59327, 16466, 38306, 60803, 56109, 102669, 54521]"
114090,"[52931, 49909, 27841, 101173, 4687, 30955, 85251, 23739, 5980, 100444]"
114091,"[105629, 83751, 8619, 6085, 106113, 100071, 78936, 93977, 93089, 63635]"
114092,"[15926, 60253, 51990, 35488, 18803, 52847, 14442, 102776, 88441, 57442]"
114093,"[60721, 39950, 75489, 59590, 1694, 23607, 89548, 93361, 94610, 83421]"
114094,"[2752, 30812, 14386, 58632, 36307, 84771, 30584, 28849, 11381, 9501]"
114095,"[15395, 93916, 89697, 98850, 59830, 108623, 61022, 89095, 42627, 106376]"
114096,"[22600, 16163, 96899, 51742, 64262, 40148, 97384, 49273, 53779, 32286]"
114097,"[41621, 67662, 92564, 62683, 19073, 38675, 63209, 84773, 5430, 20295]"
114098,"[88909, 58809, 88372, 59964, 36180, 22158, 1850, 66347, 38381, 3940]"
114099,"[31290, 106945, 94419, 29007, 52559, 44657, 9243, 27225, 73583, 58552]"
114100,"[55618, 40332, 57557, 51923, 4601, 6906, 47926, 31445, 99707, 44991]"
114101,"[88702, 2292, 45385, 75004, 93445, 17117, 24676, 84007, 57593, 6744]"
114102,"[9836, 2096, 89280, 3272, 15690, 23168, 83457, 24204, 38393, 7746]"
114103,"[72805, 101892, 87415, 12440, 8661, 32994, 41343, 8177, 26315, 19703]"
114104,"[39651, 28862, 52770, 82494, 48200, 99742, 107866, 61455, 29616, 42864]"
114105,"[73499, 47273, 23940, 52454, 88859, 60178, 20911, 9941, 13633, 70028]"
114106,"[94144, 54664, 88730, 49496, 4878, 33352, 49295, 35629, 20709, 713]"
114107,"[63780, 105892, 2170, 78809, 88684, 93887, 37653, 85455, 97492, 87448]"
114108,"[70246, 50267, 61967, 95398, 49976, 21068, 19458, 87871, 85281, 43254]"
114109,"[89602, 95637, 23553, 71922, 35532, 83023, 13642, 107631, 19045, 103680]"
114110,"[26798, 93317, 84796, 80627, 106408, 58458, 41828, 93910, 51645, 48740]"
114111,"[67197, 38537, 61858, 34221, 91038, 28787, 55578, 16145, 47501, 91052]"
114112,"[101644, 55024, 85706, 90902, 61926, 63426, 34797, 98819, 70496, 20069]"
114113,"[70673, 17882, 81975, 27528, 97217, 24058, 89806, 78546, 58607, 79707]"
114114,"[23821, 81876, 65207, 10459, 57368, 86372, 81203, 10922, 91251, 67475]"
114115,"[39640, 106263, 104384, 67116, 87787, 92819, 28169, 46379, 54278, 50804]"
114116,"[17882, 81975, 27528, 78546, 70673, 97217, 24058, 89806, 79707, 71467]"
114117,"[99549, 28238, 100339, 19923, 87888, 55316, 12002, 87628, 7665, 39492]"
114118,"[80840, 14224, 62330, 74763, 49238, 39735, 29332, 63380, 104011, 5808]"
114119,"[74375, 2750, 81947, 7118, 43498, 39647, 10483, 105392, 85113, 674]"
114120,"[77197, 6611, 11429, 23490, 58482, 71581, 13715, 91967, 85520, 13004]"
114121,"[55651, 91821, 13729, 75968, 73460, 33433, 57973, 46633, 53247, 79207]"
114122,"[13232, 62587, 41399, 84618, 48515, 101561, 7631, 22195, 2681, 7874]"
114123,"[13855, 85871, 28579, 37962, 30991, 53316, 103878, 44508, 28863, 61004]"
114124,"[11901, 84, 102884, 64149, 101117, 55577, 83094, 35246, 40162, 11821]"
114125,"[28593, 84878, 17407, 29525, 73768, 57760, 99382, 74342, 99518, 74270]"
114126,"[98906, 15789, 83372, 5526, 92981, 26538, 85436, 92420, 92409, 64161]"
114127,"[109119, 41031, 79272, 75671, 30015, 36925, 106712, 54648, 16228, 35688]"
114128,"[78037, 6129, 7461, 328, 52144, 65297, 36832, 49730, 6999, 11014]"
114129,"[43483, 95875, 59191, 13001, 67887, 60704, 46092, 32927, 45592, 59020]"
114130,"[33180, 66857, 97696, 9611, 17908, 87515, 14941, 29119, 35369, 48327]"
114131,"[63294, 96092, 89956, 5611, 58284, 29818, 92488, 75642, 104611, 39126]"
114132,"[80047, 8166, 52599, 10680, 80586, 3539, 19416, 89355, 20838, 68853]"
114133,"[46227, 11190, 88682, 94019, 38281, 14164, 9720, 57316, 13713, 42807]"
114134,"[86348, 88672, 65507, 81956, 21020, 100983, 44617, 30666, 49693, 68091]"
114135,"[52847, 18803, 15926, 51990, 13817, 35488, 104704, 57442, 71600, 14442]"
114136,"[47750, 99654, 51712, 27982, 50932, 85900, 14587, 75121, 75907, 93394]"
114137,"[60593, 80836, 13057, 20973, 94240, 23966, 4397, 56015, 28001, 71748]"
114138,"[14866, 4533, 35065, 35778, 89555, 60215, 33939, 14671, 59558, 8870]"
114139,"[91911, 26655, 2094, 45993, 18239, 90013, 9583, 89483, 24080, 26635]"
114140,"[52838, 26161, 14104, 28380, 31372, 109609, 46695, 72416, 70678, 88458]"
114141,"[25654, 63746, 58778, 15025, 63981, 32795, 206, 69600, 84977, 102942]"
114142,"[22427, 46639, 15967, 106164, 57773, 36182, 97103, 24053, 75069, 70134]"
114143,"[79468, 36214, 93000, 106575, 9004, 3859, 14606, 78704, 4629, 54655]"
114144,"[11482, 31953, 79428, 108812, 48765, 79460, 108126, 46787, 91402, 51617]"
114145,"[35379, 1087, 26806, 62750, 53124, 88317, 2123, 103066, 39108, 34113]"
114146,"[81556, 38442, 71944, 89829, 37039, 65735, 36187, 63263, 66737, 71476]"
114147,"[47880, 3281, 85615, 76251, 24956, 1785, 98952, 102284, 89309, 48440]"
114148,"[75413, 97624, 94781, 11484, 69216, 6603, 6842, 6402, 101680, 34092]"
114149,"[46182, 66941, 84481, 102062, 56511, 108965, 94803, 78922, 9503, 94509]"
114150,"[62785, 12799, 6540, 54402, 28741, 19460, 74639, 63533, 5835, 48456]"
114151,"[60447, 29869, 311, 101895, 39668, 83137, 70135, 105280, 1207, 13543]"
114152,"[498, 11341, 96636, 59788, 43723, 48147, 51257, 66528, 67530, 51570]"
114153,"[867, 100675, 90162, 41132, 58127, 10473, 35129, 39138, 107116, 41123]"
114154,"[12315, 49786, 80642, 97370, 12679, 20828, 10484, 81986, 41386, 69127]"
114155,"[97936, 59703, 103794, 30949, 11494, 63870, 62891, 29015, 108540, 40713]"
114156,"[46918, 69916, 45056, 89242, 6246, 58254, 85902, 42303, 7604, 26402]"
114157,"[45665, 92949, 8249, 94410, 4013, 66571, 56204, 66327, 41742, 16677]"
114158,"[59335, 16215, 65687, 12342, 83546, 107207, 97303, 104684, 97756, 11715]"
114159,"[56460, 56365, 74305, 69577, 2935, 99266, 99866, 37045, 82220, 93180]"
114160,"[102930, 65468, 60296, 5271, 60816, 11665, 50640, 13731, 77612, 78725]"
114161,"[92087, 69827, 78080, 77757, 94946, 95303, 45538, 38006, 88289, 72642]"
114162,"[65475, 65371, 90423, 81220, 103542, 80178, 87561, 92399, 8672, 101714]"
114163,"[90759, 42600, 78776, 86351, 94047, 57931, 100298, 20012, 72047, 70612]"
114164,"[41412, 104792, 55101, 39112, 49138, 106626, 45283, 46747, 104696, 39162]"
114165,"[82316, 51865, 101027, 79896, 66723, 76506, 71940, 81419, 99381, 102208]"
114166,"[87829, 4459, 20934, 81195, 63295, 11060, 100042, 77814, 85374, 40272]"
114167,"[28827, 13332, 14082, 81127, 20831, 82290, 67565, 27742, 100715, 76061]"
114168,"[29858, 29993, 13569, 31897, 76900, 18801, 65093, 12776, 73445, 105095]"
114169,"[28596, 46059, 4749, 75267, 108349, 94086, 139, 30121, 15442, 70286]"
114170,"[97571, 68538, 63357, 30164, 3987, 51090, 9636, 75500, 101666, 27171]"
114171,"[3307, 62789, 59862, 15689, 7202, 23114, 41114, 62065, 72342, 38248]"
114172,"[71932, 89768, 39050, 18237, 109432, 60142, 97189, 44293, 95278, 67051]"
114173,"[50612, 24116, 28282, 39362, 19906, 54627, 50809, 10919, 76638, 75982]"
114174,"[34495, 8180, 52842, 22854, 5376, 42151, 106393, 105987, 12097, 88130]"
114175,"[98548, 11472, 20734, 90269, 772, 37676, 38514, 51127, 61488, 25347]"
114176,"[93135, 7950, 33898, 17892, 63035, 291, 58018, 8824, 68809, 93254]"
114177,"[60497, 11288, 101094, 40397, 86593, 12844, 8885, 78682, 21594, 40772]"
114178,"[70862, 16809, 80023, 84698, 44536, 23646, 55619, 68055, 107766, 68665]"
114179,"[9839, 84012, 54816, 68515, 104019, 64247, 79104, 5281, 80083, 42060]"
114180,"[14092, 59464, 8253, 19954, 29590, 32475, 72483, 18536, 16038, 66656]"
114181,"[48858, 56041, 60628, 73945, 57819, 58103, 14321, 93712, 32705, 96005]"
114182,"[5518, 102302, 3028, 282, 8649, 62540, 90614, 76825, 106957, 11793]"
114183,"[101467, 37507, 29609, 38186, 41038, 70769, 89021, 4565, 11121, 9763]"
114184,"[72165, 13251, 32270, 95854, 81801, 6599, 83630, 55010, 80565, 55849]"
114185,"[46281, 36567, 29578, 27628, 96707, 34161, 62546, 82722, 33539, 97124]"
114186,"[64252, 65686, 43642, 15325, 2910, 20865, 34324, 44283, 95489, 28810]"
114187,"[87293, 80233, 91034, 43243, 13269, 100415, 66163, 7018, 27598, 97572]"
114188,"[85667, 99118, 59993, 54157, 104199, 79574, 84097, 74149, 67865, 64587]"
114189,"[34799, 101487, 20058, 74416, 12683, 70713, 76547, 102464, 82683, 92023]"
114190,"[71790, 90489, 60232, 88209, 30542, 101426, 48514, 104954, 11237, 56669]"
114191,"[86046, 7899, 13500, 15967, 109650, 100732, 76185, 85465, 75069, 53809]"
114192,"[52291, 98668, 33856, 103364, 23753, 25253, 16983, 62621, 27082, 19177]"
114193,"[71829, 71408, 24873, 27666, 105633, 52771, 62996, 93252, 51124, 105919]"
114194,"[51196, 63881, 67310, 41921, 66186, 94892, 51940, 77559, 3354, 58383]"
114195,"[47688, 76435, 5522, 86007, 25533, 40197, 45490, 96138, 30587, 4607]"
114196,"[27439, 107361, 91823, 96943, 59346, 69252, 20037, 6763, 4514, 109246]"
114197,"[8748, 12546, 64596, 76154, 92092, 43301, 73355, 107612, 38569, 40214]"
114198,"[60258, 54081, 80337, 296, 72785, 105256, 21041, 37215, 13275, 77990]"
114199,"[55463, 44002, 26481, 83098, 103536, 54461, 48522, 93654, 76344, 73758]"
114200,"[26566, 20781, 83884, 108763, 64814, 107167, 10649, 26763, 25223, 70047]"
114201,"[45530, 15775, 82707, 104679, 66422, 28962, 38864, 32360, 52212, 55670]"
114202,"[54345, 88459, 23942, 102767, 45591, 30642, 20819, 104057, 109651, 104247]"
114203,"[93973, 106704, 88516, 22313, 92584, 66190, 13680, 92431, 104636, 84789]"
114204,"[349, 88896, 109191, 93381, 78615, 95408, 42493, 72092, 61298, 24586]"
114205,"[102029, 29109, 107870, 46637, 80693, 49344, 74217, 98478, 68190, 104150]"
114206,"[96347, 55993, 15985, 54162, 22208, 7793, 84629, 57987, 46133, 106961]"
114207,"[5612, 13837, 77103, 28560, 77532, 44773, 34761, 107218, 75124, 24612]"
114208,"[36222, 11079, 49673, 12837, 100148, 70627, 25572, 62977, 96596, 64353]"
114209,"[15316, 52606, 85802, 8521, 45811, 19259, 71229, 34957, 92177, 24907]"
114210,"[102459, 26139, 101247, 37543, 10306, 46713, 29724, 562, 5947, 15889]"
114211,"[95992, 22694, 47976, 107865, 72071, 89099, 39102, 89343, 47805, 44927]"
114212,"[5054, 71782, 89713, 106117, 107460, 85803, 42793, 32607, 106918, 47632]"
114213,"[82250, 78265, 73382, 63901, 40639, 8324, 19958, 37592, 36408, 5888]"
114214,"[22035, 49153, 68812, 78508, 14201, 43691, 70632, 92636, 97026, 7126]"
114215,"[1436, 92047, 30814, 81492, 29319, 94663, 104058, 70687, 31051, 68884]"
114216,"[74209, 32722, 16324, 32779, 107634, 58531, 71153, 75847, 34333, 9162]"
114217,"[107680, 19467, 53997, 96060, 65528, 104464, 66257, 81090, 101782, 55998]"
114218,"[44652, 17053, 30401, 18669, 106786, 49190, 95639, 103958, 42253, 28834]"
114219,"[94432, 20678, 80350, 19061, 60201, 106885, 41811, 51757, 16916, 53269]"
114220,"[53807, 74737, 41237, 94251, 77227, 101133, 55859, 86508, 71024, 12665]"
114221,"[99246, 107856, 6595, 83911, 75696, 22945, 47871, 17347, 86601, 62046]"
114222,"[102189, 41012, 63166, 77071, 79125, 103161, 62426, 32925, 45211, 52040]"
114223,"[31370, 79958, 68096, 52404, 102614, 105654, 96328, 71691, 108707, 107206]"
114224,"[48020, 54911, 46967, 9984, 20999, 100562, 71608, 50721, 6160, 60630]"
114225,"[38104, 43768, 33808, 61670, 58449, 71998, 57567, 49955, 28870, 58419]"
114226,"[29198, 9418, 10072, 1373, 35073, 58423, 13652, 80618, 60189, 109091]"
114227,"[10457, 45281, 109600, 50466, 37928, 21081, 91727, 93802, 88997, 4356]"
114228,"[18374, 106251, 94734, 76171, 44218, 65226, 8467, 104355, 334, 82605]"
114229,"[60559, 38398, 66393, 42714, 11942, 73843, 56109, 57013, 24521, 44590]"
114230,"[78814, 82888, 12395, 108982, 98342, 16823, 40863, 61850, 53161, 23783]"
114231,"[27769, 3444, 87534, 8483, 1842, 81933, 74678, 50698, 68153, 58349]"
114232,"[20585, 95979, 22561, 73255, 102821, 33956, 56231, 28833, 97798, 90042]"
114233,"[85522, 56496, 15408, 66301, 55562, 52644, 108912, 9301, 51221, 66418]"
114234,"[2691, 71069, 61159, 7489, 5287, 57649, 96708, 2155, 79032, 73452]"
114235,"[107623, 48882, 101170, 74464, 8203, 30901, 4068, 91161, 71880, 72453]"
114236,"[10131, 15355, 68810, 20710, 33313, 60380, 12680, 56059, 1547, 69400]"
114237,"[85939, 90310, 106369, 43031, 31494, 75837, 61786, 74448, 13311, 38022]"
114238,"[38562, 68527, 53452, 77990, 21041, 64007, 86871, 54081, 29242, 104912]"
114239,"[40587, 47354, 66225, 63020, 59832, 71053, 97226, 82635, 10784, 62600]"
114240,"[32000, 17086, 82460, 5598, 106293, 1426, 100001, 12475, 53141, 4988]"
114241,"[77029, 55263, 105575, 66285, 88522, 92722, 56093, 104853, 64845, 4050]"
114242,"[21401, 108825, 788, 38606, 84139, 76195, 105624, 106283, 70328, 48371]"
114243,"[80237, 102399, 43046, 26715, 20773, 39862, 35422, 42352, 20593, 67730]"
114244,"[109219, 62205, 12858, 12712, 15380, 31246, 41830, 44398, 44127, 66277]"
114245,"[25944, 64737, 65223, 65046, 12634, 48048, 69884, 32809, 57932, 47447]"
114246,"[43329, 51184, 38517, 37077, 16144, 85435, 44750, 31715, 6186, 5747]"
114247,"[89392, 92907, 37369, 109109, 72078, 70237, 6612, 40192, 18999, 94054]"
114248,"[73443, 29938, 1694, 35896, 1245, 48832, 91384, 59590, 78697, 23607]"
114249,"[85626, 61654, 57545, 55972, 98119, 107989, 32002, 29714, 36495, 90068]"
114250,"[38241, 25519, 73426, 29325, 4027, 23475, 87019, 20401, 93338, 45757]"
114251,"[33064, 17389, 29728, 25452, 4748, 86361, 7110, 85867, 42351, 42020]"
114252,"[85662, 90524, 43118, 42435, 38230, 82084, 72244, 105041, 85089, 106246]"
114253,"[18021, 23480, 39870, 17915, 88824, 13996, 59977, 20407, 15388, 51892]"
114254,"[38330, 88360, 91473, 92669, 66443, 63968, 37266, 2991, 51583, 83162]"
114255,"[53676, 29265, 100643, 98360, 106477, 16793, 87038, 64203, 33201, 77891]"
114256,"[43332, 98813, 18206, 45968, 72589, 81842, 12165, 42418, 50397, 6692]"
114257,"[81889, 50275, 48501, 92175, 79589, 103729, 106559, 41375, 106654, 73891]"
114258,"[36992, 8433, 50107, 30635, 96686, 82941, 81589, 81465, 20181, 46351]"
114259,"[72232, 42145, 1690, 74397, 14240, 97465, 47504, 5771, 59399, 67317]"
114260,"[103364, 25253, 16983, 19177, 33856, 98668, 3776, 52291, 22647, 81152]"
114261,"[102443, 33436, 27972, 10965, 9028, 84476, 84192, 50928, 47089, 36133]"
114262,"[12701, 94383, 22950, 19523, 37267, 84021, 17235, 24592, 7342, 40676]"
114263,"[7131, 33923, 22152, 88339, 95916, 60878, 58849, 29159, 3426, 96345]"
114264,"[60109, 39638, 75925, 93696, 88079, 25868, 93133, 93352, 22565, 60867]"
114265,"[83901, 29513, 3027, 44527, 78075, 51651, 45363, 99268, 73879, 84998]"
114266,"[12509, 4109, 796, 7393, 99447, 43543, 2040, 72054, 24621, 64397]"
114267,"[14565, 24658, 33399, 4404, 67977, 59717, 67818, 1218, 36850, 52629]"
114268,"[42873, 21983, 3040, 9201, 28447, 39661, 70554, 108231, 64238, 66827]"
114269,"[83598, 8131, 42194, 16657, 87829, 4558, 68615, 69248, 56119, 51889]"
114270,"[35999, 84888, 12139, 76179, 71111, 99780, 52768, 106513, 68712, 43458]"
114271,"[16009, 73444, 31952, 79371, 105966, 57813, 94686, 47368, 38416, 62835]"
114272,"[106726, 68238, 8915, 80767, 47508, 3036, 90229, 27352, 6653, 108907]"
114273,"[53933, 96755, 91274, 41886, 28310, 63706, 71843, 16011, 28872, 56763]"
114274,"[71905, 104412, 78197, 107672, 201, 89968, 87597, 44637, 37239, 81257]"
114275,"[84514, 16505, 101421, 12748, 67950, 47112, 31861, 36366, 105757, 55162]"
114276,"[83929, 63534, 63379, 29926, 2270, 23850, 29666, 7991, 16525, 72617]"
114277,"[71131, 21686, 13244, 69596, 30015, 35688, 93243, 10937, 107596, 63135]"
114278,"[60481, 31721, 97434, 29945, 49483, 1452, 66509, 16476, 38909, 67809]"
114279,"[26152, 48575, 61783, 79528, 109702, 15666, 11958, 68056, 59443, 52095]"
114280,"[921, 18831, 55126, 92071, 86440, 75076, 37289, 21018, 32351, 29490]"
114281,"[36384, 87953, 48598, 37742, 93879, 16535, 28797, 56856, 63816, 82965]"
114282,"[95932, 7270, 21105, 11176, 65481, 18001, 109488, 15854, 54676, 83256]"
114283,"[63007, 13597, 101142, 91701, 96069, 77591, 840, 72202, 54238, 108282]"
114284,"[108430, 69957, 32016, 86884, 78591, 70552, 73015, 48897, 50829, 104432]"
114285,"[95319, 6053, 34825, 17309, 86824, 8739, 101919, 29215, 34517, 28861]"
114286,"[89304, 59586, 6307, 16812, 67600, 25458, 67487, 36049, 60942, 18067]"
114287,"[104449, 76601, 102632, 23669, 423, 79713, 72670, 39944, 8757, 24996]"
114288,"[79102, 12889, 43969, 52544, 18616, 109041, 29541, 37929, 88002, 106328]"
114289,"[64797, 95058, 88327, 33138, 102019, 69203, 43221, 57817, 22224, 93378]"
114290,"[76055, 34772, 78123, 5333, 81104, 65087, 53152, 58410, 64548, 90278]"
114291,"[104520, 13899, 63008, 58678, 99503, 41034, 48408, 104696, 4204, 49138]"
114292,"[105664, 30492, 79000, 11795, 96209, 91451, 95642, 40694, 97577, 63858]"
114293,"[56871, 97682, 95940, 107602, 2514, 21948, 101050, 73490, 4852, 56106]"
114294,"[60565, 33721, 45403, 87840, 76051, 45341, 51764, 74280, 109632, 52122]"
114295,"[105417, 15669, 43084, 91783, 63317, 12083, 23953, 96988, 8090, 95749]"
114296,"[34862, 91406, 77786, 14853, 50718, 19783, 46796, 2019, 17216, 87037]"
114297,"[44677, 55867, 101281, 79470, 101863, 28690, 5292, 83889, 66780, 61863]"
114298,"[107867, 88131, 41105, 71663, 39141, 85421, 62655, 28107, 39907, 67336]"
114299,"[55727, 100174, 16349, 75802, 19386, 7230, 27818, 109400, 113, 34934]"
114300,"[81540, 12788, 98748, 66659, 23466, 31950, 40279, 40960, 25393, 48975]"
114301,"[15363, 53838, 50050, 50500, 31575, 61861, 5684, 106018, 4662, 36846]"
114302,"[37377, 81561, 103522, 10711, 94643, 60926, 10576, 103937, 94742, 20941]"
114303,"[67423, 106634, 52323, 97243, 104207, 89272, 74295, 96972, 45949, 57257]"
114304,"[84675, 25683, 56590, 48245, 14224, 43583, 108852, 66503, 18609, 33572]"
114305,"[63715, 59920, 39441, 21135, 45276, 43299, 19934, 57453, 86185, 34620]"
114306,"[35910, 21325, 9042, 14989, 14131, 102149, 33017, 43698, 18955, 56803]"
114307,"[74775, 90548, 48283, 47814, 3202, 77383, 42429, 100902, 84233, 84537]"
114308,"[88705, 17605, 72314, 39991, 67037, 44488, 19800, 83470, 103117, 47464]"
114309,"[4656, 42690, 92891, 32143, 104918, 32878, 64311, 91254, 86069, 55137]"
114310,"[5036, 66992, 105405, 89183, 2672, 60520, 3422, 84302, 86490, 74579]"
114311,"[68991, 62256, 39100, 13721, 89171, 27064, 32584, 87814, 75179, 71696]"
114312,"[88984, 35366, 16167, 95366, 17319, 48850, 99717, 37807, 49805, 29731]"
114313,"[43522, 70363, 88106, 103607, 10674, 63186, 37427, 57071, 73618, 16924]"
114314,"[87472, 52889, 19012, 49115, 78577, 65338, 12262, 94388, 218, 87382]"
114315,"[32504, 8892, 66713, 106483, 4426, 64800, 95965, 72085, 97146, 79142]"
114316,"[103390, 22027, 62886, 42741, 65442, 35849, 82892, 75871, 62850, 84288]"
114317,"[52891, 19575, 45955, 35234, 97493, 57087, 67686, 56645, 31102, 38262]"
114318,"[90694, 63441, 50568, 109211, 105696, 1928, 94906, 108520, 6974, 38905]"
114319,"[18823, 63645, 6521, 55853, 17473, 107819, 35661, 47843, 82570, 83208]"
114320,"[100082, 30639, 44341, 85782, 54197, 105675, 31962, 91011, 40351, 28434]"
114321,"[5750, 66176, 4121, 102223, 51525, 67118, 22420, 728, 34824, 81099]"
114322,"[71913, 18674, 43377, 74989, 53493, 22922, 64948, 91615, 38367, 37307]"
114323,"[64749, 98633, 109247, 27323, 47627, 50141, 99568, 66579, 68685, 11772]"
114324,"[73382, 78265, 82250, 63901, 8324, 37592, 27369, 12141, 5888, 26839]"
114325,"[87208, 37852, 8045, 14967, 72064, 20523, 46768, 176, 45873, 102549]"
114326,"[10413, 97728, 105385, 69181, 103448, 9717, 87920, 79985, 86828, 77756]"
114327,"[24812, 21201, 33595, 64128, 54952, 78634, 66682, 14619, 89843, 52129]"
114328,"[61166, 86520, 95858, 81836, 17549, 71705, 89152, 38190, 44948, 28378]"
114329,"[83971, 39527, 26190, 68004, 50679, 7658, 61902, 56228, 81994, 27558]"
114330,"[57336, 1311, 60809, 43731, 88941, 1558, 23318, 38124, 59415, 108295]"
114331,"[79301, 55290, 100319, 89839, 85224, 72875, 58251, 8667, 70861, 81398]"
114332,"[52947, 73880, 101706, 75978, 94934, 25220, 32564, 21173, 109728, 49413]"
114333,"[86215, 55973, 49677, 95203, 38189, 109228, 38981, 15674, 103261, 94570]"
114334,"[55842, 49353, 3515, 98714, 57216, 7549, 31409, 46766, 37626, 104684]"
114335,"[99956, 104111, 47113, 35117, 44810, 7830, 53186, 17328, 5263, 15734]"
114336,"[26968, 23691, 27594, 38931, 2543, 66404, 17885, 36100, 106959, 62643]"
114337,"[97044, 107738, 103824, 45043, 46975, 40102, 43039, 26640, 71495, 72649]"
114338,"[30010, 94814, 10002, 27136, 90105, 14285, 80524, 11954, 55800, 65983]"
114339,"[97575, 1185, 15095, 21144, 2573, 68597, 109526, 81620, 52340, 103233]"
114340,"[80281, 26473, 17834, 60664, 1950, 11705, 27851, 26947, 12155, 80677]"
114341,"[29785, 38052, 48380, 30611, 60286, 67356, 6829, 13344, 1125, 24933]"
114342,"[1137, 59653, 63672, 65968, 84902, 35360, 29391, 5850, 43656, 47022]"
114343,"[60585, 4191, 34969, 1936, 25568, 27937, 7069, 48296, 56152, 91912]"
114344,"[57860, 89353, 73587, 17225, 91311, 93294, 102089, 90424, 59763, 78368]"
114345,"[4565, 11121, 28214, 93702, 38186, 29609, 56883, 41038, 89021, 73654]"
114346,"[17237, 3825, 30804, 74063, 105754, 16593, 6195, 34944, 53529, 104577]"
114347,"[25952, 93531, 91592, 99036, 31000, 100990, 80852, 67881, 39305, 90146]"
114348,"[36387, 11377, 22202, 89979, 28227, 102617, 45323, 107550, 6622, 104096]"
114349,"[41117, 14526, 93756, 32417, 54143, 41642, 38005, 67761, 71778, 24055]"
114350,"[99725, 65997, 66438, 31198, 5427, 97981, 56685, 72944, 63773, 23009]"
114351,"[71030, 81234, 4977, 24245, 94448, 92386, 13188, 43568, 28401, 48736]"
114352,"[95458, 98903, 12802, 83173, 51443, 9089, 17930, 79544, 32068, 39893]"
114353,"[37487, 513, 103487, 26258, 336, 45665, 15878, 92949, 94129, 52681]"
114354,"[35600, 72639, 67580, 51786, 55409, 96434, 10364, 75162, 31501, 46863]"
114355,"[3532, 17664, 13877, 68238, 24253, 23391, 47298, 18549, 58600, 63778]"
114356,"[20557, 85111, 36462, 102121, 68916, 87025, 87823, 54184, 63014, 18186]"
114357,"[39747, 88388, 63554, 10892, 55240, 103463, 7020, 7149, 91979, 62765]"
114358,"[105709, 97210, 26720, 6827, 46541, 21819, 61247, 61927, 20742, 52728]"
114359,"[103485, 55976, 66759, 62715, 61591, 107555, 13945, 49013, 100495, 28701]"
114360,"[103648, 30959, 60992, 63462, 90617, 51522, 21008, 26098, 94883, 52720]"
114361,"[22193, 48978, 91918, 64989, 70989, 38309, 37825, 13650, 103348, 16722]"
114362,"[76724, 47903, 96420, 27420, 54279, 24688, 32672, 30363, 700, 2401]"
114363,"[33029, 25856, 40862, 105369, 13728, 38137, 103630, 5138, 103890, 39781]"
114364,"[74608, 18324, 88118, 27328, 9799, 88740, 98837, 75532, 76919, 96203]"
114365,"[93615, 44459, 25478, 107641, 18317, 52511, 23505, 49470, 42430, 27739]"
114366,"[40910, 2241, 50803, 49975, 87461, 25140, 23993, 12993, 59607, 17450]"
114367,"[20587, 30765, 9062, 16889, 58424, 78068, 49475, 92686, 75118, 76848]"
114368,"[61200, 9230, 56925, 79232, 61767, 43063, 13349, 49071, 68977, 99562]"
114369,"[87458, 46819, 80693, 14605, 12629, 22068, 50303, 14830, 84336, 19286]"
114370,"[1419, 1494, 90112, 57168, 101866, 30228, 81926, 30093, 28779, 44076]"
114371,"[46843, 51510, 81159, 49767, 97599, 19369, 23004, 14265, 88845, 71141]"
114372,"[56817, 98150, 24914, 8736, 82502, 47283, 53525, 82483, 13392, 24164]"
114373,"[38093, 36102, 44252, 104198, 93001, 78569, 81009, 59511, 57069, 67364]"
114374,"[11989, 24404, 41101, 65030, 95380, 73232, 31105, 34605, 38663, 107306]"
114375,"[78453, 6904, 55913, 69234, 108217, 2729, 98501, 27744, 49928, 17682]"
114376,"[39902, 70012, 30685, 95016, 85960, 22410, 69132, 86925, 91636, 102590]"
114377,"[84607, 44702, 28688, 98535, 6844, 4316, 39575, 13105, 109427, 88883]"
114378,"[67548, 49029, 54435, 91055, 88600, 77851, 107774, 31212, 75097, 40051]"
114379,"[105986, 71541, 44217, 38180, 4446, 5171, 90006, 19303, 79847, 47377]"
114380,"[70262, 69366, 81854, 64257, 101808, 91536, 68953, 22023, 20151, 20578]"
114381,"[31853, 2822, 107113, 90255, 87892, 78662, 56622, 75790, 107175, 104040]"
114382,"[23173, 49910, 54553, 76248, 54551, 29209, 83056, 26584, 10332, 94138]"
114383,"[88874, 89817, 64650, 60138, 83116, 7140, 62633, 90681, 38745, 86097]"
114384,"[95645, 43527, 83880, 94242, 25255, 99754, 22102, 97502, 101131, 50143]"
114385,"[2916, 96908, 33641, 56693, 105026, 88927, 29960, 97176, 76936, 60027]"
114386,"[50213, 74510, 54980, 20000, 44248, 51132, 10398, 71488, 56819, 35430]"
114387,"[10369, 48266, 96914, 108480, 20759, 39224, 70029, 88216, 41411, 97764]"
114388,"[84323, 21226, 7774, 58341, 17492, 59569, 90217, 41001, 68331, 16704]"
114389,"[106518, 47920, 86523, 103210, 86795, 69274, 9242, 33764, 42692, 11347]"
114390,"[48102, 77409, 108218, 95231, 76655, 91510, 37429, 98616, 3376, 33609]"
114391,"[96860, 74007, 31735, 104282, 102482, 59457, 108447, 27286, 9766, 22109]"
114392,"[4904, 44609, 66992, 108358, 78297, 5074, 105405, 5036, 54195, 55723]"
114393,"[38428, 10596, 66542, 58375, 7121, 68629, 78254, 3439, 106818, 95368]"
114394,"[97984, 85343, 79501, 16269, 23293, 55209, 69857, 104443, 41818, 40352]"
114395,"[85323, 25411, 70484, 73306, 30870, 67043, 94310, 42131, 88159, 83501]"
114396,"[24459, 41900, 67857, 9274, 105042, 101228, 10639, 97008, 48812, 90442]"
114397,"[49908, 41683, 87639, 19240, 86816, 47384, 88562, 37145, 102841, 46549]"
114398,"[33785, 82756, 55358, 54671, 80404, 53557, 36038, 44430, 10932, 32603]"
114399,"[23537, 17953, 91839, 35533, 103640, 109388, 29682, 64026, 33266, 33328]"
114400,"[103952, 16228, 54648, 97995, 30015, 109119, 107596, 41031, 79272, 57302]"
114401,"[80856, 90767, 38268, 32825, 61246, 76694, 25615, 14992, 66830, 38930]"
114402,"[12230, 62482, 42131, 88159, 67043, 270, 27704, 6374, 75439, 54066]"
114403,"[26734, 12358, 85637, 55604, 99726, 92089, 14788, 16180, 53268, 49099]"
114404,"[34741, 16196, 63763, 106451, 59867, 47152, 31326, 40299, 88306, 34553]"
114405,"[9835, 84013, 72499, 2941, 3567, 3519, 14864, 108407, 26631, 23733]"
114406,"[105157, 30103, 46462, 93666, 86863, 23850, 9685, 42034, 29926, 107904]"
114407,"[93595, 28696, 58326, 100640, 106645, 31573, 75904, 18997, 51968, 47892]"
114408,"[74561, 80014, 8755, 106059, 54251, 65193, 85012, 97854, 21914, 72977]"
114409,"[91127, 71928, 52185, 69498, 715, 77726, 8039, 57723, 48521, 15438]"
114410,"[89818, 29038, 80647, 99905, 21467, 29462, 100024, 96543, 85467, 80753]"
114411,"[12960, 74610, 92416, 68504, 109067, 102218, 108061, 43305, 21915, 90235]"
114412,"[97672, 57645, 19658, 21829, 107322, 104922, 16935, 46413, 39914, 27577]"
114413,"[6928, 69409, 80452, 93356, 77547, 104609, 6930, 55753, 31109, 72444]"
114414,"[22590, 21477, 65435, 47916, 73369, 26724, 100498, 72656, 72952, 72413]"
114415,"[22274, 11100, 18157, 67169, 57579, 41007, 44409, 48535, 38738, 43498]"
114416,"[53392, 23595, 64078, 85955, 43094, 4679, 51363, 88357, 7975, 72585]"
114417,"[87953, 48598, 36384, 56856, 63816, 95252, 28797, 37742, 82965, 16954]"
114418,"[98940, 57159, 81884, 104638, 93462, 51529, 105925, 84941, 29243, 76470]"
114419,"[15379, 10609, 57999, 33537, 58206, 559, 62599, 29499, 21073, 101290]"
114420,"[66691, 22650, 315, 5786, 21016, 91891, 44615, 13759, 43047, 11601]"
114421,"[26287, 8076, 54507, 20349, 5871, 36630, 835, 97864, 61870, 58833]"
114422,"[50363, 9584, 101704, 2327, 6373, 22428, 30261, 52774, 90114, 419]"
114423,"[72955, 16936, 59359, 63337, 108008, 3475, 22534, 20809, 85970, 69778]"
114424,"[77333, 26478, 76248, 54551, 99420, 27780, 95236, 2077, 49910, 100594]"
114425,"[75371, 15326, 2913, 93118, 96652, 48723, 48057, 104451, 98417, 55873]"
114426,"[104382, 40157, 37344, 44484, 31960, 89025, 70152, 73978, 5757, 24500]"
114427,"[5930, 73732, 94073, 47030, 84738, 61177, 22429, 77618, 85539, 1357]"
114428,"[18204, 15092, 65070, 79077, 76791, 12031, 82047, 59126, 49968, 28686]"
114429,"[69972, 31629, 10487, 52465, 49234, 56605, 72937, 2067, 29440, 16184]"
114430,"[26329, 106394, 55322, 4164, 65708, 22523, 43322, 32714, 75595, 27717]"
114431,"[63675, 74561, 80014, 106059, 8755, 54251, 65193, 64774, 85012, 21914]"
114432,"[3347, 39895, 26150, 39236, 101966, 67191, 81118, 61022, 83119, 87319]"
114433,"[14230, 80091, 38141, 105207, 41294, 79816, 62444, 71725, 62489, 10139]"
114434,"[25503, 32175, 4928, 90940, 89067, 29916, 60011, 66274, 30184, 24820]"
114435,"[40, 44667, 14762, 38900, 23023, 101373, 93966, 74199, 17542, 32757]"
114436,"[30213, 71256, 32612, 96734, 45090, 24337, 89693, 96326, 52195, 56307]"
114437,"[51298, 81279, 2869, 90451, 81659, 74474, 22190, 60652, 94941, 51572]"
114438,"[84192, 84476, 54657, 102443, 47542, 33436, 27972, 9028, 10965, 4694]"
114439,"[91706, 14531, 79876, 57739, 40181, 24675, 76315, 5431, 91924, 59273]"
114440,"[47405, 2105, 26418, 49492, 63221, 13335, 53837, 92156, 83744, 108263]"
114441,"[87718, 66955, 8279, 92278, 63812, 17420, 87361, 76781, 23248, 96796]"
114442,"[59250, 3871, 46952, 73006, 21893, 75456, 12251, 92035, 30220, 12766]"
114443,"[34553, 88306, 47256, 39884, 94393, 26466, 12017, 26256, 34741, 60876]"
114444,"[81366, 106763, 49774, 29317, 104507, 60221, 96508, 101041, 91547, 108339]"
114445,"[880, 91392, 28298, 23194, 81905, 3554, 59109, 39061, 108163, 97873]"
114446,"[92283, 50359, 20524, 104996, 28104, 56385, 35184, 76187, 43056, 37127]"
114447,"[32587, 10850, 13130, 50728, 40732, 56550, 20463, 46510, 96833, 53302]"
114448,"[122, 61738, 86659, 15807, 79543, 31124, 29667, 37477, 102904, 52751]"
114449,"[50637, 63229, 107734, 55569, 14826, 4364, 63327, 49040, 84970, 97594]"
114450,"[106811, 34054, 53370, 16650, 102287, 69965, 3318, 5572, 42104, 14486]"
114451,"[52304, 50405, 76026, 82150, 102922, 107472, 1706, 90450, 98737, 48685]"
114452,"[43491, 55857, 106530, 28708, 80345, 13475, 67752, 16578, 17003, 20078]"
114453,"[48487, 52375, 29463, 98186, 83042, 52514, 88173, 75724, 56602, 52686]"
114454,"[78261, 62077, 5014, 102382, 45598, 45242, 75581, 23156, 100386, 66999]"
114455,"[19525, 102091, 55472, 33129, 75348, 22928, 78762, 54736, 107116, 7784]"
114456,"[90946, 27758, 54221, 82654, 90696, 5336, 85947, 103737, 32473, 58469]"
114457,"[103560, 27498, 84298, 88548, 2735, 12829, 6122, 94158, 96404, 54791]"
114458,"[59534, 49959, 88571, 1803, 20885, 1787, 72994, 81265, 85111, 24246]"
114459,"[63744, 11825, 61587, 109247, 13144, 84513, 38481, 18708, 15309, 29311]"
114460,"[67712, 61662, 91249, 92881, 32792, 106544, 32195, 86386, 106520, 2419]"
114461,"[74912, 82161, 16939, 87216, 105904, 95594, 59286, 99199, 9353, 43513]"
114462,"[98028, 26657, 46607, 20716, 40809, 99101, 31193, 89032, 9169, 5616]"
114463,"[35413, 3382, 97709, 109768, 94240, 61766, 14439, 92078, 108514, 71432]"
114464,"[67699, 102180, 25943, 89381, 35604, 99299, 81347, 43998, 11233, 10793]"
114465,"[6358, 35297, 38259, 58165, 24733, 62356, 31964, 21585, 37435, 91062]"
114466,"[39421, 75087, 13668, 10425, 64499, 14188, 93697, 70531, 92294, 85978]"
114467,"[35006, 89166, 40495, 76490, 60384, 91624, 23770, 45813, 56141, 51941]"
114468,"[51400, 104505, 83897, 63902, 109168, 75215, 84912, 34600, 75714, 80187]"
114469,"[23512, 64771, 44848, 107531, 61970, 78802, 45300, 102736, 104405, 20014]"
114470,"[29305, 27638, 5086, 65939, 8385, 34401, 79992, 56268, 34214, 3708]"
114471,"[46312, 39633, 90931, 50534, 87117, 78601, 4053, 7663, 47492, 22944]"
114472,"[27394, 73204, 39520, 33247, 108746, 82909, 101051, 15710, 83523, 67296]"
114473,"[11329, 46271, 54023, 96112, 87469, 33779, 22931, 61317, 59729, 56964]"
114474,"[27429, 14861, 66745, 49196, 43709, 13286, 66415, 74442, 51689, 38662]"
114475,"[92924, 104930, 9492, 56608, 23382, 82925, 109685, 86659, 87468, 37719]"
114476,"[50579, 14540, 45065, 27581, 5949, 69308, 60029, 85419, 5570, 37426]"
114477,"[24585, 878, 49797, 83992, 24983, 86529, 9883, 104184, 508, 14850]"
114478,"[81576, 58283, 73942, 25912, 95039, 8190, 89499, 69310, 95073, 90639]"
114479,"[102369, 89661, 60770, 109301, 96172, 9922, 9798, 166, 17791, 50181]"
114480,"[22594, 6904, 69234, 78453, 98501, 2729, 96219, 12986, 50003, 17682]"
114481,"[32377, 63212, 1534, 51721, 21121, 74164, 76496, 4619, 62630, 52617]"
114482,"[96096, 95249, 48683, 104034, 21155, 29236, 41578, 84468, 24769, 37855]"
114483,"[23377, 29846, 12304, 83716, 63254, 10248, 9260, 29264, 103077, 776]"
114484,"[85537, 36986, 9968, 87252, 43500, 83452, 13062, 12136, 94170, 13319]"
114485,"[47005, 74252, 32671, 49570, 5079, 78201, 66147, 7758, 98941, 5547]"
114486,"[50801, 79641, 92986, 52990, 91044, 103612, 98366, 22016, 69760, 29323]"
114487,"[71505, 25224, 74131, 4354, 75611, 54907, 80960, 39316, 3715, 31447]"
114488,"[38308, 557, 941, 52315, 86025, 7359, 8310, 103562, 92048, 33908]"
114489,"[957, 25493, 105820, 54693, 65688, 17729, 21337, 43623, 52246, 75141]"
114490,"[79494, 19758, 13099, 36159, 77931, 47144, 19036, 66107, 54242, 102061]"
114491,"[29410, 13711, 22523, 79054, 25196, 14058, 103020, 35300, 85272, 29352]"
114492,"[55683, 1413, 8790, 14005, 69480, 35048, 43993, 14580, 102877, 61140]"
114493,"[21055, 64710, 29263, 68164, 67844, 60980, 99447, 78615, 9950, 2792]"
114494,"[62056, 31907, 49416, 63461, 96270, 75580, 105230, 107141, 61524, 85105]"
114495,"[47377, 19303, 10654, 4446, 69357, 105986, 43545, 37279, 19714, 47829]"
114496,"[35602, 109490, 23418, 11438, 52512, 24011, 84662, 86522, 13473, 102527]"
114497,"[47083, 43719, 80439, 89361, 65436, 83016, 56383, 57666, 26996, 92675]"
114498,"[96594, 10795, 88121, 73561, 83874, 96731, 20726, 16687, 45999, 88980]"
114499,"[105212, 14785, 95400, 75924, 58560, 54524, 88889, 108668, 28644, 49761]"
114500,"[90695, 11832, 108033, 85448, 24332, 94738, 48442, 45398, 50111, 81503]"
114501,"[557, 8310, 33908, 86025, 38308, 7359, 73829, 4926, 941, 52315]"
114502,"[107289, 109008, 101662, 77937, 81771, 40718, 85486, 102648, 13552, 61044]"
114503,"[104002, 22140, 51420, 90502, 1139, 50617, 67525, 71519, 87831, 106790]"
114504,"[5651, 49782, 30188, 38742, 17452, 4876, 10520, 108373, 90717, 59539]"
114505,"[96581, 68425, 52799, 31307, 103427, 81621, 109124, 73989, 19424, 5935]"
114506,"[25185, 10781, 31977, 108351, 65961, 101815, 90708, 69581, 3088, 67871]"
114507,"[26950, 41017, 42647, 88496, 21165, 38835, 9588, 44063, 47917, 88832]"
114508,"[10675, 84791, 31350, 56619, 106425, 108121, 66495, 96911, 41802, 76043]"
114509,"[46111, 84437, 80293, 3739, 103606, 90193, 35696, 15813, 108567, 44923]"
114510,"[97510, 77178, 13930, 52655, 42251, 35521, 58270, 4022, 44478, 74712]"
114511,"[96201, 64474, 56521, 42099, 81949, 37616, 107815, 53304, 81355, 84862]"
114512,"[61697, 45273, 65113, 52719, 42317, 89169, 60975, 108891, 7398, 16871]"
114513,"[14518, 46799, 53779, 67464, 23923, 7956, 48936, 61463, 81276, 33364]"
114514,"[68552, 65254, 17517, 99063, 46176, 85663, 52775, 197, 74111, 79573]"
114515,"[6124, 96467, 78678, 79191, 23793, 35857, 61555, 53098, 30233, 73928]"
114516,"[36820, 35996, 88876, 31143, 11161, 31871, 33360, 103938, 72824, 96023]"
114517,"[106843, 25360, 89112, 22691, 107867, 53137, 57498, 48527, 74646, 71663]"
114518,"[55580, 8515, 89702, 83693, 2963, 48602, 93822, 18192, 97666, 51889]"
114519,"[49286, 71615, 79465, 13037, 34058, 7800, 13, 53594, 60432, 31840]"
114520,"[105645, 26527, 10802, 55905, 24222, 37889, 68646, 11758, 51312, 66599]"
114521,"[81326, 47017, 56793, 619, 68344, 11058, 6429, 57533, 23738, 97412]"
114522,"[34807, 34615, 67268, 34134, 83692, 71644, 59042, 34431, 64607, 82894]"
114523,"[76402, 1959, 31700, 58377, 52537, 92312, 45779, 106060, 4153, 41241]"
114524,"[68278, 11891, 77879, 65332, 41860, 14921, 14755, 2665, 77992, 89971]"
114525,"[102459, 59310, 26139, 101247, 15889, 94601, 37543, 8648, 10306, 69047]"
114526,"[5696, 63133, 58975, 53000, 8788, 77576, 68623, 5120, 103552, 86936]"
114527,"[103690, 24084, 99628, 13160, 71027, 98473, 81770, 7389, 107788, 35541]"
114528,"[1402, 28956, 79718, 10954, 24524, 42500, 6751, 23252, 11594, 90730]"
114529,"[16114, 40003, 103537, 74078, 103101, 53998, 92513, 59864, 104779, 19212]"
114530,"[2905, 78307, 79667, 16363, 86980, 92997, 59689, 15749, 5870, 7065]"
114531,"[8371, 28570, 53857, 106493, 89740, 79607, 31959, 74232, 17038, 99367]"
114532,"[97483, 98615, 29332, 64216, 106411, 75637, 39226, 21389, 912, 49840]"
114533,"[55039, 83659, 6345, 5175, 58105, 4103, 79245, 61901, 102245, 45580]"
114534,"[87622, 30971, 29214, 15843, 50661, 52154, 98154, 68692, 81585, 94464]"
114535,"[62821, 103031, 16825, 67811, 48930, 76801, 98201, 44358, 24249, 9724]"
114536,"[4044, 10983, 90965, 51295, 4039, 32298, 14519, 96831, 14683, 70525]"
114537,"[37511, 87366, 59184, 2062, 104718, 106717, 90011, 19420, 101155, 11566]"
114538,"[99800, 13167, 57196, 84015, 64896, 86967, 12217, 96500, 70587, 26102]"
114539,"[58657, 11122, 6529, 39989, 25543, 16835, 50138, 75398, 51505, 47980]"
114540,"[42329, 100484, 100481, 19081, 55032, 103072, 95958, 61154, 27675, 46175]"
114541,"[26293, 71075, 53622, 2956, 107416, 30957, 58359, 69073, 86755, 61387]"
114542,"[79001, 108736, 102723, 17093, 18410, 28709, 80030, 90612, 97369, 77463]"
114543,"[29960, 35092, 85956, 49, 39032, 52083, 16696, 24530, 12428, 98889]"
114544,"[98404, 7597, 85408, 899, 48015, 72878, 72666, 22607, 81780, 84710]"
114545,"[59439, 84028, 101287, 44277, 100883, 37972, 17393, 48309, 101763, 5]"
114546,"[29181, 56291, 79120, 80863, 99140, 67891, 3230, 35678, 47028, 96970]"
114547,"[83941, 73603, 44393, 48943, 35229, 97185, 10674, 32641, 91769, 23812]"
114548,"[82677, 6610, 5594, 99146, 55420, 86252, 80686, 67694, 109220, 45307]"
114549,"[6912, 85161, 53324, 87017, 103299, 18008, 42363, 32192, 35486, 10577]"
114550,"[77339, 84762, 87158, 65505, 51546, 52480, 9182, 7987, 1194, 17310]"
114551,"[55148, 109194, 105032, 7138, 38717, 3389, 31333, 58096, 26066, 109189]"
114552,"[1129, 73867, 7977, 109365, 2609, 105861, 11057, 86174, 22671, 15955]"
114553,"[85613, 68850, 105975, 34937, 57344, 54666, 103316, 93529, 70834, 97121]"
114554,"[19139, 59510, 4853, 39267, 8258, 28825, 99642, 68786, 93808, 106307]"
114555,"[25577, 84093, 11480, 47735, 47821, 47369, 84057, 17555, 32935, 76790]"
114556,"[57552, 21338, 87946, 109367, 85415, 10558, 100047, 104345, 30122, 79297]"
114557,"[25923, 63398, 21881, 82983, 64683, 59122, 54919, 28937, 69801, 105069]"
114558,"[32706, 11566, 62117, 84883, 66020, 3609, 42770, 35902, 8437, 87366]"
114559,"[96714, 91120, 8549, 21886, 14882, 2885, 34251, 61062, 9358, 30767]"
114560,"[83095, 2988, 71209, 25199, 3672, 41021, 3423, 106895, 79779, 5482]"
114561,"[87369, 20201, 99080, 19370, 77168, 2189, 88886, 92008, 105160, 6746]"
114562,"[88857, 53494, 67383, 96966, 42205, 55759, 24247, 36422, 50318, 52667]"
114563,"[63425, 94535, 86672, 65518, 49683, 76922, 75604, 47844, 79329, 70269]"
114564,"[77977, 93152, 82934, 83357, 51109, 70231, 90904, 10815, 18100, 93882]"
114565,"[75065, 75092, 69686, 86609, 83335, 75304, 7516, 102409, 5251, 77614]"
114566,"[102447, 90710, 41035, 105077, 102036, 64624, 67994, 103425, 102896, 52248]"
114567,"[82743, 63567, 43894, 81405, 68448, 10030, 70578, 9478, 42022, 81853]"
114568,"[82493, 26540, 83976, 67200, 35247, 26250, 77686, 97289, 59978, 57529]"
114569,"[40633, 82516, 64757, 52493, 41891, 33136, 73904, 34826, 38153, 3693]"
114570,"[14024, 67813, 18994, 104807, 64811, 46632, 73284, 105386, 62364, 18646]"
114571,"[22230, 95172, 55633, 21141, 33761, 96889, 6434, 92266, 60471, 84693]"
114572,"[40109, 48424, 95152, 33987, 22259, 40005, 14392, 823, 69569, 86775]"
114573,"[61055, 104004, 7462, 84495, 54421, 85830, 65623, 4297, 42967, 2743]"
114574,"[108930, 45738, 85515, 29519, 40758, 58500, 37019, 79061, 7346, 85760]"
114575,"[54228, 39068, 88983, 66635, 102838, 96240, 20271, 21732, 108417, 61010]"
114576,"[21263, 26306, 90816, 25831, 28523, 9342, 28164, 108684, 18372, 17880]"
114577,"[72126, 82705, 104764, 92917, 38029, 35145, 11883, 68548, 86969, 83120]"
114578,"[20502, 100132, 35549, 80113, 55801, 27984, 67424, 32024, 8295, 44668]"
114579,"[94803, 98513, 9503, 108965, 3121, 66941, 2638, 56511, 84481, 12188]"
114580,"[108213, 27775, 52744, 53439, 53856, 76113, 49261, 70539, 53134, 73911]"
114581,"[72470, 25236, 61112, 91584, 64465, 8655, 88704, 84017, 23848, 84449]"
114582,"[17534, 84724, 98815, 67429, 96729, 21124, 9871, 41278, 103352, 19356]"
114583,"[98014, 58811, 39055, 45380, 71026, 87307, 26356, 80988, 35448, 66449]"
114584,"[43568, 92386, 78903, 28401, 20864, 94448, 27563, 44776, 54715, 102139]"
114585,"[84771, 14386, 58632, 2752, 30812, 36307, 86212, 20254, 81138, 56418]"
114586,"[59347, 84281, 97114, 103343, 39462, 68730, 17447, 14724, 1406, 13115]"
114587,"[67412, 61046, 66534, 87627, 29124, 93672, 94732, 63545, 51842, 9377]"
114588,"[26875, 36976, 38799, 5214, 55854, 42561, 8732, 75438, 93052, 20310]"
114589,"[78849, 31352, 32506, 11119, 16608, 91557, 105233, 108906, 84187, 26974]"
114590,"[66543, 97120, 52431, 59040, 44607, 5100, 56252, 28600, 80659, 13252]"
114591,"[102077, 38682, 103995, 68118, 91144, 51503, 45882, 19528, 65511, 16182]"
114592,"[65371, 92399, 8672, 33413, 65475, 80178, 90423, 81220, 28007, 103542]"
114593,"[80055, 32904, 81672, 39312, 64895, 33799, 34587, 49932, 5489, 55729]"
114594,"[47268, 74023, 6329, 75879, 40830, 46377, 37865, 43971, 67467, 88390]"
114595,"[33720, 100272, 12789, 4444, 26554, 28874, 13997, 90926, 15589, 107816]"
114596,"[9709, 23247, 62465, 41981, 22039, 71549, 91310, 48208, 11236, 50209]"
114597,"[93969, 49726, 23303, 30966, 64135, 25836, 51169, 58252, 17494, 60754]"
114598,"[91217, 24792, 3386, 100994, 83163, 36803, 78974, 40376, 34094, 70700]"
114599,"[72039, 66089, 33940, 84726, 55930, 55247, 84353, 14385, 63040, 54089]"
114600,"[980, 67701, 40856, 75316, 62072, 54697, 73783, 81739, 90828, 35194]"
114601,"[41615, 19431, 31016, 64112, 63442, 4495, 18818, 56156, 4397, 26327]"
114602,"[4999, 109666, 69815, 59391, 24948, 96300, 30878, 89212, 93725, 85534]"
114603,"[94428, 24526, 84147, 105704, 16517, 78739, 38988, 20596, 72362, 79335]"
114604,"[24599, 45821, 96670, 41191, 75508, 38487, 22826, 72695, 95286, 29391]"
114605,"[12200, 52653, 30416, 103539, 33081, 86340, 53829, 1824, 20322, 15080]"
114606,"[10435, 436, 61283, 59445, 101798, 72989, 18773, 34175, 106111, 65188]"
114607,"[13917, 24258, 73027, 1734, 69433, 91279, 23103, 73705, 7201, 66721]"
114608,"[48544, 81970, 22946, 15756, 43695, 74273, 102260, 63729, 98424, 20541]"
114609,"[30336, 23448, 45896, 84211, 89535, 53557, 53221, 50119, 109607, 63201]"
114610,"[14892, 76197, 15866, 57563, 53224, 101732, 58315, 64073, 71067, 12095]"
114611,"[57729, 45073, 88149, 75429, 47000, 29553, 23532, 47617, 83918, 15567]"
114612,"[565, 5117, 24839, 109259, 52064, 17987, 22592, 90318, 83062, 5519]"
114613,"[57299, 50043, 44822, 35582, 86402, 4344, 83347, 99205, 17798, 48366]"
114614,"[83799, 57054, 180, 50355, 13700, 69191, 38718, 44965, 20632, 81535]"
114615,"[43663, 80166, 60390, 32485, 57210, 70715, 52712, 97427, 59572, 46537]"
114616,"[38545, 101797, 61727, 8146, 106092, 53470, 34315, 6323, 90849, 80333]"
114617,"[95837, 8793, 102540, 96890, 44106, 83803, 92266, 77688, 12660, 30831]"
114618,"[3972, 32119, 12807, 61869, 25394, 45097, 40748, 9570, 32433, 99041]"
114619,"[76622, 78895, 10970, 96699, 37542, 14709, 83106, 34253, 55128, 50777]"
114620,"[63120, 15112, 34130, 101710, 44265, 80732, 49490, 72886, 46569, 26559]"
114621,"[30745, 8408, 35820, 91965, 69792, 4094, 34289, 83831, 54848, 90795]"
114622,"[82515, 61718, 86772, 106698, 21760, 106926, 39802, 100205, 50653, 88083]"
114623,"[42665, 49637, 36780, 91262, 75195, 109399, 106206, 58151, 76039, 15819]"
114624,"[6778, 103959, 78104, 56919, 94616, 17784, 46307, 18500, 35282, 91374]"
114625,"[89778, 46470, 42325, 44786, 64505, 84663, 99229, 33291, 109697, 49759]"
114626,"[73917, 9870, 105323, 35574, 94682, 29100, 86043, 94141, 45128, 34225]"
114627,"[10742, 4649, 14179, 73457, 66421, 27310, 46026, 79597, 88890, 27753]"
114628,"[25085, 58160, 6012, 92628, 105208, 31973, 8617, 17762, 48322, 41543]"
114629,"[105530, 61069, 92203, 66827, 88726, 56653, 20590, 12306, 7411, 21983]"
114630,"[95438, 34875, 69790, 49528, 95173, 27455, 107205, 88431, 91794, 79588]"
114631,"[5253, 62124, 23404, 33528, 84915, 16976, 72442, 6128, 89472, 75098]"
114632,"[19616, 55431, 17304, 35327, 12151, 98872, 86630, 69648, 108273, 99988]"
114633,"[101455, 1917, 32336, 52549, 36345, 52157, 33226, 159, 15354, 49444]"
114634,"[68863, 9852, 4141, 65881, 3905, 19119, 100523, 22109, 102482, 87341]"
114635,"[76630, 21305, 24564, 17960, 87924, 68364, 97535, 101307, 62506, 16536]"
114636,"[86254, 26097, 41155, 46212, 101633, 65194, 41067, 14823, 108865, 100930]"
114637,"[76, 46975, 10090, 80235, 69651, 59073, 11350, 3577, 78332, 109680]"
114638,"[41440, 3136, 42218, 44606, 38765, 105796, 21143, 17210, 60631, 105751]"
114639,"[103423, 34379, 68690, 6659, 85053, 34712, 36602, 38063, 82401, 65817]"
114640,"[54486, 50017, 82920, 89257, 23561, 30138, 80403, 32761, 79815, 71576]"
114641,"[32519, 21660, 96698, 80299, 78492, 50395, 47440, 26785, 100450, 65690]"
114642,"[28901, 90081, 15755, 1188, 20163, 91697, 45769, 84746, 103014, 88737]"
114643,"[86053, 41583, 82320, 346, 9074, 50233, 79038, 3284, 73329, 54476]"
114644,"[63485, 44219, 24445, 65213, 28561, 39114, 10514, 45001, 63949, 13002]"
114645,"[98194, 5169, 13869, 71767, 7618, 35648, 36467, 107798, 6829, 39506]"
114646,"[44519, 25799, 32690, 6627, 22040, 20516, 70674, 5001, 66568, 44479]"
114647,"[31425, 6396, 42420, 107537, 18548, 45220, 76861, 109422, 48741, 102227]"
114648,"[11919, 24653, 99304, 64074, 96958, 23324, 5693, 64289, 63167, 84921]"
114649,"[90107, 64395, 40256, 16450, 101259, 1152, 72376, 98842, 58645, 83725]"
114650,"[47671, 108499, 102895, 14072, 77903, 57694, 49991, 35558, 98978, 67487]"
114651,"[109452, 78856, 32859, 37994, 78231, 3263, 19684, 6373, 22428, 45634]"
114652,"[61075, 10230, 41315, 7315, 105614, 95458, 61961, 104661, 36808, 43809]"
114653,"[10597, 30164, 63357, 106027, 105089, 101773, 96977, 27171, 21687, 50631]"
114654,"[98015, 18583, 40317, 83947, 73920, 98810, 98945, 25752, 99755, 80873]"
114655,"[101194, 79674, 47681, 34678, 95511, 101394, 79587, 6226, 5312, 15883]"
114656,"[17540, 38411, 98421, 58262, 8175, 94753, 94244, 72902, 95737, 109591]"
114657,"[14784, 106179, 19722, 84274, 99005, 83584, 100561, 33122, 6476, 52032]"
114658,"[28468, 49166, 97902, 51678, 71547, 34462, 9765, 61437, 87317, 16300]"
114659,"[64000, 66381, 24154, 105582, 28432, 53024, 15137, 99342, 36732, 62931]"
114660,"[67566, 103981, 84473, 35121, 55746, 88872, 39660, 71171, 10141, 28289]"
114661,"[108389, 73678, 102948, 9391, 42383, 38012, 70482, 26377, 22689, 88234]"
114662,"[9051, 18491, 38951, 79531, 27432, 95318, 37213, 30670, 81033, 94358]"
114663,"[24101, 83969, 90000, 82068, 22652, 12816, 41093, 74818, 14672, 101649]"
114664,"[56388, 74540, 973, 26304, 28987, 98754, 33189, 9592, 97181, 59195]"
114665,"[73229, 7971, 2167, 74547, 13660, 99003, 54716, 88293, 17349, 5161]"
114666,"[34432, 70717, 37103, 12880, 50105, 7366, 24205, 3220, 27087, 108518]"
114667,"[3395, 86532, 99191, 75832, 25977, 22431, 67093, 100838, 28245, 55399]"
114668,"[108783, 39358, 348, 99819, 57978, 92470, 54473, 21430, 23141, 11796]"
114669,"[91103, 106463, 82599, 44545, 96990, 10820, 31267, 8990, 97409, 105145]"
114670,"[101970, 79365, 83279, 55811, 68835, 47878, 93135, 96528, 11301, 50387]"
114671,"[50575, 100183, 37631, 93072, 15743, 52347, 40572, 37752, 29950, 27074]"
114672,"[99405, 36176, 93683, 78110, 49730, 71680, 2150, 7461, 46260, 57587]"
114673,"[78739, 79335, 38988, 20596, 25523, 101407, 26298, 4984, 29687, 15584]"
114674,"[69829, 102970, 98974, 28454, 46662, 44735, 81328, 12927, 19299, 93923]"
114675,"[21577, 78656, 86020, 65387, 36871, 106552, 49311, 84131, 79523, 108797]"
114676,"[80863, 29181, 79120, 99140, 97982, 90181, 46184, 67891, 3230, 56291]"
114677,"[79603, 24434, 77995, 3647, 24641, 108546, 84070, 73610, 58158, 109341]"
114678,"[43500, 87252, 9968, 12136, 83452, 18204, 51462, 13062, 16523, 85537]"
114679,"[66546, 3970, 60602, 80079, 109680, 84033, 47454, 94607, 80502, 47980]"
114680,"[96829, 80361, 87836, 70252, 48211, 77534, 20871, 71057, 80289, 1453]"
114681,"[35790, 45837, 45332, 80464, 62407, 18860, 107503, 76735, 8780, 33696]"
114682,"[82752, 3038, 17376, 18309, 36311, 37578, 9137, 16500, 53025, 86943]"
114683,"[24002, 45666, 101901, 77277, 51391, 24626, 8409, 68333, 39930, 71642]"
114684,"[27735, 40666, 87830, 94506, 99279, 106821, 75527, 29688, 7866, 95904]"
114685,"[13451, 34597, 51671, 58217, 41887, 67631, 62845, 102861, 65627, 87442]"
114686,"[21169, 109338, 60363, 28176, 33232, 234, 16012, 99692, 236, 24544]"
114687,"[37715, 71470, 98823, 28143, 109234, 73468, 90943, 3924, 28981, 96085]"
114688,"[84703, 40672, 82856, 65259, 22135, 65566, 40104, 92726, 2146, 18893]"
114689,"[2558, 57009, 40703, 5246, 53713, 53126, 82024, 69827, 65278, 18034]"
114690,"[41810, 21541, 72921, 19088, 87014, 97835, 5021, 57342, 78407, 56524]"
114691,"[764, 96567, 90974, 45784, 78938, 31062, 109004, 35086, 95634, 61192]"
114692,"[53030, 33620, 105320, 97856, 105164, 74564, 45726, 70583, 8154, 52069]"
114693,"[87175, 22761, 32693, 20486, 105897, 48177, 11259, 41391, 73453, 30647]"
114694,"[11249, 35469, 68164, 77917, 63606, 78615, 45733, 349, 67101, 95408]"
114695,"[100783, 14966, 96172, 2292, 24676, 11092, 29876, 17117, 36451, 48137]"
114696,"[1904, 11468, 52883, 90052, 22004, 109037, 98532, 85757, 40724, 31329]"
114697,"[105642, 99200, 58767, 25531, 106270, 44280, 15137, 40916, 18516, 58828]"
114698,"[2598, 108314, 6998, 98818, 30418, 37534, 35387, 81258, 42673, 92349]"
114699,"[53949, 75187, 62431, 58158, 19563, 3647, 108546, 3453, 96546, 47396]"
114700,"[79919, 28735, 83791, 9499, 106687, 30187, 23118, 98697, 14030, 23209]"
114701,"[70015, 103384, 48347, 96418, 80347, 54189, 92415, 55912, 14139, 106192]"
114702,"[89221, 35292, 9015, 105656, 30009, 6017, 70617, 102259, 54537, 10865]"
114703,"[27735, 94506, 40666, 7866, 42768, 1690, 74397, 95904, 29688, 75527]"
114704,"[64396, 94294, 13818, 11722, 53821, 36310, 56464, 83838, 16600, 36297]"
114705,"[71349, 106316, 44574, 102009, 45062, 81085, 92075, 92847, 88198, 54247]"
114706,"[64695, 23144, 19684, 34681, 78231, 38801, 15848, 26151, 65560, 109452]"
114707,"[17069, 58308, 66141, 77232, 43054, 66575, 88043, 70730, 1753, 41687]"
114708,"[102915, 45693, 91720, 101845, 97222, 85261, 28029, 46580, 72315, 65513]"
114709,"[45594, 109720, 79817, 40323, 58550, 61639, 77348, 107720, 90806, 69471]"
114710,"[36546, 27392, 30156, 84619, 67890, 52046, 108920, 97201, 106068, 83453]"
114711,"[24621, 72054, 45556, 30161, 30462, 57197, 79007, 8352, 52005, 33760]"
114712,"[106354, 83329, 11078, 73271, 93095, 28022, 49879, 72454, 107448, 85292]"
114713,"[95240, 60472, 100793, 108134, 18172, 84403, 53696, 13240, 88458, 53653]"
114714,"[53722, 99854, 29851, 102366, 68539, 34590, 46023, 76456, 73246, 70073]"
114715,"[22150, 3841, 58154, 78710, 73734, 14922, 86940, 106056, 34653, 65577]"
114716,"[10617, 75068, 93372, 17969, 12475, 1426, 27090, 39140, 107941, 50530]"
114717,"[5881, 56982, 86568, 40850, 48930, 9662, 1896, 34503, 12771, 94331]"
114718,"[58311, 23228, 36, 31771, 90295, 70644, 39478, 98945, 61221, 85643]"
114719,"[84028, 59439, 101763, 5, 101287, 27768, 37972, 50247, 89871, 17393]"
114720,"[30662, 70032, 46389, 8486, 46773, 43590, 48625, 82111, 42175, 45466]"
114721,"[16091, 88680, 29016, 72854, 15721, 56730, 33225, 17279, 62494, 83047]"
114722,"[99169, 27706, 89040, 109243, 79554, 102283, 31780, 101361, 19172, 74379]"
114723,"[904, 8865, 72080, 25416, 73246, 4917, 33036, 93063, 66632, 29851]"
114724,"[82870, 49171, 69337, 35651, 22485, 39264, 51480, 54070, 53891, 37744]"
114725,"[68772, 52740, 14185, 19204, 20348, 25754, 21061, 21860, 75558, 22107]"
114726,"[58008, 106167, 6766, 82466, 64147, 43229, 15749, 28358, 104212, 106022]"
114727,"[93859, 59936, 66482, 73644, 42226, 21254, 99862, 22617, 28986, 95595]"
114728,"[75769, 40555, 7275, 101589, 31412, 7979, 2385, 109356, 99198, 36813]"
114729,"[66437, 76382, 52606, 8521, 85802, 37936, 15316, 65517, 19476, 70185]"
114730,"[101182, 31846, 42751, 56553, 28945, 11892, 105339, 26586, 98324, 35694]"
114731,"[100837, 30699, 50490, 50281, 63725, 62998, 64966, 25915, 57424, 71661]"
114732,"[43505, 80908, 93896, 90840, 35985, 19317, 11421, 87882, 89821, 570]"
114733,"[96601, 85312, 79662, 96412, 38863, 51983, 68871, 46655, 95743, 45869]"
114734,"[1305, 61596, 11713, 82216, 104471, 13808, 72912, 86852, 10334, 58748]"
114735,"[29398, 85742, 56675, 25894, 44762, 42238, 16766, 107764, 60699, 60662]"
114736,"[54425, 98323, 35621, 39888, 106653, 32342, 7371, 85002, 101535, 91372]"
114737,"[94420, 51302, 41728, 78195, 67858, 64373, 48912, 37824, 56609, 28653]"
114738,"[35812, 68901, 87888, 5588, 7665, 89975, 15057, 18252, 46818, 7120]"
114739,"[87347, 16508, 72665, 18093, 4322, 78883, 109380, 84689, 46755, 5061]"
114740,"[70245, 21776, 31140, 48055, 70045, 83133, 79377, 62719, 6596, 56510]"
114741,"[51847, 103366, 2631, 94936, 19834, 108302, 91124, 77050, 58988, 46778]"
114742,"[69256, 49783, 1598, 62272, 64511, 88290, 107959, 67789, 61287, 22896]"
114743,"[175, 18641, 76654, 40547, 25302, 66920, 68412, 29806, 84249, 49734]"
114744,"[11731, 82253, 27884, 42196, 109206, 94633, 81547, 21179, 96720, 78116]"
114745,"[57040, 63247, 6578, 352, 61982, 75773, 36429, 12885, 8999, 85264]"
114746,"[28155, 61536, 65550, 35713, 3745, 84425, 88586, 8542, 59280, 65455]"
114747,"[107545, 93053, 27397, 58973, 39537, 107956, 71415, 36141, 104891, 102976]"
114748,"[68473, 92120, 22707, 44968, 84548, 11166, 76865, 71639, 97759, 17303]"
114749,"[6056, 95160, 26524, 104509, 101092, 42392, 35491, 68496, 21765, 70848]"
114750,"[72411, 102863, 11343, 63143, 44056, 37940, 27010, 81973, 67588, 34438]"
114751,"[26832, 78171, 23864, 44873, 39132, 48282, 108937, 60329, 101897, 4957]"
114752,"[9462, 27254, 1738, 61676, 33123, 56481, 75157, 31505, 65532, 28122]"
114753,"[50958, 100321, 99868, 37057, 5372, 82344, 106725, 74060, 85155, 12132]"
114754,"[14338, 36129, 88911, 64087, 61057, 48769, 104146, 94050, 17724, 23279]"
114755,"[65230, 106623, 101853, 43517, 46605, 26728, 82268, 84765, 8340, 80945]"
114756,"[5380, 8633, 1086, 72633, 9173, 92638, 56177, 88587, 41941, 9629]"
114757,"[43315, 7611, 84890, 1777, 75576, 21246, 77837, 40626, 58891, 59268]"
114758,"[101288, 69307, 38914, 52484, 23252, 85791, 3861, 35433, 16911, 90730]"
114759,"[15155, 3053, 85594, 64200, 66440, 102699, 14701, 91583, 104458, 36682]"
114760,"[56597, 64410, 88010, 78500, 77920, 7320, 21257, 97231, 37920, 17897]"
114761,"[68698, 85257, 83465, 66465, 65410, 64235, 63467, 39697, 37026, 57231]"
114762,"[1161, 49919, 85360, 39780, 72087, 47209, 18453, 36181, 90206, 6706]"
114763,"[66389, 10639, 29929, 78182, 70740, 3565, 56038, 37112, 7556, 37737]"
114764,"[26583, 4098, 107673, 84439, 22253, 14052, 78719, 41754, 5539, 12183]"
114765,"[66275, 90089, 7262, 1110, 34750, 105458, 63066, 57348, 29349, 79048]"
114766,"[37569, 45824, 1841, 61681, 29329, 66207, 85919, 5666, 46233, 26395]"
114767,"[97523, 42112, 104956, 70365, 55775, 58462, 19107, 2294, 49680, 94112]"
114768,"[103124, 75825, 21330, 68118, 7901, 74053, 91144, 79210, 106365, 17323]"
114769,"[36164, 55224, 28390, 57012, 82510, 98405, 101557, 1863, 93899, 46531]"
114770,"[34582, 11733, 86013, 40407, 23201, 41189, 55417, 7931, 8959, 85004]"
114771,"[79717, 57078, 101618, 109309, 86864, 7289, 86945, 32289, 104941, 56591]"
114772,"[33177, 95737, 102713, 29427, 102292, 72550, 43734, 87318, 9647, 56272]"
114773,"[1337, 86606, 52167, 100017, 41761, 28239, 105753, 8287, 29676, 77976]"
114774,"[34638, 17456, 20579, 27134, 53174, 94192, 51357, 56963, 88606, 22785]"
114775,"[94004, 70815, 59438, 103, 42032, 95461, 26500, 68127, 90001, 30807]"
114776,"[83872, 106338, 9589, 101012, 43236, 25733, 366, 59133, 25619, 59966]"
114777,"[16226, 2498, 13215, 69645, 40364, 60599, 35852, 79944, 36043, 28172]"
114778,"[40468, 88970, 104276, 68014, 90452, 78093, 42761, 109496, 5817, 29747]"
114779,"[66642, 89269, 46812, 8860, 28138, 90425, 57827, 22625, 82496, 32998]"
114780,"[50230, 18931, 16103, 46798, 58411, 100201, 70060, 52818, 59485, 101318]"
114781,"[63999, 15524, 67820, 96407, 53769, 83360, 100239, 4011, 31106, 25097]"
114782,"[48338, 16330, 35170, 82425, 71350, 108047, 97560, 87029, 73259, 2507]"
114783,"[100238, 109372, 38860, 95790, 87900, 19630, 85496, 36596, 6675, 6753]"
114784,"[74519, 77988, 50203, 14381, 59659, 87615, 109722, 100842, 40927, 41465]"
114785,"[64329, 41286, 10202, 97259, 7070, 53729, 107950, 7354, 19653, 72034]"
114786,"[37617, 60742, 24349, 10106, 53503, 56685, 21615, 41545, 46280, 50469]"
114787,"[93892, 35974, 77798, 52822, 22315, 65539, 107714, 14859, 38171, 5200]"
114788,"[90049, 41724, 44647, 35847, 91118, 89718, 64269, 48591, 89427, 34272]"
114789,"[80833, 108135, 68822, 97223, 44521, 1658, 32132, 42863, 48267, 98287]"
114790,"[84837, 19696, 1606, 54268, 36848, 54095, 48560, 73746, 95040, 72140]"
114791,"[38265, 67836, 84029, 95, 62739, 83313, 22034, 25560, 86677, 56857]"
114792,"[21804, 22710, 10606, 100266, 60844, 37885, 53211, 68179, 103128, 7763]"
114793,"[22102, 25255, 85001, 43527, 95645, 39466, 94242, 63614, 104280, 83880]"
114794,"[40531, 98555, 84177, 68255, 37630, 3498, 68114, 77355, 17131, 11447]"
114795,"[68629, 78254, 109089, 38428, 7121, 58375, 10596, 1818, 47364, 98157]"
114796,"[27821, 52218, 59362, 75935, 38093, 95805, 79394, 3418, 74543, 67364]"
114797,"[19102, 16991, 39982, 29972, 92686, 99614, 45670, 45082, 106831, 92964]"
114798,"[94426, 81520, 68137, 60312, 27404, 102607, 747, 2474, 86471, 4167]"
114799,"[47880, 3281, 85615, 76251, 24956, 1785, 98952, 102284, 89309, 48440]"
114800,"[41964, 32883, 56481, 72494, 71007, 1738, 61676, 28122, 65532, 27254]"
114801,"[12592, 95511, 88620, 67422, 3940, 1850, 22158, 36180, 58809, 38381]"
114802,"[23197, 40231, 108091, 42465, 36006, 64823, 105860, 36824, 24396, 63292]"
114803,"[34808, 52207, 92036, 78096, 10887, 2814, 105119, 25041, 15074, 86934]"
114804,"[52588, 49005, 109317, 60713, 69163, 52022, 46893, 76662, 4381, 29224]"
114805,"[87603, 56221, 95943, 55276, 6783, 33538, 13925, 29031, 9851, 85174]"
114806,"[91676, 67805, 63106, 67316, 7576, 77112, 9719, 60562, 41264, 27703]"
114807,"[19979, 55203, 51937, 38466, 71357, 90192, 50635, 11413, 61023, 106889]"
114808,"[31101, 66307, 50358, 9064, 96682, 63824, 32485, 109392, 72461, 45651]"
114809,"[87459, 20476, 46691, 66703, 106405, 1559, 14778, 78667, 90540, 61772]"
114810,"[31506, 49126, 5952, 55682, 51957, 80584, 108274, 78906, 108767, 63586]"
114811,"[30435, 94845, 10256, 61141, 30531, 23628, 22350, 55177, 70288, 25501]"
114812,"[83484, 8063, 15806, 63950, 46264, 45991, 70664, 88246, 3815, 71123]"
114813,"[2918, 100999, 43937, 79237, 103309, 49597, 7223, 92164, 87812, 3920]"
114814,"[75401, 64631, 49083, 103118, 71640, 54650, 89631, 84003, 57513, 10208]"
114815,"[61641, 42557, 7148, 85576, 69469, 74994, 70560, 9425, 3891, 16843]"
114816,"[46228, 697, 58856, 43982, 67040, 41384, 57002, 90137, 90153, 66081]"
114817,"[92240, 60593, 80836, 26327, 18818, 41615, 23966, 56015, 71748, 15495]"
114818,"[42490, 44622, 5575, 53168, 29626, 79356, 29662, 78310, 33919, 94233]"
114819,"[15624, 30638, 74556, 90832, 85318, 1052, 104740, 60731, 6459, 74872]"
114820,"[71274, 13853, 10783, 8148, 81354, 35563, 98835, 64137, 27126, 34085]"
114821,"[77324, 98387, 99369, 3939, 54178, 89940, 104425, 85643, 65861, 103579]"
114822,"[36899, 93196, 1654, 60353, 5477, 104162, 83288, 15999, 32242, 75155]"
114823,"[19350, 104824, 71502, 37555, 46753, 59620, 29254, 52860, 77865, 31120]"
114824,"[58739, 40979, 106964, 37234, 88429, 79760, 36958, 12259, 46405, 31657]"
114825,"[91744, 70345, 23326, 8084, 95427, 10350, 54223, 44685, 29212, 25498]"
114826,"[100696, 14192, 19902, 153, 83304, 84272, 100077, 80757, 6714, 101577]"
114827,"[35208, 16004, 99648, 89097, 97777, 60519, 50419, 74734, 56300, 94399]"
114828,"[101126, 11225, 38918, 42859, 105299, 35237, 102459, 43320, 107291, 82351]"
114829,"[55206, 34842, 17631, 80713, 97025, 48191, 32250, 89461, 83223, 83260]"
114830,"[71234, 89909, 82094, 52120, 89093, 34186, 68189, 88667, 95331, 64310]"
114831,"[100743, 52629, 67818, 54221, 59244, 27758, 33399, 24658, 4404, 70972]"
114832,"[93924, 102744, 11975, 98547, 50165, 19105, 23535, 2088, 15912, 42844]"
114833,"[90645, 58779, 35230, 42557, 48179, 53955, 106735, 49723, 108388, 29358]"
114834,"[85769, 16883, 53100, 8087, 78704, 4629, 54655, 45045, 2152, 13542]"
114835,"[105152, 60624, 77202, 26711, 10777, 11592, 36997, 60793, 16580, 26082]"
114836,"[79848, 78600, 36950, 25886, 73436, 108782, 104768, 84758, 25751, 2132]"
114837,"[37418, 39698, 9764, 64423, 60925, 49180, 4644, 19040, 94042, 74015]"
114838,"[68303, 65612, 68253, 6322, 49056, 99254, 60708, 89807, 24415, 4512]"
114839,"[7770, 68092, 43469, 108041, 38618, 53717, 68172, 55823, 109614, 14148]"
114840,"[85491, 4566, 56188, 47337, 97350, 79267, 82282, 46032, 21515, 48764]"
114841,"[26848, 74975, 36070, 13082, 98090, 106940, 31396, 89559, 23186, 35777]"
114842,"[102187, 30391, 86001, 64655, 22611, 58619, 77105, 42951, 78431, 649]"
114843,"[50612, 28282, 24116, 19906, 76638, 54627, 50809, 27086, 104426, 48257]"
114844,"[84637, 105395, 30478, 107012, 13141, 71375, 41050, 18760, 82098, 87955]"
114845,"[95847, 85756, 56416, 16533, 14200, 71453, 7677, 78143, 49388, 10037]"
114846,"[37408, 63042, 104272, 109554, 90257, 25131, 8254, 88275, 73562, 41251]"
114847,"[39945, 2524, 1802, 108419, 62323, 72907, 1622, 940, 68049, 59513]"
114848,"[14757, 82733, 8798, 88759, 65672, 99468, 5645, 92937, 85783, 76519]"
114849,"[68427, 16870, 27891, 35183, 57120, 87377, 54858, 57911, 83521, 31249]"
114850,"[74600, 86367, 36086, 84080, 68580, 62387, 80406, 42438, 89239, 37982]"
114851,"[109244, 63551, 29260, 24640, 65384, 70080, 36565, 36230, 49328, 87608]"
114852,"[84985, 20625, 55680, 27619, 65231, 88100, 60423, 30656, 26179, 21235]"
114853,"[73601, 82244, 19072, 31431, 55444, 21298, 42162, 49304, 3286, 54672]"
114854,"[78899, 42336, 41626, 54311, 58982, 101818, 1187, 50814, 60336, 2579]"
114855,"[80085, 18504, 22757, 104116, 48317, 20269, 54047, 9711, 192, 11832]"
114856,"[867, 58127, 87509, 90162, 100675, 75962, 23797, 6658, 41132, 38513]"
114857,"[92773, 109461, 33089, 74496, 26303, 100653, 94396, 80310, 105269, 9202]"
114858,"[66628, 109172, 81515, 121, 5299, 5010, 38938, 53073, 83752, 69566]"
114859,"[737, 41267, 99071, 25803, 81759, 48340, 12806, 90942, 13790, 21251]"
114860,"[56054, 69100, 52477, 96591, 93731, 88338, 46443, 87788, 76296, 48547]"
114861,"[87076, 5414, 20338, 56413, 68032, 94381, 90007, 37667, 33687, 51449]"
114862,"[63712, 39087, 94747, 94143, 68670, 18711, 24167, 92813, 79134, 102759]"
114863,"[42882, 37122, 19285, 27159, 86614, 53143, 1681, 79631, 14125, 49994]"
114864,"[72777, 46924, 19771, 107651, 14654, 45947, 1705, 1169, 4456, 70052]"
114865,"[31739, 53750, 103723, 53748, 33574, 38966, 11887, 75226, 68456, 59170]"
114866,"[91235, 43418, 92207, 24303, 102412, 10535, 67774, 35221, 17172, 1379]"
114867,"[95295, 33694, 58271, 79444, 8334, 48930, 3168, 62560, 95277, 43089]"
114868,"[21126, 8043, 99505, 53948, 89505, 106061, 105776, 54167, 50623, 21547]"
114869,"[17239, 23433, 36419, 104857, 46532, 2115, 14545, 20110, 32448, 33526]"
114870,"[107710, 88884, 51556, 94465, 88891, 66006, 99985, 44921, 109745, 94414]"
114871,"[2587, 83036, 43560, 16204, 42397, 91282, 772, 48302, 90269, 89653]"
114872,"[108577, 38991, 29112, 38446, 9745, 75864, 105668, 66289, 12048, 48947]"
114873,"[78646, 45509, 37433, 61827, 11488, 21425, 105450, 89582, 46821, 108616]"
114874,"[93261, 15249, 102454, 15043, 105441, 96626, 40445, 109272, 76334, 56244]"
114875,"[77876, 9588, 42078, 88496, 43383, 72850, 98909, 8211, 41017, 42647]"
114876,"[89491, 5637, 62531, 18023, 29380, 70164, 23148, 104066, 9176, 101330]"
114877,"[102666, 59226, 97739, 51820, 61143, 43789, 93288, 87643, 52913, 1671]"
114878,"[4506, 49918, 39936, 104211, 30891, 88347, 10730, 4857, 296, 72710]"
114879,"[17052, 87228, 60522, 20909, 70729, 69098, 49792, 7195, 86844, 97385]"
114880,"[53568, 91713, 87913, 51018, 87455, 76987, 27006, 2790, 105572, 48467]"
114881,"[24771, 103871, 30169, 42110, 101486, 17453, 69858, 42485, 88275, 93438]"
114882,"[26151, 65560, 38801, 23144, 64695, 40049, 34681, 101704, 19684, 52774]"
114883,"[75756, 54527, 63837, 19284, 36445, 2202, 55855, 55769, 102342, 41097]"
114884,"[28825, 4853, 75632, 39267, 47570, 18253, 27668, 109202, 19139, 59510]"
114885,"[78717, 1910, 86858, 13017, 60071, 4371, 50108, 69821, 104572, 40841]"
114886,"[106910, 67231, 67409, 91276, 86294, 66397, 69540, 106222, 98050, 22311]"
114887,"[82295, 107812, 65846, 914, 18196, 66458, 59950, 12922, 106450, 101686]"
114888,"[30711, 63798, 58803, 54602, 23565, 57571, 78333, 61712, 77669, 21618]"
114889,"[38085, 39509, 14364, 17024, 35643, 18890, 52238, 36767, 79946, 56792]"
114890,"[74196, 74720, 71504, 107843, 78991, 59875, 49662, 19266, 60343, 35388]"
114891,"[35132, 100316, 30192, 58950, 8851, 97277, 108138, 53618, 48567, 74090]"
114892,"[75793, 40466, 8331, 51467, 68140, 18721, 66244, 67902, 75584, 5077]"
114893,"[39758, 87618, 102646, 3705, 16992, 64741, 102673, 78362, 52732, 25717]"
114894,"[100231, 7644, 91456, 56909, 464, 12967, 26052, 61720, 109103, 70930]"
114895,"[5384, 7390, 46171, 48365, 87757, 48650, 98755, 34958, 3614, 40860]"
114896,"[43505, 19317, 42453, 93896, 80908, 35985, 11421, 90840, 87882, 89821]"
114897,"[48427, 86487, 17594, 11356, 50578, 104221, 91776, 64539, 46824, 108068]"
114898,"[28179, 15735, 2431, 1381, 26083, 85687, 26007, 45992, 802, 89481]"
114899,"[38384, 62073, 89219, 78331, 8531, 27763, 41732, 66724, 101416, 2139]"
114900,"[54739, 74117, 72653, 109039, 61740, 12824, 31926, 16237, 103358, 26690]"
114901,"[68059, 75864, 48051, 9219, 6936, 12048, 36208, 64935, 75950, 97637]"
114902,"[40881, 46292, 105727, 22948, 4226, 93418, 41416, 105218, 38289, 22344]"
114903,"[95271, 66284, 63392, 80444, 2387, 97267, 12393, 109687, 12198, 98214]"
114904,"[88024, 46991, 54984, 12561, 46366, 83843, 41672, 105810, 14482, 11016]"
114905,"[32395, 18810, 48871, 25288, 68882, 44732, 82147, 22930, 105328, 107454]"
114906,"[52280, 56479, 3042, 9369, 88254, 71085, 26026, 82181, 57507, 36839]"
114907,"[33449, 43366, 104151, 14660, 36378, 98750, 101613, 98558, 19022, 66145]"
114908,"[68024, 11853, 65369, 64113, 55054, 28951, 6328, 38295, 42615, 48305]"
114909,"[15240, 65725, 23155, 41518, 54951, 38671, 106756, 20153, 94152, 59298]"
114910,"[36763, 19786, 102893, 28451, 17673, 23522, 100037, 108413, 69880, 93724]"
114911,"[92285, 74259, 17390, 74390, 31860, 89187, 9548, 22901, 56889, 37218]"
114912,"[82383, 89678, 82841, 39700, 96362, 37396, 18225, 67365, 92718, 963]"
114913,"[31811, 31815, 49025, 96641, 31661, 51601, 20515, 100834, 2387, 35455]"
114914,"[97523, 42112, 92706, 19107, 104956, 70365, 74236, 55775, 88072, 43345]"
114915,"[1179, 1576, 11576, 25245, 6320, 10764, 79925, 93764, 52047, 6207]"
114916,"[88884, 51556, 88891, 107710, 44921, 53245, 94465, 28167, 109745, 66006]"
114917,"[43721, 74815, 31119, 52190, 7157, 74867, 7027, 62301, 16792, 108412]"
114918,"[30505, 42125, 91688, 16177, 84377, 80420, 10397, 69041, 51344, 50847]"
114919,"[32675, 26247, 4171, 47940, 83774, 37828, 70596, 79486, 20961, 17705]"
114920,"[92812, 37505, 32189, 52245, 26994, 720, 50202, 101571, 87648, 44546]"
114921,"[53812, 22065, 68773, 66581, 18553, 58681, 77081, 32503, 77971, 67860]"
114922,"[50382, 30571, 14795, 46275, 40877, 83542, 70170, 11854, 39002, 75489]"
114923,"[98833, 75897, 37660, 35796, 12832, 18482, 7055, 24976, 100041, 16337]"
114924,"[63653, 97554, 93752, 14624, 76532, 54303, 68302, 7011, 14400, 14670]"
114925,"[57772, 27218, 31141, 32274, 38944, 77866, 33255, 103820, 51390, 88312]"
114926,"[18211, 36826, 89341, 37174, 10250, 13171, 73931, 6923, 103962, 5211]"
114927,"[76217, 2708, 65962, 68591, 41349, 73183, 72401, 107907, 15483, 84697]"
114928,"[38958, 98839, 103457, 107299, 61179, 27903, 81206, 13205, 27058, 66607]"
114929,"[95462, 19529, 68081, 89626, 82403, 40924, 31508, 22960, 72518, 51581]"
114930,"[109741, 52631, 76620, 90711, 73702, 28851, 84778, 68837, 54217, 13891]"
114931,"[96613, 25735, 105605, 45389, 42245, 39514, 76330, 18335, 27920, 28634]"
114932,"[31140, 21776, 109589, 48055, 70045, 53373, 83133, 27020, 107150, 98700]"
114933,"[10387, 38545, 39845, 40762, 91537, 26078, 91028, 69856, 14368, 70295]"
114934,"[70731, 21686, 38475, 69832, 18900, 13244, 36925, 60722, 89777, 97995]"
114935,"[10150, 104564, 58566, 53039, 105484, 105200, 22368, 73210, 16702, 55581]"
114936,"[28610, 68608, 98849, 52664, 66356, 77836, 27662, 95755, 41835, 73132]"
114937,"[30687, 42444, 65220, 90140, 68810, 56538, 75395, 2703, 69400, 102814]"
114938,"[99793, 50426, 46960, 33769, 48515, 101561, 41399, 7631, 22195, 12158]"
114939,"[53590, 85337, 109267, 73722, 18277, 47228, 16051, 8544, 58094, 14412]"
114940,"[23030, 70260, 26290, 86733, 22390, 9543, 109731, 63416, 3711, 12419]"
114941,"[101145, 63296, 2888, 104236, 44059, 87477, 82166, 42837, 51292, 12024]"
114942,"[49818, 18045, 83543, 83318, 83378, 13400, 1630, 96349, 10908, 26358]"
114943,"[54183, 26903, 99817, 34419, 36292, 76810, 3334, 43295, 82615, 69404]"
114944,"[34771, 20388, 102707, 67787, 30753, 103442, 76182, 85694, 75711, 33080]"
114945,"[3031, 50201, 54155, 77868, 10800, 46968, 28423, 27394, 73204, 74696]"
114946,"[74510, 71291, 39939, 93541, 97657, 88770, 15828, 24096, 65826, 44248]"
114947,"[24799, 26210, 59530, 77030, 59906, 99019, 50253, 74888, 61308, 27294]"
114948,"[13774, 81199, 99636, 74407, 8381, 93432, 13803, 5183, 67326, 35924]"
114949,"[28446, 64997, 97831, 77806, 88361, 16384, 95472, 33959, 13350, 93389]"
114950,"[25558, 92229, 4158, 91143, 26052, 17863, 19643, 54461, 66080, 65225]"
114951,"[30537, 72447, 71079, 80475, 99801, 109397, 58608, 44205, 4309, 93332]"
114952,"[102075, 59471, 77748, 5921, 70323, 23722, 6705, 57813, 36083, 76581]"
114953,"[75383, 50943, 106968, 93276, 56678, 74921, 84640, 56485, 104937, 21195]"
114954,"[82833, 8318, 75710, 107715, 39891, 16714, 84937, 21849, 91545, 26624]"
114955,"[7912, 40747, 43426, 60053, 98949, 78550, 8796, 28581, 95744, 96691]"
114956,"[78104, 94616, 6778, 103959, 17784, 46307, 56919, 66488, 68875, 3019]"
114957,"[11928, 64926, 68857, 3961, 63047, 106637, 18861, 75202, 76369, 35549]"
114958,"[53036, 87991, 950, 10943, 101652, 36016, 30359, 14579, 109113, 100746]"
114959,"[60747, 23304, 96205, 10464, 104303, 67782, 63595, 37389, 80203, 59995]"
114960,"[90807, 82269, 86216, 21277, 88740, 93417, 75532, 47075, 30832, 63698]"
114961,"[6847, 5755, 57237, 17139, 8432, 44266, 50223, 102415, 84578, 73775]"
114962,"[34894, 91664, 75501, 18725, 49923, 107983, 71025, 18950, 2367, 63816]"
114963,"[25577, 84093, 47369, 11480, 47821, 84057, 17555, 107589, 47735, 91656]"
114964,"[16349, 75802, 19386, 7230, 55727, 100174, 6982, 70498, 53285, 107228]"
114965,"[68539, 53722, 99854, 102366, 34590, 29851, 15264, 104952, 61134, 46023]"
114966,"[83819, 21723, 57981, 17380, 47198, 44393, 48943, 71319, 45384, 73603]"
114967,"[51746, 24195, 81676, 38691, 28476, 25050, 62209, 53062, 100086, 107914]"
114968,"[35060, 74435, 44064, 35257, 46702, 58395, 47819, 77740, 44305, 97949]"
114969,"[30700, 47562, 108808, 30427, 99124, 73506, 15269, 33109, 634, 106538]"
114970,"[16122, 50154, 32537, 22254, 100073, 47199, 8405, 78121, 72813, 2386]"
114971,"[106569, 40186, 93882, 81806, 89815, 61353, 83357, 53270, 82934, 90904]"
114972,"[67122, 30141, 81783, 98403, 4244, 91387, 7580, 39708, 9162, 50396]"
114973,"[18280, 60752, 47631, 11444, 24634, 75447, 79544, 31176, 11608, 73124]"
114974,"[16864, 66729, 97240, 86443, 45303, 38219, 24017, 72056, 2108, 17220]"
114975,"[46512, 81105, 20504, 14543, 71745, 28597, 69786, 40016, 52043, 105604]"
114976,"[25626, 102147, 106714, 103997, 57256, 56573, 44412, 62728, 36190, 66073]"
114977,"[50136, 37951, 72836, 102410, 46340, 23328, 105304, 67966, 70670, 17097]"
114978,"[68353, 13506, 87047, 56094, 8897, 6511, 56105, 87623, 58817, 109014]"
114979,"[11143, 101029, 82712, 19989, 45400, 67179, 108842, 93501, 50327, 29913]"
114980,"[5912, 20216, 26040, 104586, 101902, 73081, 57399, 79901, 98321, 75993]"
114981,"[45251, 96937, 17642, 86661, 28699, 29758, 76814, 35264, 45092, 108143]"
114982,"[85667, 59993, 99118, 104199, 54157, 79574, 84097, 74149, 70235, 71981]"
114983,"[57711, 58814, 28572, 41846, 107303, 93293, 50760, 103104, 1711, 60909]"
114984,"[74788, 988, 47210, 101542, 24156, 76600, 52963, 67125, 36022, 104332]"
114985,"[97959, 48386, 56834, 15791, 85995, 48060, 70088, 51144, 49229, 9332]"
114986,"[104067, 106344, 5985, 61769, 3854, 55615, 25702, 58745, 109346, 41164]"
114987,"[13088, 40026, 55024, 99430, 101644, 61801, 45430, 71513, 15265, 70496]"
114988,"[101209, 100036, 98526, 90131, 31653, 23332, 16256, 101349, 13483, 4810]"
114989,"[40435, 72913, 13998, 56150, 19117, 76635, 10924, 21274, 80650, 91716]"
114990,"[32739, 73565, 2890, 64168, 24426, 35, 44730, 89562, 12063, 13669]"
114991,"[107375, 2304, 74604, 57294, 86344, 13256, 85461, 9001, 94821, 38362]"
114992,"[24164, 99016, 66994, 101002, 32802, 82502, 76491, 48639, 106470, 51658]"
114993,"[32608, 96672, 84398, 52960, 29092, 31682, 50717, 99050, 94521, 80615]"
114994,"[14900, 88923, 35666, 22272, 37069, 22226, 41839, 51410, 80198, 24916]"
114995,"[106479, 59030, 37363, 96678, 60187, 88445, 36812, 691, 38219, 83053]"
114996,"[724, 94857, 41222, 87407, 102520, 58367, 25705, 80456, 1853, 93762]"
114997,"[82058, 66580, 98443, 80371, 89746, 89335, 6800, 9222, 87388, 108208]"
114998,"[48991, 45517, 41179, 22201, 71990, 65573, 108662, 77768, 27612, 98766]"
114999,"[62438, 44644, 38600, 92931, 58022, 66537, 81586, 88394, 21814, 109390]"
115000,"[101811, 32888, 437, 106667, 68535, 94851, 55668, 43965, 62944, 37535]"
115001,"[1524, 54283, 63626, 76948, 5551, 106130, 103472, 71892, 51368, 49668]"
115002,"[81025, 73648, 56729, 35197, 30683, 102045, 83364, 77496, 48915, 93580]"
115003,"[35956, 25290, 63222, 23203, 91413, 34406, 27837, 10225, 64456, 78156]"
115004,"[76308, 6526, 100528, 73336, 62597, 105297, 16707, 11960, 34082, 9495]"
115005,"[12281, 92735, 92739, 35561, 32337, 102523, 48383, 102222, 94482, 91697]"
115006,"[96042, 107828, 6254, 84814, 48809, 101198, 74813, 66019, 41967, 15766]"
115007,"[53596, 55391, 49586, 77369, 92820, 59269, 44086, 108313, 11523, 84106]"
115008,"[9416, 19239, 11092, 43615, 9489, 47520, 40306, 74363, 62064, 74455]"
115009,"[23359, 23904, 12878, 50163, 104343, 60825, 58193, 55367, 52309, 56742]"
115010,"[16997, 36135, 97970, 45217, 19813, 16138, 56609, 76925, 74900, 86984]"
115011,"[59761, 4069, 54913, 95750, 87328, 33869, 33244, 27122, 75555, 98434]"
115012,"[36229, 74174, 38422, 103605, 1620, 58993, 9833, 24361, 21550, 18290]"
115013,"[71531, 38828, 78288, 35725, 102575, 49828, 31659, 72743, 18217, 96256]"
115014,"[72443, 16352, 75375, 63867, 56065, 82769, 17666, 109771, 50326, 41036]"
115015,"[73000, 61980, 18085, 98855, 45758, 92344, 70426, 19750, 43234, 45609]"
115016,"[43721, 31119, 7157, 21633, 53847, 75351, 23640, 74815, 65670, 29299]"
115017,"[18958, 104536, 25312, 77291, 92890, 39723, 81550, 100961, 12668, 65137]"
115018,"[36697, 17606, 93190, 29401, 32589, 91915, 71643, 58329, 60872, 52225]"
115019,"[47102, 105086, 5240, 75796, 13989, 73230, 81737, 37817, 92155, 91146]"
115020,"[44617, 78316, 65507, 42799, 10602, 55944, 88672, 86348, 952, 88160]"
115021,"[46075, 14304, 101044, 88750, 95142, 92509, 7076, 48844, 6103, 26209]"
115022,"[70123, 63300, 84445, 60636, 92237, 86784, 83567, 63971, 104360, 17780]"
115023,"[36117, 87465, 15286, 11931, 53593, 33336, 55163, 9734, 103434, 9648]"
115024,"[38010, 27361, 37791, 46086, 39511, 43636, 50844, 24401, 53321, 83826]"
115025,"[36702, 7662, 22936, 90834, 29618, 34846, 65860, 60225, 29671, 50177]"
115026,"[66103, 93881, 23496, 2680, 84210, 67609, 8756, 66284, 97284, 94287]"
115027,"[50614, 108246, 76244, 5964, 58243, 81358, 62995, 22395, 19511, 45656]"
115028,"[92870, 46043, 88806, 46562, 12027, 41496, 73792, 28519, 6863, 43718]"
115029,"[17204, 46411, 86317, 61792, 41884, 30155, 40172, 37055, 26128, 88163]"
115030,"[1074, 107703, 46751, 49863, 2928, 89765, 14474, 23703, 34963, 14965]"
115031,"[10506, 57169, 44847, 3023, 20909, 18693, 91861, 94285, 37990, 16814]"
115032,"[76696, 34108, 49869, 11625, 48072, 85714, 44081, 74057, 66239, 102221]"
115033,"[98839, 103457, 81206, 13205, 27903, 27058, 38958, 62677, 100161, 102561]"
115034,"[101348, 79255, 37243, 776, 23200, 49454, 93909, 76070, 31674, 1898]"
115035,"[96902, 107811, 17515, 12652, 21394, 81861, 66688, 56324, 8391, 15618]"
115036,"[65920, 74048, 83903, 62402, 41066, 1610, 71986, 12438, 40931, 68019]"
115037,"[51891, 96033, 24331, 32239, 62763, 105554, 19023, 1883, 15877, 5720]"
115038,"[72409, 18636, 95649, 4003, 51142, 55028, 105071, 52505, 17624, 102954]"
115039,"[96250, 43260, 44449, 46232, 20354, 43208, 38785, 90670, 6645, 71883]"
115040,"[5430, 71653, 67662, 62683, 92564, 85655, 74765, 55228, 95883, 79530]"
115041,"[88966, 96533, 64027, 59139, 64294, 67462, 63615, 70167, 62859, 75830]"
115042,"[65486, 91195, 8085, 41374, 49874, 43666, 63051, 96193, 96643, 62343]"
115043,"[5654, 90771, 39271, 29486, 90867, 42811, 106973, 86112, 89788, 82884]"
115044,"[46265, 30150, 88375, 34252, 70062, 67952, 54054, 104779, 73161, 46375]"
115045,"[75506, 24863, 67306, 18026, 88566, 97868, 47293, 34462, 21959, 44920]"
115046,"[74354, 892, 96963, 32627, 93850, 30001, 75739, 103326, 96590, 43381]"
115047,"[101330, 18023, 70164, 29380, 104066, 5637, 89491, 62531, 22743, 3153]"
115048,"[43408, 42901, 62737, 98283, 43133, 29877, 91943, 30791, 52636, 18858]"
115049,"[28923, 39426, 75493, 55228, 85601, 97098, 54430, 99211, 86583, 3180]"
115050,"[36903, 87478, 43713, 57129, 35061, 62149, 45647, 41450, 98023, 1081]"
115051,"[108718, 73540, 56972, 22575, 1382, 102280, 37788, 7483, 96971, 38097]"
115052,"[61890, 52224, 3670, 53353, 68932, 42617, 42100, 38751, 23504, 86951]"
115053,"[39717, 100428, 95910, 25160, 56423, 63963, 11222, 3064, 55116, 42884]"
115054,"[46439, 33756, 86070, 69254, 85309, 8252, 88594, 103844, 82749, 64017]"
115055,"[27442, 109514, 99588, 70429, 79253, 93685, 80920, 7592, 7784, 19331]"
115056,"[45004, 52921, 79313, 78391, 32731, 107762, 55153, 60746, 107955, 60640]"
115057,"[57485, 43815, 57486, 104817, 55034, 21178, 88323, 70592, 36011, 102524]"
115058,"[47158, 29990, 75520, 89844, 31095, 5725, 37827, 97134, 62338, 24365]"
115059,"[2262, 4448, 13081, 95824, 73525, 48161, 62329, 5532, 50757, 10041]"
115060,"[49564, 53572, 41084, 59047, 18428, 85621, 45237, 14733, 98269, 17845]"
115061,"[11077, 53582, 50955, 25724, 18432, 4614, 100455, 20154, 69271, 15522]"
115062,"[12938, 60261, 53322, 77142, 11279, 77326, 108415, 64585, 44488, 84219]"
115063,"[94535, 97986, 75604, 85221, 29640, 15763, 87308, 61094, 76922, 65790]"
115064,"[92523, 98162, 93823, 106135, 1954, 67524, 91333, 99539, 15658, 10691]"
115065,"[36789, 64659, 68894, 39764, 24741, 33674, 75524, 23407, 2227, 46681]"
115066,"[34088, 38009, 13494, 22453, 74915, 49407, 66061, 90641, 28272, 75550]"
115067,"[81669, 89759, 99501, 17687, 109245, 77628, 15201, 77555, 7433, 74217]"
115068,"[41877, 64501, 92639, 71575, 66860, 39003, 43481, 33423, 63305, 86541]"
115069,"[89706, 72902, 52028, 41611, 94588, 100599, 7649, 68645, 100911, 59447]"
115070,"[107925, 13683, 70294, 70178, 35797, 29701, 77251, 28034, 86084, 98922]"
115071,"[92931, 38600, 62438, 44644, 78114, 69170, 82498, 109390, 21137, 62963]"
115072,"[38112, 33217, 51301, 86151, 33131, 27391, 109646, 15923, 53876, 62515]"
115073,"[78986, 94449, 13705, 46039, 99851, 69356, 24511, 44737, 29232, 100642]"
115074,"[65587, 91239, 22704, 81766, 37484, 81456, 99733, 31849, 44199, 51695]"
115075,"[37594, 98022, 64828, 21762, 15315, 26625, 41181, 103759, 7255, 96607]"
115076,"[2697, 29552, 72017, 38350, 77538, 105867, 82423, 90321, 52104, 73582]"
115077,"[89284, 68026, 82450, 72336, 104755, 5064, 66782, 27677, 109065, 59288]"
115078,"[6313, 97836, 61952, 38638, 96386, 24151, 43295, 17920, 41482, 35827]"
115079,"[92239, 93459, 85362, 66804, 26931, 46608, 81756, 53836, 7052, 79892]"
115080,"[29884, 77240, 77867, 57765, 75914, 104964, 17703, 82053, 14730, 105648]"
115081,"[55415, 67919, 90589, 87001, 29378, 57307, 61574, 9911, 69350, 74093]"
115082,"[29626, 53168, 40263, 33919, 44622, 42490, 79356, 29662, 12875, 90818]"
115083,"[97329, 85531, 85126, 10881, 51431, 72209, 51717, 96529, 13121, 6551]"
115084,"[98944, 39347, 105823, 24219, 54725, 12186, 49953, 8379, 67495, 38360]"
115085,"[13838, 15162, 30186, 8239, 33813, 74648, 78884, 39490, 31410, 77581]"
115086,"[91309, 1919, 69844, 44456, 7039, 3239, 59942, 37622, 75490, 108511]"
115087,"[33977, 107182, 14114, 77931, 30732, 6781, 44782, 2135, 53020, 19287]"
115088,"[25027, 7024, 34935, 54770, 52099, 24363, 62976, 95618, 31871, 85771]"
115089,"[18264, 107380, 32557, 45828, 71993, 29384, 58509, 41302, 9040, 61711]"
115090,"[41989, 6775, 44894, 42450, 23141, 71769, 109447, 12051, 92645, 108846]"
115091,"[104857, 92163, 17239, 23433, 36419, 14545, 68272, 26424, 46532, 71744]"
115092,"[82523, 99187, 84034, 102539, 72652, 44982, 61783, 65432, 4233, 63743]"
115093,"[101248, 101021, 62434, 22884, 14703, 93197, 78612, 39056, 96547, 95263]"
115094,"[75892, 5979, 107855, 1176, 59917, 86116, 104010, 59602, 55864, 104947]"
115095,"[75032, 33698, 8315, 5369, 61537, 70031, 62409, 56418, 47215, 33363]"
115096,"[87817, 11817, 73449, 103156, 97544, 67154, 84388, 44366, 79361, 11637]"
115097,"[73733, 90747, 70516, 32574, 23511, 75985, 42328, 23761, 80645, 77954]"
115098,"[56914, 10921, 33600, 21867, 106526, 109043, 106221, 15651, 10942, 22514]"
115099,"[54793, 8821, 17006, 90633, 10367, 36896, 74817, 91658, 62706, 77388]"
115100,"[74071, 98984, 85875, 11137, 37958, 27497, 85428, 40054, 458, 105184]"
115101,"[57407, 4449, 107128, 68337, 1557, 38830, 19167, 89866, 5774, 99721]"
115102,"[23439, 43162, 35800, 32856, 42370, 81804, 59401, 43833, 70081, 7894]"
115103,"[94812, 86901, 18086, 87195, 20858, 19690, 45012, 78361, 99483, 37495]"
115104,"[22746, 32785, 78535, 67876, 33479, 108491, 20336, 45903, 62837, 89352]"
115105,"[89169, 45273, 1688, 1207, 89813, 61697, 39668, 60975, 108891, 7398]"
115106,"[49892, 25739, 94068, 68321, 106547, 97390, 18620, 13597, 55416, 73150]"
115107,"[39971, 18617, 57846, 9642, 77858, 42940, 103775, 12189, 60074, 69150]"
115108,"[28623, 64768, 84939, 27687, 80935, 26298, 15046, 44497, 15515, 81440]"
115109,"[95719, 88585, 16211, 71141, 106903, 27646, 3292, 97599, 38773, 49518]"
115110,"[50472, 17134, 75397, 22168, 75983, 86982, 11022, 44276, 23810, 74912]"
115111,"[3868, 75430, 2038, 23400, 61303, 47212, 77719, 61375, 101764, 16336]"
115112,"[36191, 39933, 41927, 51741, 76684, 48586, 26913, 137, 13772, 2785]"
115113,"[94001, 7718, 61706, 66528, 51570, 78746, 85533, 11341, 96636, 43723]"
115114,"[77338, 61647, 21256, 70412, 88262, 74660, 106647, 53509, 2993, 51653]"
115115,"[38062, 88783, 73686, 89088, 84128, 2279, 87094, 102320, 35329, 98534]"
115116,"[38353, 81032, 77489, 71572, 17901, 41727, 14895, 20607, 77426, 85151]"
115117,"[61204, 46527, 54451, 12183, 15041, 47915, 83826, 23755, 1222, 26459]"
115118,"[69863, 26882, 92430, 63760, 85438, 102451, 7047, 12147, 76665, 109342]"
115119,"[361, 30746, 30246, 76499, 24115, 44169, 19314, 70708, 66815, 11187]"
115120,"[105869, 13211, 52635, 73967, 58558, 1564, 30873, 90278, 47256, 34313]"
115121,"[19853, 64700, 5788, 88648, 92118, 31374, 84259, 83950, 18055, 76602]"
115122,"[42436, 47921, 29487, 8602, 43952, 78909, 90411, 4237, 57031, 63492]"
115123,"[51357, 103130, 88606, 37046, 20579, 27134, 53174, 37869, 14726, 34638]"
115124,"[3827, 43814, 21243, 105087, 2362, 103120, 101262, 75382, 29104, 94540]"
115125,"[4602, 15784, 13728, 109635, 95219, 18117, 98735, 79794, 5398, 9048]"
115126,"[71465, 14444, 49121, 42243, 38217, 12374, 99838, 37998, 26118, 103222]"
115127,"[108246, 50614, 5964, 62995, 22395, 45656, 19511, 24479, 34021, 50265]"
115128,"[43993, 99990, 18101, 28230, 41205, 78582, 55683, 14005, 61453, 48833]"
115129,"[43889, 107971, 88973, 77348, 14675, 5961, 8204, 103529, 104528, 97255]"
115130,"[15076, 42366, 51523, 3060, 44364, 59504, 43188, 62004, 41046, 87824]"
115131,"[37052, 71654, 16083, 26160, 1798, 88138, 99121, 68051, 107529, 49394]"
115132,"[69826, 55462, 7980, 51969, 56332, 77149, 96241, 9480, 72550, 46107]"
115133,"[92550, 56807, 22675, 94669, 35109, 106718, 108329, 106746, 29151, 2845]"
115134,"[53882, 85314, 16610, 88851, 80755, 17220, 73982, 103445, 85647, 83695]"
115135,"[67157, 30319, 8041, 55168, 63062, 109475, 35917, 43735, 32620, 98781]"
115136,"[5199, 82038, 52289, 30651, 53584, 19886, 93943, 78099, 57112, 51826]"
115137,"[109173, 39857, 35376, 100880, 80841, 6161, 55783, 45797, 105750, 107348]"
115138,"[79358, 33860, 93363, 84170, 49276, 108953, 71133, 68018, 31669, 64127]"
115139,"[22352, 5666, 49051, 62459, 89838, 4576, 90908, 100468, 71855, 95491]"
115140,"[2353, 65462, 75176, 47123, 81773, 13571, 20519, 44541, 5174, 101059]"
115141,"[95766, 64597, 44543, 52333, 26898, 85037, 62441, 63336, 88460, 85632]"
115142,"[73618, 70363, 25143, 70301, 54458, 16816, 82564, 29205, 66101, 80092]"
115143,"[59129, 7446, 5833, 14980, 21672, 103169, 87635, 108465, 59707, 76325]"
115144,"[73621, 4363, 63611, 67779, 54813, 57469, 98591, 85748, 92930, 89016]"
115145,"[105529, 37514, 92500, 22759, 53483, 15914, 34038, 31900, 30843, 54851]"
115146,"[65003, 66772, 61899, 3504, 52208, 96489, 6561, 58837, 88954, 55167]"
115147,"[69558, 40917, 93497, 91968, 75334, 31392, 59376, 101067, 54987, 99807]"
115148,"[51119, 15962, 57554, 107487, 93392, 31783, 85639, 77831, 63246, 90259]"
115149,"[300, 80554, 59367, 52902, 27969, 66175, 102225, 22359, 51831, 45299]"
115150,"[18932, 33185, 25599, 79030, 16408, 54188, 7124, 98812, 31473, 29402]"
115151,"[61435, 93221, 20169, 7417, 60834, 92005, 60516, 9736, 63381, 52427]"
115152,"[47716, 47926, 73391, 44991, 31445, 40332, 57557, 51923, 799, 105043]"
115153,"[63203, 104234, 28351, 77230, 2108, 88936, 77372, 86443, 74271, 40066]"
115154,"[70798, 40374, 90537, 72421, 10366, 22460, 60917, 88768, 94326, 248]"
115155,"[31833, 58015, 50422, 24553, 91186, 69751, 43535, 102788, 89840, 55389]"
115156,"[86767, 23169, 65899, 97285, 5898, 7167, 73829, 4926, 25615, 89542]"
115157,"[106084, 70249, 74267, 96350, 40897, 72334, 87992, 95357, 44698, 30564]"
115158,"[34313, 71112, 23497, 45844, 13211, 23194, 72924, 109017, 6371, 73964]"
115159,"[59930, 75568, 24016, 59738, 108527, 95274, 95170, 104019, 74423, 9839]"
115160,"[84216, 74097, 59087, 19774, 43602, 107988, 95637, 60117, 11574, 46837]"
115161,"[70613, 10486, 92341, 57182, 65689, 21318, 7996, 95403, 78455, 74098]"
115162,"[45422, 67571, 36409, 108915, 39518, 100918, 28738, 15261, 12800, 44116]"
115163,"[25604, 72343, 36743, 42839, 26819, 40965, 60949, 707, 88776, 36293]"
115164,"[79826, 94322, 76990, 13747, 33163, 100458, 52795, 5719, 76074, 76410]"
115165,"[65701, 52645, 65821, 37680, 24403, 24917, 73337, 38377, 48960, 43859]"
115166,"[55910, 24382, 18311, 42252, 98358, 64483, 10161, 99954, 43246, 90552]"
115167,"[43204, 99602, 87368, 57273, 44102, 71323, 94317, 88285, 754, 68482]"
115168,"[54227, 25676, 9452, 79725, 95851, 91553, 28052, 61204, 7036, 40622]"
115169,"[89239, 99303, 37982, 67256, 57918, 25536, 47953, 53616, 62387, 67151]"
115170,"[108316, 8518, 43081, 81688, 46767, 85517, 53799, 68218, 27696, 19936]"
115171,"[72403, 94836, 68437, 771, 67188, 72925, 93707, 28455, 23775, 60963]"
115172,"[9714, 821, 108924, 10390, 84225, 91441, 32683, 73397, 40827, 12912]"
115173,"[71622, 65327, 30159, 48284, 55850, 76211, 55961, 46671, 93203, 44829]"
115174,"[45486, 103534, 67568, 109131, 86293, 106171, 14205, 75920, 70872, 35850]"
115175,"[25315, 86560, 67097, 3948, 104559, 90593, 28748, 59234, 101343, 12857]"
115176,"[22519, 108662, 33902, 105185, 104894, 21494, 7409, 79328, 18683, 15324]"
115177,"[23869, 92788, 41524, 61745, 79616, 4660, 65397, 23351, 77147, 58073]"
115178,"[3038, 17376, 16500, 82752, 37697, 14634, 18309, 102657, 37578, 9137]"
115179,"[45483, 43828, 7420, 75016, 45416, 33088, 89481, 71251, 67659, 37472]"
115180,"[92261, 91017, 10152, 56836, 6467, 77023, 106313, 56290, 47295, 85115]"
115181,"[26171, 2081, 96940, 5863, 12062, 109569, 27773, 42445, 97087, 61027]"
115182,"[10691, 41456, 8383, 97715, 28019, 23514, 29583, 32012, 9048, 91333]"
115183,"[98048, 60782, 109139, 87899, 13891, 64917, 105314, 23975, 36894, 64904]"
115184,"[94997, 64607, 79763, 48363, 42937, 104473, 5195, 12071, 36822, 46969]"
115185,"[84878, 28593, 17407, 82486, 6346, 29525, 69583, 57760, 275, 99382]"
115186,"[63727, 82947, 86488, 78416, 29732, 73399, 74875, 70217, 75307, 107824]"
115187,"[87569, 58099, 31128, 8794, 98988, 34746, 62421, 38279, 88851, 83927]"
115188,"[6133, 49427, 105265, 16925, 4726, 63853, 12903, 455, 95369, 96473]"
115189,"[23615, 40661, 1323, 77315, 60438, 56994, 68273, 3848, 51466, 78700]"
115190,"[29418, 104975, 60823, 92443, 42701, 77955, 47521, 102667, 50686, 108827]"
115191,"[41724, 44647, 49605, 89718, 32449, 73007, 8271, 88379, 90049, 22714]"
115192,"[34246, 26454, 90299, 27433, 14975, 57483, 93111, 56719, 99685, 41488]"
115193,"[70010, 78198, 7627, 10704, 59797, 92801, 99338, 54304, 50548, 14217]"
115194,"[24238, 95085, 45806, 12928, 67895, 105170, 66412, 47498, 27918, 84494]"
115195,"[26616, 82384, 82252, 49442, 74834, 87769, 360, 61942, 11626, 79866]"
115196,"[38424, 61282, 56750, 50264, 77117, 49406, 66880, 59175, 102789, 92473]"
115197,"[89429, 82457, 67337, 10677, 10762, 16425, 26176, 97893, 104344, 77111]"
115198,"[42351, 19146, 78395, 72514, 42020, 8457, 33064, 92369, 4748, 23999]"
115199,"[21410, 44113, 11916, 14833, 6760, 74842, 22695, 49357, 81993, 78252]"
115200,"[51330, 98589, 33633, 69240, 91560, 19638, 9569, 18873, 99294, 108293]"
115201,"[109413, 21450, 22117, 67168, 97704, 79359, 38941, 16306, 16314, 51299]"
115202,"[104229, 46992, 40277, 84591, 83999, 67576, 11095, 17382, 70258, 31008]"
115203,"[82118, 81337, 13712, 53908, 62362, 9850, 31263, 77331, 20320, 39228]"
115204,"[38525, 13258, 79606, 90780, 1990, 30611, 6829, 30614, 89859, 13693]"
115205,"[26237, 76977, 93506, 86889, 29469, 28036, 102418, 69487, 100091, 67027]"
115206,"[68328, 5131, 20279, 46332, 63787, 37515, 102878, 66593, 17568, 38509]"
115207,"[46668, 30291, 65176, 31406, 27286, 76059, 63097, 36590, 91354, 99843]"
115208,"[103373, 43246, 32109, 102441, 57343, 45003, 45974, 52204, 64483, 98358]"
115209,"[49361, 5226, 24668, 86717, 101600, 70320, 734, 107169, 98080, 25046]"
115210,"[68414, 62562, 86694, 68031, 12951, 3429, 43654, 101898, 56969, 51650]"
115211,"[21473, 35171, 65263, 62136, 42632, 99525, 59802, 51519, 25774, 104141]"
115212,"[63111, 73528, 86218, 103895, 50439, 12300, 45011, 15204, 32331, 91501]"
115213,"[54374, 15424, 6729, 35899, 87196, 11752, 3613, 10200, 52072, 42519]"
115214,"[27355, 48000, 67542, 65103, 58785, 88486, 84784, 14638, 64267, 56973]"
115215,"[87976, 78840, 60131, 61114, 22975, 41515, 36934, 106364, 54930, 80242]"
115216,"[81066, 84708, 59332, 53598, 94945, 107688, 25206, 2839, 3365, 43349]"
115217,"[77833, 59107, 83809, 45568, 76653, 61528, 83456, 59730, 15033, 64146]"
115218,"[36387, 94197, 59868, 107550, 22202, 38668, 85407, 10882, 88140, 22611]"
115219,"[64494, 2080, 2033, 25520, 39987, 56181, 93983, 62097, 22613, 2463]"
115220,"[56200, 13571, 61903, 75176, 86283, 37010, 81773, 2353, 98709, 14040]"
115221,"[37341, 61741, 94755, 102276, 84267, 99661, 92939, 80102, 37581, 103521]"
115222,"[245, 62810, 98471, 45565, 84354, 45320, 46151, 29923, 78074, 50973]"
115223,"[95589, 66220, 78917, 108600, 54561, 41636, 5610, 87816, 16004, 35208]"
115224,"[95820, 26502, 48190, 57313, 41106, 71616, 6074, 66521, 35693, 6520]"
115225,"[94969, 59024, 106174, 17028, 79596, 20609, 94653, 40085, 98659, 18379]"
115226,"[80890, 6288, 50678, 106720, 4126, 23919, 106995, 77226, 22636, 56436]"
115227,"[104405, 102736, 23512, 64771, 78802, 44848, 54734, 61970, 107531, 45300]"
115228,"[37201, 26626, 99410, 79378, 76466, 17692, 54994, 14497, 9136, 75720]"
115229,"[55823, 56668, 14148, 43469, 108041, 7770, 68092, 38618, 53717, 68172]"
115230,"[84049, 61445, 39425, 10044, 27301, 76314, 42928, 88364, 76875, 62980]"
115231,"[9024, 40530, 28869, 49408, 37339, 38841, 62613, 44268, 102519, 36912]"
115232,"[94981, 106636, 95322, 64321, 36729, 72874, 25369, 38413, 9894, 29630]"
115233,"[45337, 99465, 102967, 106550, 79275, 71515, 79458, 8866, 89479, 29937]"
115234,"[52389, 80271, 50152, 54562, 59923, 459, 32908, 41667, 11743, 24573]"
115235,"[99646, 1115, 41603, 96957, 103641, 47968, 34485, 47281, 101681, 2843]"
115236,"[67555, 40316, 43693, 26738, 93604, 19838, 35749, 1450, 70265, 21259]"
115237,"[84466, 15037, 69609, 90788, 44530, 33997, 87933, 16082, 27762, 103564]"
115238,"[77706, 54489, 38651, 9500, 4951, 56876, 36868, 56080, 89998, 46276]"
115239,"[108758, 56906, 23566, 79282, 67360, 62866, 69295, 37746, 108257, 75254]"
115240,"[89990, 19607, 54931, 102437, 40391, 86344, 37494, 82478, 34596, 40716]"
115241,"[89419, 5084, 108160, 93833, 82146, 40176, 42003, 3405, 6737, 86388]"
115242,"[108980, 106528, 21573, 42738, 97689, 59240, 54073, 72572, 54618, 102580]"
115243,"[17319, 99717, 19803, 29731, 37807, 101833, 48850, 95366, 88984, 35366]"
115244,"[83103, 98400, 80819, 65123, 27767, 104504, 84105, 51799, 45499, 36715]"
115245,"[18805, 10215, 47419, 53204, 35801, 86542, 84376, 19005, 40847, 89287]"
115246,"[98042, 31731, 73988, 32607, 106918, 42070, 30569, 71782, 93844, 89713]"
115247,"[90419, 96182, 97299, 91987, 1279, 49618, 86973, 18285, 91644, 52155]"
115248,"[6177, 104724, 32302, 59968, 80631, 9349, 20909, 79848, 17052, 102045]"
115249,"[101482, 67329, 99698, 41379, 38626, 50509, 69637, 35577, 83013, 31697]"
115250,"[4457, 36281, 30714, 9858, 101365, 101403, 98319, 12402, 50528, 73196]"
115251,"[29737, 71651, 57573, 3525, 15648, 84728, 50844, 43636, 83826, 85554]"
115252,"[96659, 80643, 45582, 68704, 26517, 20933, 81728, 108973, 79843, 48404]"
115253,"[38897, 35354, 22112, 28343, 90323, 727, 95908, 78014, 25983, 3161]"
115254,"[4797, 44340, 105556, 56026, 18945, 19564, 33842, 102199, 66872, 44400]"
115255,"[30019, 26675, 92251, 73002, 103040, 42141, 86049, 100153, 10757, 86604]"
115256,"[66377, 56353, 80276, 47220, 89790, 9985, 49385, 50863, 105689, 75548]"
115257,"[55184, 87040, 64834, 64116, 54552, 38567, 35511, 68367, 77011, 45590]"
115258,"[34287, 6824, 38041, 21749, 63051, 41009, 77209, 31681, 3337, 81939]"
115259,"[64463, 5189, 5988, 105687, 25603, 43534, 54631, 48839, 73303, 38231]"
115260,"[13872, 70310, 89113, 18178, 16909, 32268, 27627, 15577, 51963, 96541]"
115261,"[545, 86489, 49105, 79691, 15202, 87969, 713, 4878, 52975, 107132]"
115262,"[1569, 23001, 53444, 49064, 41909, 94074, 78657, 6792, 26366, 79650]"
115263,"[28134, 74012, 26639, 94932, 93358, 10093, 60918, 49381, 25863, 63970]"
115264,"[691, 36812, 107554, 8062, 81613, 49661, 106479, 59030, 40742, 22557]"
115265,"[11135, 109403, 79479, 101252, 31916, 84022, 37755, 107188, 58030, 38935]"
115266,"[88517, 25658, 63037, 74826, 79821, 91365, 92062, 39224, 31852, 96425]"
115267,"[50937, 11687, 57065, 16676, 67106, 58965, 104448, 54637, 96568, 70853]"
115268,"[33080, 75711, 85694, 76182, 102707, 67787, 62226, 91095, 59805, 12512]"
115269,"[41827, 47041, 33043, 25269, 30740, 44196, 77455, 1840, 104841, 17361]"
115270,"[40844, 18183, 51112, 56548, 49432, 87485, 95062, 15801, 42066, 27531]"
115271,"[80667, 77344, 81041, 99662, 5249, 28653, 32573, 59243, 53337, 24569]"
115272,"[18629, 13218, 47181, 30623, 15082, 58710, 31649, 25538, 93282, 102933]"
115273,"[106446, 91232, 59178, 12690, 13835, 51949, 55506, 8294, 65160, 88766]"
115274,"[27905, 62795, 33608, 93269, 108605, 91781, 61826, 25562, 88689, 60655]"
115275,"[29644, 17557, 34742, 10375, 88254, 34168, 66982, 2000, 84699, 14550]"
115276,"[55302, 70059, 105961, 80037, 102903, 6163, 90004, 19821, 18956, 88688]"
115277,"[104916, 16859, 80845, 89332, 104193, 25672, 57232, 72296, 42749, 88156]"
115278,"[3016, 21074, 2907, 31281, 43571, 103823, 31728, 53690, 61899, 55167]"
115279,"[57835, 30347, 45443, 94237, 83109, 59474, 19248, 64586, 84816, 56759]"
115280,"[83920, 191, 54113, 63464, 18461, 32860, 16288, 87149, 78641, 13282]"
115281,"[34367, 106916, 33165, 29636, 36483, 75149, 42871, 72855, 75612, 70039]"
115282,"[34964, 68214, 15944, 11804, 89238, 70909, 86935, 38042, 66828, 4154]"
115283,"[59901, 68985, 86764, 31988, 96697, 5419, 8009, 70647, 18739, 34060]"
115284,"[40474, 91373, 45301, 62952, 67405, 75727, 76598, 92598, 29070, 61002]"
115285,"[61407, 92532, 87333, 108980, 72572, 92445, 73497, 108959, 102580, 97689]"
115286,"[11780, 34077, 39666, 13283, 6067, 70515, 96340, 18319, 98248, 92134]"
115287,"[75698, 66853, 24263, 13029, 43213, 95324, 12211, 96714, 69049, 80465]"
115288,"[33567, 67342, 5344, 70106, 27825, 64893, 90601, 54064, 64376, 103780]"
115289,"[31305, 82102, 72771, 56544, 87238, 51046, 102740, 47662, 101653, 53356]"
115290,"[85708, 25821, 53469, 52433, 34303, 45032, 66773, 34196, 90346, 10821]"
115291,"[86335, 23681, 51432, 94221, 19144, 54373, 21884, 73656, 31976, 56485]"
115292,"[59780, 106000, 104569, 90157, 100471, 7343, 11487, 73870, 18731, 9879]"
115293,"[22311, 68738, 66024, 18134, 92587, 47077, 71058, 106284, 14729, 6364]"
115294,"[35614, 81602, 102230, 63896, 66867, 109507, 85977, 92977, 89512, 17863]"
115295,"[61851, 104924, 109597, 8955, 28078, 1666, 84276, 10493, 90042, 89694]"
115296,"[80265, 91752, 100403, 50515, 44589, 68215, 101749, 102522, 89798, 5213]"
115297,"[2069, 44269, 91846, 54661, 104419, 92704, 47474, 17234, 44736, 78536]"
115298,"[63732, 15138, 43474, 47599, 72376, 31298, 49685, 5472, 108721, 64690]"
115299,"[82727, 23316, 70191, 25320, 14511, 15668, 79247, 63612, 104489, 50448]"
115300,"[107211, 97693, 79110, 46568, 104361, 38086, 42789, 103854, 29722, 14331]"
115301,"[93066, 40548, 29143, 9481, 103541, 30409, 45943, 12093, 10656, 87392]"
115302,"[15526, 34905, 76626, 9007, 1, 55439, 18047, 56807, 2715, 71877]"
115303,"[98741, 105456, 102450, 96398, 99012, 4594, 36635, 5068, 10474, 24774]"
115304,"[58159, 10990, 103177, 68614, 35100, 98462, 27440, 80861, 81917, 14328]"
115305,"[46975, 69651, 80235, 59073, 56297, 78332, 22522, 10090, 76, 11350]"
115306,"[33982, 9607, 93599, 59715, 77458, 12091, 39691, 41165, 30657, 11394]"
115307,"[23089, 109545, 15441, 60744, 105018, 57017, 23272, 82619, 55191, 89434]"
115308,"[100327, 57230, 55261, 73767, 102850, 100684, 85347, 70210, 83174, 80318]"
115309,"[47245, 37204, 64146, 32344, 86131, 81201, 50080, 63755, 39085, 16442]"
115310,"[62347, 72946, 88582, 64524, 24190, 72304, 74805, 643, 21219, 14999]"
115311,"[8486, 82111, 48625, 46389, 101056, 19600, 105257, 70032, 43590, 46773]"
115312,"[63286, 67035, 67101, 81997, 44498, 43657, 89743, 57290, 4914, 77027]"
115313,"[11878, 74590, 87230, 47534, 65228, 3157, 108743, 92458, 24925, 13480]"
115314,"[94840, 54681, 102046, 7694, 70218, 79515, 1480, 58003, 81102, 96156]"
115315,"[63179, 46585, 32341, 71923, 8066, 84307, 27889, 85815, 50285, 4296]"
115316,"[35719, 59313, 59320, 45981, 6302, 26294, 7493, 48440, 86881, 21571]"
115317,"[11234, 65470, 104135, 55506, 61311, 41899, 90205, 88766, 79555, 71807]"
115318,"[66925, 66694, 102473, 46535, 26884, 1485, 23624, 74457, 102296, 77246]"
115319,"[1452, 71669, 19637, 14777, 38909, 58475, 25974, 45392, 60481, 31796]"
115320,"[34678, 5312, 101194, 15883, 93207, 73037, 64714, 79839, 100242, 50216]"
115321,"[98657, 86561, 85396, 35391, 44167, 57003, 83820, 103489, 6104, 863]"
115322,"[48449, 85447, 2824, 81534, 55216, 102141, 83841, 103353, 9256, 36465]"
115323,"[56379, 14395, 45016, 46816, 8983, 20586, 102455, 15404, 59093, 20214]"
115324,"[11850, 108328, 7666, 9758, 34236, 50915, 86232, 66017, 25498, 67657]"
115325,"[28598, 22700, 32769, 56630, 22358, 47027, 35585, 72943, 75797, 59339]"
115326,"[86261, 83779, 4973, 19631, 51699, 24070, 10513, 59861, 89387, 42709]"
115327,"[51965, 44434, 26342, 15731, 55557, 31278, 45676, 6739, 65166, 40607]"
115328,"[73898, 78535, 33479, 108491, 20336, 62837, 22746, 93181, 32785, 1846]"
115329,"[28551, 95282, 32685, 43169, 42838, 65465, 82594, 29895, 73559, 11988]"
115330,"[5378, 87651, 105952, 80204, 58661, 49613, 72853, 11890, 4385, 76100]"
115331,"[59534, 49959, 88571, 24246, 20885, 1803, 72994, 1787, 26390, 42092]"
115332,"[107851, 28306, 68792, 69920, 86460, 12684, 94769, 79111, 2832, 99154]"
115333,"[38144, 82634, 13137, 21269, 76110, 13814, 78133, 107883, 18125, 51191]"
115334,"[46055, 11184, 62855, 106077, 92310, 14062, 72904, 56454, 49398, 29433]"
115335,"[98152, 28271, 70021, 61919, 57524, 3071, 86861, 101591, 60263, 22543]"
115336,"[12320, 46204, 35906, 61709, 2893, 91885, 96509, 70130, 19949, 84410]"
115337,"[67387, 8312, 104662, 74292, 12181, 80664, 72047, 57228, 72187, 75237]"
115338,"[98340, 72873, 12681, 18209, 106758, 106409, 52823, 94958, 54314, 95121]"
115339,"[27952, 37411, 32956, 15540, 511, 9003, 28729, 17611, 62682, 58798]"
115340,"[45235, 5411, 45084, 24077, 53941, 93741, 56726, 36090, 22326, 93195]"
115341,"[6802, 57103, 62957, 36110, 33625, 16172, 108697, 65427, 71287, 79856]"
115342,"[103264, 26518, 31187, 63728, 90133, 42464, 5201, 60815, 40284, 92811]"
115343,"[38944, 95513, 32274, 107579, 85728, 80024, 1710, 60545, 38422, 2124]"
115344,"[109644, 68751, 82273, 8801, 75369, 79073, 3735, 18080, 11541, 35507]"
115345,"[80957, 19430, 14857, 64595, 69118, 77956, 37618, 1470, 105661, 60108]"
115346,"[106581, 102958, 7295, 69993, 84234, 8395, 43489, 19429, 81575, 49512]"
115347,"[47775, 67875, 10941, 80703, 90805, 12769, 22996, 35346, 78294, 66341]"
115348,"[70262, 64257, 91536, 101808, 68953, 22023, 20151, 69366, 20578, 76475]"
115349,"[68508, 82495, 15084, 7182, 50897, 5851, 44978, 58829, 35322, 11917]"
115350,"[59187, 55269, 26749, 26861, 59428, 64099, 27836, 76980, 42609, 87497]"
115351,"[51337, 24225, 106302, 72907, 108363, 102768, 15516, 6167, 84409, 38227]"
115352,"[47815, 61089, 58340, 70397, 14184, 93942, 63223, 31642, 92246, 13786]"
115353,"[30423, 20785, 28292, 64291, 14360, 26824, 52228, 73745, 69182, 15172]"
115354,"[27570, 29987, 89719, 70063, 55357, 50727, 99571, 20610, 64403, 63439]"
115355,"[32572, 85540, 73130, 42592, 19305, 10513, 97076, 25188, 34751, 105302]"
115356,"[91844, 68428, 21343, 3065, 11045, 11929, 53299, 84836, 98959, 46164]"
115357,"[61528, 59730, 45568, 64146, 83809, 15033, 83456, 48336, 2377, 77833]"
115358,"[108472, 19187, 75038, 49337, 109410, 96075, 39984, 78836, 74056, 84393]"
115359,"[21264, 36742, 19125, 37513, 50214, 76409, 101530, 41880, 104864, 3145]"
115360,"[56175, 85814, 47576, 26899, 43438, 77815, 49055, 90673, 11399, 33640]"
115361,"[47066, 47523, 87456, 102055, 36717, 39290, 51012, 7405, 100841, 13522]"
115362,"[71864, 79928, 107535, 45176, 76864, 89251, 96304, 101594, 34125, 86394]"
115363,"[42856, 70593, 53051, 5969, 3287, 70996, 63410, 45982, 77223, 5866]"
115364,"[54016, 46936, 17875, 49960, 3408, 15032, 20527, 12667, 5714, 83478]"
115365,"[97446, 7489, 11771, 5287, 95640, 57649, 2155, 33391, 20177, 85035]"
115366,"[47839, 99096, 10976, 53626, 83812, 25901, 77404, 101017, 41370, 25335]"
115367,"[89394, 49867, 95564, 88055, 34515, 50991, 651, 20272, 19339, 14476]"
115368,"[104993, 35294, 101224, 38536, 64329, 88596, 97259, 24800, 27639, 107707]"
115369,"[96843, 67017, 39216, 21824, 26726, 11986, 18061, 37300, 1047, 84098]"
115370,"[51192, 22812, 106983, 11300, 92223, 79122, 77098, 102225, 27969, 66175]"
115371,"[37447, 15672, 17504, 173, 36869, 60025, 96370, 77361, 99566, 67982]"
115372,"[77342, 61610, 72089, 36638, 98769, 21632, 78529, 95690, 23897, 93676]"
115373,"[80891, 4834, 5904, 106549, 15711, 25092, 14915, 74009, 40359, 12586]"
115374,"[71700, 45819, 61332, 17245, 54441, 11637, 78035, 102918, 11935, 20324]"
115375,"[28324, 40000, 79706, 37602, 104983, 91675, 59279, 57208, 93320, 10201]"
115376,"[46317, 106680, 93961, 85488, 90138, 109237, 5660, 96770, 12185, 104749]"
115377,"[352, 75773, 6578, 61982, 90222, 106227, 85656, 57040, 63247, 57946]"
115378,"[15776, 42524, 69871, 46010, 109140, 19343, 98924, 480, 17570, 90928]"
115379,"[30515, 21447, 53448, 32010, 64728, 90465, 28842, 104646, 78570, 3120]"
115380,"[77508, 64193, 54330, 34055, 105793, 86786, 91002, 90874, 64032, 183]"
115381,"[30075, 86473, 102209, 83280, 101915, 12004, 30053, 760, 22340, 70688]"
115382,"[62478, 99238, 82544, 41424, 39847, 3597, 48575, 40626, 30352, 80086]"
115383,"[68861, 20626, 27210, 14766, 27189, 23958, 32926, 14313, 45729, 34708]"
115384,"[74977, 96440, 64040, 58436, 109302, 32857, 100604, 49437, 88498, 59360]"
115385,"[96222, 85484, 49097, 99309, 30509, 94495, 1731, 81416, 88962, 99811]"
115386,"[40796, 9866, 49938, 70696, 54867, 64806, 102002, 58459, 60644, 16748]"
115387,"[38833, 13971, 21574, 88525, 101558, 60530, 82103, 63618, 12300, 103772]"
115388,"[87046, 72063, 104349, 14820, 99816, 102554, 25951, 105005, 17641, 105910]"
115389,"[93604, 108301, 9117, 92553, 21242, 19754, 45692, 1538, 32819, 106060]"
115390,"[41352, 40236, 90361, 62858, 101497, 47598, 29438, 34225, 26206, 49606]"
115391,"[93611, 51702, 6486, 1602, 84055, 54519, 69683, 39135, 101694, 82969]"
115392,"[15794, 55106, 38172, 28255, 81879, 45642, 65804, 100712, 1870, 51009]"
115393,"[4301, 20928, 11873, 94982, 44133, 83690, 34602, 85833, 37777, 56328]"
115394,"[31247, 43643, 58365, 57686, 107120, 81442, 43992, 53276, 35952, 6634]"
115395,"[57208, 91675, 57891, 59279, 104983, 28324, 62713, 12955, 93320, 106087]"
115396,"[8657, 75250, 49691, 58902, 105245, 46571, 67590, 35112, 102097, 45762]"
115397,"[50172, 41937, 96256, 35613, 44137, 74104, 49595, 92160, 18217, 48149]"
115398,"[19682, 86603, 104699, 15745, 5463, 69732, 93773, 50726, 14859, 18185]"
115399,"[100135, 109423, 21098, 26786, 100622, 9942, 102954, 40918, 91621, 10066]"
115400,"[27889, 85815, 71923, 90576, 8066, 63179, 46585, 60547, 32341, 4296]"
115401,"[64680, 87121, 80712, 14856, 69646, 98649, 32486, 17066, 14113, 12284]"
115402,"[95407, 8304, 10318, 36284, 69033, 3547, 88777, 21997, 14218, 1292]"
115403,"[70972, 67977, 66426, 59717, 53892, 27758, 59244, 70582, 78065, 33399]"
115404,"[94288, 6200, 18072, 72561, 62490, 74342, 29125, 38861, 28330, 6346]"
115405,"[62801, 87984, 31028, 68037, 86762, 99716, 5931, 61240, 29503, 89400]"
115406,"[89329, 30967, 36450, 5002, 64145, 100968, 36350, 68262, 65591, 64925]"
115407,"[67800, 89047, 841, 33712, 24689, 11596, 56137, 96277, 87988, 49283]"
115408,"[73207, 40281, 54028, 31740, 37081, 39872, 1899, 45445, 41857, 103679]"
115409,"[54031, 10533, 105683, 82235, 55130, 1237, 34714, 90846, 2488, 53680]"
115410,"[75851, 96287, 47855, 54170, 52915, 76137, 57564, 27980, 23360, 77957]"
115411,"[87743, 47522, 29909, 66475, 25643, 31497, 48453, 1792, 6385, 37531]"
115412,"[107367, 65243, 14504, 89728, 2600, 100573, 95337, 42903, 36333, 86465]"
115413,"[78046, 107574, 46502, 33006, 17536, 82977, 59418, 5118, 36778, 83167]"
115414,"[86729, 33664, 66367, 23552, 92634, 56254, 57603, 60333, 89176, 68720]"
115415,"[46318, 65393, 46466, 38126, 76000, 97287, 95343, 41503, 90362, 88268]"
115416,"[82148, 37629, 42916, 9997, 84732, 4502, 32588, 40333, 108744, 17369]"
115417,"[6324, 76533, 33575, 88786, 106322, 90654, 37946, 69415, 7215, 16564]"
115418,"[107706, 72702, 62030, 87527, 93548, 94685, 13113, 51310, 85023, 39410]"
115419,"[40419, 6717, 5540, 103029, 33877, 76298, 34933, 17581, 28838, 102818]"
115420,"[52068, 23709, 69164, 32901, 45204, 6297, 107414, 19259, 32979, 27396]"
115421,"[7147, 9803, 36294, 741, 108943, 108810, 14352, 58671, 38813, 94572]"
115422,"[84679, 104936, 77186, 1099, 15071, 69504, 35491, 18331, 109317, 42561]"
115423,"[83859, 43785, 39185, 43838, 109192, 29940, 86704, 57916, 49641, 13550]"
115424,"[32942, 77447, 27899, 26162, 90346, 83450, 45032, 25821, 85708, 52433]"
115425,"[11426, 88754, 95017, 5756, 60517, 55898, 108291, 83028, 74644, 14197]"
115426,"[105815, 92153, 6007, 36249, 67443, 108416, 109148, 37269, 69395, 24006]"
115427,"[11278, 61597, 90949, 96485, 61744, 107412, 23411, 70964, 73963, 83298]"
115428,"[54968, 107932, 1964, 107439, 30900, 93547, 99416, 60194, 21458, 37534]"
115429,"[98904, 94015, 73577, 40139, 50377, 99157, 35177, 38095, 101339, 25331]"
115430,"[57772, 27218, 31141, 92010, 59352, 33255, 49775, 95513, 81976, 85728]"
115431,"[108580, 62769, 9987, 14756, 21474, 74115, 29371, 41220, 17236, 40357]"
115432,"[67609, 55392, 29051, 30035, 71868, 44769, 97284, 84210, 72198, 78491]"
115433,"[91759, 55843, 52163, 59506, 792, 42923, 66015, 52805, 78498, 109460]"
115434,"[75438, 36976, 4365, 38799, 42561, 5214, 26875, 70640, 33850, 79093]"
115435,"[43114, 6695, 88077, 87638, 72891, 85903, 93754, 84461, 93250, 1069]"
115436,"[77119, 2238, 84875, 76835, 59590, 8684, 53074, 53278, 41971, 14273]"
115437,"[20552, 3417, 98920, 101831, 77938, 54398, 104414, 34819, 32278, 16078]"
115438,"[14933, 4017, 109684, 64644, 90088, 12143, 47680, 50743, 5565, 103720]"
115439,"[68062, 19875, 11010, 29451, 71487, 80550, 39786, 104808, 84448, 17195]"
115440,"[101313, 26062, 25415, 18907, 99885, 102067, 42879, 17371, 64456, 27266]"
115441,"[3148, 75126, 68325, 18451, 38192, 59930, 40813, 49210, 57837, 26874]"
115442,"[2037, 26160, 107529, 8976, 104070, 4201, 32851, 3290, 88138, 89543]"
115443,"[27047, 30757, 44228, 49741, 65719, 21611, 106459, 26198, 10787, 76252]"
115444,"[75561, 10799, 1717, 15385, 60534, 106626, 100887, 52078, 97785, 5789]"
115445,"[101948, 56140, 71169, 65252, 108504, 82418, 64170, 25896, 6129, 13771]"
115446,"[103622, 104047, 108214, 19805, 58486, 16092, 37297, 74911, 14107, 1668]"
115447,"[2281, 81605, 87138, 32176, 2457, 80390, 92809, 16805, 76338, 80574]"
115448,"[81431, 63982, 101412, 51447, 61756, 2381, 9075, 54204, 243, 39234]"
115449,"[83957, 48669, 34226, 87574, 77276, 76694, 21834, 19384, 26703, 62611]"
115450,"[29237, 89982, 61787, 108975, 84573, 76041, 61279, 56172, 16051, 92057]"
115451,"[39329, 94993, 76270, 64575, 84243, 24571, 56654, 4875, 26786, 75219]"
115452,"[58159, 68614, 63461, 49416, 62251, 62056, 61524, 34064, 10990, 80861]"
115453,"[21460, 74049, 98255, 22634, 3533, 34677, 46961, 6115, 7934, 27324]"
115454,"[104134, 23601, 59017, 38397, 1824, 61497, 20322, 71764, 83976, 51001]"
115455,"[17319, 99717, 29731, 19803, 48850, 101833, 37807, 88984, 52833, 65002]"
115456,"[2360, 49929, 43282, 104626, 84577, 3149, 39740, 70340, 52745, 29693]"
115457,"[358, 37284, 96134, 24075, 97957, 17109, 87179, 61813, 109455, 78892]"
115458,"[91852, 98883, 53178, 65441, 79124, 24682, 58463, 24645, 90386, 11816]"
115459,"[40343, 80514, 72784, 103956, 47706, 34024, 40565, 53351, 77983, 89539]"
115460,"[30092, 67947, 96488, 102184, 29524, 46178, 22362, 68811, 44831, 80777]"
115461,"[71533, 31970, 23372, 85222, 38448, 22213, 89355, 44555, 81778, 72900]"
115462,"[30026, 19347, 83878, 44153, 52262, 52213, 19203, 57404, 23390, 39775]"
115463,"[106296, 9771, 39018, 67135, 63276, 52408, 7302, 60414, 27248, 68443]"
115464,"[64174, 109221, 41758, 69781, 55142, 4702, 18814, 52560, 109101, 12818]"
115465,"[83992, 86529, 24983, 49797, 878, 24585, 82130, 42376, 43688, 46129]"
115466,"[85606, 35564, 75525, 51659, 53759, 97391, 79681, 57003, 44167, 40752]"
115467,"[48176, 98190, 43805, 54728, 38044, 91453, 55612, 7478, 95860, 89234]"
115468,"[65904, 95003, 26929, 38630, 60905, 49957, 35059, 85525, 4756, 7177]"
115469,"[67783, 17416, 103292, 66189, 22593, 46447, 71631, 7019, 83193, 92919]"
115470,"[6943, 7699, 77525, 38542, 60787, 90705, 94254, 25508, 24285, 47215]"
115471,"[5098, 49493, 87633, 44678, 37818, 33062, 29559, 10738, 59046, 5727]"
115472,"[64375, 52923, 50951, 15714, 19042, 13420, 62959, 40021, 3274, 103484]"
115473,"[95606, 105191, 3956, 49111, 53587, 28748, 25315, 26092, 101343, 3948]"
115474,"[73541, 59708, 2580, 66684, 104735, 91540, 76003, 80835, 33174, 88858]"
115475,"[79509, 81373, 33768, 78516, 97004, 101543, 63159, 77345, 106817, 60294]"
115476,"[58272, 37810, 58943, 96447, 54599, 63917, 73045, 34290, 57859, 46038]"
115477,"[40193, 9542, 3191, 5030, 75004, 29876, 24676, 38617, 41075, 9798]"
115478,"[15749, 79667, 2905, 78307, 88408, 10836, 30015, 69679, 93347, 86980]"
115479,"[74213, 27583, 95834, 25362, 63972, 79429, 73749, 106249, 2610, 37839]"
115480,"[10360, 65375, 54386, 65212, 71870, 15782, 79185, 26264, 16462, 64018]"
115481,"[66268, 40057, 74578, 46382, 25193, 34034, 97401, 60994, 90887, 100570]"
115482,"[31359, 10203, 59337, 95233, 90250, 31790, 3847, 64910, 87930, 109123]"
115483,"[96691, 71652, 97712, 7912, 88446, 90657, 57226, 43692, 35789, 106051]"
115484,"[8813, 55919, 87531, 53745, 61485, 34696, 75405, 62079, 92581, 89100]"
115485,"[13079, 33606, 37321, 18403, 109100, 43070, 80467, 54869, 42635, 23349]"
115486,"[48387, 28553, 50964, 59657, 64239, 32554, 62990, 39294, 43292, 90534]"
115487,"[62488, 51205, 13362, 5150, 101171, 103247, 99277, 66267, 31144, 64692]"
115488,"[50610, 87100, 93216, 37963, 646, 90884, 61208, 70833, 104959, 59098]"
115489,"[9655, 10464, 104303, 63595, 59995, 66181, 12135, 66108, 48790, 65874]"
115490,"[61507, 49798, 59683, 106258, 90646, 6448, 62211, 62907, 35665, 51094]"
115491,"[98334, 475, 51294, 71274, 13853, 97292, 81354, 89546, 98290, 75331]"
115492,"[95635, 73872, 70494, 47487, 109096, 89074, 39716, 102215, 14033, 12770]"
115493,"[98210, 45210, 75913, 87177, 45573, 69589, 59931, 3794, 41943, 5365]"
115494,"[62, 751, 92316, 88373, 70764, 103758, 107205, 1698, 75770, 11559]"
115495,"[43119, 69587, 76687, 26995, 59957, 48017, 8181, 79277, 55385, 3775]"
115496,"[28738, 12567, 28026, 15261, 12800, 36814, 2990, 78958, 107586, 87648]"
115497,"[59303, 80540, 15820, 65763, 90129, 15940, 59546, 89598, 23160, 10036]"
115498,"[34330, 35807, 77074, 80154, 69773, 63281, 60532, 20622, 47997, 104188]"
115499,"[54731, 66094, 62197, 109142, 105023, 99429, 35347, 3336, 27377, 59897]"
115500,"[108483, 55936, 71266, 65682, 46154, 46889, 65764, 78441, 21425, 47255]"
115501,"[39016, 90823, 21424, 443, 65733, 44139, 39472, 35185, 74043, 48667]"
115502,"[106184, 104884, 78054, 6260, 44604, 83722, 35287, 52335, 30343, 34458]"
115503,"[29277, 5625, 92950, 36607, 15730, 1509, 16162, 32127, 29246, 71035]"
115504,"[12770, 6905, 47487, 3192, 68727, 87349, 70866, 23649, 61714, 58977]"
115505,"[43102, 73100, 77389, 102507, 84671, 11264, 67674, 70194, 19089, 49172]"
115506,"[7083, 40870, 107125, 100011, 24944, 25494, 36851, 87674, 83455, 35884]"
115507,"[86659, 9492, 58934, 109685, 56608, 55623, 82925, 85078, 87468, 104930]"
115508,"[53822, 85227, 32573, 44950, 59243, 63005, 37190, 56478, 5249, 28653]"
115509,"[41448, 108377, 45895, 40726, 72967, 62956, 64562, 27833, 69610, 83221]"
115510,"[96710, 59786, 100066, 18904, 35458, 98244, 43877, 15181, 26197, 53380]"
115511,"[71506, 100450, 59304, 86098, 80299, 5000, 26785, 12201, 23456, 39156]"
115512,"[71929, 106306, 80604, 5277, 5034, 90640, 65236, 49469, 74620, 48064]"
115513,"[18859, 70478, 105632, 93587, 47895, 46275, 31264, 71800, 85377, 8622]"
115514,"[81110, 56471, 36336, 55749, 62171, 5723, 86959, 61363, 60184, 13063]"
115515,"[7493, 45981, 86881, 21571, 6302, 63429, 26294, 81574, 35719, 67363]"
115516,"[103517, 68947, 69841, 101578, 40751, 96155, 100278, 90742, 37173, 101821]"
115517,"[103600, 16589, 83866, 54976, 72355, 100099, 45061, 3883, 9776, 56758]"
115518,"[26450, 88397, 17064, 79408, 25021, 94634, 69463, 66329, 73589, 102766]"
115519,"[102323, 17580, 11482, 11738, 54246, 44706, 91263, 31953, 5983, 82141]"
115520,"[62016, 64686, 95422, 87484, 27837, 80609, 108942, 46728, 38708, 10111]"
115521,"[18327, 23369, 97067, 52792, 64952, 103346, 53955, 39369, 41476, 9425]"
115522,"[22105, 51951, 37883, 57934, 46716, 102786, 107075, 49891, 46214, 70808]"
115523,"[37947, 28025, 86753, 23492, 93749, 22230, 77484, 108944, 56327, 13905]"
115524,"[67225, 53619, 54401, 108488, 76945, 30698, 96826, 99513, 88552, 40768]"
115525,"[28759, 46658, 29782, 100439, 44535, 47851, 48647, 19651, 69822, 82416]"
115526,"[45108, 34352, 6499, 36073, 97007, 51332, 84105, 39097, 109000, 109675]"
115527,"[90757, 64917, 98048, 39461, 49188, 51896, 9458, 13891, 64904, 60782]"
115528,"[20820, 26860, 86077, 38285, 77529, 17270, 103813, 20867, 65499, 16941]"
115529,"[5159, 18093, 54109, 8096, 88260, 56515, 84689, 10720, 30974, 16508]"
115530,"[81285, 56373, 79128, 46895, 1996, 71970, 93189, 99206, 43466, 52541]"
115531,"[64493, 107773, 15019, 75134, 13708, 31173, 91576, 58962, 109658, 19942]"
115532,"[92882, 3138, 19610, 28061, 87105, 35382, 65712, 4361, 105093, 98293]"
115533,"[24165, 1951, 45238, 72077, 95500, 1457, 86610, 91319, 63549, 77493]"
115534,"[108687, 1108, 41934, 54643, 31419, 10667, 101437, 52546, 100808, 30629]"
115535,"[44093, 52307, 73483, 62500, 90378, 99478, 93379, 48506, 13043, 83671]"
115536,"[93775, 103537, 84848, 79989, 69570, 13066, 30434, 40003, 16114, 74090]"
115537,"[647, 73609, 25390, 92589, 58854, 82183, 79818, 44757, 9376, 26923]"
115538,"[83363, 30420, 92140, 27986, 87179, 13585, 80089, 33892, 61813, 93618]"
115539,"[105606, 108189, 83468, 87035, 18558, 17609, 36160, 90896, 106802, 14632]"
115540,"[51062, 105955, 38270, 50916, 64415, 11099, 46661, 72872, 39692, 55489]"
115541,"[38525, 13258, 39635, 13693, 3605, 89859, 35648, 70070, 1990, 5331]"
115542,"[88193, 24282, 57327, 62608, 97341, 61770, 13942, 81021, 9381, 62365]"
115543,"[72261, 90861, 88067, 92003, 101054, 43349, 107200, 15843, 40428, 78036]"
115544,"[90590, 98397, 100524, 109523, 36914, 19463, 100923, 100859, 71503, 89943]"
115545,"[578, 43793, 86779, 40991, 58247, 50646, 26649, 65779, 5999, 64514]"
115546,"[4395, 57395, 55884, 18102, 44849, 4165, 90408, 28507, 101906, 21130]"
115547,"[81119, 16365, 99427, 82670, 102498, 106278, 50902, 78328, 19077, 53738]"
115548,"[76271, 3236, 86680, 65966, 95890, 41875, 53818, 51930, 2962, 13371]"
115549,"[20306, 19249, 101074, 52995, 108342, 3622, 17542, 9594, 89666, 109469]"
115550,"[18525, 62819, 92640, 99528, 14995, 13989, 73269, 87908, 10229, 18378]"
115551,"[77928, 22294, 82496, 6567, 60091, 24867, 46812, 89269, 11313, 57827]"
115552,"[45067, 60228, 72536, 30172, 82882, 36207, 48768, 68002, 4085, 66727]"
115553,"[57158, 86347, 64915, 59910, 66907, 58478, 16965, 70457, 73753, 65090]"
115554,"[30490, 108292, 60509, 55175, 84904, 89041, 46231, 12873, 29723, 82711]"
115555,"[35637, 76826, 7516, 86609, 73585, 102409, 75065, 49079, 106684, 25166]"
115556,"[3838, 63677, 25581, 66676, 47263, 47330, 37407, 35730, 46830, 104205]"
115557,"[40189, 8102, 7772, 10015, 65640, 37102, 101958, 101380, 58567, 96765]"
115558,"[49915, 772, 48302, 44171, 98548, 2587, 42397, 103147, 103392, 43494]"
115559,"[29289, 104868, 35190, 5170, 66298, 39445, 96811, 47498, 83019, 106102]"
115560,"[103117, 47464, 67037, 93864, 83470, 72314, 39991, 27718, 73070, 88705]"
115561,"[89737, 11362, 79381, 91707, 21557, 5467, 66993, 34057, 42042, 36897]"
115562,"[12371, 67223, 56302, 84058, 97677, 70778, 35738, 82708, 65173, 61988]"
115563,"[90761, 54130, 24835, 33597, 64236, 37794, 10656, 42425, 95633, 33214]"
115564,"[60818, 83605, 106611, 27127, 46850, 73569, 40939, 7226, 85583, 82973]"
115565,"[67268, 62264, 79763, 64607, 83692, 36822, 24296, 94997, 3602, 42937]"
115566,"[77967, 61768, 48977, 104439, 83639, 64391, 81140, 83253, 82488, 63127]"
115567,"[67986, 87285, 98016, 51366, 87002, 12739, 1926, 98423, 42040, 60060]"
115568,"[105931, 97527, 53695, 63112, 46373, 27936, 104808, 99715, 82063, 68008]"
115569,"[40985, 6876, 20974, 48168, 60583, 10979, 3615, 65106, 50527, 43053]"
115570,"[1718, 107540, 39124, 103825, 43609, 94597, 24875, 33117, 61886, 76515]"
115571,"[47093, 35912, 35960, 51266, 103169, 50038, 28672, 59129, 23890, 95154]"
115572,"[51571, 67620, 4324, 26163, 5880, 69411, 81657, 34460, 62746, 89241]"
115573,"[18247, 11174, 96618, 22848, 31423, 105918, 25930, 31399, 9375, 76459]"
115574,"[10512, 28492, 38577, 78247, 36605, 99149, 87507, 47021, 53225, 28013]"
115575,"[92889, 81107, 23737, 90239, 24432, 4745, 86783, 19475, 58796, 22681]"
115576,"[23130, 39000, 81746, 24049, 87287, 4315, 51078, 56150, 104714, 31165]"
115577,"[5765, 20711, 58685, 85831, 27062, 47957, 57800, 67428, 13789, 84167]"
115578,"[64784, 77694, 30653, 70374, 40683, 61775, 99922, 28737, 70247, 94967]"
115579,"[81526, 79352, 96307, 76236, 38167, 101792, 20186, 20092, 50188, 94248]"
115580,"[29961, 6959, 102070, 83058, 29491, 55898, 13833, 10788, 88754, 95017]"
115581,"[92443, 60823, 29418, 44620, 28881, 81287, 101085, 94239, 18488, 85857]"
115582,"[65663, 73307, 73843, 101303, 55043, 107780, 47960, 75008, 60559, 38398]"
115583,"[52556, 2713, 52456, 11792, 102081, 101838, 35801, 73121, 87434, 51413]"
115584,"[94467, 58985, 3449, 30431, 66839, 78649, 2475, 61934, 86834, 55573]"
115585,"[24560, 68813, 6743, 25157, 3616, 70338, 80029, 5076, 49774, 36103]"
115586,"[107217, 75961, 54347, 16348, 20409, 54615, 13678, 639, 63108, 23397]"
115587,"[54532, 105855, 108127, 36971, 7412, 83817, 63314, 49919, 71834, 41662]"
115588,"[21257, 37920, 5017, 67773, 78304, 81979, 19942, 7320, 88010, 97231]"
115589,"[31528, 108683, 2674, 31340, 95665, 90023, 94761, 97549, 38998, 75300]"
115590,"[47294, 39537, 22163, 61857, 107545, 102976, 100550, 36844, 90819, 36141]"
115591,"[6537, 54146, 95546, 65361, 85757, 37320, 22355, 6451, 17538, 47872]"
115592,"[71477, 23078, 108080, 34166, 24903, 59804, 2300, 102093, 52828, 72484]"
115593,"[86771, 61014, 101552, 90478, 94944, 106612, 87227, 82697, 55621, 7980]"
115594,"[106971, 39657, 19795, 63710, 24590, 45166, 82597, 66376, 25078, 109116]"
115595,"[48605, 42889, 29867, 29368, 9895, 29444, 17320, 85204, 16385, 41914]"
115596,"[98675, 28559, 20507, 103546, 54748, 47201, 88700, 25427, 79090, 69182]"
115597,"[90197, 88502, 57882, 81982, 59486, 82885, 79242, 38338, 15029, 102424]"
115598,"[29897, 39507, 78630, 83753, 9113, 45106, 57492, 77126, 44353, 11974]"
115599,"[66377, 56353, 80276, 47220, 89790, 9985, 49385, 50863, 105689, 75548]"
115600,"[54381, 20080, 66424, 55225, 23158, 90775, 27044, 36932, 50854, 27576]"
115601,"[46302, 11317, 62445, 80177, 72969, 43854, 41774, 85556, 49043, 65042]"
115602,"[40833, 22861, 58703, 45197, 82321, 93751, 23747, 22553, 35071, 57872]"
115603,"[100810, 30803, 58607, 49284, 76361, 20574, 29540, 13223, 93746, 70673]"
115604,"[23291, 31452, 72962, 21518, 50607, 93830, 34966, 82897, 893, 51410]"
115605,"[22201, 48991, 45517, 41179, 43870, 108850, 71990, 40640, 52044, 99146]"
115606,"[108497, 93762, 38970, 107949, 61790, 77894, 25705, 63520, 724, 96054]"
115607,"[76037, 7127, 29140, 23127, 107131, 94113, 17035, 96443, 31588, 81818]"
115608,"[13471, 41506, 58960, 979, 60010, 61164, 27822, 106031, 59151, 81278]"
115609,"[3676, 28784, 56409, 88349, 23320, 13592, 45280, 104584, 62427, 77167]"
115610,"[93462, 51529, 70211, 85390, 10292, 105925, 54687, 35368, 36640, 57159]"
115611,"[31634, 44676, 89861, 97581, 60080, 68121, 74495, 20094, 49871, 7253]"
115612,"[81009, 104198, 57898, 59511, 57069, 74543, 32051, 44252, 52218, 38093]"
115613,"[44293, 59287, 95278, 109432, 34723, 18237, 60142, 91280, 71932, 89768]"
115614,"[75596, 31262, 79778, 43391, 95162, 97950, 97891, 106061, 15998, 105776]"
115615,"[87235, 33634, 73189, 89135, 73817, 19193, 68033, 39575, 32980, 73998]"
115616,"[63271, 34470, 99869, 34143, 61622, 75574, 49769, 63061, 30646, 108136]"
115617,"[31535, 20218, 24790, 63750, 64838, 82311, 80506, 66600, 54530, 25227]"
115618,"[68435, 47592, 8406, 68023, 67861, 40699, 31589, 13114, 97162, 91197]"
115619,"[27530, 91511, 99400, 81282, 84432, 83703, 62156, 77454, 20070, 47777]"
115620,"[38045, 3240, 61497, 80061, 7731, 45876, 55765, 77317, 85965, 14307]"
115621,"[40324, 72944, 61837, 96272, 69835, 35069, 93722, 39710, 85789, 99955]"
115622,"[880, 28298, 26553, 81905, 91392, 59109, 23194, 33899, 69389, 3554]"
115623,"[88818, 17412, 24615, 14363, 79868, 51334, 82703, 11813, 60208, 2930]"
115624,"[64635, 22855, 29913, 47528, 67179, 93501, 108842, 18524, 1718, 16129]"
115625,"[45720, 59818, 75721, 13516, 68900, 70069, 68638, 668, 13407, 19253]"
115626,"[54123, 65729, 37104, 30317, 29407, 88001, 86618, 2162, 62937, 92197]"
115627,"[82491, 28423, 104231, 74696, 81111, 49550, 33247, 34542, 27394, 82909]"
115628,"[59321, 46335, 55740, 10383, 47656, 58173, 56674, 72326, 109754, 41364]"
115629,"[47900, 48762, 6670, 107374, 14242, 7473, 10043, 86974, 35957, 46696]"
115630,"[37803, 697, 38986, 17324, 38053, 60827, 5560, 36710, 100631, 42939]"
115631,"[24091, 47096, 37698, 87765, 57634, 6505, 72379, 108243, 109270, 80607]"
115632,"[1265, 46141, 40143, 83938, 23270, 4074, 48677, 1049, 19570, 54660]"
115633,"[14041, 263, 44211, 91766, 32615, 103994, 108718, 24836, 85032, 56073]"
115634,"[26541, 13290, 50211, 428, 31664, 81935, 4718, 12285, 3697, 106587]"
115635,"[65011, 60454, 107110, 70373, 40093, 9558, 18542, 82695, 104835, 104176]"
115636,"[62172, 47421, 58587, 69653, 85990, 86791, 3962, 18322, 40875, 51300]"
115637,"[37089, 7052, 89415, 60868, 98041, 93459, 81857, 45832, 18289, 101007]"
115638,"[95901, 75544, 10687, 59412, 69529, 13384, 49503, 95819, 26842, 107324]"
115639,"[39183, 99122, 107376, 50243, 49748, 59338, 7507, 24928, 17728, 62530]"
115640,"[37139, 101052, 49050, 51825, 102941, 82681, 1338, 36024, 76165, 24510]"
115641,"[1105, 24806, 109209, 20999, 54988, 73001, 15977, 23660, 63514, 58599]"
115642,"[68308, 24584, 12310, 107235, 50318, 49958, 7380, 31485, 2533, 99030]"
115643,"[23981, 21058, 54316, 109473, 90567, 54264, 31763, 75634, 73069, 92779]"
115644,"[69644, 9193, 73523, 63596, 2900, 2593, 76610, 62531, 3153, 94443]"
115645,"[99362, 81321, 74291, 3045, 1976, 9044, 9037, 66681, 56516, 58240]"
115646,"[54398, 77938, 20552, 101831, 64242, 3417, 98920, 82409, 108942, 80609]"
115647,"[29869, 311, 1688, 71040, 10618, 60447, 13543, 42210, 45273, 83137]"
115648,"[58396, 75259, 1919, 67793, 44456, 7039, 3239, 69844, 34354, 75927]"
115649,"[89173, 95880, 72315, 12599, 4654, 56168, 105741, 96614, 57083, 102492]"
115650,"[99750, 80311, 45761, 71508, 88804, 73794, 37731, 56264, 85271, 20212]"
115651,"[46305, 18651, 83090, 43146, 23037, 72270, 59891, 43388, 18189, 76067]"
115652,"[15912, 25169, 103345, 10722, 24012, 93924, 104461, 41360, 23535, 28467]"
115653,"[67100, 16372, 17425, 10141, 109355, 16617, 43310, 37044, 39779, 61911]"
115654,"[89926, 80270, 101677, 31072, 93148, 64346, 5348, 61955, 18409, 106847]"
115655,"[79263, 68148, 105119, 72488, 8714, 60366, 95465, 17761, 89732, 13324]"
115656,"[86976, 53, 99703, 11601, 49749, 76162, 76552, 83715, 93738, 48856]"
115657,"[101974, 98172, 46554, 77935, 9738, 11830, 57754, 5957, 43437, 3856]"
115658,"[98261, 54477, 5100, 25, 6151, 80659, 94647, 65446, 44807, 56252]"
115659,"[99281, 87950, 51733, 98632, 95611, 38831, 24728, 41895, 69923, 76360]"
115660,"[91468, 86697, 70119, 101708, 5887, 52115, 43550, 58730, 80682, 102162]"
115661,"[109550, 44889, 33309, 97540, 79664, 41676, 17309, 48150, 29215, 104365]"
115662,"[13273, 27206, 96749, 102741, 11837, 72345, 72799, 86200, 76889, 109724]"
115663,"[68031, 3429, 49925, 86694, 62562, 68414, 12951, 60018, 53326, 94473]"
115664,"[100039, 13978, 35087, 23115, 80394, 29965, 13329, 78312, 33083, 413]"
115665,"[52328, 26485, 13459, 86808, 11062, 55055, 30801, 24493, 81468, 107597]"
115666,"[107206, 108707, 61656, 82944, 66050, 105654, 12378, 68096, 67732, 109553]"
115667,"[49155, 43161, 90914, 81535, 26634, 7625, 86446, 68146, 69191, 59665]"
115668,"[68408, 92618, 73325, 46483, 24120, 53487, 3072, 66297, 13916, 32304]"
115669,"[26000, 63043, 39867, 68758, 62917, 96371, 13205, 27903, 67094, 27058]"
115670,"[99737, 74473, 25263, 81630, 76414, 1593, 67144, 56874, 11818, 46272]"
115671,"[6114, 69508, 3691, 58527, 57531, 37954, 99441, 11991, 24759, 80471]"
115672,"[25738, 1725, 50992, 56122, 85160, 38838, 44349, 44493, 39302, 66366]"
115673,"[64541, 95194, 4949, 21692, 59305, 65999, 56830, 67064, 72906, 2681]"
115674,"[38496, 4168, 7809, 63790, 64441, 19844, 56680, 96061, 27080, 97764]"
115675,"[680, 61096, 38399, 91451, 57850, 44244, 42139, 92007, 38407, 75150]"
115676,"[86772, 106698, 82515, 61718, 57470, 88083, 50653, 52105, 98606, 37897]"
115677,"[47983, 56880, 101864, 45962, 56472, 81451, 109450, 17878, 6384, 16045]"
115678,"[94255, 77518, 99683, 103954, 56813, 21122, 9960, 36370, 35053, 50204]"
115679,"[80986, 24709, 79611, 76627, 14144, 48534, 27800, 931, 56512, 17094]"
115680,"[34897, 4993, 71464, 7141, 51902, 46201, 19316, 50391, 107954, 47238]"
115681,"[15132, 63791, 92825, 95747, 26646, 43467, 56475, 62806, 8251, 45127]"
115682,"[109444, 55702, 3193, 92842, 15379, 28771, 102750, 268, 69974, 39411]"
115683,"[99995, 78659, 88388, 7020, 54711, 108589, 53180, 10892, 55240, 36922]"
115684,"[50297, 83576, 15164, 105695, 1829, 4570, 81349, 51976, 62900, 102974]"
115685,"[35920, 106820, 102291, 54649, 69628, 61157, 13305, 28621, 83480, 90565]"
115686,"[10016, 94048, 71199, 10580, 56164, 1026, 48530, 39698, 59846, 61233]"
115687,"[101789, 64478, 90703, 15180, 68719, 70619, 17937, 106030, 20472, 14252]"
115688,"[67235, 70522, 46042, 78715, 1587, 62298, 59581, 45434, 6883, 91646]"
115689,"[48809, 107828, 96042, 6254, 99408, 42932, 24482, 41967, 84814, 66019]"
115690,"[60544, 81620, 79226, 85889, 99355, 68921, 5490, 4377, 15095, 45409]"
115691,"[12206, 109235, 45219, 61559, 49028, 100632, 16194, 39715, 60996, 42018]"
115692,"[76012, 19369, 31361, 56439, 23956, 32308, 66900, 38773, 40363, 75074]"
115693,"[45083, 34388, 80175, 59733, 92526, 10368, 2896, 3920, 18202, 39171]"
115694,"[70399, 17010, 91930, 80884, 5125, 95695, 100868, 12169, 77057, 9486]"
115695,"[69882, 92865, 100420, 5328, 105372, 107586, 12800, 15261, 18574, 96679]"
115696,"[84125, 43803, 96248, 95201, 11540, 55246, 27137, 48864, 54955, 73089]"
115697,"[53964, 56469, 52541, 69776, 20086, 80559, 95329, 19444, 43884, 23119]"
115698,"[32632, 30982, 81700, 107614, 90756, 92956, 103112, 79289, 23096, 10587]"
115699,"[30055, 75278, 17438, 94306, 63997, 80234, 87834, 70875, 94222, 106516]"
115700,"[44806, 13456, 94189, 96183, 73951, 75085, 12897, 69006, 84138, 109624]"
115701,"[8099, 8218, 51229, 46764, 54662, 102607, 94106, 65418, 13629, 89048]"
115702,"[17264, 9070, 66918, 44659, 58285, 24111, 89384, 9662, 17842, 23276]"
115703,"[39250, 67216, 66622, 59724, 61104, 55972, 106800, 98119, 107989, 36495]"
115704,"[53330, 79719, 12457, 99526, 89184, 3636, 54328, 11187, 42298, 57402]"
115705,"[45063, 33072, 16904, 57881, 101273, 61918, 73663, 99257, 20421, 56632]"
115706,"[103397, 4078, 70173, 40038, 26095, 96564, 40188, 43710, 64592, 12016]"
115707,"[48183, 54853, 28932, 36754, 17565, 58700, 105838, 62028, 56012, 83674]"
115708,"[102728, 15030, 30282, 4122, 89209, 19433, 79598, 29532, 24710, 19120]"
115709,"[78285, 103583, 77853, 313, 93734, 90509, 57936, 96579, 52244, 20901]"
115710,"[3310, 105364, 36119, 20179, 100912, 22795, 42945, 21937, 38056, 83339]"
115711,"[65941, 95399, 42920, 105599, 29641, 63448, 37874, 40006, 56769, 81164]"
115712,"[20234, 52490, 46438, 15338, 58847, 39517, 20606, 107974, 65515, 53481]"
115713,"[13787, 91872, 10615, 98653, 5857, 108118, 103740, 86302, 18290, 37640]"
115714,"[18201, 89255, 8068, 3251, 33104, 92068, 12180, 46631, 102724, 106633]"
115715,"[83807, 66448, 108781, 96306, 71137, 94990, 58777, 45152, 50200, 89401]"
115716,"[34389, 101444, 100164, 39504, 36395, 66036, 106753, 49791, 108504, 14875]"
115717,"[91393, 23150, 64558, 18279, 2025, 8126, 7556, 36353, 70740, 13822]"
115718,"[100202, 44375, 105471, 35644, 79278, 57759, 94097, 26699, 13037, 71021]"
115719,"[6863, 43718, 12027, 46562, 28519, 92870, 100765, 46043, 88806, 104833]"
115720,"[31811, 31815, 51601, 55766, 96641, 20515, 35455, 47759, 61092, 31661]"
115721,"[17502, 84789, 92584, 66190, 53272, 93973, 13680, 92431, 88516, 106704]"
115722,"[13006, 2818, 51208, 49372, 63187, 24842, 97804, 39479, 94456, 104219]"
115723,"[79705, 94715, 48752, 77263, 28161, 86304, 24938, 40899, 45444, 65162]"
115724,"[41683, 49908, 87639, 88562, 102841, 59267, 21400, 19240, 86816, 16080]"
115725,"[17710, 43889, 47615, 101512, 104528, 98909, 8204, 36181, 18880, 27043]"
115726,"[20867, 103813, 26860, 20820, 11193, 38285, 77529, 86077, 33545, 56259]"
115727,"[41851, 2348, 48255, 73580, 95611, 84882, 77907, 98486, 98414, 4126]"
115728,"[25049, 71576, 31407, 102044, 71687, 79815, 85282, 45899, 42270, 23920]"
115729,"[57123, 37091, 13766, 11211, 38218, 14525, 12291, 32312, 79793, 46728]"
115730,"[10464, 104303, 63595, 9655, 59995, 12135, 66108, 65874, 48790, 66181]"
115731,"[56050, 109077, 59209, 99388, 76863, 75337, 96343, 1160, 58874, 31503]"
115732,"[55735, 79399, 51256, 92639, 71575, 103512, 21919, 22336, 87519, 77776]"
115733,"[29070, 61002, 45301, 42020, 46666, 40474, 67405, 91373, 75727, 76598]"
115734,"[40070, 73054, 16625, 22917, 57309, 9346, 51019, 41549, 54582, 53993]"
115735,"[46371, 86266, 96354, 65428, 39415, 38790, 32007, 5504, 82826, 36980]"
115736,"[53738, 44060, 102498, 42120, 24679, 39767, 78328, 16365, 82670, 81119]"
115737,"[79146, 36224, 41341, 107532, 77040, 64296, 56317, 108900, 82560, 60847]"
115738,"[1162, 78782, 53547, 80934, 79950, 42854, 44700, 42190, 61214, 65495]"
115739,"[52953, 14690, 24388, 45190, 100704, 15569, 17770, 109603, 42656, 64180]"
115740,"[30218, 87979, 25136, 99812, 84737, 40494, 89318, 48806, 92422, 48664]"
115741,"[54150, 89544, 105266, 52632, 22934, 37399, 59377, 51155, 100293, 10472]"
115742,"[55489, 64415, 96868, 24444, 73416, 38270, 73639, 27632, 44938, 39692]"
115743,"[13018, 98068, 24413, 72604, 9078, 18066, 10870, 89933, 72159, 65051]"
115744,"[74027, 8511, 30895, 95234, 50101, 12152, 71183, 1212, 6696, 48760]"
115745,"[37418, 74015, 70568, 9764, 96683, 71779, 30510, 76014, 23898, 49180]"
115746,"[77743, 90880, 5188, 17552, 48379, 78302, 107123, 17060, 45931, 62253]"
115747,"[95178, 54529, 106406, 43574, 74626, 31605, 49967, 108201, 66566, 72388]"
115748,"[3218, 75491, 64437, 72980, 22755, 102102, 96399, 53209, 95222, 13950]"
115749,"[50112, 41159, 67063, 29934, 55455, 50431, 75205, 16008, 99541, 23448]"
115750,"[18467, 46193, 7426, 39844, 19027, 75966, 70346, 13272, 78493, 1009]"
115751,"[21316, 71816, 98129, 105928, 106615, 52009, 26399, 80560, 7422, 57280]"
115752,"[79579, 69413, 692, 34182, 4090, 69887, 85620, 36044, 10561, 42525]"
115753,"[1068, 21945, 26372, 102120, 84056, 33431, 16863, 70274, 67772, 14362]"
115754,"[11655, 60677, 4262, 65498, 83594, 55619, 80306, 1796, 12658, 74068]"
115755,"[100754, 70768, 104419, 84957, 103359, 4491, 54661, 91846, 103282, 50784]"
115756,"[85600, 27127, 82973, 86944, 103944, 40939, 106611, 46850, 73569, 70682]"
115757,"[28067, 54708, 92624, 108756, 30585, 36512, 83945, 75780, 59970, 2577]"
115758,"[16194, 9442, 51133, 72274, 12206, 64009, 35222, 88510, 15193, 109235]"
115759,"[13169, 64549, 36116, 8244, 66164, 60285, 9496, 62568, 55666, 45863]"
115760,"[91189, 92913, 57156, 93828, 53150, 26818, 83603, 27672, 86994, 106244]"
115761,"[52469, 93279, 31457, 54174, 11632, 18977, 30824, 19397, 86233, 27056]"
115762,"[15453, 62092, 45877, 4258, 60786, 96745, 72348, 103121, 30136, 70524]"
115763,"[42492, 38264, 63874, 49650, 70645, 9186, 72558, 26031, 106944, 90166]"
115764,"[68432, 90383, 32464, 15050, 81420, 106817, 23006, 81373, 104928, 99894]"
115765,"[59664, 53957, 1414, 55742, 73462, 105917, 26027, 81262, 108266, 87991]"
115766,"[65199, 63927, 72153, 93806, 4584, 91686, 8445, 83435, 85041, 77698]"
115767,"[37191, 1828, 80162, 19486, 70928, 77801, 14137, 8081, 67088, 13147]"
115768,"[23876, 61572, 78684, 48816, 42050, 72263, 82106, 46866, 69150, 9642]"
115769,"[81466, 16391, 98829, 60412, 25807, 20664, 86829, 53182, 47225, 109513]"
115770,"[47735, 104649, 31561, 35213, 32935, 35175, 86553, 83105, 87808, 108556]"
115771,"[15743, 95066, 77129, 6813, 32343, 55356, 82865, 74881, 20520, 53625]"
115772,"[25990, 68224, 101930, 35251, 64844, 31390, 1770, 46703, 21296, 22499]"
115773,"[93897, 72471, 104581, 109308, 24140, 57249, 49848, 27834, 3468, 49378]"
115774,"[57008, 1394, 92586, 3611, 51706, 70374, 103087, 23294, 65927, 91769]"
115775,"[70546, 51700, 63301, 73413, 71554, 2523, 17168, 35676, 40536, 96243]"
115776,"[55202, 100686, 106705, 26693, 92925, 60176, 41737, 4149, 70615, 71175]"
115777,"[49974, 60309, 23999, 23123, 39385, 65205, 60489, 89797, 63890, 104631]"
115778,"[10613, 15657, 96798, 60577, 50954, 42084, 32129, 36578, 87749, 66626]"
115779,"[74988, 105690, 94459, 50743, 64644, 90791, 71850, 33671, 79693, 45838]"
115780,"[92054, 84450, 29674, 107612, 24512, 60639, 42341, 67413, 48414, 10706]"
115781,"[39650, 77881, 85563, 105167, 26972, 65950, 59758, 43436, 33202, 67797]"
115782,"[78453, 6904, 55913, 69234, 108217, 2729, 98501, 27744, 49928, 17682]"
115783,"[88983, 21732, 102838, 54228, 24386, 23088, 20271, 108417, 25397, 69524]"
115784,"[52642, 68616, 29589, 109416, 39235, 42428, 103380, 32001, 91427, 60749]"
115785,"[104302, 108037, 30734, 4259, 102690, 25435, 55558, 64770, 104477, 107755]"
115786,"[9564, 26286, 105407, 18729, 24596, 88211, 28156, 91912, 40464, 11056]"
115787,"[89468, 97767, 87299, 75894, 47162, 93710, 4012, 109467, 66923, 33025]"
115788,"[44016, 83923, 71211, 23362, 5413, 56621, 56791, 11914, 25225, 101524]"
115789,"[95416, 79324, 2566, 95850, 44520, 26136, 47309, 56875, 65706, 42121]"
115790,"[56979, 99480, 82440, 82345, 86063, 106026, 69340, 62747, 70772, 87512]"
115791,"[59083, 30280, 98009, 29828, 89707, 71091, 79633, 95817, 61095, 6755]"
115792,"[47466, 69049, 61062, 27133, 12211, 2885, 95324, 26260, 9358, 72423]"
115793,"[67836, 79082, 89869, 95536, 68064, 101623, 2982, 50657, 45154, 57037]"
115794,"[90696, 54221, 93778, 37001, 82654, 14145, 85947, 12098, 53892, 64330]"
115795,"[83875, 106227, 90222, 91253, 14310, 85656, 79739, 36429, 39890, 81521]"
115796,"[42940, 44170, 60074, 12189, 5487, 9642, 77858, 46866, 53166, 39971]"
115797,"[32249, 70066, 105725, 70312, 3160, 89849, 108469, 21293, 4043, 2032]"
115798,"[74219, 8872, 72818, 21352, 87160, 53410, 67272, 77672, 55991, 36959]"
115799,"[84803, 85790, 42331, 76989, 46424, 23277, 44696, 2007, 7311, 94957]"
115800,"[82126, 26876, 52352, 5883, 86826, 90656, 50790, 91357, 70244, 94378]"
115801,"[58964, 91731, 108479, 57416, 68833, 97297, 57722, 74780, 89439, 42700]"
115802,"[108283, 47722, 39613, 5984, 64718, 40213, 60979, 29120, 18430, 16781]"
115803,"[8215, 2902, 40092, 26117, 14664, 76125, 48594, 8686, 26185, 16902]"
115804,"[88226, 1869, 72415, 46735, 50923, 58666, 93373, 71552, 81885, 60678]"
115805,"[74098, 70613, 57182, 78455, 95403, 65689, 21318, 7996, 38679, 90554]"
115806,"[20442, 60935, 45123, 20494, 101204, 91334, 106904, 74443, 83241, 27568]"
115807,"[3790, 69097, 79588, 105948, 78588, 29931, 1145, 69685, 5813, 4638]"
115808,"[78747, 7873, 10136, 84434, 81666, 76843, 30049, 34702, 11018, 83742]"
115809,"[81442, 18955, 58365, 43643, 43992, 53276, 35952, 87112, 33196, 102452]"
115810,"[38643, 102104, 79804, 47260, 63724, 2818, 23606, 20137, 91312, 97989]"
115811,"[54217, 28851, 84778, 17973, 73702, 60782, 109741, 52631, 76620, 8421]"
115812,"[28426, 11031, 80417, 29432, 85808, 90403, 50193, 75812, 1422, 96685]"
115813,"[60683, 5830, 30224, 78937, 75081, 96480, 44941, 53397, 70859, 24995]"
115814,"[73690, 13798, 93564, 64668, 39637, 85992, 99842, 92352, 97433, 92645]"
115815,"[96531, 94052, 106539, 101671, 78931, 71735, 104014, 2097, 99749, 98992]"
115816,"[53292, 87352, 47185, 87321, 107071, 26276, 4972, 9120, 28, 102423]"
115817,"[69516, 2333, 89641, 34929, 105588, 105194, 108321, 82274, 99530, 97548]"
115818,"[49428, 39327, 28605, 65318, 52175, 12721, 46736, 10623, 92733, 67018]"
115819,"[45463, 43358, 74449, 66835, 101488, 100517, 87028, 47837, 66461, 86121]"
115820,"[95216, 58349, 19587, 70146, 74678, 81933, 106198, 68153, 82792, 22126]"
115821,"[10943, 101652, 59664, 950, 73462, 30359, 1414, 55742, 81262, 61072]"
115822,"[83534, 10913, 75521, 13396, 1931, 10906, 59735, 32602, 70577, 98251]"
115823,"[37613, 70207, 39623, 87322, 22015, 55647, 90857, 61429, 32401, 3923]"
115824,"[82208, 58184, 77155, 102601, 105374, 69770, 70840, 67523, 11839, 16951]"
115825,"[73273, 90224, 3475, 5222, 98508, 9018, 78551, 12758, 4947, 52673]"
115826,"[5023, 27617, 105227, 84596, 28669, 9699, 67354, 52886, 19037, 11489]"
115827,"[74760, 1921, 78912, 93234, 86020, 23642, 94398, 54096, 47459, 6645]"
115828,"[91457, 108970, 94213, 98269, 98857, 25796, 83326, 95201, 93003, 97068]"
115829,"[91880, 94226, 75999, 70869, 16743, 104926, 11565, 84811, 65520, 42461]"
115830,"[34932, 78271, 44532, 90362, 80399, 88268, 84484, 69194, 41503, 97287]"
115831,"[54872, 24299, 20617, 96910, 91564, 3111, 37328, 72115, 84136, 19967]"
115832,"[105222, 86192, 80468, 42176, 36054, 106993, 93097, 103315, 102988, 25801]"
115833,"[79869, 44209, 76408, 41279, 75504, 76068, 47367, 74776, 37107, 28930]"
115834,"[27929, 92792, 102018, 84482, 64129, 46144, 43158, 61251, 38782, 55160]"
115835,"[19345, 30002, 99999, 82996, 10240, 27027, 65914, 73326, 102127, 92336]"
115836,"[39158, 53066, 10068, 2794, 26041, 80036, 39675, 14507, 18423, 83152]"
115837,"[95861, 74515, 66704, 69222, 74851, 25011, 15729, 36043, 108178, 22481]"
115838,"[62856, 82901, 85546, 63329, 17470, 11755, 24703, 99973, 19016, 22610]"
115839,"[6660, 36219, 9860, 3946, 28858, 61548, 78680, 109314, 96224, 68897]"
115840,"[2300, 23078, 24903, 34166, 71477, 75859, 52828, 72484, 39344, 85432]"
115841,"[70996, 3287, 63410, 45982, 70593, 24464, 94948, 108592, 42856, 1440]"
115842,"[65671, 72426, 84615, 95584, 84364, 81317, 20852, 53939, 94161, 24864]"
115843,"[42165, 65085, 13864, 8294, 71366, 76794, 24667, 3096, 51868, 87063]"
115844,"[56106, 95940, 97682, 21948, 101050, 107602, 41581, 49043, 56871, 4852]"
115845,"[16343, 72630, 49226, 54208, 7650, 30324, 36059, 51173, 86570, 1182]"
115846,"[68969, 50505, 40609, 48209, 15793, 53911, 48738, 50909, 27067, 101185]"
115847,"[55378, 99606, 86963, 107940, 38661, 42205, 104252, 100193, 103896, 22248]"
115848,"[42224, 88124, 44154, 21376, 30447, 8109, 44249, 20138, 32368, 15884]"
115849,"[60888, 17532, 2181, 13602, 100660, 44758, 76837, 79018, 4579, 88315]"
115850,"[94392, 10264, 48595, 36558, 100651, 60362, 18421, 106299, 83076, 12198]"
115851,"[38875, 38349, 24443, 70922, 26307, 73064, 21438, 74553, 19756, 83440]"
115852,"[96039, 34009, 42191, 72761, 72292, 26270, 71096, 42475, 108233, 9287]"
115853,"[49120, 22838, 41575, 36922, 57217, 51610, 17992, 88212, 81459, 46580]"
115854,"[20638, 78481, 104713, 29114, 45671, 65419, 46983, 50907, 96154, 83089]"
115855,"[907, 36374, 5630, 87070, 89440, 76238, 58586, 90062, 66261, 70367]"
115856,"[85832, 58347, 101762, 27974, 30415, 51782, 84825, 104835, 60419, 18137]"
115857,"[64896, 14566, 84015, 99800, 13167, 57196, 22886, 12217, 70587, 100480]"
115858,"[89640, 9912, 105616, 46131, 46314, 85936, 104709, 52576, 87581, 28184]"
115859,"[42206, 70836, 61609, 31819, 106796, 92026, 90692, 76191, 92654, 3225]"
115860,"[59223, 107382, 17972, 15039, 58497, 45738, 96268, 53756, 51407, 45109]"
115861,"[26999, 16910, 82451, 100206, 16360, 74844, 103724, 80622, 57501, 68271]"
115862,"[81938, 74901, 2730, 77804, 60203, 26492, 81022, 40178, 71172, 16224]"
115863,"[81742, 17034, 60864, 80068, 44447, 1689, 23987, 62087, 56350, 105954]"
115864,"[56748, 78118, 30590, 33490, 34192, 50404, 37868, 86270, 80444, 109687]"
115865,"[65731, 55292, 64033, 51435, 53488, 98139, 54503, 6509, 9013, 11038]"
115866,"[14184, 76934, 64906, 64086, 11366, 61089, 55305, 5278, 64389, 86165]"
115867,"[20970, 51604, 21428, 11614, 45983, 104160, 41142, 109352, 28910, 27654]"
115868,"[83933, 39388, 25425, 28440, 51446, 84717, 65967, 75951, 74743, 79900]"
115869,"[62159, 91752, 100403, 56435, 25313, 76129, 60184, 55788, 75477, 68614]"
115870,"[6604, 77306, 85921, 62802, 6747, 31523, 31089, 83234, 63427, 97263]"
115871,"[85594, 64200, 14701, 91583, 104458, 15155, 3053, 36682, 66440, 77554]"
115872,"[82886, 90101, 72278, 65885, 31947, 88638, 13606, 61465, 25182, 51180]"
115873,"[23247, 22039, 71549, 50209, 48208, 19694, 9709, 62465, 41981, 91310]"
115874,"[63622, 58189, 35207, 12616, 10598, 104200, 57006, 67636, 92459, 32285]"
115875,"[49364, 70506, 96239, 100084, 78756, 99143, 49165, 105635, 84041, 13617]"
115876,"[39547, 53901, 85109, 64720, 79771, 49360, 45888, 102796, 24913, 84741]"
115877,"[14058, 22523, 103020, 91026, 107879, 106394, 2350, 75476, 25196, 35300]"
115878,"[27003, 68973, 106181, 95732, 45254, 6108, 18501, 32387, 85695, 73177]"
115879,"[70986, 52697, 73327, 31139, 20331, 20836, 23387, 14816, 3059, 99550]"
115880,"[37282, 99477, 32147, 41720, 76946, 105767, 33426, 83679, 47242, 72633]"
115881,"[26339, 96083, 94800, 10554, 1042, 35001, 73563, 84144, 76062, 62982]"
115882,"[100000, 30541, 55634, 40002, 86095, 8942, 49799, 83934, 66865, 5647]"
115883,"[49165, 71240, 71780, 35156, 5980, 10610, 108897, 88075, 49364, 100084]"
115884,"[97082, 83429, 75639, 8876, 79406, 2169, 42300, 73318, 96415, 62191]"
115885,"[38729, 81376, 19076, 40998, 83467, 72139, 64117, 26437, 6769, 55537]"
115886,"[88071, 75706, 66279, 37373, 13859, 88529, 25928, 100602, 78794, 19578]"
115887,"[83009, 73060, 56376, 27790, 65846, 69161, 109295, 81880, 9659, 12922]"
115888,"[27660, 34366, 3947, 64019, 571, 12061, 66963, 62514, 23301, 29372]"
115889,"[11619, 70766, 17179, 24196, 12203, 105351, 83348, 30807, 43533, 49664]"
115890,"[100298, 1051, 72762, 70612, 42600, 90759, 78776, 48546, 60536, 32634]"
115891,"[55710, 68667, 90270, 86634, 69407, 9768, 11870, 78043, 104600, 45735]"
115892,"[39548, 27027, 43589, 29849, 19586, 81549, 78529, 55802, 108332, 93676]"
115893,"[77754, 90978, 447, 4997, 82807, 96377, 86044, 29932, 24264, 26155]"
115894,"[30731, 7894, 26019, 32856, 42370, 32158, 45477, 74690, 10431, 33509]"
115895,"[7064, 101588, 98009, 95817, 88395, 71091, 89707, 17474, 61095, 72482]"
115896,"[41695, 38336, 98108, 31138, 59021, 85523, 59034, 4612, 13503, 20282]"
115897,"[85752, 54981, 83296, 70925, 18107, 14210, 107062, 67320, 104766, 108290]"
115898,"[65036, 57192, 12068, 98270, 57110, 68592, 86405, 15797, 57045, 56308]"
115899,"[101968, 2363, 61310, 7322, 23054, 37802, 103426, 108306, 66854, 75077]"
115900,"[77247, 5780, 91157, 34537, 55999, 90953, 43597, 24705, 27033, 56002]"
115901,"[55843, 52163, 59506, 91759, 78498, 66015, 27337, 42923, 109460, 102006]"
115902,"[49692, 70156, 79831, 42768, 72717, 94206, 13015, 105845, 16340, 104761]"
115903,"[7108, 90330, 33910, 36775, 32020, 91430, 106924, 102014, 107996, 3488]"
115904,"[8256, 45109, 17972, 58497, 107382, 15039, 12364, 51407, 27597, 29519]"
115905,"[8268, 19594, 77964, 10065, 69492, 41567, 80108, 67404, 93020, 7524]"
115906,"[46744, 35372, 30861, 43653, 87550, 3233, 71539, 3589, 70228, 36659]"
115907,"[20281, 41109, 108791, 72516, 86378, 15090, 56112, 63091, 48294, 4485]"
115908,"[104475, 17165, 102581, 60135, 65334, 45049, 95055, 82253, 54717, 32954]"
115909,"[90488, 102085, 30438, 51384, 86480, 7787, 17511, 67098, 92763, 20996]"
115910,"[13385, 44565, 1984, 103404, 12727, 93651, 46855, 3225, 92026, 24748]"
115911,"[13319, 37349, 10234, 36986, 89918, 84821, 13955, 58493, 33991, 1969]"
115912,"[25018, 15946, 17215, 107425, 19728, 65660, 96799, 86330, 66494, 39487]"
115913,"[81655, 29353, 102068, 107197, 63585, 42040, 63293, 60060, 20675, 76304]"
115914,"[92832, 17310, 87869, 29162, 100112, 107687, 9182, 37623, 55731, 90034]"
115915,"[60532, 34330, 55721, 63281, 35807, 107991, 10854, 69773, 77074, 80154]"
115916,"[104096, 102617, 89979, 28227, 45323, 31824, 82505, 11377, 7128, 64864]"
115917,"[22984, 91712, 101663, 49504, 92371, 101986, 45119, 89574, 43154, 28796]"
115918,"[40292, 2245, 5821, 17242, 63233, 50628, 43413, 109754, 41364, 99872]"
115919,"[37185, 63082, 1226, 69116, 100003, 94132, 69074, 33070, 3375, 55019]"
115920,"[98732, 109585, 17896, 15393, 75666, 40689, 64605, 29751, 47451, 38674]"
115921,"[79906, 38467, 74761, 1685, 27112, 1416, 39483, 64976, 33341, 36551]"
115922,"[4877, 7802, 106343, 44343, 71659, 96615, 39342, 72720, 99467, 54936]"
115923,"[96430, 76504, 8375, 26183, 13951, 19359, 91611, 53834, 107467, 49605]"
115924,"[95456, 71239, 30678, 106548, 28024, 63264, 108307, 27612, 102787, 82640]"
115925,"[58235, 93390, 81948, 5516, 30013, 7492, 35200, 79075, 55812, 83424]"
115926,"[36219, 61548, 106053, 109314, 78680, 68897, 96224, 9860, 6660, 3946]"
115927,"[52085, 831, 19632, 8815, 89203, 34855, 90894, 63519, 10338, 77562]"
115928,"[18646, 6517, 23048, 46632, 14081, 86676, 14024, 95451, 49160, 39590]"
115929,"[20335, 53692, 109477, 17514, 20577, 4183, 37013, 105389, 85165, 70950]"
115930,"[44125, 101916, 29611, 87302, 38919, 89618, 82347, 71644, 26905, 22483]"
115931,"[22547, 75327, 39598, 45512, 92356, 14102, 855, 55675, 14277, 40309]"
115932,"[19053, 55454, 22756, 105114, 50309, 81674, 66042, 58458, 76303, 109694]"
115933,"[97789, 70895, 95895, 69678, 26834, 66219, 19996, 42628, 22850, 51648]"
115934,"[8780, 105543, 65939, 8385, 103046, 18860, 76735, 17000, 49516, 102852]"
115935,"[90100, 86861, 57524, 61919, 60263, 98152, 28271, 70021, 23494, 15654]"
115936,"[103667, 83689, 85054, 29204, 103113, 959, 103709, 41858, 19615, 87473]"
115937,"[43819, 100996, 48619, 67869, 67788, 14760, 59512, 11364, 73374, 25904]"
115938,"[13158, 13704, 99462, 92163, 42068, 63183, 55058, 10478, 22548, 105428]"
115939,"[6647, 76812, 65726, 55906, 32385, 95758, 32909, 47471, 54478, 28989]"
115940,"[99154, 2832, 68792, 48368, 107851, 79111, 71897, 898, 12684, 81883]"
115941,"[55522, 18139, 11952, 75668, 9603, 15580, 37029, 9038, 32900, 30896]"
115942,"[30008, 92045, 29056, 3136, 22022, 89132, 44606, 51364, 38765, 69082]"
115943,"[102867, 68988, 2561, 31146, 63721, 16036, 63060, 56197, 15218, 22746]"
115944,"[748, 43770, 25244, 88651, 72693, 51622, 74242, 99697, 94399, 85653]"
115945,"[8484, 12917, 4678, 10781, 46419, 92992, 54069, 26820, 40240, 69668]"
115946,"[37844, 14530, 52302, 31435, 59470, 59429, 42814, 13076, 107413, 105241]"
115947,"[16843, 69469, 85576, 25268, 95420, 42557, 53994, 7148, 69009, 33351]"
115948,"[70572, 8971, 36740, 69597, 109198, 41823, 71012, 36405, 101245, 108619]"
115949,"[43499, 30921, 100608, 104038, 84777, 70481, 72293, 101607, 30730, 65952]"
115950,"[27314, 61844, 76460, 77033, 7734, 36625, 75295, 100158, 19156, 41108]"
115951,"[56265, 107195, 95631, 87705, 65597, 6724, 35839, 19554, 92648, 53931]"
115952,"[51327, 2454, 16237, 12824, 67757, 61740, 45702, 39447, 54352, 64488]"
115953,"[61390, 100506, 98855, 44291, 70426, 45609, 79213, 46098, 31785, 17573]"
115954,"[48840, 4346, 16970, 42271, 39205, 32258, 19983, 55495, 99129, 25361]"
115955,"[61348, 2592, 48794, 1750, 41927, 100038, 94165, 68899, 137, 38060]"
115956,"[91332, 36792, 53113, 7531, 63514, 84086, 10153, 54988, 20999, 59866]"
115957,"[71655, 59400, 41368, 3567, 26631, 72499, 98309, 83977, 51498, 2941]"
115958,"[80853, 4079, 18069, 102584, 550, 35755, 81531, 39748, 11012, 12762]"
115959,"[2544, 72103, 53196, 10790, 17216, 38618, 55823, 88882, 29137, 42611]"
115960,"[35170, 82425, 108047, 71350, 97560, 64767, 73259, 48338, 16330, 16833]"
115961,"[47992, 80424, 58935, 53806, 68472, 461, 63125, 40379, 54574, 69000]"
115962,"[45300, 61970, 60541, 54734, 78802, 20014, 107531, 44848, 64771, 104405]"
115963,"[38822, 30288, 71617, 51693, 46142, 90588, 15444, 109770, 78539, 15432]"
115964,"[38939, 90972, 12910, 54275, 27489, 88039, 5543, 96190, 32886, 102064]"
115965,"[54132, 37146, 92737, 51583, 28297, 50161, 86981, 99554, 83043, 104694]"
115966,"[95250, 62295, 47465, 107590, 2403, 12353, 15394, 21968, 15229, 22662]"
115967,"[49878, 52193, 51531, 21289, 78256, 70176, 83773, 48577, 13828, 8027]"
115968,"[48729, 19127, 80428, 104409, 100962, 63976, 25951, 102554, 99816, 79347]"
115969,"[4124, 58764, 53251, 53006, 80759, 7358, 106044, 20408, 19839, 90712]"
115970,"[38345, 69830, 62416, 91131, 15052, 56202, 55355, 26594, 55083, 47025]"
115971,"[70347, 61725, 15512, 12485, 53520, 39219, 78772, 33140, 80491, 2364]"
115972,"[8583, 52252, 74268, 3873, 11345, 48429, 48053, 96839, 52486, 19627]"
115973,"[78815, 31734, 38702, 41523, 11731, 109206, 78116, 65274, 40678, 1791]"
115974,"[105028, 15340, 61620, 77021, 80441, 102951, 7890, 37476, 12105, 2]"
115975,"[40972, 98763, 95840, 99305, 1352, 23386, 5653, 61185, 64272, 35465]"
115976,"[13347, 82032, 58237, 45330, 97442, 29453, 60079, 73326, 102127, 92967]"
115977,"[63233, 41364, 40292, 17242, 99872, 2245, 47656, 109401, 96137, 54732]"
115978,"[17449, 80743, 104988, 29088, 84722, 92245, 23290, 8664, 41308, 33784]"
115979,"[58194, 9264, 40933, 57241, 70805, 10485, 70750, 76252, 44672, 69399]"
115980,"[83850, 24687, 5607, 74956, 44701, 49766, 80368, 40726, 72967, 20262]"
115981,"[81217, 78932, 60571, 53092, 34426, 9150, 21312, 43871, 72646, 53768]"
115982,"[69536, 77249, 106921, 8179, 71087, 81744, 106715, 4442, 108873, 85821]"
115983,"[77521, 54553, 94138, 24949, 29209, 83056, 26584, 23173, 10332, 100594]"
115984,"[24719, 79978, 2091, 96299, 20879, 45379, 101103, 72725, 67041, 61828]"
115985,"[24653, 102176, 63617, 43345, 88072, 59560, 73129, 64074, 34269, 30825]"
115986,"[3114, 23644, 60225, 34846, 4854, 76136, 92405, 81969, 60241, 29671]"
115987,"[69178, 26111, 64229, 42775, 25839, 88462, 38320, 54686, 98805, 95830]"
115988,"[24694, 38670, 9389, 37831, 58179, 26388, 50362, 41936, 35157, 108999]"
115989,"[4838, 98708, 9792, 4911, 9595, 31804, 49277, 104268, 61855, 20761]"
115990,"[80257, 16777, 71533, 105370, 13577, 68974, 8166, 10680, 20838, 68853]"
115991,"[71416, 246, 83551, 36927, 65661, 21395, 59499, 46777, 41278, 103352]"
115992,"[35940, 8156, 99565, 7332, 88761, 105168, 67866, 14560, 58024, 6902]"
115993,"[30767, 82326, 37246, 52713, 8549, 71482, 61612, 9358, 2885, 34251]"
115994,"[61815, 82391, 24738, 57194, 104760, 104799, 83696, 11902, 102112, 25259]"
115995,"[12511, 55315, 12787, 83789, 7034, 70701, 56820, 79347, 95894, 11503]"
115996,"[78402, 33310, 2434, 93738, 75445, 45566, 76552, 83715, 86589, 38555]"
115997,"[90436, 70591, 82168, 105130, 17936, 77254, 11026, 90669, 93789, 33593]"
115998,"[95033, 17025, 43977, 49483, 43690, 73980, 45143, 26060, 18448, 82789]"
115999,"[10980, 47051, 58195, 5216, 75806, 19943, 99432, 1895, 6092, 94462]"
116000,"[94807, 21454, 76378, 75459, 89752, 43962, 12452, 24449, 46116, 36816]"
116001,"[94552, 25323, 84357, 78534, 35599, 10393, 97181, 76311, 32073, 64516]"
116002,"[64761, 83896, 63131, 104526, 79947, 46970, 36242, 43319, 59124, 32469]"
116003,"[32547, 13059, 39101, 76541, 106107, 19165, 57026, 107396, 41882, 8951]"
116004,"[53327, 46752, 48783, 86997, 65284, 86510, 49844, 34261, 57834, 102655]"
116005,"[18827, 90244, 23295, 46457, 54941, 87879, 74921, 33739, 41304, 14764]"
116006,"[44151, 15523, 54430, 57223, 3180, 79700, 99211, 23694, 85601, 64274]"
116007,"[51132, 37980, 54980, 26409, 53734, 64734, 87951, 50213, 20000, 44248]"
116008,"[77222, 105884, 6189, 64458, 91849, 50931, 16958, 67886, 96920, 91730]"
116009,"[108486, 70688, 22677, 94654, 81408, 22644, 34032, 15607, 57591, 7301]"
116010,"[102914, 58772, 16435, 38728, 51997, 78938, 89960, 73511, 47826, 109004]"
116011,"[70363, 43522, 103607, 10674, 63186, 37427, 88106, 16924, 35640, 96878]"
116012,"[28961, 63061, 34136, 6744, 61622, 75574, 108136, 95846, 109376, 102815]"
116013,"[95301, 50918, 101973, 19375, 54446, 87641, 10611, 78190, 103121, 5791]"
116014,"[85064, 92589, 9441, 100886, 9376, 82183, 69519, 4350, 67437, 59906]"
116015,"[65771, 4661, 14763, 73865, 787, 10951, 41983, 44888, 55079, 12901]"
116016,"[11791, 38303, 86437, 35281, 69007, 812, 99834, 89719, 15978, 96651]"
116017,"[84005, 56214, 4607, 30587, 40197, 100402, 25533, 96138, 8229, 47688]"
116018,"[40672, 84703, 92726, 2146, 74642, 43340, 68421, 22135, 70495, 65566]"
116019,"[57091, 80043, 4511, 28051, 69091, 59290, 93551, 109761, 74592, 67481]"
116020,"[13240, 17360, 104608, 21530, 100826, 12784, 90124, 52166, 33196, 15743]"
116021,"[18860, 49516, 26497, 58942, 102852, 103046, 45332, 44344, 105543, 77692]"
116022,"[95361, 7032, 64872, 14931, 84010, 63970, 53654, 35296, 49381, 101041]"
116023,"[16148, 71017, 63259, 75207, 21688, 84916, 104113, 74051, 76900, 28084]"
116024,"[77624, 19096, 85146, 90396, 2658, 13691, 103489, 99757, 102396, 72107]"
116025,"[82833, 13606, 19798, 3457, 108739, 92038, 16714, 24739, 96977, 108773]"
116026,"[65580, 47345, 27201, 67507, 27991, 5885, 2043, 84067, 47830, 100929]"
116027,"[62861, 59718, 80118, 91530, 18826, 32202, 74616, 54589, 46820, 62563]"
116028,"[96474, 52402, 97275, 82, 20181, 81465, 36992, 50107, 46351, 60723]"
116029,"[43667, 103597, 21719, 44753, 93248, 38800, 50879, 106357, 108704, 52620]"
116030,"[54052, 90225, 45579, 72255, 26880, 81762, 77388, 107474, 635, 20285]"
116031,"[12426, 50304, 22339, 949, 102387, 89035, 27996, 99533, 11120, 84101]"
116032,"[99193, 67447, 82482, 96243, 90632, 41439, 47320, 56995, 62463, 64248]"
116033,"[252, 69588, 77890, 19546, 52772, 29550, 72606, 66861, 519, 106360]"
116034,"[105368, 7889, 26744, 21314, 66726, 71789, 41894, 86825, 28687, 63736]"
116035,"[85431, 96283, 87905, 92592, 65576, 74125, 60321, 12661, 73556, 92527]"
116036,"[16466, 19100, 55043, 75008, 42248, 39866, 101303, 65663, 44590, 22735]"
116037,"[77614, 75092, 75065, 21031, 18553, 12096, 2059, 101483, 99490, 55289]"
116038,"[103392, 89653, 76505, 16204, 97621, 2587, 28982, 42397, 79693, 37676]"
116039,"[59473, 15468, 55724, 20450, 102791, 82045, 92037, 66452, 42438, 47639]"
116040,"[92240, 60593, 80836, 26327, 18818, 23966, 56015, 71748, 15495, 107335]"
116041,"[109043, 73386, 41086, 41647, 61246, 64753, 52344, 3858, 21556, 96305]"
116042,"[65925, 49417, 19258, 96925, 94596, 44869, 38197, 85358, 31275, 3118]"
116043,"[25305, 18357, 8246, 99873, 78020, 62015, 12758, 59779, 25920, 52982]"
116044,"[106379, 37540, 47889, 14625, 24022, 50962, 65853, 41901, 92469, 38480]"
116045,"[13646, 39352, 43919, 65276, 94183, 99898, 18703, 17846, 56552, 43832]"
116046,"[58683, 96292, 13934, 34538, 60135, 48032, 103234, 56318, 46000, 58670]"
116047,"[13181, 18647, 39113, 78636, 42372, 70819, 59542, 53718, 105226, 90839]"
116048,"[82566, 67232, 29514, 102191, 10582, 19975, 90748, 51913, 48175, 58894]"
116049,"[59555, 100940, 72062, 104044, 35911, 101496, 55112, 39910, 50859, 3597]"
116050,"[63187, 51208, 6575, 52888, 19972, 28641, 59973, 64067, 36647, 47368]"
116051,"[6084, 107218, 28560, 77532, 28915, 5612, 75124, 13837, 65440, 45028]"
116052,"[84021, 37267, 35497, 17235, 12701, 94383, 21786, 100349, 61675, 40676]"
116053,"[44341, 40351, 31962, 30639, 72609, 27721, 56633, 100082, 95550, 63717]"
116054,"[88462, 91229, 57672, 81140, 34150, 84196, 83639, 43342, 62410, 92127]"
116055,"[51241, 101218, 49825, 9961, 42813, 71044, 108836, 82090, 76419, 65219]"
116056,"[16627, 63538, 98272, 10746, 40208, 101600, 74306, 62123, 106220, 14662]"
116057,"[90805, 66341, 55644, 47775, 12769, 80703, 67875, 83231, 83307, 36364]"
116058,"[76258, 3575, 86558, 73580, 82648, 80112, 106914, 98632, 51733, 42498]"
116059,"[73505, 103805, 93006, 95797, 86312, 32394, 14817, 31502, 42849, 23461]"
116060,"[6686, 37134, 107902, 33564, 53026, 5718, 17833, 29280, 77979, 17156]"
116061,"[9735, 67693, 17070, 43092, 30471, 102541, 46822, 98756, 50877, 67843]"
116062,"[62747, 82440, 99480, 56979, 56659, 106026, 86063, 25574, 97132, 51680]"
116063,"[80112, 69276, 1065, 96132, 79996, 106914, 101193, 99006, 98414, 42169]"
116064,"[98277, 53649, 24927, 105092, 56723, 93591, 94726, 38857, 106275, 67591]"
116065,"[64149, 101117, 84, 27615, 11901, 40784, 102884, 11821, 12392, 96059]"
116066,"[44834, 79908, 86484, 83325, 45489, 70359, 106433, 46197, 47911, 51631]"
116067,"[88970, 40468, 104276, 18678, 109070, 97047, 90452, 31187, 26518, 5817]"
116068,"[26576, 66102, 54894, 74197, 80053, 57379, 39206, 48232, 45809, 75336]"
116069,"[37070, 79932, 22769, 80380, 23929, 30759, 69959, 73576, 31015, 9402]"
116070,"[22438, 36845, 63235, 95561, 19815, 69716, 80346, 93588, 32462, 37501]"
116071,"[73388, 31417, 48735, 3409, 1474, 29321, 39976, 10241, 53119, 70711]"
116072,"[83211, 93056, 107249, 19927, 91782, 31004, 23907, 75372, 26196, 102675]"
116073,"[49929, 2360, 3149, 39740, 67203, 63094, 17660, 1994, 51596, 32451]"
116074,"[75648, 82960, 93553, 53785, 13092, 32400, 31456, 75146, 20738, 39019]"
116075,"[10853, 41235, 53945, 94661, 76896, 45602, 31087, 43373, 39831, 1891]"
116076,"[104212, 96351, 27077, 6766, 73581, 96700, 63135, 26396, 2905, 79667]"
116077,"[46872, 6505, 48304, 96269, 86696, 51962, 8330, 30339, 10073, 67936]"
116078,"[92430, 102451, 26882, 85438, 63760, 69863, 55030, 7452, 64500, 56953]"
116079,"[94391, 35245, 61190, 91484, 34803, 56750, 65677, 6104, 57660, 77117]"
116080,"[79174, 64679, 24623, 74657, 35754, 16197, 97511, 12101, 19520, 90871]"
116081,"[85641, 94795, 11862, 56805, 38670, 26653, 56271, 60931, 85985, 74605]"
116082,"[60812, 89950, 100272, 43925, 60785, 31127, 74716, 44328, 48819, 69362]"
116083,"[83508, 14130, 80857, 42015, 71024, 79126, 101532, 86508, 81156, 20176]"
116084,"[99015, 77128, 74908, 92966, 35362, 25374, 43764, 41471, 6310, 8516]"
116085,"[5639, 13466, 11698, 56545, 46368, 18738, 78574, 14539, 108389, 23466]"
116086,"[73679, 57852, 107216, 16308, 39704, 59082, 40527, 54161, 12564, 7840]"
116087,"[107815, 43460, 42099, 96201, 67348, 14492, 81355, 63723, 39557, 37616]"
116088,"[42564, 99993, 38561, 102851, 101980, 105173, 63624, 32013, 51283, 62830]"
116089,"[55959, 24471, 104242, 48393, 99114, 2365, 33636, 102663, 71241, 73889]"
116090,"[50708, 15062, 51932, 46109, 82399, 15595, 99620, 2168, 26922, 61707]"
116091,"[55761, 12116, 94438, 26657, 9169, 24361, 102310, 44357, 100987, 103232]"
116092,"[15560, 81621, 30116, 68768, 109124, 73989, 50981, 27967, 68425, 23335]"
116093,"[86855, 51185, 34951, 68470, 107090, 84053, 37595, 23145, 67717, 52665]"
116094,"[95139, 99323, 82765, 41800, 84458, 74518, 102817, 16680, 72222, 16132]"
116095,"[50669, 100691, 17551, 22784, 77974, 72608, 52676, 8044, 32440, 69327]"
116096,"[71789, 86825, 66726, 21314, 26744, 7889, 105368, 41894, 108382, 5531]"
116097,"[35309, 60971, 38832, 36474, 32475, 29590, 19954, 14092, 72483, 3702]"
116098,"[91560, 9569, 51330, 69240, 98589, 19638, 33633, 41780, 99294, 90297]"
116099,"[69454, 54758, 4272, 87719, 59653, 1137, 35360, 65968, 99605, 84902]"
116100,"[30116, 15560, 81621, 109124, 50981, 73989, 96581, 27967, 68768, 68425]"
116101,"[35018, 14600, 86010, 66189, 22593, 47758, 17416, 91421, 19112, 18037]"
116102,"[34400, 90313, 1970, 98066, 1471, 103402, 31891, 31733, 107102, 102673]"
116103,"[84583, 65794, 4505, 87831, 106790, 90502, 51420, 1139, 103340, 22697]"
116104,"[85311, 53559, 25378, 76819, 25346, 75912, 51172, 22219, 69611, 95255]"
116105,"[80179, 76778, 14219, 89227, 100288, 32884, 66048, 27484, 84236, 28568]"
116106,"[34002, 22635, 9546, 87225, 65015, 8700, 6169, 93360, 106881, 54700]"
116107,"[84040, 82050, 64882, 27407, 102262, 44006, 70270, 46819, 106241, 97382]"
116108,"[51766, 11272, 40434, 101370, 72419, 13725, 68116, 17929, 79336, 9471]"
116109,"[2933, 28965, 43247, 81957, 93421, 12737, 72175, 70115, 20972, 106228]"
116110,"[14379, 76288, 43664, 105063, 24657, 51998, 34074, 90612, 14644, 42530]"
116111,"[57040, 63247, 6578, 352, 61982, 75773, 36429, 12885, 8999, 85264]"
116112,"[88511, 76633, 62863, 9254, 92050, 105761, 14473, 78666, 7719, 88405]"
116113,"[105852, 101705, 40338, 29507, 79527, 13927, 31360, 104473, 4181, 65881]"
116114,"[79130, 23183, 69666, 105674, 94471, 22485, 6303, 55667, 40879, 65784]"
116115,"[81683, 89986, 85739, 97028, 30130, 73877, 84627, 15300, 88757, 62228]"
116116,"[76186, 56012, 62805, 45754, 10551, 84132, 861, 69272, 48183, 83122]"
116117,"[19590, 27363, 70719, 31469, 32812, 69357, 17537, 93857, 90006, 65965]"
116118,"[53548, 14854, 57218, 77109, 80235, 69651, 59073, 10090, 90859, 11350]"
116119,"[47346, 105067, 35479, 103936, 63096, 72770, 12585, 57446, 106652, 46583]"
116120,"[22065, 68773, 53812, 66581, 18553, 77081, 32503, 77971, 38602, 56284]"
116121,"[96373, 58561, 14749, 70444, 56287, 76246, 86475, 34357, 40605, 91568]"
116122,"[48813, 33611, 80144, 92904, 15329, 108186, 93318, 45345, 103120, 24648]"
116123,"[12947, 37476, 101935, 61620, 51002, 102951, 79067, 80441, 22502, 23479]"
116124,"[77988, 30864, 50203, 100842, 59637, 86880, 87615, 48452, 74519, 87239]"
116125,"[79398, 19352, 76150, 15328, 68191, 86652, 47128, 32251, 102166, 33084]"
116126,"[13521, 50228, 68254, 105146, 67559, 17833, 59525, 107854, 103616, 62406]"
116127,"[71397, 68584, 81054, 47362, 56666, 7976, 102021, 78111, 69864, 18479]"
116128,"[65141, 42891, 2366, 17725, 62554, 68554, 55929, 76972, 60126, 26697]"
116129,"[84807, 34362, 74195, 36721, 42463, 3989, 103431, 32441, 30672, 96487]"
116130,"[55938, 34250, 105181, 109427, 88883, 61202, 63508, 73218, 44702, 5182]"
116131,"[90188, 37521, 64409, 101744, 60143, 7281, 22343, 47178, 52746, 109324]"
116132,"[90511, 83112, 98495, 9469, 105995, 21705, 14087, 39498, 48197, 70259]"
116133,"[102294, 63378, 80129, 96970, 3230, 47028, 67891, 56291, 35678, 98757]"
116134,"[42696, 93360, 10348, 43675, 32329, 100844, 91559, 70216, 29970, 22635]"
116135,"[49732, 37428, 104107, 20809, 82846, 31564, 72337, 105194, 50247, 101977]"
116136,"[60091, 24867, 6567, 77928, 22294, 82496, 93061, 1000, 28138, 29800]"
116137,"[23337, 91639, 1537, 105098, 1518, 98365, 79559, 31233, 48964, 18445]"
116138,"[93958, 7724, 16470, 101621, 69221, 33584, 17294, 27533, 44322, 69612]"
116139,"[63685, 45182, 83361, 92620, 66705, 104591, 63371, 73937, 7945, 30542]"
116140,"[99286, 10537, 83101, 108436, 65080, 33220, 62480, 46327, 99024, 81931]"
116141,"[98355, 16726, 10541, 16913, 104041, 88912, 95231, 68841, 11709, 96369]"
116142,"[59719, 11208, 74160, 9560, 104990, 23861, 36111, 32562, 108424, 24998]"
116143,"[97784, 2223, 17521, 27200, 54134, 65019, 29777, 1140, 42026, 45845]"
116144,"[19266, 95738, 5230, 10018, 29251, 54687, 35368, 98940, 27460, 50262]"
116145,"[23263, 47198, 19840, 51657, 108652, 98269, 7760, 2506, 55564, 35768]"
116146,"[97594, 4364, 14826, 54616, 49040, 84970, 35344, 56117, 47690, 83007]"
116147,"[79352, 7467, 81526, 63629, 69311, 83537, 44431, 6515, 44299, 32726]"
116148,"[62154, 3914, 75824, 9707, 16622, 68075, 10880, 63068, 1134, 108811]"
116149,"[78124, 2552, 33059, 35094, 2645, 84160, 105771, 47764, 95954, 75407]"
116150,"[68704, 96659, 81728, 80643, 26517, 41546, 108973, 20933, 12297, 79843]"
116151,"[100002, 12818, 51557, 59737, 41758, 4702, 49215, 109221, 69781, 109101]"
116152,"[23847, 20378, 106572, 25008, 3329, 59067, 105007, 12854, 39975, 54032]"
116153,"[54298, 68147, 66431, 99302, 74495, 6856, 98479, 53031, 99805, 7003]"
116154,"[3310, 105364, 2292, 101102, 100912, 21937, 82760, 36119, 20179, 48052]"
116155,"[12784, 107355, 17489, 27325, 44858, 17360, 52166, 21530, 13240, 104608]"
116156,"[66873, 43270, 82690, 31099, 7588, 14309, 37893, 51268, 29721, 90499]"
116157,"[10171, 36392, 96468, 73878, 21645, 30941, 61845, 37736, 66782, 87555]"
116158,"[52958, 9675, 23854, 50789, 14485, 57179, 97311, 494, 108949, 67159]"
116159,"[79778, 43391, 75596, 96234, 95162, 4413, 31262, 97003, 11690, 36283]"
116160,"[71743, 26099, 32524, 36951, 46885, 62571, 89445, 38882, 31612, 72410]"
116161,"[65517, 75080, 85802, 63975, 17639, 15707, 27396, 32979, 66437, 21770]"
116162,"[35906, 15097, 35301, 84737, 2893, 61709, 59270, 107646, 89318, 48806]"
116163,"[79661, 71846, 100165, 36941, 103674, 5739, 54485, 24086, 47239, 86081]"
116164,"[99124, 15269, 33109, 634, 30700, 4310, 706, 6075, 47562, 108808]"
116165,"[100203, 41189, 34582, 7931, 8959, 23201, 86013, 40407, 55417, 85004]"
116166,"[42561, 75438, 5214, 4365, 36976, 38799, 47771, 89583, 26875, 100286]"
116167,"[109536, 72561, 14651, 68266, 31754, 41166, 101544, 68433, 23453, 23202]"
116168,"[22051, 64743, 71803, 49469, 65236, 80604, 106306, 95805, 55369, 5277]"
116169,"[104062, 69885, 58089, 76924, 93009, 65178, 97078, 61292, 109145, 103990]"
116170,"[43977, 62078, 95033, 43690, 17025, 35505, 49483, 73980, 65622, 41776]"
116171,"[26069, 58162, 62436, 96326, 63909, 81744, 63515, 5450, 86684, 51705]"
116172,"[34297, 65028, 86205, 66001, 104478, 93691, 55770, 81044, 53614, 40936]"
116173,"[88755, 31316, 92086, 71315, 40863, 21486, 1737, 47962, 10257, 66901]"
116174,"[2789, 63030, 107209, 107154, 99877, 107832, 48734, 506, 64190, 41712]"
116175,"[100349, 20448, 29936, 73286, 23757, 35497, 13296, 37305, 21786, 40656]"
116176,"[104940, 108172, 71120, 54319, 52810, 98626, 79604, 59856, 100056, 12786]"
116177,"[100558, 5423, 69952, 104136, 2374, 25192, 87587, 65722, 14667, 80325]"
116178,"[27661, 80387, 63666, 1489, 74520, 7271, 76570, 96738, 66823, 32107]"
116179,"[4978, 65728, 62938, 74134, 49511, 81681, 25995, 84601, 59192, 46404]"
116180,"[79528, 81500, 7781, 107200, 52095, 8675, 577, 24757, 108306, 59443]"
116181,"[96358, 36794, 47744, 101275, 80595, 43685, 50486, 102826, 3333, 93437]"
116182,"[37476, 102951, 51002, 12947, 27727, 40478, 37272, 51679, 37367, 12105]"
116183,"[9173, 1086, 72633, 5380, 8633, 92638, 41941, 56177, 9629, 63839]"
116184,"[33471, 73330, 87444, 94995, 91634, 59829, 78728, 40709, 71842, 53260]"
116185,"[105533, 109534, 29910, 43616, 103208, 17459, 12174, 9348, 100648, 107346]"
116186,"[53436, 3710, 17444, 4974, 100056, 55799, 32751, 71101, 14584, 3465]"
116187,"[58187, 86586, 68379, 78170, 73357, 68817, 30247, 16086, 35210, 87271]"
116188,"[78871, 22295, 75845, 68207, 66677, 17226, 66030, 100723, 29698, 72597]"
116189,"[53576, 23744, 100411, 106791, 52922, 90602, 96520, 29878, 32798, 55692]"
116190,"[27745, 31148, 105118, 27719, 1400, 53311, 78134, 64854, 20691, 37017]"
116191,"[79261, 42989, 1395, 5195, 104424, 43846, 46482, 10856, 34062, 66075]"
116192,"[102349, 9248, 40206, 87008, 61357, 27417, 70017, 90242, 99224, 43314]"
116193,"[87571, 19698, 4703, 8454, 84794, 28459, 12313, 38102, 30819, 86557]"
116194,"[85141, 96443, 98597, 38983, 57928, 84688, 49239, 20998, 29084, 78471]"
116195,"[31605, 54529, 95178, 43574, 23540, 11990, 79591, 106406, 74626, 49778]"
116196,"[82808, 44094, 22596, 57664, 91619, 99564, 70354, 90735, 95601, 66611]"
116197,"[19250, 85697, 10753, 31183, 11205, 82943, 105593, 3174, 68228, 72919]"
116198,"[77173, 18248, 58928, 7973, 53939, 94161, 43561, 47610, 75831, 3503]"
116199,"[13032, 68098, 2931, 91740, 41678, 68279, 4219, 28783, 58279, 50646]"
116200,"[35270, 68943, 60268, 41464, 101575, 74409, 103002, 97055, 87614, 97866]"
116201,"[55159, 30547, 32179, 77566, 18146, 91452, 88324, 67295, 70349, 107091]"
116202,"[152, 74816, 1695, 51806, 12607, 47046, 83672, 71559, 83709, 103591]"
116203,"[19704, 89891, 90890, 40688, 89196, 58126, 61897, 58321, 74656, 51425]"
116204,"[6602, 69185, 78371, 20419, 6875, 43273, 4339, 52485, 53524, 97602]"
116205,"[75492, 30495, 15622, 2116, 105467, 30682, 9380, 32871, 68146, 75091]"
116206,"[40096, 4597, 72039, 32826, 67281, 76145, 67867, 65657, 64945, 21380]"
116207,"[32604, 35882, 59404, 16721, 23515, 3326, 18431, 22441, 19353, 77975]"
116208,"[4949, 95194, 64541, 65999, 72906, 21692, 2681, 84618, 34617, 103653]"
116209,"[33277, 51811, 30383, 90760, 87828, 56033, 85951, 107224, 99446, 61006]"
116210,"[21488, 18457, 101573, 66697, 93938, 85128, 26488, 43843, 36624, 61451]"
116211,"[31968, 71907, 48754, 84328, 63276, 106296, 65581, 52408, 67135, 9771]"
116212,"[57328, 104910, 90396, 71472, 40480, 108252, 49882, 77076, 84464, 3415]"
116213,"[106588, 85057, 36302, 92883, 40994, 87409, 7693, 105731, 68802, 38142]"
116214,"[54563, 50069, 25753, 95442, 60621, 101643, 5853, 105123, 48862, 6138]"
116215,"[76935, 82201, 6679, 18320, 26555, 93901, 67700, 4820, 12537, 87209]"
116216,"[102165, 7748, 79600, 83503, 48030, 7641, 72160, 29780, 102820, 103853]"
116217,"[6026, 55794, 45111, 71876, 49747, 55146, 23478, 71272, 56236, 64022]"
116218,"[106737, 83134, 98338, 93096, 42658, 97224, 13049, 7575, 75542, 32069]"
116219,"[56227, 5060, 62891, 56646, 80611, 59678, 97936, 103794, 59703, 97894]"
116220,"[37651, 53124, 49205, 40390, 84723, 37115, 101669, 41452, 2123, 88317]"
116221,"[18350, 85541, 91901, 60200, 46836, 65365, 94866, 68067, 3860, 71618]"
116222,"[4108, 29169, 47998, 81657, 5617, 11089, 13541, 71056, 8355, 68723]"
116223,"[561, 48990, 86049, 102333, 103040, 100153, 104678, 18528, 10757, 27742]"
116224,"[77065, 98565, 11617, 104728, 50510, 80190, 50593, 86653, 53833, 96158]"
116225,"[23282, 102388, 45149, 55850, 29733, 21413, 41916, 55076, 97732, 91384]"
116226,"[78410, 9409, 106057, 18018, 40917, 91673, 83196, 76412, 15148, 3998]"
116227,"[109628, 89699, 77585, 27174, 87009, 36005, 67522, 104641, 57064, 54812]"
116228,"[2276, 89692, 98331, 61633, 94872, 66985, 21288, 18901, 115, 1070]"
116229,"[77795, 17267, 34664, 103980, 81360, 30176, 49789, 37345, 75165, 16737]"
116230,"[5617, 68723, 54320, 13541, 108188, 8355, 4108, 91113, 62746, 78278]"
116231,"[25564, 2903, 16291, 109543, 45282, 102008, 87726, 98056, 81849, 26255]"
116232,"[95865, 95806, 38949, 29939, 46579, 8859, 7205, 55909, 77900, 31898]"
116233,"[90114, 101389, 15848, 9584, 34681, 78856, 23144, 3263, 30261, 101704]"
116234,"[15587, 52347, 7175, 96978, 23961, 64983, 50125, 62523, 63424, 78907]"
116235,"[48706, 5832, 92184, 41987, 11267, 92351, 99310, 84840, 71125, 65483]"
116236,"[32547, 106107, 76541, 39101, 12464, 15960, 12330, 16614, 49491, 54500]"
116237,"[40720, 47440, 59304, 12201, 2517, 39156, 5000, 96698, 83403, 65796]"
116238,"[18653, 41469, 24353, 31172, 50711, 30151, 104224, 67002, 54818, 52557]"
116239,"[25774, 99525, 35171, 65263, 51519, 104141, 59802, 62136, 17513, 42632]"
116240,"[20256, 89070, 25838, 67073, 107514, 30091, 56492, 87986, 109284, 101914]"
116241,"[86381, 22367, 4831, 9440, 68205, 11061, 86898, 103245, 43210, 72582]"
116242,"[109307, 48771, 8537, 15230, 3778, 2282, 101333, 32557, 107380, 7565]"
116243,"[34951, 107090, 86855, 51185, 84053, 37595, 52665, 13363, 105547, 53925]"
116244,"[45067, 4085, 68002, 60228, 30172, 8507, 66727, 44172, 72972, 82882]"
116245,"[48773, 67401, 58006, 80119, 62951, 172, 108884, 49358, 68390, 56340]"
116246,"[80803, 72634, 29658, 39746, 26135, 33476, 25382, 73984, 46433, 50002]"
116247,"[12050, 73312, 22549, 65666, 7485, 88306, 12017, 26256, 34553, 4848]"
116248,"[59624, 95663, 72659, 72404, 75977, 98545, 57151, 45187, 13816, 61652]"
116249,"[14770, 56082, 67825, 26924, 90317, 95281, 10364, 49348, 37260, 24547]"
116250,"[81868, 88245, 85566, 94869, 101028, 3197, 37085, 108728, 62595, 14398]"
116251,"[49800, 59871, 22756, 55454, 109694, 72002, 41582, 58458, 50309, 105114]"
116252,"[32793, 108903, 108002, 50190, 50482, 22957, 40093, 86805, 105586, 81081]"
116253,"[59022, 80714, 46437, 2646, 23629, 8979, 80392, 64258, 40556, 105598]"
116254,"[15590, 41592, 80962, 86814, 31022, 67699, 38510, 13549, 102180, 81347]"
116255,"[83014, 86768, 79893, 4479, 25551, 5334, 103219, 81716, 45755, 62949]"
116256,"[104627, 25067, 20838, 68853, 68974, 2939, 8166, 16607, 71389, 37471]"
116257,"[53980, 60317, 67945, 52663, 18448, 49839, 81295, 101091, 51051, 40398]"
116258,"[58128, 34159, 60405, 94271, 17811, 104921, 103045, 27123, 9786, 54195]"
116259,"[106566, 89671, 93273, 53245, 11036, 72756, 98740, 65993, 99985, 94414]"
116260,"[40776, 70809, 49034, 26825, 98500, 87535, 80538, 77259, 84110, 67239]"
116261,"[70142, 33710, 92771, 89568, 11216, 90766, 61008, 104440, 86191, 77628]"
116262,"[20321, 108066, 7360, 84953, 100847, 101369, 80219, 33734, 7060, 10198]"
116263,"[38032, 52703, 22342, 17761, 54440, 36503, 19783, 34862, 7454, 72488]"
116264,"[4190, 19238, 98346, 63768, 44588, 8073, 98267, 47237, 8332, 62529]"
116265,"[17330, 24220, 50354, 24079, 28785, 34165, 11332, 27785, 57191, 68436]"
116266,"[1759, 103051, 4864, 40115, 10871, 22614, 59072, 53630, 87357, 15564]"
116267,"[37038, 98669, 45740, 107951, 103090, 99716, 104109, 49214, 14126, 26421]"
116268,"[71928, 40771, 32803, 93713, 715, 27564, 15438, 91127, 8039, 59230]"
116269,"[52682, 55301, 68604, 91321, 53866, 4225, 80381, 100812, 36737, 7859]"
116270,"[80117, 43356, 39021, 11098, 26030, 77651, 68112, 102135, 20215, 105749]"
116271,"[102332, 75875, 18696, 70983, 29295, 103998, 24894, 46582, 104597, 53805]"
116272,"[72001, 5910, 56925, 53715, 46099, 105694, 9230, 15555, 80898, 86939]"
116273,"[85888, 22127, 28021, 34755, 53182, 107214, 81466, 86829, 109513, 85320]"
116274,"[93224, 81293, 10878, 1380, 53937, 7386, 98396, 14801, 108091, 92753]"
116275,"[3430, 32389, 74224, 36478, 57188, 7880, 8169, 42426, 48900, 91065]"
116276,"[97750, 38136, 12669, 65366, 97196, 103650, 80839, 25852, 66430, 83790]"
116277,"[85321, 54714, 97565, 929, 104140, 74882, 39337, 52688, 47180, 55932]"
116278,"[102013, 42102, 13022, 51694, 94802, 34913, 101136, 66194, 45575, 11787]"
116279,"[44294, 15135, 95582, 99001, 15811, 100904, 104610, 53015, 39233, 2426]"
116280,"[93542, 60833, 52257, 18118, 3182, 40423, 67613, 36589, 99248, 5380]"
116281,"[90109, 35639, 72923, 25557, 59940, 70299, 7105, 86023, 13965, 92350]"
116282,"[29684, 8712, 64436, 18905, 60306, 38224, 18383, 101926, 2967, 97987]"
116283,"[78683, 66330, 32479, 58871, 76316, 77759, 4819, 75453, 40871, 73116]"
116284,"[44320, 99588, 93685, 80920, 7592, 105183, 27442, 70882, 95320, 15455]"
116285,"[93034, 69762, 82247, 71587, 50557, 81091, 17800, 620, 67809, 10027]"
116286,"[15678, 62828, 74079, 47475, 39336, 75901, 9893, 53765, 108797, 1664]"
116287,"[56378, 96286, 71116, 22538, 77574, 49495, 5564, 17305, 26296, 109313]"
116288,"[21353, 11688, 78557, 10915, 78936, 93977, 102775, 56020, 43364, 101770]"
116289,"[19867, 1228, 36668, 54535, 107491, 65445, 94638, 66537, 30419, 8589]"
116290,"[96828, 13749, 15458, 36325, 35671, 80448, 29622, 94672, 89569, 30519]"
116291,"[83624, 28448, 55498, 11091, 62000, 88374, 57351, 30024, 54444, 11131]"
116292,"[98990, 82081, 89077, 31654, 48934, 54465, 85429, 7161, 5237, 9086]"
116293,"[23467, 54399, 5945, 15888, 36918, 6336, 96739, 22942, 1902, 27191]"
116294,"[69850, 85922, 86021, 15759, 5385, 42320, 68952, 52499, 92226, 27817]"
116295,"[55545, 22032, 65898, 61036, 35399, 16479, 23388, 30211, 22218, 17608]"
116296,"[67355, 99378, 80426, 1993, 14013, 39654, 17104, 81769, 1680, 5805]"
116297,"[49728, 103049, 31693, 24808, 55213, 59291, 22605, 24374, 69050, 78196]"
116298,"[84781, 56097, 18361, 33763, 61693, 4846, 63916, 25277, 55663, 87198]"
116299,"[21019, 29868, 81294, 95899, 41896, 22994, 26891, 51817, 20166, 81667]"
116300,"[59224, 63811, 71023, 41866, 84870, 94154, 50007, 3445, 65127, 39136]"
116301,"[105746, 72432, 55609, 72253, 30195, 2263, 29256, 45344, 97138, 29778]"
116302,"[73972, 88632, 59215, 50415, 9480, 77149, 96241, 26504, 103873, 49700]"
116303,"[94245, 89050, 94167, 63207, 68495, 19734, 39416, 55547, 83041, 97598]"
116304,"[42553, 68796, 89103, 95560, 78904, 33992, 17256, 96995, 90407, 90382]"
116305,"[66385, 15910, 29823, 6496, 199, 104203, 18652, 23133, 49421, 77609]"
116306,"[17964, 538, 80216, 81049, 4303, 39842, 27089, 48491, 39530, 107800]"
116307,"[88182, 92942, 100347, 58578, 99826, 69794, 52243, 31265, 34, 55778]"
116308,"[50097, 10916, 35318, 41973, 97810, 89795, 91723, 40052, 21655, 41792]"
116309,"[106842, 77505, 15054, 100735, 79456, 48757, 106240, 47797, 104715, 100668]"
116310,"[27495, 81656, 36669, 99839, 28512, 71523, 85018, 105911, 81912, 1032]"
116311,"[18230, 57140, 102946, 17483, 73604, 30033, 6484, 105600, 37342, 72846]"
116312,"[9113, 57492, 107893, 64022, 67529, 83753, 95220, 27738, 73044, 74836]"
116313,"[10091, 54756, 3058, 37671, 19269, 44129, 22792, 35258, 108976, 92824]"
116314,"[65664, 99938, 9165, 49074, 16749, 30260, 4900, 312, 51848, 62657]"
116315,"[98620, 20984, 54117, 99326, 9191, 84300, 85852, 90676, 95816, 66789]"
116316,"[66972, 11035, 7577, 30665, 32848, 106727, 9140, 63779, 71948, 104643]"
116317,"[97076, 42592, 73130, 85540, 68789, 59015, 48172, 60654, 32572, 59713]"
116318,"[90871, 101463, 109657, 21054, 106864, 80887, 99406, 24623, 70667, 105451]"
116319,"[66619, 754, 87368, 574, 28563, 44102, 58912, 71323, 20542, 68914]"
116320,"[51938, 45616, 46653, 36134, 26385, 109076, 48375, 31550, 54494, 80864]"
116321,"[21852, 6876, 63851, 81685, 98110, 58369, 10419, 66294, 108863, 22327]"
116322,"[59454, 36964, 2227, 55620, 87560, 58180, 98034, 24741, 75524, 23407]"
116323,"[44462, 46890, 1023, 97425, 14382, 41249, 51209, 36093, 30135, 3254]"
116324,"[71320, 193, 18566, 12914, 44186, 100969, 57107, 73289, 8886, 73860]"
116325,"[15935, 32243, 19806, 33672, 80228, 63185, 83604, 38054, 54276, 82634]"
116326,"[8434, 64484, 72179, 15386, 72045, 67371, 69178, 29069, 37520, 81194]"
116327,"[12229, 59217, 62781, 23469, 69553, 91277, 96706, 97608, 18291, 10514]"
116328,"[29263, 21055, 15633, 67844, 68164, 9950, 60980, 99447, 64710, 2792]"
116329,"[25218, 69445, 97967, 106159, 51738, 27053, 60003, 95551, 55221, 106496]"
116330,"[63304, 93342, 45884, 66807, 49801, 30392, 52761, 35615, 82796, 84632]"
116331,"[21624, 66466, 107409, 75457, 59456, 54928, 86600, 45903, 68291, 28582]"
116332,"[57934, 46214, 52887, 37442, 51951, 22105, 37883, 40010, 46716, 107075]"
116333,"[108042, 3399, 100758, 29131, 38425, 61517, 95607, 47970, 55778, 9219]"
116334,"[31068, 81436, 24498, 81384, 42078, 62681, 59025, 81580, 7829, 90514]"
116335,"[32981, 91048, 67859, 101131, 97502, 42412, 93432, 36548, 15812, 53959]"
116336,"[74366, 71904, 91982, 101356, 34080, 104743, 35233, 86438, 86462, 101757]"
116337,"[57042, 81091, 93034, 54978, 80305, 59033, 4630, 35238, 26822, 10832]"
116338,"[43680, 57792, 84909, 28611, 5687, 35925, 102537, 37903, 81209, 6274]"
116339,"[81858, 36737, 7859, 55301, 88960, 68604, 48349, 4225, 91986, 12626]"
116340,"[67504, 98938, 61894, 33829, 79382, 74322, 8673, 27111, 12495, 62086]"
116341,"[22789, 50398, 14422, 61946, 9108, 4534, 98808, 54971, 28647, 48256]"
116342,"[28119, 79364, 7585, 67738, 31544, 16003, 81651, 19355, 71305, 68669]"
116343,"[27875, 5205, 52571, 53453, 47341, 6674, 102532, 1026, 98271, 96106]"
116344,"[73175, 61471, 44583, 43103, 94850, 102747, 15649, 73450, 5248, 58574]"
116345,"[65847, 73837, 418, 60837, 47493, 79425, 5357, 51801, 36453, 109196]"
116346,"[57528, 23602, 79157, 70471, 72590, 41275, 26457, 99867, 17187, 14069]"
116347,"[66465, 68698, 39697, 37026, 85257, 83465, 64235, 63467, 57231, 65410]"
116348,"[22854, 105987, 12097, 34495, 8180, 52842, 5376, 106393, 42151, 86093]"
116349,"[37492, 103308, 16571, 22071, 9558, 63647, 6463, 74943, 25922, 64875]"
116350,"[42123, 46040, 61129, 77160, 45174, 105139, 48581, 31254, 96986, 46293]"
116351,"[105845, 79831, 13015, 72717, 49692, 16340, 70156, 5350, 42768, 24576]"
116352,"[91831, 98275, 97654, 81299, 100949, 96537, 41581, 21948, 24953, 101050]"
116353,"[97756, 83546, 12342, 16215, 107207, 59335, 82721, 65687, 74110, 103456]"
116354,"[56597, 64410, 78500, 88010, 94368, 97231, 37920, 84271, 72199, 67773]"
116355,"[57044, 77204, 30527, 75182, 87119, 61013, 97022, 92582, 58636, 65145]"
116356,"[46209, 85442, 99117, 61986, 46041, 51581, 80682, 6105, 67840, 75597]"
116357,"[22875, 73852, 60067, 107333, 43603, 69391, 85779, 36233, 3596, 82714]"
116358,"[20501, 100637, 48957, 18737, 66491, 6462, 78327, 70689, 64958, 23803]"
116359,"[52125, 2898, 93266, 1234, 49580, 67655, 49842, 91895, 93127, 2965]"
116360,"[52975, 86489, 79691, 49105, 15202, 713, 545, 45925, 66403, 11478]"
116361,"[104967, 45885, 58572, 57812, 81972, 35706, 99186, 24960, 101937, 60238]"
116362,"[42561, 5214, 36976, 75438, 4365, 38799, 47771, 89583, 26875, 9163]"
116363,"[102478, 22990, 26606, 74339, 88313, 109156, 74753, 41027, 34433, 25059]"
116364,"[106481, 27166, 90429, 26536, 36917, 78672, 49793, 104464, 63253, 37758]"
116365,"[50012, 28917, 75707, 50128, 62679, 98886, 62552, 22830, 14897, 16723]"
116366,"[72033, 35202, 83790, 60978, 76099, 83466, 107506, 38136, 12669, 34203]"
116367,"[57299, 50043, 44822, 4344, 83347, 48366, 70745, 25064, 102837, 85795]"
116368,"[86627, 26510, 29083, 38263, 76723, 45367, 35029, 77465, 108145, 97964]"
116369,"[89712, 28418, 7427, 81592, 19914, 89465, 60041, 92542, 77425, 29692]"
116370,"[92964, 29972, 39982, 19102, 86282, 100250, 92686, 104055, 94475, 54997]"
116371,"[82741, 47828, 81445, 9302, 37662, 17392, 10879, 102164, 109505, 32606]"
116372,"[16922, 38390, 14014, 18090, 98767, 25287, 18545, 52148, 32444, 17660]"
116373,"[17127, 20275, 14479, 43671, 50905, 107065, 59838, 43507, 37125, 77522]"
116374,"[57809, 26685, 63742, 55207, 75974, 94117, 73373, 56245, 83555, 98574]"
116375,"[34060, 60733, 89455, 68985, 66150, 80682, 23758, 18739, 47219, 5419]"
116376,"[15960, 12330, 16614, 106107, 12464, 75509, 60155, 32547, 79642, 49491]"
116377,"[88708, 23021, 10475, 83575, 82982, 35004, 79437, 43528, 4474, 10404]"
116378,"[56762, 83473, 11529, 25823, 63440, 4259, 74341, 104323, 104477, 20505]"
116379,"[24080, 41130, 95459, 16101, 77777, 798, 60526, 53800, 26973, 67671]"
116380,"[42127, 32379, 23674, 41923, 52054, 42225, 59529, 10859, 78158, 59796]"
116381,"[108330, 37404, 98893, 62857, 47118, 64363, 76703, 48023, 27786, 98701]"
116382,"[61658, 47799, 70555, 51839, 95208, 86315, 8917, 68481, 66825, 62063]"
116383,"[9494, 5301, 40589, 4100, 49204, 14557, 8546, 15152, 22010, 66673]"
116384,"[8122, 96574, 41411, 68934, 65131, 55451, 104770, 35066, 82248, 95724]"
116385,"[13822, 64558, 101221, 5417, 7962, 71742, 46996, 92107, 36353, 101529]"
116386,"[61219, 95839, 71919, 3925, 64996, 59939, 92258, 27535, 82968, 49207]"
116387,"[60651, 38606, 48371, 105482, 7015, 53823, 108927, 76195, 29992, 106283]"
116388,"[11407, 95734, 34987, 24818, 106217, 31111, 18454, 68135, 92001, 9730]"
116389,"[90264, 16717, 7923, 101738, 71096, 26270, 55641, 9916, 92136, 108233]"
116390,"[65399, 707, 42839, 61418, 96518, 36743, 99762, 20025, 60949, 40965]"
116391,"[17956, 103700, 65430, 49690, 71543, 36519, 82030, 91616, 15302, 50884]"
116392,"[95033, 43977, 49483, 17025, 43690, 73980, 69969, 64301, 67945, 35505]"
116393,"[34887, 102683, 9886, 61337, 26431, 38468, 19118, 70635, 23129, 81592]"
116394,"[99908, 94890, 29053, 83402, 74433, 84493, 86308, 108165, 90826, 68797]"
116395,"[97484, 2504, 7014, 31807, 104573, 12117, 63348, 96514, 20903, 77011]"
116396,"[6963, 95566, 102534, 67999, 83717, 81078, 61975, 104525, 68520, 85518]"
116397,"[25884, 9328, 80653, 57779, 65304, 44286, 27834, 16613, 84802, 54140]"
116398,"[9099, 17172, 102715, 15890, 95572, 14247, 10535, 30215, 67774, 92207]"
116399,"[44834, 92203, 74698, 99608, 46197, 47911, 61069, 105530, 103639, 63965]"
116400,"[75945, 20855, 35659, 76111, 18781, 64855, 75066, 2583, 48313, 26048]"
116401,"[76599, 3428, 2877, 55901, 89562, 40959, 92271, 45924, 75734, 79746]"
116402,"[22300, 102326, 93168, 82394, 95727, 41062, 100281, 103270, 57396, 65201]"
116403,"[43198, 56186, 44825, 8881, 26336, 22016, 11228, 99587, 29323, 24671]"
116404,"[72046, 58335, 44510, 101454, 55719, 92760, 75888, 77780, 58492, 38221]"
116405,"[14359, 59550, 91433, 60203, 16552, 29933, 2531, 18222, 78729, 30520]"
116406,"[104759, 105873, 11541, 70901, 107262, 109002, 72030, 68751, 36275, 21434]"
116407,"[3042, 52280, 9369, 82181, 24520, 56479, 15056, 71085, 26026, 59787]"
116408,"[59867, 16196, 31326, 47152, 34527, 63763, 106451, 34741, 40299, 34553]"
116409,"[101078, 31483, 66991, 34725, 80169, 59845, 29219, 41823, 79623, 58787]"
116410,"[39247, 12950, 13111, 84856, 7129, 66508, 105296, 58328, 9859, 50517]"
116411,"[18339, 37637, 36564, 98687, 34526, 4901, 84319, 77918, 23281, 45022]"
116412,"[35936, 92343, 102367, 55231, 18070, 53095, 80065, 46922, 27995, 47936]"
116413,"[43842, 96204, 26546, 76340, 78028, 33569, 13651, 87964, 49090, 73412]"
116414,"[19579, 52288, 23494, 38101, 68843, 105664, 44797, 88052, 42762, 92219]"
116415,"[98802, 66074, 94373, 66742, 14433, 30302, 48364, 109181, 70368, 84822]"
116416,"[25666, 53725, 38402, 60216, 18068, 90558, 24352, 80972, 67567, 98729]"
116417,"[11930, 28318, 107162, 99178, 24277, 21161, 67684, 108755, 103975, 24771]"
116418,"[28443, 6704, 104208, 96592, 77808, 756, 19157, 96290, 28100, 81626]"
116419,"[108947, 79159, 51770, 9650, 2572, 86200, 4783, 16140, 43740, 71566]"
116420,"[105852, 68095, 40338, 67688, 79527, 28746, 75394, 3895, 14195, 68863]"
116421,"[94043, 27121, 72903, 67219, 45959, 21360, 12322, 85927, 33370, 66964]"
116422,"[29019, 79480, 22255, 52031, 25214, 100882, 14883, 20399, 54371, 104419]"
116423,"[101863, 44677, 55867, 101281, 42532, 22923, 61863, 71043, 49852, 83889]"
116424,"[56303, 105864, 17843, 13264, 7863, 57319, 108541, 11982, 2204, 32038]"
116425,"[102204, 4933, 39920, 55780, 105972, 65459, 33508, 65832, 15161, 50556]"
116426,"[29553, 47000, 100224, 45073, 88149, 23532, 47617, 57729, 75429, 383]"
116427,"[49172, 31136, 106137, 84671, 11264, 22061, 21986, 59575, 3351, 84408]"
116428,"[29034, 28860, 51632, 70791, 68422, 52168, 75529, 92232, 80995, 14500]"
116429,"[109244, 21167, 1479, 87608, 80817, 68734, 69427, 33942, 94193, 14986]"
116430,"[12461, 69012, 9798, 14320, 57673, 77045, 53898, 9922, 90273, 4801]"
116431,"[8017, 18390, 69652, 82000, 21197, 105051, 22467, 46972, 93645, 108193]"
116432,"[84262, 108777, 78286, 58885, 21936, 86679, 69800, 101730, 18877, 87739]"
116433,"[53492, 9799, 104681, 27328, 99546, 93417, 21277, 10904, 5552, 76919]"
116434,"[75622, 96388, 73159, 66504, 40603, 91593, 16740, 62609, 50182, 20461]"
116435,"[44018, 94537, 66889, 30215, 24303, 91235, 104294, 2821, 101502, 20385]"
116436,"[34143, 4787, 72680, 53273, 49769, 19568, 11918, 22138, 108353, 75177]"
116437,"[101955, 37402, 30221, 24765, 26727, 28145, 105247, 69963, 13723, 95435]"
116438,"[102559, 61606, 25961, 99249, 85364, 24536, 85501, 80146, 51772, 105755]"
116439,"[41329, 14938, 22260, 98859, 87454, 13249, 9002, 104179, 40859, 61443]"
116440,"[92174, 69375, 35492, 100974, 21475, 20392, 75103, 90457, 29573, 12329]"
116441,"[42967, 85830, 2954, 65623, 96309, 54391, 104004, 92413, 17771, 7462]"
116442,"[52259, 86915, 108203, 20376, 11515, 77020, 56551, 107872, 11064, 105904]"
116443,"[69496, 31791, 102567, 83684, 50084, 47539, 87948, 77186, 74399, 39849]"
116444,"[65876, 60119, 73892, 81555, 96542, 35539, 45212, 106575, 29174, 11831]"
116445,"[65598, 88456, 10343, 5758, 21457, 30362, 19943, 108735, 21743, 37772]"
116446,"[22124, 24322, 35068, 65972, 84979, 93069, 38697, 86411, 75805, 3466]"
116447,"[96139, 54817, 30552, 27345, 27382, 48684, 34754, 21931, 96499, 4418]"
116448,"[41084, 66764, 47198, 23263, 63186, 19840, 15668, 2506, 50276, 36082]"
116449,"[102038, 43191, 64379, 95185, 109487, 48457, 65331, 31717, 24959, 6535]"
116450,"[79363, 83286, 83817, 32823, 6706, 86569, 26003, 55176, 101753, 27887]"
116451,"[92073, 7248, 61726, 33334, 22786, 19518, 84154, 7954, 13179, 33982]"
116452,"[48252, 82413, 107198, 89168, 47999, 102579, 37854, 99517, 95843, 72956]"
116453,"[72773, 2939, 25067, 81778, 37471, 68974, 68853, 20838, 71389, 108305]"
116454,"[50971, 58662, 37674, 13937, 11281, 91554, 85133, 26509, 21021, 34459]"
116455,"[21322, 77754, 447, 4997, 88769, 11298, 13274, 24264, 80098, 10179]"
116456,"[24150, 28042, 48458, 2640, 97373, 95352, 106625, 64317, 9861, 32306]"
116457,"[28826, 42747, 85042, 75898, 26302, 86201, 103131, 41116, 67958, 67322]"
116458,"[62828, 53765, 61634, 15678, 65637, 10747, 33849, 75901, 39336, 47475]"
116459,"[8204, 53766, 104528, 98909, 33419, 17710, 73091, 43889, 64580, 22047]"
116460,"[73146, 95104, 99598, 8864, 96216, 70450, 32080, 76981, 51338, 17471]"
116461,"[3717, 82578, 93443, 11117, 17403, 14825, 40537, 94205, 92250, 5357]"
116462,"[73589, 26231, 102368, 104286, 57980, 30095, 96677, 95536, 63162, 25032]"
116463,"[74374, 84931, 18329, 51562, 23302, 100162, 29784, 39400, 58384, 93665]"
116464,"[40998, 64117, 26437, 15088, 21218, 19076, 63609, 28294, 39577, 38729]"
116465,"[29713, 74411, 107765, 42312, 91375, 105030, 23037, 44651, 401, 77137]"
116466,"[28795, 23009, 67892, 71142, 92336, 41344, 51402, 5427, 63773, 99725]"
116467,"[93289, 75848, 78817, 15742, 78115, 34331, 87027, 80567, 96296, 70537]"
116468,"[74858, 8356, 65737, 40542, 76265, 864, 38994, 71172, 35674, 94715]"
116469,"[82985, 14340, 68736, 103459, 69915, 88610, 93369, 19006, 5678, 49001]"
116470,"[100445, 21187, 102658, 77280, 80996, 82834, 88297, 89645, 69590, 19327]"
116471,"[53703, 35609, 22459, 12608, 91589, 6054, 99560, 52501, 66202, 37072]"
116472,"[55676, 60428, 101747, 52709, 51742, 52159, 64262, 44708, 67654, 52116]"
116473,"[59922, 5080, 50270, 59415, 92841, 32149, 44656, 90960, 36829, 60912]"
116474,"[96262, 100438, 10326, 97758, 6081, 68388, 54499, 275, 40175, 101544]"
116475,"[51836, 89121, 26662, 62782, 9198, 70958, 98611, 96548, 37348, 22767]"
116476,"[43366, 33449, 101613, 36378, 66145, 104151, 14660, 60571, 98750, 81217]"
116477,"[6911, 64397, 3446, 64960, 31975, 93603, 43400, 63726, 107422, 34918]"
116478,"[48468, 70371, 88807, 59971, 104849, 36420, 107769, 13975, 45168, 43743]"
116479,"[84703, 40672, 22135, 42379, 92726, 2146, 30147, 7794, 74642, 43340]"
116480,"[56337, 89944, 38678, 77958, 32617, 37546, 42198, 59764, 46640, 79930]"
116481,"[79671, 48021, 64137, 78764, 101796, 53591, 47269, 73578, 98835, 28524]"
116482,"[102265, 78566, 11547, 21347, 19509, 43540, 68281, 12789, 37864, 7571]"
116483,"[62438, 44644, 92931, 38600, 9055, 84547, 58022, 81586, 88394, 44285]"
116484,"[91736, 93312, 65429, 16762, 108582, 26344, 108854, 73542, 81698, 105982]"
116485,"[72276, 93131, 55895, 22860, 45542, 50886, 74925, 78979, 19865, 62069]"
116486,"[105533, 17459, 29910, 109534, 73985, 43616, 35007, 51083, 77329, 100648]"
116487,"[97038, 77012, 18975, 14357, 31295, 47232, 7603, 88605, 41182, 109303]"
116488,"[82744, 77940, 99657, 78146, 15697, 75782, 88837, 24092, 92278, 39370]"
116489,"[5324, 2065, 19521, 43633, 42199, 105319, 22653, 40295, 10866, 26363]"
116490,"[40358, 106598, 96719, 63121, 95926, 27412, 572, 59904, 671, 105575]"
116491,"[57193, 12403, 75936, 76921, 108080, 25242, 59601, 64833, 54856, 74821]"
116492,"[80578, 107592, 67484, 91784, 70881, 97371, 92933, 106253, 21393, 69818]"
116493,"[31269, 25916, 50294, 69691, 51501, 51022, 20253, 4291, 22532, 74670]"
116494,"[81179, 68424, 75154, 26902, 10586, 26133, 3877, 104676, 66818, 103030]"
116495,"[7172, 58242, 40730, 85066, 49265, 13282, 13753, 771, 69062, 67188]"
116496,"[14352, 30999, 87334, 50754, 94572, 96259, 58671, 108943, 26100, 11730]"
116497,"[8875, 52440, 3670, 83837, 32099, 23504, 86951, 14295, 43897, 42617]"
116498,"[77554, 66440, 94279, 49397, 46670, 17620, 98476, 100785, 84830, 91937]"
116499,"[67131, 39200, 86906, 103783, 104468, 59704, 64089, 48519, 109648, 37746]"
116500,"[77917, 72092, 99447, 63606, 49562, 45007, 52675, 11249, 24586, 45733]"
116501,"[64386, 31776, 30476, 10636, 63362, 6732, 49762, 48378, 108374, 40581]"
116502,"[20294, 46956, 89659, 28936, 2429, 93410, 72721, 48811, 99354, 7036]"
116503,"[61203, 25246, 95162, 6694, 21436, 68043, 29132, 80707, 48948, 12163]"
116504,"[6895, 23157, 61300, 17700, 4169, 65341, 108545, 93320, 33280, 43516]"
116505,"[63461, 31672, 83793, 49416, 46501, 62056, 96270, 107141, 75186, 89511]"
116506,"[96802, 70603, 11691, 36577, 89660, 48766, 27770, 82176, 45599, 90674]"
116507,"[43324, 39519, 34140, 43258, 102118, 19992, 42589, 74119, 59154, 76593]"
116508,"[48203, 40598, 19566, 73854, 81415, 25015, 24736, 23102, 85429, 47604]"
116509,"[61535, 23820, 99785, 57693, 60538, 11059, 49366, 22731, 59597, 77852]"
116510,"[18346, 83380, 67201, 37502, 63240, 36644, 37530, 66190, 103634, 55560]"
116511,"[44591, 54629, 35682, 61003, 102691, 105856, 85840, 84659, 33201, 64390]"
116512,"[79767, 4705, 56498, 90446, 70507, 50150, 88256, 87804, 41339, 77926]"
116513,"[63990, 69756, 5524, 92683, 88265, 11342, 70271, 101100, 67436, 11729]"
116514,"[4189, 66318, 70510, 35409, 96163, 1252, 25993, 947, 55388, 10842]"
116515,"[84276, 76668, 57092, 63696, 77835, 27367, 70812, 77196, 51285, 28078]"
116516,"[58196, 40295, 5324, 2065, 10866, 26363, 38368, 22653, 43407, 96922]"
116517,"[60072, 95276, 12732, 48399, 84531, 70192, 60305, 106392, 48915, 83364]"
116518,"[64874, 97130, 108298, 10627, 10331, 81549, 103964, 108332, 23492, 104330]"
116519,"[57545, 79121, 15367, 3725, 32002, 27261, 11183, 61774, 45569, 87725]"
116520,"[59536, 42462, 80053, 39196, 78972, 795, 39824, 54894, 87127, 86322]"
116521,"[47032, 49439, 82915, 23395, 8774, 100805, 20311, 29969, 91290, 109342]"
116522,"[86908, 97626, 100213, 5180, 109595, 101991, 43268, 67242, 86474, 47091]"
116523,"[214, 4103, 102245, 90530, 97173, 63282, 61381, 61901, 79245, 41975]"
116524,"[47787, 53990, 45912, 38764, 95014, 62031, 30238, 24384, 30596, 79348]"
116525,"[64488, 39447, 2454, 67757, 12824, 55583, 3156, 51327, 54352, 66066]"
116526,"[108021, 95572, 77627, 105934, 61894, 95644, 39328, 102715, 14247, 67774]"
116527,"[72577, 27955, 26050, 56366, 41718, 60284, 79805, 63235, 99765, 70459]"
116528,"[2771, 101736, 100537, 71583, 19318, 55304, 29258, 22348, 27033, 42985]"
116529,"[41125, 105482, 39137, 109095, 7015, 76195, 38606, 8259, 48371, 84139]"
116530,"[72906, 62587, 2681, 84618, 31830, 95194, 4949, 65999, 64541, 90391]"
116531,"[99134, 65089, 37068, 64368, 49189, 83669, 30162, 74889, 71901, 42518]"
116532,"[87937, 60960, 62592, 100374, 85816, 3123, 93999, 79567, 59626, 77731]"
116533,"[82567, 10594, 18749, 74548, 8520, 78147, 93110, 51495, 107858, 44940]"
116534,"[92487, 53295, 95347, 77154, 66315, 78098, 104267, 52294, 100700, 73378]"
116535,"[29183, 65603, 96389, 24206, 105965, 69257, 4599, 13031, 40650, 59278]"
116536,"[44030, 42109, 33387, 103202, 56928, 4156, 22866, 64235, 99650, 19790]"
116537,"[18777, 72862, 59815, 71364, 46741, 56993, 103768, 32670, 17707, 45964]"
116538,"[93248, 52620, 19766, 43667, 50879, 106357, 21719, 108704, 44753, 103597]"
116539,"[107259, 87667, 29121, 23286, 43396, 50414, 92954, 95892, 30725, 55988]"
116540,"[83029, 54300, 78470, 17232, 15079, 35159, 51933, 78677, 60180, 33967]"
116541,"[37691, 35122, 60613, 60, 31867, 66995, 73866, 24420, 22605, 89207]"
116542,"[73802, 14399, 45731, 74153, 107939, 32091, 62467, 6416, 19143, 52158]"
116543,"[3163, 43430, 106280, 49342, 7791, 57304, 106080, 108734, 5808, 11181]"
116544,"[87121, 6546, 64680, 57371, 71841, 46068, 19744, 2879, 44633, 86016]"
116545,"[104037, 45854, 76910, 66260, 3343, 68908, 10631, 28095, 50641, 50531]"
116546,"[33990, 16112, 3996, 58660, 82993, 19628, 44364, 95318, 81033, 28714]"
116547,"[59716, 31559, 78847, 35286, 28537, 53575, 64534, 58108, 103483, 67391]"
116548,"[32350, 36795, 53777, 90335, 80332, 105429, 44037, 77199, 105496, 84873]"
116549,"[23188, 103903, 42919, 36785, 57321, 46529, 61925, 83781, 13705, 24859]"
116550,"[34166, 24903, 2300, 75859, 52828, 72484, 23078, 39344, 71477, 82239]"
116551,"[50458, 36036, 65018, 79034, 33624, 69478, 3400, 8827, 108995, 65618]"
116552,"[79458, 15496, 99763, 99465, 22484, 105639, 94929, 16536, 71515, 79275]"
116553,"[50128, 98886, 14897, 50012, 70865, 95215, 62679, 75707, 62552, 7390]"
116554,"[93313, 42204, 64172, 41512, 69731, 63989, 57751, 50970, 102432, 43861]"
116555,"[61542, 55652, 13966, 86456, 55994, 7924, 105763, 75957, 36170, 95651]"
116556,"[106528, 42738, 54073, 21573, 97689, 59240, 92532, 72572, 100201, 102580]"
116557,"[25521, 6436, 58502, 19743, 15228, 104793, 95830, 71019, 98805, 88609]"
116558,"[38508, 39875, 64576, 78157, 16234, 2961, 106608, 108886, 75625, 60376]"
116559,"[97634, 39252, 65106, 43327, 100366, 77271, 16067, 106271, 19880, 30278]"
116560,"[106245, 29450, 96111, 80440, 15565, 97062, 21501, 45590, 58552, 69507]"
116561,"[2100, 102703, 100190, 3467, 44089, 84600, 87361, 98563, 83382, 23965]"
116562,"[27559, 40063, 64372, 26944, 8929, 14370, 15493, 44538, 87880, 50732]"
116563,"[44521, 97223, 1658, 62227, 38593, 108135, 80833, 65096, 96454, 98287]"
116564,"[26809, 25179, 103007, 71215, 12933, 43288, 93766, 56499, 83683, 81267]"
116565,"[109389, 22089, 16724, 10956, 14874, 77551, 3384, 5543, 61366, 54702]"
116566,"[78938, 4913, 6562, 96567, 61192, 95634, 764, 14546, 74706, 83321]"
116567,"[29272, 32523, 109681, 59691, 11846, 50738, 45359, 37853, 35584, 14332]"
116568,"[5483, 106521, 44152, 5381, 33024, 108788, 69938, 86314, 96915, 43921]"
116569,"[39424, 37500, 14775, 95919, 4200, 8502, 108705, 61030, 33017, 43698]"
116570,"[108584, 97357, 63183, 99462, 18541, 54410, 9320, 54577, 42605, 1210]"
116571,"[105706, 95852, 47415, 96675, 24232, 96229, 42059, 65027, 65535, 8670]"
116572,"[12987, 70046, 109469, 18915, 14509, 57103, 1063, 54929, 90512, 6802]"
116573,"[3812, 31399, 62088, 43893, 40876, 57386, 25044, 18247, 38302, 29164]"
116574,"[2876, 25891, 99496, 94583, 27198, 50235, 105295, 44428, 24717, 81550]"
116575,"[49488, 107049, 59921, 27280, 42446, 98458, 69282, 108025, 71558, 62971]"
116576,"[29107, 31174, 12868, 59910, 66907, 55994, 14742, 102934, 20188, 58013]"
116577,"[28597, 20504, 14543, 46512, 40432, 83074, 40016, 57822, 40943, 74554]"
116578,"[45083, 18202, 59733, 92526, 10368, 34388, 17298, 3920, 50068, 53071]"
116579,"[42581, 28314, 63526, 91460, 75995, 106982, 39343, 14779, 46528, 67221]"
116580,"[56368, 52240, 60499, 37856, 64742, 19665, 32383, 78647, 35195, 25274]"
116581,"[103581, 60557, 91529, 92804, 44097, 9894, 20755, 92899, 87058, 45915]"
116582,"[95839, 71919, 61219, 27535, 82968, 22026, 28475, 10381, 36039, 92258]"
116583,"[95670, 21159, 73805, 32738, 47512, 22153, 69818, 79440, 108392, 15966]"
116584,"[56269, 10434, 69123, 67913, 33705, 93104, 95734, 66360, 21187, 83184]"
116585,"[71879, 36457, 54628, 8837, 82238, 68252, 19380, 17692, 20286, 1755]"
116586,"[97374, 1548, 6625, 54292, 58000, 100088, 104732, 98625, 10643, 55720]"
116587,"[62387, 68580, 86367, 36086, 42438, 84080, 74600, 69549, 55724, 20450]"
116588,"[4057, 13163, 45302, 58534, 13339, 73994, 94666, 34168, 68753, 102847]"
116589,"[62460, 4235, 76209, 46645, 9238, 97011, 105409, 5864, 18636, 102495]"
116590,"[74556, 85318, 90832, 15624, 30638, 60731, 6459, 27045, 3174, 31183]"
116591,"[34573, 55997, 84182, 82924, 14333, 12077, 44580, 78210, 92897, 36089]"
116592,"[94428, 84147, 105704, 4984, 15683, 55111, 3606, 24526, 16517, 38988]"
116593,"[30882, 45901, 74632, 101425, 95504, 62475, 26087, 26415, 28573, 96768]"
116594,"[46329, 839, 95997, 41158, 81726, 90673, 74539, 108784, 72407, 82852]"
116595,"[36426, 30216, 97206, 43646, 17022, 48783, 45860, 37968, 42924, 69452]"
116596,"[63562, 48953, 108906, 16608, 95882, 31994, 31352, 100096, 22867, 36706]"
116597,"[25855, 109543, 19792, 45282, 55146, 106015, 87726, 25564, 2903, 81849]"
116598,"[17693, 93370, 40656, 29367, 75425, 87983, 31824, 78431, 30908, 67050]"
116599,"[68387, 78168, 102424, 81982, 21964, 77843, 30591, 44763, 11847, 92097]"
116600,"[26255, 102008, 85806, 82127, 61818, 54729, 49747, 57603, 73478, 2137]"
116601,"[28680, 64178, 10569, 51321, 104200, 48495, 63622, 37020, 93147, 57006]"
116602,"[108647, 72814, 50719, 37876, 13204, 41593, 60736, 49376, 48956, 74762]"
116603,"[6333, 97655, 33903, 66412, 29103, 53056, 103437, 35634, 109336, 54785]"
116604,"[74595, 43173, 88675, 101990, 76260, 58786, 73672, 108817, 40675, 38439]"
116605,"[65704, 102408, 4166, 95898, 78953, 19268, 70998, 108170, 84338, 79507]"
116606,"[42159, 95710, 31788, 31919, 21832, 93022, 21162, 66976, 36206, 23974]"
116607,"[52366, 16299, 30902, 36166, 26496, 47081, 40141, 68334, 59629, 59475]"
116608,"[103642, 102688, 65933, 64852, 37673, 21657, 91946, 84202, 4034, 29891]"
116609,"[45600, 88611, 85548, 14288, 102108, 50269, 9104, 3955, 65271, 27526]"
116610,"[106721, 23554, 32836, 76523, 9006, 73041, 63656, 96933, 23383, 109287]"
116611,"[109037, 18159, 39257, 9660, 20935, 47878, 90052, 99011, 33501, 450]"
116612,"[103969, 93795, 40673, 42496, 38476, 78002, 46428, 73296, 7390, 101214]"
116613,"[80352, 107583, 46137, 5435, 14471, 4433, 64539, 51566, 46824, 39237]"
116614,"[101540, 46154, 65682, 65764, 46889, 100618, 78441, 55936, 24841, 7821]"
116615,"[16225, 62639, 19462, 61277, 103328, 92438, 64225, 78169, 29831, 23328]"
116616,"[78455, 57182, 65689, 74098, 70613, 19261, 17049, 7996, 21318, 44865]"
116617,"[105608, 108102, 5622, 48479, 59255, 93572, 53219, 9411, 92032, 57187]"
116618,"[86423, 6108, 37587, 55204, 34873, 106181, 84533, 102773, 42228, 104464]"
116619,"[6023, 107965, 108429, 40989, 41185, 106363, 58992, 108772, 96931, 100145]"
116620,"[55992, 11667, 51375, 47157, 5797, 49812, 81795, 78597, 74154, 79299]"
116621,"[98219, 8710, 107484, 56276, 60710, 34163, 26189, 68272, 58788, 90620]"
116622,"[107818, 63272, 64925, 98720, 104781, 18588, 70426, 38115, 8659, 82221]"
116623,"[50947, 12811, 93994, 57762, 88278, 25389, 8493, 28976, 104819, 17384]"
116624,"[106615, 80560, 37528, 26399, 96709, 52009, 21316, 100948, 67731, 7130]"
116625,"[86218, 74152, 93227, 79025, 16561, 15204, 104430, 106185, 65031, 63111]"
116626,"[13589, 70344, 10365, 32582, 11203, 57005, 7645, 40050, 35269, 97115]"
116627,"[46502, 5118, 16434, 80758, 28733, 80916, 107574, 71957, 33006, 52013]"
116628,"[2724, 32334, 99721, 56357, 63459, 13484, 35050, 76176, 61594, 10165]"
116629,"[85384, 59104, 52791, 12173, 33194, 29229, 56199, 101882, 98979, 77161]"
116630,"[11898, 90697, 20682, 102269, 19811, 38566, 19708, 13567, 16425, 50083]"
116631,"[88318, 1398, 34747, 85030, 50865, 84679, 38955, 73961, 22716, 29841]"
116632,"[66623, 90090, 41003, 99718, 63110, 56459, 78067, 40183, 51436, 35308]"
116633,"[22328, 78374, 35308, 31650, 75633, 78067, 9094, 108324, 45966, 64808]"
116634,"[87854, 57642, 25309, 23683, 15605, 8392, 19903, 108767, 88242, 14324]"
116635,"[70658, 93255, 64241, 80312, 13847, 70167, 24269, 64399, 63594, 105425]"
116636,"[13228, 47392, 57426, 97318, 84204, 56749, 66028, 10083, 15015, 86823]"
116637,"[91969, 109647, 15914, 44450, 45075, 94565, 9497, 24326, 30843, 54851]"
116638,"[48790, 19517, 66181, 103906, 60747, 10069, 23304, 96205, 40241, 12675]"
116639,"[103341, 34013, 93869, 15964, 61329, 7815, 58325, 34050, 50774, 108043]"
116640,"[103534, 67568, 106171, 109131, 86293, 45486, 35850, 75920, 48582, 34609]"
116641,"[49408, 28869, 9300, 19473, 46949, 14289, 99033, 90772, 69854, 72969]"
116642,"[89914, 91822, 37229, 104674, 8270, 93256, 106701, 96806, 41069, 39970]"
116643,"[51535, 31092, 54965, 100377, 54033, 37021, 39705, 97921, 99548, 43594]"
116644,"[14093, 5181, 80826, 60016, 47776, 69142, 2508, 52721, 26817, 55090]"
116645,"[52719, 65113, 16871, 7398, 2214, 100394, 89813, 101895, 47437, 15853]"
116646,"[109368, 108520, 26393, 69712, 6405, 106088, 23073, 57398, 17927, 61629]"
116647,"[7678, 62764, 38055, 52061, 25544, 90973, 33838, 79169, 60958, 108558]"
116648,"[44845, 79630, 53709, 94590, 70370, 49359, 10936, 63128, 10727, 57743]"
116649,"[96387, 95594, 23325, 43513, 3086, 94361, 102898, 57491, 107872, 15237]"
116650,"[72332, 45684, 15442, 70286, 89958, 93926, 12213, 39546, 107981, 30493]"
116651,"[54669, 65245, 63109, 93226, 83785, 33354, 11543, 61274, 29696, 14172]"
116652,"[72907, 51337, 24225, 106302, 48018, 59513, 39945, 102768, 84409, 15516]"
116653,"[70940, 11344, 31060, 22937, 83975, 51370, 92910, 107962, 84141, 8078]"
116654,"[63617, 102176, 73129, 30825, 63167, 54244, 59560, 34269, 84155, 24653]"
116655,"[41409, 52950, 17500, 57411, 44618, 90686, 23836, 73653, 1333, 47589]"
116656,"[104919, 67480, 84111, 66767, 60832, 65155, 83721, 71903, 32520, 97371]"
116657,"[59414, 38265, 38014, 7207, 86677, 83313, 22034, 89869, 71428, 45154]"
116658,"[105340, 78863, 60495, 29995, 84068, 31828, 74041, 73322, 40847, 52556]"
116659,"[23657, 59725, 84869, 39816, 32259, 22690, 26187, 43461, 86285, 77540]"
116660,"[27663, 65606, 75777, 67434, 45898, 34402, 18037, 7452, 55030, 80519]"
116661,"[31664, 3697, 428, 26541, 13290, 4718, 50211, 7187, 106587, 81935]"
116662,"[101382, 3205, 81427, 65750, 100776, 34486, 20340, 21704, 108651, 16934]"
116663,"[51274, 109026, 54934, 88855, 82101, 36123, 45980, 4628, 44843, 80041]"
116664,"[45237, 61860, 41084, 51005, 42427, 49564, 91659, 87678, 3187, 51361]"
116665,"[25980, 73690, 13798, 40809, 93564, 64668, 29221, 7233, 68319, 55684]"
116666,"[31990, 9190, 61700, 51145, 41128, 14122, 18071, 64039, 20143, 102830]"
116667,"[23839, 6784, 48707, 47090, 28209, 77553, 3854, 43811, 55615, 406]"
116668,"[101973, 75998, 105959, 98648, 95687, 11769, 76463, 107884, 104023, 18198]"
116669,"[30655, 25759, 8130, 69887, 83588, 95697, 67267, 72863, 54825, 71545]"
116670,"[64968, 44544, 81511, 101325, 67175, 75510, 60199, 19408, 19415, 11996]"
116671,"[70780, 70159, 72215, 43855, 62624, 8524, 49576, 78506, 56134, 67726]"
116672,"[90802, 90160, 69060, 9498, 43866, 21086, 54651, 39804, 27797, 1304]"
116673,"[66034, 76046, 53298, 23998, 80978, 37642, 71223, 53188, 66256, 39996]"
116674,"[85229, 86645, 16518, 67920, 89870, 13550, 38519, 94238, 39185, 93950]"
116675,"[79427, 7736, 85203, 6276, 97525, 26042, 17911, 51342, 83911, 61554]"
116676,"[99513, 30698, 40768, 15482, 105596, 50041, 88552, 74963, 76086, 72524]"
116677,"[74714, 64500, 56953, 9649, 35679, 28978, 7583, 28928, 36819, 46323]"
116678,"[98984, 40054, 74071, 458, 105184, 96812, 31299, 104094, 85875, 11137]"
116679,"[30661, 4066, 100695, 75113, 85859, 95547, 78816, 61974, 67334, 27308]"
116680,"[101432, 40020, 58309, 3740, 99424, 70704, 16110, 102337, 23227, 55840]"
116681,"[2427, 65198, 68742, 91572, 38356, 68225, 38758, 5951, 99482, 28609]"
116682,"[103678, 67068, 48749, 86014, 50591, 50582, 105074, 6235, 92490, 3345]"
116683,"[4808, 43827, 61811, 31289, 30968, 60771, 52449, 10845, 29388, 106354]"
116684,"[95305, 2942, 32573, 106420, 92291, 104729, 95370, 7464, 99741, 53337]"
116685,"[23290, 92245, 8664, 41308, 17449, 100542, 13696, 42892, 53928, 68426]"
116686,"[1642, 41602, 55170, 3154, 34990, 22188, 85635, 28952, 61126, 82729]"
116687,"[2207, 92435, 29606, 86159, 74400, 85156, 106631, 76702, 17397, 67075]"
116688,"[35797, 16862, 17132, 107925, 15358, 106660, 86084, 96014, 25799, 6853]"
116689,"[11894, 87580, 73482, 2601, 64049, 54128, 59140, 70904, 17987, 59822]"
116690,"[72960, 81501, 7406, 68141, 54342, 77737, 46253, 49514, 1843, 33346]"
116691,"[13082, 31396, 89559, 18464, 85252, 35777, 64908, 66660, 77970, 86250]"
116692,"[10469, 30793, 62608, 92213, 56425, 7825, 96544, 66193, 55535, 73203]"
116693,"[105761, 62863, 9254, 92050, 88511, 56352, 76633, 56529, 78666, 5744]"
116694,"[71755, 88544, 25151, 13736, 17419, 84557, 104961, 54137, 71942, 63659]"
116695,"[2376, 92212, 86683, 66455, 68005, 56631, 40258, 27940, 20576, 90311]"
116696,"[76586, 43380, 34814, 80645, 53218, 15798, 94882, 6620, 106739, 12357]"
116697,"[51610, 88212, 50684, 77437, 36922, 50036, 61940, 81459, 49120, 17992]"
116698,"[58200, 41643, 96845, 104765, 57793, 98806, 80598, 4285, 63994, 108364]"
116699,"[18752, 14978, 47343, 92935, 35299, 41228, 24099, 74112, 106767, 23750]"
116700,"[40559, 38058, 105050, 28437, 93891, 41409, 19142, 104270, 44618, 67682]"
116701,"[17630, 76730, 33427, 39437, 35102, 98203, 69432, 16665, 51358, 33302]"
116702,"[23336, 84722, 77636, 65128, 53928, 45479, 108194, 29088, 45368, 39889]"
116703,"[52179, 101143, 78830, 26980, 108507, 33801, 40894, 9573, 93804, 56403]"
116704,"[30240, 53301, 56543, 98578, 95720, 57268, 39119, 37232, 26967, 70406]"
116705,"[93146, 15070, 807, 31907, 59742, 83793, 46501, 11428, 81364, 36810]"
116706,"[56959, 95125, 97175, 36049, 72321, 54962, 83170, 51355, 9408, 69239]"
116707,"[19581, 41573, 80408, 11861, 75688, 80039, 29508, 27685, 42469, 25634]"
116708,"[38871, 59176, 91882, 72252, 24518, 27526, 71263, 69734, 44687, 57016]"
116709,"[4127, 1692, 28678, 1106, 79230, 105436, 57949, 30500, 81721, 18211]"
116710,"[22812, 51192, 77098, 51248, 99078, 102225, 45299, 20712, 22359, 3312]"
116711,"[3915, 98420, 105516, 49073, 64244, 92712, 91335, 32616, 12620, 50371]"
116712,"[49963, 26324, 81162, 81749, 44516, 4002, 54154, 77827, 37465, 69505]"
116713,"[106626, 24256, 1717, 10799, 100887, 97785, 104792, 75561, 52078, 15385]"
116714,"[42156, 53795, 63380, 80840, 74763, 14224, 66645, 7628, 49238, 62330]"
116715,"[107180, 60455, 36711, 16957, 64442, 28985, 106794, 43736, 3269, 40969]"
116716,"[47267, 105302, 60654, 51699, 86261, 56188, 7412, 48764, 20714, 19305]"
116717,"[106546, 14446, 57093, 5387, 95104, 84764, 90418, 105418, 45287, 83801]"
116718,"[95197, 38498, 20902, 64, 46586, 100525, 64628, 40311, 57632, 23825]"
116719,"[54969, 105360, 89833, 4222, 107370, 17463, 5099, 108070, 66314, 648]"
116720,"[87779, 68389, 80584, 34603, 42347, 87855, 92364, 8115, 91288, 88054]"
116721,"[57124, 64075, 85317, 12713, 37312, 54901, 83147, 65773, 28487, 72029]"
116722,"[67958, 28826, 26302, 86201, 41367, 42747, 85042, 75898, 16005, 41116]"
116723,"[42750, 14748, 9197, 85878, 7518, 31712, 105281, 26652, 69245, 4541]"
116724,"[46287, 61785, 25371, 71051, 23866, 29580, 26301, 1356, 57784, 97551]"
116725,"[33364, 60428, 67464, 33885, 48936, 61463, 49273, 20404, 14518, 46799]"
116726,"[98598, 2368, 70218, 75222, 6785, 21168, 86267, 37609, 81418, 76717]"
116727,"[16292, 13938, 98543, 88965, 51584, 23832, 91172, 17338, 82227, 36622]"
116728,"[71827, 41591, 81231, 8492, 43939, 11246, 19426, 34988, 55456, 17268]"
116729,"[63381, 52427, 92005, 37016, 7417, 20169, 60834, 61435, 98956, 80831]"
116730,"[22079, 15026, 24979, 83045, 88721, 9547, 29771, 108949, 67159, 54363]"
116731,"[7074, 103147, 44171, 100296, 90269, 11472, 20734, 28982, 84065, 4068]"
116732,"[109233, 45990, 98814, 18686, 10714, 3492, 102073, 24766, 51195, 21284]"
116733,"[10927, 23221, 21117, 20822, 57646, 17767, 8488, 2981, 81499, 23449]"
116734,"[5858, 63419, 19456, 108986, 80104, 53212, 67627, 68996, 7857, 48613]"
116735,"[14072, 98168, 103571, 77903, 16664, 91388, 12614, 89540, 47671, 102895]"
116736,"[91544, 38541, 71094, 81463, 68000, 95740, 57513, 10208, 70227, 14232]"
116737,"[76166, 61799, 99141, 4189, 51351, 26579, 70209, 45230, 94423, 1702]"
116738,"[70565, 84670, 20815, 92653, 79414, 11243, 48555, 2634, 36407, 85394]"
116739,"[36871, 16532, 93619, 21577, 94398, 6912, 76888, 85339, 40129, 85161]"
116740,"[11987, 85047, 52443, 73455, 78024, 69344, 46565, 64507, 90733, 100140]"
116741,"[3480, 94444, 63028, 90777, 85176, 62167, 6566, 30663, 108195, 56229]"
116742,"[47269, 28524, 53591, 101796, 79671, 99037, 48021, 73578, 34085, 78764]"
116743,"[22794, 99091, 28749, 69051, 76974, 102388, 22733, 98007, 11546, 89294]"
116744,"[61208, 44629, 50610, 646, 87151, 104959, 63954, 15490, 37963, 82662]"
116745,"[48044, 88751, 73622, 42884, 72995, 79220, 91221, 15667, 53754, 23963]"
116746,"[108151, 9234, 48372, 45614, 1303, 48914, 40599, 56108, 5939, 85883]"
116747,"[89066, 13097, 35843, 16615, 45342, 25927, 10341, 13745, 95144, 46656]"
116748,"[90555, 4552, 2684, 68999, 55074, 30471, 59355, 46822, 50877, 94672]"
116749,"[24202, 80909, 100621, 23409, 42931, 7689, 67989, 97933, 103657, 7935]"
116750,"[36908, 10821, 34196, 69013, 57266, 66773, 45032, 105938, 24015, 52433]"
116751,"[2734, 24832, 49162, 48106, 104963, 96090, 62623, 31914, 26779, 83559]"
116752,"[81297, 52733, 98528, 39782, 37424, 17462, 21991, 15863, 11664, 54189]"
116753,"[89567, 84143, 86373, 20052, 42949, 6113, 56757, 16695, 108196, 16730]"
116754,"[32549, 59877, 63756, 48087, 79412, 106531, 57699, 14033, 20556, 78177]"
116755,"[15165, 107466, 35711, 22983, 35569, 4721, 79202, 16853, 60865, 86709]"
116756,"[14424, 60957, 39979, 2781, 101315, 20240, 23047, 23865, 105985, 7497]"
116757,"[29681, 8086, 93438, 37713, 79433, 94257, 33960, 95163, 109394, 19495]"
116758,"[21951, 21739, 5177, 58385, 12688, 62893, 67152, 10437, 13608, 44437]"
116759,"[98195, 59592, 84349, 30691, 88901, 94553, 2800, 41998, 81292, 41953]"
116760,"[86477, 101822, 63303, 31004, 53150, 74892, 86994, 40426, 62703, 96297]"
116761,"[68247, 38655, 9460, 1003, 92837, 51128, 15766, 38004, 48742, 43514]"
116762,"[27516, 54855, 109726, 45908, 104723, 21272, 107112, 80905, 9281, 75901]"
116763,"[40709, 101501, 71842, 47479, 45795, 67907, 80602, 59829, 28571, 7573]"
116764,"[62262, 19084, 73751, 60039, 54774, 105854, 25149, 34417, 52751, 57736]"
116765,"[64008, 23988, 79890, 70452, 61268, 25057, 46355, 51778, 81448, 46299]"
116766,"[6298, 30123, 94290, 35418, 83245, 9445, 59641, 23918, 95041, 80488]"
116767,"[9722, 99423, 61996, 12765, 60468, 79341, 67297, 105202, 59162, 67109]"
116768,"[26961, 50427, 95994, 9677, 47251, 2726, 93073, 84647, 25720, 35560]"
116769,"[50259, 46731, 13151, 16087, 33315, 73662, 106697, 103032, 88683, 68505]"
116770,"[55202, 70615, 82054, 60176, 92925, 106705, 26693, 41737, 20298, 11616]"
116771,"[50643, 6249, 79097, 20, 87188, 86403, 14680, 86987, 76451, 59172]"
116772,"[48707, 107917, 28209, 23839, 83123, 47090, 104067, 6784, 18945, 77553]"
116773,"[32915, 12755, 26914, 83331, 31941, 40902, 62391, 47364, 38428, 66542]"
116774,"[47750, 51712, 99654, 27982, 50932, 21926, 108310, 88188, 75907, 93394]"
116775,"[6352, 26352, 10876, 7747, 55686, 31891, 104870, 34817, 25547, 82369]"
116776,"[41111, 17262, 21677, 80103, 12965, 76322, 56586, 47754, 101609, 31513]"
116777,"[89154, 57798, 102200, 69414, 107379, 78223, 94363, 38429, 2161, 72027]"
116778,"[104084, 5281, 42060, 54816, 108005, 21028, 104019, 12430, 9839, 95274]"
116779,"[68470, 14867, 37595, 84053, 51185, 86855, 13363, 34951, 101626, 52665]"
116780,"[61866, 53818, 96874, 54546, 19112, 46310, 56256, 58893, 91526, 95890]"
116781,"[103490, 33120, 49546, 52817, 60769, 6514, 804, 80163, 12610, 2754]"
116782,"[61996, 26257, 99423, 105202, 12765, 60468, 79341, 9722, 67109, 59162]"
116783,"[95412, 107371, 37463, 473, 23846, 74985, 43708, 81062, 18296, 39072]"
116784,"[96124, 1994, 52342, 29555, 4195, 24704, 10808, 28307, 67144, 6101]"
116785,"[75763, 79029, 73375, 18926, 27492, 70825, 45744, 31611, 25038, 95383]"
116786,"[46891, 39542, 13619, 103886, 3991, 85829, 45244, 69485, 28898, 95936]"
116787,"[84020, 24416, 93156, 78071, 38081, 83140, 34204, 84208, 79309, 22582]"
116788,"[100905, 47404, 38940, 53801, 15189, 87811, 2675, 89095, 1640, 82526]"
116789,"[45480, 4517, 80793, 65275, 40757, 86802, 78598, 51602, 56902, 52040]"
116790,"[104292, 89356, 2232, 47105, 11197, 99610, 58276, 93100, 27130, 21647]"
116791,"[54178, 99369, 3939, 105380, 37882, 64573, 77324, 98387, 59102, 85643]"
116792,"[913, 83160, 79020, 16741, 89952, 55779, 9020, 44961, 18524, 71275]"
116793,"[76788, 22621, 108073, 28998, 45437, 16161, 5712, 30008, 63644, 2150]"
116794,"[80630, 26630, 63354, 9999, 12736, 18969, 53347, 47541, 96095, 65915]"
116795,"[58576, 105834, 56149, 52331, 53035, 91275, 1772, 64283, 52766, 79513]"
116796,"[87900, 38860, 109372, 6753, 100238, 84909, 66916, 5687, 16498, 37786]"
116797,"[8180, 52842, 34495, 22854, 5376, 106393, 42151, 105987, 12097, 79648]"
116798,"[63959, 68962, 36415, 81914, 26004, 109503, 49763, 37205, 66599, 67896]"
116799,"[68193, 88244, 14793, 11273, 50460, 57153, 34605, 73896, 84334, 86082]"
116800,"[84243, 4875, 75219, 108199, 39329, 51761, 56654, 76270, 13590, 64575]"
116801,"[31007, 30600, 27985, 56295, 87052, 6658, 34694, 6231, 56738, 20790]"
116802,"[89769, 19549, 91633, 81316, 96356, 39110, 7170, 27320, 99732, 9579]"
116803,"[60152, 4394, 31072, 93148, 26794, 6935, 105817, 61955, 87932, 114]"
116804,"[42446, 62971, 59921, 27280, 65557, 49488, 107049, 73501, 82340, 35054]"
116805,"[66295, 98700, 82552, 16064, 21535, 109589, 27020, 3974, 4643, 28094]"
116806,"[1330, 29338, 41366, 52474, 54341, 22320, 40626, 58891, 1777, 36449]"
116807,"[91552, 44417, 85843, 34240, 12318, 16186, 89213, 83858, 59602, 104010]"
116808,"[44285, 50795, 103015, 48533, 42944, 1393, 51846, 80614, 71192, 84825]"
116809,"[95632, 107624, 24170, 57869, 97174, 70092, 108473, 30310, 55001, 51064]"
116810,"[78136, 40957, 55978, 90824, 54419, 91150, 4934, 57146, 108439, 92376]"
116811,"[2851, 32705, 73945, 48858, 94674, 25178, 14620, 12590, 20457, 70497]"
116812,"[8355, 68723, 54320, 13541, 89241, 5617, 47998, 10817, 62746, 38363]"
116813,"[100941, 11148, 58504, 105190, 105108, 3247, 39995, 16999, 75516, 36128]"
116814,"[108903, 81081, 108002, 50190, 65620, 105586, 32793, 35125, 78411, 91068]"
116815,"[51329, 49222, 67259, 5768, 85964, 22252, 34619, 67951, 88056, 45745]"
116816,"[95437, 108880, 23457, 47418, 94746, 2480, 79491, 73377, 56493, 48358]"
116817,"[56829, 59410, 5087, 13526, 59555, 72062, 100940, 35911, 3900, 16481]"
116818,"[24763, 82611, 7647, 82284, 107769, 13975, 73144, 63443, 96674, 67888]"
116819,"[89210, 37321, 5941, 8024, 39652, 19608, 88337, 7984, 32750, 93980]"
116820,"[59845, 8631, 14118, 89228, 74696, 27394, 3031, 39520, 78326, 73204]"
116821,"[87045, 8456, 26835, 64497, 47754, 56586, 71394, 64877, 74389, 59323]"
116822,"[77761, 96673, 27768, 56380, 81403, 25723, 85928, 49978, 23298, 93699]"
116823,"[63243, 93457, 106649, 46249, 86655, 102266, 38526, 51986, 23562, 46379]"
116824,"[35190, 5170, 89621, 104868, 66298, 29289, 87275, 52138, 99212, 73030]"
116825,"[104255, 28116, 22791, 2408, 1631, 103019, 43864, 48963, 90753, 19405]"
116826,"[40764, 9201, 85619, 107563, 96832, 21149, 52481, 22952, 26007, 44893]"
116827,"[20692, 69886, 39495, 97753, 108831, 66762, 41606, 97456, 63029, 81264]"
116828,"[18622, 91100, 16258, 88617, 97397, 56125, 5474, 76362, 84157, 77274]"
116829,"[108371, 13732, 107488, 33243, 2966, 44609, 74721, 24346, 99198, 42160]"
116830,"[100671, 32639, 21977, 61366, 46772, 38590, 103067, 54874, 77551, 72028]"
116831,"[12991, 61503, 2039, 30538, 33811, 88282, 93932, 15006, 81587, 38461]"
116832,"[73468, 91099, 109234, 71470, 28981, 98823, 28143, 7435, 37715, 90943]"
116833,"[85170, 73083, 68421, 72613, 92663, 48260, 11830, 42729, 28429, 24271]"
116834,"[523, 86909, 29922, 19917, 58275, 24639, 85393, 20674, 5499, 38882]"
116835,"[96995, 90407, 89103, 86075, 51477, 68796, 38175, 40217, 42553, 95560]"
116836,"[26625, 75503, 50597, 78362, 3705, 64741, 32121, 103173, 88342, 75627]"
116837,"[22993, 107711, 59257, 31906, 7865, 4091, 421, 63330, 72787, 11462]"
116838,"[108173, 9224, 53919, 36930, 34332, 6676, 10172, 31295, 106754, 87742]"
116839,"[67027, 69487, 100091, 89138, 29469, 93506, 86889, 28036, 75544, 55497]"
116840,"[99898, 85874, 108509, 36035, 3759, 35543, 22439, 18703, 46689, 102777]"
116841,"[96871, 29117, 108355, 66848, 26047, 14865, 3559, 7166, 108922, 1171]"
116842,"[19570, 54660, 1049, 23270, 97498, 51387, 105988, 83938, 23506, 99804]"
116843,"[36742, 21264, 50214, 104864, 19125, 37513, 43354, 17075, 101530, 95702]"
116844,"[77621, 76666, 106729, 96681, 10521, 82904, 39053, 78652, 105831, 94343]"
116845,"[36568, 59902, 11877, 89120, 37079, 9201, 39661, 13805, 33704, 46452]"
116846,"[47738, 5618, 38238, 74319, 59880, 95355, 45087, 34215, 59927, 79367]"
116847,"[19286, 40302, 80693, 105872, 109245, 102029, 17467, 59125, 42987, 30851]"
116848,"[87867, 109727, 8527, 27708, 52150, 81439, 56879, 46549, 41683, 22323]"
116849,"[79395, 54873, 9259, 15011, 31825, 8438, 14060, 52354, 77325, 5558]"
116850,"[2826, 58684, 66176, 5750, 55404, 71838, 2411, 93566, 1006, 17406]"
116851,"[87572, 34718, 102526, 49679, 46407, 52081, 42199, 43407, 48631, 62238]"
116852,"[104540, 22291, 63277, 34849, 91834, 10592, 76945, 2650, 13702, 62484]"
116853,"[104665, 12672, 59272, 85911, 95433, 78956, 40766, 90147, 51244, 1446]"
116854,"[22031, 44132, 66470, 31662, 36582, 3126, 7752, 30785, 28088, 3510]"
116855,"[79167, 44230, 11985, 74231, 66711, 95145, 106197, 62211, 25588, 42549]"
116856,"[65365, 3860, 94866, 42643, 77459, 85541, 18350, 20005, 35979, 38980]"
116857,"[45561, 100142, 95444, 24650, 57682, 42454, 1430, 72181, 60351, 969]"
116858,"[49433, 20496, 69779, 9417, 3994, 93423, 70600, 69800, 52387, 93673]"
116859,"[85286, 8823, 27398, 73605, 95975, 107830, 21039, 96541, 58474, 61784]"
116860,"[22822, 96956, 76868, 36621, 59924, 37751, 13598, 85263, 91400, 99788]"
116861,"[95238, 7096, 53447, 75319, 68857, 6809, 92030, 41870, 50713, 27415]"
116862,"[6383, 42029, 105126, 37668, 88037, 2018, 52531, 72395, 36767, 35643]"
116863,"[63657, 63180, 66573, 6734, 15797, 71161, 15014, 98288, 104144, 77116]"
116864,"[74632, 28573, 26415, 96768, 101425, 95504, 62475, 45901, 26087, 30737]"
116865,"[94363, 69414, 67946, 107379, 106963, 55847, 78223, 22340, 38429, 101915]"
116866,"[103490, 33120, 80163, 49546, 12610, 2754, 52817, 6279, 18464, 6514]"
116867,"[80959, 12801, 74232, 17027, 22591, 99367, 79607, 31959, 17038, 28570]"
116868,"[104980, 93739, 64522, 39682, 17251, 45735, 58882, 108407, 26631, 4240]"
116869,"[64440, 22468, 108769, 99647, 103613, 17740, 42141, 101490, 104678, 55151]"
116870,"[69207, 281, 52006, 56068, 37706, 100604, 48151, 3473, 58436, 31290]"
116871,"[56157, 35239, 51150, 94185, 32767, 87312, 5191, 81412, 45893, 17882]"
116872,"[44248, 18575, 54980, 37980, 53734, 63992, 50213, 64734, 87951, 20000]"
116873,"[70308, 49694, 59242, 54798, 53329, 65582, 7008, 59200, 1900, 106867]"
116874,"[63209, 20295, 108588, 30624, 85655, 38585, 10028, 41621, 33406, 84773]"
116875,"[84936, 56281, 54850, 26789, 101310, 78095, 43147, 24043, 77158, 81619]"
116876,"[9790, 3561, 21133, 22032, 12486, 5538, 17163, 49417, 9940, 4117]"
116877,"[4332, 28354, 35784, 92220, 31462, 53914, 36015, 41739, 22901, 82319]"
116878,"[12338, 17868, 4042, 1376, 66182, 104006, 72182, 63936, 64263, 49985]"
116879,"[27300, 47885, 92205, 30694, 5406, 85748, 89016, 92930, 1988, 105708]"
116880,"[109717, 80153, 3941, 94460, 37533, 21679, 62011, 4409, 66836, 87994]"
116881,"[12341, 57734, 104239, 116, 75906, 49011, 53079, 17293, 63117, 52974]"
116882,"[1310, 87636, 65105, 89565, 41709, 14967, 109729, 70589, 71573, 32267]"
116883,"[46866, 53166, 75636, 44170, 82106, 72263, 42050, 12825, 61572, 23876]"
116884,"[98464, 98094, 100502, 69417, 6407, 25776, 77653, 67486, 7881, 106710]"
116885,"[36456, 108272, 90163, 95307, 49607, 24188, 84550, 6642, 36045, 19891]"
116886,"[63873, 56933, 98193, 50475, 65710, 102455, 62984, 56306, 15080, 22198]"
116887,"[74080, 48894, 7840, 11891, 68278, 33589, 27190, 41860, 78964, 81077]"
116888,"[92462, 6955, 17979, 108312, 8442, 103173, 105628, 19002, 15315, 98905]"
116889,"[452, 89539, 54119, 100645, 7363, 4769, 64257, 7068, 81854, 88692]"
116890,"[90473, 9364, 2980, 33718, 58532, 84413, 49557, 8112, 64970, 76097]"
116891,"[70987, 96765, 83836, 4243, 93328, 10162, 98650, 55211, 30029, 104949]"
116892,"[68425, 81621, 96581, 52799, 15560, 109124, 73989, 50981, 27967, 30116]"
116893,"[47638, 102953, 21639, 69937, 83622, 37805, 42979, 8493, 59284, 102241]"
116894,"[107325, 92738, 75909, 86168, 3657, 4859, 94081, 36710, 66081, 43982]"
116895,"[9944, 66489, 33618, 81695, 73020, 28382, 68764, 69003, 55879, 102311]"
116896,"[10232, 78480, 78740, 4469, 95619, 11684, 17209, 62390, 39883, 59035]"
116897,"[27457, 91586, 53451, 12127, 29788, 89013, 87934, 75038, 21670, 51819]"
116898,"[42098, 56642, 91141, 32672, 78999, 22960, 18688, 21063, 52540, 25083]"
116899,"[96487, 84807, 36721, 74195, 34362, 63012, 9567, 103431, 42463, 41473]"
116900,"[104829, 105690, 82784, 77989, 19200, 33671, 81686, 79117, 68182, 108630]"
116901,"[98685, 89068, 30766, 77091, 57830, 82400, 56567, 80060, 31879, 101431]"
116902,"[94080, 98258, 7854, 105506, 91018, 34189, 72706, 13827, 52637, 108780]"
116903,"[90744, 66843, 41882, 8951, 48664, 29355, 94074, 99812, 25108, 40494]"
116904,"[6574, 49339, 27520, 25448, 95306, 65723, 7609, 78681, 73864, 106349]"
116905,"[82151, 54034, 51808, 47402, 48438, 66803, 80095, 56721, 7676, 95550]"
116906,"[82549, 73999, 62304, 16544, 3550, 36751, 95587, 21680, 86138, 104436]"
116907,"[59216, 75062, 91283, 46423, 65946, 60783, 16998, 27143, 43826, 52805]"
116908,"[19389, 47087, 74675, 43760, 59090, 51818, 108391, 26285, 61981, 49765]"
116909,"[79036, 92013, 23969, 55313, 39813, 96368, 108611, 5362, 33331, 16589]"
116910,"[48535, 56583, 18157, 11100, 67169, 41007, 57579, 105392, 85113, 54815]"
116911,"[88725, 84480, 52910, 11551, 84655, 81071, 88784, 79775, 84043, 36425]"
116912,"[8305, 88059, 83126, 46418, 55369, 74047, 58016, 13941, 91071, 75552]"
116913,"[101159, 21029, 82397, 17983, 26516, 44069, 9517, 97809, 77177, 94907]"
116914,"[18625, 80268, 57990, 15297, 32972, 22090, 82652, 46619, 83114, 57171]"
116915,"[52051, 15738, 16206, 15975, 103452, 90385, 56220, 88345, 41434, 74452]"
116916,"[49344, 72986, 74217, 109245, 62603, 99098, 68397, 88452, 80693, 19286]"
116917,"[58883, 23163, 24930, 37212, 30386, 63003, 1186, 88440, 72859, 50819]"
116918,"[78193, 30654, 36590, 87747, 65176, 76080, 63097, 46482, 99119, 70010]"
116919,"[67282, 87346, 46300, 18404, 12296, 40371, 58292, 91045, 49191, 30861]"
116920,"[96794, 52196, 3776, 53946, 7982, 47352, 52372, 84314, 77421, 83558]"
116921,"[69776, 80559, 73086, 97932, 86723, 20556, 24787, 53964, 20086, 85907]"
116922,"[68702, 45786, 35022, 75016, 45416, 82059, 68299, 89481, 43828, 107189]"
116923,"[15985, 54162, 22208, 7793, 84629, 47136, 96347, 1804, 106961, 33995]"
116924,"[48114, 19883, 25110, 36714, 55426, 68761, 33358, 99222, 16720, 65345]"
116925,"[3827, 43814, 21243, 9461, 33380, 105087, 94540, 79035, 33297, 40483]"
116926,"[13457, 66484, 87190, 103770, 89872, 43989, 35155, 104411, 98067, 72237]"
116927,"[79099, 36559, 44581, 105662, 98562, 106347, 6589, 48570, 65718, 42501]"
116928,"[68005, 66455, 2376, 40258, 27940, 92212, 20576, 90311, 86683, 79828]"
116929,"[31363, 94675, 8545, 21115, 108863, 28677, 39494, 97468, 39861, 87801]"
116930,"[30751, 11731, 2441, 82253, 29103, 43504, 96720, 21627, 109206, 42196]"
116931,"[34931, 76333, 90981, 88977, 76056, 45853, 76287, 66486, 33622, 44727]"
116932,"[52755, 85494, 83935, 17463, 89833, 102885, 442, 40601, 60012, 56940]"
116933,"[66612, 106438, 71165, 19493, 24265, 105520, 68200, 13520, 48588, 107884]"
116934,"[75158, 54688, 74837, 51957, 842, 46416, 43957, 45881, 74494, 21186]"
116935,"[21469, 63547, 84949, 69719, 62140, 92667, 79183, 7179, 40082, 35654]"
116936,"[14046, 45170, 72540, 86292, 55588, 86885, 28221, 1732, 58371, 61997]"
116937,"[96244, 24520, 44041, 83279, 59787, 22373, 47878, 96355, 11744, 92976]"
116938,"[37436, 24299, 58380, 20617, 37328, 53442, 17378, 78916, 99802, 73297]"
116939,"[71726, 40355, 65715, 22607, 81780, 7597, 78686, 101066, 104832, 72878]"
116940,"[23305, 1752, 8324, 60861, 8142, 67083, 100101, 93768, 19958, 100430]"
116941,"[30379, 97935, 64639, 100128, 105981, 27682, 94258, 27380, 49479, 76769]"
116942,"[35472, 68953, 22023, 64257, 70262, 101808, 91536, 98662, 69366, 20151]"
116943,"[36856, 5293, 54826, 10765, 59585, 75034, 91972, 35357, 39077, 72949]"
116944,"[103815, 97797, 37835, 102931, 90249, 51049, 97538, 85604, 89893, 69175]"
116945,"[14688, 67824, 53975, 28753, 25043, 21129, 6835, 88415, 108290, 85752]"
116946,"[31930, 76783, 94846, 31220, 62309, 85297, 49527, 20500, 79262, 7495]"
116947,"[5447, 92835, 90354, 31318, 2297, 38735, 79496, 88267, 86535, 70756]"
116948,"[91454, 7213, 15922, 81640, 61304, 104601, 54738, 65647, 71565, 1114]"
116949,"[32530, 24171, 1708, 95091, 3777, 97106, 40621, 4657, 3350, 94698]"
116950,"[404, 53569, 55383, 47621, 105480, 11153, 8747, 39174, 99144, 2906]"
116951,"[47550, 102110, 83270, 106672, 59196, 21123, 30111, 67194, 52290, 79091]"
116952,"[14235, 58192, 30977, 68163, 87964, 49090, 35717, 7206, 52158, 106927]"
116953,"[90176, 84662, 94312, 56877, 57406, 11253, 40223, 38460, 15687, 106300]"
116954,"[97097, 81917, 79060, 47135, 58374, 63797, 77031, 52381, 84631, 95149]"
116955,"[82870, 51480, 49171, 71084, 69337, 35651, 832, 94739, 27217, 31123]"
116956,"[34645, 54992, 88797, 47536, 15542, 52521, 6382, 89072, 29781, 69690]"
116957,"[84700, 38532, 24770, 39773, 71295, 79608, 88759, 76857, 5645, 99468]"
116958,"[11707, 83089, 107948, 46983, 58483, 67138, 108688, 66654, 96154, 92498]"
116959,"[10605, 87493, 93449, 74234, 97113, 93728, 12838, 1448, 14123, 71448]"
116960,"[29378, 9911, 55415, 90589, 67919, 74093, 61574, 90692, 49580, 35722]"
116961,"[73233, 53728, 30144, 24108, 70949, 108689, 33947, 76549, 68532, 24270]"
116962,"[17956, 82030, 49690, 65430, 103700, 36519, 71543, 15302, 95568, 36973]"
116963,"[38424, 66880, 54409, 87682, 72127, 56750, 61319, 61282, 59175, 17136]"
116964,"[22622, 37168, 75912, 19533, 47084, 47584, 51493, 48678, 26528, 27448]"
116965,"[69352, 98560, 34581, 64753, 52344, 37263, 36067, 85294, 33600, 78503]"
116966,"[91771, 30671, 66298, 54717, 39445, 83019, 73030, 18207, 50072, 60135]"
116967,"[63657, 6734, 45260, 4516, 15014, 35560, 19716, 107528, 48081, 66573]"
116968,"[88116, 32245, 74943, 63647, 6463, 13849, 23455, 32525, 87813, 91550]"
116969,"[79657, 33504, 9258, 56765, 76877, 100750, 40300, 33550, 62324, 29946]"
116970,"[9199, 83352, 36328, 15632, 84536, 52878, 106822, 64360, 64656, 5579]"
116971,"[39146, 41312, 97564, 37971, 94354, 40703, 57009, 36352, 16861, 61831]"
116972,"[100369, 2695, 77349, 31595, 63359, 33191, 55584, 102213, 55021, 36323]"
116973,"[100666, 93158, 87065, 89970, 68541, 72090, 103441, 69799, 17475, 32174]"
116974,"[87219, 97020, 14090, 91743, 21315, 103220, 71996, 4369, 70261, 26768]"
116975,"[104822, 106756, 106223, 54951, 74065, 56588, 105391, 23916, 63741, 103527]"
116976,"[71981, 104199, 54157, 84097, 74149, 99118, 37082, 79574, 82541, 59993]"
116977,"[21358, 28963, 57491, 94361, 26609, 10736, 102898, 3590, 88194, 3086]"
116978,"[49972, 72370, 97707, 109185, 109118, 98541, 86079, 83733, 15461, 15879]"
116979,"[75987, 23975, 36894, 60782, 87899, 39461, 49188, 13891, 51896, 86513]"
116980,"[55823, 56668, 14148, 108041, 38618, 82191, 7770, 68092, 43469, 71260]"
116981,"[13112, 16826, 63404, 64320, 17900, 108945, 74934, 51872, 66523, 105802]"
116982,"[66769, 46734, 77279, 29702, 19050, 58805, 96912, 44464, 7176, 77378]"
116983,"[27358, 178, 98134, 82686, 74929, 59103, 47644, 40763, 88924, 78853]"
116984,"[87112, 53276, 58365, 102452, 81442, 43992, 35952, 57686, 18955, 31247]"
116985,"[58422, 101899, 60257, 20804, 69041, 51344, 35623, 100614, 74866, 77441]"
116986,"[22476, 5995, 37414, 34039, 85406, 62643, 101631, 94027, 87824, 41046]"
116987,"[73312, 12050, 22549, 65666, 7485, 26466, 11170, 36380, 34527, 80194]"
116988,"[37129, 93292, 42887, 106274, 104795, 20810, 76579, 58191, 29025, 58631]"
116989,"[74197, 39206, 48232, 54894, 51340, 81237, 26576, 66102, 55719, 75336]"
116990,"[97764, 106163, 56027, 56680, 64441, 19844, 96914, 108480, 4168, 63790]"
116991,"[97892, 67278, 72135, 51057, 92641, 203, 81818, 27610, 2122, 72016]"
116992,"[284, 62291, 27356, 60050, 96268, 87499, 30196, 80137, 27904, 16406]"
116993,"[8201, 67707, 96789, 69457, 11191, 16973, 1960, 14589, 98785, 59870]"
116994,"[45212, 106575, 53100, 13542, 78704, 45045, 2152, 85769, 8087, 79468]"
116995,"[109041, 24442, 103979, 48020, 47318, 2788, 18616, 90322, 53394, 17458]"
116996,"[42607, 108402, 2235, 21387, 94862, 9250, 19720, 26328, 10828, 103103]"
116997,"[62372, 97529, 1077, 79434, 85144, 31451, 1420, 5314, 95063, 3276]"
116998,"[18676, 55687, 106073, 81966, 42315, 103279, 65944, 42333, 24213, 108312]"
116999,"[28772, 90829, 10958, 30374, 82991, 100644, 84306, 91512, 88311, 94531]"
117000,"[49613, 5740, 101125, 8034, 10323, 61224, 17130, 46408, 74884, 93387]"
117001,"[68202, 66786, 8094, 105254, 42578, 30209, 18414, 106544, 29665, 27284]"
117002,"[57547, 54376, 2318, 9581, 73063, 40785, 87375, 88585, 22411, 93829]"
117003,"[58165, 58507, 24733, 5890, 37435, 35297, 22447, 38259, 91062, 91665]"
117004,"[8776, 74243, 92720, 76772, 66658, 105317, 50177, 46120, 82936, 75795]"
117005,"[61983, 34600, 88676, 2159, 101876, 89584, 78874, 42727, 273, 94494]"
117006,"[54341, 36449, 77837, 22320, 29338, 94695, 59268, 1330, 41366, 33294]"
117007,"[46816, 56379, 14395, 8983, 45016, 20586, 15404, 102455, 59093, 20214]"
117008,"[10856, 43846, 69591, 104424, 30654, 42989, 60189, 34685, 102927, 1395]"
117009,"[7981, 41768, 31191, 21400, 74185, 46549, 41231, 98816, 75992, 37145]"
117010,"[51305, 78475, 103796, 85653, 65901, 94399, 109597, 43770, 10493, 12909]"
117011,"[101539, 29168, 94029, 57357, 6794, 61710, 44645, 96405, 33958, 17125]"
117012,"[32241, 73058, 72093, 62815, 76588, 103553, 81843, 53960, 97441, 75654]"
117013,"[5783, 11970, 63788, 47711, 29943, 10984, 85329, 22941, 87685, 11735]"
117014,"[43269, 5856, 30528, 28513, 45540, 57224, 87364, 81937, 49513, 9311]"
117015,"[2958, 60243, 71208, 78944, 2539, 18170, 28773, 21047, 42103, 102756]"
117016,"[101456, 106970, 12747, 21954, 34172, 24394, 106127, 89934, 35965, 41392]"
117017,"[58689, 108635, 16632, 46006, 6206, 16968, 20811, 89452, 42855, 78532]"
117018,"[37420, 55523, 70525, 96831, 42576, 47410, 99056, 4039, 32298, 14519]"
117019,"[80569, 41459, 69720, 20563, 93884, 78122, 77662, 17698, 71410, 51497]"
117020,"[77301, 57936, 33663, 46828, 87430, 36620, 14322, 90509, 96702, 64070]"
117021,"[52893, 69224, 58756, 12301, 8607, 18945, 18218, 105556, 10672, 49695]"
117022,"[47748, 53812, 38602, 56284, 58681, 33132, 103081, 58524, 98216, 66581]"
117023,"[9199, 84536, 36328, 106822, 52878, 83352, 86431, 61441, 106452, 15632]"
117024,"[67222, 76756, 9918, 38080, 87168, 2526, 97421, 49616, 46506, 103728]"
117025,"[94591, 19693, 74672, 107687, 55262, 99168, 33292, 51549, 107134, 398]"
117026,"[44932, 50663, 51520, 61101, 82226, 24433, 7733, 49893, 23061, 44222]"
117027,"[46732, 21354, 80927, 2001, 29966, 52814, 102607, 94106, 13629, 70538]"
117028,"[82731, 94971, 42212, 33186, 64189, 97578, 33922, 74496, 6934, 100653]"
117029,"[77006, 92006, 13662, 47556, 9820, 107913, 25467, 5777, 45336, 13834]"
117030,"[29390, 30326, 36178, 66399, 15532, 85861, 89243, 49414, 63297, 33090]"
117031,"[84581, 95531, 103987, 45366, 59809, 107579, 38158, 50366, 20636, 11163]"
117032,"[72100, 52364, 26771, 9330, 60043, 73655, 109425, 49905, 79500, 98934]"
117033,"[47090, 107917, 6784, 77553, 28209, 109346, 58745, 83123, 23839, 48707]"
117034,"[29912, 9814, 15547, 38845, 23370, 286, 85791, 67672, 37544, 3861]"
117035,"[9933, 99292, 28290, 101787, 5941, 78911, 22801, 96891, 62093, 57900]"
117036,"[13059, 57026, 60155, 75509, 15960, 25297, 66989, 51118, 79610, 12330]"
117037,"[87097, 44461, 4887, 31121, 42604, 48971, 10148, 7229, 3934, 82777]"
117038,"[68898, 22451, 75174, 54000, 80613, 109555, 47661, 5001, 7512, 73467]"
117039,"[21679, 80153, 3941, 94460, 37533, 109717, 62011, 44313, 4409, 105558]"
117040,"[24631, 14601, 86226, 27806, 81331, 40553, 62700, 63783, 41000, 96998]"
117041,"[27069, 52016, 34295, 84112, 37679, 27384, 11389, 62067, 94780, 32265]"
117042,"[48562, 51461, 81327, 70027, 39076, 107633, 3116, 38179, 68307, 56709]"
117043,"[50833, 34422, 16745, 28441, 10423, 90120, 30599, 32209, 36755, 26784]"
117044,"[49843, 16265, 15168, 3506, 18675, 19153, 99807, 39452, 8994, 91225]"
117045,"[9790, 5538, 22032, 12486, 3561, 21133, 17163, 18194, 9940, 4117]"
117046,"[5962, 102236, 42852, 5956, 107665, 107429, 109487, 24959, 6535, 102038]"
117047,"[1995, 37468, 56319, 70018, 32403, 99448, 100334, 31058, 12450, 14557]"
117048,"[45878, 85743, 27977, 57243, 55939, 30422, 36972, 58780, 67547, 18144]"
117049,"[41970, 66944, 107538, 43388, 76841, 43146, 71262, 103223, 71496, 29230]"
117050,"[80146, 85501, 61351, 102559, 82074, 52019, 73062, 9708, 55377, 61606]"
117051,"[71179, 16658, 88008, 54380, 12284, 33971, 65049, 43441, 23562, 85564]"
117052,"[71291, 39939, 83643, 77947, 67251, 93541, 18575, 97657, 88770, 24096]"
117053,"[109267, 85337, 47228, 53590, 73722, 18277, 56172, 16051, 8544, 58094]"
117054,"[88653, 17161, 75645, 50058, 92088, 16124, 95079, 97371, 66633, 27517]"
117055,"[51459, 40191, 54406, 97211, 86207, 28867, 2285, 28546, 61290, 13056]"
117056,"[18034, 93717, 15885, 3697, 7187, 4718, 50211, 74656, 75305, 14220]"
117057,"[75044, 71577, 104454, 54950, 67675, 101625, 51183, 38767, 67319, 27943]"
117058,"[65191, 80173, 30042, 34629, 15130, 16473, 30463, 45105, 56488, 99000]"
117059,"[40700, 64389, 87863, 76934, 64086, 11366, 18032, 50340, 31642, 58340]"
117060,"[61909, 83844, 87411, 40970, 109229, 28293, 52754, 30417, 13461, 63737]"
117061,"[8059, 101316, 27240, 80701, 78375, 21604, 101521, 6867, 49361, 55622]"
117062,"[37241, 105068, 43104, 60211, 44589, 82162, 99051, 59147, 75186, 31672]"
117063,"[108563, 83993, 72759, 5572, 58491, 3318, 39793, 42104, 24372, 26627]"
117064,"[27370, 37974, 107762, 78391, 7745, 90812, 107993, 27278, 75434, 79313]"
117065,"[100179, 37575, 27364, 92202, 12882, 93899, 71115, 84032, 2008, 11291]"
117066,"[9429, 62989, 2476, 104809, 95920, 108518, 37103, 93915, 11406, 9095]"
117067,"[106885, 17694, 6418, 94284, 70874, 7692, 72553, 94432, 38916, 109703]"
117068,"[66231, 70201, 75850, 10903, 31865, 61636, 16976, 27983, 17804, 77428]"
117069,"[60096, 70177, 49048, 108352, 20870, 98935, 108643, 4378, 100203, 5302]"
117070,"[70343, 95150, 67606, 25083, 56855, 28312, 725, 46906, 29098, 82660]"
117071,"[15987, 103632, 91350, 41911, 36802, 2243, 26337, 29593, 93528, 107087]"
117072,"[56532, 89966, 78533, 47056, 33300, 21295, 58669, 14914, 49464, 51224]"
117073,"[48840, 59383, 4346, 39205, 99129, 101977, 102403, 16970, 76902, 80156]"
117074,"[64247, 95170, 59930, 59738, 84012, 108527, 75568, 24016, 80083, 18451]"
117075,"[11997, 26480, 15131, 96045, 10323, 3277, 24056, 96110, 101125, 14935]"
117076,"[23679, 28929, 98058, 22147, 44862, 81308, 34097, 32932, 38280, 101011]"
117077,"[29997, 71966, 3953, 66916, 84727, 84320, 85352, 38963, 36596, 85659]"
117078,"[2300, 23078, 24903, 34166, 71477, 59804, 75859, 72484, 52828, 39344]"
117079,"[22346, 52487, 106320, 74031, 16182, 58005, 20015, 93661, 81356, 27795]"
117080,"[37848, 38787, 4766, 86671, 85093, 7429, 103869, 97615, 31413, 85722]"
117081,"[96112, 33779, 87469, 35401, 54282, 46271, 54023, 56964, 56907, 86923]"
117082,"[58302, 17322, 53664, 79883, 90026, 10831, 14856, 93526, 109585, 71841]"
117083,"[21864, 51789, 105891, 33303, 81445, 57728, 9302, 1146, 105102, 78270]"
117084,"[66997, 56359, 31125, 16427, 52276, 45070, 40701, 79231, 86577, 83185]"
117085,"[11030, 72086, 84950, 23330, 59420, 93730, 75013, 21463, 107781, 105324]"
117086,"[28261, 8674, 25319, 58520, 46367, 79086, 40883, 66312, 5316, 108137]"
117087,"[65880, 77255, 4741, 97401, 34034, 29287, 93500, 71996, 34606, 24451]"
117088,"[15310, 3133, 64334, 67827, 50896, 39392, 38472, 86700, 77839, 68765]"
117089,"[60138, 106426, 83116, 64650, 89817, 62633, 38745, 86097, 31517, 7053]"
117090,"[41954, 15299, 89604, 22840, 65648, 91394, 61446, 78957, 359, 24390]"
117091,"[62842, 77487, 96869, 100053, 32082, 102906, 2962, 62403, 100461, 28787]"
117092,"[80346, 94722, 91108, 86111, 84580, 92660, 62051, 10820, 33639, 36737]"
117093,"[67462, 64294, 7428, 13847, 64027, 88966, 104165, 91760, 33469, 38038]"
117094,"[52012, 42808, 34760, 34768, 24880, 84919, 6178, 66280, 50762, 63701]"
117095,"[13001, 67887, 58839, 60704, 32927, 39314, 67174, 95875, 89459, 43483]"
117096,"[48600, 69333, 42390, 50952, 3698, 5811, 52553, 36553, 29371, 41220]"
117097,"[69781, 109221, 64174, 66594, 94500, 52560, 4702, 49215, 100002, 55142]"
117098,"[94978, 79836, 21928, 77994, 59220, 65634, 93354, 3030, 2369, 94478]"
117099,"[90734, 87973, 30279, 79403, 61758, 70336, 21493, 30674, 83655, 37210]"
117100,"[91116, 92088, 42280, 24059, 98449, 17128, 25321, 93578, 32353, 66633]"
117101,"[34591, 56726, 22326, 93195, 93741, 5905, 45235, 2104, 72612, 19492]"
117102,"[77072, 17222, 2501, 104156, 63509, 59397, 103381, 63034, 12673, 103542]"
117103,"[45010, 61511, 30043, 97762, 57689, 46686, 7712, 89282, 54344, 75869]"
117104,"[87072, 3922, 73220, 53348, 9405, 96127, 98601, 102791, 65370, 82045]"
117105,"[2477, 19871, 79735, 83337, 37686, 46048, 103418, 57450, 67964, 33568]"
117106,"[100911, 94588, 76438, 68645, 59447, 106655, 83727, 36398, 6213, 72902]"
117107,"[7285, 30641, 75515, 66674, 2251, 103589, 9417, 45878, 49363, 85743]"
117108,"[101069, 60220, 39387, 53974, 84325, 62927, 109262, 98222, 100125, 22835]"
117109,"[75545, 33087, 62470, 4990, 81563, 63338, 90522, 9606, 71535, 32362]"
117110,"[23660, 102920, 64460, 46524, 73294, 69225, 36230, 65384, 49703, 1985]"
117111,"[22457, 84291, 52850, 24201, 109162, 18043, 24760, 19842, 32497, 75083]"
117112,"[82514, 76244, 92356, 14102, 75327, 15965, 104670, 101533, 71971, 105410]"
117113,"[55653, 50383, 74597, 78447, 25455, 425, 105002, 70498, 40761, 98841]"
117114,"[108132, 93502, 55250, 48829, 68025, 4357, 94481, 43073, 79614, 83206]"
117115,"[100939, 8715, 50601, 101295, 100070, 89901, 7409, 57749, 33968, 4486]"
117116,"[12329, 35492, 20416, 21475, 69375, 20392, 92174, 29573, 90457, 75103]"
117117,"[71314, 95884, 28933, 76867, 5874, 68815, 74823, 81591, 100625, 75981]"
117118,"[84113, 101802, 74377, 37816, 61388, 104486, 44649, 62648, 43759, 92633]"
117119,"[83115, 45849, 104095, 34967, 20991, 11226, 64750, 34217, 2082, 69315]"
117120,"[11836, 102320, 98534, 35329, 87094, 30637, 73686, 38062, 88783, 32466]"
117121,"[74392, 86977, 22824, 8908, 5459, 104527, 52718, 73262, 44193, 83314]"
117122,"[16791, 52489, 20896, 108105, 80225, 18429, 1462, 67900, 11553, 24638]"
117123,"[21292, 88356, 6817, 74554, 13701, 17411, 57822, 40016, 40432, 83074]"
117124,"[24835, 37794, 95633, 103507, 54130, 90761, 42425, 89021, 75424, 101467]"
117125,"[1369, 29151, 2845, 57347, 35894, 75145, 44745, 28645, 18047, 19613]"
117126,"[4368, 21100, 15469, 9899, 47923, 72503, 83332, 5349, 53850, 105172]"
117127,"[21561, 91095, 46082, 40976, 38386, 27842, 95577, 83315, 31356, 93546]"
117128,"[7903, 98257, 78502, 81581, 95114, 93555, 21923, 71492, 11977, 34686]"
117129,"[22624, 83961, 16021, 45930, 87554, 57133, 62962, 99850, 3074, 39776]"
117130,"[25755, 52399, 94834, 62954, 105473, 36101, 1018, 6266, 102303, 84724]"
117131,"[103492, 53112, 82499, 107066, 4211, 65674, 9118, 26330, 99180, 94963]"
117132,"[49753, 86374, 59639, 18902, 85692, 65479, 99002, 34014, 49780, 83962]"
117133,"[72828, 19560, 99610, 7994, 16006, 100916, 50185, 97300, 47026, 56941]"
117134,"[88873, 50219, 10999, 109114, 46216, 46430, 68769, 83443, 2912, 30726]"
117135,"[30072, 58656, 105375, 48609, 17082, 30115, 107934, 79431, 75591, 3490]"
117136,"[64912, 20154, 25724, 22913, 30453, 76299, 4614, 23752, 63438, 50955]"
117137,"[95216, 106198, 70146, 19587, 58349, 22126, 68153, 82792, 81933, 74678]"
117138,"[95209, 87465, 99189, 107027, 103573, 19090, 69535, 67984, 87789, 99252]"
117139,"[75, 94819, 63937, 44738, 27410, 82135, 97740, 28606, 106551, 15392]"
117140,"[89637, 18372, 11773, 21045, 98088, 36099, 49631, 15904, 54745, 17880]"
117141,"[67988, 106397, 38807, 8726, 61668, 69443, 9574, 88683, 69321, 16254]"
117142,"[3532, 47298, 23391, 63778, 68238, 51967, 58600, 18549, 14371, 45533]"
117143,"[71694, 68653, 95789, 916, 95953, 78154, 2581, 67357, 35419, 65913]"
117144,"[63460, 90303, 72091, 25457, 25212, 69005, 61396, 59606, 106728, 61121]"
117145,"[38694, 21278, 41734, 80128, 35571, 82616, 25725, 17820, 42881, 89977]"
117146,"[90196, 46166, 23154, 68599, 63438, 100455, 85076, 76299, 72201, 29978]"
117147,"[64629, 58044, 55310, 5484, 84768, 6191, 109033, 41507, 83146, 77632]"
117148,"[85055, 107107, 37486, 84756, 65635, 61673, 83700, 67899, 89682, 75061]"
117149,"[15827, 48804, 44499, 3777, 10111, 38708, 97106, 107093, 16881, 49329]"
117150,"[74499, 631, 92856, 8775, 92876, 92684, 96972, 31276, 21588, 4531]"
117151,"[18058, 41657, 84052, 22535, 97748, 89080, 77013, 5203, 33048, 17148]"
117152,"[30145, 49278, 42970, 16297, 50042, 44386, 103726, 36157, 17302, 34439]"
117153,"[93426, 43072, 6147, 31132, 67466, 4534, 45798, 39360, 18411, 83601]"
117154,"[86827, 85723, 44866, 58548, 8893, 55831, 77188, 35150, 13915, 41306]"
117155,"[7797, 63161, 58227, 87197, 95826, 44359, 71044, 14727, 71896, 16257]"
117156,"[66374, 6992, 26731, 53283, 59636, 77520, 28234, 29906, 95127, 30455]"
117157,"[18987, 107543, 39706, 11105, 107648, 797, 42616, 65529, 83244, 80589]"
117158,"[33868, 91558, 79535, 23739, 94516, 43899, 74483, 85940, 5822, 4687]"
117159,"[93517, 86461, 48510, 57408, 54063, 31077, 73168, 66223, 55241, 5526]"
117160,"[30476, 43477, 87282, 9777, 65066, 18345, 55606, 85580, 4405, 88223]"
117161,"[7995, 44485, 81978, 24129, 76706, 58819, 96880, 98538, 50960, 107111]"
117162,"[7144, 59667, 74087, 46408, 32577, 61224, 10323, 22815, 15131, 101125]"
117163,"[96699, 34253, 10970, 2123, 597, 106428, 77156, 76622, 31, 86552]"
117164,"[71608, 41560, 82699, 8065, 103393, 48889, 24161, 50721, 72713, 105626]"
117165,"[7296, 74686, 24943, 80046, 87003, 70175, 44481, 99319, 80064, 943]"
117166,"[79297, 5288, 10558, 100047, 87946, 86989, 91596, 61424, 49391, 54790]"
117167,"[57385, 7057, 4921, 32828, 21083, 72888, 75957, 69110, 92407, 11951]"
117168,"[41335, 37432, 59029, 84854, 37101, 1271, 66375, 92896, 53817, 102556]"
117169,"[97088, 66152, 47938, 59239, 52783, 49522, 44541, 19478, 75243, 81551]"
117170,"[62701, 62207, 109511, 9194, 52572, 31261, 17886, 72318, 78164, 35512]"
117171,"[109739, 79203, 12467, 88114, 27645, 72466, 16125, 86722, 108852, 29619]"
117172,"[62158, 48025, 88203, 24398, 16551, 45481, 44681, 83563, 79141, 12236]"
117173,"[93194, 15817, 13214, 52906, 16780, 80562, 97102, 27272, 55519, 62738]"
117174,"[51638, 101503, 79582, 53368, 23366, 70896, 51942, 74334, 46330, 102271]"
117175,"[32140, 67303, 49561, 9217, 32053, 79683, 16679, 12998, 97344, 26805]"
117176,"[42955, 12913, 63730, 9953, 22954, 95164, 89461, 4455, 46257, 13568]"
117177,"[85697, 68228, 31183, 10753, 104498, 2886, 101564, 68892, 7947, 80906]"
117178,"[41993, 35783, 37076, 1221, 85199, 66755, 50156, 23815, 82883, 70129]"
117179,"[12038, 95558, 76053, 92885, 92784, 71986, 55326, 77199, 22524, 80662]"
117180,"[107470, 84660, 43375, 3034, 61094, 19588, 6141, 1812, 89603, 102154]"
117181,"[56606, 36081, 37294, 65666, 7485, 12050, 73312, 22549, 34553, 47256]"
117182,"[44655, 53258, 28279, 3377, 63382, 62680, 100929, 95052, 14008, 14741]"
117183,"[90511, 98495, 14087, 5667, 83112, 14868, 9469, 39498, 93228, 21705]"
117184,"[33410, 85817, 101805, 40075, 19287, 64106, 72433, 96690, 44880, 102960]"
117185,"[39, 41556, 39503, 107643, 75844, 50870, 44904, 80411, 55977, 39921]"
117186,"[57651, 76847, 43510, 45730, 70326, 78763, 53739, 21982, 87714, 9563]"
117187,"[1042, 84144, 76062, 62982, 48273, 48843, 49997, 42637, 10554, 76804]"
117188,"[68453, 29601, 80964, 768, 6854, 99315, 106273, 91673, 83196, 74848]"
117189,"[33596, 29670, 78713, 91188, 8140, 33802, 63474, 16509, 11570, 30264]"
117190,"[106531, 64544, 100318, 14033, 59877, 32549, 48087, 57699, 63756, 34784]"
117191,"[9932, 108158, 5558, 81185, 64760, 43176, 79786, 63886, 2567, 93821]"
117192,"[30261, 419, 9584, 50363, 6373, 22428, 32859, 52774, 40049, 101704]"
117193,"[9802, 72908, 7458, 80392, 64258, 8979, 22129, 9545, 20333, 2646]"
117194,"[80788, 19651, 82416, 80069, 49263, 62720, 100439, 65935, 75515, 10890]"
117195,"[19198, 40125, 27369, 12141, 69867, 99151, 101728, 36408, 102043, 73382]"
117196,"[35496, 48928, 101110, 87863, 93141, 91083, 91898, 36023, 61825, 14671]"
117197,"[62734, 76106, 38322, 40886, 31418, 20918, 83408, 95429, 56405, 48091]"
117198,"[5129, 9749, 19778, 7475, 87496, 93024, 15193, 38965, 53040, 15917]"
117199,"[32680, 107104, 106363, 58992, 69696, 108429, 108772, 107965, 78683, 67888]"
117200,"[48066, 88944, 30898, 33970, 18602, 35642, 26312, 82092, 40572, 52347]"
117201,"[62857, 77319, 3158, 52949, 98701, 27386, 89538, 47118, 31060, 89648]"
117202,"[93655, 25630, 39716, 17248, 89074, 73872, 23119, 64158, 55457, 95635]"
117203,"[99798, 59996, 101127, 61496, 47082, 4750, 40977, 92416, 95673, 70466]"
117204,"[85071, 11498, 89967, 4465, 11726, 78496, 74343, 104700, 100257, 22938]"
117205,"[109114, 46216, 50219, 2912, 68476, 34643, 10999, 88873, 46430, 83443]"
117206,"[22413, 35436, 105024, 109597, 17404, 13504, 93814, 107740, 80188, 92903]"
117207,"[90849, 80333, 54659, 67218, 51746, 62209, 61727, 38545, 101797, 8146]"
117208,"[89662, 45919, 88681, 78294, 49137, 4899, 97278, 86122, 69305, 96986]"
117209,"[79431, 42183, 89454, 58656, 107934, 17082, 47547, 30115, 90966, 67846]"
117210,"[72826, 72764, 90894, 7812, 18512, 48898, 37000, 36747, 12745, 34964]"
117211,"[106555, 99463, 73509, 41351, 31164, 97735, 95371, 33560, 59578, 103593]"
117212,"[3536, 67475, 20126, 13134, 85322, 81603, 4636, 31147, 99918, 21799]"
117213,"[19027, 70346, 18467, 46193, 7426, 39844, 78493, 75966, 103704, 88957]"
117214,"[87573, 3573, 76496, 14697, 51721, 64165, 968, 97135, 27675, 74164]"
117215,"[32960, 64455, 4134, 59696, 21374, 102888, 108171, 79242, 699, 37310]"
117216,"[61882, 51060, 28367, 23664, 57221, 43512, 61457, 98314, 27734, 34680]"
117217,"[35944, 91269, 48136, 7257, 11604, 2386, 42992, 22803, 60719, 72990]"
117218,"[3083, 12881, 84929, 76061, 84063, 38641, 96031, 94544, 73363, 64382]"
117219,"[67486, 6599, 4531, 74295, 81801, 32270, 95854, 55010, 80565, 72165]"
117220,"[70809, 80538, 84110, 18498, 109651, 40776, 49034, 67239, 27748, 20819]"
117221,"[27269, 35185, 67025, 3943, 34744, 47139, 289, 70404, 39742, 2247]"
117222,"[73381, 38376, 26361, 74764, 57582, 93398, 22134, 54603, 44005, 53068]"
117223,"[24166, 20223, 57790, 92948, 965, 94650, 83308, 29691, 35258, 52829]"
117224,"[67326, 89664, 99914, 3077, 98582, 80277, 98663, 10626, 23759, 105091]"
117225,"[40722, 13375, 38314, 82420, 29359, 17144, 54085, 62751, 78525, 80989]"
117226,"[96809, 89296, 29850, 23619, 94171, 66467, 70319, 17669, 63536, 25858]"
117227,"[86291, 79079, 76369, 11661, 15415, 95757, 13280, 3961, 4645, 18861]"
117228,"[68711, 8206, 105211, 61273, 93456, 19984, 29178, 99132, 96396, 50941]"
117229,"[100961, 56044, 77060, 65137, 49676, 93115, 99496, 92890, 18958, 39723]"
117230,"[68517, 90274, 60573, 71580, 69532, 45976, 33732, 59913, 28247, 73687]"
117231,"[25747, 51950, 7329, 52202, 83226, 26156, 28724, 39744, 76999, 45506]"
117232,"[85793, 56029, 44227, 49293, 81960, 73763, 56465, 25016, 6585, 25484]"
117233,"[94269, 8903, 36860, 82328, 21375, 21981, 94615, 92131, 55350, 37853]"
117234,"[86512, 68296, 104878, 51934, 24775, 12898, 18393, 49118, 12498, 36783]"
117235,"[32547, 106107, 39101, 15960, 107396, 12330, 16614, 78657, 76541, 12464]"
117236,"[45139, 18371, 81249, 27014, 94823, 62314, 7387, 84541, 27023, 74013]"
117237,"[69941, 86071, 104542, 54696, 64521, 54528, 22064, 66775, 1383, 24395]"
117238,"[53924, 73502, 44250, 62691, 76898, 103692, 58761, 26229, 60470, 9063]"
117239,"[37912, 58036, 33826, 23047, 9275, 14278, 57234, 92548, 49657, 3264]"
117240,"[5958, 95225, 44414, 48976, 79596, 19059, 22011, 84161, 52781, 17028]"
117241,"[35947, 74381, 68411, 22818, 31297, 37095, 12309, 5615, 43157, 26172]"
117242,"[20535, 24370, 64322, 105527, 54386, 71870, 100062, 15782, 39227, 65138]"
117243,"[59590, 2238, 77119, 55215, 76835, 41971, 84875, 14273, 74386, 68013]"
117244,"[40732, 46510, 32587, 56550, 52102, 5300, 50728, 10850, 51023, 7132]"
117245,"[61001, 105923, 21230, 79446, 51906, 49334, 64672, 61588, 78107, 81855]"
117246,"[38037, 14434, 44643, 33961, 43420, 46445, 106372, 87331, 53505, 274]"
117247,"[41809, 9966, 56701, 31078, 41618, 10959, 18007, 104217, 105567, 95030]"
117248,"[93192, 21025, 10117, 6120, 3320, 104527, 81714, 19787, 62199, 24045]"
117249,"[101357, 93263, 67808, 66808, 17413, 32183, 32373, 33021, 97184, 37835]"
117250,"[72147, 76590, 28642, 88933, 77205, 49318, 39386, 17835, 37133, 105057]"
117251,"[38415, 50065, 68440, 28576, 28417, 81711, 35950, 88042, 107750, 97415]"
117252,"[67792, 32916, 93980, 1116, 14149, 85391, 47668, 84310, 14103, 38318]"
117253,"[61862, 83014, 49481, 2936, 107630, 77431, 86768, 79893, 103219, 5334]"
117254,"[63388, 48886, 106762, 85527, 63991, 79048, 48121, 109359, 14679, 34750]"
117255,"[33521, 96961, 86628, 21365, 68570, 63261, 92621, 97093, 37860, 108646]"
117256,"[15015, 61013, 41447, 87020, 97296, 26715, 103891, 47392, 57426, 101373]"
117257,"[55950, 4914, 81997, 98790, 99308, 82781, 38710, 63286, 67101, 105832]"
117258,"[99461, 95485, 47057, 53888, 34018, 59772, 33114, 40563, 106752, 107053]"
117259,"[33593, 26259, 2945, 102595, 34896, 39089, 32036, 44878, 104794, 105130]"
117260,"[24042, 8949, 36131, 84544, 33745, 75517, 34624, 48878, 96091, 2449]"
117261,"[83257, 102949, 35774, 30175, 13913, 19206, 39999, 16601, 37405, 21478]"
117262,"[17392, 82741, 37662, 47828, 364, 109505, 9302, 81445, 1146, 57728]"
117263,"[15363, 4662, 53838, 5684, 106018, 50050, 50500, 31575, 36846, 61861]"
117264,"[47136, 9270, 42481, 15985, 13313, 46133, 103347, 96010, 54162, 93160]"
117265,"[103418, 47728, 100634, 47247, 83337, 79735, 93346, 7430, 101359, 95256]"
117266,"[20278, 92747, 104158, 74211, 23715, 97083, 10026, 40349, 16142, 76712]"
117267,"[13730, 61009, 109057, 78169, 5993, 62442, 92438, 102410, 17097, 103328]"
117268,"[10342, 46328, 99409, 54772, 814, 75579, 22334, 37919, 10270, 13254]"
117269,"[81995, 107758, 103229, 1208, 108265, 109146, 78886, 71255, 84024, 82048]"
117270,"[79111, 56463, 68792, 96133, 48368, 20659, 58197, 44390, 80729, 71897]"
117271,"[73105, 72936, 74084, 33505, 5720, 102249, 10640, 107694, 24331, 50414]"
117272,"[109160, 82951, 27636, 93050, 56838, 81150, 529, 71579, 63644, 71637]"
117273,"[68631, 72839, 106517, 53047, 107, 105628, 2462, 1624, 660, 31014]"
117274,"[58420, 104953, 23005, 97924, 26756, 16914, 23093, 41942, 49368, 37748]"
117275,"[57908, 22976, 83753, 29897, 59831, 59934, 57492, 107893, 43307, 33934]"
117276,"[73338, 47959, 63517, 94065, 8135, 29347, 99344, 13063, 28189, 98603]"
117277,"[96429, 95019, 2841, 22949, 84287, 109277, 74542, 99327, 103682, 13429]"
117278,"[68766, 12551, 48094, 14985, 39202, 77765, 59834, 38730, 106331, 26906]"
117279,"[105140, 47111, 38631, 82935, 96761, 70462, 72940, 92828, 54999, 33343]"
117280,"[65116, 72968, 8948, 108526, 5523, 85838, 1629, 13523, 103782, 636]"
117281,"[32563, 31079, 48788, 55492, 83344, 88519, 7799, 489, 60692, 77295]"
117282,"[36891, 33761, 24698, 99209, 227, 22230, 50585, 64871, 96889, 95172]"
117283,"[79843, 109357, 108973, 82100, 102315, 10542, 96012, 92437, 53855, 41546]"
117284,"[1228, 54535, 36668, 19867, 25829, 84764, 39012, 95104, 8007, 90418]"
117285,"[82882, 108826, 4085, 68002, 45067, 60228, 30172, 25325, 48768, 36207]"
117286,"[85955, 64078, 43094, 53392, 23595, 51363, 71402, 4679, 74984, 13346]"
117287,"[50399, 63528, 69988, 31114, 36831, 72180, 41234, 9681, 20009, 24868]"
117288,"[78729, 77804, 88493, 63002, 30520, 69386, 27555, 101956, 62345, 104321]"
117289,"[35997, 67036, 60370, 11575, 65233, 72726, 54233, 31010, 15676, 28057]"
117290,"[38078, 15169, 41451, 19845, 86282, 38463, 64198, 45082, 85896, 52821]"
117291,"[8680, 94484, 39054, 25767, 45768, 35839, 65597, 103596, 35036, 96336]"
117292,"[108102, 48479, 105608, 12255, 52241, 5622, 59255, 57187, 86114, 92032]"
117293,"[12575, 21041, 96503, 296, 55922, 96012, 66864, 6542, 38562, 54081]"
117294,"[42511, 30839, 67705, 22253, 14052, 84439, 24065, 65021, 70898, 104516]"
117295,"[32067, 47302, 22500, 106086, 615, 36159, 91466, 71664, 54242, 20085]"
117296,"[102816, 74454, 71713, 91011, 94500, 96797, 7676, 51808, 47402, 63717]"
117297,"[69576, 108553, 57153, 100733, 109746, 6746, 88244, 18518, 59203, 26851]"
117298,"[10656, 40548, 29143, 45943, 868, 14182, 24835, 44996, 31662, 32014]"
117299,"[36961, 78186, 82448, 53770, 11518, 26185, 76125, 59747, 40092, 80209]"
117300,"[23433, 36419, 90620, 26189, 68272, 98219, 60710, 8710, 17239, 28565]"
117301,"[60654, 47267, 47337, 79267, 82282, 105302, 42592, 51325, 97076, 85491]"
117302,"[80350, 19061, 94432, 60201, 106885, 51757, 20678, 70874, 25495, 86500]"
117303,"[21660, 65690, 96698, 26785, 32519, 28386, 100450, 78492, 32889, 80299]"
117304,"[27111, 63609, 28294, 40998, 39577, 26437, 64117, 67504, 15088, 83467]"
117305,"[6613, 19877, 56401, 18874, 34021, 50265, 81358, 46363, 17214, 30501]"
117306,"[75784, 47563, 41529, 16945, 49393, 6123, 36773, 69261, 90625, 61378]"
117307,"[2228, 92785, 65001, 23296, 85043, 89107, 36211, 66079, 67152, 6555]"
117308,"[65173, 78836, 60780, 49337, 51819, 45431, 27018, 31760, 74056, 67034]"
117309,"[6426, 12359, 37222, 47950, 91340, 14539, 86765, 430, 94243, 7821]"
117310,"[46894, 16305, 49899, 109772, 44940, 34233, 25703, 20710, 107858, 3380]"
117311,"[17289, 62914, 10201, 102513, 48618, 333, 89942, 26130, 32990, 91675]"
117312,"[32249, 70066, 105725, 89849, 26919, 70312, 3160, 70714, 108469, 3512]"
117313,"[5813, 63140, 87699, 1145, 37789, 23459, 8333, 65246, 36748, 98235]"
117314,"[64003, 73774, 76324, 47249, 69865, 57543, 105775, 59519, 74500, 64143]"
117315,"[31646, 105330, 108667, 28108, 45266, 13358, 24379, 56070, 25775, 2663]"
117316,"[7781, 75077, 8675, 24757, 55689, 71371, 79528, 52095, 103426, 66854]"
117317,"[105437, 32570, 81776, 34025, 28576, 81423, 72064, 20523, 102549, 67362]"
117318,"[78117, 60866, 54317, 46334, 48876, 46591, 46297, 11672, 99895, 24205]"
117319,"[50916, 51062, 105955, 27227, 45975, 65996, 24444, 73639, 27632, 38270]"
117320,"[73579, 45287, 90048, 55865, 83801, 25489, 57093, 26987, 7184, 54177]"
117321,"[55407, 37771, 101827, 31404, 108274, 97730, 106912, 68052, 37227, 108386]"
117322,"[22848, 25247, 18247, 38302, 29164, 96618, 57386, 31423, 29141, 25930]"
117323,"[37341, 67250, 92939, 56672, 72647, 3694, 61741, 15176, 94755, 48413]"
117324,"[55308, 5643, 54269, 55396, 1932, 106857, 56356, 24931, 107862, 49598]"
117325,"[20733, 100620, 20656, 108542, 41203, 62878, 34118, 36277, 85632, 26898]"
117326,"[20269, 48317, 90695, 192, 22757, 97925, 80085, 18504, 11832, 104116]"
117327,"[56180, 62560, 8334, 101353, 33694, 16847, 46864, 61102, 79444, 58271]"
117328,"[86825, 66726, 41894, 21314, 71789, 26744, 7889, 105368, 96980, 67500]"
117329,"[100488, 108628, 44329, 109157, 71695, 99708, 42007, 99522, 81472, 68507]"
117330,"[39296, 41655, 99748, 109085, 80038, 33801, 28919, 56403, 36985, 99107]"
117331,"[35176, 34920, 41493, 15414, 39170, 50725, 10199, 74768, 10388, 72434]"
117332,"[35355, 45407, 21323, 78638, 47685, 65948, 90398, 104885, 55035, 82588]"
117333,"[9583, 60929, 71424, 41553, 69702, 94563, 95459, 107642, 77777, 37557]"
117334,"[69596, 109199, 71131, 63135, 57302, 24613, 40105, 38475, 13244, 86347]"
117335,"[10554, 76062, 96083, 26339, 1042, 94800, 35001, 73563, 84144, 62982]"
117336,"[18525, 62819, 92640, 73269, 99528, 28359, 18378, 36001, 4177, 5240]"
117337,"[18994, 14024, 67813, 46632, 64811, 104807, 62038, 43875, 4435, 73284]"
117338,"[62125, 36832, 108185, 92214, 37165, 78037, 11014, 5355, 35347, 7461]"
117339,"[28430, 83823, 44859, 55631, 109544, 43296, 93202, 20961, 33985, 49308]"
117340,"[92183, 89579, 10651, 43537, 78388, 62385, 30899, 94272, 15103, 10994]"
117341,"[6313, 97836, 61952, 38638, 24151, 35827, 3334, 41482, 24696, 96386]"
117342,"[38896, 107777, 102329, 66770, 9286, 99746, 54382, 79793, 99942, 95714]"
117343,"[103172, 75224, 92764, 100906, 77053, 6229, 37012, 99694, 17730, 104920]"
117344,"[75088, 93550, 44634, 64788, 35292, 107592, 21033, 80578, 105656, 71676]"
117345,"[14524, 57752, 6987, 67238, 42031, 20763, 69354, 66382, 108130, 49009]"
117346,"[108090, 46169, 78845, 32488, 103482, 34131, 42294, 50880, 91238, 8550]"
117347,"[81998, 7590, 78012, 74601, 39376, 19863, 103273, 55080, 88661, 6394]"
117348,"[27272, 29752, 10526, 95415, 78984, 89360, 12763, 66598, 52906, 71224]"
117349,"[93414, 100715, 82905, 51736, 24276, 26675, 55077, 21290, 1253, 62601]"
117350,"[107143, 104042, 79788, 96140, 92002, 61097, 62967, 37701, 92416, 21747]"
117351,"[31206, 77660, 63408, 108504, 36832, 92214, 9954, 328, 52144, 16161]"
117352,"[42120, 44060, 19077, 102498, 53738, 66136, 39767, 27844, 99427, 82670]"
117353,"[84944, 49962, 59926, 41751, 74258, 87116, 47849, 71226, 84954, 69608]"
117354,"[69263, 88028, 37293, 11812, 53173, 32198, 45402, 33071, 23855, 66304]"
117355,"[75651, 11403, 74599, 106430, 109361, 31214, 15374, 68867, 29245, 91361]"
117356,"[27079, 41670, 62783, 23261, 69501, 6424, 99913, 59883, 49576, 9396]"
117357,"[39671, 77536, 60590, 59281, 28689, 104692, 54839, 81454, 4548, 21026]"
117358,"[53105, 38647, 57782, 89720, 63553, 93781, 17992, 11392, 99498, 8482]"
117359,"[13653, 95532, 32405, 105288, 86663, 52267, 50409, 62778, 83207, 30101]"
117360,"[17337, 27317, 53905, 85046, 78771, 6447, 80129, 56967, 36077, 85582]"
117361,"[90721, 73545, 27793, 78499, 43148, 22145, 53652, 10454, 54, 6504]"
117362,"[109145, 100657, 103990, 103951, 79391, 85631, 83673, 13432, 89771, 69885]"
117363,"[20078, 49568, 106838, 34590, 103402, 5455, 24868, 33002, 7792, 56201]"
117364,"[106588, 72968, 85057, 92883, 53289, 86801, 40994, 38142, 39830, 83294]"
117365,"[9120, 28, 72800, 103861, 87352, 14045, 53328, 4972, 107071, 50580]"
117366,"[64968, 81511, 88078, 101325, 96220, 23086, 27679, 22494, 44544, 64178]"
117367,"[107075, 34835, 52887, 37442, 102786, 83926, 109323, 70808, 6111, 40010]"
117368,"[76812, 32909, 65726, 32385, 23908, 86705, 78539, 6647, 76622, 84711]"
117369,"[11631, 109525, 92225, 35330, 71427, 92485, 69757, 24007, 61270, 68655]"
117370,"[50963, 44557, 10836, 52476, 93347, 27077, 59689, 43229, 88408, 96351]"
117371,"[92569, 74998, 97050, 77509, 33174, 103615, 94452, 82174, 13061, 508]"
117372,"[84946, 15639, 93299, 74607, 13412, 61576, 20940, 7260, 96194, 90643]"
117373,"[68456, 59170, 33574, 61433, 100029, 5659, 28646, 53748, 77110, 32568]"
117374,"[64239, 50659, 39294, 28553, 50964, 59657, 90534, 85470, 88697, 48387]"
117375,"[31567, 42685, 59791, 42069, 37450, 62501, 17548, 58843, 86172, 58752]"
117376,"[54346, 32432, 103472, 107702, 11192, 109738, 89295, 37871, 92314, 54707]"
117377,"[60937, 23732, 33879, 75247, 67259, 87258, 71163, 37010, 57180, 62897]"
117378,"[62443, 2626, 72988, 26187, 20283, 54461, 32259, 22690, 39816, 84869]"
117379,"[60728, 101622, 13403, 56957, 37479, 12812, 77394, 76969, 100059, 41911]"
117380,"[31013, 66675, 48251, 74156, 72176, 102829, 62846, 44947, 65829, 103652]"
117381,"[19258, 1264, 108117, 93469, 96442, 47651, 101985, 3118, 85358, 42697]"
117382,"[98082, 7421, 32262, 84693, 18471, 92967, 69300, 60079, 59612, 72089]"
117383,"[59318, 54220, 87577, 65617, 8625, 22893, 14584, 30381, 81240, 28878]"
117384,"[37406, 18443, 54785, 97655, 6333, 41266, 31838, 37256, 53056, 33903]"
117385,"[17383, 99593, 248, 79154, 2911, 40374, 90537, 5197, 94617, 10366]"
117386,"[69226, 42767, 36061, 39540, 55497, 49503, 76977, 81232, 52862, 23852]"
117387,"[39018, 106296, 60414, 27248, 67135, 63276, 9771, 52408, 7302, 3665]"
117388,"[71528, 47286, 91875, 57709, 41139, 49411, 49924, 71457, 103750, 34106]"
117389,"[71293, 5280, 74959, 53654, 91547, 56461, 16511, 18120, 56016, 84010]"
117390,"[38038, 17443, 64027, 62859, 67462, 64294, 103225, 75830, 24827, 5075]"
117391,"[68291, 35773, 28582, 59456, 64588, 66466, 45903, 7624, 28905, 86600]"
117392,"[81744, 106715, 4442, 105243, 82545, 43766, 18908, 19837, 23959, 69536]"
117393,"[108028, 73826, 6806, 87488, 95573, 88629, 107236, 39187, 82895, 94999]"
117394,"[67989, 7689, 42931, 103657, 97933, 80909, 81807, 7935, 18612, 24202]"
117395,"[84247, 43393, 14582, 84761, 70405, 22541, 22799, 20048, 6032, 70385]"
117396,"[33394, 24924, 88232, 3464, 37887, 26572, 36841, 86594, 5561, 95484]"
117397,"[78274, 13011, 105501, 37937, 103302, 69094, 62707, 74773, 95193, 105797]"
117398,"[61895, 21549, 7423, 71000, 67911, 2569, 48303, 49159, 82636, 57855]"
117399,"[5697, 40220, 83075, 3518, 31928, 13591, 23297, 14571, 79200, 29266]"
117400,"[100355, 56235, 91030, 106007, 16070, 63065, 48782, 70620, 102799, 21730]"
117401,"[76691, 62675, 70322, 3043, 89723, 51767, 59820, 51987, 61252, 81660]"
117402,"[63283, 90912, 33929, 91029, 9951, 76351, 49794, 77931, 69304, 69503]"
117403,"[97299, 1279, 32078, 18285, 91987, 90419, 96182, 53719, 49618, 52155]"
117404,"[49975, 87461, 40910, 12993, 59607, 3129, 17450, 23993, 68683, 43394]"
117405,"[56275, 9011, 51492, 77758, 53222, 29615, 53119, 1474, 39976, 29321]"
117406,"[47595, 11734, 98040, 68036, 44723, 46688, 58575, 11532, 23331, 92992]"
117407,"[55350, 45916, 51707, 51220, 49888, 94615, 92131, 87042, 36860, 84164]"
117408,"[100236, 70723, 88791, 15892, 86891, 108964, 64773, 51514, 66471, 106508]"
117409,"[92850, 5078, 67457, 96850, 44808, 12866, 4898, 67046, 33961, 103242]"
117410,"[48244, 44596, 108271, 46360, 43939, 81231, 17268, 12541, 67311, 55456]"
117411,"[2664, 19810, 9571, 28764, 93155, 69852, 55897, 7177, 59430, 83026]"
117412,"[94462, 88456, 73799, 47051, 58195, 74689, 50654, 83070, 19943, 1895]"
117413,"[51852, 27232, 64042, 23901, 98561, 65302, 83080, 94658, 40082, 11461]"
117414,"[54872, 24299, 20617, 96910, 91564, 3111, 37328, 72115, 84136, 19967]"
117415,"[11857, 29671, 108712, 34621, 2892, 78112, 42295, 45136, 82665, 83410]"
117416,"[77221, 105005, 87046, 11503, 105910, 79347, 7574, 104349, 14820, 106949]"
117417,"[47614, 25888, 100147, 71566, 14929, 59537, 89862, 12705, 82806, 26622]"
117418,"[29782, 46658, 48647, 10890, 69800, 100439, 80069, 99043, 44535, 82416]"
117419,"[18428, 49564, 7760, 53572, 98269, 20231, 45237, 85621, 4591, 19840]"
117420,"[30568, 76828, 81523, 58419, 4623, 16548, 44201, 49955, 98385, 65374]"
117421,"[33329, 63143, 67588, 11343, 1118, 72411, 34438, 37940, 73428, 102863]"
117422,"[78472, 33580, 6090, 73910, 6600, 37123, 60478, 1980, 76713, 53694]"
117423,"[1941, 60970, 16884, 40079, 42243, 71465, 14444, 60440, 57068, 67535]"
117424,"[61175, 63658, 77898, 12949, 75943, 86744, 75754, 83580, 19053, 15384]"
117425,"[51568, 8730, 80326, 29202, 5465, 109648, 69156, 69295, 5990, 108257]"
117426,"[30828, 67518, 82442, 48786, 44551, 7009, 210, 29495, 90608, 42304]"
117427,"[85962, 5197, 72421, 10366, 70798, 72794, 71871, 102001, 90537, 99593]"
117428,"[55351, 70100, 13813, 94335, 40733, 7095, 41681, 101504, 87929, 107530]"
117429,"[78293, 46539, 105101, 86204, 109596, 9619, 47174, 102340, 94899, 28145]"
117430,"[36909, 12515, 66616, 85130, 64892, 92273, 2766, 15974, 1570, 77065]"
117431,"[33839, 74831, 15129, 35830, 21394, 3674, 73433, 3566, 106722, 81861]"
117432,"[41256, 3732, 33278, 26511, 108277, 24243, 3319, 47406, 94957, 69664]"
117433,"[39561, 74028, 24406, 46003, 91546, 83359, 108984, 68420, 33603, 2712]"
117434,"[91019, 43255, 4659, 108004, 17499, 76744, 44737, 79095, 12884, 2308]"
117435,"[106262, 48972, 2236, 107731, 104859, 47802, 51972, 100804, 88779, 57448]"
117436,"[62834, 38834, 95424, 27359, 76905, 14642, 13010, 65628, 21158, 89552]"
117437,"[22699, 43468, 76795, 90182, 36770, 66285, 103400, 8863, 78807, 55711]"
117438,"[64095, 93800, 92501, 13327, 88195, 37144, 12414, 90604, 57920, 62714]"
117439,"[68748, 49019, 59532, 105141, 93295, 108681, 95718, 72866, 18621, 64975]"
117440,"[4621, 64443, 12177, 31059, 83118, 32355, 15937, 13748, 67091, 18626]"
117441,"[107967, 93063, 4917, 7315, 23083, 50360, 50096, 64857, 54592, 44144]"
117442,"[50489, 92572, 68335, 15536, 70223, 4618, 20425, 89012, 3990, 33009]"
117443,"[107103, 70917, 97389, 38355, 73024, 84006, 65231, 13283, 34077, 6067]"
117444,"[39790, 49194, 79972, 1875, 23880, 70221, 103831, 59371, 17856, 49404]"
117445,"[21017, 15814, 96834, 24837, 92173, 56422, 40608, 46906, 7564, 11580]"
117446,"[7000, 260, 13085, 102474, 83905, 15194, 98661, 39968, 69196, 12350]"
117447,"[52938, 70641, 27066, 54291, 6711, 103693, 36774, 83980, 15971, 48044]"
117448,"[40084, 13210, 39025, 106707, 20691, 30351, 97891, 105118, 41274, 4093]"
117449,"[104754, 45181, 32820, 47473, 14949, 74489, 25542, 95869, 97615, 14552]"
117450,"[61057, 48769, 108512, 14338, 97906, 31274, 87172, 36129, 46965, 15821]"
117451,"[68000, 38541, 99064, 57047, 77796, 22501, 33966, 76396, 91544, 65740]"
117452,"[13430, 65800, 78089, 86567, 70169, 87102, 96994, 86842, 90608, 105518]"
117453,"[88620, 5038, 66347, 58809, 3940, 95511, 88372, 59964, 22158, 12592]"
117454,"[23818, 32116, 9036, 48585, 96667, 73161, 2579, 49280, 62311, 68834]"
117455,"[75708, 22908, 102541, 26159, 1291, 79537, 65179, 104100, 36308, 80448]"
117456,"[87112, 53276, 58365, 102452, 81442, 43992, 35952, 57686, 18955, 31247]"
117457,"[77601, 93064, 27801, 44503, 107114, 88325, 81689, 22601, 3474, 33521]"
117458,"[53168, 33919, 44622, 42490, 79356, 29662, 78033, 94233, 5575, 29626]"
117459,"[11725, 2829, 96867, 60117, 35860, 41723, 97108, 55810, 67515, 15287]"
117460,"[29318, 61317, 22931, 72595, 13227, 63374, 40310, 56964, 56547, 11329]"
117461,"[58773, 56223, 2685, 90435, 66457, 97033, 22471, 89374, 89136, 33496]"
117462,"[2142, 1516, 79013, 11066, 56888, 61045, 106614, 22448, 50195, 89809]"
117463,"[9199, 84536, 36328, 52878, 106822, 15632, 83352, 19993, 41520, 30540]"
117464,"[32801, 89042, 51795, 70255, 7331, 41551, 101141, 76354, 92317, 68767]"
117465,"[47730, 106337, 92599, 36162, 50675, 26386, 90228, 6006, 53685, 2240]"
117466,"[106788, 81566, 7515, 91668, 79772, 62129, 58336, 67749, 71093, 25209]"
117467,"[78704, 45212, 45045, 2152, 85769, 106575, 53100, 13542, 16883, 65876]"
117468,"[105010, 64098, 20399, 14883, 44378, 106833, 85142, 8284, 19270, 32800]"
117469,"[26603, 93440, 58116, 18080, 70901, 37461, 78059, 29293, 105404, 97054]"
117470,"[44929, 25108, 87795, 22304, 84410, 29355, 40494, 92422, 48664, 91885]"
117471,"[78888, 70886, 56219, 60369, 32708, 100791, 101527, 36823, 11851, 1011]"
117472,"[73309, 35754, 105451, 19520, 33450, 100681, 64679, 97511, 79174, 16197]"
117473,"[59069, 96603, 5101, 82069, 100736, 82583, 97726, 11196, 87244, 101104]"
117474,"[36456, 108272, 84550, 95307, 49607, 103432, 90163, 108415, 8620, 90245]"
117475,"[100660, 44758, 2181, 17532, 40596, 79018, 54747, 68667, 68237, 75989]"
117476,"[32029, 61134, 45327, 60752, 47631, 106484, 21736, 13467, 24213, 49139]"
117477,"[76812, 65726, 32909, 55527, 51644, 81486, 95758, 84711, 86705, 47471]"
117478,"[26512, 70313, 10591, 82088, 77527, 102017, 31788, 90793, 95710, 93022]"
117479,"[73561, 88121, 83874, 20726, 88980, 96594, 16687, 91341, 14231, 17671]"
117480,"[61165, 77956, 60108, 14445, 26755, 55766, 6587, 32877, 105661, 8570]"
117481,"[11977, 78502, 34686, 98257, 7903, 103476, 643, 95114, 64524, 21923]"
117482,"[76407, 5860, 99639, 44534, 62146, 42264, 105251, 33921, 99418, 64761]"
117483,"[44208, 35772, 28934, 14920, 89710, 66493, 31221, 35266, 68467, 18316]"
117484,"[51813, 7153, 6221, 61234, 18314, 24758, 98789, 6513, 97688, 107693]"
117485,"[84888, 106513, 64206, 12139, 76179, 85252, 52768, 80163, 99780, 35999]"
117486,"[38568, 105359, 2054, 9371, 73779, 19257, 107124, 101020, 99974, 73197]"
117487,"[64090, 23417, 49451, 86368, 18109, 3004, 100914, 109773, 92791, 101420]"
117488,"[109424, 81583, 51560, 98216, 39046, 64028, 91250, 27927, 45184, 8424]"
117489,"[83153, 42819, 41463, 57979, 51532, 89452, 105901, 25017, 84550, 16632]"
117490,"[26743, 41288, 38395, 85477, 9240, 47429, 40838, 106109, 75980, 36446]"
117491,"[31310, 83796, 39345, 97520, 92642, 13281, 75889, 18246, 36893, 9143]"
117492,"[19703, 17505, 39600, 72805, 96337, 87415, 41343, 9754, 15826, 12440]"
117493,"[68849, 60059, 40330, 58868, 20637, 5207, 3302, 39123, 13586, 39878]"
117494,"[10635, 17484, 103434, 55163, 33336, 31188, 96924, 61648, 42869, 43120]"
117495,"[1456, 17951, 80846, 75494, 45623, 17621, 64326, 61248, 91514, 48817]"
117496,"[68326, 91871, 62682, 83235, 3112, 103039, 22305, 12835, 37411, 54626]"
117497,"[7433, 95795, 17687, 99501, 27223, 77555, 48328, 55015, 106020, 56321]"
117498,"[82275, 76023, 82067, 69569, 86775, 88147, 32398, 11824, 85984, 18882]"
117499,"[56508, 97349, 20279, 90921, 109147, 75903, 30465, 20102, 47275, 74431]"
117500,"[43693, 19838, 40316, 26738, 67555, 45601, 26650, 103010, 42227, 57910]"
117501,"[39912, 43317, 22111, 91324, 23669, 102632, 54635, 57324, 23066, 104449]"
117502,"[106075, 4105, 82751, 89851, 93756, 45066, 41905, 75257, 71778, 41117]"
117503,"[82499, 53112, 4211, 65674, 107066, 103492, 54794, 99180, 89024, 32093]"
117504,"[72143, 100, 17880, 22160, 86072, 68377, 17531, 107115, 35988, 11773]"
117505,"[77200, 13786, 92246, 87863, 64389, 31642, 4289, 108725, 49331, 70397]"
117506,"[60037, 61406, 83952, 104833, 2440, 1618, 89377, 100718, 71369, 58848]"
117507,"[8801, 82273, 68751, 109644, 29293, 11541, 75369, 4383, 97054, 58139]"
117508,"[72207, 9770, 70230, 29935, 107807, 18392, 88066, 48785, 43882, 65121]"
117509,"[49771, 66033, 86246, 53240, 22948, 64897, 105218, 78905, 72052, 93149]"
117510,"[82862, 30331, 41323, 80827, 57331, 20318, 106118, 79658, 65897, 51293]"
117511,"[100277, 20594, 69543, 45664, 48290, 30830, 32271, 98885, 22685, 29326]"
117512,"[52863, 20172, 33214, 86145, 105712, 1735, 83579, 64789, 85713, 64965]"
117513,"[22939, 106037, 90363, 53460, 22605, 78196, 78527, 32818, 767, 7249]"
117514,"[75601, 109418, 96036, 31881, 21388, 95285, 94699, 415, 82373, 49473]"
117515,"[61259, 35853, 60669, 93471, 22377, 27114, 55254, 41014, 92198, 56239]"
117516,"[38853, 29030, 29914, 52056, 108722, 5758, 25413, 34000, 41216, 11507]"
117517,"[54062, 50590, 8494, 58305, 56121, 108595, 103119, 6680, 107847, 70318]"
117518,"[30272, 35930, 46683, 93076, 28171, 16063, 55381, 88906, 53648, 2628]"
117519,"[4490, 21823, 78702, 2802, 6897, 31197, 98821, 903, 46723, 80222]"
117520,"[26246, 81401, 67943, 32498, 26600, 74825, 83121, 15016, 107113, 60850]"
117521,"[77987, 82503, 73757, 84834, 19701, 98586, 88316, 5396, 47984, 39834]"
117522,"[49848, 65182, 83096, 31786, 5604, 98240, 82600, 77007, 89670, 68022]"
117523,"[94447, 1728, 52266, 6755, 47593, 31366, 17907, 95707, 20510, 100009]"
117524,"[86184, 65061, 99984, 48999, 65388, 32852, 89260, 9885, 18299, 74624]"
117525,"[65034, 64507, 97996, 20646, 87975, 74184, 32102, 97165, 100140, 31342]"
117526,"[33023, 109506, 49649, 51714, 10923, 5039, 27235, 87927, 36092, 25546]"
117527,"[78241, 6168, 9945, 108887, 57203, 23954, 4349, 70790, 24128, 9027]"
117528,"[60705, 92698, 101172, 35601, 66238, 19702, 83273, 33179, 99311, 32868]"
117529,"[84969, 36217, 26013, 10123, 42147, 106901, 8175, 32205, 94244, 92094]"
117530,"[45339, 77774, 61932, 23863, 58291, 85073, 98147, 15621, 55088, 33789]"
117531,"[31024, 82356, 23426, 48276, 26167, 78249, 2629, 39531, 50632, 90995]"
117532,"[69774, 84770, 18123, 53767, 49696, 92560, 78382, 3787, 12988, 67628]"
117533,"[101205, 43996, 34910, 50647, 91792, 14618, 41636, 78151, 104531, 51031]"
117534,"[45352, 16961, 92451, 93249, 20249, 19924, 43587, 89094, 42835, 59149]"
117535,"[89743, 3134, 39404, 48841, 7450, 63286, 7757, 67101, 81997, 44498]"
117536,"[62388, 60181, 7379, 94818, 96100, 51189, 98692, 61113, 57441, 70795]"
117537,"[4331, 31768, 69921, 26228, 68486, 55642, 2428, 16121, 76856, 80573]"
117538,"[74353, 64138, 34667, 28301, 75585, 93075, 88539, 39307, 80691, 32565]"
117539,"[94257, 40369, 14037, 37713, 38361, 104265, 100767, 58659, 17453, 80912]"
117540,"[81426, 59769, 84293, 11258, 61683, 86650, 56130, 107521, 39896, 45751]"
117541,"[86411, 24322, 65972, 3466, 24725, 58831, 93069, 22124, 36047, 38697]"
117542,"[2021, 107247, 58190, 87381, 88093, 87294, 24801, 56344, 50542, 89711]"
117543,"[86077, 17270, 26860, 20820, 20867, 103813, 38285, 77529, 84047, 33545]"
117544,"[20707, 28845, 70073, 15264, 104952, 61134, 46023, 11465, 53023, 29340]"
117545,"[81894, 73205, 46076, 43473, 32514, 74878, 47831, 62342, 44529, 40619]"
117546,"[37183, 42942, 24700, 88996, 106085, 58039, 45008, 82270, 80648, 90072]"
117547,"[36595, 54340, 86564, 52565, 89708, 50715, 79457, 87167, 14501, 106455]"
117548,"[33116, 88119, 29964, 2343, 92991, 68375, 62565, 100779, 21, 52698]"
117549,"[89819, 52098, 28119, 82263, 69813, 99767, 8426, 43611, 19355, 30124]"
117550,"[86760, 78379, 6925, 155, 1635, 16866, 99195, 72674, 25328, 17155]"
117551,"[31025, 61312, 11841, 91757, 52110, 51912, 87847, 12234, 39514, 47083]"
117552,"[13804, 81314, 98336, 21773, 30268, 66246, 85398, 55359, 2330, 4727]"
117553,"[101113, 107722, 49739, 84290, 53332, 47003, 22794, 58037, 50061, 71358]"
117554,"[28204, 98313, 19824, 9189, 53862, 51960, 105353, 76770, 22728, 41236]"
117555,"[102730, 27585, 39580, 55023, 83349, 96197, 16381, 93021, 38253, 9017]"
117556,"[97766, 15954, 81985, 3625, 93101, 100626, 79882, 42911, 82521, 55816]"
117557,"[43729, 83305, 32146, 26967, 94100, 39119, 37232, 76557, 88673, 981]"
117558,"[2864, 48410, 48426, 101528, 62418, 10733, 103271, 58273, 46399, 3809]"
117559,"[47093, 35912, 35960, 103169, 51266, 95154, 28672, 59129, 23890, 50038]"
117560,"[19822, 46162, 43476, 51618, 502, 99892, 49567, 10922, 34950, 81203]"
117561,"[52511, 25478, 23505, 28966, 107641, 44459, 8756, 27739, 2575, 93615]"
117562,"[7775, 108057, 13278, 61865, 88017, 84752, 54949, 24429, 17747, 72386]"
117563,"[69183, 107511, 47596, 18495, 72740, 106841, 53063, 104391, 94922, 69520]"
117564,"[104176, 82695, 90591, 18347, 26129, 32668, 40093, 18542, 65011, 60454]"
117565,"[29953, 49006, 59333, 58751, 73747, 61959, 79124, 79250, 77264, 67406]"
117566,"[84754, 23257, 1968, 101420, 80111, 64331, 66105, 104607, 40261, 36115]"
117567,"[16159, 53387, 15304, 80804, 107296, 90063, 52500, 104854, 68315, 105565]"
117568,"[74028, 24406, 30281, 91546, 46003, 39561, 96630, 251, 2712, 72155]"
117569,"[41427, 72474, 101106, 14554, 33541, 42523, 80229, 39788, 107507, 51765]"
117570,"[42890, 23592, 2167, 105240, 16706, 10161, 61084, 4902, 17349, 97443]"
117571,"[59696, 699, 32960, 64455, 30591, 4134, 84906, 108171, 102888, 21374]"
117572,"[49551, 6009, 19736, 64082, 98345, 15728, 7675, 20808, 57657, 19207]"
117573,"[57087, 88981, 62650, 16529, 31102, 68643, 76576, 36206, 84356, 61630]"
117574,"[44404, 53041, 10698, 4308, 86343, 74781, 73512, 94238, 41702, 46442]"
117575,"[26263, 20747, 107239, 4573, 99729, 106279, 57959, 76457, 44874, 54879]"
117576,"[103126, 23434, 75575, 102418, 83469, 107324, 48222, 103449, 52930, 89796]"
117577,"[94777, 8807, 55140, 48402, 7091, 17749, 55382, 104453, 12674, 22406]"
117578,"[16938, 11457, 82188, 34857, 39063, 52999, 108955, 108650, 64487, 100936]"
117579,"[17345, 58875, 57381, 68636, 45796, 11491, 95779, 25671, 88945, 80585]"
117580,"[32862, 35499, 73986, 108356, 31433, 50860, 74108, 4967, 83756, 73107]"
117581,"[89604, 22840, 65648, 22400, 15299, 24390, 39942, 41954, 28937, 44333]"
117582,"[53765, 107112, 9893, 15678, 75901, 39336, 47475, 65637, 79523, 104723]"
117583,"[7841, 3632, 94687, 97381, 104088, 46410, 58779, 49723, 106735, 45801]"
117584,"[46475, 29870, 87345, 80470, 62943, 4040, 5377, 82816, 79487, 66031]"
117585,"[18535, 102754, 83570, 66322, 23962, 24031, 94200, 61446, 78957, 28937]"
117586,"[45040, 46742, 102170, 81496, 8681, 16727, 39144, 10791, 67849, 11269]"
117587,"[93141, 91083, 61960, 3421, 61825, 48928, 36023, 83181, 36911, 76068]"
117588,"[58406, 69149, 85837, 32830, 55430, 85081, 74420, 20067, 14127, 12952]"
117589,"[5457, 18342, 5220, 96221, 31638, 96227, 77697, 50233, 79204, 57018]"
117590,"[85313, 62280, 77166, 89830, 11583, 38759, 87201, 73427, 22662, 31401]"
117591,"[77836, 99927, 34513, 87661, 80168, 54899, 55589, 90113, 37285, 28610]"
117592,"[27432, 55947, 83302, 56273, 33113, 35268, 71249, 37878, 44347, 24078]"
117593,"[31720, 14047, 79861, 45772, 22628, 31414, 35363, 71693, 87918, 24650]"
117594,"[65102, 57727, 77500, 42166, 89320, 54492, 87576, 34549, 11072, 9923]"
117595,"[92328, 70396, 64275, 12176, 18618, 997, 101745, 11486, 83686, 44994]"
117596,"[69171, 52882, 65474, 46677, 17663, 71893, 17957, 72131, 9182, 99075]"
117597,"[84715, 71954, 57101, 33054, 12666, 67450, 74559, 30298, 13737, 26501]"
117598,"[37329, 52393, 31457, 89683, 74426, 63602, 62187, 20654, 108746, 64980]"
117599,"[20938, 18256, 52161, 85186, 14458, 12372, 71962, 59627, 9506, 47793]"
117600,"[65571, 78417, 23420, 20509, 9284, 39300, 106810, 7286, 36096, 27500]"
117601,"[88949, 55976, 42827, 62715, 107555, 73407, 13945, 67089, 102417, 61212]"
117602,"[6438, 45228, 58264, 64921, 95008, 35897, 54419, 17067, 3194, 92376]"
117603,"[9570, 85159, 25394, 45097, 89349, 17742, 13508, 61869, 56377, 20109]"
117604,"[58066, 81594, 24265, 95299, 25473, 54576, 78019, 21209, 72193, 5291]"
117605,"[66336, 36104, 58924, 81671, 102157, 28552, 106366, 103246, 26353, 9891]"
117606,"[31870, 26424, 83084, 71744, 8080, 46532, 104830, 28565, 74486, 70672]"
117607,"[44006, 77507, 64882, 71055, 73590, 47413, 70270, 11218, 102670, 142]"
117608,"[62569, 73221, 87371, 87968, 99145, 8974, 72260, 58417, 14055, 103582]"
117609,"[80221, 16915, 21874, 69348, 95075, 88554, 75971, 40669, 48310, 97685]"
117610,"[46982, 108540, 30949, 77766, 68842, 47340, 96865, 86133, 82271, 27178]"
117611,"[8318, 82833, 107715, 39891, 75710, 84937, 21849, 16714, 25820, 19798]"
117612,"[74584, 95136, 23720, 63434, 61020, 54433, 97469, 91409, 88667, 64310]"
117613,"[72363, 59894, 51569, 8224, 98174, 5154, 108383, 44158, 15558, 89136]"
117614,"[55898, 13833, 29961, 6959, 60517, 10788, 83058, 102070, 62469, 5756]"
117615,"[40344, 91155, 6629, 49810, 77534, 97801, 62198, 71686, 88853, 96903]"
117616,"[72770, 81786, 59624, 95663, 105067, 47346, 17575, 47996, 3085, 38843]"
117617,"[35820, 63241, 30745, 53248, 95346, 4094, 69792, 34289, 31961, 103483]"
117618,"[108234, 49108, 36650, 73635, 65796, 34635, 2517, 28386, 59304, 23513]"
117619,"[100368, 30208, 34578, 104296, 38980, 32740, 60200, 33951, 56708, 43124]"
117620,"[5933, 918, 17123, 28891, 78439, 65953, 71242, 85039, 83593, 109224]"
117621,"[65411, 29473, 65970, 50690, 103311, 46182, 84233, 84639, 95614, 67105]"
117622,"[80969, 104691, 100664, 5955, 27354, 86854, 2382, 70193, 46679, 103789]"
117623,"[99167, 66890, 57968, 54432, 27424, 25211, 48196, 2078, 107735, 93862]"
117624,"[83005, 3644, 62953, 95951, 73458, 73596, 103614, 99923, 28540, 59450]"
117625,"[101542, 52963, 24156, 67125, 26131, 47210, 36591, 74788, 104332, 100301]"
117626,"[88443, 76395, 45321, 30062, 59119, 89170, 3054, 3150, 6173, 54709]"
117627,"[72384, 59831, 50823, 5506, 23791, 56908, 97642, 69358, 14597, 22495]"
117628,"[96076, 101679, 43151, 18577, 93934, 77080, 49252, 85660, 66632, 50360]"
117629,"[57796, 16496, 44518, 79770, 86222, 67970, 84954, 69608, 107014, 93947]"
117630,"[107846, 31038, 89690, 56325, 72852, 60431, 6181, 66896, 37645, 45937]"
117631,"[84680, 107283, 44680, 100072, 46635, 26597, 100509, 56736, 105752, 37904]"
117632,"[38555, 86589, 78402, 33310, 64942, 41143, 100200, 103584, 19946, 44466]"
117633,"[50338, 36978, 84836, 5892, 25882, 63944, 16693, 62749, 104583, 46164]"
117634,"[88083, 21760, 52105, 39802, 100205, 50653, 98606, 96402, 106698, 82515]"
117635,"[105559, 29154, 40846, 34282, 97017, 109499, 8439, 5746, 5767, 45156]"
117636,"[74888, 21989, 99019, 59906, 19229, 69519, 24735, 101355, 54114, 77030]"
117637,"[77854, 26940, 46880, 14648, 20038, 24081, 109360, 55258, 8606, 56894]"
117638,"[35866, 101893, 14490, 47149, 102229, 40521, 93401, 7077, 44554, 73900]"
117639,"[52199, 30601, 27423, 67541, 92185, 37484, 4430, 65887, 97559, 61939]"
117640,"[88869, 94483, 98293, 66540, 25176, 6873, 35293, 79409, 15431, 55576]"
117641,"[45457, 11785, 59749, 27529, 50822, 90885, 76241, 96195, 40479, 73392]"
117642,"[45028, 65440, 6084, 75124, 52287, 29267, 109108, 44773, 34761, 40342]"
117643,"[33493, 20716, 40809, 99101, 31193, 48498, 87125, 71772, 94010, 79585]"
117644,"[70077, 14887, 101879, 66564, 42790, 43481, 105503, 22968, 62401, 1523]"
117645,"[48460, 77429, 65676, 98360, 64203, 68673, 62498, 19837, 15942, 20072]"
117646,"[27899, 32942, 77447, 66822, 26162, 25001, 45032, 29952, 54260, 90346]"
117647,"[27888, 103603, 69874, 100839, 20298, 87669, 82054, 19950, 97625, 14970]"
117648,"[53672, 36246, 34810, 52221, 62652, 78940, 93359, 59670, 47176, 90582]"
117649,"[49283, 56137, 46191, 63836, 42480, 20746, 11840, 58471, 42074, 96277]"
117650,"[100659, 4154, 33974, 104787, 86935, 38042, 3427, 100171, 16754, 70909]"
117651,"[77817, 11527, 81719, 17858, 67374, 61196, 70325, 19387, 47218, 1020]"
117652,"[57453, 19934, 91848, 28879, 63715, 31498, 74692, 48806, 3345, 103705]"
117653,"[36187, 38442, 106775, 88756, 66737, 97679, 71944, 95481, 81556, 89829]"
117654,"[95529, 90265, 83577, 56154, 68313, 99894, 88663, 47154, 47798, 87403]"
117655,"[22229, 54699, 99551, 44882, 93145, 29952, 51163, 3747, 58919, 59494]"
117656,"[59299, 101387, 51802, 54592, 80537, 102673, 104870, 102646, 107967, 56804]"
117657,"[103842, 29273, 12023, 50456, 72060, 41048, 45705, 8632, 51767, 17813]"
117658,"[91162, 106182, 78645, 11025, 53331, 57415, 72783, 70752, 24896, 81678]"
117659,"[25938, 21800, 53657, 78949, 87858, 11932, 93906, 33590, 87952, 93470]"
117660,"[61888, 16205, 57593, 89533, 53323, 68229, 99378, 41075, 52191, 14013]"
117661,"[21365, 37860, 82871, 108646, 42860, 11663, 33521, 81689, 63894, 96961]"
117662,"[25615, 28355, 67358, 72636, 95653, 64809, 76694, 53139, 66830, 10494]"
117663,"[63719, 20849, 98369, 100958, 22220, 31689, 88825, 15402, 14394, 36213]"
117664,"[10877, 57738, 90037, 49917, 62169, 54445, 25931, 99460, 41380, 47428]"
117665,"[103848, 51324, 8000, 3215, 86493, 75588, 77099, 101839, 45627, 100704]"
117666,"[105792, 738, 72161, 72858, 33610, 54760, 45936, 107529, 86786, 2923]"
117667,"[12096, 106545, 84657, 35637, 102802, 2059, 101483, 94040, 57429, 81838]"
117668,"[14130, 42015, 79126, 83508, 36670, 12635, 101532, 20176, 80857, 62660]"
117669,"[109375, 73949, 32782, 42187, 5011, 93088, 42409, 73179, 4701, 15312]"
117670,"[31342, 86505, 65034, 39726, 81899, 9831, 87264, 88831, 64507, 82908]"
117671,"[81756, 66804, 46608, 92239, 93459, 53836, 85362, 98041, 60868, 1873]"
117672,"[6950, 56790, 22217, 37257, 18710, 43817, 87810, 79512, 66173, 65696]"
117673,"[15673, 31880, 105090, 67328, 94057, 105200, 59484, 53039, 55581, 22368]"
117674,"[6476, 52032, 78206, 70720, 84818, 49585, 66224, 34017, 21237, 47687]"
117675,"[15165, 107466, 98929, 42910, 46775, 35711, 22983, 35569, 4721, 23530]"
117676,"[65077, 40686, 53517, 82552, 59699, 3974, 4643, 39008, 62719, 54185]"
117677,"[73293, 69390, 86421, 100737, 84289, 33500, 2837, 33348, 97844, 63671]"
117678,"[79047, 30121, 43593, 12138, 68417, 87807, 48326, 36178, 94086, 4749]"
117679,"[71104, 3235, 78624, 84643, 70408, 105423, 56618, 59111, 38484, 99572]"
117680,"[14589, 1960, 26787, 67707, 66560, 10057, 70136, 27150, 8201, 16973]"
117681,"[90850, 52213, 19203, 57404, 39775, 23390, 30026, 69767, 88660, 19347]"
117682,"[49169, 46567, 27838, 67954, 19892, 77731, 2522, 67059, 92143, 78611]"
117683,"[2477, 46048, 83337, 6780, 100634, 19871, 37967, 109662, 93346, 37686]"
117684,"[38703, 41167, 103691, 41590, 71428, 14551, 66498, 67812, 9781, 77861]"
117685,"[74554, 13701, 14248, 53628, 6548, 63397, 69786, 52043, 13556, 6817]"
117686,"[35561, 12281, 32337, 88940, 92735, 92739, 60399, 102870, 104081, 12934]"
117687,"[74626, 106406, 95178, 54529, 43574, 22151, 10035, 31605, 50115, 18084]"
117688,"[4457, 36281, 30714, 9858, 101365, 101403, 98319, 12402, 50528, 73196]"
117689,"[61243, 52816, 33592, 87424, 19514, 15317, 47732, 108289, 58983, 78227]"
117690,"[12308, 99112, 15305, 43056, 73743, 66740, 17739, 83433, 93788, 52536]"
117691,"[18357, 10450, 25920, 52982, 25305, 99873, 74462, 87449, 94608, 88743]"
117692,"[89376, 1719, 55437, 45850, 84905, 93090, 67167, 49736, 75115, 39853]"
117693,"[53905, 36077, 30089, 57631, 56967, 49555, 97982, 21873, 12059, 91417]"
117694,"[45992, 95849, 38946, 58011, 29076, 4318, 85599, 18465, 28179, 63139]"
117695,"[88850, 102763, 104578, 26462, 6879, 66456, 1739, 18562, 52743, 25686]"
117696,"[50866, 11384, 53426, 17396, 22878, 86822, 55846, 45637, 107740, 1675]"
117697,"[97311, 58238, 34613, 30964, 72476, 51341, 95081, 47011, 48717, 100209]"
117698,"[40584, 76095, 67558, 46153, 91265, 100923, 24183, 15601, 74245, 50180]"
117699,"[101817, 79621, 55639, 1820, 39860, 107885, 2157, 67043, 10878, 107046]"
117700,"[31465, 92612, 51553, 23017, 73933, 62575, 38798, 19663, 84896, 80543]"
117701,"[9933, 78911, 28290, 96891, 99292, 39652, 57900, 37321, 100029, 65459]"
117702,"[45697, 104145, 65272, 71404, 85729, 93864, 83470, 77142, 40009, 19800]"
117703,"[31119, 7157, 43721, 60086, 64335, 23799, 107313, 27486, 53824, 19481]"
117704,"[70140, 96543, 20717, 83778, 85467, 104423, 80753, 1925, 104338, 21328]"
117705,"[24920, 94879, 49672, 106974, 59884, 90586, 78438, 6586, 79908, 63341]"
117706,"[80571, 58925, 63230, 22056, 30115, 64289, 42679, 54244, 102176, 63617]"
117707,"[55432, 29819, 105001, 34015, 7439, 8773, 51572, 2869, 108926, 51379]"
117708,"[101500, 29048, 53533, 63264, 15271, 98413, 106548, 45116, 28024, 52214]"
117709,"[1833, 106282, 33403, 75636, 78684, 82106, 72263, 46866, 53166, 104187]"
117710,"[3539, 52599, 60607, 8166, 19416, 80047, 10680, 22213, 37471, 68974]"
117711,"[73779, 9371, 19257, 96122, 75740, 21042, 45620, 82612, 48039, 28791]"
117712,"[98016, 51366, 63293, 60060, 87285, 67986, 98423, 88380, 87002, 93309]"
117713,"[88305, 32064, 66525, 8411, 26552, 28662, 29389, 40327, 100027, 36443]"
117714,"[10678, 15481, 5161, 49036, 25959, 61969, 2896, 70697, 44342, 15372]"
117715,"[30713, 70887, 69512, 64358, 15907, 103293, 74405, 8701, 26819, 84047]"
117716,"[11795, 63858, 7879, 94726, 46021, 38857, 16446, 66499, 20350, 36554]"
117717,"[28229, 96936, 56456, 81777, 48097, 49164, 50752, 85999, 66025, 15554]"
117718,"[72711, 94906, 94141, 102164, 8651, 1928, 32606, 109211, 76780, 2436]"
117719,"[16447, 61464, 7668, 81305, 33695, 8898, 103466, 99396, 74945, 50544]"
117720,"[39095, 71344, 108414, 102152, 83396, 658, 18367, 26423, 59751, 1081]"
117721,"[59471, 70323, 5921, 72404, 57151, 55943, 81774, 66500, 66093, 65114]"
117722,"[71208, 2958, 60243, 102756, 99739, 18170, 52806, 28773, 20663, 15122]"
117723,"[20594, 100277, 30830, 69543, 32271, 45664, 48290, 29676, 56483, 22685]"
117724,"[5192, 13612, 11391, 391, 35448, 87307, 61608, 18808, 47335, 21508]"
117725,"[37972, 5, 16287, 31564, 84028, 81057, 102881, 48706, 59439, 84669]"
117726,"[13363, 107090, 52665, 83620, 34951, 84053, 37595, 51185, 86855, 51423]"
117727,"[68090, 20367, 10149, 54355, 74576, 98680, 105499, 24545, 32875, 84636]"
117728,"[6999, 107901, 12529, 79625, 25023, 21801, 55132, 29056, 89132, 30008]"
117729,"[20037, 25509, 109246, 89649, 27439, 104702, 96943, 107361, 16727, 91823]"
117730,"[31886, 79452, 39838, 31314, 54252, 101640, 20451, 93620, 55739, 3267]"
117731,"[38572, 78623, 85952, 89299, 11357, 97827, 109066, 101388, 99201, 61943]"
117732,"[54338, 32190, 74081, 45500, 20788, 41815, 28332, 36599, 67638, 75511]"
117733,"[99684, 71184, 29720, 25202, 2123, 31113, 84723, 103066, 71924, 91201]"
117734,"[26146, 63781, 25348, 105811, 17278, 21066, 38734, 106204, 19941, 77225]"
117735,"[98071, 31680, 93623, 45094, 26700, 68446, 6730, 81447, 89069, 21298]"
117736,"[107361, 4514, 16346, 69252, 27439, 96943, 11269, 6763, 4025, 37898]"
117737,"[102192, 108699, 108882, 16035, 69930, 13243, 19372, 81222, 98155, 2016]"
117738,"[42412, 36548, 32981, 67859, 97502, 101131, 91048, 71154, 86986, 68563]"
117739,"[41974, 82618, 55119, 101771, 97077, 52942, 98525, 108677, 96890, 91914]"
117740,"[66694, 102296, 2014, 102473, 23624, 102202, 26884, 66925, 46535, 97317]"
117741,"[23798, 14331, 38596, 29722, 106277, 60174, 72352, 56878, 37261, 103854]"
117742,"[108271, 46360, 81231, 17268, 71827, 44596, 48244, 99143, 41591, 86846]"
117743,"[10014, 13426, 96019, 29695, 8001, 69718, 95610, 11704, 105329, 23677]"
117744,"[99746, 99942, 54382, 101278, 64101, 66770, 94698, 3350, 2952, 102329]"
117745,"[86027, 17949, 52249, 23308, 24452, 6290, 8914, 44779, 25827, 2710]"
117746,"[79078, 36769, 108054, 33253, 39754, 6495, 45005, 17391, 55858, 96599]"
117747,"[143, 97200, 45997, 15768, 36337, 49672, 47848, 79692, 60790, 36864]"
117748,"[61803, 73533, 30227, 75674, 109149, 79280, 66675, 31013, 90033, 97021]"
117749,"[98739, 90856, 78055, 50919, 24454, 82848, 18418, 79423, 20327, 59480]"
117750,"[57311, 6143, 1499, 106502, 67104, 6305, 29474, 84280, 3765, 102105]"
117751,"[87697, 85644, 54571, 74939, 105693, 76909, 95403, 22732, 1461, 82432]"
117752,"[77360, 32981, 109344, 71154, 36548, 68563, 67859, 91048, 55589, 81067]"
117753,"[50987, 8882, 20398, 76432, 82529, 96703, 1451, 32072, 24752, 71485]"
117754,"[12281, 102523, 92735, 92739, 102222, 15619, 94482, 35561, 20163, 88940]"
117755,"[34610, 12376, 44424, 24874, 13237, 43230, 58149, 61538, 89858, 25854]"
117756,"[11412, 62020, 65170, 73098, 71043, 18979, 54684, 42532, 11879, 84278]"
117757,"[36648, 52365, 28327, 10337, 98185, 68756, 9156, 39127, 60857, 45254]"
117758,"[93348, 97875, 92915, 51641, 98681, 52450, 84846, 33224, 77114, 74854]"
117759,"[95798, 89274, 45643, 12149, 28436, 51004, 66178, 108800, 8513, 73524]"
117760,"[39159, 71810, 61383, 98004, 35844, 17230, 53264, 99821, 28345, 11614]"
117761,"[97558, 84226, 77720, 20302, 16175, 94400, 21239, 81692, 50861, 50818]"
117762,"[100359, 38622, 41819, 21258, 25307, 97770, 35652, 63987, 68237, 67570]"
117763,"[29645, 67399, 27443, 6380, 11207, 26452, 46440, 69470, 17756, 66924]"
117764,"[52405, 85215, 14325, 81449, 3469, 5756, 89233, 82853, 29967, 8925]"
117765,"[32760, 7419, 28032, 42342, 86453, 90464, 38913, 7102, 89682, 18053]"
117766,"[74585, 30549, 47088, 60813, 73223, 69422, 79795, 83710, 10338, 6050]"
117767,"[65244, 49877, 44043, 91338, 79221, 8952, 14764, 88334, 33662, 80581]"
117768,"[103471, 100269, 69452, 17140, 57834, 56774, 19859, 48783, 10379, 49844]"
117769,"[27242, 102652, 81109, 3847, 108197, 31302, 6518, 11194, 31790, 8534]"
117770,"[56899, 103731, 52907, 8707, 34811, 65415, 46912, 1946, 29591, 60084]"
117771,"[11472, 90269, 20734, 37676, 98548, 51127, 103147, 25347, 28982, 100296]"
117772,"[50843, 88210, 7181, 54174, 5042, 54284, 18977, 30824, 31457, 52469]"
117773,"[79043, 36521, 82462, 24870, 37913, 94333, 103540, 6296, 7442, 53193]"
117774,"[78814, 108982, 82888, 12395, 98342, 16823, 40863, 36351, 53161, 85411]"
117775,"[96413, 72166, 49816, 25052, 91267, 30686, 44851, 65042, 88087, 11317]"
117776,"[35062, 7216, 69025, 30396, 45800, 37648, 70766, 43533, 62397, 15969]"
117777,"[59481, 76698, 23296, 85043, 77062, 107369, 67973, 35077, 37912, 5364]"
117778,"[93340, 13202, 74213, 46860, 56898, 56095, 94807, 62378, 67416, 95834]"
117779,"[29814, 61912, 41276, 94524, 87131, 13164, 104262, 12473, 93614, 13963]"
117780,"[85604, 93863, 33021, 101105, 47736, 98006, 80193, 66808, 90249, 17413]"
117781,"[96772, 67639, 104009, 42014, 62100, 20206, 64665, 32284, 53535, 17760]"
117782,"[84348, 68055, 108155, 34055, 78126, 85698, 49335, 77646, 2843, 108708]"
117783,"[13374, 76365, 30952, 34257, 58281, 61442, 19881, 41144, 10632, 61580]"
117784,"[95094, 11474, 33314, 69056, 78968, 101921, 8535, 67698, 108018, 72765]"
117785,"[95389, 50962, 14631, 59945, 60745, 87978, 38565, 34374, 35034, 109302]"
117786,"[70280, 71219, 33762, 4586, 79116, 109639, 47729, 66583, 48076, 54947]"
117787,"[34620, 6235, 103678, 105074, 92490, 67068, 59920, 27065, 48749, 65317]"
117788,"[5186, 1711, 109116, 5428, 36423, 71433, 41846, 66376, 5295, 94066]"
117789,"[25920, 52982, 18357, 74462, 107309, 84016, 99293, 11969, 72733, 106618]"
117790,"[58080, 75128, 57973, 46633, 71586, 5446, 22506, 86991, 4341, 108641]"
117791,"[4772, 23934, 101599, 101347, 34762, 69998, 101109, 22334, 107972, 98494]"
117792,"[2037, 104070, 4201, 89543, 26160, 78073, 88138, 3290, 107529, 31857]"
117793,"[38363, 62746, 89241, 87370, 69411, 17107, 8355, 68723, 54320, 13541]"
117794,"[21111, 93371, 10214, 12370, 55707, 98846, 59062, 3594, 32280, 3483]"
117795,"[96399, 76117, 102592, 23149, 18933, 5259, 34496, 42962, 22755, 37236]"
117796,"[107597, 47097, 35918, 72371, 86808, 63831, 74037, 93013, 24660, 13459]"
117797,"[107599, 72230, 74565, 81974, 63757, 94599, 27589, 53965, 108150, 103255]"
117798,"[3339, 80837, 17147, 50700, 51801, 82578, 5357, 92265, 93443, 11117]"
117799,"[31455, 42971, 89437, 17963, 16594, 87730, 23581, 48175, 78065, 60988]"
117800,"[30676, 64766, 89934, 60038, 88331, 49245, 41392, 388, 54525, 106970]"
117801,"[91686, 8445, 72153, 63927, 28736, 5235, 85041, 65199, 77698, 82598]"
117802,"[20472, 46621, 9909, 15180, 16315, 90703, 101789, 34012, 74879, 51162]"
117803,"[60197, 94564, 72553, 91933, 51757, 26463, 102813, 86715, 1592, 96512]"
117804,"[28338, 23184, 61374, 27501, 42283, 33007, 47430, 97649, 53366, 48606]"
117805,"[7991, 86863, 37438, 93666, 46469, 83929, 39168, 29666, 23850, 37579]"
117806,"[29721, 12535, 47414, 6289, 57588, 59444, 45742, 90499, 82690, 41978]"
117807,"[81895, 104402, 83531, 80219, 103908, 18562, 58511, 18514, 72766, 79281]"
117808,"[41131, 105523, 80635, 89627, 753, 107535, 27910, 98995, 74937, 59295]"
117809,"[36473, 7917, 51703, 82506, 27580, 61625, 2536, 80026, 16475, 100765]"
117810,"[24751, 35209, 99719, 65423, 77484, 27695, 21141, 9476, 105237, 59157]"
117811,"[31266, 49065, 47110, 24958, 92190, 48367, 53914, 36015, 2444, 82319]"
117812,"[71100, 36363, 78045, 38646, 24186, 85624, 84523, 6008, 32045, 44440]"
117813,"[76326, 76009, 25971, 100705, 60379, 39489, 63575, 93505, 62113, 21721]"
117814,"[39687, 27808, 101162, 96789, 101778, 26957, 63925, 50981, 70534, 97900]"
117815,"[12766, 101768, 59648, 87480, 23859, 12251, 3871, 94092, 59250, 88284]"
117816,"[106505, 65490, 57333, 26955, 75484, 15807, 73751, 35699, 80818, 34417]"
117817,"[51375, 81795, 55992, 78597, 11667, 47157, 5797, 49812, 14834, 4723]"
117818,"[27810, 43831, 1660, 86731, 67689, 103034, 75292, 79081, 46576, 103910]"
117819,"[15210, 1647, 72383, 73115, 10416, 51282, 6977, 82394, 35632, 63766]"
117820,"[45183, 8031, 77820, 57701, 68917, 18297, 10060, 101445, 81155, 29364]"
117821,"[23892, 102978, 42103, 78578, 52024, 49426, 106345, 78944, 2539, 38274]"
117822,"[48410, 48426, 2864, 62418, 10733, 101528, 91565, 5111, 103271, 103901]"
117823,"[65852, 42255, 92943, 27549, 63148, 49543, 91808, 50306, 42570, 85091]"
117824,"[31754, 101544, 68433, 23453, 100849, 41166, 58231, 25375, 85051, 74139]"
117825,"[43548, 77203, 42258, 25526, 84418, 74874, 8900, 32028, 60289, 36464]"
117826,"[25725, 25118, 41734, 21278, 38694, 89977, 93132, 61205, 42881, 81519]"
117827,"[40599, 48914, 108151, 85883, 9234, 56108, 171, 86334, 45614, 1303]"
117828,"[37792, 44367, 19293, 71362, 3896, 12711, 42263, 49821, 105630, 76341]"
117829,"[15510, 72206, 22793, 88919, 72376, 45834, 81952, 101115, 45718, 1152]"
117830,"[63070, 13621, 105510, 80509, 107260, 22713, 36805, 28883, 58906, 41706]"
117831,"[42609, 95369, 53177, 12903, 455, 6210, 63853, 4726, 22845, 6133]"
117832,"[53246, 66714, 58303, 1669, 59952, 12368, 13958, 62832, 91151, 53510]"
117833,"[26384, 39145, 105626, 33135, 54911, 106629, 100823, 8219, 49523, 94342]"
117834,"[2929, 15094, 431, 20842, 94419, 107939, 60424, 14399, 13124, 31290]"
117835,"[1093, 4418, 25105, 95945, 96499, 105721, 77946, 82380, 54817, 26244]"
117836,"[13310, 8820, 21840, 19498, 67164, 28473, 16049, 34956, 92540, 4551]"
117837,"[91194, 106200, 103713, 60734, 105176, 90731, 61338, 82745, 43230, 39040]"
117838,"[15146, 7710, 62188, 22591, 74232, 41510, 5106, 17038, 56398, 43279]"
117839,"[5181, 80826, 60016, 65305, 76886, 14093, 14878, 1112, 64154, 14858]"
117840,"[97789, 70895, 95895, 19996, 69678, 66219, 42628, 22850, 51648, 32987]"
117841,"[5440, 10838, 51620, 13519, 54937, 93432, 77041, 13054, 67287, 7390]"
117842,"[21465, 8020, 96752, 14220, 24777, 77514, 99879, 51835, 38779, 37971]"
117843,"[94184, 67446, 88057, 42006, 20591, 32891, 24581, 15044, 51230, 35056]"
117844,"[7103, 31788, 93022, 82088, 26512, 69831, 70040, 12241, 42159, 90793]"
117845,"[47133, 15895, 103598, 60690, 106680, 105756, 109237, 77485, 22078, 73371]"
117846,"[54005, 54259, 92863, 50690, 103311, 89620, 95614, 60977, 84639, 21999]"
117847,"[9163, 28363, 47771, 87523, 79093, 33850, 70640, 107577, 100286, 104985]"
117848,"[67305, 6027, 69465, 100565, 25758, 57890, 16880, 97430, 11939, 83526]"
117849,"[65393, 106592, 46466, 90362, 46318, 38126, 95343, 41503, 34932, 88268]"
117850,"[81899, 86505, 31342, 39726, 53217, 88831, 78024, 82908, 21967, 97165]"
117851,"[13714, 56499, 37086, 87710, 6000, 76161, 8752, 25179, 78795, 66643]"
117852,"[46280, 41545, 66450, 101025, 12727, 103404, 45662, 37617, 21632, 60742]"
117853,"[77142, 77326, 53322, 60261, 11279, 64585, 36555, 44488, 84219, 12938]"
117854,"[107466, 60865, 16853, 106803, 97955, 35711, 15165, 22983, 53188, 95638]"
117855,"[7442, 70760, 94333, 100188, 87054, 109426, 91091, 20211, 29059, 34532]"
117856,"[23735, 23137, 32206, 36323, 33191, 102213, 55584, 55021, 77349, 31595]"
117857,"[105578, 10132, 80816, 109453, 18245, 102185, 46042, 20704, 82581, 62298]"
117858,"[97211, 49064, 39663, 84379, 61053, 105278, 29860, 26807, 62230, 48983]"
117859,"[54082, 63342, 84258, 3495, 70863, 49999, 71419, 5571, 109677, 363]"
117860,"[3066, 17171, 18531, 55980, 669, 82569, 55544, 57523, 14772, 11150]"
117861,"[97354, 48985, 106584, 44105, 93446, 42817, 73882, 4863, 48733, 79322]"
117862,"[75814, 74155, 98054, 25712, 17812, 106504, 87616, 24332, 97925, 51854]"
117863,"[34783, 64950, 70166, 64663, 38455, 5083, 62732, 41015, 68651, 3164]"
117864,"[84270, 10770, 48216, 104444, 61765, 34936, 22721, 2582, 69914, 5416]"
117865,"[71430, 86746, 50148, 65157, 8560, 39950, 97403, 33115, 89556, 39153]"
117866,"[95065, 52812, 95684, 10953, 82771, 46858, 40332, 57557, 57030, 3009]"
117867,"[67015, 108279, 76988, 84491, 48265, 58417, 79350, 87782, 14055, 29144]"
117868,"[13624, 33635, 28575, 14787, 46464, 65636, 4592, 17118, 94366, 84883]"
117869,"[12304, 83716, 70138, 10248, 23377, 29846, 41024, 63254, 54874, 9260]"
117870,"[35978, 188, 45098, 22129, 64258, 80392, 68365, 7458, 9545, 20333]"
117871,"[24540, 1014, 35550, 70695, 39917, 96895, 77185, 433, 35130, 29808]"
117872,"[42010, 98602, 88279, 95918, 108805, 57516, 103638, 55171, 99741, 74895]"
117873,"[47821, 84057, 11480, 17555, 47369, 84093, 59646, 86946, 50771, 31561]"
117874,"[42872, 74930, 48110, 101701, 96344, 87930, 64910, 35618, 93430, 40880]"
117875,"[90681, 31517, 106426, 7053, 26549, 83116, 64650, 38745, 86097, 89817]"
117876,"[70364, 97603, 21282, 70763, 100792, 103624, 18347, 40093, 36031, 44019]"
117877,"[46178, 22362, 80777, 67947, 30092, 102184, 96488, 29524, 59115, 97906]"
117878,"[84536, 9199, 45027, 5927, 64656, 79053, 34675, 36328, 22584, 77328]"
117879,"[49211, 21293, 98173, 25074, 56526, 39094, 644, 75930, 31258, 5151]"
117880,"[102464, 101487, 20058, 74416, 85666, 34371, 34799, 92023, 101636, 69468]"
117881,"[68495, 19734, 63207, 89050, 94167, 94245, 39416, 38644, 24967, 55287]"
117882,"[66002, 60206, 92230, 6691, 36698, 108209, 46173, 96625, 10572, 25931]"
117883,"[21885, 25921, 95752, 62193, 46298, 93743, 103988, 15733, 47676, 53013]"
117884,"[3223, 5460, 24137, 108401, 72552, 109638, 30406, 42515, 51764, 22788]"
117885,"[97722, 9485, 63220, 58971, 65277, 109771, 40058, 99759, 44163, 61106]"
117886,"[38182, 82612, 28791, 75740, 19257, 11930, 28318, 99034, 15921, 78924]"
117887,"[102287, 69965, 106811, 3318, 34054, 53370, 42104, 58491, 108563, 83993]"
117888,"[23695, 106126, 96662, 16582, 90583, 40305, 97569, 77882, 78754, 21135]"
117889,"[16288, 32860, 78641, 13282, 18461, 63464, 54113, 191, 67209, 83920]"
117890,"[7023, 87436, 17597, 6660, 50875, 22416, 22600, 46007, 79929, 54200]"
117891,"[98246, 12760, 85884, 59453, 108460, 29809, 13718, 25853, 23903, 73198]"
117892,"[109561, 17585, 45796, 8548, 51108, 73254, 9109, 11491, 68636, 43586]"
117893,"[78416, 79857, 86488, 73399, 75307, 20194, 39084, 39467, 62892, 103193]"
117894,"[75283, 62155, 29157, 85032, 24087, 74238, 73643, 80133, 32615, 72284]"
117895,"[98500, 87535, 49034, 77259, 103513, 40776, 5534, 45591, 80538, 109651]"
117896,"[28825, 19139, 59510, 109202, 33811, 75632, 39267, 47570, 4853, 50000]"
117897,"[103913, 66732, 78239, 42358, 64383, 87980, 77961, 66996, 55699, 17885]"
117898,"[88236, 103463, 91979, 62765, 57731, 31633, 66351, 19381, 52784, 7149]"
117899,"[26621, 99946, 15018, 46630, 14329, 27381, 6480, 40326, 25349, 85277]"
117900,"[11572, 87786, 90898, 4744, 27340, 23862, 45102, 45198, 83215, 60591]"
117901,"[102100, 85929, 46199, 90376, 84419, 43344, 99375, 11139, 25429, 87497]"
117902,"[42031, 20763, 6987, 96644, 108130, 14524, 57752, 93689, 66382, 45193]"
117903,"[19525, 102091, 55472, 33129, 75348, 22928, 78762, 54736, 107116, 7784]"
117904,"[93954, 90577, 56226, 88969, 34391, 17260, 41056, 72223, 55095, 672]"
117905,"[24335, 77231, 99171, 56362, 101373, 108697, 88169, 16783, 88422, 99888]"
117906,"[107791, 68169, 74906, 43043, 78386, 96165, 33443, 103777, 37126, 77590]"
117907,"[17093, 18410, 97369, 17141, 77463, 15822, 19051, 43995, 108736, 13792]"
117908,"[65648, 22840, 41954, 15299, 89604, 24390, 83183, 82983, 39942, 18535]"
117909,"[32599, 100395, 12394, 16825, 67811, 44358, 79444, 9724, 58494, 1190]"
117910,"[40016, 14543, 46512, 66935, 20504, 28597, 83074, 40432, 81748, 71745]"
117911,"[50935, 70548, 25743, 42823, 4058, 87783, 109020, 1920, 73813, 82345]"
117912,"[95847, 85756, 56416, 14200, 71453, 7677, 68751, 17095, 85761, 45686]"
117913,"[55441, 28463, 31375, 71198, 76493, 104933, 58878, 82116, 51396, 95950]"
117914,"[9862, 43634, 97700, 33876, 34914, 2101, 37665, 53795, 103008, 71277]"
117915,"[3497, 51752, 9127, 98788, 98982, 71798, 53362, 74973, 83005, 76483]"
117916,"[13531, 105213, 97352, 106624, 39433, 88053, 34616, 1447, 13060, 98167]"
117917,"[19169, 85366, 7076, 48844, 23055, 14304, 25946, 26209, 46075, 88750]"
117918,"[49704, 33425, 5742, 15554, 55316, 100339, 19923, 35812, 2274, 63630]"
117919,"[47385, 52189, 37008, 52969, 4967, 68157, 64992, 28574, 108356, 19312]"
117920,"[53696, 84403, 88458, 108134, 89770, 60472, 100793, 52838, 18172, 95405]"
117921,"[18225, 91504, 80718, 52466, 82841, 80376, 96362, 67769, 28877, 7948]"
117922,"[83584, 19722, 100561, 106179, 84274, 99005, 14784, 66224, 78206, 56599]"
117923,"[50921, 48292, 94235, 1041, 16208, 67183, 70789, 45173, 102856, 63370]"
117924,"[38483, 88229, 78425, 24477, 44589, 39642, 76436, 51674, 74537, 89264]"
117925,"[1950, 93862, 26473, 27851, 60664, 80281, 5444, 11705, 36776, 25596]"
117926,"[390, 54789, 42771, 105350, 45541, 30911, 65071, 39439, 17959, 32065]"
117927,"[86978, 78599, 56110, 932, 85343, 16269, 45276, 23293, 26397, 79501]"
117928,"[65444, 13959, 106434, 53088, 61817, 54546, 501, 43654, 856, 82363]"
117929,"[84827, 83532, 59349, 52062, 51357, 88606, 37046, 20579, 6954, 178]"
117930,"[30710, 3269, 106794, 64442, 13615, 60455, 98612, 28985, 94348, 66383]"
117931,"[60497, 11288, 101094, 2615, 9580, 17899, 40397, 86593, 12844, 8885]"
117932,"[52883, 90052, 1904, 10703, 39257, 11468, 64470, 16774, 21820, 47716]"
117933,"[44242, 62809, 34218, 82657, 100884, 21759, 96762, 52203, 55324, 80543]"
117934,"[5327, 28804, 88629, 6806, 73826, 108028, 39187, 82895, 94999, 46931]"
117935,"[59943, 96445, 42521, 20559, 89826, 54151, 96694, 35626, 24018, 45774]"
117936,"[28154, 43064, 6985, 9239, 82341, 18025, 34047, 74249, 8254, 57525]"
117937,"[44652, 30401, 18669, 103958, 99858, 42253, 49190, 17053, 49512, 100794]"
117938,"[80383, 106228, 33032, 9052, 8764, 89408, 23548, 52752, 101946, 20972]"
117939,"[42782, 36300, 28049, 87109, 107830, 21039, 32268, 96541, 70310, 56885]"
117940,"[88078, 44544, 64968, 81511, 101325, 96220, 69953, 102053, 104634, 105399]"
117941,"[101513, 11779, 93422, 61178, 82525, 1659, 55828, 96049, 26091, 104350]"
117942,"[61274, 29696, 83785, 93226, 63109, 24743, 16084, 33354, 11543, 14172]"
117943,"[70721, 69810, 71596, 7938, 27182, 96559, 68188, 19501, 29012, 76827]"
117944,"[92430, 102451, 26882, 85438, 63760, 69863, 55030, 7452, 64500, 56953]"
117945,"[6380, 29645, 67399, 66852, 77366, 46440, 11207, 26452, 67444, 90092]"
117946,"[69272, 28932, 36754, 876, 5033, 104566, 46458, 41536, 48183, 109701]"
117947,"[9604, 87838, 50638, 104515, 72875, 58251, 44054, 60693, 8667, 67662]"
117948,"[5976, 3017, 63170, 26380, 29257, 84088, 84695, 51879, 33975, 58914]"
117949,"[55590, 102196, 103930, 40601, 108070, 5099, 442, 75294, 95212, 56940]"
117950,"[96985, 101004, 40329, 21356, 84490, 77980, 38406, 45213, 83265, 34388]"
117951,"[64358, 74405, 103293, 26819, 30713, 13974, 70887, 84047, 72343, 92126]"
117952,"[22644, 15607, 31213, 85841, 48967, 28555, 40887, 108486, 13640, 12060]"
117953,"[68580, 62387, 86367, 36086, 84080, 74600, 79941, 92037, 59473, 55724]"
117954,"[98558, 19022, 60571, 104151, 14660, 36378, 55892, 66145, 43366, 33449]"
117955,"[68164, 9950, 64710, 29263, 2792, 21055, 108176, 67844, 15633, 88896]"
117956,"[162, 54410, 55364, 74201, 68775, 64091, 65730, 18541, 77169, 20765]"
117957,"[100197, 55013, 87893, 92671, 41711, 80280, 26460, 18901, 107515, 40091]"
117958,"[29109, 68190, 99983, 102029, 69736, 108543, 43799, 93334, 9819, 44721]"
117959,"[61593, 52500, 104854, 22280, 12268, 105565, 64354, 34158, 15304, 101368]"
117960,"[75752, 47422, 53778, 57904, 99135, 84404, 12606, 37785, 27662, 42997]"
117961,"[40503, 4202, 24306, 66977, 33196, 88930, 79008, 74459, 41775, 107328]"
117962,"[53754, 40617, 53571, 46914, 60966, 32828, 92041, 106155, 32881, 70815]"
117963,"[76451, 50643, 86403, 59172, 108516, 6249, 20, 79097, 18527, 54354]"
117964,"[7073, 51105, 87960, 67828, 4031, 56142, 66391, 22412, 31854, 44177]"
117965,"[93913, 7020, 78659, 97503, 108589, 22215, 39747, 88388, 88212, 18741]"
117966,"[1375, 14743, 72181, 57710, 39482, 1446, 74042, 90147, 46486, 45561]"
117967,"[22523, 25196, 14058, 103020, 91026, 2350, 29410, 43322, 32357, 27717]"
117968,"[62424, 24778, 65296, 37561, 97765, 16839, 9283, 63466, 34869, 67795]"
117969,"[85828, 49277, 61805, 99236, 104903, 20705, 104413, 74109, 21798, 9595]"
117970,"[42136, 50750, 107398, 100085, 47081, 30943, 105613, 52962, 20698, 88728]"
117971,"[93118, 1011, 75201, 34405, 69416, 93, 55705, 28897, 70855, 88942]"
117972,"[44344, 52697, 99550, 38307, 1801, 77207, 10768, 52659, 68592, 9907]"
117973,"[82324, 21320, 17607, 14452, 106601, 37925, 77152, 97039, 70636, 101284]"
117974,"[48840, 4346, 16970, 39205, 32258, 42271, 99129, 19908, 106170, 55495]"
117975,"[96459, 25766, 19380, 82238, 17175, 8837, 60852, 83565, 17692, 6611]"
117976,"[3514, 6188, 14704, 94620, 75133, 26207, 8192, 105011, 108116, 83987]"
117977,"[90046, 61678, 72162, 69642, 63860, 2615, 21843, 21594, 46604, 48640]"
117978,"[50202, 2265, 50131, 74944, 103949, 76513, 84352, 60338, 80943, 92812]"
117979,"[25457, 59606, 61121, 22019, 39859, 63460, 106728, 5067, 30754, 30475]"
117980,"[92849, 78061, 103935, 60292, 79296, 25583, 62043, 74786, 55771, 1644]"
117981,"[1892, 91446, 9491, 57167, 88734, 30338, 50568, 69510, 54315, 50246]"
117982,"[62318, 88158, 79914, 46694, 8734, 41079, 27144, 106160, 14834, 58509]"
117983,"[105591, 35759, 103488, 20829, 63868, 28194, 3276, 30865, 31451, 25508]"
117984,"[85432, 39344, 21878, 2300, 75859, 102093, 82239, 24903, 34166, 55602]"
117985,"[101754, 10843, 21993, 4347, 5296, 2704, 41486, 87905, 73556, 103916]"
117986,"[41953, 88901, 80382, 5619, 41998, 36439, 64343, 44236, 32777, 34511]"
117987,"[6065, 10498, 817, 78103, 97606, 60403, 22612, 72931, 60652, 32075]"
117988,"[45206, 62649, 81132, 84589, 51496, 66168, 26022, 77643, 89999, 82719]"
117989,"[65904, 95003, 60905, 49957, 38630, 35059, 85525, 26929, 4756, 69852]"
117990,"[49909, 28391, 52931, 93171, 100444, 82376, 2442, 27841, 74483, 4687]"
117991,"[87550, 56028, 46744, 30861, 80025, 27467, 60628, 3233, 22257, 83813]"
117992,"[16937, 35669, 76310, 71497, 102391, 12277, 83102, 24362, 60701, 67361]"
117993,"[42919, 103903, 57321, 75395, 1547, 23188, 58807, 43037, 12680, 43082]"
117994,"[97500, 105099, 85918, 97372, 11044, 1297, 29141, 18476, 12088, 30052]"
117995,"[99784, 51058, 76673, 20439, 38409, 39701, 98807, 47876, 95549, 105289]"
117996,"[60228, 30172, 66727, 44172, 45067, 8507, 72972, 82882, 36207, 48768]"
117997,"[4855, 63169, 11108, 102182, 13446, 7828, 70035, 66040, 38979, 14298]"
117998,"[33714, 19335, 37299, 14907, 40168, 79014, 55673, 59149, 20785, 60555]"
117999,"[34614, 17690, 40262, 13507, 10780, 28056, 108453, 38824, 35939, 30602]"
118000,"[87023, 58937, 56725, 17240, 5335, 58538, 71247, 849, 66227, 50853]"
118001,"[50706, 6572, 79948, 70733, 23213, 10420, 49849, 100895, 47361, 11491]"
118002,"[39139, 25500, 3468, 62263, 76945, 41282, 49378, 52118, 108166, 99412]"
118003,"[6574, 49339, 14291, 27520, 95306, 74443, 78681, 73864, 25448, 45123]"
118004,"[23748, 43277, 18914, 43687, 55418, 89383, 18103, 62074, 40024, 26313]"
118005,"[16771, 8997, 5306, 92609, 24730, 35485, 104178, 32562, 80041, 16801]"
118006,"[95423, 43979, 25810, 48603, 46522, 34197, 6812, 87842, 40336, 64047]"
118007,"[25776, 98464, 23795, 6407, 98094, 99787, 6869, 100502, 69417, 36454]"
118008,"[33941, 90629, 44504, 98674, 18276, 71352, 15502, 32733, 63431, 104850]"
118009,"[42363, 10577, 95120, 31093, 85161, 78912, 53324, 32192, 35486, 6912]"
118010,"[71890, 79132, 75904, 58759, 14208, 51968, 87215, 58326, 65025, 28696]"
118011,"[106730, 99848, 103274, 50179, 40834, 36295, 13481, 22737, 2699, 57122]"
118012,"[17891, 4389, 68317, 7738, 24239, 108390, 87634, 85695, 99435, 94110]"
118013,"[42664, 75813, 83279, 44041, 14070, 101970, 3042, 47121, 84867, 60385]"
118014,"[92134, 20582, 34077, 13283, 70515, 6067, 39666, 26179, 98248, 31071]"
118015,"[35381, 105120, 27984, 46559, 30193, 100074, 35549, 20502, 92467, 31694]"
118016,"[39887, 82530, 53912, 46226, 41908, 42670, 7672, 58437, 38247, 82325]"
118017,"[17935, 57181, 46652, 53317, 50333, 39712, 34393, 35762, 66578, 40244]"
118018,"[18114, 62408, 78641, 40147, 29902, 77343, 1440, 31400, 45498, 2554]"
118019,"[14105, 95348, 98021, 59687, 51073, 6175, 54318, 15531, 44231, 24233]"
118020,"[77444, 17344, 104847, 77134, 4677, 40506, 30125, 91272, 59509, 4884]"
118021,"[63490, 69342, 81715, 31936, 26274, 92868, 100759, 73454, 43778, 68455]"
118022,"[105955, 50916, 38270, 53641, 11178, 51062, 55489, 64415, 83766, 96868]"
118023,"[49882, 102396, 13691, 51549, 49566, 90396, 44321, 108252, 77076, 84464]"
118024,"[53936, 92354, 79065, 26850, 32790, 27832, 11899, 67853, 21845, 85567]"
118025,"[1567, 58781, 81409, 85896, 103375, 109158, 67478, 101231, 108654, 91607]"
118026,"[89017, 95641, 68154, 104314, 91983, 68855, 40550, 92154, 11315, 35215]"
118027,"[78551, 4947, 75213, 17668, 65688, 17454, 90224, 9018, 80343, 75141]"
118028,"[2209, 2198, 55108, 45841, 8189, 21895, 72406, 103076, 6648, 106043]"
118029,"[108522, 60102, 94940, 78596, 72565, 60049, 72420, 13226, 40642, 92146]"
118030,"[51756, 18111, 15116, 91329, 3063, 92729, 49601, 81517, 93487, 98112]"
118031,"[90422, 4637, 46454, 64624, 79755, 60695, 71881, 5663, 100050, 97030]"
118032,"[2018, 103590, 72395, 55596, 79946, 22808, 74481, 18890, 36767, 6383]"
118033,"[86846, 70652, 1443, 34224, 26959, 46360, 17268, 41591, 71827, 108271]"
118034,"[54680, 14790, 67485, 19199, 16514, 79353, 10822, 23786, 64675, 64619]"
118035,"[74530, 40680, 1483, 81510, 6115, 7934, 64277, 35437, 85036, 15288]"
118036,"[5964, 77842, 108246, 87734, 62995, 17214, 19511, 45656, 32089, 22395]"
118037,"[104100, 26159, 79537, 75708, 22908, 1291, 67843, 65179, 36308, 80448]"
118038,"[32166, 30581, 57380, 85592, 28621, 107208, 36306, 13305, 54649, 95624]"
118039,"[39836, 35075, 50982, 80378, 99396, 33695, 89403, 103466, 28416, 107963]"
118040,"[96656, 91264, 15285, 8552, 72511, 72780, 28197, 88754, 40958, 59342]"
118041,"[40696, 51722, 55151, 10757, 6271, 109, 73002, 102333, 71590, 17740]"
118042,"[78630, 80811, 37031, 71048, 95220, 39507, 55820, 64022, 23430, 73044]"
118043,"[20833, 49330, 43951, 11774, 61170, 16347, 32309, 35378, 13086, 89498]"
118044,"[95932, 7270, 21105, 49250, 57405, 15854, 18001, 83256, 58836, 42441]"
118045,"[100115, 52717, 21833, 105958, 15079, 70734, 66254, 17688, 76528, 104558]"
118046,"[47690, 109204, 53465, 80398, 4364, 28920, 54464, 17650, 97594, 63229]"
118047,"[66496, 97532, 59233, 61172, 26552, 70382, 27349, 82175, 100027, 43000]"
118048,"[107645, 15534, 8090, 90058, 86446, 91783, 43084, 105417, 15669, 63317]"
118049,"[22786, 92073, 7248, 33334, 61726, 84154, 59715, 39691, 19518, 102834]"
118050,"[32910, 101457, 55616, 21671, 99712, 19983, 76902, 22654, 100587, 105588]"
118051,"[64886, 7623, 15751, 3969, 88296, 94017, 86948, 76066, 55138, 5436]"
118052,"[62445, 80177, 41774, 85556, 53811, 37339, 41460, 7720, 43854, 61680]"
118053,"[28154, 43064, 6985, 9239, 82341, 18025, 34047, 74249, 73562, 9119]"
118054,"[12980, 40227, 38744, 97378, 68504, 79738, 15664, 72330, 55708, 58444]"
118055,"[75580, 85105, 96270, 96854, 98462, 11475, 14985, 103177, 73695, 1455]"
118056,"[66972, 71948, 51008, 106727, 15289, 9140, 104643, 10963, 30904, 49545]"
118057,"[27156, 7721, 71594, 109312, 64546, 95856, 5047, 38035, 380, 55233]"
118058,"[52128, 97744, 4137, 106613, 26732, 74604, 57294, 8856, 94121, 77316]"
118059,"[100729, 75919, 79070, 84522, 9746, 96330, 100067, 97714, 13641, 103150]"
118060,"[89492, 16055, 24962, 66239, 102221, 33207, 56128, 83706, 68404, 1044]"
118061,"[92108, 55613, 108363, 1622, 67366, 53181, 106302, 91689, 66845, 79858]"
118062,"[64997, 97831, 104831, 30329, 29067, 95472, 40170, 54918, 28446, 33959]"
118063,"[95155, 19755, 61114, 86237, 22975, 22196, 60131, 13188, 37635, 48736]"
118064,"[12084, 21266, 54633, 29342, 22191, 48464, 69647, 81389, 8565, 88908]"
118065,"[101278, 99942, 9286, 24504, 99746, 19346, 55935, 32530, 24171, 25625]"
118066,"[35753, 79088, 73925, 98851, 7246, 44353, 93732, 41346, 100351, 35408]"
118067,"[63480, 74018, 33812, 88597, 62164, 78820, 55672, 1939, 62180, 41339]"
118068,"[106971, 39657, 45166, 66376, 19795, 25078, 109116, 44315, 109094, 50511]"
118069,"[55621, 49448, 106612, 82697, 38692, 67359, 76492, 5882, 6197, 101552]"
118070,"[58121, 33658, 13921, 7477, 9892, 101859, 11287, 31447, 43592, 71190]"
118071,"[3627, 27966, 6538, 78355, 104939, 47456, 95478, 86039, 23367, 27040]"
118072,"[80483, 24150, 7278, 48458, 9861, 11534, 34483, 76390, 48462, 79510]"
118073,"[67586, 3275, 1197, 24515, 18754, 18718, 76060, 98059, 103764, 29365]"
118074,"[11669, 46446, 29599, 58392, 39619, 37833, 8423, 54740, 97721, 104036]"
118075,"[85857, 92443, 108827, 60823, 13707, 29418, 73517, 107237, 56489, 102667]"
118076,"[51801, 50700, 3339, 61195, 80837, 92265, 82575, 17147, 94205, 109196]"
118077,"[16893, 14250, 9386, 82797, 65621, 80199, 13742, 82265, 72021, 21298]"
118078,"[72835, 88101, 73674, 17657, 90731, 28946, 99863, 42474, 37380, 34610]"
118079,"[32900, 90677, 65426, 18139, 11952, 37721, 57183, 27538, 97129, 51405]"
118080,"[88643, 54485, 57222, 88804, 71508, 37731, 89744, 103674, 36941, 73794]"
118081,"[73940, 5379, 40170, 41499, 30022, 69450, 106747, 58581, 87910, 107848]"
118082,"[26940, 20038, 24081, 77854, 46880, 51758, 80045, 14648, 106348, 62988]"
118083,"[60613, 89207, 59291, 60, 37691, 66995, 31867, 73866, 24420, 35122]"
118084,"[34835, 102786, 107075, 4837, 67448, 6643, 109323, 83926, 6111, 61481]"
118085,"[38958, 64378, 107299, 27058, 98839, 103457, 81206, 13205, 27903, 93709]"
118086,"[54500, 28502, 40623, 61053, 16836, 71144, 96634, 12514, 36052, 30821]"
118087,"[31532, 80945, 21444, 100256, 89137, 24327, 26728, 69293, 40909, 49826]"
118088,"[62777, 63402, 30000, 109194, 105032, 78730, 29706, 38108, 61235, 98498]"
118089,"[98950, 29416, 4856, 102689, 97361, 100372, 91313, 26856, 44687, 84576]"
118090,"[48689, 74752, 40779, 68170, 28472, 98142, 59199, 106757, 79627, 51042]"
118091,"[14462, 35589, 42303, 76320, 63938, 103865, 83436, 31645, 89242, 80636]"
118092,"[62172, 47421, 69653, 58587, 86791, 3962, 102533, 85990, 17111, 18322]"
118093,"[10640, 107694, 50414, 5720, 102249, 73105, 72936, 33505, 74084, 107259]"
118094,"[99673, 56520, 108046, 8031, 8831, 29719, 6728, 7288, 43904, 67217]"
118095,"[19720, 1712, 27631, 83782, 19715, 16276, 9693, 21449, 52220, 50749]"
118096,"[2549, 91479, 39783, 32097, 67212, 65995, 44934, 25815, 11670, 7724]"
118097,"[34476, 94558, 106232, 13564, 89530, 64055, 99523, 60467, 65512, 24026]"
118098,"[72612, 19492, 17807, 17840, 82343, 44112, 19692, 34591, 5905, 53941]"
118099,"[97262, 74617, 61189, 50224, 31707, 69823, 49173, 6303, 105871, 35182]"
118100,"[32393, 24355, 65286, 76926, 40866, 24656, 3299, 34209, 5679, 63210]"
118101,"[35052, 61394, 41178, 21808, 102270, 11816, 76822, 90999, 53372, 6422]"
118102,"[40444, 54110, 81886, 36583, 1506, 25431, 70975, 99710, 55496, 63258]"
118103,"[16817, 35683, 19407, 78695, 59801, 49984, 34254, 8236, 6591, 53070]"
118104,"[16940, 54347, 75744, 5724, 63108, 25369, 75961, 107217, 85061, 108763]"
118105,"[45539, 104249, 106941, 4671, 60916, 33499, 36221, 35211, 52527, 95086]"
118106,"[94487, 39197, 80954, 16720, 49896, 14831, 15655, 3201, 53008, 61695]"
118107,"[45303, 38219, 6021, 108456, 86443, 101409, 40066, 56670, 17304, 72056]"
118108,"[52972, 108101, 55218, 64879, 25568, 64030, 34969, 48891, 7069, 35802]"
118109,"[85182, 53477, 3722, 7326, 77771, 54331, 55364, 74201, 53761, 75340]"
118110,"[51804, 2594, 99390, 31800, 105419, 105579, 21703, 2693, 72154, 108086]"
118111,"[83760, 3604, 53414, 99241, 65679, 41238, 51856, 43471, 3511, 90347]"
118112,"[3462, 109019, 103104, 1147, 65955, 23356, 104251, 4492, 98498, 40252]"
118113,"[27191, 5945, 6336, 15888, 36918, 102457, 96739, 23467, 1902, 22942]"
118114,"[74162, 48192, 42528, 63184, 96967, 42118, 35556, 32494, 50682, 33168]"
118115,"[6968, 92647, 56022, 25994, 62968, 53712, 37334, 61859, 88172, 30243]"
118116,"[42986, 13042, 53269, 16916, 5229, 84156, 55279, 45377, 75188, 32151]"
118117,"[94099, 35207, 10598, 55594, 18561, 63622, 85244, 58189, 69484, 88240]"
118118,"[25223, 26566, 26763, 10649, 64814, 83884, 29279, 102999, 12749, 41788]"
118119,"[98180, 97776, 47580, 89805, 93179, 9963, 17388, 7490, 103451, 64797]"
118120,"[61459, 44103, 12039, 10235, 108866, 24529, 60024, 86482, 79499, 15581]"
118121,"[11467, 66524, 28695, 87856, 19159, 91122, 35244, 60245, 24882, 55222]"
118122,"[96575, 74225, 99857, 101529, 80231, 37112, 28319, 92107, 2025, 8126]"
118123,"[20803, 22797, 54989, 44683, 97731, 71148, 25082, 14491, 24987, 98655]"
118124,"[104474, 100448, 44895, 10644, 39590, 62071, 50099, 7361, 104803, 47575]"
118125,"[42245, 96613, 105605, 68152, 76330, 45389, 104399, 25735, 63599, 50484]"
118126,"[25067, 72773, 71389, 37471, 68974, 20838, 68853, 16607, 2939, 104627]"
118127,"[65638, 37315, 16558, 37526, 7235, 105914, 7123, 58466, 76078, 87492]"
118128,"[67219, 96245, 80805, 38412, 94499, 85927, 62894, 17241, 70709, 68847]"
118129,"[74563, 49615, 104837, 84610, 70623, 16240, 60326, 57755, 88196, 50667]"
118130,"[54243, 55012, 83091, 43562, 20690, 95298, 105017, 66577, 91153, 48376]"
118131,"[27889, 85815, 90576, 63179, 71923, 32341, 107808, 8066, 4296, 64735]"
118132,"[56719, 6771, 2489, 1568, 50402, 247, 16310, 29730, 83530, 90843]"
118133,"[73852, 107333, 60067, 43603, 85779, 22875, 69391, 36233, 3596, 82714]"
118134,"[68680, 44482, 88107, 58922, 73093, 34698, 74544, 73163, 17763, 20198]"
118135,"[10777, 39624, 57836, 26082, 26711, 47092, 32633, 78780, 41600, 28160]"
118136,"[48497, 108925, 69961, 3305, 25842, 38232, 101294, 19148, 105964, 83389]"
118137,"[21184, 67340, 11005, 107656, 99009, 28148, 16053, 86549, 72689, 101137]"
118138,"[78457, 96630, 63465, 2712, 10938, 99372, 251, 84872, 8414, 72155]"
118139,"[11689, 43432, 25870, 63005, 50739, 2666, 31858, 85772, 70183, 27173]"
118140,"[80293, 84437, 46111, 82285, 90193, 15813, 8505, 73781, 38388, 104656]"
118141,"[77416, 32488, 42294, 78845, 103482, 55507, 34131, 89949, 42779, 79532]"
118142,"[60890, 73331, 60012, 43172, 3633, 75294, 83935, 9446, 96077, 72504]"
118143,"[47168, 55091, 41457, 23141, 84588, 109447, 46136, 33493, 66715, 73691]"
118144,"[99864, 3343, 68908, 28095, 68745, 104037, 98045, 83312, 66260, 45854]"
118145,"[13388, 54834, 7017, 72956, 3493, 87843, 33304, 51290, 67637, 14844]"
118146,"[93146, 46501, 31907, 59742, 807, 83793, 26985, 11428, 81364, 15070]"
118147,"[63279, 20365, 11386, 54078, 20101, 41037, 562, 29724, 109036, 3754]"
118148,"[19368, 86046, 36145, 58909, 109650, 76185, 85465, 6131, 8286, 47208]"
118149,"[104290, 35928, 17328, 33096, 100986, 85888, 102678, 15008, 30157, 45506]"
118150,"[21551, 57494, 80259, 87308, 67519, 54786, 98719, 77923, 41990, 94535]"
118151,"[74012, 5280, 103725, 28134, 49381, 32678, 26639, 12504, 94932, 10093]"
118152,"[77640, 54503, 9013, 11038, 39298, 69851, 5039, 27235, 6509, 22827]"
118153,"[6996, 93489, 29248, 20299, 45904, 83157, 91671, 405, 22706, 97056]"
118154,"[24479, 88201, 22751, 88151, 68800, 83827, 31182, 98245, 6613, 74095]"
118155,"[13941, 99476, 90640, 74620, 71207, 48064, 21271, 78569, 71803, 53736]"
118156,"[108085, 67529, 50767, 55195, 52532, 81809, 39275, 99996, 103626, 42720]"
118157,"[31085, 99852, 12686, 75048, 884, 8705, 20649, 10066, 33183, 43808]"
118158,"[81109, 31302, 6518, 3847, 108197, 27242, 102652, 101285, 31359, 53032]"
118159,"[42492, 38264, 70645, 49650, 63874, 26031, 9186, 72558, 106944, 90166]"
118160,"[42600, 90759, 57931, 25848, 51461, 12181, 74292, 72187, 72762, 50090]"
118161,"[45118, 73487, 89609, 104772, 92888, 16501, 10969, 82129, 11216, 105926]"
118162,"[61025, 4700, 15792, 33229, 32454, 70304, 38493, 4595, 98957, 108494]"
118163,"[52889, 87472, 78577, 19012, 49115, 28366, 81460, 218, 79969, 20568]"
118164,"[107494, 55515, 22237, 90518, 76943, 59441, 72523, 93801, 79783, 39664]"
118165,"[69564, 95610, 106102, 81633, 56210, 46784, 5972, 87417, 11748, 57274]"
118166,"[72391, 82063, 60287, 45077, 46373, 63112, 104808, 68008, 99715, 105931]"
118167,"[73508, 99896, 21155, 37855, 74313, 102421, 77191, 88793, 41578, 69527]"
118168,"[57046, 99438, 75209, 62147, 6331, 107874, 37199, 13590, 19310, 62430]"
118169,"[58661, 76100, 4385, 71280, 44611, 45033, 16956, 27789, 15391, 11890]"
118170,"[55210, 106936, 28786, 100007, 27468, 28033, 104827, 103376, 107253, 70643]"
118171,"[19929, 64820, 64048, 23976, 39854, 108561, 15503, 68820, 47972, 92727]"
118172,"[90524, 85089, 82084, 85662, 105041, 14950, 43118, 42435, 72244, 106246]"
118173,"[49990, 98196, 94507, 35108, 106570, 24751, 63565, 35209, 82246, 47147]"
118174,"[96770, 46317, 71360, 25156, 73371, 22078, 84844, 80384, 15895, 103598]"
118175,"[32955, 857, 12873, 22742, 66323, 83395, 105818, 30036, 108292, 47919]"
118176,"[25776, 6869, 23795, 87810, 6407, 98094, 99787, 83374, 100502, 46938]"
118177,"[10529, 76047, 29889, 83284, 87796, 85342, 108972, 749, 95054, 98937]"
118178,"[82630, 61836, 24798, 62289, 80683, 44602, 4925, 53632, 72107, 74778]"
118179,"[68732, 83765, 67656, 86754, 13831, 39199, 13679, 49911, 22651, 31874]"
118180,"[19250, 85697, 10753, 31183, 11205, 82943, 105593, 3174, 68228, 72919]"
118181,"[87907, 20600, 28941, 68589, 15760, 26112, 77603, 48271, 6318, 18695]"
118182,"[1099, 15071, 69504, 18331, 104936, 70567, 91823, 97400, 11134, 98559]"
118183,"[80237, 102399, 67730, 43046, 61013, 39862, 41447, 62267, 103891, 79884]"
118184,"[30239, 67734, 33878, 49652, 32814, 35042, 97592, 82330, 93652, 83130]"
118185,"[106726, 90229, 68238, 8915, 6653, 59386, 34520, 80767, 108907, 89267]"
118186,"[66192, 92790, 99133, 47564, 57453, 19934, 89775, 72616, 99329, 63715]"
118187,"[41602, 28952, 34990, 61126, 82729, 85635, 38423, 80888, 96159, 22188]"
118188,"[37943, 77747, 6752, 14031, 71205, 64228, 44854, 55553, 21415, 99069]"
118189,"[79564, 12849, 73659, 47561, 74180, 29313, 58025, 58285, 23276, 107117]"
118190,"[18962, 1764, 9347, 64179, 31271, 76103, 32648, 36765, 49751, 19919]"
118191,"[37850, 43892, 103105, 8167, 48845, 49584, 41619, 104238, 52649, 72840]"
118192,"[15827, 3777, 38708, 10111, 107093, 16881, 49329, 90195, 48804, 98527]"
118193,"[24901, 69693, 10033, 82936, 57264, 82837, 16016, 82171, 22536, 5674]"
118194,"[83302, 76942, 24078, 95999, 71078, 27432, 40358, 46480, 29139, 88019]"
118195,"[38780, 47288, 84976, 94763, 58530, 109349, 70303, 83514, 34256, 49318]"
118196,"[106641, 30168, 60383, 13019, 16402, 59846, 61233, 101401, 33832, 61962]"
118197,"[74256, 73553, 20968, 11369, 80351, 24149, 92388, 87770, 89571, 32294]"
118198,"[90812, 27370, 78994, 78391, 83940, 75434, 107993, 34779, 27278, 37583]"
118199,"[38409, 51058, 95549, 99784, 39701, 76673, 20439, 47876, 98807, 105163]"
118200,"[108340, 61626, 6359, 81852, 97207, 64732, 46611, 56997, 33889, 109316]"
118201,"[54385, 25690, 33319, 17159, 51156, 91681, 6840, 84253, 103451, 1080]"
118202,"[52513, 17570, 95991, 13675, 51603, 89572, 98866, 93187, 45018, 52634]"
118203,"[89751, 76671, 63649, 18255, 25936, 81707, 57139, 3875, 20271, 95871]"
118204,"[44678, 31540, 37818, 29559, 33062, 10738, 59046, 25675, 5098, 103116]"
118205,"[79059, 98520, 74410, 21273, 103244, 36428, 101792, 15698, 95302, 11606]"
118206,"[29155, 102855, 86702, 93482, 46308, 107587, 92591, 88512, 97796, 40846]"
118207,"[105239, 27779, 11642, 18074, 98123, 76036, 22843, 61581, 50837, 28479]"
118208,"[61471, 96959, 43103, 73175, 48540, 102747, 44583, 94850, 20244, 15649]"
118209,"[27065, 37957, 57052, 52598, 86457, 35380, 52548, 37286, 30446, 39441]"
118210,"[55336, 1313, 14213, 52992, 69846, 20843, 55440, 91339, 96627, 56247]"
118211,"[25275, 40831, 94006, 60379, 9071, 53609, 47143, 81171, 74832, 47963]"
118212,"[105478, 3374, 83965, 20557, 7336, 89978, 75256, 47669, 85111, 79921]"
118213,"[61964, 3626, 20128, 81846, 97061, 56152, 6980, 109636, 64684, 41265]"
118214,"[95559, 69943, 80979, 33814, 60350, 77828, 73875, 66191, 46499, 75815]"
118215,"[49402, 74029, 91857, 55266, 41996, 47586, 71347, 38876, 25673, 12600]"
118216,"[63700, 23215, 99487, 75704, 83840, 89391, 8052, 4228, 40948, 46990]"
118217,"[33589, 78964, 52162, 74080, 7840, 77992, 77879, 27190, 29864, 24619]"
118218,"[89646, 56827, 74555, 92630, 67553, 99621, 73821, 16373, 43544, 27351]"
118219,"[90055, 49415, 71380, 48937, 11652, 40614, 79285, 1899, 37081, 4028]"
118220,"[22371, 65699, 13820, 107861, 89105, 36468, 99271, 29467, 14722, 59584]"
118221,"[28081, 104885, 47685, 28320, 90398, 6471, 23801, 55035, 63315, 4412]"
118222,"[92300, 30546, 60375, 89596, 84025, 105716, 61430, 99966, 32544, 22613]"
118223,"[73487, 82129, 71930, 45118, 32172, 95816, 62651, 54117, 77629, 89609]"
118224,"[41774, 62445, 80177, 43854, 46302, 90772, 96413, 33729, 48583, 85556]"
118225,"[49016, 95419, 52727, 555, 10072, 72624, 7183, 88946, 58423, 73409]"
118226,"[57208, 91675, 57891, 59279, 104983, 28324, 62713, 12955, 93320, 106087]"
118227,"[84985, 60423, 30656, 73024, 88100, 55680, 65231, 21235, 20625, 84006]"
118228,"[93997, 7295, 61441, 7944, 1890, 106581, 30572, 37309, 95639, 99858]"
118229,"[90964, 23613, 3978, 8416, 48584, 13786, 92246, 77200, 49331, 108725]"
118230,"[35190, 89621, 5170, 66298, 29289, 52138, 99212, 104868, 1556, 109336]"
118231,"[87584, 82845, 85159, 89592, 61869, 32119, 12807, 103669, 32433, 1536]"
118232,"[1514, 105290, 108333, 73162, 95959, 22122, 57620, 93574, 19504, 59144]"
118233,"[4398, 34148, 2220, 23621, 65680, 63166, 63590, 15186, 94014, 60408]"
118234,"[38304, 63454, 30693, 95518, 51666, 25549, 104131, 37182, 37975, 72938]"
118235,"[100361, 93433, 67979, 81658, 82287, 10637, 46174, 84633, 60264, 52927]"
118236,"[9981, 45923, 57376, 20853, 49600, 2676, 91879, 91480, 76670, 2183]"
118237,"[32210, 92436, 6454, 78981, 30865, 94748, 58465, 19195, 80472, 25014]"
118238,"[50354, 28785, 24079, 17330, 11332, 68436, 34165, 24220, 19360, 19552]"
118239,"[109618, 19472, 6725, 34850, 5024, 24023, 99313, 69057, 63687, 67822]"
118240,"[82727, 84213, 104489, 23316, 15668, 70191, 58457, 25320, 14511, 79247]"
118241,"[45839, 53592, 38609, 45225, 59219, 83798, 20892, 56837, 69575, 63721]"
118242,"[27964, 32074, 11781, 82114, 29854, 82427, 14098, 68843, 22206, 59100]"
118243,"[103745, 53902, 37401, 100495, 95986, 14923, 102417, 72012, 36348, 109527]"
118244,"[61122, 52406, 75534, 78810, 12932, 94474, 87094, 68945, 91081, 30637]"
118245,"[58482, 91967, 71581, 78445, 10540, 77197, 57095, 11429, 13715, 13004]"
118246,"[52328, 26485, 11062, 55055, 24493, 1590, 92578, 32105, 13459, 47741]"
118247,"[52695, 34902, 56662, 51241, 80372, 69910, 104879, 49825, 9961, 20558]"
118248,"[67899, 66291, 37486, 7307, 89682, 107107, 61673, 46901, 75061, 68715]"
118249,"[35422, 88169, 88422, 94318, 101317, 23216, 19108, 72605, 93966, 99727]"
118250,"[37607, 23661, 77298, 88989, 49270, 12297, 6618, 91556, 73465, 11460]"
118251,"[98304, 25963, 40291, 11346, 53363, 41431, 34642, 1031, 10120, 99084]"
118252,"[58521, 67077, 64281, 60248, 6612, 72971, 89043, 81802, 1142, 31908]"
118253,"[40958, 96656, 95483, 91264, 105352, 72780, 15285, 8552, 72511, 64636]"
118254,"[20643, 14592, 81860, 102330, 92117, 32490, 54800, 52882, 31850, 52937]"
118255,"[51416, 35736, 10435, 101798, 56704, 68376, 98791, 101195, 71673, 66481]"
118256,"[3584, 29457, 75934, 48852, 73071, 36967, 67615, 77290, 75774, 88310]"
118257,"[49000, 6003, 40036, 23616, 30432, 66035, 36338, 105730, 79492, 56125]"
118258,"[17899, 72731, 14012, 55681, 70625, 20732, 9580, 100629, 71952, 95708]"
118259,"[101155, 59184, 2062, 104718, 37511, 87366, 90011, 106717, 42203, 25204]"
118260,"[68827, 30149, 32388, 108841, 1040, 87830, 46663, 28848, 26671, 76966]"
118261,"[59759, 53150, 91189, 57156, 93828, 92913, 29480, 107767, 103863, 63786]"
118262,"[24344, 46163, 83540, 108245, 25530, 31127, 43925, 60785, 28018, 92577]"
118263,"[84046, 72466, 98159, 27032, 71081, 1487, 43583, 3976, 57503, 27645]"
118264,"[24959, 6535, 79853, 107665, 88084, 61906, 49860, 62081, 48457, 64379]"
118265,"[50962, 60122, 41483, 38563, 109470, 103882, 5895, 27859, 96313, 14636]"
118266,"[34515, 20272, 50991, 49867, 88055, 46854, 89394, 99865, 95564, 4673]"
118267,"[69532, 45976, 71580, 60573, 68517, 28247, 73687, 13497, 66217, 77578]"
118268,"[108195, 56229, 54050, 90777, 64881, 31490, 6566, 92643, 30663, 3480]"
118269,"[6861, 68528, 29217, 69626, 58363, 14767, 41455, 54832, 27557, 50848]"
118270,"[35702, 30664, 8654, 58400, 36486, 42899, 87562, 96149, 5864, 9238]"
118271,"[17510, 83513, 16046, 17921, 42323, 89278, 17060, 45931, 6541, 41103]"
118272,"[87639, 41683, 19240, 86816, 49908, 102841, 47384, 88562, 46549, 80016]"
118273,"[32808, 31268, 90087, 109502, 79513, 28992, 44314, 57558, 13161, 89908]"
118274,"[12469, 88711, 12497, 101603, 52963, 36591, 65339, 24156, 24680, 23823]"
118275,"[26243, 4970, 85349, 99217, 15893, 3130, 4390, 37708, 69672, 42707]"
118276,"[85375, 71978, 53842, 14786, 98061, 75876, 46919, 94321, 67514, 67408]"
118277,"[8559, 51836, 32947, 71721, 98101, 89121, 66552, 4616, 32924, 35698]"
118278,"[16891, 81920, 16354, 58366, 92160, 63015, 62220, 26629, 15156, 59481]"
118279,"[59063, 24574, 82061, 7919, 52060, 61743, 13674, 56701, 9966, 102386]"
118280,"[78412, 3441, 20944, 106933, 36220, 108068, 99449, 69076, 58735, 36236]"
118281,"[46532, 60710, 34163, 14545, 77440, 104830, 54331, 19862, 28565, 68272]"
118282,"[44579, 11387, 34394, 52101, 94900, 60183, 105926, 85852, 35695, 23064]"
118283,"[100361, 67979, 93433, 24288, 81400, 81658, 82287, 60264, 84633, 52927]"
118284,"[48376, 95298, 83091, 55852, 24414, 11004, 33772, 55012, 45848, 54243]"
118285,"[16006, 14657, 16901, 7994, 54986, 21748, 97300, 47026, 33037, 50185]"
118286,"[5851, 81639, 88686, 101099, 13875, 59479, 56984, 58342, 58829, 47581]"
118287,"[94773, 81323, 31436, 41493, 66606, 37056, 108384, 38763, 48348, 2031]"
118288,"[69543, 81840, 105715, 81271, 30830, 99994, 102020, 100367, 55678, 20594]"
118289,"[54461, 103536, 55463, 93654, 76344, 64348, 44002, 26188, 81093, 87211]"
118290,"[83961, 45930, 87554, 62962, 22624, 26149, 99850, 39776, 65501, 42056]"
118291,"[84873, 60340, 80008, 29510, 96364, 69444, 31972, 105449, 85571, 83388]"
118292,"[28798, 73243, 74859, 38779, 17054, 81869, 25322, 24777, 96752, 103575]"
118293,"[104359, 15772, 64163, 46110, 95821, 36790, 98221, 21522, 65500, 26999]"
118294,"[59091, 83959, 55466, 62334, 98646, 87106, 90847, 21767, 66701, 23945]"
118295,"[10519, 102843, 94030, 36390, 78998, 45927, 60063, 90702, 48090, 4190]"
118296,"[90560, 24071, 4931, 85975, 43699, 27647, 16888, 14664, 26185, 79945]"
118297,"[108707, 109553, 79958, 80300, 12378, 66050, 82944, 67732, 68096, 31370]"
118298,"[38443, 78689, 38867, 8297, 82123, 37151, 25667, 82487, 90930, 89676]"
118299,"[87413, 87520, 57303, 75059, 55694, 63813, 63158, 12077, 79872, 84084]"
118300,"[46280, 108872, 41545, 95135, 57950, 93749, 24748, 106272, 37617, 60165]"
118301,"[108407, 26631, 104980, 5884, 99553, 90397, 15451, 9835, 2559, 26901]"
118302,"[48707, 83123, 107917, 6784, 23839, 26212, 28209, 77553, 19564, 47090]"
118303,"[81885, 96452, 84492, 88226, 1869, 46735, 70807, 88033, 50923, 58666]"
118304,"[43288, 103007, 93766, 25179, 26809, 83683, 40786, 102651, 12933, 5358]"
118305,"[25741, 24210, 37879, 335, 50089, 34327, 744, 33740, 37976, 59048]"
118306,"[90358, 54442, 101476, 82546, 42764, 91259, 99192, 83062, 11903, 104724]"
118307,"[36023, 108878, 48928, 61825, 85797, 35496, 86127, 96142, 93141, 4672]"
118308,"[101836, 30081, 98354, 55196, 17645, 57386, 108369, 1702, 105099, 97500]"
118309,"[27691, 28594, 59169, 38634, 42573, 351, 99943, 85649, 106524, 44839]"
118310,"[2471, 8330, 92476, 29821, 87164, 37698, 85397, 8703, 53341, 87765]"
118311,"[11650, 32161, 70251, 32071, 55049, 15858, 28091, 81736, 28269, 32376]"
118312,"[65823, 38088, 76410, 62872, 66595, 75055, 71504, 37313, 78991, 59875]"
118313,"[9318, 40304, 94766, 98933, 35984, 75099, 54677, 72780, 43442, 73936]"
118314,"[99706, 84407, 41563, 37255, 53739, 76847, 25970, 77999, 37651, 45730]"
118315,"[95866, 40919, 87945, 40567, 28173, 99978, 81261, 105038, 27285, 21921]"
118316,"[1741, 34838, 47712, 15593, 56563, 62525, 12241, 30897, 17953, 58503]"
118317,"[10904, 104681, 5552, 99546, 27328, 106233, 88894, 25957, 76919, 53492]"
118318,"[76870, 4639, 13155, 56650, 49969, 63430, 70718, 29521, 102905, 32118]"
118319,"[101492, 86024, 80983, 5157, 68793, 97960, 19394, 81750, 45831, 16129]"
118320,"[102523, 102222, 92739, 94482, 12281, 92735, 54037, 6341, 74103, 60399]"
118321,"[1860, 8083, 100803, 14849, 20727, 13005, 6663, 31129, 100978, 105503]"
118322,"[86620, 80629, 40616, 162, 62862, 39602, 31618, 22548, 49644, 16328]"
118323,"[57624, 93493, 41359, 108411, 91747, 70318, 56121, 40069, 94134, 107847]"
118324,"[87121, 6546, 57371, 19744, 2879, 64680, 71841, 46068, 86016, 14856]"
118325,"[85540, 73130, 32572, 97076, 19305, 42592, 25188, 47267, 34751, 10513]"
118326,"[45224, 11992, 56566, 11739, 23234, 51210, 107757, 107727, 34682, 101951]"
118327,"[74126, 15429, 3340, 29774, 17406, 65503, 14507, 31641, 22820, 70835]"
118328,"[85592, 54649, 30581, 57380, 28621, 107208, 49484, 32166, 44900, 72950]"
118329,"[56208, 95776, 13889, 45997, 40634, 97200, 21785, 47908, 51217, 36337]"
118330,"[99117, 75597, 50521, 80682, 46209, 61986, 46041, 14441, 92681, 57286]"
118331,"[96389, 40650, 24206, 59278, 15822, 65603, 29183, 11974, 37666, 69257]"
118332,"[16065, 91851, 100571, 55882, 96365, 95838, 65833, 27411, 61361, 47442]"
118333,"[18769, 39275, 27738, 78359, 33934, 24206, 63119, 52532, 62122, 43065]"
118334,"[34372, 68555, 78793, 10320, 60256, 4337, 7304, 102346, 9805, 2144]"
118335,"[14489, 81539, 8644, 89217, 17290, 81333, 35538, 40715, 5458, 74559]"
118336,"[65240, 102286, 41201, 102065, 35638, 96572, 109036, 20124, 19522, 64885]"
118337,"[92309, 38469, 99317, 80006, 4884, 105365, 70968, 25613, 30403, 73700]"
118338,"[43590, 46773, 105257, 46389, 101056, 19600, 70032, 30662, 107778, 8486]"
118339,"[17426, 8427, 11753, 27603, 55932, 36543, 37872, 34770, 109105, 82913]"
118340,"[81764, 90298, 46705, 10825, 33219, 37670, 43598, 2296, 102502, 69500]"
118341,"[23824, 59317, 88591, 69854, 21861, 24570, 99445, 51775, 12598, 23443]"
118342,"[47780, 37227, 50314, 29585, 30565, 91467, 68634, 100492, 104329, 103144]"
118343,"[50677, 16765, 10763, 47463, 22859, 45956, 100470, 52687, 87189, 63529]"
118344,"[104459, 56360, 22354, 27745, 31148, 62874, 105118, 98627, 99049, 70997]"
118345,"[98674, 32733, 18276, 90629, 15502, 44504, 71352, 63431, 49593, 35961]"
118346,"[87254, 94972, 28875, 72058, 94371, 46698, 59380, 52928, 13605, 83368]"
118347,"[88702, 45385, 53323, 75004, 2292, 17117, 93445, 24676, 84007, 19996]"
118348,"[32905, 59820, 22758, 27561, 53643, 36511, 109328, 64988, 69014, 72910]"
118349,"[25999, 58654, 48496, 76279, 31097, 59094, 28237, 25272, 70888, 69096]"
118350,"[101868, 460, 23376, 93017, 106038, 32689, 59180, 19298, 98264, 13929]"
118351,"[53064, 72691, 20900, 98803, 22185, 23835, 45095, 1905, 48319, 83726]"
118352,"[96014, 68078, 49966, 20621, 43195, 99524, 34320, 107925, 8909, 86084]"
118353,"[615, 23608, 106086, 100493, 22500, 18387, 40885, 607, 91466, 38806]"
118354,"[90739, 96439, 27968, 45239, 54036, 81065, 21857, 40064, 9128, 54192]"
118355,"[83087, 33775, 91263, 79460, 23782, 52470, 61515, 73853, 27247, 65542]"
118356,"[55392, 29051, 67609, 30035, 71868, 69118, 97284, 68309, 47723, 44769]"
118357,"[102229, 44554, 35866, 101893, 8443, 47149, 38375, 70206, 73900, 83870]"
118358,"[82917, 35067, 91989, 97419, 51449, 13030, 4583, 87684, 26899, 105201]"
118359,"[60208, 51334, 56430, 14363, 82703, 17412, 88818, 79868, 2930, 29149]"
118360,"[104171, 9755, 8810, 19953, 64219, 22170, 104274, 59912, 61295, 87612]"
118361,"[30005, 57598, 15190, 6745, 102031, 92861, 21300, 40453, 12216, 90152]"
118362,"[73174, 34234, 32539, 66313, 73092, 57060, 6155, 86950, 37094, 86000]"
118363,"[317, 9659, 68477, 68297, 81880, 63270, 27790, 48931, 65846, 30474]"
118364,"[46858, 89159, 3009, 57750, 57030, 16255, 10953, 34120, 32218, 22373]"
118365,"[27785, 19360, 59241, 34165, 87332, 19552, 30454, 16219, 9988, 9789]"
118366,"[21025, 93192, 10117, 44843, 104527, 81714, 96819, 19457, 19787, 26795]"
118367,"[75901, 39336, 47475, 9893, 71114, 5874, 109726, 62828, 65637, 53765]"
118368,"[72527, 90648, 88022, 101954, 80161, 62724, 36715, 109675, 27767, 109090]"
118369,"[70119, 52543, 64249, 80858, 39880, 30340, 58363, 105580, 102162, 14767]"
118370,"[77978, 74661, 16339, 63412, 35979, 96842, 60023, 104201, 11510, 58143]"
118371,"[39215, 72779, 102671, 87588, 45687, 65168, 76811, 103701, 4635, 5496]"
118372,"[60756, 80637, 55252, 58949, 14483, 90215, 21509, 29417, 55878, 100698]"
118373,"[26738, 19838, 85282, 11320, 964, 67555, 40316, 43693, 71716, 9117]"
118374,"[19138, 75244, 17176, 56635, 1819, 26797, 13326, 109364, 105541, 96481]"
118375,"[20778, 51675, 89264, 42706, 94094, 107647, 82664, 59147, 38331, 31449]"
118376,"[103187, 90062, 23288, 24448, 9026, 92916, 90344, 45894, 60107, 89440]"
118377,"[1626, 871, 38759, 91840, 89444, 85657, 93952, 41557, 31401, 43429]"
118378,"[24623, 74657, 72690, 22437, 30474, 8880, 32894, 106864, 37268, 100681]"
118379,"[85828, 20705, 20134, 23719, 80377, 75830, 27991, 82072, 61855, 92384]"
118380,"[21734, 90439, 20059, 102991, 100504, 105738, 17079, 70847, 38755, 42232]"
118381,"[94568, 14438, 72522, 18321, 94921, 32333, 83992, 5535, 29394, 105243]"
118382,"[104337, 98362, 71765, 107495, 34329, 28059, 55026, 68862, 39376, 73349]"
118383,"[52203, 62809, 44242, 34218, 82657, 100884, 32691, 21759, 96762, 18983]"
118384,"[88652, 96089, 62221, 80619, 18340, 2456, 64528, 63218, 41528, 53385]"
118385,"[2714, 66947, 29651, 68627, 50611, 65029, 10240, 63204, 28723, 49842]"
118386,"[34432, 37103, 28288, 104809, 27087, 24205, 70717, 50105, 57917, 86728]"
118387,"[85486, 77937, 102648, 13552, 80605, 90569, 107289, 109008, 101662, 52398]"
118388,"[102536, 94409, 102551, 10055, 107257, 57833, 1076, 40791, 81214, 10515]"
118389,"[26585, 25475, 78386, 67019, 76661, 33443, 79067, 45874, 48475, 48642]"
118390,"[38738, 10483, 43498, 81947, 99500, 74375, 7118, 105392, 674, 85113]"
118391,"[11041, 99791, 2490, 8475, 17062, 62676, 1767, 94131, 21906, 87599]"
118392,"[92680, 23924, 28624, 7136, 12982, 48478, 12704, 66151, 9658, 26777]"
118393,"[15708, 13439, 40254, 32550, 38893, 95523, 7826, 44900, 97163, 80120]"
118394,"[35327, 86630, 19616, 12151, 57655, 76991, 48322, 78844, 69648, 80353]"
118395,"[42561, 47771, 9163, 55854, 107577, 100286, 61944, 28363, 79093, 33850]"
118396,"[81058, 41585, 2416, 39111, 59624, 95663, 61652, 101134, 53877, 34031]"
118397,"[88651, 13105, 35002, 89616, 83224, 87741, 18406, 40159, 9609, 82296]"
118398,"[96851, 35576, 67421, 11819, 51904, 95215, 93907, 105666, 16723, 72692]"
118399,"[69909, 23162, 24226, 43425, 25468, 13832, 29783, 53816, 62997, 73237]"
118400,"[65720, 21007, 21068, 71958, 41605, 70246, 95398, 22509, 49976, 95328]"
118401,"[100974, 29573, 35492, 92174, 75103, 90457, 26223, 21475, 20392, 69375]"
118402,"[17008, 65099, 7885, 11392, 26202, 12852, 36700, 75338, 51610, 51992]"
118403,"[68463, 43975, 8940, 56864, 90205, 88766, 45258, 65160, 105404, 51949]"
118404,"[104371, 30063, 15139, 79325, 58054, 19217, 86780, 85096, 55767, 55449]"
118405,"[83228, 18796, 69008, 91327, 63785, 46602, 94801, 30345, 10739, 71282]"
118406,"[47903, 27420, 76724, 63607, 94813, 88376, 24681, 37150, 66472, 700]"
118407,"[68659, 85148, 103753, 102647, 46479, 22411, 35008, 105236, 28953, 17701]"
118408,"[25612, 35295, 57207, 73913, 72668, 13532, 14927, 13477, 41256, 41352]"
118409,"[39441, 73128, 27065, 60653, 14536, 34948, 98057, 14267, 16269, 28502]"
118410,"[74414, 3006, 13106, 102794, 107892, 91047, 13293, 78358, 48491, 66390]"
118411,"[392, 100262, 98811, 45053, 19852, 80724, 101517, 75403, 24199, 27512]"
118412,"[31838, 98611, 16341, 50386, 98613, 100412, 27054, 108360, 104872, 108304]"
118413,"[46842, 80847, 6523, 26910, 97507, 84059, 28163, 37931, 51791, 88239]"
118414,"[65058, 98843, 26866, 9429, 51376, 93331, 6493, 5173, 66134, 39001]"
118415,"[40384, 101116, 103230, 91724, 106064, 101906, 108531, 10456, 26299, 44743]"
118416,"[80587, 95981, 40819, 24984, 60796, 8192, 2812, 34301, 77552, 3477]"
118417,"[3455, 16191, 75679, 63006, 22711, 22981, 22386, 79592, 23301, 62514]"
118418,"[2380, 49176, 62635, 19855, 49289, 73845, 48475, 11252, 101360, 44694]"
118419,"[811, 66608, 26792, 50392, 45261, 109306, 3293, 58455, 76364, 70666]"
118420,"[6628, 3596, 82714, 69391, 36233, 85779, 73852, 107333, 60067, 43603]"
118421,"[108715, 39562, 2556, 22175, 21851, 79943, 46826, 97909, 13684, 72128]"
118422,"[105448, 13795, 63289, 10223, 8630, 85382, 62294, 38458, 106596, 106515]"
118423,"[904, 73246, 72080, 25416, 8865, 54323, 70351, 53047, 107, 23083]"
118424,"[15748, 68211, 49734, 38290, 49949, 83690, 70155, 11873, 106597, 34749]"
118425,"[79872, 39044, 33978, 21419, 87078, 85612, 57303, 84626, 38995, 78210]"
118426,"[36895, 5920, 8543, 18598, 60576, 48666, 38244, 102668, 31876, 28718]"
118427,"[84788, 92465, 60712, 17170, 6182, 54232, 80632, 85574, 63107, 51458]"
118428,"[82266, 32070, 105207, 62444, 30342, 71725, 88656, 38141, 80207, 14230]"
118429,"[71804, 95182, 7571, 96565, 71149, 84227, 90926, 10967, 8384, 13997]"
118430,"[47065, 48005, 12411, 42319, 40127, 37042, 41494, 934, 20981, 12736]"
118431,"[86167, 26493, 24785, 98915, 53555, 49612, 3602, 69299, 102927, 34685]"
118432,"[70840, 102601, 63949, 11839, 109056, 82208, 38478, 77155, 58184, 104753]"
118433,"[88231, 107097, 21991, 12945, 25973, 52733, 15224, 676, 54189, 78390]"
118434,"[68479, 17689, 63919, 51013, 76255, 26294, 22900, 47880, 4230, 22571]"
118435,"[94434, 25984, 51811, 98585, 63303, 57569, 91477, 36598, 34447, 90760]"
118436,"[69413, 79579, 4090, 83588, 95697, 69887, 85620, 36044, 34182, 692]"
118437,"[73692, 46485, 107453, 10214, 43357, 76531, 10510, 21111, 93371, 53235]"
118438,"[73802, 41901, 87978, 62467, 102563, 97916, 14399, 91756, 82107, 22116]"
118439,"[23486, 44599, 68144, 3842, 76130, 83258, 101040, 109340, 107832, 62239]"
118440,"[68868, 91396, 40654, 36641, 29172, 69935, 26383, 82534, 42713, 48430]"
118441,"[14038, 106382, 92574, 22242, 29814, 38240, 74106, 34756, 11016, 98246]"
118442,"[97206, 102655, 65284, 30216, 39181, 17192, 100910, 36426, 103866, 76633]"
118443,"[62670, 41658, 26032, 11960, 7988, 40119, 25001, 94469, 95581, 80143]"
118444,"[66856, 14251, 25265, 48286, 79206, 48406, 2393, 90095, 53446, 48043]"
118445,"[72750, 19709, 53438, 8692, 60151, 75667, 50939, 15953, 85149, 62958]"
118446,"[40730, 58242, 49265, 7172, 771, 69062, 85066, 13753, 24380, 67926]"
118447,"[65839, 85187, 73757, 41476, 80523, 16844, 44448, 85636, 21059, 82503]"
118448,"[72992, 6370, 64791, 42456, 83581, 98885, 100277, 105715, 41785, 29326]"
118449,"[70151, 62815, 90288, 43837, 47924, 72745, 107248, 96582, 87309, 10912]"
118450,"[7997, 21689, 35945, 79187, 82939, 26072, 68877, 42575, 90247, 66155]"
118451,"[94182, 12898, 105569, 24775, 26544, 18393, 68296, 52762, 12498, 86512]"
118452,"[19037, 42355, 52886, 67354, 29015, 40713, 51909, 80696, 57937, 84596]"
118453,"[31554, 43909, 29118, 20313, 17640, 66618, 83848, 94078, 2833, 99963]"
118454,"[54189, 63636, 18437, 11664, 46106, 82732, 15863, 50388, 12945, 81264]"
118455,"[9925, 85959, 94372, 75764, 79003, 75441, 109587, 1639, 75881, 91703]"
118456,"[68547, 103619, 8772, 75386, 72306, 19765, 6942, 5319, 82313, 80044]"
118457,"[81159, 51510, 49767, 82861, 46843, 14265, 71141, 95719, 97599, 49518]"
118458,"[26266, 76002, 97655, 56557, 66412, 6333, 3759, 104869, 109336, 33903]"
118459,"[31296, 69368, 18543, 17938, 58872, 97522, 10074, 88477, 10769, 82352]"
118460,"[22058, 47326, 69984, 38613, 15000, 36723, 30852, 72347, 71671, 68060]"
118461,"[52509, 105298, 25454, 99897, 36880, 89811, 78928, 4946, 66557, 29011]"
118462,"[50142, 80011, 8727, 47755, 61011, 60990, 78036, 40428, 68622, 27954]"
118463,"[106122, 78976, 11983, 15361, 20751, 64676, 71602, 52641, 88908, 12254]"
118464,"[109471, 50412, 29196, 21763, 24595, 72101, 17982, 49241, 53381, 21426]"
118465,"[93491, 65227, 42024, 64960, 16807, 73520, 78653, 28498, 31975, 25003]"
118466,"[94083, 43141, 34227, 38008, 33167, 87530, 15220, 75798, 35728, 95913]"
118467,"[55027, 74789, 10439, 61953, 39420, 27757, 70485, 30719, 17019, 10034]"
118468,"[78259, 100426, 22273, 43782, 23401, 97340, 32727, 77913, 77568, 26662]"
118469,"[75655, 16395, 86328, 102504, 39689, 73476, 97295, 48724, 89814, 107101]"
118470,"[109765, 27063, 91833, 74388, 37159, 46901, 50132, 66402, 32937, 46721]"
118471,"[66680, 81095, 53233, 84121, 12557, 61365, 49961, 37511, 1166, 90967]"
118472,"[96955, 104796, 55923, 55149, 41078, 89746, 58307, 53879, 59732, 28918]"
118473,"[71413, 38156, 8229, 13052, 107833, 11552, 83095, 24367, 106664, 36147]"
118474,"[41628, 4192, 82131, 29506, 14893, 51759, 82942, 11781, 33867, 920]"
118475,"[62105, 34418, 40588, 24588, 34238, 47864, 39081, 488, 67493, 41280]"
118476,"[93664, 35246, 33485, 56085, 40814, 99102, 103111, 56017, 37230, 81487]"
118477,"[53927, 12545, 72757, 59903, 56769, 92282, 127, 99583, 74729, 100380]"
118478,"[31425, 6396, 42420, 107537, 18548, 45220, 76861, 109422, 48741, 102227]"
118479,"[39751, 77807, 15272, 74214, 63872, 53756, 50063, 69363, 55700, 108378]"
118480,"[15055, 75700, 102314, 16477, 52811, 29569, 103833, 107814, 30718, 56248]"
118481,"[19418, 10026, 81569, 38482, 77659, 99672, 1961, 102129, 46072, 92472]"
118482,"[49631, 11773, 54745, 86843, 104133, 15904, 77189, 25831, 21045, 89637]"
118483,"[33912, 29865, 5837, 83143, 74727, 57025, 38928, 9540, 53735, 94234]"
118484,"[1229, 92510, 86472, 59842, 102179, 95759, 70569, 30583, 88568, 104360]"
118485,"[99890, 20145, 54916, 46348, 67743, 102381, 52651, 73549, 4323, 62305]"
118486,"[24349, 37617, 60742, 88170, 10106, 53503, 41545, 17063, 48321, 6265]"
118487,"[83884, 108763, 26566, 20781, 26763, 10649, 25223, 102999, 64814, 70047]"
118488,"[9197, 85878, 31712, 42750, 14748, 7518, 72398, 69245, 4541, 51291]"
118489,"[89029, 58904, 35034, 51888, 107575, 51824, 100604, 32857, 38565, 31955]"
118490,"[33075, 91142, 20623, 63251, 3110, 21866, 4945, 24670, 60158, 11610]"
118491,"[99600, 64121, 107664, 91301, 63372, 98827, 89478, 95108, 12065, 55086]"
118492,"[48225, 79364, 57088, 45200, 28119, 31544, 67738, 653, 1385, 26029]"
118493,"[67368, 24318, 107790, 81958, 39243, 7102, 48639, 104965, 12112, 7600]"
118494,"[47988, 104979, 5488, 9430, 28481, 92548, 18212, 49657, 7497, 106469]"
118495,"[101985, 77039, 67509, 33172, 19258, 3118, 42697, 56554, 1264, 38197]"
118496,"[2757, 108590, 79505, 20531, 28223, 67067, 91609, 1285, 55165, 87852]"
118497,"[27109, 25639, 46884, 57518, 65951, 6091, 21440, 102769, 80339, 44085]"
118498,"[59344, 3419, 68693, 64953, 56647, 68498, 51713, 52857, 58134, 10205]"
118499,"[74658, 50655, 7504, 61814, 55176, 41836, 98722, 6706, 26758, 84941]"
118500,"[52589, 82465, 23436, 19601, 41162, 56049, 100185, 104637, 39402, 58026]"
118501,"[18926, 95383, 45744, 79029, 48193, 67640, 73375, 23659, 1377, 10124]"
118502,"[97491, 22392, 86310, 37258, 39209, 82946, 36332, 64506, 72428, 56374]"
118503,"[20120, 100518, 34103, 84845, 46584, 98953, 64177, 76851, 27990, 8133]"
118504,"[15576, 57028, 74593, 39856, 7072, 942, 16154, 99456, 70418, 53815]"
118505,"[95586, 101276, 82923, 3853, 63582, 54921, 62229, 83210, 11907, 31537]"
118506,"[15296, 92077, 44054, 79675, 99220, 43862, 10729, 87838, 70028, 60178]"
118507,"[27888, 103603, 86569, 106705, 20298, 76990, 87669, 82054, 97625, 59984]"
118508,"[16181, 106265, 32562, 109669, 9560, 80946, 35485, 16801, 16771, 104178]"
118509,"[62170, 42996, 87048, 18584, 107109, 45046, 50374, 76970, 18560, 80859]"
118510,"[83338, 659, 72044, 63445, 84638, 40167, 49369, 38950, 82768, 30989]"
118511,"[49145, 89096, 45847, 103822, 99491, 15863, 71733, 58880, 97345, 50685]"
118512,"[102030, 50487, 56262, 98691, 10731, 40449, 20192, 49754, 107446, 100656]"
118513,"[55499, 78183, 24382, 47602, 81961, 2371, 73797, 66047, 64483, 18260]"
118514,"[106663, 13191, 87571, 54559, 13882, 50531, 19698, 27979, 8454, 69264]"
118515,"[96, 34830, 16760, 26919, 73995, 43812, 12768, 45448, 94075, 40741]"
118516,"[94260, 57490, 36510, 63577, 65225, 45770, 44704, 43401, 82790, 71619]"
118517,"[49384, 48980, 16473, 64230, 6263, 77790, 80173, 69897, 10982, 5474]"
118518,"[90430, 9529, 59800, 78482, 6134, 77721, 40756, 98444, 88143, 73887]"
118519,"[18306, 21761, 26335, 73153, 54501, 10154, 94689, 18369, 18954, 73594]"
118520,"[31503, 2937, 59209, 75337, 58874, 61325, 75160, 56050, 109077, 42327]"
118521,"[101486, 23649, 76342, 85457, 69372, 42110, 47487, 66768, 19495, 104657]"
118522,"[29169, 55868, 51571, 44879, 81657, 50895, 38645, 4324, 67620, 34460]"
118523,"[61500, 77614, 5251, 64590, 38371, 75065, 50134, 67098, 102802, 55289]"
118524,"[79917, 10387, 35324, 91537, 61188, 89382, 76651, 2024, 97072, 40762]"
118525,"[71426, 29528, 46393, 14435, 18772, 5468, 42030, 72622, 81609, 76057]"
118526,"[90307, 43991, 51807, 80245, 76446, 108686, 108251, 104456, 37939, 453]"
118527,"[82853, 14325, 89233, 8925, 60517, 3469, 81449, 85612, 100611, 29967]"
118528,"[12578, 60860, 12576, 34647, 13890, 29245, 40727, 99664, 20057, 11403]"
118529,"[17865, 9101, 93079, 68968, 13876, 26144, 43850, 82878, 64425, 78432]"
118530,"[96953, 47408, 26682, 80389, 90728, 94051, 60055, 89078, 45804, 70839]"
118531,"[82541, 5144, 18895, 96520, 20056, 26000, 63043, 52922, 90602, 100411]"
118532,"[58628, 80492, 13658, 18368, 35590, 43050, 68040, 65298, 93222, 108191]"
118533,"[456, 70622, 10751, 101598, 76762, 81546, 3255, 80280, 38933, 40091]"
118534,"[85368, 58168, 64246, 100544, 79402, 85995, 70088, 104742, 16943, 93953]"
118535,"[21162, 107161, 70040, 36206, 23974, 97219, 42159, 31919, 78781, 101824]"
118536,"[32234, 38373, 23410, 13069, 36175, 60615, 47060, 36504, 85226, 67960]"
118537,"[35670, 9767, 54344, 107150, 33098, 44084, 24780, 54170, 86759, 69960]"
118538,"[1899, 108294, 49415, 79285, 102636, 71380, 4028, 23641, 11652, 40614]"
118539,"[74520, 34802, 30783, 79264, 7271, 39064, 87745, 101508, 35994, 27661]"
118540,"[29034, 28860, 51632, 70791, 68422, 52168, 75529, 92232, 72319, 80776]"
118541,"[60781, 91645, 72903, 99760, 60575, 66964, 96245, 80805, 17805, 27121]"
118542,"[47012, 67926, 82198, 107748, 72403, 59307, 45129, 60963, 26740, 43600]"
118543,"[79985, 71328, 30929, 24475, 12842, 17359, 33866, 103448, 10413, 77756]"
118544,"[85144, 79434, 3276, 62372, 1077, 97529, 93300, 102483, 19460, 65038]"
118545,"[82806, 100184, 89862, 35265, 55072, 23696, 80700, 59537, 100147, 25888]"
118546,"[79343, 67127, 3691, 78211, 89625, 77544, 92694, 88472, 22633, 82819]"
118547,"[21622, 33474, 60617, 87805, 90176, 98402, 66348, 84662, 11253, 37931]"
118548,"[106622, 88090, 88252, 60800, 25174, 30633, 56734, 108928, 4064, 27138]"
118549,"[87447, 75277, 15005, 6113, 105416, 37714, 104818, 65340, 16730, 89567]"
118550,"[107123, 86036, 53693, 96294, 64251, 105313, 86230, 6541, 99920, 69615]"
118551,"[96174, 1735, 97497, 64789, 52863, 105712, 20172, 86145, 85713, 33214]"
118552,"[97175, 95125, 36049, 56959, 51355, 83170, 69239, 5158, 74899, 10842]"
118553,"[4600, 58598, 98779, 53882, 89291, 25680, 88703, 17220, 100574, 93569]"
118554,"[64864, 85407, 22202, 107550, 44235, 33041, 102617, 9388, 18169, 40920]"
118555,"[21666, 16621, 96446, 60124, 36999, 4557, 65356, 45242, 21489, 72541]"
118556,"[7543, 58117, 52475, 36658, 87351, 2943, 9986, 107567, 66154, 5634]"
118557,"[4256, 107652, 43144, 24441, 98240, 51526, 50785, 66126, 8972, 33415]"
118558,"[91457, 108970, 94213, 98269, 98857, 25796, 83326, 95201, 93003, 97068]"
118559,"[82654, 14145, 64330, 54221, 24658, 90696, 67263, 53892, 12098, 85947]"
118560,"[79952, 32659, 32630, 62899, 57777, 80921, 28730, 93083, 3341, 61753]"
118561,"[27062, 31534, 47957, 2131, 87681, 58685, 5765, 85831, 68967, 1906]"
118562,"[22757, 80085, 18504, 104116, 79581, 97925, 20269, 48317, 39641, 98054]"
118563,"[58087, 28955, 64724, 41772, 62210, 62867, 41010, 19067, 42148, 23957]"
118564,"[60596, 14639, 68722, 97975, 87245, 107605, 103606, 27582, 96405, 5413]"
118565,"[58861, 9559, 56428, 61408, 95700, 108035, 27484, 51652, 100288, 43566]"
118566,"[28116, 85177, 90753, 58241, 88563, 86264, 33312, 10987, 104811, 91475]"
118567,"[98039, 9760, 68560, 56848, 18282, 42148, 14588, 70629, 101071, 5353]"
118568,"[83923, 44016, 23362, 56621, 33452, 71211, 5413, 56791, 25225, 101524]"
118569,"[23915, 87701, 39630, 95210, 58233, 30012, 58383, 209, 17998, 27475]"
118570,"[94719, 38071, 20454, 73543, 100662, 578, 50646, 58247, 75678, 43793]"
118571,"[84204, 39862, 80237, 102399, 20773, 97318, 43046, 67730, 57426, 46710]"
118572,"[18133, 68803, 91224, 30228, 56354, 82137, 1494, 76807, 38915, 73240]"
118573,"[109099, 80287, 12616, 42832, 101352, 10569, 51321, 58189, 5426, 99300]"
118574,"[56836, 6467, 56290, 85115, 47295, 36351, 38294, 93516, 92261, 10152]"
118575,"[90880, 77743, 105313, 17552, 62253, 56358, 11949, 5188, 86230, 48379]"
118576,"[107616, 73214, 21807, 8913, 36954, 43402, 54922, 6652, 102579, 47999]"
118577,"[104939, 6538, 3627, 27966, 78355, 47456, 95478, 86039, 73258, 83179]"
118578,"[69519, 100886, 9441, 9376, 85064, 101355, 59906, 99019, 19229, 86217]"
118579,"[33694, 58271, 8334, 95295, 79444, 62560, 16847, 56180, 80304, 9661]"
118580,"[61496, 70466, 40365, 41736, 65930, 49197, 60947, 46945, 103170, 5422]"
118581,"[49893, 82226, 61101, 3084, 14222, 93264, 23061, 51520, 24433, 27597]"
118582,"[72706, 13827, 57674, 47830, 9046, 5105, 98258, 11926, 94080, 22407]"
118583,"[18804, 76890, 8389, 51474, 79381, 17231, 67553, 51525, 54107, 21557]"
118584,"[63333, 19577, 50049, 60262, 93099, 63641, 61993, 41941, 2095, 23913]"
118585,"[74020, 60911, 59608, 81320, 16906, 72970, 46534, 67614, 49509, 105625]"
118586,"[95894, 7034, 11503, 55315, 12511, 70701, 56820, 40124, 12787, 83789]"
118587,"[53886, 37646, 1523, 66564, 90563, 22968, 47175, 51256, 79399, 14887]"
118588,"[74209, 107634, 32779, 9162, 34333, 58531, 71153, 35869, 32722, 75847]"
118589,"[45792, 9591, 19567, 37423, 71924, 79503, 23241, 10064, 28910, 27654]"
118590,"[74847, 70683, 21613, 73055, 96195, 22962, 80828, 76701, 56006, 77751]"
118591,"[29133, 48751, 26408, 84447, 41807, 95575, 33012, 65643, 306, 18298]"
118592,"[68205, 9440, 22367, 86898, 97178, 86381, 43210, 11061, 23520, 92389]"
118593,"[52928, 4001, 76328, 54730, 29734, 50867, 89996, 27011, 84527, 42920]"
118594,"[60804, 109261, 36007, 20848, 38867, 26482, 40060, 58445, 68844, 89191]"
118595,"[61360, 93979, 16635, 103972, 14456, 8430, 55768, 27604, 53601, 34421]"
118596,"[5858, 63419, 80104, 19456, 106720, 67627, 57643, 108986, 74290, 7857]"
118597,"[28932, 36754, 7221, 104650, 41536, 105838, 56400, 78077, 3545, 7579]"
118598,"[101659, 12113, 67419, 83986, 27846, 92511, 38574, 103467, 44780, 57029]"
118599,"[32407, 45361, 91052, 68113, 78202, 38672, 82931, 89560, 79687, 96147]"
118600,"[95379, 84734, 7141, 47792, 68280, 9794, 96886, 46201, 19316, 36732]"
118601,"[58466, 87492, 63185, 19806, 43190, 141, 54276, 13645, 19649, 33672]"
118602,"[75165, 16737, 30176, 49789, 11570, 81360, 63916, 34664, 103980, 30264]"
118603,"[57402, 54328, 42298, 3636, 89184, 89725, 79719, 12457, 99526, 75159]"
118604,"[53417, 90221, 84914, 77499, 89922, 13760, 21438, 65140, 74553, 98761]"
118605,"[7965, 26928, 81080, 3393, 24293, 44295, 13105, 104104, 47558, 77456]"
118606,"[71404, 12938, 65272, 104145, 45697, 85729, 19800, 40009, 51740, 63163]"
118607,"[13775, 18254, 26397, 32547, 80711, 37006, 42591, 66249, 92454, 89687]"
118608,"[31613, 37327, 70456, 22526, 103097, 48558, 36263, 93164, 992, 74419]"
118609,"[84925, 55334, 26346, 28788, 102116, 47197, 38698, 103000, 18788, 30399]"
118610,"[37721, 97129, 27538, 51405, 85466, 32900, 90677, 65426, 57183, 11952]"
118611,"[52206, 18852, 30573, 98749, 72069, 45408, 31980, 39004, 35886, 92119]"
118612,"[94034, 98727, 29206, 76885, 22809, 7378, 14860, 49248, 71311, 18325]"
118613,"[11375, 87064, 108088, 85082, 95043, 52640, 50384, 75895, 63353, 34309]"
118614,"[40433, 23482, 77323, 85567, 107332, 28266, 70203, 94710, 76215, 102718]"
118615,"[22534, 63337, 42601, 76683, 59359, 4737, 16709, 53468, 100531, 85970]"
118616,"[42359, 81940, 43648, 43170, 73607, 45852, 38286, 8799, 93819, 3572]"
118617,"[104271, 78610, 66665, 59393, 55629, 91944, 109402, 37554, 90498, 101804]"
118618,"[84591, 83999, 31008, 44267, 67576, 70258, 30248, 40277, 104229, 64681]"
118619,"[40041, 46016, 89592, 107998, 3142, 50861, 86431, 68888, 59686, 106986]"
118620,"[50089, 335, 37976, 25741, 24210, 34327, 108373, 95853, 53647, 37879]"
118621,"[29962, 59185, 99634, 71010, 40511, 51348, 16421, 53723, 104367, 24248]"
118622,"[75305, 59008, 15885, 82415, 9444, 94354, 40361, 104483, 2283, 26651]"
118623,"[48180, 27919, 61262, 60406, 86122, 76558, 29443, 63497, 54510, 68218]"
118624,"[275, 40175, 99518, 54570, 14902, 47765, 4992, 28593, 73768, 2145]"
118625,"[94727, 24293, 47543, 90194, 29655, 108908, 107152, 47293, 11206, 104104]"
118626,"[8609, 99062, 72682, 104415, 91888, 84217, 65820, 28988, 105705, 20772]"
118627,"[11929, 53299, 98959, 19746, 91844, 11964, 3065, 72760, 68428, 91383]"
118628,"[28539, 9287, 35961, 49593, 33941, 85792, 20471, 90629, 9226, 32178]"
118629,"[34217, 101847, 28855, 49711, 75969, 104095, 11226, 69315, 2082, 21509]"
118630,"[76502, 69905, 102138, 52566, 95477, 10920, 42536, 13271, 101688, 62114]"
118631,"[48810, 20239, 109419, 61686, 6803, 69018, 102727, 108040, 3450, 75677]"
118632,"[35964, 35881, 2652, 85425, 96230, 41338, 8365, 85412, 33766, 41423]"
118633,"[89977, 7769, 38694, 17820, 42881, 67352, 21278, 41734, 31543, 35261]"
118634,"[18308, 81222, 13243, 17952, 99615, 48834, 19372, 21106, 70414, 105541]"
118635,"[56703, 22185, 33097, 36538, 62266, 25131, 9069, 108933, 75474, 9525]"
118636,"[16588, 16282, 14299, 96064, 45478, 59168, 8967, 97399, 10462, 9971]"
118637,"[105821, 94912, 26319, 1958, 27221, 12037, 79573, 17517, 42045, 48663]"
118638,"[99169, 27706, 89040, 109243, 79554, 102283, 31780, 101361, 19172, 74379]"
118639,"[81513, 93494, 52326, 53016, 98291, 108765, 108370, 95526, 18212, 104342]"
118640,"[99440, 85960, 77771, 64630, 97208, 41221, 39902, 49766, 86925, 10895]"
118641,"[3012, 53355, 65752, 100915, 93883, 85784, 90583, 3381, 101077, 87404]"
118642,"[93648, 88792, 84725, 77537, 94762, 11875, 32993, 105705, 7434, 84228]"
118643,"[72519, 36295, 57122, 20273, 25756, 13481, 2699, 56114, 50179, 103274]"
118644,"[31424, 69162, 32600, 108400, 96072, 85356, 24625, 63923, 77405, 7061]"
118645,"[32082, 628, 101722, 7252, 36330, 31555, 287, 71176, 20035, 21147]"
118646,"[19981, 18270, 47499, 58064, 76420, 75296, 16660, 40282, 895, 74123]"
118647,"[67491, 71618, 100215, 66903, 20005, 63412, 8741, 60023, 92260, 85541]"
118648,"[88377, 18037, 3167, 86010, 80519, 72703, 14600, 13777, 66189, 47758]"
118649,"[39912, 54635, 39944, 34696, 22111, 23066, 43317, 91324, 72670, 61485]"
118650,"[106641, 30168, 60383, 13019, 16402, 59846, 61233, 101401, 33832, 61962]"
118651,"[38128, 65169, 87421, 69493, 65161, 30017, 41487, 79569, 49560, 52052]"
118652,"[38934, 102946, 3257, 86924, 66043, 66305, 5945, 71900, 22942, 34382]"
118653,"[23629, 46437, 80714, 59022, 108576, 22129, 80392, 64258, 105598, 56607]"
118654,"[17219, 72863, 54825, 57063, 69948, 99312, 101562, 83588, 95697, 25759]"
118655,"[41898, 103702, 79754, 74722, 76881, 109132, 71076, 60022, 106802, 87335]"
118656,"[87575, 27766, 104081, 102870, 52986, 50671, 25866, 80556, 64325, 17704]"
118657,"[84438, 32754, 67064, 59305, 34820, 92365, 5402, 63468, 90391, 34617]"
118658,"[39062, 18486, 73398, 47969, 92128, 59741, 38725, 75387, 78745, 2579]"
118659,"[48923, 76562, 86712, 28629, 3824, 103543, 79973, 13276, 96693, 8242]"
118660,"[35132, 8851, 109339, 30192, 100316, 58950, 88898, 37469, 47575, 97277]"
118661,"[5783, 22941, 87685, 46350, 47711, 11970, 63788, 44111, 70569, 67508]"
118662,"[99611, 105144, 105106, 80454, 33492, 88139, 21005, 53605, 108941, 75877]"
118663,"[52141, 72277, 56104, 46396, 76789, 93649, 77656, 50606, 71685, 14843]"
118664,"[68579, 95801, 73574, 51470, 100015, 44852, 56950, 40889, 62325, 37379]"
118665,"[40633, 82516, 33010, 64757, 52493, 61516, 34826, 38153, 3693, 105283]"
118666,"[61519, 83298, 46402, 23411, 94472, 104828, 16605, 1094, 94362, 70964]"
118667,"[88076, 69141, 108267, 64681, 16454, 94421, 86741, 44267, 62414, 18924]"
118668,"[66506, 60438, 23615, 3848, 68273, 40661, 63813, 10608, 77315, 1323]"
118669,"[47911, 98437, 70359, 106433, 51631, 28447, 45416, 75016, 42519, 108231]"
118670,"[15762, 101628, 67269, 74247, 78955, 94047, 34713, 58944, 77068, 13666]"
118671,"[51309, 12276, 38533, 74865, 45619, 46299, 48240, 74878, 32514, 47831]"
118672,"[91185, 20041, 70547, 95686, 106932, 4447, 2728, 35031, 11112, 70078]"
118673,"[12014, 64427, 41404, 101839, 75588, 42423, 76722, 73514, 51324, 69103]"
118674,"[52393, 54705, 37329, 11632, 6870, 86870, 20661, 53282, 67296, 25033]"
118675,"[40756, 6134, 9529, 59800, 78482, 93730, 98444, 38319, 90430, 77721]"
118676,"[88952, 11066, 71861, 107608, 4868, 20770, 104437, 10766, 63752, 86122]"
118677,"[39790, 70221, 79972, 91434, 49404, 75235, 47468, 23880, 17856, 96426]"
118678,"[20152, 63053, 45435, 39584, 59288, 109161, 20406, 5425, 14586, 69489]"
118679,"[87216, 16939, 82161, 56551, 3086, 9353, 105904, 21358, 29639, 26609]"
118680,"[3782, 6415, 62901, 29454, 33980, 59902, 103769, 20532, 94413, 49441]"
118681,"[34782, 62751, 13375, 78525, 80989, 54085, 81192, 72614, 72689, 60939]"
118682,"[27818, 44549, 58791, 15684, 21548, 52215, 65793, 2820, 102146, 102248]"
118683,"[18798, 55738, 6059, 109060, 107315, 107158, 17395, 104256, 28750, 47642]"
118684,"[73374, 11364, 100996, 72401, 15483, 107907, 71221, 43819, 43224, 73183]"
118685,"[98729, 60216, 18068, 80972, 25666, 53725, 92793, 97703, 38402, 76424]"
118686,"[93721, 66235, 86983, 69524, 96240, 8733, 31439, 59002, 6338, 83446]"
118687,"[78040, 59177, 34864, 84879, 40152, 94273, 66922, 21244, 11718, 62568]"
118688,"[87002, 1926, 98423, 42040, 102068, 107730, 67986, 87285, 98016, 51366]"
118689,"[73490, 41581, 101050, 49043, 4852, 21948, 97682, 56106, 53109, 25639]"
118690,"[57795, 42226, 89630, 60491, 83707, 98511, 75883, 8118, 66837, 90630]"
118691,"[97144, 83094, 4020, 39703, 40702, 54352, 95735, 7966, 20031, 25785]"
118692,"[13177, 22639, 71045, 76042, 69186, 68877, 104635, 79484, 62957, 105376]"
118693,"[91425, 102865, 74270, 15602, 61186, 10031, 72300, 65621, 14961, 5508]"
118694,"[4409, 84152, 19399, 16396, 55834, 93729, 32789, 105558, 37533, 11260]"
118695,"[75814, 74155, 25712, 98054, 40986, 79581, 97925, 94738, 24332, 17812]"
118696,"[77265, 17511, 37413, 69065, 92763, 58023, 30438, 86480, 88567, 109604]"
118697,"[95391, 1702, 101836, 54310, 98354, 26579, 45230, 63206, 61799, 30081]"
118698,"[62569, 87968, 87371, 67015, 2234, 14274, 8974, 87782, 72260, 73221]"
118699,"[44014, 63103, 89657, 57073, 99805, 49464, 30953, 32815, 33300, 55827]"
118700,"[41924, 9280, 57098, 8962, 69159, 45728, 90286, 33153, 39938, 54065]"
118701,"[53888, 33114, 107053, 27288, 5150, 72342, 77235, 59772, 87529, 103247]"
118702,"[64145, 100968, 89329, 30967, 5002, 11193, 36350, 65591, 103813, 20867]"
118703,"[108736, 80030, 18410, 17093, 79001, 28709, 97369, 77463, 102723, 95832]"
118704,"[83456, 15033, 95678, 76859, 59107, 83809, 59730, 64146, 77833, 61528]"
118705,"[28957, 61933, 66909, 92805, 10852, 16022, 9423, 56431, 67392, 6914]"
118706,"[103745, 100495, 13945, 95986, 14923, 102417, 53902, 37401, 72012, 40942]"
118707,"[1094, 104828, 94472, 61597, 70964, 61744, 77948, 47230, 11278, 53677]"
118708,"[15519, 4714, 72453, 90027, 86059, 61132, 96925, 30404, 3143, 30361]"
118709,"[60340, 96364, 83388, 80008, 29510, 85571, 84873, 69444, 93492, 66687]"
118710,"[26397, 86978, 79501, 55209, 97984, 69857, 104443, 41818, 78599, 56110]"
118711,"[81206, 103457, 98839, 13205, 27903, 27058, 38958, 42633, 107299, 5273]"
118712,"[86190, 63067, 76173, 67978, 36253, 58880, 43860, 94788, 41063, 74479]"
118713,"[14182, 32014, 63056, 103541, 64236, 44601, 656, 10656, 24835, 87392]"
118714,"[28453, 54313, 101507, 25062, 67243, 11093, 97790, 3879, 53391, 29026]"
118715,"[48412, 81086, 96104, 31499, 52321, 71636, 94928, 72172, 80282, 32497]"
118716,"[52330, 7589, 83495, 79498, 18990, 99365, 60579, 39479, 108761, 57504]"
118717,"[1849, 101232, 97821, 73850, 53067, 6722, 59132, 53654, 102228, 62487]"
118718,"[106977, 84213, 104489, 58789, 70900, 15321, 62511, 54101, 28501, 74566]"
118719,"[74674, 18440, 26098, 94883, 69029, 51522, 89853, 7283, 80623, 30771]"
118720,"[43144, 4256, 107652, 9421, 88247, 46693, 24441, 16010, 8972, 98240]"
118721,"[28538, 44124, 103851, 73300, 62297, 70432, 49609, 68763, 24068, 52946]"
118722,"[71772, 1822, 48498, 102310, 55640, 40809, 99101, 31193, 44357, 13325]"
118723,"[32707, 15386, 45552, 29069, 77411, 62889, 17012, 81174, 72953, 2751]"
118724,"[28707, 56243, 16951, 10169, 76792, 67523, 2034, 51104, 18032, 21306]"
118725,"[104870, 101387, 80537, 51802, 98205, 54592, 59299, 19398, 102673, 103402]"
118726,"[13359, 1982, 2249, 83326, 55200, 29082, 85957, 76565, 47120, 27463]"
118727,"[35103, 72798, 46477, 89033, 106025, 7601, 102834, 41729, 62479, 15262]"
118728,"[100282, 10933, 57951, 17918, 98452, 75270, 74845, 8604, 10834, 104391]"
118729,"[68866, 31255, 51542, 76992, 37292, 95896, 69193, 83909, 93321, 11690]"
118730,"[60736, 74762, 87409, 29740, 92883, 4962, 49376, 19141, 85057, 41593]"
118731,"[37030, 93813, 50284, 96274, 65693, 52145, 104715, 8125, 18003, 51360]"
118732,"[108862, 88423, 49494, 99349, 30736, 73746, 56890, 22630, 1606, 39194]"
118733,"[11187, 74583, 89396, 107533, 53736, 103194, 74766, 69947, 53330, 12742]"
118734,"[9372, 88828, 26379, 91183, 4286, 48045, 53055, 29830, 16483, 16708]"
118735,"[21437, 81201, 107443, 69108, 86131, 95674, 64088, 31181, 31823, 81051]"
118736,"[103675, 51181, 2585, 26533, 20584, 76352, 71520, 82970, 3232, 73943]"
118737,"[94615, 92131, 36860, 84164, 55915, 55350, 67747, 26034, 70143, 27511]"
118738,"[40771, 47321, 77726, 54112, 57647, 8039, 21060, 93713, 60899, 61049]"
118739,"[76766, 77561, 51639, 82479, 44307, 78279, 37924, 14099, 69808, 37060]"
118740,"[19657, 72360, 90749, 89399, 21435, 109406, 83405, 35220, 24356, 72562]"
118741,"[6796, 4969, 74869, 14348, 8067, 109061, 39357, 22696, 38336, 83533]"
118742,"[24499, 13509, 11641, 16432, 107401, 61589, 50589, 65492, 85306, 47305]"
118743,"[73621, 63611, 98591, 4363, 54813, 67779, 57469, 79039, 52518, 71409]"
118744,"[13243, 21106, 105541, 18308, 81222, 48834, 13326, 17438, 86290, 24563]"
118745,"[95423, 43979, 25810, 48603, 64047, 46522, 34197, 62085, 91695, 87842]"
118746,"[76678, 76069, 26739, 90360, 96379, 63614, 104280, 50143, 55589, 43829]"
118747,"[15395, 61022, 26823, 108623, 93916, 98850, 89697, 27129, 54042, 55665]"
118748,"[20234, 52490, 39517, 46438, 65515, 53481, 15338, 58847, 33534, 22422]"
118749,"[40763, 74929, 50252, 178, 82686, 27358, 55189, 45522, 87820, 98134]"
118750,"[75795, 82171, 80928, 76947, 105317, 4906, 45471, 18762, 47858, 75248]"
118751,"[109066, 61943, 45406, 86008, 33517, 27387, 62481, 14696, 99201, 78623]"
118752,"[68544, 44290, 47089, 98207, 36133, 62411, 55144, 68864, 64234, 105130]"
118753,"[47177, 103231, 5233, 54358, 10849, 6218, 52537, 38948, 58377, 93624]"
118754,"[65686, 15325, 64252, 2910, 20865, 95489, 92234, 34324, 66613, 46649]"
118755,"[46470, 84663, 99229, 89778, 33291, 109697, 42325, 84824, 109767, 15544]"
118756,"[4935, 52621, 21789, 55542, 86306, 20237, 50866, 101036, 4340, 56660]"
118757,"[4494, 4148, 39847, 22645, 62478, 81060, 46372, 62177, 99238, 65835]"
118758,"[16495, 18154, 38431, 17363, 84654, 10079, 97650, 79759, 5849, 47554]"
118759,"[71888, 63833, 32057, 81430, 108670, 62261, 94962, 71479, 71329, 40275]"
118760,"[49350, 3534, 23730, 99329, 109744, 76359, 11331, 74575, 38327, 34539]"
118761,"[53302, 20463, 62944, 103407, 13130, 66912, 67725, 58846, 103727, 71348]"
118762,"[40034, 106564, 86961, 37684, 85484, 81416, 6316, 32139, 99532, 97459]"
118763,"[101430, 104387, 54634, 91630, 15660, 98499, 57854, 8783, 50367, 40753]"
118764,"[55564, 108652, 4591, 23263, 20231, 98269, 35768, 7760, 66764, 50276]"
118765,"[77923, 21551, 86672, 63425, 87308, 45232, 57494, 80259, 86388, 41990]"
118766,"[74032, 30890, 44616, 6034, 15646, 32770, 43591, 6958, 31817, 10452]"
118767,"[105201, 35067, 68032, 87684, 82917, 56413, 52545, 27959, 59161, 20802]"
118768,"[9680, 77886, 22586, 35873, 15099, 56522, 65186, 3935, 38559, 45413]"
118769,"[109715, 52527, 41969, 37200, 37393, 31896, 97978, 47696, 9974, 15027]"
118770,"[77198, 75748, 37124, 99455, 86295, 104414, 108942, 80609, 35741, 66259]"
118771,"[84566, 43110, 71188, 71649, 67918, 78897, 61937, 4716, 88848, 10019]"
118772,"[101089, 9144, 59855, 108565, 89460, 102272, 56138, 73671, 10157, 26088]"
118773,"[87875, 54808, 94782, 16827, 68865, 104739, 74463, 52575, 46825, 108960]"
118774,"[20150, 37973, 17706, 17743, 29838, 98688, 102117, 81103, 4754, 49365]"
118775,"[33169, 26951, 34601, 49690, 65430, 52420, 39403, 75321, 40505, 75500]"
118776,"[98977, 99958, 70854, 67108, 93161, 33655, 2846, 103940, 82750, 70110]"
118777,"[20904, 75963, 98461, 89455, 66150, 36280, 6105, 9502, 29191, 47219]"
118778,"[41682, 93625, 50496, 6634, 8950, 49773, 98684, 107869, 95240, 72416]"
118779,"[54944, 100353, 63604, 26120, 7429, 85722, 31413, 27470, 22970, 14552]"
118780,"[47745, 35707, 100022, 9307, 91508, 61232, 40682, 32382, 54829, 56003]"
118781,"[60992, 60940, 30959, 103648, 89853, 79314, 63462, 56092, 90617, 51522]"
118782,"[12974, 20720, 82644, 13587, 72618, 91429, 71248, 29126, 17916, 53475]"
118783,"[107821, 45833, 10257, 62723, 90393, 71315, 36228, 36154, 91483, 9823]"
118784,"[54159, 84612, 57180, 95810, 59188, 83882, 71163, 26449, 97856, 64648]"
118785,"[107036, 89030, 28064, 1819, 15650, 1582, 52392, 33388, 70390, 107662]"
118786,"[76685, 4287, 89780, 12555, 38222, 91738, 24267, 16445, 26112, 6318]"
118787,"[14915, 60934, 27866, 40359, 74009, 39393, 64986, 96160, 18906, 80891]"
118788,"[30529, 20472, 34037, 49096, 10772, 66193, 53710, 34258, 10469, 63792]"
118789,"[93698, 62367, 16048, 34524, 89458, 47329, 88501, 89656, 15774, 45233]"
118790,"[42469, 25634, 35137, 75688, 80408, 80039, 27685, 19581, 92929, 77387]"
118791,"[20942, 70340, 84577, 43282, 60955, 67496, 3330, 83006, 106554, 69528]"
118792,"[46790, 12390, 93847, 28808, 89172, 101799, 95378, 39556, 96228, 36694]"
118793,"[91271, 34175, 18773, 98791, 10435, 3552, 101798, 40721, 12090, 61283]"
118794,"[108228, 29074, 12335, 6834, 87285, 67986, 12739, 76304, 26948, 98016]"
118795,"[18996, 84172, 77304, 37765, 29848, 21077, 86, 64057, 16839, 29116]"
118796,"[36754, 28932, 105838, 59295, 41536, 39981, 48183, 7579, 75681, 107019]"
118797,"[98208, 53018, 41883, 49244, 63347, 32936, 106198, 108237, 76283, 64762]"
118798,"[86282, 19845, 38078, 99614, 41451, 45082, 1073, 94475, 29972, 56175]"
118799,"[95921, 56037, 8986, 25788, 50797, 81509, 66966, 104688, 86711, 26746]"
118800,"[44129, 22792, 19269, 12621, 35258, 92824, 37671, 76669, 54756, 79127]"
118801,"[58784, 103414, 55686, 55670, 45530, 13727, 97926, 38864, 100879, 15775]"
118802,"[42996, 76970, 62170, 18584, 107109, 50374, 45046, 80859, 96279, 69842]"
118803,"[56227, 80611, 68842, 9326, 63870, 96865, 47340, 103794, 30949, 97894]"
118804,"[71863, 54685, 36587, 100040, 66879, 45386, 71064, 69126, 58649, 98]"
118805,"[7611, 84890, 43315, 40626, 1777, 77924, 76370, 77837, 51381, 6524]"
118806,"[99779, 92782, 41477, 585, 3932, 79308, 106085, 24700, 71213, 56636]"
118807,"[86285, 11938, 64954, 67346, 64348, 26188, 51589, 88995, 89954, 94545]"
118808,"[37876, 41593, 48956, 50719, 72814, 55347, 7693, 108647, 13204, 38142]"
118809,"[40439, 107118, 55065, 89111, 81311, 76339, 62628, 60274, 16947, 36491]"
118810,"[91638, 70584, 96147, 52855, 3463, 41607, 64589, 6932, 62396, 25708]"
118811,"[40542, 65737, 38994, 40899, 65162, 45444, 99622, 108221, 75656, 28161]"
118812,"[46178, 80777, 67947, 30092, 102184, 96488, 29524, 59115, 97906, 22362]"
118813,"[36671, 23076, 94828, 45751, 11258, 28153, 81426, 56130, 59769, 38785]"
118814,"[62835, 34769, 57813, 92980, 97006, 78972, 69949, 31952, 17530, 59835]"
118815,"[72936, 73105, 33505, 74084, 10640, 102249, 48026, 5720, 107694, 50414]"
118816,"[22304, 107646, 25108, 29355, 87795, 19949, 48664, 84410, 44929, 41882]"
118817,"[99067, 88506, 90167, 54886, 49688, 92927, 92566, 108872, 61871, 41480]"
118818,"[13779, 104756, 88894, 103155, 5704, 67459, 44470, 25957, 5552, 106233]"
118819,"[40462, 49788, 76451, 1362, 18527, 78175, 34127, 36988, 86987, 69308]"
118820,"[101767, 24100, 10076, 5760, 37481, 84155, 25266, 13441, 70754, 32399]"
118821,"[4879, 60290, 57626, 75861, 101793, 70207, 37613, 39623, 76209, 51252]"
118822,"[34894, 107983, 49923, 18725, 71025, 18950, 91664, 75501, 63816, 82965]"
118823,"[97417, 56927, 19463, 14204, 23789, 19847, 47234, 32100, 109136, 53539]"
118824,"[98135, 52216, 22075, 36241, 95596, 26396, 95183, 56222, 6446, 40048]"
118825,"[33571, 1332, 33318, 100032, 97522, 52708, 1432, 23526, 10074, 10769]"
118826,"[102534, 20825, 72683, 104525, 68520, 98238, 12013, 109497, 56948, 78053]"
118827,"[98899, 49966, 8909, 65187, 43195, 39565, 68078, 1215, 99524, 101929]"
118828,"[22307, 94035, 59682, 21738, 78917, 66220, 48893, 10058, 53390, 78151]"
118829,"[72857, 99231, 26195, 37797, 3624, 9882, 81351, 67156, 85338, 18174]"
118830,"[75303, 109410, 96075, 62265, 64094, 51899, 47721, 46626, 39984, 75038]"
118831,"[79268, 63004, 20857, 55464, 29136, 4676, 55770, 84239, 702, 11230]"
118832,"[20197, 15641, 35868, 3272, 24204, 95725, 7472, 25824, 91892, 68856]"
118833,"[11351, 24922, 43449, 72772, 44794, 102573, 43781, 52981, 10773, 50999]"
118834,"[11180, 72567, 86622, 6939, 19605, 12573, 77305, 2835, 97324, 86893]"
118835,"[5930, 94073, 108632, 73732, 61177, 62344, 30744, 28303, 16842, 47030]"
118836,"[88078, 44544, 102053, 104634, 64968, 81511, 101325, 96220, 15980, 84808]"
118837,"[61836, 24798, 82630, 80683, 44602, 4925, 74778, 108013, 77335, 61107]"
118838,"[36297, 83838, 94294, 84586, 31971, 11722, 61630, 36310, 32203, 53821]"
118839,"[40718, 107289, 37782, 90569, 16043, 69346, 52679, 81771, 109008, 101662]"
118840,"[34482, 8575, 49948, 53136, 64006, 96609, 102296, 95818, 67254, 78092]"
118841,"[25572, 62977, 64353, 11079, 102145, 49857, 36356, 36276, 89810, 96596]"
118842,"[98067, 68360, 6326, 43989, 62831, 1721, 13457, 96308, 100999, 100418]"
118843,"[1826, 74003, 54641, 60646, 98453, 24945, 51038, 66384, 109482, 109373]"
118844,"[14195, 63930, 99338, 14217, 40805, 89807, 98361, 50548, 94970, 58102]"
118845,"[60021, 108142, 62852, 47850, 73267, 100560, 83268, 3774, 87886, 11841]"
118846,"[97659, 100506, 31785, 108278, 45609, 107690, 44291, 2338, 94109, 61390]"
118847,"[63536, 49654, 100071, 89163, 51984, 98252, 10511, 93089, 5962, 38640]"
118848,"[24637, 77156, 88718, 89319, 597, 106428, 34253, 72820, 50777, 10970]"
118849,"[68884, 97945, 82005, 83786, 44658, 34030, 74072, 61794, 69744, 75807]"
118850,"[19928, 105143, 83539, 58416, 82576, 64722, 97845, 72308, 30526, 78671]"
118851,"[9802, 64258, 80392, 7458, 20333, 72908, 8979, 22129, 9545, 53115]"
118852,"[76661, 26585, 67019, 25475, 45874, 103732, 70627, 100148, 91424, 42993]"
118853,"[2215, 63018, 93464, 41995, 51816, 38419, 14695, 31200, 60209, 108783]"
118854,"[68023, 67861, 97162, 61523, 68435, 13114, 91197, 47592, 8406, 16681]"
118855,"[89759, 7433, 99501, 17687, 77555, 98183, 95795, 81669, 17619, 38709]"
118856,"[35970, 8088, 54171, 102003, 51484, 11911, 58404, 79485, 49760, 34900]"
118857,"[47283, 56817, 75242, 57927, 47591, 98150, 24914, 8736, 962, 58923]"
118858,"[71717, 38874, 108104, 91320, 97613, 32663, 67167, 30513, 88699, 39853]"
118859,"[9686, 19993, 91129, 33107, 58219, 98923, 100515, 37601, 11871, 81904]"
118860,"[47839, 99096, 77404, 101017, 10976, 53626, 83812, 25335, 25901, 100694]"
118861,"[11987, 52443, 27765, 58610, 85047, 78024, 100140, 46565, 90733, 73455]"
118862,"[50296, 96081, 31725, 98997, 53825, 104813, 9547, 43845, 18126, 1981]"
118863,"[83920, 54113, 67209, 87149, 18461, 63464, 78641, 16288, 32860, 191]"
118864,"[64830, 24325, 33626, 105571, 27028, 28274, 59594, 16320, 76158, 65583]"
118865,"[98102, 82879, 51029, 36193, 23587, 3472, 18917, 105052, 46282, 83708]"
118866,"[80346, 22438, 95561, 63235, 36845, 73531, 86211, 69716, 93588, 59265]"
118867,"[78551, 957, 25493, 65688, 4947, 106618, 3904, 72733, 21337, 54693]"
118868,"[32666, 74449, 46831, 27478, 86015, 58974, 66461, 19130, 31336, 16602]"
118869,"[63408, 65252, 71169, 108504, 109050, 41443, 101948, 82418, 101444, 64170]"
118870,"[14095, 102631, 10266, 48758, 36403, 91556, 33380, 68336, 24132, 58038]"
118871,"[60877, 29697, 20794, 51810, 97556, 52661, 16052, 51141, 47276, 28477]"
118872,"[74501, 20883, 55460, 13870, 69392, 48719, 11048, 4775, 106076, 71050]"
118873,"[67857, 97008, 27215, 9274, 90442, 85361, 76197, 90435, 24459, 43568]"
118874,"[2385, 15364, 39797, 7275, 101589, 40555, 15585, 21067, 26263, 39477]"
118875,"[83463, 87224, 269, 69184, 93917, 68468, 22505, 90719, 695, 103111]"
118876,"[9665, 67597, 21943, 97567, 59424, 67677, 13605, 97697, 33085, 66751]"
118877,"[55765, 88775, 90621, 101147, 16993, 7731, 32507, 85965, 38045, 3240]"
118878,"[37852, 8045, 29374, 46768, 45873, 75772, 81423, 47752, 103317, 82320]"
118879,"[66095, 26984, 18824, 109111, 81722, 104653, 72585, 38699, 74436, 4278]"
118880,"[72859, 58883, 23163, 24930, 99208, 103660, 80185, 37212, 30386, 50819]"
118881,"[56987, 87355, 47818, 20564, 78292, 95376, 52164, 51845, 76267, 57298]"
118882,"[97992, 33302, 17630, 33427, 39111, 83495, 76730, 35710, 71979, 51358]"
118883,"[104728, 50593, 53833, 96158, 11617, 79995, 66616, 50510, 77065, 80190]"
118884,"[68790, 16157, 69538, 14257, 46593, 62790, 105100, 31382, 60514, 81157]"
118885,"[84542, 71121, 100850, 11037, 33375, 23423, 19926, 82862, 46489, 64390]"
118886,"[7200, 36518, 27414, 84984, 9766, 27961, 82347, 10868, 103950, 23334]"
118887,"[92805, 89748, 52739, 43943, 61933, 90438, 28957, 102352, 85207, 94538]"
118888,"[102217, 2099, 42735, 30530, 93067, 29333, 25102, 48868, 64943, 85273]"
118889,"[91090, 26169, 95956, 553, 93401, 2283, 26651, 10389, 1454, 63552]"
118890,"[15989, 84772, 9980, 61513, 28796, 25972, 76469, 17954, 8216, 101986]"
118891,"[69772, 104570, 38884, 79936, 87959, 84485, 11255, 91331, 89324, 101035]"
118892,"[46062, 10254, 64306, 40914, 86972, 25875, 99809, 58091, 7063, 25874]"
118893,"[96090, 2734, 61526, 48106, 49162, 104963, 72475, 83559, 62623, 24832]"
118894,"[10505, 89279, 96994, 86444, 87102, 9761, 90608, 104215, 13430, 65800]"
118895,"[34803, 57660, 98373, 82835, 49406, 85389, 50264, 77117, 91484, 94391]"
118896,"[10355, 3986, 70001, 63122, 27997, 11217, 545, 35941, 713, 94144]"
118897,"[100607, 71474, 101013, 75350, 40619, 31632, 68236, 11609, 65291, 44770]"
118898,"[38690, 21607, 99987, 80284, 43765, 5656, 33174, 68673, 62498, 77429]"
118899,"[72629, 79113, 56133, 30523, 5702, 103416, 33657, 59069, 5101, 71489]"
118900,"[6778, 78104, 94616, 68875, 80727, 41310, 103959, 10606, 101739, 86148]"
118901,"[103583, 78285, 313, 96579, 77853, 93734, 20901, 90509, 107404, 57936]"
118902,"[100575, 10329, 11032, 8758, 50, 104392, 60901, 13399, 101889, 13302]"
118903,"[20243, 29890, 11371, 30995, 64623, 28980, 14788, 45221, 51541, 78720]"
118904,"[38405, 100787, 19271, 100094, 57887, 100170, 107549, 109180, 91279, 79534]"
118905,"[84765, 43517, 8340, 40909, 106623, 57944, 109280, 101853, 65230, 80945]"
118906,"[61493, 100354, 44311, 4738, 19441, 81368, 101383, 59746, 81113, 91165]"
118907,"[82092, 18602, 40572, 88944, 7175, 33970, 30898, 26312, 35642, 48066]"
118908,"[15944, 70909, 34964, 11804, 57212, 4154, 12501, 21442, 3427, 89238]"
118909,"[18133, 68803, 91224, 82137, 76807, 30228, 73240, 1494, 38915, 73158]"
118910,"[50423, 12293, 72377, 12387, 32463, 49349, 11244, 24720, 34524, 93698]"
118911,"[97219, 70040, 107161, 21162, 78781, 10528, 77527, 15330, 19291, 10591]"
118912,"[68316, 99190, 77902, 70277, 65265, 43928, 3817, 14046, 61997, 45170]"
118913,"[77383, 19500, 54259, 74775, 18873, 42429, 72249, 41780, 63758, 96252]"
118914,"[53087, 58055, 79730, 69231, 102928, 33363, 1133, 70031, 5221, 22831]"
118915,"[100824, 85468, 45271, 33709, 94601, 42572, 60335, 682, 53870, 25365]"
118916,"[23501, 42249, 33854, 58731, 90954, 50780, 69365, 26606, 80207, 88894]"
118917,"[49305, 91809, 60986, 14081, 89785, 42062, 17424, 56690, 14951, 104803]"
118918,"[23887, 38817, 82276, 94498, 79912, 35757, 75608, 13936, 107483, 44515]"
118919,"[19141, 49376, 7693, 72814, 60736, 55347, 68802, 50719, 108647, 79644]"
118920,"[75175, 75271, 88830, 54235, 60076, 109250, 44461, 84988, 48971, 21371]"
118921,"[301, 63637, 20001, 72418, 90506, 19970, 103695, 1585, 109749, 90057]"
118922,"[38085, 14364, 17024, 35643, 39509, 18890, 36767, 102446, 52238, 9125]"
118923,"[69211, 82468, 67770, 84935, 11397, 45826, 60364, 91258, 34659, 99866]"
118924,"[40135, 99131, 64426, 21625, 3865, 8425, 74699, 82824, 8069, 87763]"
118925,"[34149, 98023, 43713, 1081, 11003, 59997, 23808, 88102, 71325, 55446]"
118926,"[19184, 92150, 8613, 56565, 70796, 27336, 8440, 58589, 65336, 80913]"
118927,"[109460, 42833, 102006, 52412, 52163, 82332, 91759, 59506, 78498, 55843]"
118928,"[84820, 88145, 33386, 87292, 10492, 3099, 49174, 45551, 54540, 83052]"
118929,"[87745, 31813, 35994, 101508, 30783, 34802, 28375, 66850, 79264, 94754]"
118930,"[68770, 44796, 98175, 294, 71524, 54426, 100152, 67433, 5252, 84400]"
118931,"[41432, 26310, 53213, 62394, 49484, 107208, 13300, 95391, 90565, 105918]"
118932,"[33176, 28145, 54807, 79846, 16020, 6190, 18205, 60314, 11762, 47174]"
118933,"[2321, 72417, 62196, 2264, 66296, 42266, 38654, 34232, 7943, 19629]"
118934,"[495, 74920, 108844, 35399, 24854, 68822, 1658, 97223, 34409, 32794]"
118935,"[4890, 92133, 70090, 3195, 27434, 58565, 85597, 9624, 30562, 101291]"
118936,"[2034, 16951, 56243, 10169, 76792, 28707, 21306, 104753, 51104, 60019]"
118937,"[37561, 97765, 67795, 40743, 10177, 63373, 84172, 37765, 29848, 18996]"
118938,"[22969, 95272, 23235, 108262, 56073, 26558, 91751, 8369, 14484, 109602]"
118939,"[77957, 107127, 3351, 47855, 94288, 66127, 18072, 102547, 33646, 25184]"
118940,"[93010, 44803, 24302, 6708, 103544, 103841, 8338, 94441, 36137, 88802]"
118941,"[68253, 76577, 35228, 60708, 4593, 35116, 4512, 82083, 104473, 21819]"
118942,"[99039, 77869, 77367, 68708, 94584, 41047, 20424, 49538, 84046, 29099]"
118943,"[89782, 35226, 22783, 90477, 10377, 32006, 3506, 108998, 54985, 91182]"
118944,"[93013, 92578, 23473, 85169, 26485, 103955, 20081, 86808, 102566, 68920]"
118945,"[36649, 22688, 87383, 46251, 76388, 100460, 97255, 79337, 87446, 70512]"
118946,"[35772, 44208, 58331, 53044, 100796, 109131, 63380, 89710, 28934, 108977]"
118947,"[57096, 45596, 76334, 40445, 11104, 88428, 105441, 102454, 62711, 96626]"
118948,"[57861, 15509, 56936, 108627, 44980, 102625, 82450, 73878, 42108, 28021]"
118949,"[107776, 103201, 75567, 90699, 66333, 34844, 40107, 71627, 58059, 21382]"
118950,"[31530, 239, 18143, 57212, 16754, 100171, 68214, 21442, 4154, 11804]"
118951,"[19463, 19847, 14204, 35039, 97417, 36532, 37247, 62549, 28144, 34866]"
118952,"[27495, 69127, 99839, 71523, 101890, 85018, 81656, 36669, 81912, 1032]"
118953,"[59957, 8181, 3775, 43119, 48017, 69587, 79277, 55385, 40204, 41637]"
118954,"[24262, 27048, 2453, 11589, 108408, 23882, 51262, 32339, 63364, 36198]"
118955,"[39056, 96547, 54606, 53615, 85851, 61131, 66428, 55216, 36465, 101248]"
118956,"[21931, 34754, 27345, 27382, 54704, 105721, 48684, 96139, 54817, 40647]"
118957,"[48737, 88618, 9488, 107745, 34566, 54574, 40379, 85285, 6040, 30970]"
118958,"[72847, 99846, 70961, 84861, 79632, 83309, 90994, 90493, 66242, 2578]"
118959,"[81414, 91096, 92164, 11476, 103309, 67171, 54091, 79237, 43937, 88035]"
118960,"[21528, 42368, 80562, 55519, 80497, 16376, 72734, 83778, 15817, 73066]"
118961,"[17890, 67477, 13842, 21198, 69776, 80559, 58987, 94177, 86723, 74192]"
118962,"[7062, 23645, 35737, 77054, 25649, 70183, 40704, 27195, 94152, 59298]"
118963,"[48650, 87757, 5384, 40860, 48365, 7390, 91035, 46171, 34958, 24647]"
118964,"[21498, 92421, 91820, 8982, 87853, 95610, 71095, 104614, 78323, 75991]"
118965,"[36974, 34676, 18836, 97747, 83050, 38237, 8322, 6790, 35470, 7835]"
118966,"[20670, 73301, 35465, 56849, 89590, 25069, 77194, 97059, 85882, 25952]"
118967,"[57430, 85561, 27405, 81407, 92997, 10840, 27598, 58887, 15920, 61297]"
118968,"[471, 48306, 105112, 25967, 21563, 100040, 66879, 24844, 58649, 88878]"
118969,"[61719, 52964, 13009, 61257, 60416, 61543, 39499, 41816, 96669, 8463]"
118970,"[35021, 77610, 55967, 61966, 79590, 58573, 10051, 74326, 71625, 13685]"
118971,"[79051, 95915, 94970, 53687, 99338, 50548, 58102, 106506, 4181, 58954]"
118972,"[23120, 109519, 88366, 50317, 5096, 70105, 62104, 64454, 84893, 82308]"
118973,"[93511, 96329, 14498, 38592, 18809, 98794, 79784, 57472, 89569, 69408]"
118974,"[59729, 2758, 104285, 45068, 35401, 11329, 13227, 33779, 56964, 96112]"
118975,"[80648, 42942, 106085, 58039, 90072, 40190, 68663, 48614, 79937, 8842]"
118976,"[72782, 91461, 60572, 47877, 80868, 57714, 89261, 56036, 22094, 98324]"
118977,"[107579, 24074, 92393, 1710, 60545, 40923, 92010, 69130, 81976, 4106]"
118978,"[56944, 16948, 32843, 31229, 88521, 37319, 101244, 16782, 44915, 10078]"
118979,"[18250, 76554, 41661, 108698, 15743, 24869, 95704, 1839, 82865, 72325]"
118980,"[30206, 109334, 77187, 26064, 44628, 35819, 42646, 38494, 105781, 48049]"
118981,"[96, 43812, 12768, 45448, 34830, 12009, 47603, 20545, 95009, 39031]"
118982,"[86515, 74487, 74233, 102603, 94093, 90556, 77061, 108921, 95912, 98298]"
118983,"[34707, 56592, 79488, 35889, 53553, 49275, 104817, 51829, 75997, 10297]"
118984,"[89531, 64044, 34541, 84241, 90085, 68083, 14957, 17263, 106882, 22461]"
118985,"[98433, 45970, 76538, 62689, 104888, 97034, 48668, 2012, 75273, 108932]"
118986,"[82194, 61454, 98098, 68274, 101744, 71570, 13418, 105514, 73973, 94787]"
118987,"[61130, 77340, 60254, 69288, 92269, 12032, 62035, 104680, 61448, 92025]"
118988,"[52527, 45539, 41969, 95086, 9974, 47696, 60204, 37200, 15027, 37393]"
118989,"[43382, 92457, 35701, 56718, 13330, 33979, 86354, 71976, 77912, 96579]"
118990,"[40199, 74331, 62400, 29446, 104078, 104216, 58147, 48228, 89025, 22363]"
118991,"[89538, 15247, 18194, 56058, 91858, 72453, 43090, 27386, 12486, 5875]"
118992,"[25917, 39184, 45759, 99832, 105155, 50461, 105053, 87217, 105836, 98798]"
118993,"[16538, 69424, 22562, 12554, 2709, 38223, 13289, 40893, 29780, 31688]"
118994,"[52866, 108902, 97338, 54840, 37199, 278, 39583, 27831, 26348, 75209]"
118995,"[27972, 102443, 9028, 10336, 41438, 52980, 38632, 84476, 84192, 54657]"
118996,"[27599, 15042, 20673, 153, 38336, 83304, 82292, 78637, 64565, 47398]"
118997,"[30442, 93424, 48040, 22205, 38999, 19527, 22402, 60616, 61896, 64268]"
118998,"[845, 97523, 89418, 42112, 74236, 55775, 7552, 104956, 45280, 8661]"
118999,"[99009, 31887, 15061, 27525, 32467, 67340, 15963, 1844, 64082, 44739]"
119000,"[40603, 62609, 38774, 73159, 75622, 91593, 34035, 89212, 96388, 24181]"
119001,"[106494, 91588, 75977, 88782, 93270, 97609, 39879, 99130, 79498, 45187]"
119002,"[109400, 41169, 34934, 61550, 5029, 104496, 106627, 31277, 58213, 14339]"
119003,"[9145, 87090, 106476, 100274, 98379, 20768, 52233, 30474, 77392, 6843]"
119004,"[49102, 11427, 59459, 64502, 7946, 12074, 60803, 57831, 89487, 26029]"
119005,"[33495, 97884, 16278, 41687, 98442, 33728, 73515, 25746, 73441, 66141]"
119006,"[65844, 31723, 81075, 88696, 105217, 8503, 23347, 96826, 104802, 54140]"
119007,"[61969, 15372, 53059, 28075, 81313, 76016, 37323, 25959, 82889, 10678]"
119008,"[87492, 78133, 18125, 13814, 13137, 51191, 11398, 21269, 76110, 107883]"
119009,"[85130, 105509, 66616, 64892, 92273, 12515, 2766, 36909, 98759, 79995]"
119010,"[2544, 36265, 36969, 29137, 42611, 72103, 88882, 17216, 105991, 56668]"
119011,"[47961, 89711, 27157, 107247, 106563, 97889, 33372, 10761, 81959, 2021]"
119012,"[38709, 10101, 108161, 32728, 50584, 75690, 17501, 27223, 54909, 41136]"
119013,"[36960, 24010, 13992, 34100, 47495, 98516, 65107, 51991, 20868, 22380]"
119014,"[60748, 1178, 4140, 69967, 72326, 14464, 44072, 45295, 11401, 18073]"
119015,"[79047, 68417, 87807, 30121, 48326, 94086, 72615, 43593, 12138, 4749]"
119016,"[65867, 45305, 81393, 8410, 33629, 88736, 105684, 1024, 27916, 30703]"
119017,"[78958, 36814, 15261, 12800, 2990, 28738, 28026, 106211, 108915, 12567]"
119018,"[66584, 43798, 8103, 37702, 73803, 18402, 2636, 39792, 72569, 1657]"
119019,"[93168, 22300, 95727, 82394, 102326, 65201, 53740, 81053, 20699, 15210]"
119020,"[72899, 50060, 68178, 91360, 52696, 93223, 107957, 11164, 17587, 70149]"
119021,"[98193, 82374, 52653, 50475, 48274, 56933, 65710, 108247, 63873, 20327]"
119022,"[12435, 23634, 36662, 66971, 68346, 77535, 70215, 68990, 93515, 20757]"
119023,"[45114, 14846, 40044, 37278, 1230, 92813, 91060, 25689, 50242, 39949]"
119024,"[96083, 26339, 48273, 63979, 48843, 10554, 49997, 94800, 1042, 86224]"
119025,"[5062, 34083, 35192, 32585, 19534, 3495, 103227, 88087, 43493, 4852]"
119026,"[71208, 15122, 60243, 2958, 102756, 28773, 9847, 99739, 52806, 18170]"
119027,"[71544, 26739, 61977, 93889, 57293, 9772, 104152, 42207, 85001, 42496]"
119028,"[75634, 23981, 109473, 92779, 90567, 54264, 21058, 54316, 39339, 12875]"
119029,"[69622, 47704, 57255, 249, 89895, 95471, 65052, 9190, 14271, 44608]"
119030,"[79125, 103161, 89827, 65680, 42654, 62213, 2220, 41012, 102189, 15186]"
119031,"[77654, 13854, 96892, 12683, 70713, 38760, 18763, 92023, 76547, 34799]"
119032,"[29989, 99615, 63892, 93319, 8936, 12805, 57650, 48285, 58842, 42457]"
119033,"[29124, 67412, 9377, 103538, 61046, 93672, 87627, 21815, 34586, 63545]"
119034,"[91448, 58972, 21947, 99714, 25418, 61149, 6894, 43203, 4952, 39291]"
119035,"[95897, 29498, 47411, 47324, 86466, 19515, 10491, 71406, 714, 4209]"
119036,"[5867, 49038, 72952, 47916, 39591, 73369, 26724, 21477, 84862, 100498]"
119037,"[4504, 68987, 93645, 52152, 30341, 105051, 22467, 21197, 8017, 18390]"
119038,"[96608, 85157, 2450, 33510, 92775, 6068, 1503, 17783, 95321, 109483]"
119039,"[14837, 98080, 5226, 734, 107169, 86717, 24668, 106220, 25046, 49361]"
119040,"[74678, 81933, 31345, 50672, 8483, 32576, 58952, 1842, 87534, 3444]"
119041,"[1238, 10710, 46021, 103110, 63858, 92606, 73324, 78734, 77256, 52918]"
119042,"[101511, 98295, 18649, 50942, 46203, 24680, 72686, 39753, 51612, 75219]"
119043,"[71406, 94926, 47411, 34423, 47324, 95897, 19515, 11432, 74268, 102546]"
119044,"[1353, 22168, 44276, 63141, 75983, 87251, 21088, 109348, 68927, 75397]"
119045,"[22848, 31423, 87394, 62088, 18247, 41196, 96618, 27643, 61137, 105918]"
119046,"[92401, 3889, 76445, 83078, 99386, 54893, 46488, 97012, 105325, 102105]"
119047,"[92056, 40393, 26483, 68577, 108853, 33127, 28137, 37915, 53170, 60219]"
119048,"[41675, 46422, 3645, 22775, 77371, 96047, 106005, 102788, 18515, 52109]"
119049,"[33560, 73509, 95371, 59578, 103593, 106555, 41351, 97735, 82828, 108709]"
119050,"[38327, 16311, 44734, 109744, 39789, 3534, 107931, 33414, 42739, 92840]"
119051,"[64283, 91275, 56149, 2483, 52331, 105834, 58576, 1772, 49995, 28992]"
119052,"[35929, 63394, 40805, 98361, 30212, 92801, 57685, 30405, 4181, 6978]"
119053,"[28332, 36599, 74081, 69699, 79981, 54338, 20788, 41815, 102866, 55792]"
119054,"[65318, 52175, 10623, 39327, 28605, 92733, 23176, 49428, 46736, 75758]"
119055,"[66777, 90500, 47314, 56652, 18024, 29005, 102737, 61229, 31798, 76146]"
119056,"[57314, 38553, 34102, 96191, 93816, 10378, 95138, 94022, 61461, 67468]"
119057,"[102937, 80760, 10906, 98251, 109289, 16068, 12935, 105491, 51728, 14732]"
119058,"[69611, 107077, 40774, 49297, 95255, 22632, 25378, 80982, 96981, 26528]"
119059,"[45474, 90597, 69945, 91286, 38866, 82873, 87111, 31317, 95011, 53461]"
119060,"[73307, 75008, 19100, 55043, 101303, 47960, 107780, 38398, 65663, 73843]"
119061,"[70351, 33945, 58319, 63489, 57502, 75627, 99038, 69988, 101755, 58782]"
119062,"[82141, 54246, 17580, 5983, 44706, 43280, 23782, 68715, 91263, 102323]"
119063,"[15522, 23922, 94816, 77978, 22673, 31579, 17746, 54766, 104201, 50627]"
119064,"[11254, 2103, 35167, 52335, 35287, 23723, 102460, 5513, 6260, 39178]"
119065,"[2169, 49499, 97082, 85246, 9307, 8876, 83429, 79406, 75639, 73318]"
119066,"[29865, 33912, 83143, 5837, 74727, 53735, 57025, 9540, 53114, 102857]"
119067,"[40122, 71241, 43938, 53458, 24326, 33636, 38689, 107170, 17114, 36913]"
119068,"[63929, 23217, 18476, 56514, 78861, 24686, 97500, 37223, 54126, 49725]"
119069,"[3616, 68813, 6743, 24560, 25157, 59843, 41087, 19238, 70338, 36103]"
119070,"[94058, 72744, 57048, 16047, 101536, 67909, 74181, 81001, 48866, 61255]"
119071,"[71666, 83205, 71313, 5476, 44972, 84189, 32918, 58373, 7949, 102697]"
119072,"[39533, 25007, 79615, 83912, 69027, 56090, 22316, 34625, 38179, 73971]"
119073,"[9112, 47150, 4542, 78627, 72066, 5260, 89216, 70189, 30593, 57954]"
119074,"[96420, 88376, 37150, 24681, 76724, 24688, 34836, 62931, 67510, 49626]"
119075,"[99377, 38954, 69562, 21290, 1253, 41994, 4, 87877, 16528, 53316]"
119076,"[86742, 38748, 89069, 35474, 86759, 10968, 68446, 23283, 103153, 25430]"
119077,"[50529, 46570, 94786, 83703, 3800, 52667, 73978, 73027, 18489, 42205]"
119078,"[99874, 22513, 101292, 54962, 72321, 10159, 82957, 33576, 74899, 54310]"
119079,"[47403, 43300, 36081, 56042, 36855, 879, 77434, 74050, 20897, 57252]"
119080,"[28498, 39180, 62201, 92186, 78653, 25003, 56452, 7300, 27375, 83032]"
119081,"[6126, 31628, 104582, 72233, 74572, 32941, 30267, 5730, 87260, 52581]"
119082,"[100507, 41104, 32418, 81188, 95845, 4589, 79720, 10472, 15588, 59173]"
119083,"[22891, 22434, 40420, 67026, 46436, 74919, 95688, 7197, 96697, 103285]"
119084,"[58455, 109306, 3293, 45261, 811, 107415, 98958, 50392, 80197, 66608]"
119085,"[27541, 88184, 26039, 96800, 42108, 22987, 46140, 84428, 40780, 28308]"
119086,"[86256, 38064, 51156, 52337, 101651, 1767, 1101, 74909, 106235, 38026]"
119087,"[98602, 91683, 10713, 31444, 42010, 99741, 58879, 86806, 51507, 33953]"
119088,"[108046, 42174, 99673, 7288, 8831, 56520, 520, 38406, 73242, 45183]"
119089,"[2697, 72017, 29552, 105867, 82423, 38350, 69895, 73582, 44623, 90321]"
119090,"[2504, 12117, 54552, 63348, 77011, 104573, 82964, 20903, 85514, 102924]"
119091,"[65717, 21137, 68550, 53863, 81586, 109390, 102569, 30470, 85178, 82498]"
119092,"[92834, 99411, 95124, 93605, 97393, 89644, 1172, 86758, 11897, 49014]"
119093,"[9390, 101261, 30370, 91139, 55969, 20943, 83295, 79131, 100322, 34709]"
119094,"[6229, 75224, 103172, 100788, 77053, 100906, 106019, 61133, 94550, 14896]"
119095,"[16307, 14760, 67788, 43819, 31400, 81817, 92084, 90252, 42448, 19548]"
119096,"[85562, 60777, 29546, 27189, 23958, 29336, 90240, 50615, 102481, 93870]"
119097,"[12775, 104368, 60354, 73113, 99081, 27309, 28046, 23126, 96492, 54632]"
119098,"[95742, 89199, 39711, 44766, 53714, 105685, 96538, 103017, 17722, 71546]"
119099,"[43122, 92040, 18491, 99867, 95318, 77792, 81033, 9051, 53910, 51523]"
119100,"[22158, 3940, 88909, 88620, 12592, 34678, 58809, 75281, 82804, 95511]"
119101,"[10555, 20881, 77273, 77517, 84218, 73208, 60167, 78159, 89330, 91894]"
119102,"[45558, 23653, 9857, 79136, 75955, 72356, 27179, 39881, 69595, 78415]"
119103,"[33743, 75610, 53125, 41124, 32106, 90400, 57263, 71847, 29742, 91742]"
119104,"[7264, 32971, 10989, 5217, 22705, 53280, 56169, 35005, 97368, 49555]"
119105,"[50897, 79702, 65219, 30960, 9961, 49825, 108836, 49382, 51241, 76419]"
119106,"[67081, 8222, 57135, 90519, 74485, 75437, 25713, 51710, 59790, 50271]"
119107,"[19915, 64445, 7798, 46603, 71795, 64934, 54218, 88207, 19569, 63246]"
119108,"[18944, 42680, 81458, 59389, 2978, 87614, 24569, 91023, 29638, 57849]"
119109,"[21005, 80454, 109579, 105144, 105106, 33492, 99611, 37296, 28889, 38279]"
119110,"[38966, 53748, 94116, 11887, 75226, 68456, 59170, 33574, 31739, 61433]"
119111,"[13179, 66387, 7954, 39691, 7601, 10081, 59498, 78477, 71581, 92073]"
119112,"[105563, 75912, 48678, 26528, 22622, 27448, 37168, 69611, 68126, 25378]"
119113,"[76433, 69111, 24473, 1259, 100045, 86740, 21250, 491, 52338, 31920]"
119114,"[103771, 17068, 107181, 65452, 47632, 68143, 38669, 93844, 60914, 85803]"
119115,"[21352, 36959, 105886, 77672, 72818, 87160, 55536, 88245, 104629, 53410]"
119116,"[47321, 77726, 59230, 66716, 45437, 21949, 21696, 48521, 4187, 61049]"
119117,"[96663, 107460, 85803, 27267, 106117, 42793, 97946, 44802, 90118, 103771]"
119118,"[46766, 55842, 3515, 98714, 31409, 65687, 37626, 49353, 78225, 35734]"
119119,"[32417, 41117, 67761, 54143, 41642, 14526, 93756, 69227, 24175, 43038]"
119120,"[59369, 74633, 3380, 95905, 3582, 107858, 64566, 82567, 30877, 56981]"
119121,"[8832, 97110, 40309, 55082, 14277, 45512, 55675, 6991, 39598, 22547]"
119122,"[23222, 39131, 21820, 98532, 52883, 64470, 11468, 68322, 90052, 20935]"
119123,"[109067, 60564, 108061, 92416, 43305, 21915, 63550, 12956, 66766, 106125]"
119124,"[108042, 3399, 95607, 100758, 29131, 61517, 47970, 41282, 49378, 55778]"
119125,"[84127, 91824, 22868, 37358, 98217, 68095, 77716, 36226, 83238, 56649]"
119126,"[85274, 63543, 66263, 308, 64382, 69701, 3083, 98386, 6239, 76061]"
119127,"[2209, 2198, 55108, 21895, 27854, 103076, 45841, 10721, 6648, 106043]"
119128,"[5688, 83297, 31094, 86883, 109367, 85415, 63956, 21780, 61280, 55805]"
119129,"[8456, 87045, 26835, 64497, 71394, 106203, 59323, 31513, 91767, 46252]"
119130,"[51050, 16563, 69020, 49866, 14466, 80881, 92176, 10844, 91130, 78245]"
119131,"[46682, 84576, 82661, 4856, 58720, 9846, 99663, 62496, 64731, 107510]"
119132,"[44393, 15100, 5606, 49841, 25614, 88106, 57377, 63612, 25134, 84358]"
119133,"[88589, 25240, 32472, 67293, 31551, 36968, 80021, 56911, 14266, 1175]"
119134,"[93888, 108082, 10979, 63851, 95927, 87833, 3852, 46850, 5071, 101151]"
119135,"[56171, 7424, 4477, 85363, 92937, 76519, 8798, 80792, 62504, 82733]"
119136,"[33553, 59235, 63147, 67112, 11794, 35307, 64125, 98086, 39265, 966]"
119137,"[83369, 9250, 10137, 26328, 10828, 88950, 94862, 108402, 65703, 89131]"
119138,"[20491, 8676, 14480, 95072, 49495, 30770, 12803, 26296, 56378, 38633]"
119139,"[13588, 91899, 36516, 37647, 75672, 100026, 27372, 66132, 33357, 45951]"
119140,"[89481, 82059, 37472, 43828, 7420, 33088, 47869, 71251, 1002, 45483]"
119141,"[87330, 30378, 57072, 82783, 94276, 49837, 14035, 19397, 5042, 87086]"
119142,"[37035, 43419, 42008, 74299, 66278, 20598, 64523, 8319, 18464, 80625]"
119143,"[52400, 94395, 24899, 83913, 37926, 33612, 50826, 107946, 1665, 64807]"
119144,"[6966, 26128, 40794, 88163, 101200, 37055, 78890, 61792, 86317, 97032]"
119145,"[10291, 104102, 50057, 45978, 104721, 18071, 59126, 100396, 10270, 60231]"
119146,"[7775, 108057, 17598, 88017, 84752, 54949, 13278, 61865, 17747, 1200]"
119147,"[25899, 28629, 33058, 30167, 60712, 94199, 12309, 74931, 52849, 58515]"
119148,"[83519, 106995, 23741, 23919, 50678, 46349, 4126, 96274, 20495, 86528]"
119149,"[38430, 91302, 21029, 28806, 7204, 105309, 72074, 9867, 31703, 6509]"
119150,"[49561, 67303, 32140, 12998, 97344, 60950, 6024, 16679, 8441, 102278]"
119151,"[73440, 45734, 101680, 1553, 69662, 66624, 4425, 74348, 63973, 36019]"
119152,"[16811, 20967, 83509, 42361, 99545, 29584, 88087, 71419, 49999, 39103]"
119153,"[14183, 23690, 66629, 33404, 31100, 35745, 53147, 97218, 88929, 61163]"
119154,"[44907, 36911, 86964, 2487, 11277, 76293, 27031, 61960, 108878, 4672]"
119155,"[1729, 6881, 92962, 48861, 100919, 106809, 68109, 106813, 62353, 24612]"
119156,"[48041, 47630, 29387, 19228, 97872, 34292, 70642, 47868, 13631, 90505]"
119157,"[37758, 67488, 87007, 33777, 72856, 63253, 8911, 81090, 12970, 18155]"
119158,"[70934, 53570, 64444, 64556, 45843, 64699, 87376, 4275, 13944, 26065]"
119159,"[42247, 44925, 52209, 52370, 95089, 25706, 65943, 100336, 108567, 35696]"
119160,"[28181, 94566, 30557, 1747, 3471, 70897, 47474, 42011, 60549, 15290]"
119161,"[8914, 23308, 6290, 12289, 80473, 24452, 86027, 52249, 17949, 85640]"
119162,"[28126, 68784, 42309, 7683, 89836, 35240, 75877, 81312, 48997, 38594]"
119163,"[18156, 40248, 26382, 40646, 81008, 36261, 79945, 14016, 41807, 4789]"
119164,"[79205, 89362, 42095, 98445, 51273, 7967, 72611, 29239, 53700, 17402]"
119165,"[68760, 19956, 41972, 83830, 77788, 60141, 25913, 96478, 7896, 90453]"
119166,"[55565, 72518, 66472, 81247, 40924, 99688, 61307, 45597, 82403, 53247]"
119167,"[107788, 71027, 80396, 103690, 13160, 23045, 96730, 35541, 44183, 24791]"
119168,"[98036, 106875, 40591, 36685, 24284, 85167, 95469, 79474, 21183, 2469]"
119169,"[15809, 65967, 50052, 75951, 28440, 40542, 65737, 51446, 21225, 52084]"
119170,"[97769, 78145, 28491, 70544, 39378, 16367, 22298, 25021, 40179, 2484]"
119171,"[55254, 56239, 3332, 37152, 57148, 24430, 85618, 106972, 106921, 57785]"
119172,"[43179, 86009, 91331, 6431, 61044, 69940, 2252, 11557, 12362, 77937]"
119173,"[46290, 52051, 90385, 89848, 9344, 94793, 15738, 16206, 75293, 26081]"
119174,"[59933, 92376, 16335, 95008, 55978, 49581, 94386, 54419, 52758, 29466]"
119175,"[96544, 10772, 85114, 31569, 66193, 10469, 73203, 30793, 108157, 106485]"
119176,"[23025, 41720, 104168, 83955, 45292, 11090, 56414, 9437, 39014, 46127]"
119177,"[70583, 105164, 33620, 32892, 53030, 70818, 105566, 40983, 19478, 95603]"
119178,"[76129, 91399, 65810, 62159, 7038, 56435, 76385, 45423, 31562, 13436]"
119179,"[46739, 25396, 65822, 39732, 108, 87362, 72916, 29955, 29595, 6879]"
119180,"[5172, 84992, 77241, 103424, 58688, 108083, 50451, 19850, 78842, 53242]"
119181,"[83384, 8210, 14407, 68971, 65406, 4312, 84582, 95718, 2493, 61893]"
119182,"[26336, 91044, 79641, 94551, 22016, 24671, 50801, 57063, 89750, 41853]"
119183,"[34929, 5250, 61941, 2333, 89641, 77341, 100889, 14803, 50002, 69516]"
119184,"[98809, 2956, 31041, 44095, 81170, 91366, 84441, 81641, 28630, 10109]"
119185,"[67699, 25943, 89381, 99299, 102180, 86814, 80962, 16165, 12094, 9507]"
119186,"[100082, 30639, 49101, 105675, 16390, 91011, 44341, 31962, 40351, 28434]"
119187,"[97703, 80763, 86651, 24352, 8874, 25637, 69876, 54393, 59009, 12152]"
119188,"[54053, 27290, 54624, 36266, 27433, 17691, 73040, 71613, 59, 57104]"
119189,"[20872, 95488, 11639, 89125, 31083, 22021, 29184, 66099, 8350, 92319]"
119190,"[8706, 499, 100795, 82685, 21340, 43313, 75719, 85037, 78254, 26433]"
119191,"[32416, 71681, 39471, 77233, 22874, 84839, 81939, 95902, 108275, 10549]"
119192,"[50698, 27769, 50672, 74678, 81933, 32576, 106198, 8483, 31345, 58952]"
119193,"[9032, 107320, 98848, 103200, 8487, 83561, 101834, 20568, 79969, 59847]"
119194,"[81637, 40447, 23842, 80784, 104444, 58827, 5416, 67565, 66927, 2582]"
119195,"[18777, 46741, 8413, 56993, 32670, 45964, 17707, 60892, 59815, 71364]"
119196,"[101560, 96486, 55566, 8621, 6216, 99982, 40610, 67724, 91993, 104]"
119197,"[39323, 9365, 86374, 3010, 18200, 18193, 76064, 59639, 106568, 11820]"
119198,"[66452, 59473, 20450, 55724, 102791, 82045, 80406, 15468, 42438, 3922]"
119199,"[78096, 25041, 86934, 34808, 52207, 10887, 92036, 12919, 20282, 94367]"
119200,"[10594, 18749, 85490, 82567, 3582, 95905, 3467, 45350, 46708, 74548]"
119201,"[14199, 7081, 49042, 56863, 49785, 50323, 32050, 34740, 109042, 4632]"
119202,"[52408, 106296, 39018, 67135, 63276, 9771, 60414, 7302, 68443, 48754]"
119203,"[90338, 97158, 9215, 88187, 92353, 23413, 82554, 6384, 36741, 37283]"
119204,"[89059, 90644, 90532, 42866, 85612, 79015, 62469, 100611, 44474, 23515]"
119205,"[11122, 58657, 86762, 68542, 25543, 91651, 50138, 4320, 75398, 51505]"
119206,"[100912, 70433, 32629, 9657, 40394, 3310, 33552, 31090, 10268, 34872]"
119207,"[30986, 90186, 78733, 93272, 65396, 57049, 339, 79949, 25201, 93871]"
119208,"[63093, 56074, 36834, 66852, 66956, 86876, 43459, 27443, 2901, 1854]"
119209,"[89622, 13574, 106427, 35788, 27836, 109264, 59183, 81548, 31063, 15142]"
119210,"[13964, 38894, 61412, 105058, 6077, 50523, 13976, 104689, 63681, 89997]"
119211,"[14580, 61140, 57392, 35048, 8790, 1413, 69480, 55683, 28230, 16127]"
119212,"[28875, 94972, 40544, 13605, 87254, 29641, 27759, 37874, 40006, 92204]"
119213,"[7172, 58242, 40730, 85066, 49265, 13282, 13753, 771, 69062, 67188]"
119214,"[77843, 90197, 88502, 81982, 59486, 82885, 79242, 57882, 15029, 30591]"
119215,"[65431, 85211, 79243, 45013, 75548, 93112, 40750, 45536, 35880, 50863]"
119216,"[98257, 7903, 95114, 93555, 31585, 81581, 21923, 71492, 78502, 11977]"
119217,"[25257, 1831, 94295, 55188, 23485, 75366, 50192, 72885, 37971, 8020]"
119218,"[17807, 19492, 72612, 53941, 44112, 19692, 82343, 106929, 79569, 17840]"
119219,"[64152, 56847, 30210, 105825, 7242, 67898, 89751, 101377, 76671, 91041]"
119220,"[77949, 39067, 68982, 82537, 83447, 29222, 22241, 23379, 42012, 71260]"
119221,"[11688, 76798, 94844, 107527, 21353, 106113, 73668, 39728, 46268, 12005]"
119222,"[62019, 106750, 47606, 6366, 68345, 1107, 95754, 48917, 90827, 5790]"
119223,"[35265, 80700, 11609, 92806, 48416, 68236, 10550, 91128, 1351, 55072]"
119224,"[91910, 97067, 39834, 4432, 76904, 12819, 76585, 105969, 3501, 30924]"
119225,"[22003, 89515, 57737, 44243, 50048, 53899, 67353, 100177, 104475, 70103]"
119226,"[61711, 32557, 107380, 45828, 71993, 29384, 58509, 100235, 41302, 9040]"
119227,"[88733, 8762, 109115, 102490, 33881, 2061, 23375, 90775, 99493, 40110]"
119228,"[90612, 22225, 4599, 28830, 1497, 76247, 14018, 98783, 60121, 14644]"
119229,"[79767, 4705, 41339, 70507, 90446, 77926, 56498, 62203, 15850, 63480]"
119230,"[26204, 91013, 18968, 41275, 54990, 8896, 56086, 37878, 44347, 40012]"
119231,"[18049, 87591, 22322, 33102, 29058, 77791, 108440, 55408, 37796, 70329]"
119232,"[15406, 97548, 12270, 93699, 69286, 109565, 60477, 99061, 85928, 25723]"
119233,"[14525, 46728, 77863, 38218, 79793, 12291, 32312, 57123, 37091, 13766]"
119234,"[37700, 106402, 19458, 61967, 76226, 42316, 30518, 77219, 50267, 87871]"
119235,"[89647, 81166, 47389, 90635, 17651, 38059, 66156, 87837, 28912, 6455]"
119236,"[81956, 100983, 30666, 21020, 25091, 55598, 42799, 86348, 22727, 84624]"
119237,"[90062, 23288, 9026, 103187, 43024, 907, 90344, 45894, 65604, 36374]"
119238,"[61287, 62272, 64511, 88290, 69256, 99471, 22896, 17541, 49783, 1598]"
119239,"[54266, 45248, 19122, 80241, 21812, 52127, 3352, 28885, 33858, 13825]"
119240,"[86534, 97366, 101553, 1428, 97435, 81236, 17005, 40046, 37025, 96130]"
119241,"[101867, 21311, 31394, 13416, 67193, 102158, 7012, 67059, 25704, 77287]"
119242,"[78022, 6008, 38360, 75922, 54164, 93975, 65673, 61780, 66634, 35312]"
119243,"[16619, 86166, 79942, 46563, 27494, 43886, 45446, 49225, 16593, 16682]"
119244,"[56042, 5018, 57252, 36081, 43300, 47403, 68518, 62716, 77434, 52305]"
119245,"[65731, 64033, 51435, 55292, 25461, 53488, 98139, 106701, 6509, 11038]"
119246,"[37226, 68165, 33627, 5293, 95948, 25294, 8802, 54826, 10765, 84401]"
119247,"[1315, 74684, 17503, 69509, 94026, 94114, 38351, 19115, 13123, 109231]"
119248,"[4538, 71848, 94076, 49562, 97710, 1810, 17405, 27947, 4463, 8070]"
119249,"[16434, 46502, 25183, 28733, 80758, 5118, 80916, 82977, 17536, 81399]"
119250,"[94888, 70867, 50564, 99259, 93672, 92359, 65812, 50067, 34586, 28527]"
119251,"[5638, 104429, 78842, 42985, 52411, 77677, 82160, 50451, 58201, 47937]"
119252,"[5804, 78218, 33257, 94860, 94208, 92491, 42200, 63771, 22973, 47420]"
119253,"[45581, 32912, 70844, 49864, 32453, 108391, 103873, 100427, 20771, 49119]"
119254,"[2413, 101681, 45936, 54760, 99646, 51215, 2718, 900, 52, 78462]"
119255,"[27758, 67977, 59717, 70972, 100743, 67818, 53819, 103737, 52629, 33399]"
119256,"[13292, 54413, 22570, 92342, 12622, 49569, 40882, 47901, 62223, 85543]"
119257,"[51297, 68551, 51656, 72067, 73946, 24257, 103924, 59819, 48812, 20986]"
119258,"[39034, 38737, 27700, 106271, 82357, 87717, 49952, 66085, 108079, 82215]"
119259,"[89246, 79577, 30371, 1972, 109391, 108691, 31913, 91956, 70181, 84284]"
119260,"[13829, 4212, 93124, 29556, 54361, 30200, 7664, 37591, 31049, 53683]"
119261,"[82783, 32251, 8288, 43052, 82937, 107273, 89409, 33142, 19352, 75641]"
119262,"[95287, 25296, 41234, 41571, 66135, 22142, 16488, 21762, 3705, 41181]"
119263,"[53746, 105455, 91260, 44751, 74954, 106783, 32142, 73685, 1128, 25138]"
119264,"[41733, 48553, 65629, 104430, 91501, 40611, 74152, 105174, 41673, 12456]"
119265,"[56155, 46095, 92287, 100945, 1894, 105677, 75122, 93305, 83827, 62435]"
119266,"[106708, 4909, 51684, 53846, 96161, 30124, 653, 5147, 8426, 16003]"
119267,"[82651, 70157, 78604, 43948, 63210, 76926, 583, 98200, 62075, 58464]"
119268,"[20592, 90389, 31912, 80049, 103909, 70837, 8978, 45467, 103894, 45188]"
119269,"[67574, 89400, 82440, 31594, 109500, 84451, 57218, 50983, 76777, 98828]"
119270,"[24256, 97785, 106626, 15385, 52078, 45283, 10799, 1717, 13899, 75561]"
119271,"[50013, 189, 42268, 46803, 16056, 92993, 38048, 109671, 58058, 85891]"
119272,"[52079, 94239, 102667, 47521, 108827, 60823, 29418, 85857, 92443, 32683]"
119273,"[107990, 65983, 94814, 51130, 40386, 108031, 10002, 27136, 90105, 11954]"
119274,"[30107, 30375, 69139, 41693, 109408, 68089, 84932, 21315, 20857, 33858]"
119275,"[60884, 100121, 48612, 67163, 88565, 76119, 42076, 18639, 51146, 16512]"
119276,"[46612, 18973, 100818, 5648, 105084, 67345, 60932, 39431, 104256, 92837]"
119277,"[67120, 17306, 47613, 7159, 41299, 59051, 55819, 61628, 16641, 69244]"
119278,"[84605, 18274, 97734, 67605, 1435, 50123, 59353, 95841, 58175, 70068]"
119279,"[66971, 36662, 20757, 68346, 12435, 93515, 68990, 6920, 12424, 77535]"
119280,"[20352, 77170, 34999, 109613, 24573, 84967, 22216, 90820, 72104, 26217]"
119281,"[27062, 31534, 68967, 1906, 47957, 73546, 101874, 87681, 5765, 58685]"
119282,"[92980, 57813, 98087, 31952, 6028, 47368, 94686, 59835, 59471, 97006]"
119283,"[12783, 31182, 98245, 83827, 94991, 24479, 88201, 22751, 88151, 68800]"
119284,"[36610, 43744, 33376, 72072, 28525, 20919, 77133, 14842, 94792, 93747]"
119285,"[18739, 47219, 34060, 60733, 5419, 86764, 59901, 50521, 85727, 20904]"
119286,"[96501, 105628, 52254, 72839, 68631, 16488, 31014, 19398, 25296, 7315]"
119287,"[55393, 41543, 95080, 21942, 96400, 92628, 108723, 56442, 80755, 95857]"
119288,"[80836, 23966, 60593, 71748, 26327, 94240, 4397, 13057, 56015, 28001]"
119289,"[57845, 18081, 98655, 103744, 79393, 86126, 19938, 54989, 20803, 109617]"
119290,"[74732, 105846, 37194, 74645, 48685, 90450, 3198, 104164, 4484, 31235]"
119291,"[106756, 23155, 65725, 15240, 41518, 106223, 20153, 59298, 94152, 74065]"
119292,"[109146, 108265, 78886, 14490, 1208, 82048, 80670, 61669, 107758, 73900]"
119293,"[97934, 17715, 33002, 31733, 108038, 108533, 34400, 2409, 801, 30722]"
119294,"[41265, 109636, 56152, 20128, 87211, 3626, 81846, 34969, 53183, 61964]"
119295,"[62486, 45509, 45678, 61827, 89582, 47255, 74746, 71266, 11488, 100800]"
119296,"[34281, 20303, 21782, 42973, 90470, 48038, 56832, 77959, 32923, 71267]"
119297,"[31563, 43704, 1758, 50851, 11868, 52808, 86613, 42826, 86414, 78629]"
119298,"[106531, 14033, 59877, 32549, 63756, 48087, 1595, 3440, 100318, 57699]"
119299,"[10395, 55401, 45257, 80999, 28884, 74138, 29888, 41397, 37204, 64146]"
119300,"[28521, 88189, 11806, 32710, 102244, 50576, 98930, 16642, 41731, 5846]"
119301,"[95731, 100328, 102831, 78731, 77893, 48063, 47360, 29549, 14135, 85430]"
119302,"[39190, 59022, 108576, 54590, 8979, 80714, 19013, 46437, 37291, 11393]"
119303,"[89923, 75192, 31908, 8598, 51683, 57111, 51861, 49445, 106850, 60835]"
119304,"[48266, 20759, 108480, 96914, 64292, 92062, 4168, 63790, 10369, 70029]"
119305,"[7886, 98178, 16089, 99895, 20133, 10857, 57427, 86952, 73351, 28635]"
119306,"[38145, 33093, 89108, 32229, 87693, 23450, 100771, 51745, 25549, 37203]"
119307,"[80203, 59995, 10069, 89106, 102253, 97322, 63595, 41453, 60747, 61739]"
119308,"[109751, 65307, 80140, 62870, 51913, 61891, 69208, 93590, 87474, 10300]"
119309,"[65987, 32135, 63351, 77951, 9582, 96459, 19380, 17692, 49131, 17175]"
119310,"[35799, 89254, 38888, 105447, 34355, 3630, 28956, 104488, 63895, 2176]"
119311,"[79331, 45982, 63410, 37586, 62276, 51101, 77223, 106321, 1440, 70996]"
119312,"[55612, 54728, 48176, 43805, 98190, 89234, 55877, 38044, 91453, 7478]"
119313,"[1470, 40529, 106703, 30659, 37618, 105661, 77956, 36358, 80957, 24129]"
119314,"[59765, 34154, 74647, 78317, 53294, 52388, 10122, 35904, 94090, 109732]"
119315,"[89845, 44774, 11000, 62328, 74967, 103233, 94368, 100385, 81703, 62686]"
119316,"[6870, 54705, 89683, 74426, 64980, 17667, 20654, 52393, 71443, 89359]"
119317,"[3727, 43631, 84730, 7544, 100380, 52301, 74718, 98882, 85759, 103532]"
119318,"[9338, 44092, 23776, 38226, 24215, 56320, 42437, 101519, 104206, 57697]"
119319,"[81997, 89743, 3134, 39404, 48841, 4914, 98790, 105832, 86769, 67101]"
119320,"[46637, 56491, 46224, 9949, 98478, 50584, 68831, 61786, 20008, 75565]"
119321,"[75727, 76598, 45301, 92598, 40474, 4695, 92369, 67405, 91373, 29070]"
119322,"[5754, 74116, 64857, 49290, 22299, 93063, 55686, 82369, 16643, 62068]"
119323,"[50937, 99507, 11687, 57065, 96568, 58965, 84879, 16660, 104448, 16676]"
119324,"[90700, 19954, 72483, 42216, 70576, 3702, 63242, 38832, 18536, 60971]"
119325,"[87522, 70489, 71961, 49873, 63356, 97993, 87670, 100973, 97018, 100767]"
119326,"[22098, 14705, 38109, 67579, 56013, 55400, 22995, 51066, 30170, 31156]"
119327,"[20876, 92561, 31806, 61520, 64490, 38605, 46738, 61822, 88268, 55335]"
119328,"[90155, 51371, 24557, 51474, 104386, 101477, 18804, 13096, 45932, 104861]"
119329,"[22365, 65912, 73749, 59259, 50364, 44569, 14797, 8197, 83190, 95834]"
119330,"[54928, 13536, 59456, 21624, 45903, 68291, 28582, 50810, 64588, 66640]"
119331,"[105042, 53398, 69640, 95227, 106769, 15124, 43186, 63032, 5154, 43033]"
119332,"[54268, 19696, 84837, 18502, 1606, 99349, 56918, 36848, 54095, 48560]"
119333,"[42838, 65465, 95282, 93102, 73559, 29895, 40126, 28551, 18142, 31280]"
119334,"[70151, 90288, 72745, 43837, 47924, 107248, 96582, 95308, 82087, 10912]"
119335,"[14073, 96318, 31882, 13996, 23480, 39737, 6683, 43990, 60933, 102987]"
119336,"[84551, 25998, 59662, 38906, 99962, 20307, 42079, 108564, 78119, 18177]"
119337,"[39720, 81281, 50445, 45921, 30461, 8412, 83392, 26709, 54147, 71300]"
119338,"[72975, 54111, 46925, 84590, 40339, 5649, 70243, 66090, 69004, 59598]"
119339,"[69774, 49696, 53767, 92560, 84770, 18123, 3787, 67628, 87798, 12988]"
119340,"[60845, 74261, 65579, 48698, 17924, 56991, 28099, 33557, 66134, 58111]"
119341,"[68286, 4805, 9331, 76134, 83148, 3877, 30723, 29176, 101469, 106644]"
119342,"[40927, 4554, 49031, 87239, 100976, 92348, 86045, 20793, 34852, 37375]"
119343,"[92734, 61171, 66245, 22482, 90837, 51398, 41043, 7925, 106911, 93751]"
119344,"[63658, 12949, 77898, 60346, 75943, 61175, 86744, 76774, 102960, 60688]"
119345,"[62990, 32554, 44441, 43292, 9167, 48387, 80176, 2940, 90534, 39294]"
119346,"[58816, 37590, 86612, 28139, 55577, 88688, 22988, 66113, 95963, 77562]"
119347,"[73573, 33122, 106179, 83584, 56599, 101125, 100908, 19722, 99005, 79833]"
119348,"[80149, 57125, 86463, 85934, 60166, 91517, 59807, 30834, 58921, 93628]"
119349,"[88212, 8509, 50684, 85998, 108326, 77437, 50036, 51610, 81934, 31070]"
119350,"[4955, 30216, 94598, 10379, 81662, 97206, 43646, 36426, 44903, 49322]"
119351,"[6513, 83748, 86104, 18604, 68194, 17090, 107088, 109698, 7153, 9788]"
119352,"[10037, 83129, 36915, 109689, 3684, 6851, 102281, 33137, 91266, 68358]"
119353,"[7325, 52707, 100046, 9426, 85209, 12628, 74883, 93949, 98503, 69659]"
119354,"[50090, 82241, 57931, 94047, 14268, 80664, 20012, 60536, 39677, 45285]"
119355,"[29582, 15398, 13371, 80838, 49925, 12951, 856, 22963, 43654, 27556]"
119356,"[8094, 16803, 54395, 6285, 27284, 51110, 93861, 82456, 30209, 7887]"
119357,"[52638, 46867, 23688, 67009, 92594, 4500, 43257, 84023, 49292, 29523]"
119358,"[78162, 49201, 80274, 18818, 23966, 64112, 41615, 33733, 60593, 21559]"
119359,"[33438, 48784, 50543, 98374, 38753, 71238, 20066, 37666, 108575, 16415]"
119360,"[47254, 43361, 53490, 90369, 106621, 98224, 38660, 51625, 67485, 98510]"
119361,"[13570, 9805, 84900, 92216, 49367, 74019, 32310, 49355, 46038, 73735]"
119362,"[71640, 84003, 14659, 59848, 83649, 38541, 75401, 64631, 49083, 62296]"
119363,"[81072, 26551, 36637, 35913, 22890, 87323, 8782, 109431, 36561, 51814]"
119364,"[91906, 91000, 49506, 87091, 66321, 49862, 53820, 47803, 12708, 47965]"
119365,"[93183, 8368, 76031, 103082, 5480, 59992, 102082, 33824, 36460, 17853]"
119366,"[74820, 27948, 108717, 21183, 106098, 13961, 29138, 83806, 108345, 11109]"
119367,"[104703, 103850, 11895, 20813, 43037, 14922, 61426, 108779, 86279, 102232]"
119368,"[89627, 98995, 74937, 31046, 26695, 105759, 29717, 59295, 95666, 96120]"
119369,"[62945, 20118, 2463, 19659, 22214, 2033, 6623, 32544, 70830, 101298]"
119370,"[23440, 7559, 104159, 20028, 104022, 45331, 59458, 27099, 99245, 17867]"
119371,"[25356, 85014, 86085, 66153, 90470, 101123, 106724, 71267, 23056, 48096]"
119372,"[82296, 35427, 51600, 42399, 85762, 53782, 759, 10718, 15106, 104924]"
119373,"[35226, 90477, 22783, 89782, 19153, 53230, 83757, 32006, 91225, 108998]"
119374,"[67953, 55372, 77588, 45093, 42847, 84989, 106386, 68621, 40711, 105659]"
119375,"[109089, 67728, 90278, 55394, 66542, 15591, 50140, 98157, 53152, 47364]"
119376,"[30080, 82402, 84287, 103751, 96429, 13429, 99327, 22949, 95019, 97974]"
119377,"[84200, 28413, 91306, 102800, 80634, 9035, 5677, 41490, 10095, 11560]"
119378,"[27458, 1510, 68881, 101849, 46786, 93687, 107705, 90232, 77368, 36056]"
119379,"[15444, 2716, 62729, 75356, 109770, 58414, 41347, 3416, 43724, 47000]"
119380,"[61657, 42029, 32123, 107675, 22161, 24542, 41032, 84641, 47862, 84229]"
119381,"[42262, 102031, 92861, 102195, 12216, 40453, 53045, 13584, 57598, 30005]"
119382,"[103750, 5681, 66096, 34106, 41139, 31910, 71457, 91875, 57709, 47286]"
119383,"[37120, 17497, 80405, 73764, 45880, 78900, 30948, 2331, 83925, 57395]"
119384,"[51199, 96198, 13333, 81190, 35803, 6644, 26865, 67165, 34471, 100333]"
119385,"[36561, 65842, 74417, 84257, 71268, 26551, 104836, 65830, 109431, 10102]"
119386,"[76843, 7873, 78747, 10136, 84434, 81666, 53653, 30049, 34702, 53625]"
119387,"[7225, 62326, 9336, 109733, 54383, 64557, 49524, 82586, 61806, 90881]"
119388,"[4393, 73208, 60167, 91894, 84218, 10555, 89330, 109533, 79214, 31387]"
119389,"[77360, 109344, 71154, 68563, 67859, 91048, 42412, 42314, 15812, 53959]"
119390,"[29662, 79356, 44622, 33919, 5575, 50122, 53168, 65376, 78310, 40263]"
119391,"[62220, 73868, 81920, 19454, 40322, 98970, 16891, 6153, 57200, 16354]"
119392,"[83585, 7246, 93732, 106232, 33068, 105402, 53500, 37689, 64055, 44353]"
119393,"[85049, 22871, 88386, 23139, 107737, 103923, 37354, 34121, 34070, 104545]"
119394,"[92292, 87663, 1111, 33282, 1815, 91104, 57757, 7478, 72694, 55877]"
119395,"[62659, 95427, 44685, 70345, 91744, 25498, 54223, 23326, 8084, 10350]"
119396,"[98167, 37167, 43834, 99792, 13060, 66025, 1447, 62647, 105321, 98218]"
119397,"[23070, 82114, 32074, 14098, 100149, 14397, 81200, 54701, 11781, 20224]"
119398,"[43510, 78763, 70326, 57651, 53739, 76847, 66898, 3024, 45730, 82139]"
119399,"[88695, 1707, 46834, 23995, 10499, 48006, 6837, 38862, 74282, 62760]"
119400,"[57183, 65426, 90677, 32900, 97129, 51405, 64188, 63722, 37721, 85466]"
119401,"[77154, 66315, 104267, 78098, 52294, 100700, 92487, 73378, 104596, 53295]"
119402,"[94479, 39656, 86794, 103508, 41820, 14162, 47351, 99336, 58704, 33100]"
119403,"[58423, 109091, 9418, 53726, 29198, 1373, 13140, 109104, 7183, 88946]"
119404,"[103973, 80067, 97323, 79695, 16618, 79101, 104617, 68074, 51916, 23655]"
119405,"[74410, 79059, 21273, 103244, 98520, 95302, 11606, 42796, 107191, 86830]"
119406,"[88444, 91607, 21113, 101231, 85896, 108654, 67478, 19683, 54022, 43160]"
119407,"[5829, 2309, 5632, 13098, 10286, 9451, 54865, 39142, 31679, 15913]"
119408,"[93228, 101904, 90511, 83112, 4055, 63628, 96009, 39498, 24423, 64841]"
119409,"[31296, 69368, 17938, 18543, 58872, 10074, 88477, 10769, 1432, 41686]"
119410,"[74666, 106177, 95877, 43250, 20745, 58339, 79800, 106356, 6726, 16061]"
119411,"[64280, 101557, 53189, 28390, 71468, 57012, 82510, 98405, 46531, 93899]"
119412,"[43587, 19924, 23577, 19335, 93249, 109012, 89094, 11591, 45352, 33714]"
119413,"[55783, 105750, 35376, 45797, 100909, 33401, 100880, 80841, 6161, 109173]"
119414,"[13880, 61269, 78086, 10421, 69089, 45926, 51115, 16374, 32124, 11157]"
119415,"[3048, 109658, 52656, 60441, 99736, 15019, 88010, 82210, 107773, 38492]"
119416,"[16072, 10222, 46025, 91884, 18116, 7184, 21814, 16596, 84764, 18627]"
119417,"[95888, 54959, 39525, 59475, 59629, 42461, 38851, 91371, 66492, 84811]"
119418,"[3497, 71798, 98982, 51752, 98788, 53362, 9127, 90028, 48688, 37305]"
119419,"[56235, 106007, 100355, 63065, 102799, 16070, 17423, 69918, 54372, 91030]"
119420,"[22409, 92785, 40649, 23047, 89107, 79949, 2228, 91507, 44437, 13608]"
119421,"[58874, 56381, 2937, 36413, 75926, 92533, 31503, 59209, 75337, 22821]"
119422,"[11299, 32060, 10025, 55183, 55491, 69491, 107979, 95199, 84763, 9510]"
119423,"[31503, 61325, 92533, 56050, 59209, 75337, 75160, 80745, 109077, 42327]"
119424,"[95904, 7866, 28848, 29688, 75527, 87830, 106821, 69763, 27735, 40666]"
119425,"[6339, 2951, 43531, 100627, 106632, 75014, 2289, 11805, 88744, 30447]"
119426,"[34671, 14417, 75216, 35885, 21221, 50672, 2511, 11508, 30186, 32576]"
119427,"[93714, 33166, 107987, 97644, 92456, 94683, 38207, 53231, 98696, 14855]"
119428,"[91164, 29106, 33010, 102677, 87740, 10070, 67992, 75409, 82516, 73904]"
119429,"[38502, 1546, 8884, 73016, 40854, 59168, 69862, 49742, 81478, 41289]"
119430,"[78981, 19195, 32210, 58465, 92436, 6454, 30865, 80472, 24353, 94748]"
119431,"[46280, 41545, 89675, 28025, 102540, 83803, 10106, 80328, 35449, 77484]"
119432,"[27331, 92029, 69114, 77457, 19796, 39941, 94849, 7174, 62755, 101400]"
119433,"[2830, 60382, 31284, 83990, 11311, 99199, 35361, 85744, 85310, 280]"
119434,"[11794, 35307, 59235, 78242, 62274, 33553, 98086, 39265, 38343, 106289]"
119435,"[63869, 56985, 75717, 106189, 30667, 13748, 6795, 97015, 72188, 49720]"
119436,"[62424, 24778, 65296, 37561, 97765, 16839, 9283, 63466, 34869, 67795]"
119437,"[38370, 7432, 103011, 19896, 78427, 103647, 98822, 28231, 19093, 104960]"
119438,"[62229, 54921, 101276, 82923, 83210, 95586, 85603, 11907, 63582, 17813]"
119439,"[104165, 33469, 70658, 88966, 63594, 63615, 59139, 107339, 82020, 7428]"
119440,"[37286, 107573, 60653, 37957, 19165, 27065, 57052, 59053, 79351, 96265]"
119441,"[27086, 104426, 48257, 10919, 8436, 1643, 57956, 35425, 64148, 6058]"
119442,"[58560, 88889, 54524, 28644, 66655, 105212, 14785, 70792, 95400, 75924]"
119443,"[44018, 101502, 108021, 77627, 94537, 86141, 52606, 35221, 26612, 14262]"
119444,"[94328, 100967, 59019, 15730, 1509, 58249, 87423, 35848, 1550, 34158]"
119445,"[76009, 100705, 39489, 76326, 20392, 25971, 60379, 21721, 21475, 81171]"
119446,"[51614, 101192, 109742, 81439, 35068, 22124, 15549, 16094, 43656, 20823]"
119447,"[150, 60566, 91486, 29795, 71289, 51071, 60684, 65670, 20286, 17692]"
119448,"[57481, 68666, 57305, 12307, 21482, 57743, 109163, 9454, 98118, 86153]"
119449,"[29978, 78975, 85076, 68599, 42419, 100505, 90196, 2458, 53874, 23154]"
119450,"[6215, 89372, 61495, 106250, 5544, 101196, 76128, 81158, 22364, 59138]"
119451,"[85118, 27819, 38751, 67249, 12410, 22435, 64035, 14968, 11499, 33246]"
119452,"[63261, 7771, 81343, 25545, 108646, 42860, 11663, 44503, 11624, 21365]"
119453,"[65373, 579, 97612, 60112, 45399, 105186, 45488, 28218, 39530, 51152]"
119454,"[34815, 28499, 85168, 108256, 98910, 87152, 85646, 5338, 84813, 96026]"
119455,"[28262, 71130, 54666, 85563, 72405, 102716, 93529, 54533, 24966, 48002]"
119456,"[76123, 88129, 62045, 84108, 1691, 105064, 74691, 31177, 30250, 95600]"
119457,"[30573, 72069, 98749, 52206, 18852, 45408, 31980, 39004, 35886, 92119]"
119458,"[407, 44418, 60646, 109482, 109373, 68499, 22351, 83654, 54229, 54641]"
119459,"[8991, 3414, 14390, 77750, 94668, 13401, 43226, 108496, 73234, 86955]"
119460,"[38351, 19115, 17503, 69509, 94026, 94114, 109231, 12942, 1315, 74684]"
119461,"[73108, 53660, 84430, 35391, 863, 61842, 63078, 90594, 98657, 85396]"
119462,"[36022, 69403, 988, 65339, 25878, 87784, 102734, 103304, 88426, 17586]"
119463,"[66053, 15665, 13055, 14911, 54833, 74301, 47875, 109620, 28694, 36239]"
119464,"[5213, 89084, 80265, 68215, 102522, 14487, 74244, 77504, 107905, 101749]"
119465,"[33147, 59117, 22116, 31844, 6416, 81098, 52158, 85514, 14455, 79571]"
119466,"[58266, 78619, 25518, 85591, 43078, 68419, 77016, 4137, 56461, 12250]"
119467,"[57131, 61820, 47584, 78342, 96540, 8576, 52785, 83567, 49129, 96894]"
119468,"[57388, 37157, 19751, 78889, 90030, 101427, 86091, 71425, 25947, 101841]"
119469,"[87883, 99280, 19670, 15100, 29082, 88524, 100413, 36843, 66764, 54101]"
119470,"[60971, 18127, 36474, 38832, 38789, 7448, 43309, 48726, 35309, 90700]"
119471,"[38693, 103028, 71768, 107314, 623, 31348, 63237, 745, 78056, 20538]"
119472,"[6579, 16661, 80033, 72965, 7532, 101485, 25161, 104166, 38027, 44789]"
119473,"[19391, 15192, 53578, 72957, 85421, 6838, 28107, 74646, 14939, 22691]"
119474,"[16382, 29282, 97861, 46442, 60066, 80665, 22717, 28587, 101956, 60442]"
119475,"[44494, 36322, 94403, 40318, 23086, 65022, 70739, 55397, 1617, 40891]"
119476,"[70151, 62815, 90288, 43837, 47924, 72745, 107248, 96582, 87309, 10912]"
119477,"[10465, 11500, 40956, 74862, 45265, 1251, 91154, 35487, 83145, 36876]"
119478,"[43268, 100213, 2060, 74500, 109595, 57543, 45783, 5180, 86908, 59519]"
119479,"[6751, 1402, 100107, 10954, 24524, 69307, 3861, 42500, 28956, 101288]"
119480,"[69002, 71838, 89528, 27196, 55404, 33105, 55887, 102295, 2826, 70835]"
119481,"[2513, 71936, 60814, 72963, 78322, 82584, 66131, 54814, 5629, 6466]"
119482,"[109758, 12684, 99154, 2832, 56145, 96133, 95284, 20659, 13261, 95024]"
119483,"[11156, 70005, 44714, 81814, 69635, 14165, 67501, 21164, 108814, 67207]"
119484,"[6105, 88574, 41455, 9502, 29191, 36280, 9816, 75963, 89455, 66150]"
119485,"[15084, 61090, 76281, 35322, 98072, 59479, 13875, 63126, 65649, 7186]"
119486,"[84437, 80293, 46111, 8505, 90193, 15813, 3739, 35696, 102935, 108567]"
119487,"[64717, 12605, 84337, 44189, 96757, 70649, 86701, 98595, 98926, 102419]"
119488,"[92657, 9959, 1566, 20036, 6522, 52048, 82401, 10967, 9511, 15563]"
119489,"[84547, 17177, 23702, 106066, 36586, 1144, 36678, 58022, 85892, 104875]"
119490,"[73571, 51961, 66869, 76256, 46296, 2862, 52021, 33413, 65475, 40707]"
119491,"[48673, 102052, 77634, 62368, 91541, 80195, 15992, 65762, 21286, 80338]"
119492,"[77630, 63549, 95500, 7599, 98412, 104551, 77493, 55970, 4799, 22266]"
119493,"[96412, 96601, 85312, 79662, 46655, 3971, 45869, 69602, 51983, 68871]"
119494,"[56045, 76609, 52295, 16243, 85509, 27701, 41285, 89364, 91036, 73789]"
119495,"[68619, 80343, 39868, 23675, 75213, 17454, 9890, 21337, 96758, 3475]"
119496,"[16268, 24437, 95184, 20063, 7399, 1391, 82649, 48219, 76141, 97988]"
119497,"[104786, 23214, 101667, 11784, 6112, 39084, 49185, 62892, 79857, 29478]"
119498,"[76914, 59980, 100777, 41878, 83845, 71914, 103825, 45748, 72123, 44864]"
119499,"[53766, 22047, 42709, 33419, 3209, 17941, 50368, 50702, 73091, 64580]"
119500,"[76955, 90908, 108578, 4576, 92736, 89838, 22352, 5666, 93524, 71855]"
119501,"[59709, 56893, 86107, 35073, 87747, 40320, 13652, 88946, 62461, 15995]"
119502,"[17933, 65002, 79519, 70295, 10212, 44630, 73509, 73883, 46019, 16316]"
119503,"[67295, 107101, 89814, 39689, 56620, 18146, 30820, 91452, 86328, 102504]"
119504,"[15343, 87827, 31260, 84394, 67145, 103612, 69760, 79641, 29323, 106429]"
119505,"[100837, 63725, 71661, 30806, 62998, 50281, 25915, 43650, 73182, 9676]"
119506,"[533, 78396, 12363, 100764, 64551, 100513, 104318, 30443, 39734, 49778]"
119507,"[23252, 90730, 79718, 38914, 52484, 101288, 70954, 93480, 39125, 35433]"
119508,"[15986, 85092, 20440, 40272, 35528, 77603, 68386, 38222, 68589, 18695]"
119509,"[6496, 18652, 15049, 66385, 101146, 51473, 29823, 15910, 75190, 85087]"
119510,"[3412, 91487, 109207, 41414, 17601, 4386, 2011, 21531, 85989, 96945]"
119511,"[50275, 81889, 103729, 99479, 50272, 48501, 106654, 92175, 79589, 41375]"
119512,"[52494, 97021, 104069, 13152, 73533, 1399, 90033, 7298, 70394, 42579]"
119513,"[21460, 74049, 98255, 22634, 3533, 34677, 46961, 6115, 7934, 27324]"
119514,"[17272, 68525, 64111, 38864, 100879, 6073, 69988, 52033, 58782, 101755]"
119515,"[14185, 68772, 24919, 25754, 20348, 21061, 19204, 101047, 1156, 52740]"
119516,"[85723, 86827, 13915, 44866, 8893, 49395, 86364, 35150, 77188, 41306]"
119517,"[42755, 41060, 97761, 71070, 47155, 94045, 99138, 44943, 103068, 63807]"
119518,"[26796, 12902, 52662, 100772, 40855, 30308, 19968, 85332, 107549, 33065]"
119519,"[91585, 59831, 8459, 11509, 62947, 14597, 1404, 16100, 362, 60085]"
119520,"[49599, 21233, 92137, 60824, 6080, 18727, 65065, 105680, 57383, 52229]"
119521,"[65181, 34714, 35904, 109732, 10533, 22309, 61640, 68542, 55130, 90846]"
119522,"[102241, 20161, 8493, 90626, 71621, 93994, 25389, 88278, 28976, 104819]"
119523,"[41526, 56998, 2969, 14106, 88863, 24743, 26556, 25417, 81610, 25476]"
119524,"[105436, 4127, 1692, 28678, 1106, 79230, 66730, 30500, 81721, 26663]"
119525,"[4648, 93527, 93143, 87762, 1025, 61080, 43999, 12333, 3634, 34106]"
119526,"[82794, 64108, 92982, 94605, 43775, 1281, 46943, 101875, 89792, 31347]"
119527,"[95379, 84734, 96886, 68280, 2970, 9794, 47792, 19316, 46201, 7141]"
119528,"[14838, 102608, 35420, 69939, 50867, 38459, 65242, 95399, 96517, 42920]"
119529,"[78619, 80738, 83322, 52263, 70923, 34564, 37999, 62529, 15501, 63720]"
119530,"[80212, 33751, 104774, 37606, 14421, 51737, 17985, 12618, 108489, 27681]"
119531,"[97397, 56125, 76362, 43181, 13914, 45454, 88070, 17008, 81934, 12790]"
119532,"[51799, 96344, 8656, 35618, 41757, 40880, 42872, 63248, 101701, 50950]"
119533,"[2548, 37041, 101032, 76780, 85909, 2436, 71490, 44648, 52383, 49045]"
119534,"[109209, 1105, 38529, 54911, 95709, 20999, 105884, 24806, 7459, 81433]"
119535,"[70024, 11103, 85832, 70712, 27974, 54144, 103624, 100792, 8007, 40093]"
119536,"[40974, 97024, 44059, 16686, 27574, 58888, 98852, 45626, 52112, 85325]"
119537,"[42183, 89454, 67846, 75591, 101130, 79431, 93308, 80295, 58656, 90966]"
119538,"[91383, 61225, 7217, 48696, 10774, 53077, 35254, 12538, 9087, 11526]"
119539,"[77233, 39471, 15447, 71681, 11685, 6404, 46810, 32416, 84839, 21030]"
119540,"[13681, 94789, 50247, 100531, 101763, 97058, 46091, 81844, 54102, 83994]"
119541,"[106399, 91629, 83168, 17401, 37984, 76199, 36184, 105065, 108072, 80708]"
119542,"[61321, 31716, 56519, 96841, 8642, 106994, 108320, 34574, 78864, 45072]"
119543,"[59552, 52547, 17656, 86725, 38836, 58389, 22063, 41755, 95830, 78309]"
119544,"[36327, 70291, 31544, 5147, 16003, 30124, 51684, 52098, 653, 53846]"
119545,"[7565, 42965, 96073, 53195, 13574, 85929, 57060, 77482, 8537, 64729]"
119546,"[14636, 50962, 5895, 60122, 41483, 38563, 103882, 54350, 96313, 109470]"
119547,"[106612, 82697, 55621, 5882, 38692, 49448, 67359, 76492, 6197, 76438]"
119548,"[93533, 18665, 50522, 13250, 109320, 105714, 83657, 13610, 18763, 89380]"
119549,"[66304, 69263, 88028, 73474, 92378, 33071, 32198, 15849, 11812, 89529]"
119550,"[24330, 43216, 28347, 1846, 45140, 97736, 62274, 64125, 106289, 33553]"
119551,"[105364, 32865, 101102, 36119, 20179, 3310, 74083, 21937, 40394, 85925]"
119552,"[82882, 25325, 66727, 94127, 108826, 4085, 68002, 45067, 17546, 24224]"
119553,"[50742, 98332, 105770, 26688, 41701, 285, 65040, 66232, 56068, 62712]"
119554,"[98319, 9858, 12402, 73196, 4457, 30714, 52152, 36281, 9180, 30341]"
119555,"[38062, 88783, 73686, 87094, 102320, 98534, 35329, 11836, 45161, 32466]"
119556,"[81794, 37747, 18379, 5509, 19059, 40735, 47062, 92237, 96336, 30583]"
119557,"[39419, 106151, 79367, 67540, 19224, 70581, 24525, 89589, 49906, 68780]"
119558,"[36757, 17323, 87406, 21112, 64400, 42341, 54815, 24942, 60639, 7513]"
119559,"[65289, 94935, 43730, 60763, 44114, 81306, 75042, 5058, 51897, 22927]"
119560,"[92160, 74104, 85070, 75029, 57329, 32957, 13767, 3264, 33825, 75979]"
119561,"[54461, 93654, 76344, 65225, 45770, 103536, 109204, 47690, 105173, 53183]"
119562,"[77181, 84273, 21978, 57678, 106907, 40065, 53554, 89932, 42680, 62281]"
119563,"[37438, 63165, 7991, 39168, 93666, 105459, 29926, 82902, 37579, 46462]"
119564,"[55678, 58218, 33260, 57703, 96435, 102250, 6370, 72992, 64791, 99994]"
119565,"[86959, 29347, 71832, 60184, 69745, 87724, 28189, 79344, 108559, 39898]"
119566,"[76229, 57839, 62003, 36289, 36247, 3874, 50085, 50821, 11373, 31822]"
119567,"[39803, 50313, 44032, 102808, 83376, 57456, 52283, 69546, 34551, 76894]"
119568,"[65022, 4139, 105607, 70739, 35319, 46284, 40318, 11581, 26930, 44494]"
119569,"[89693, 20235, 56682, 12507, 56307, 29218, 93380, 71256, 74996, 64930]"
119570,"[70881, 51188, 92933, 109668, 67484, 50680, 91784, 106253, 64788, 44634]"
119571,"[66930, 86773, 12875, 80728, 37847, 72897, 42516, 72563, 81369, 80413]"
119572,"[15817, 13214, 93194, 71224, 80497, 21528, 108285, 52906, 80562, 27272]"
119573,"[18632, 105676, 107742, 86972, 25874, 7063, 64306, 10254, 46062, 11702]"
119574,"[26931, 20807, 93173, 44507, 32374, 1873, 19421, 39438, 93459, 19893]"
119575,"[17364, 45132, 17479, 10491, 12172, 27502, 86384, 7365, 27503, 106976]"
119576,"[69957, 108430, 73015, 77806, 55655, 28859, 40641, 32016, 78591, 16384]"
119577,"[39075, 1872, 51166, 74781, 86343, 39678, 23734, 59871, 97876, 29529]"
119578,"[77089, 82572, 47169, 90284, 68734, 81553, 77599, 16595, 8855, 80071]"
119579,"[48808, 4669, 80382, 5619, 9350, 87736, 94553, 42801, 84349, 41953]"
119580,"[108289, 107191, 42796, 108613, 97237, 46511, 78452, 36975, 104251, 25078]"
119581,"[22485, 80034, 82870, 78072, 82036, 28383, 69337, 35651, 79130, 7089]"
119582,"[93587, 46275, 39676, 105632, 35120, 70478, 99046, 3849, 14996, 96499]"
119583,"[26916, 45933, 59770, 12417, 97746, 36305, 53226, 9789, 7835, 59373]"
119584,"[15450, 83846, 27469, 48517, 39781, 18922, 103630, 96026, 30682, 35086]"
119585,"[26393, 103435, 24025, 61629, 20361, 43816, 28990, 106088, 43953, 37360]"
119586,"[23446, 50771, 71029, 45357, 69922, 49500, 93776, 106785, 86656, 36644]"
119587,"[51754, 98566, 64844, 31390, 25990, 101900, 6335, 101059, 91420, 28103]"
119588,"[91381, 57704, 21888, 40340, 18746, 58668, 96284, 76272, 87806, 1289]"
119589,"[60278, 96448, 45574, 23576, 89325, 302, 9566, 16898, 86157, 25600]"
119590,"[101846, 16624, 4366, 48122, 6614, 79871, 66613, 76030, 104660, 31466]"
119591,"[64086, 76934, 48584, 63223, 89156, 64906, 5278, 86165, 7784, 107728]"
119592,"[8304, 10318, 69033, 95407, 3547, 88777, 36284, 14218, 50583, 81670]"
119593,"[51955, 28093, 16474, 16630, 98126, 98796, 34331, 52895, 40585, 96666]"
119594,"[9368, 82115, 15073, 35262, 45711, 38943, 86763, 109159, 43256, 25341]"
119595,"[71180, 25522, 109764, 91014, 3703, 49835, 10275, 21326, 26969, 66353]"
119596,"[103331, 98277, 105121, 106116, 47515, 61096, 54742, 24927, 59790, 67991]"
119597,"[26159, 46822, 104100, 65179, 36308, 79537, 1291, 75708, 50877, 22908]"
119598,"[2812, 95981, 80587, 77552, 3477, 90536, 57905, 24984, 60796, 2320]"
119599,"[56720, 53376, 18353, 21552, 59023, 98347, 11643, 105204, 41498, 107228]"
119600,"[67744, 27858, 106123, 8182, 21409, 31511, 65464, 2862, 21531, 105271]"
119601,"[73400, 65363, 86810, 29358, 21139, 55548, 81967, 104611, 10281, 88094]"
119602,"[93208, 77051, 103802, 73907, 69989, 35692, 73148, 54502, 10695, 42193]"
119603,"[106385, 83978, 106368, 84768, 67673, 19729, 41342, 73278, 39383, 6191]"
119604,"[95963, 66113, 100951, 72121, 4020, 25318, 39703, 40702, 59675, 84391]"
119605,"[47954, 49192, 78236, 44742, 63753, 1415, 92729, 76961, 73614, 36928]"
119606,"[1053, 48171, 56400, 10244, 74965, 62805, 103277, 20826, 20878, 91518]"
119607,"[73411, 72747, 33160, 61733, 109093, 64288, 48297, 63583, 61059, 38026]"
119608,"[17279, 31810, 95582, 33225, 56730, 15721, 88680, 72854, 29016, 79840]"
119609,"[33894, 98148, 63250, 63476, 6114, 58527, 69508, 36524, 90828, 99441]"
119610,"[84000, 16955, 95745, 661, 14910, 42058, 13638, 12212, 94899, 101932]"
119611,"[21183, 83806, 24284, 85167, 95469, 2469, 36685, 101593, 106875, 79474]"
119612,"[92299, 101477, 91903, 36897, 42042, 25610, 90155, 51371, 5467, 76329]"
119613,"[92919, 17416, 92231, 71631, 12525, 46447, 62403, 7178, 35018, 14600]"
119614,"[75091, 15622, 105467, 9380, 13700, 75492, 30495, 2116, 37198, 30682]"
119615,"[40324, 72944, 61837, 69835, 96272, 35069, 93722, 106207, 39710, 99955]"
119616,"[14379, 76288, 43664, 105063, 99996, 38895, 35408, 22225, 51998, 24657]"
119617,"[87670, 60889, 46895, 56373, 23119, 57393, 85907, 49883, 43466, 82342]"
119618,"[68061, 103862, 51091, 91145, 39983, 89739, 107721, 77595, 27849, 2026]"
119619,"[53699, 50545, 101427, 71152, 7441, 21700, 32526, 99700, 107496, 62271]"
119620,"[4074, 48677, 40143, 46141, 1265, 3377, 64366, 97498, 51387, 23270]"
119621,"[46933, 63390, 37820, 7100, 37293, 45402, 66304, 50061, 73474, 11812]"
119622,"[16608, 108906, 48953, 63562, 22867, 53666, 95882, 85628, 31994, 88195]"
119623,"[24945, 407, 15110, 109482, 109373, 49418, 83654, 68499, 44418, 54229]"
119624,"[11878, 87230, 47534, 74590, 108743, 65228, 13480, 3157, 92458, 75290]"
119625,"[77535, 93515, 68990, 20757, 12424, 23634, 7525, 66971, 36662, 68346]"
119626,"[37431, 87463, 92580, 99013, 50666, 63889, 106774, 58821, 49086, 69088]"
119627,"[5314, 31451, 63868, 98349, 28194, 30983, 103488, 1077, 97529, 20829]"
119628,"[74214, 73593, 82406, 46165, 93878, 94253, 100610, 7082, 12908, 85122]"
119629,"[51196, 41921, 67310, 77559, 63881, 3354, 94892, 63278, 51940, 66186]"
119630,"[60572, 72782, 89261, 91461, 47877, 80868, 57714, 48536, 84908, 56036]"
119631,"[41726, 74566, 37998, 63214, 43294, 103222, 32092, 2950, 81339, 104129]"
119632,"[81692, 2793, 62010, 97558, 24300, 3704, 87755, 71379, 3346, 7907]"
119633,"[79728, 30572, 47488, 19429, 28834, 69993, 106581, 33998, 37309, 95639]"
119634,"[84975, 24853, 13154, 104181, 4675, 58830, 41668, 17398, 62290, 103317]"
119635,"[104699, 86603, 19682, 5463, 41385, 15745, 70639, 50726, 56406, 93773]"
119636,"[19872, 94587, 58532, 76097, 46359, 33884, 524, 60598, 43742, 63073]"
119637,"[100127, 89534, 86011, 28782, 64263, 40759, 67137, 39364, 15525, 47524]"
119638,"[105716, 20118, 108175, 70830, 101298, 84025, 60375, 62097, 74267, 89596]"
119639,"[70932, 75572, 47106, 93576, 14646, 23085, 85568, 38929, 17042, 69168]"
119640,"[58910, 29383, 55280, 89512, 20497, 97489, 18672, 53716, 13697, 20975]"
119641,"[16904, 80206, 25991, 45063, 57881, 25274, 77802, 61918, 46439, 95958]"
119642,"[18289, 98041, 60868, 45832, 101007, 66804, 7052, 20807, 104682, 11538]"
119643,"[58302, 17322, 90026, 10831, 14856, 93526, 79883, 71841, 53256, 53664]"
119644,"[74400, 29606, 85156, 2207, 92435, 79634, 106631, 76702, 86159, 67075]"
119645,"[47603, 20545, 19409, 40371, 23384, 63511, 32040, 24636, 87346, 38225]"
119646,"[107663, 67006, 11520, 70370, 42088, 90790, 10936, 10727, 23109, 11776]"
119647,"[66081, 4859, 3657, 75909, 86168, 43982, 92738, 107325, 60827, 46228]"
119648,"[88579, 4371, 35303, 86858, 13017, 60071, 25200, 21675, 146, 46431]"
119649,"[105923, 76118, 78107, 51906, 61588, 71461, 39835, 61001, 79446, 21230]"
119650,"[27830, 61611, 4151, 396, 51330, 13726, 98589, 19638, 73462, 91560]"
119651,"[47159, 99884, 87036, 76639, 57868, 51660, 7416, 38385, 47608, 17398]"
119652,"[54204, 41931, 11711, 81431, 32694, 14505, 60116, 84092, 61756, 11]"
119653,"[84253, 91681, 6840, 54385, 33319, 1080, 25690, 93179, 17159, 83075]"
119654,"[81448, 25057, 43398, 109517, 61268, 79890, 23988, 1579, 7085, 64008]"
119655,"[11765, 82961, 100381, 94942, 24825, 29500, 101851, 14234, 11973, 78942]"
119656,"[80014, 74561, 104052, 27861, 54251, 13200, 65193, 106059, 8755, 21914]"
119657,"[67588, 102863, 13625, 37940, 27010, 33329, 1118, 11343, 34438, 63143]"
119658,"[37393, 97978, 109715, 60204, 6700, 37200, 30475, 82860, 52527, 80977]"
119659,"[29220, 50356, 40409, 43071, 105221, 25529, 71720, 91435, 3183, 93949]"
119660,"[20699, 65201, 100281, 95727, 62449, 73115, 36424, 61510, 82394, 53740]"
119661,"[51111, 3087, 55592, 16963, 96336, 81440, 51493, 51017, 77571, 8680]"
119662,"[62098, 42569, 73958, 94118, 26364, 101264, 310, 76331, 96844, 81677]"
119663,"[106712, 59438, 58650, 10937, 92407, 69832, 93243, 23414, 103952, 30015]"
119664,"[29255, 52151, 47429, 40838, 9240, 106109, 75980, 4037, 36446, 38395]"
119665,"[14864, 3519, 99553, 90397, 9835, 72499, 84013, 3567, 2941, 5884]"
119666,"[19549, 89769, 50076, 39110, 65647, 7874, 81316, 34793, 79855, 93046]"
119667,"[93945, 87103, 41048, 88706, 24246, 56892, 55105, 62699, 65692, 9433]"
119668,"[50641, 10631, 101921, 38455, 24651, 88135, 43887, 66260, 4194, 29975]"
119669,"[8732, 20310, 88132, 106979, 36995, 40222, 5495, 55854, 108305, 26875]"
119670,"[30683, 39263, 86910, 47636, 38272, 102045, 93580, 100786, 67942, 56729]"
119671,"[42393, 50848, 22491, 94813, 47903, 14401, 20931, 21674, 36866, 90251]"
119672,"[23157, 92406, 6895, 18195, 39592, 17227, 85993, 61300, 86139, 74653]"
119673,"[49520, 76970, 96279, 69842, 39454, 80859, 87048, 42996, 45046, 50374]"
119674,"[13444, 23861, 77172, 59328, 16181, 13887, 24998, 77690, 5306, 66432]"
119675,"[53233, 66680, 84121, 81095, 12557, 48505, 61365, 49961, 1166, 41721]"
119676,"[108332, 93676, 19586, 78529, 27027, 43589, 29849, 39548, 10331, 81549]"
119677,"[60651, 108927, 11958, 1628, 48371, 7015, 53823, 76195, 38606, 21401]"
119678,"[108030, 28295, 47827, 41327, 108703, 87186, 105911, 28512, 37495, 55260]"
119679,"[66836, 80153, 87994, 79628, 62011, 37533, 3941, 94460, 21679, 109717]"
119680,"[16312, 106804, 79026, 21643, 74025, 80249, 59991, 49110, 19615, 959]"
119681,"[73091, 64580, 58901, 51995, 103529, 107971, 70657, 27043, 18880, 31512]"
119682,"[66977, 107328, 4202, 79008, 41775, 40503, 70383, 77010, 24306, 41459]"
119683,"[34739, 19357, 64439, 103687, 23900, 4885, 78965, 81453, 25421, 84489]"
119684,"[43384, 43501, 56241, 66441, 99305, 56849, 82294, 73301, 61185, 83122]"
119685,"[96879, 88535, 68128, 23273, 41300, 34065, 21520, 8132, 1862, 15303]"
119686,"[70350, 28651, 50744, 56176, 65709, 99678, 82631, 8293, 32552, 36397]"
119687,"[76125, 59747, 53770, 11518, 26185, 80209, 8686, 36961, 78186, 40092]"
119688,"[54769, 36686, 38392, 29311, 18708, 13144, 101871, 52648, 15309, 61587]"
119689,"[42501, 102994, 1591, 106347, 50499, 79099, 66641, 58071, 36559, 105662]"
119690,"[17317, 16977, 96507, 21676, 45432, 8010, 417, 79482, 53098, 44380]"
119691,"[81517, 15116, 18111, 49601, 96657, 91329, 51756, 92111, 51180, 9519]"
119692,"[86106, 18628, 65378, 62583, 42413, 30532, 53122, 2625, 3888, 99730]"
119693,"[9869, 67944, 90611, 41625, 33273, 54193, 12577, 89076, 43266, 89998]"
119694,"[31964, 21585, 65952, 52538, 16513, 84777, 98686, 62356, 6358, 108896]"
119695,"[75894, 93710, 89468, 47162, 4012, 65828, 102097, 87299, 86451, 53618]"
119696,"[40834, 50114, 82237, 56114, 55838, 11941, 79964, 78790, 14432, 22085]"
119697,"[77951, 49131, 109013, 5576, 65987, 32135, 52055, 63351, 31533, 96409]"
119698,"[17855, 59820, 36511, 109328, 61252, 22758, 89005, 32905, 104978, 19598]"
119699,"[45523, 62887, 47964, 9327, 67453, 92305, 5826, 82721, 97756, 89762]"
119700,"[104230, 90662, 94595, 54198, 46954, 17947, 76266, 24579, 6853, 100994]"
119701,"[97507, 76488, 97914, 25966, 94915, 24921, 68344, 72288, 6900, 51791]"
119702,"[51969, 88632, 59215, 73972, 69826, 94735, 55462, 50415, 7980, 49700]"
119703,"[17741, 837, 65790, 16603, 97986, 54786, 21559, 85547, 59794, 75604]"
119704,"[108464, 15449, 75842, 31765, 62963, 76981, 51338, 96216, 95104, 32793]"
119705,"[60183, 85852, 34394, 95816, 105926, 73487, 32172, 15366, 52101, 71930]"
119706,"[83087, 33775, 79460, 23782, 52470, 27247, 79428, 61515, 44706, 91263]"
119707,"[46438, 15338, 20234, 61576, 35588, 52490, 39517, 468, 3197, 87791]"
119708,"[67917, 29015, 25034, 45159, 84678, 88479, 102745, 82823, 23853, 59678]"
119709,"[19392, 60716, 57899, 32230, 74634, 48047, 5749, 74316, 23016, 40798]"
119710,"[65121, 18392, 69298, 101227, 71598, 71771, 48785, 81038, 29935, 88066]"
119711,"[15698, 89920, 76218, 74410, 101792, 45110, 60973, 73456, 79059, 96470]"
119712,"[37393, 97978, 31896, 109715, 89179, 60204, 41969, 30475, 6700, 37200]"
119713,"[27449, 6731, 45732, 48868, 64943, 2099, 28726, 42735, 23973, 102217]"
119714,"[93057, 9698, 97212, 98671, 68020, 81111, 23628, 52137, 79575, 25501]"
119715,"[43196, 675, 60790, 58177, 32611, 106599, 14752, 103769, 85619, 62141]"
119716,"[69365, 41294, 52692, 10139, 60193, 80091, 30342, 50780, 23501, 105207]"
119717,"[371, 91347, 59711, 92180, 2535, 50030, 105942, 12482, 63436, 104301]"
119718,"[46362, 37619, 50370, 64654, 106012, 72531, 58258, 91993, 45785, 26412]"
119719,"[99021, 97646, 90935, 102573, 42326, 66088, 69818, 14713, 88336, 108069]"
119720,"[77234, 87012, 17976, 6593, 39211, 63213, 96549, 24197, 20623, 24169]"
119721,"[11128, 58777, 45152, 61382, 71353, 24846, 50724, 8200, 3990, 33009]"
119722,"[28539, 20471, 9226, 32178, 35961, 49593, 90629, 98674, 9287, 72761]"
119723,"[20038, 26940, 46880, 77854, 24081, 67237, 19201, 84572, 51758, 5605]"
119724,"[17022, 45860, 37968, 86510, 81662, 44903, 42924, 36426, 17192, 70186]"
119725,"[17681, 79810, 57915, 83186, 85926, 29149, 103159, 100079, 79171, 24615]"
119726,"[13900, 64419, 73894, 67380, 51688, 95111, 31905, 91438, 25113, 106829]"
119727,"[71608, 82699, 8065, 41560, 103393, 48889, 50721, 79388, 25881, 32199]"
119728,"[11950, 43582, 98229, 57285, 88088, 50547, 53368, 23891, 28846, 103383]"
119729,"[4658, 19535, 67696, 99667, 76213, 16067, 104827, 18642, 28786, 65257]"
119730,"[80613, 68898, 75174, 5001, 95045, 1312, 94960, 42650, 54000, 109555]"
119731,"[62841, 8422, 67283, 80634, 102800, 93231, 41781, 11560, 6598, 23831]"
119732,"[8784, 35337, 87750, 79771, 29240, 17643, 53358, 91803, 55092, 73682]"
119733,"[28496, 94536, 56369, 101329, 71445, 21727, 46816, 76590, 28642, 32922]"
119734,"[19239, 31885, 24935, 108063, 74455, 106216, 74363, 65055, 60397, 48450]"
119735,"[87667, 29121, 23286, 30725, 107259, 69483, 43396, 19023, 5720, 74311]"
119736,"[98584, 71243, 108985, 80426, 1993, 32062, 23210, 35760, 9922, 17104]"
119737,"[49321, 87176, 55036, 64736, 48162, 93153, 54579, 9066, 32691, 4270]"
119738,"[66052, 62475, 26087, 30737, 95504, 45901, 30882, 28573, 36359, 101425]"
119739,"[1718, 104295, 33117, 80983, 103825, 94597, 24875, 43609, 61886, 76515]"
119740,"[56535, 42772, 73176, 7455, 55473, 666, 23108, 70384, 43124, 75173]"
119741,"[56780, 95775, 48093, 57115, 64948, 38367, 65862, 68136, 91615, 35084]"
119742,"[64336, 22221, 60075, 13551, 55251, 87791, 12659, 26205, 49126, 103320]"
119743,"[80723, 63499, 36444, 13229, 44067, 91631, 47439, 17448, 96189, 82831]"
119744,"[22510, 84296, 91721, 83573, 109243, 109263, 79554, 74379, 32855, 19172]"
119745,"[44865, 94345, 57182, 24125, 78455, 65368, 74098, 6656, 70613, 36965]"
119746,"[4034, 103642, 21657, 65933, 102688, 70570, 32136, 91946, 84202, 2212]"
119747,"[87580, 73482, 2601, 86334, 11894, 59822, 80348, 69098, 56732, 17987]"
119748,"[65564, 102510, 43465, 41024, 9204, 99695, 98084, 17888, 40846, 65050]"
119749,"[75032, 8315, 5369, 61537, 47215, 33363, 62409, 56418, 33698, 69214]"
119750,"[91755, 89425, 42209, 90722, 85383, 71501, 64104, 108793, 889, 77932]"
119751,"[38898, 62853, 27172, 31094, 86672, 54449, 42072, 19804, 58694, 12194]"
119752,"[74756, 17454, 23675, 21337, 72213, 3475, 17729, 39868, 90224, 80343]"
119753,"[16561, 42269, 66344, 18806, 104430, 82385, 9983, 74152, 106185, 93227]"
119754,"[74918, 67083, 19958, 93768, 40639, 100430, 69867, 60861, 57683, 8142]"
119755,"[60773, 38389, 31652, 78531, 61683, 39896, 8155, 109430, 39267, 44650]"
119756,"[35303, 4371, 88579, 86858, 13017, 60071, 96379, 72221, 40631, 146]"
119757,"[24203, 56209, 37441, 6421, 3468, 8326, 32212, 83096, 54140, 33660]"
119758,"[41578, 57127, 21155, 77191, 102421, 37855, 23267, 56101, 95249, 99896]"
119759,"[12183, 61204, 14863, 15041, 46527, 54451, 20613, 77035, 81419, 78106]"
119760,"[18142, 82594, 78319, 2287, 15463, 50369, 32452, 73699, 37658, 42838]"
119761,"[83274, 2806, 101326, 45049, 64621, 80681, 42968, 60135, 82253, 36825]"
119762,"[120, 844, 54935, 54351, 14723, 106386, 6928, 106291, 24114, 100522]"
119763,"[15540, 511, 89831, 58798, 18397, 91176, 32956, 106934, 103039, 50097]"
119764,"[87649, 9979, 87218, 24402, 37804, 62823, 2727, 74794, 43153, 19741]"
119765,"[99451, 58183, 78354, 74680, 68405, 18733, 46801, 62550, 33320, 68709]"
119766,"[45113, 25793, 23431, 13566, 99677, 52217, 53063, 36404, 69520, 18603]"
119767,"[50145, 59123, 64068, 4128, 52299, 106853, 19282, 100957, 26614, 26444]"
119768,"[53398, 63032, 43033, 105042, 69640, 95227, 106769, 15124, 65756, 56667]"
119769,"[102344, 49548, 67993, 103594, 63904, 8377, 32098, 43089, 93201, 1893]"
119770,"[14786, 98061, 46919, 48339, 76153, 101434, 2700, 71978, 85375, 53842]"
119771,"[45452, 58209, 34766, 96633, 17446, 68285, 2316, 75037, 23302, 57214]"
119772,"[3233, 46744, 30861, 87550, 56028, 22257, 11284, 12526, 70228, 3589]"
119773,"[23446, 50771, 69922, 71029, 93776, 45357, 106785, 49500, 63555, 86656]"
119774,"[77720, 94400, 84226, 87221, 62200, 9686, 7550, 106437, 50818, 40041]"
119775,"[100396, 63164, 53540, 92074, 25019, 57862, 2874, 2200, 53001, 106082]"
119776,"[98650, 18655, 26993, 4243, 83836, 93328, 96765, 2649, 101788, 97653]"
119777,"[54809, 10001, 11194, 109457, 78483, 7897, 52135, 102521, 3294, 76440]"
119778,"[109630, 6949, 18199, 1258, 85326, 6640, 25869, 104339, 50281, 44181]"
119779,"[55566, 6216, 99982, 59992, 5480, 73551, 104, 101560, 66753, 26412]"
119780,"[77751, 76701, 50822, 31667, 21613, 22962, 73055, 91345, 96195, 56006]"
119781,"[22101, 77523, 58951, 15553, 18557, 80902, 97477, 71384, 57276, 83853]"
119782,"[89294, 28749, 76974, 21783, 25384, 31112, 76312, 22794, 50260, 4874]"
119783,"[17456, 6954, 84827, 88924, 59349, 52062, 22785, 18162, 56963, 34638]"
119784,"[15254, 49510, 85827, 71935, 48659, 108327, 11439, 44164, 98967, 20207]"
119785,"[42277, 68272, 26189, 56410, 56276, 58788, 54331, 90620, 78995, 107484]"
119786,"[18769, 39275, 27738, 78359, 24206, 34325, 43002, 46210, 29183, 27419]"
119787,"[101339, 42933, 70202, 50377, 46498, 38932, 17829, 73990, 66151, 23924]"
119788,"[79130, 75786, 23183, 78047, 23518, 4862, 6303, 37628, 37141, 76180]"
119789,"[51998, 51558, 27115, 34074, 92677, 14644, 44427, 76288, 14523, 74250]"
119790,"[55057, 29542, 92619, 47277, 66936, 89938, 32076, 65559, 71939, 3967]"
119791,"[25057, 81448, 62012, 85780, 61268, 12267, 85202, 70452, 55029, 36793]"
119792,"[31808, 102431, 94033, 80879, 83843, 56952, 60456, 35680, 31038, 56325]"
119793,"[98316, 24931, 106857, 56356, 86848, 69279, 6310, 107458, 29887, 42612]"
119794,"[68562, 32528, 85340, 26683, 36149, 15604, 41081, 36165, 19986, 99010]"
119795,"[96413, 49816, 72166, 25052, 30686, 91267, 49389, 90772, 41774, 90991]"
119796,"[69363, 15272, 77807, 39751, 55700, 63872, 53756, 50063, 80528, 29519]"
119797,"[64797, 95058, 21107, 61265, 33138, 102019, 69203, 98180, 22224, 17159]"
119798,"[57143, 60165, 95135, 12660, 63437, 3420, 109120, 9092, 26909, 54046]"
119799,"[70917, 39666, 107103, 97389, 38355, 73024, 84006, 31071, 65231, 11780]"
119800,"[69531, 50920, 3144, 2897, 24638, 98523, 29829, 86410, 6350, 51227]"
119801,"[56135, 88779, 41599, 106846, 101235, 98497, 83065, 4092, 48972, 3256]"
119802,"[88860, 40663, 93420, 16896, 97467, 89936, 79937, 69726, 76019, 88996]"
119803,"[74593, 39856, 7072, 99456, 15576, 57028, 60265, 47623, 60310, 53815]"
119804,"[80724, 101517, 27512, 98811, 63000, 83059, 29522, 24932, 19852, 103125]"
119805,"[90469, 48503, 87298, 88465, 60763, 43730, 11089, 33683, 56507, 105048]"
119806,"[60102, 92146, 72420, 13226, 11695, 69135, 72565, 60049, 40078, 94940]"
119807,"[94509, 5438, 75322, 9503, 23363, 98513, 94803, 96939, 108965, 80291]"
119808,"[92960, 6981, 106768, 19640, 41862, 33241, 25950, 52174, 95046, 71367]"
119809,"[77199, 90335, 95421, 80332, 17457, 34728, 47289, 3074, 105496, 32350]"
119810,"[57575, 45433, 82279, 39973, 74667, 84560, 26992, 56363, 21222, 71747]"
119811,"[73404, 7514, 59950, 60841, 63270, 82295, 45719, 36878, 30705, 914]"
119812,"[4269, 18999, 37369, 94054, 85022, 40192, 72078, 92907, 109109, 70237]"
119813,"[81551, 20862, 43751, 32044, 52242, 20562, 56062, 51754, 102268, 34338]"
119814,"[96846, 81424, 22291, 56386, 36800, 70442, 48108, 55469, 89670, 49258]"
119815,"[16114, 40003, 103537, 74078, 103101, 53998, 92513, 59864, 104779, 19212]"
119816,"[9158, 43333, 23452, 12613, 66847, 72098, 90198, 101605, 56343, 57078]"
119817,"[30072, 105375, 17082, 30115, 58656, 48609, 73570, 5497, 47547, 75591]"
119818,"[14925, 35025, 66213, 51714, 24319, 61533, 49649, 68912, 7204, 33023]"
119819,"[95081, 1399, 46635, 107283, 84680, 70316, 30964, 105752, 100072, 83644]"
119820,"[108222, 105026, 62244, 96257, 36588, 75658, 74516, 88392, 25958, 33641]"
119821,"[16833, 3918, 64767, 17706, 87029, 35170, 82425, 108047, 71350, 97560]"
119822,"[103632, 15987, 36802, 41911, 93528, 66513, 107274, 107087, 57705, 12707]"
119823,"[23707, 71887, 9229, 44257, 26962, 23503, 100401, 76144, 89800, 21958]"
119824,"[57591, 101254, 31331, 34032, 28152, 61887, 12060, 45511, 58908, 6945]"
119825,"[5090, 35418, 80488, 25345, 20357, 104237, 108125, 37306, 82414, 59641]"
119826,"[46192, 89193, 26791, 87405, 44082, 24564, 87924, 9845, 17828, 75261]"
119827,"[74105, 92170, 50305, 107242, 71331, 90725, 89756, 31427, 45723, 97912]"
119828,"[76007, 104624, 88724, 12360, 33809, 78015, 86565, 43847, 58864, 99182]"
119829,"[57222, 88643, 54485, 37731, 89744, 88804, 71508, 73794, 56264, 85271]"
119830,"[102828, 55067, 52442, 92375, 99764, 46054, 55718, 64197, 56983, 71206]"
119831,"[50073, 105710, 91640, 3132, 3756, 33330, 80719, 7049, 21636, 72917]"
119832,"[70000, 26165, 91134, 52384, 21181, 59843, 71926, 60221, 88999, 38929]"
119833,"[5554, 82472, 12321, 88647, 108477, 27017, 77461, 6864, 106467, 27438]"
119834,"[10976, 100694, 83812, 25901, 101017, 47839, 53626, 77404, 99096, 2779]"
119835,"[107020, 10678, 6409, 3980, 15481, 65516, 81148, 109304, 103373, 103672]"
119836,"[18085, 28532, 73000, 61980, 19750, 46098, 79213, 19292, 45758, 108278]"
119837,"[86994, 62703, 40426, 78401, 29480, 28693, 101822, 103863, 63786, 63871]"
119838,"[41807, 40248, 108475, 17410, 77009, 28086, 88166, 2313, 97627, 40646]"
119839,"[84299, 18518, 59203, 96281, 36762, 50279, 73329, 94225, 57191, 100733]"
119840,"[73488, 53120, 71493, 18091, 102467, 82959, 17255, 29991, 87330, 7035]"
119841,"[32704, 11716, 22660, 108671, 48620, 65711, 42087, 46596, 88424, 24610]"
119842,"[79607, 31959, 17038, 28570, 106519, 63749, 89740, 106493, 17027, 8371]"
119843,"[86, 16545, 57901, 74248, 13089, 33645, 70920, 84172, 37765, 18996]"
119844,"[93962, 59923, 78127, 98407, 11644, 31636, 88084, 91538, 20469, 5309]"
119845,"[46788, 99190, 77902, 65265, 43928, 68316, 27835, 103574, 14940, 44945]"
119846,"[51552, 82739, 72387, 92632, 104010, 59602, 72752, 12645, 107855, 72020]"
119847,"[86484, 36034, 31288, 63965, 84118, 79908, 45489, 14752, 75017, 8018]"
119848,"[52186, 13777, 12525, 7178, 10645, 3167, 72703, 92919, 22115, 75777]"
119849,"[43107, 29809, 82193, 38676, 23033, 97094, 39927, 24753, 34035, 38372]"
119850,"[48075, 95677, 98969, 72138, 33535, 92274, 18478, 63884, 93246, 56313]"
119851,"[45849, 83115, 101847, 11226, 58949, 2082, 34217, 75969, 49711, 36232]"
119852,"[37959, 74207, 27791, 105390, 87329, 18201, 75880, 38828, 109664, 78288]"
119853,"[104712, 33690, 21084, 11622, 89328, 105929, 17336, 18275, 67677, 18948]"
119854,"[87542, 91010, 109051, 64398, 74668, 43818, 41317, 32201, 103268, 87865]"
119855,"[90648, 101954, 72527, 45499, 104504, 76493, 88022, 62724, 51332, 34352]"
119856,"[39669, 15211, 96867, 96648, 259, 67515, 56163, 23971, 60117, 98438]"
119857,"[106453, 28245, 75832, 79594, 77308, 67093, 100838, 3395, 38020, 22431]"
119858,"[95227, 15124, 43186, 105042, 53398, 69640, 106769, 63032, 43033, 55904]"
119859,"[36654, 1350, 50401, 44279, 10888, 24908, 71036, 68903, 52377, 28077]"
119860,"[76660, 12740, 70890, 55725, 22669, 77708, 39488, 1127, 54306, 64466]"
119861,"[1281, 82794, 46943, 101875, 108868, 64108, 92982, 94605, 92562, 61853]"
119862,"[38193, 10858, 39167, 20049, 24193, 82227, 102782, 46221, 94002, 91172]"
119863,"[55994, 105763, 71073, 58519, 55652, 61542, 13966, 66907, 36170, 20188]"
119864,"[86654, 48604, 27789, 107433, 94231, 47687, 6693, 11334, 58661, 44611]"
119865,"[81791, 27228, 107636, 72694, 67010, 102371, 62987, 80136, 95860, 89234]"
119866,"[75623, 36675, 45688, 32446, 105849, 101473, 68679, 83088, 106413, 73084]"
119867,"[36911, 44907, 76293, 11277, 13623, 61960, 108878, 86964, 4672, 2487]"
119868,"[94834, 36101, 62954, 102303, 6266, 52399, 53197, 105473, 11383, 109673]"
119869,"[14614, 48243, 14274, 11029, 48265, 80698, 2234, 104855, 69654, 34028]"
119870,"[101968, 2363, 61310, 7322, 75077, 37614, 80142, 8675, 37802, 103426]"
119871,"[28637, 98798, 61389, 87217, 61722, 75834, 47835, 41763, 47461, 74085]"
119872,"[79246, 29718, 60139, 24041, 36032, 7339, 23822, 55533, 4501, 82831]"
119873,"[55402, 13576, 56474, 11372, 12528, 67038, 40430, 68034, 49085, 10847]"
119874,"[1057, 25538, 29345, 47181, 57618, 57718, 25948, 19985, 84107, 31649]"
119875,"[8989, 67046, 59736, 80596, 4898, 92850, 97227, 44808, 12866, 96850]"
119876,"[15439, 6949, 18199, 6477, 100837, 64966, 74189, 59628, 77000, 43367]"
119877,"[62439, 90929, 14443, 9236, 43717, 92864, 41190, 106141, 5315, 77640]"
119878,"[62240, 105928, 26399, 37528, 71816, 96709, 52009, 18868, 105868, 106615]"
119879,"[4044, 70525, 36385, 14984, 47410, 37420, 25956, 55523, 95169, 4338]"
119880,"[10200, 68565, 85634, 11963, 96870, 75312, 106540, 87196, 52481, 47884]"
119881,"[57191, 50279, 94225, 100733, 61206, 34386, 109599, 85250, 40477, 84299]"
119882,"[71856, 70480, 94149, 57663, 109331, 29711, 78507, 28927, 40722, 15504]"
119883,"[70513, 36371, 60612, 56248, 41475, 25507, 19678, 106087, 47500, 15055]"
119884,"[99997, 44500, 85796, 76739, 81810, 88812, 97935, 100128, 64639, 88242]"
119885,"[31455, 42971, 89437, 17963, 16594, 87730, 23581, 48175, 78065, 60988]"
119886,"[64346, 32737, 89926, 105545, 58995, 30245, 59900, 29439, 56023, 101677]"
119887,"[90359, 967, 34717, 106998, 99415, 12911, 50455, 89716, 81265, 13279]"
119888,"[43936, 26507, 84201, 38960, 8468, 20544, 82082, 17246, 30551, 64434]"
119889,"[23741, 106995, 83519, 50678, 56436, 4126, 6288, 23919, 92970, 86528]"
119890,"[65435, 22590, 41095, 73369, 26724, 21477, 100498, 72656, 72952, 47916]"
119891,"[68846, 13162, 103820, 59352, 31141, 109447, 73544, 63031, 40923, 53227]"
119892,"[102426, 41123, 23797, 79188, 21145, 87509, 62632, 15313, 91632, 40372]"
119893,"[104279, 14814, 84433, 48300, 66299, 76796, 69275, 105015, 83240, 65355]"
119894,"[99814, 83278, 80640, 47659, 86619, 81740, 72148, 29677, 92853, 8347]"
119895,"[44811, 3041, 105949, 56788, 6315, 45624, 105419, 59851, 51422, 7284]"
119896,"[62868, 78727, 95226, 31201, 17970, 30202, 50691, 57876, 23299, 73922]"
119897,"[80871, 79830, 74210, 95802, 11052, 81599, 96817, 30702, 108152, 51594]"
119898,"[43467, 37706, 15365, 92825, 15132, 69405, 50842, 13166, 26646, 15643]"
119899,"[84664, 75835, 21345, 45682, 100258, 7869, 56689, 109378, 19593, 47392]"
119900,"[37728, 103698, 65662, 75223, 38945, 6473, 98720, 104781, 107818, 38115]"
119901,"[20564, 87355, 95376, 45496, 8792, 67837, 75058, 52523, 80914, 101211]"
119902,"[88393, 50094, 28466, 12489, 99537, 89587, 54985, 91182, 47122, 30935]"
119903,"[66359, 100529, 7639, 73494, 64480, 65562, 50901, 54199, 77332, 103410]"
119904,"[16173, 10793, 98266, 38031, 102180, 11233, 5110, 91364, 38510, 89381]"
119905,"[31904, 45089, 80297, 54815, 37960, 76319, 37047, 67169, 57246, 79370]"
119906,"[37516, 47914, 18835, 1682, 5774, 108996, 25096, 19181, 12679, 39578]"
119907,"[24027, 85529, 57055, 50127, 13408, 106154, 85044, 98653, 104400, 2692]"
119908,"[18687, 97607, 103774, 60177, 61120, 8316, 54224, 23148, 14568, 14919]"
119909,"[84793, 65418, 90668, 52814, 29966, 16353, 89048, 28728, 46732, 8099]"
119910,"[41539, 49554, 19655, 84273, 55199, 46011, 79105, 40065, 53554, 74428]"
119911,"[47626, 8036, 70, 85681, 24649, 1135, 45585, 59799, 35032, 86550]"
119912,"[33859, 62028, 80852, 63360, 100990, 93531, 91592, 41223, 51251, 65084]"
119913,"[92012, 108544, 48214, 48108, 81424, 27834, 83096, 75331, 56386, 37441]"
119914,"[98038, 59381, 71150, 10612, 41574, 24912, 2967, 101926, 9325, 102491]"
119915,"[95903, 93848, 49898, 68994, 61771, 54497, 99391, 16357, 83136, 11382]"
119916,"[95455, 93661, 96888, 51982, 99197, 24512, 29896, 67060, 1953, 94023]"
119917,"[60652, 60403, 817, 78103, 72931, 22190, 6065, 10498, 22612, 97606]"
119918,"[11446, 77167, 28784, 82691, 88349, 23320, 109240, 57784, 46287, 3676]"
119919,"[5130, 96136, 101207, 34494, 33925, 88569, 14227, 68740, 74587, 53004]"
119920,"[67766, 97662, 103845, 79497, 19997, 32939, 8345, 84615, 42722, 28135]"
119921,"[63920, 106590, 82653, 82192, 86412, 25442, 86668, 82258, 3635, 67230]"
119922,"[7844, 54245, 99904, 5950, 61598, 83942, 106370, 14308, 17296, 13502]"
119923,"[79132, 14208, 58326, 87215, 80124, 93595, 100640, 106645, 36369, 65025]"
119924,"[106938, 16328, 90853, 49644, 65794, 18541, 32838, 13158, 22548, 80629]"
119925,"[19840, 18428, 2506, 23263, 7760, 4591, 53572, 3187, 87678, 51361]"
119926,"[78367, 13091, 62760, 89306, 37916, 42716, 25235, 77390, 18663, 13126]"
119927,"[82760, 48052, 31090, 11111, 34872, 32629, 33261, 32155, 70433, 33552]"
119928,"[27233, 49985, 73924, 13611, 1376, 63936, 94025, 74887, 12338, 40759]"
119929,"[67644, 56473, 6862, 30874, 13823, 74804, 72947, 27870, 88987, 76006]"
119930,"[79355, 13616, 105454, 18832, 21506, 23088, 96116, 1733, 5103, 45391]"
119931,"[77573, 76667, 105316, 92626, 67190, 64459, 95960, 69557, 33770, 82855]"
119932,"[66636, 106474, 5326, 16346, 56095, 4025, 11783, 16727, 67849, 43903]"
119933,"[106019, 41053, 50793, 11542, 45356, 35780, 71682, 70561, 37394, 21146]"
119934,"[43680, 57792, 84909, 28611, 5687, 35925, 102537, 37903, 81209, 6274]"
119935,"[14368, 69856, 67612, 107666, 84978, 54293, 15198, 10387, 90682, 44613]"
119936,"[8292, 57497, 107099, 32294, 92388, 7106, 97452, 69603, 80360, 46496]"
119937,"[23195, 108335, 88441, 6492, 72306, 6918, 96264, 6942, 19765, 63195]"
119938,"[32484, 13336, 81706, 84922, 103056, 96750, 67755, 69406, 49847, 59642]"
119939,"[58130, 61019, 9439, 88997, 58072, 91727, 4356, 29081, 85718, 93029]"
119940,"[63333, 23913, 2095, 60262, 19577, 93099, 88587, 67636, 50049, 65918]"
119941,"[55672, 78820, 88597, 62164, 1939, 74018, 88256, 33812, 63480, 70507]"
119942,"[11798, 5395, 32762, 84279, 83556, 1341, 75415, 91219, 9692, 74941]"
119943,"[20728, 72911, 16821, 77015, 30958, 70985, 70421, 53369, 108838, 42283]"
119944,"[77209, 3337, 6824, 34287, 100585, 59859, 31681, 38041, 41009, 12611]"
119945,"[86950, 87497, 32539, 73092, 34234, 57060, 37094, 57269, 102100, 38059]"
119946,"[94102, 64232, 88904, 88795, 53640, 3599, 92104, 79758, 59470, 31435]"
119947,"[1493, 33284, 57369, 7573, 78980, 104946, 80602, 96725, 21355, 45795]"
119948,"[17694, 106885, 94432, 94284, 6418, 26023, 25295, 70874, 72553, 20678]"
119949,"[36051, 77545, 79481, 104800, 108118, 82680, 62275, 103740, 37640, 26446]"
119950,"[36104, 66336, 58924, 102157, 81671, 28552, 106366, 103246, 38849, 15150]"
119951,"[21852, 81685, 80223, 109690, 60583, 90723, 106916, 87881, 6876, 41028]"
119952,"[29475, 34599, 71330, 10859, 11433, 50053, 101907, 108911, 59529, 39575]"
119953,"[34819, 86295, 77198, 75748, 37124, 99455, 92543, 62162, 101831, 97963]"
119954,"[20825, 56948, 33052, 78053, 67455, 87592, 35527, 73730, 45920, 102534]"
119955,"[51752, 98788, 3497, 48116, 59450, 9127, 14211, 2415, 98982, 71798]"
119956,"[43459, 66956, 36834, 86876, 63093, 56074, 33477, 109182, 66924, 15920]"
119957,"[45682, 21345, 84664, 56689, 7869, 19642, 109378, 61109, 75835, 24316]"
119958,"[885, 17169, 48305, 42615, 28951, 86878, 6328, 68024, 14428, 106303]"
119959,"[89189, 54241, 67940, 10160, 2224, 95718, 28500, 77704, 48388, 98140]"
119960,"[4507, 64141, 70711, 64916, 22516, 12764, 13198, 77691, 106281, 20113]"
119961,"[30104, 92347, 72918, 89964, 50903, 76814, 29758, 17712, 48516, 67932]"
119962,"[89051, 41893, 84994, 20446, 27422, 101085, 60954, 71808, 50686, 62718]"
119963,"[60669, 61259, 22729, 52222, 67298, 82742, 15053, 3272, 97488, 46218]"
119964,"[32718, 71383, 79305, 37394, 15685, 5432, 518, 82582, 11416, 74846]"
119965,"[17346, 27428, 35152, 68056, 27436, 79540, 38662, 49196, 53995, 77281]"
119966,"[49146, 32824, 20460, 40483, 65, 61514, 25261, 102133, 94425, 8139]"
119967,"[90700, 42216, 72483, 70576, 18536, 19954, 43309, 3702, 48726, 82949]"
119968,"[96198, 51199, 67165, 100333, 13333, 81190, 35803, 26865, 34471, 71597]"
119969,"[28943, 76339, 36491, 89111, 16947, 40439, 66799, 60274, 103215, 16837]"
119970,"[37716, 74895, 107627, 43801, 33953, 44741, 64373, 86406, 88279, 63782]"
119971,"[61868, 78741, 92486, 61197, 10113, 77661, 77022, 96390, 43304, 6175]"
119972,"[66671, 75290, 38794, 2661, 48331, 39172, 105644, 6896, 58304, 71817]"
119973,"[49238, 62330, 104011, 14224, 42156, 80840, 58732, 3163, 23805, 63380]"
119974,"[78986, 94449, 13705, 46039, 99851, 24511, 32088, 6233, 49813, 69788]"
119975,"[12488, 84167, 13789, 67428, 107266, 57800, 5471, 100950, 3642, 61649]"
119976,"[78429, 59239, 49522, 62080, 25990, 107606, 47163, 56124, 62992, 82023]"
119977,"[103477, 32154, 1249, 93991, 84556, 33808, 101436, 86032, 12533, 29146]"
119978,"[9104, 82431, 50269, 51994, 41215, 92987, 94439, 59613, 102297, 15492]"
119979,"[2604, 80775, 8238, 19687, 97379, 67780, 56237, 52616, 12659, 20644]"
119980,"[32067, 47302, 36159, 615, 91466, 71664, 54242, 106086, 102061, 53303]"
119981,"[34511, 34300, 64343, 39954, 32777, 41953, 16640, 87736, 107576, 12871]"
119982,"[1910, 78717, 46431, 42991, 50108, 54604, 75414, 73132, 99754, 73074]"
119983,"[47356, 4896, 29315, 38567, 20816, 19143, 52737, 20315, 15365, 92825]"
119984,"[76109, 16237, 16503, 12445, 6353, 15944, 97002, 26690, 82003, 51327]"
119985,"[71367, 92960, 88599, 39341, 21682, 69421, 107771, 30274, 20355, 81859]"
119986,"[83830, 25913, 68760, 77788, 19956, 8479, 90453, 59229, 53567, 18131]"
119987,"[1850, 36180, 58809, 38381, 88372, 59964, 88909, 95511, 12592, 66347]"
119988,"[4860, 15667, 15114, 88751, 106155, 51322, 15245, 6565, 31841, 74293]"
119989,"[17538, 95546, 82676, 63453, 87541, 41689, 31836, 91534, 47121, 57070]"
119990,"[25861, 103675, 51181, 2585, 3232, 76352, 34858, 82970, 71520, 20584]"
119991,"[17342, 46121, 67867, 65657, 96266, 6530, 76145, 69280, 32826, 67281]"
119992,"[43613, 28180, 59672, 54585, 57978, 95395, 35867, 35242, 17525, 37664]"
119993,"[92407, 23414, 103952, 58650, 106712, 93243, 54648, 16228, 10937, 107596]"
119994,"[41696, 95243, 18825, 99939, 91788, 102601, 51104, 16951, 56243, 26445]"
119995,"[33622, 96552, 45853, 34931, 76333, 76287, 66486, 47753, 75148, 44727]"
119996,"[68093, 24495, 44039, 34241, 23596, 74838, 109018, 30710, 105055, 25787]"
119997,"[22413, 105024, 35436, 17404, 23011, 71614, 33956, 98070, 47543, 61851]"
119998,"[18429, 67900, 11553, 32223, 89477, 25367, 6350, 18919, 108105, 29829]"
119999,"[8833, 38445, 22244, 106589, 69828, 60964, 88444, 84044, 67493, 96021]"
120000,"[65097, 106982, 14120, 105677, 28314, 41198, 34764, 83827, 42581, 107503]"
120001,"[92020, 36716, 31224, 57195, 75512, 62526, 58626, 53992, 76050, 3757]"
120002,"[29646, 61694, 37873, 104929, 27271, 32293, 48596, 52864, 96526, 27168]"
120003,"[10278, 3230, 63378, 99140, 56291, 47028, 30089, 80129, 97982, 102294]"
120004,"[66411, 97362, 100508, 44368, 51667, 17129, 47909, 34683, 96089, 88652]"
120005,"[89854, 42473, 21009, 79546, 88623, 88555, 94055, 31927, 43518, 66395]"
120006,"[74214, 7082, 73593, 94253, 100610, 46165, 93878, 80528, 82406, 16313]"
120007,"[82688, 15575, 17023, 3348, 91320, 97613, 15874, 109713, 19823, 75115]"
120008,"[64523, 8319, 37035, 43419, 42008, 74299, 80625, 31596, 20598, 66278]"
120009,"[76471, 108720, 80304, 4640, 73431, 48375, 65921, 78798, 57578, 99340]"
120010,"[23789, 35039, 24893, 26414, 63864, 86202, 63840, 48603, 36532, 19847]"
120011,"[59279, 57208, 104983, 93320, 85993, 61300, 94130, 53951, 70690, 28324]"
120012,"[29995, 72357, 25402, 95541, 75559, 65300, 99449, 103787, 58033, 57481]"
120013,"[85889, 68921, 5490, 4377, 95230, 54956, 60544, 99355, 94923, 92512]"
120014,"[92709, 32780, 93006, 42849, 85258, 20013, 103888, 95490, 58007, 42983]"
120015,"[32775, 105225, 51895, 36512, 56336, 83945, 2399, 15543, 107696, 71770]"
120016,"[100471, 59780, 106288, 7343, 90157, 106000, 104569, 73870, 11487, 9879]"
120017,"[83092, 19876, 81290, 39572, 51313, 27078, 68611, 19860, 81805, 32168]"
120018,"[95259, 29574, 37111, 96724, 88767, 15955, 105861, 86174, 34162, 73389]"
120019,"[29080, 57988, 85000, 15064, 33659, 45661, 64648, 98551, 79510, 83882]"
120020,"[103014, 15755, 91697, 61760, 30606, 88737, 13670, 20163, 90081, 28901]"
120021,"[67061, 80226, 65447, 90897, 23637, 52019, 50286, 54175, 74040, 28460]"
120022,"[17865, 42281, 85, 17815, 28569, 10697, 108151, 9101, 70904, 80348]"
120023,"[13706, 108859, 29520, 89864, 85201, 24117, 1396, 65997, 18076, 88111]"
120024,"[55792, 23584, 39020, 45500, 8214, 52488, 60413, 74081, 4162, 69001]"
120025,"[88574, 29191, 9502, 70647, 89455, 57654, 66150, 36280, 75963, 57286]"
120026,"[96970, 67891, 35678, 98757, 79120, 29181, 102294, 99140, 80863, 63378]"
120027,"[71752, 78078, 67267, 10561, 101562, 108820, 62983, 44969, 62919, 75768]"
120028,"[35818, 37421, 96875, 47847, 60048, 48354, 98557, 16964, 87689, 42935]"
120029,"[11488, 108616, 46821, 61827, 78646, 37433, 45509, 45678, 89582, 62486]"
120030,"[63564, 101236, 68354, 46547, 52581, 9955, 11147, 1346, 107039, 80484]"
120031,"[95750, 54913, 4069, 33869, 87328, 98434, 5123, 75555, 59761, 32586]"
120032,"[86948, 94017, 88296, 91934, 32197, 7333, 15751, 76066, 41801, 102753]"
120033,"[104079, 40552, 48019, 13129, 5551, 8003, 24541, 7762, 62040, 59183]"
120034,"[91377, 53858, 20647, 82170, 102770, 63748, 100440, 88646, 93012, 107285]"
120035,"[79638, 77649, 105270, 18534, 42278, 95007, 105171, 20298, 76181, 4980]"
120036,"[58984, 84368, 100847, 104130, 66502, 19132, 5322, 106389, 43918, 1745]"
120037,"[96150, 80707, 92475, 91566, 4000, 108993, 67534, 25246, 96234, 97003]"
120038,"[9094, 44273, 35308, 22328, 13077, 105997, 108324, 15857, 78374, 45966]"
120039,"[74518, 84458, 3279, 41800, 1892, 57167, 88734, 9491, 106055, 57102]"
120040,"[78781, 101824, 10591, 69338, 40120, 36206, 107161, 70040, 59698, 19713]"
120041,"[76009, 25971, 100705, 76326, 19667, 60379, 39489, 93505, 21721, 82647]"
120042,"[109581, 88940, 76268, 60399, 84252, 35561, 54037, 6341, 12281, 91012]"
120043,"[72555, 86064, 10798, 94744, 38859, 109541, 105889, 52313, 67880, 51817]"
120044,"[28131, 39992, 21524, 74121, 93784, 8491, 81027, 71763, 28066, 1632]"
120045,"[29862, 109171, 7909, 108435, 15178, 10451, 83217, 32326, 72570, 29063]"
120046,"[79773, 103778, 1342, 11569, 86898, 37997, 77652, 70822, 92389, 68205]"
120047,"[35028, 54654, 34794, 942, 105197, 104056, 34634, 82785, 54076, 82661]"
120048,"[106211, 36814, 67571, 45422, 97938, 12800, 15261, 99976, 79654, 2990]"
120049,"[58330, 98353, 63906, 38103, 56063, 108538, 28534, 38094, 43891, 84475]"
120050,"[63211, 73479, 31704, 93400, 89179, 19091, 6880, 15027, 85766, 109080]"
120051,"[102523, 12281, 15619, 92735, 92739, 94482, 102222, 35561, 24655, 88940]"
120052,"[74874, 2173, 82386, 84361, 95961, 43548, 84418, 77203, 32427, 80415]"
120053,"[66337, 104556, 103525, 3901, 95025, 100247, 96384, 56830, 1193, 70179]"
120054,"[104922, 21829, 39914, 27577, 57645, 97672, 92449, 41260, 16795, 107322]"
120055,"[45822, 46451, 79493, 66966, 86711, 34770, 95808, 29316, 39596, 25788]"
120056,"[44775, 44529, 87060, 92145, 74878, 32514, 37265, 26218, 64532, 62361]"
120057,"[83268, 100560, 108142, 62852, 47850, 73267, 84995, 60021, 65819, 109735]"
120058,"[52395, 69292, 64712, 82533, 3736, 59760, 44744, 65756, 56667, 58930]"
120059,"[53887, 72389, 88452, 3766, 56321, 55434, 92221, 17844, 85025, 14521]"
120060,"[1453, 71734, 71686, 97801, 91155, 40344, 6629, 24358, 76152, 80289]"
120061,"[38161, 11955, 57611, 103659, 73334, 17894, 86657, 85135, 19135, 62303]"
120062,"[5699, 36799, 51935, 26132, 27029, 101022, 95980, 90449, 54776, 65126]"
120063,"[75593, 9132, 96375, 23400, 48103, 66233, 41861, 42934, 21390, 90620]"
120064,"[27539, 29636, 71310, 109249, 104541, 95028, 9668, 49122, 28705, 16990]"
120065,"[82894, 64607, 94997, 62264, 59042, 79763, 36822, 34134, 22682, 83692]"
120066,"[50001, 52715, 31847, 98027, 51884, 1280, 64588, 103520, 55744, 62558]"
120067,"[54601, 66600, 57225, 48671, 103408, 80506, 31535, 20218, 54530, 64838]"
120068,"[93737, 97025, 80713, 62072, 83223, 43795, 13193, 55206, 62557, 73783]"
120069,"[102924, 16631, 94278, 55859, 92192, 81098, 25729, 98435, 27792, 58999]"
120070,"[102369, 89661, 109301, 96172, 9922, 82377, 91754, 14966, 38275, 60770]"
120071,"[35419, 70067, 71694, 68653, 54625, 102134, 95789, 916, 18832, 95953]"
120072,"[21921, 27285, 105038, 81261, 99978, 95866, 87945, 98505, 52003, 17544]"
120073,"[102392, 90123, 81404, 19406, 88538, 14060, 14043, 26977, 101741, 12544]"
120074,"[51801, 50700, 61195, 94205, 3339, 17147, 12659, 80837, 36453, 92265]"
120075,"[62104, 109519, 88366, 23120, 55064, 26468, 72677, 82308, 37634, 47231]"
120076,"[107528, 154, 15797, 66573, 55330, 35560, 83044, 108093, 63657, 104144]"
120077,"[104039, 109282, 87602, 62503, 75470, 92601, 93592, 89433, 37314, 8603]"
120078,"[71729, 52192, 54205, 20227, 46699, 61617, 10995, 27335, 105159, 36106]"
120079,"[90056, 49778, 101413, 533, 27855, 78396, 104318, 23694, 100513, 5430]"
120080,"[41836, 40968, 98722, 61814, 7504, 55176, 50655, 100947, 74658, 54823]"
120081,"[64684, 6956, 1539, 10286, 22769, 77823, 9402, 31405, 15913, 30759]"
120082,"[42782, 32268, 70310, 27398, 73605, 87109, 225, 67830, 21039, 107830]"
120083,"[44695, 83401, 77378, 36430, 37922, 40815, 29488, 51093, 27418, 70275]"
120084,"[12283, 15158, 75006, 108108, 74412, 72382, 19998, 47141, 30328, 47658]"
120085,"[80593, 102625, 10107, 93492, 66687, 28021, 16460, 37574, 63546, 73008]"
120086,"[107269, 25960, 17596, 94951, 21539, 66722, 22492, 93040, 58310, 18766]"
120087,"[91666, 68249, 85194, 58709, 85751, 19221, 87613, 77097, 84102, 74700]"
120088,"[61432, 4031, 15239, 99114, 107584, 56142, 67828, 87960, 22412, 31854]"
120089,"[82741, 51789, 105891, 57728, 364, 47828, 9302, 1146, 78270, 9931]"
120090,"[73054, 57309, 54582, 40070, 49640, 20086, 95862, 16625, 79092, 37730]"
120091,"[75275, 106984, 5209, 1855, 70946, 33182, 33314, 108018, 26687, 64169]"
120092,"[72402, 102060, 35035, 13425, 52305, 68518, 10249, 91958, 92765, 92298]"
120093,"[101456, 106970, 12747, 21954, 34172, 24394, 106127, 89934, 35965, 41392]"
120094,"[76975, 19333, 193, 17955, 1942, 20812, 18566, 12914, 85848, 60797]"
120095,"[99042, 49718, 99459, 165, 81173, 66456, 33175, 42771, 105350, 4234]"
120096,"[73644, 60491, 66482, 28986, 99862, 65275, 22617, 98511, 90630, 40744]"
120097,"[101218, 108836, 51241, 76419, 78676, 65219, 30960, 9961, 49825, 42813]"
120098,"[76012, 61564, 31361, 56439, 88585, 58097, 66900, 14265, 109304, 75074]"
120099,"[31750, 80544, 88603, 8817, 18776, 9587, 51225, 92321, 17019, 61953]"
120100,"[960, 91345, 11550, 109443, 37773, 17314, 65386, 30658, 76241, 90885]"
120101,"[99084, 71341, 98951, 4434, 80789, 83701, 62745, 34642, 93936, 10120]"
120102,"[38467, 74761, 79906, 1416, 36551, 64976, 39483, 27112, 1685, 70629]"
120103,"[20766, 32221, 67182, 22375, 7704, 10285, 22042, 27180, 105498, 74532]"
120104,"[69025, 7216, 30396, 35062, 50463, 24881, 62397, 102574, 15969, 49777]"
120105,"[51798, 11950, 12558, 45429, 58122, 70896, 103383, 102947, 6369, 23366]"
120106,"[104369, 28823, 102257, 51512, 62523, 50125, 37735, 5661, 93468, 79454]"
120107,"[108604, 105546, 10017, 97274, 69807, 6332, 59026, 42882, 78389, 92803]"
120108,"[77959, 56832, 32923, 34281, 25714, 42973, 20303, 21782, 23056, 84574]"
120109,"[8060, 97725, 79115, 107842, 22668, 45625, 49115, 19012, 15128, 76514]"
120110,"[9701, 85069, 13847, 91760, 93255, 62859, 80312, 50574, 20910, 38038]"
120111,"[14938, 48444, 22260, 98859, 41329, 2998, 61443, 54435, 40644, 59193]"
120112,"[69169, 100233, 53321, 41, 85554, 21495, 101664, 98215, 71651, 84728]"
120113,"[14255, 42379, 6855, 89672, 73083, 48260, 92663, 68421, 83474, 2146]"
120114,"[104373, 38051, 1322, 28124, 43771, 33512, 18980, 376, 42348, 72888]"
120115,"[47075, 83191, 64936, 37986, 97180, 76517, 88710, 56741, 59351, 20129]"
120116,"[22211, 2779, 51685, 3917, 59743, 53626, 25335, 809, 77404, 99096]"
120117,"[12853, 67335, 98996, 80885, 15117, 16708, 30944, 91513, 48045, 80749]"
120118,"[21657, 102688, 103642, 91946, 65933, 4034, 84202, 64852, 37673, 70570]"
120119,"[44591, 61003, 35682, 72974, 54629, 76465, 29892, 73552, 81253, 74996]"
120120,"[63343, 54983, 67763, 24514, 26180, 40458, 28590, 58742, 71086, 62286]"
120121,"[75846, 73564, 10247, 79152, 18853, 79396, 74801, 101184, 56683, 48690]"
120122,"[65010, 33559, 47585, 99410, 554, 13287, 71685, 29035, 48125, 18507]"
120123,"[3106, 12425, 19101, 101569, 80624, 42964, 46383, 64845, 4050, 44928]"
120124,"[20556, 49883, 85907, 69776, 80559, 58106, 53964, 73086, 41326, 56469]"
120125,"[79040, 48026, 87324, 96033, 5963, 12026, 9237, 20170, 85193, 19023]"
120126,"[68960, 62762, 100568, 87222, 58717, 46653, 90910, 76096, 12916, 59982]"
120127,"[107861, 89105, 36468, 66427, 70023, 61908, 31866, 44918, 20495, 86528]"
120128,"[51718, 8198, 93431, 40142, 45714, 42802, 21648, 20667, 30536, 85530]"
120129,"[50990, 106443, 14027, 92244, 95471, 104545, 99256, 56688, 47704, 38149]"
120130,"[91332, 36792, 53113, 7531, 63514, 84086, 10153, 54988, 20999, 59866]"
120131,"[104675, 88561, 42675, 57732, 6095, 75689, 97169, 109735, 106862, 103897]"
120132,"[19435, 89453, 55430, 85081, 35468, 87385, 40720, 85233, 29344, 8366]"
120133,"[44269, 2069, 54661, 104419, 91846, 42011, 100754, 18554, 92704, 94566]"
120134,"[34347, 101034, 16296, 33789, 68336, 66417, 13957, 105256, 38028, 60320]"
120135,"[30195, 40906, 72432, 29256, 72253, 55609, 5361, 29778, 105746, 48294]"
120136,"[30466, 20308, 104182, 81622, 13007, 68349, 63905, 51037, 72469, 98322]"
120137,"[93422, 104350, 73466, 90410, 18509, 22070, 55828, 82525, 1659, 11779]"
120138,"[107394, 1572, 38387, 52555, 101306, 35630, 91285, 61947, 58322, 81823]"
120139,"[57332, 100693, 80215, 85623, 23972, 100663, 2560, 44040, 82966, 27078]"
120140,"[2147, 17830, 57836, 60002, 32633, 26711, 61900, 67265, 39624, 61253]"
120141,"[97311, 58238, 34613, 72476, 30964, 51341, 47011, 48717, 103652, 65829]"
120142,"[37081, 41857, 103679, 73207, 54028, 71380, 90755, 40281, 39872, 31740]"
120143,"[82076, 87313, 108637, 65632, 87481, 68250, 65260, 44467, 90825, 21443]"
120144,"[96863, 588, 99834, 78920, 15978, 25250, 11791, 38254, 5146, 35281]"
120145,"[45816, 2649, 93411, 1321, 98860, 65281, 5010, 30029, 55187, 105640]"
120146,"[77086, 48342, 27953, 68263, 24999, 50965, 65984, 85048, 53312, 39519]"
120147,"[80455, 51528, 11237, 104954, 60232, 88209, 56669, 41690, 30542, 48514]"
120148,"[84998, 99268, 32133, 54309, 28337, 96002, 100775, 29513, 45363, 83901]"
120149,"[10154, 99269, 84452, 54501, 107016, 11171, 73594, 18306, 13514, 108017]"
120150,"[91557, 67153, 84187, 26974, 92676, 101241, 86375, 26907, 34689, 105233]"
120151,"[76285, 41298, 14918, 101268, 75685, 33619, 53752, 20061, 21024, 106690]"
120152,"[26102, 108078, 107489, 39221, 92518, 24455, 39810, 75460, 2076, 34983]"
120153,"[104030, 42943, 108255, 79888, 75781, 72600, 26440, 18608, 68129, 12432]"
120154,"[73151, 22532, 74670, 4291, 95783, 20253, 25916, 51501, 37784, 51022]"
120155,"[50677, 16765, 10763, 22859, 45956, 100470, 47463, 52687, 63529, 87189]"
120156,"[27132, 109580, 10826, 24157, 100090, 83815, 49556, 17826, 26235, 16599]"
120157,"[84825, 88425, 44247, 66783, 107724, 3910, 14824, 48798, 51846, 44285]"
120158,"[26834, 69678, 34133, 97789, 95895, 70895, 51863, 43370, 80451, 85180]"
120159,"[53800, 16101, 54156, 89483, 798, 45993, 18239, 60526, 95459, 26635]"
120160,"[105988, 82540, 54660, 1049, 97498, 9725, 19570, 23270, 84220, 83938]"
120161,"[61832, 240, 61271, 88630, 97678, 94580, 98364, 63358, 58470, 93140]"
120162,"[95794, 54448, 104661, 36808, 43809, 41315, 81966, 47927, 34415, 109135]"
120163,"[83963, 65759, 106988, 25106, 107050, 66266, 16123, 86485, 35509, 73919]"
120164,"[31555, 20035, 33206, 81623, 18539, 18064, 98666, 94063, 36330, 97075]"
120165,"[35905, 64364, 82, 87450, 23182, 42407, 86407, 15868, 46351, 52402]"
120166,"[75766, 52994, 17149, 71629, 93956, 53179, 62803, 35158, 12754, 83391]"
120167,"[65184, 103717, 54849, 38312, 23136, 95667, 58254, 31279, 7604, 26402]"
120168,"[76772, 76693, 46120, 66658, 47858, 18762, 50177, 8776, 75795, 80722]"
120169,"[67441, 36269, 44724, 47913, 100139, 14269, 31185, 68151, 57278, 6201]"
120170,"[47419, 18805, 10215, 101979, 264, 86542, 7408, 89287, 53204, 11628]"
120171,"[89241, 62746, 38363, 69411, 87370, 17107, 47998, 8355, 68723, 26163]"
120172,"[38216, 34784, 1595, 50764, 51411, 10007, 54086, 43023, 106531, 101272]"
120173,"[54389, 91834, 68536, 95607, 105287, 27139, 35919, 55778, 93413, 100347]"
120174,"[54726, 45258, 43975, 8940, 91945, 65160, 51949, 68463, 56864, 65085]"
120175,"[97068, 27340, 23862, 4869, 108970, 91457, 93003, 45198, 36463, 102602]"
120176,"[75894, 93710, 89468, 47162, 4012, 65828, 102097, 87299, 86451, 53618]"
120177,"[94589, 13677, 62083, 2749, 83275, 35089, 72752, 26642, 19243, 2247]"
120178,"[49720, 108931, 27491, 102508, 9394, 13748, 75717, 63869, 56985, 106189]"
120179,"[31033, 30257, 65224, 98946, 76629, 27607, 94120, 65013, 103638, 73627]"
120180,"[90171, 3410, 57134, 98695, 108877, 89057, 26883, 34788, 19994, 27908]"
120181,"[63043, 62131, 26000, 18895, 12081, 83088, 52647, 60826, 62917, 27058]"
120182,"[41403, 2179, 93384, 76277, 72507, 28058, 30777, 67971, 40792, 105905]"
120183,"[1646, 51451, 65928, 97071, 30496, 57277, 74907, 8053, 54643, 18836]"
120184,"[75626, 93376, 37159, 95381, 75253, 99473, 104965, 91833, 83249, 77741]"
120185,"[107035, 17495, 21472, 39176, 32153, 13957, 33789, 68336, 62521, 105256]"
120186,"[63112, 46373, 60287, 72391, 99715, 97527, 45871, 27936, 105931, 5997]"
120187,"[16547, 89524, 62556, 21877, 105747, 44451, 19776, 17435, 20366, 21026]"
120188,"[70807, 72415, 96452, 84492, 81885, 11379, 93373, 71552, 56822, 60678]"
120189,"[27512, 80724, 101517, 98811, 29522, 75403, 43788, 24932, 24321, 45053]"
120190,"[10363, 29010, 20894, 76760, 79595, 89685, 51548, 55272, 445, 88636]"
120191,"[8378, 21822, 54513, 76230, 93701, 95989, 65873, 27246, 41566, 53224]"
120192,"[74549, 87558, 44382, 89046, 80189, 19404, 36368, 84369, 32517, 34909]"
120193,"[72423, 69049, 52713, 61612, 37246, 75698, 66853, 30767, 24263, 13029]"
120194,"[86882, 103671, 100095, 66538, 59110, 76634, 36414, 39998, 42719, 9103]"
120195,"[67461, 59118, 104388, 90517, 10844, 50316, 43075, 11185, 79076, 37893]"
120196,"[34607, 96736, 103696, 98868, 103827, 44881, 77037, 91503, 105878, 14827]"
120197,"[33106, 105206, 104059, 61264, 55201, 65404, 37539, 92873, 22475, 74495]"
120198,"[100254, 103792, 67160, 101121, 9345, 63665, 74817, 36896, 62706, 17006]"
120199,"[63521, 83973, 84795, 48324, 90810, 8397, 14123, 75426, 27507, 60482]"
120200,"[17363, 97650, 18154, 84654, 10079, 11221, 38431, 5849, 103905, 42914]"
120201,"[24601, 27705, 101395, 106473, 39389, 81443, 67997, 17331, 93399, 71638]"
120202,"[794, 35400, 33316, 63446, 3677, 93444, 34056, 22202, 12820, 14754]"
120203,"[74954, 1128, 5654, 73685, 91260, 27994, 53746, 38072, 92606, 86902]"
120204,"[72427, 108009, 7119, 29988, 97515, 22977, 84055, 94910, 108365, 17040]"
120205,"[9734, 103134, 8618, 36117, 95209, 101545, 31188, 87465, 8029, 58763]"
120206,"[74717, 1827, 79609, 1940, 95157, 34954, 89442, 42285, 31600, 104357]"
120207,"[39105, 32637, 39761, 105881, 33470, 48115, 50010, 14086, 96295, 89822]"
120208,"[51732, 25334, 73606, 3762, 21247, 102111, 58476, 76148, 70034, 79166]"
120209,"[53193, 95454, 42545, 92519, 37913, 79043, 36521, 62811, 7442, 6296]"
120210,"[62721, 51202, 14848, 3740, 75647, 41458, 52357, 37948, 23227, 55840]"
120211,"[96149, 101878, 100815, 71751, 105508, 23035, 40520, 101053, 58090, 66315]"
120212,"[48623, 88152, 100356, 20165, 83128, 6167, 9691, 47700, 59513, 107290]"
120213,"[32413, 66320, 81652, 77025, 85905, 553, 16121, 52306, 7262, 8443]"
120214,"[37171, 82110, 87773, 5642, 33224, 77114, 68489, 99899, 28286, 91870]"
120215,"[88456, 94462, 19943, 58195, 65598, 83070, 1895, 44312, 74033, 10980]"
120216,"[108362, 2964, 2968, 70971, 20202, 12100, 49931, 39990, 104664, 11318]"
120217,"[29814, 41276, 94524, 13164, 104262, 61912, 12473, 93614, 13963, 90606]"
120218,"[61044, 43179, 96187, 101662, 77937, 107289, 109008, 14183, 85486, 13552]"
120219,"[14258, 20115, 12434, 104798, 106298, 54847, 48980, 81459, 45105, 69897]"
120220,"[44781, 94877, 677, 89428, 106743, 81763, 18330, 34507, 53625, 73521]"
120221,"[45449, 8683, 20687, 76742, 22366, 96148, 36655, 99203, 77803, 51966]"
120222,"[26243, 4970, 85349, 99217, 15893, 3130, 4390, 37708, 69672, 42707]"
120223,"[74432, 60956, 35468, 29148, 36080, 38957, 57417, 87385, 26119, 8366]"
120224,"[97541, 57007, 89917, 30007, 39956, 823, 69347, 75455, 38637, 82214]"
120225,"[16835, 68542, 6529, 83676, 109020, 62377, 98184, 99227, 58657, 79737]"
120226,"[4575, 31291, 63654, 42787, 6799, 22046, 92289, 105331, 64868, 33846]"
120227,"[1262, 2273, 104328, 99820, 61005, 62816, 60214, 31835, 98011, 13947]"
120228,"[71649, 78897, 43110, 79379, 104338, 32581, 17777, 10019, 91887, 94198]"
120229,"[87780, 63788, 41888, 44251, 77250, 79520, 29270, 76819, 20609, 29943]"
120230,"[4625, 88931, 58002, 30567, 67176, 24950, 50118, 87268, 37480, 104204]"
120231,"[55290, 100319, 79301, 85224, 45669, 50638, 104515, 89839, 58251, 72875]"
120232,"[98707, 97684, 43379, 84943, 15348, 16527, 56623, 100436, 24953, 59712]"
120233,"[75162, 26924, 51786, 35600, 10364, 33727, 86739, 76911, 53275, 71499]"
120234,"[4379, 83189, 31640, 56420, 36988, 57130, 79149, 67594, 91870, 44550]"
120235,"[93769, 101880, 983, 88095, 94344, 101900, 66959, 35251, 22499, 70725]"
120236,"[1216, 51120, 103149, 42350, 40573, 64575, 75219, 25878, 88935, 50942]"
120237,"[21571, 6302, 67363, 7493, 86881, 45981, 63429, 49667, 59313, 107006]"
120238,"[76465, 19901, 81253, 85840, 20965, 73552, 85005, 102691, 9009, 89969]"
120239,"[4013, 66571, 43297, 66327, 45665, 92949, 20573, 10941, 627, 31985]"
120240,"[11959, 67062, 61182, 11046, 19675, 93000, 45212, 26539, 106575, 79468]"
120241,"[56703, 33097, 36538, 25131, 15360, 88815, 9069, 108933, 17248, 75474]"
120242,"[108229, 49560, 52052, 30017, 65161, 87421, 77351, 74191, 38128, 60578]"
120243,"[15057, 46818, 36256, 86591, 50462, 60802, 21619, 108311, 78823, 41421]"
120244,"[75986, 90127, 22662, 109484, 27592, 73402, 72231, 17126, 78076, 92651]"
120245,"[22268, 59978, 10593, 93995, 87280, 91793, 71949, 28908, 11324, 86525]"
120246,"[25501, 52137, 63539, 2383, 14198, 82491, 55177, 93057, 85179, 22350]"
120247,"[18717, 42911, 59748, 47525, 32578, 70234, 46471, 66276, 93101, 3625]"
120248,"[53285, 107228, 90093, 41169, 14339, 22393, 5029, 106627, 21552, 104496]"
120249,"[92796, 104393, 72370, 87004, 51251, 56601, 19299, 58298, 93923, 90316]"
120250,"[2556, 22175, 46826, 12797, 79215, 24714, 28554, 57086, 2541, 108715]"
120251,"[31453, 34952, 15058, 102516, 87732, 65697, 97574, 14466, 46024, 38887]"
120252,"[81409, 58781, 1567, 108654, 76201, 86809, 88444, 43160, 54022, 101231]"
120253,"[50190, 76982, 91068, 83437, 71135, 94894, 9055, 23702, 108464, 32080]"
120254,"[55640, 50470, 105263, 55684, 59461, 100701, 57198, 11881, 102966, 103344]"
120255,"[105129, 23888, 77027, 32594, 67147, 101852, 88063, 14599, 75210, 32489]"
120256,"[67771, 33011, 78587, 30733, 28925, 26411, 97457, 55958, 13118, 5802]"
120257,"[24608, 17229, 57744, 62553, 88321, 59562, 102327, 73184, 78833, 84735]"
120258,"[85047, 90733, 58610, 27765, 69344, 73455, 54051, 52443, 43175, 82411]"
120259,"[76677, 75935, 74543, 27821, 32051, 31195, 52218, 57898, 59362, 361]"
120260,"[2741, 55197, 14128, 61361, 27411, 77046, 78562, 75129, 8362, 47442]"
120261,"[5428, 66214, 39657, 5186, 65060, 39231, 61804, 27960, 42796, 47353]"
120262,"[33439, 19490, 25040, 66945, 93298, 54647, 88265, 20250, 63990, 22598]"
120263,"[39434, 12536, 93662, 50474, 32673, 7258, 31816, 406, 95783, 23061]"
120264,"[81925, 99543, 99188, 79697, 12921, 37576, 107137, 42909, 76640, 31978]"
120265,"[3300, 76486, 30198, 98171, 2763, 56514, 78861, 85918, 107943, 51351]"
120266,"[103078, 73039, 7818, 12144, 6449, 109257, 26311, 66514, 31702, 103801]"
120267,"[91812, 105541, 13326, 48285, 109364, 81222, 13243, 108882, 18308, 29484]"
120268,"[37235, 29134, 86618, 75487, 11763, 29407, 88001, 2162, 92197, 62937]"
120269,"[60070, 97881, 86135, 12847, 86110, 12937, 45317, 33447, 23138, 79781]"
120270,"[9994, 21064, 25593, 7744, 101716, 34626, 95842, 79473, 39076, 25809]"
120271,"[24181, 21892, 10891, 70082, 1070, 64651, 94872, 9744, 94007, 23033]"
120272,"[31587, 36852, 78585, 21784, 43166, 213, 17180, 67463, 91010, 87542]"
120273,"[24141, 55274, 25865, 48202, 4290, 92069, 55033, 77965, 24910, 70868]"
120274,"[59025, 81580, 7829, 42078, 10480, 31068, 102140, 2121, 66078, 81436]"
120275,"[91891, 26925, 9804, 48632, 94259, 96449, 55610, 91400, 50258, 104064]"
120276,"[30979, 68511, 90800, 98621, 33820, 6608, 59571, 83849, 64038, 53255]"
120277,"[92649, 10907, 76317, 59695, 73231, 28639, 29561, 1021, 70952, 86258]"
120278,"[68844, 109261, 82639, 20848, 99116, 23128, 60804, 98025, 40060, 89191]"
120279,"[106669, 33955, 93600, 102271, 19461, 40091, 60008, 64645, 6118, 94052]"
120280,"[68538, 3987, 9636, 97571, 96977, 101666, 51090, 27171, 88988, 105089]"
120281,"[14476, 65778, 100907, 10158, 86857, 19339, 64957, 46791, 104071, 36183]"
120282,"[98593, 52325, 53607, 14720, 93799, 77480, 43482, 79286, 96844, 22783]"
120283,"[56039, 89300, 80050, 3997, 107693, 90314, 48166, 18604, 18314, 97688]"
120284,"[92668, 44018, 17172, 24303, 77627, 102412, 39328, 95644, 91235, 51844]"
120285,"[40208, 62123, 98272, 63538, 17928, 26997, 14662, 106220, 25046, 16627]"
120286,"[18280, 47631, 60752, 11444, 24634, 42333, 66710, 75965, 69735, 101256]"
120287,"[61697, 45273, 42317, 89169, 60975, 108891, 100394, 10618, 311, 16871]"
120288,"[107217, 639, 83554, 35926, 71831, 75961, 54347, 7209, 23397, 9873]"
120289,"[57645, 1597, 38082, 107322, 21829, 19658, 78970, 53097, 104922, 92449]"
120290,"[103634, 55560, 109557, 67201, 99875, 38496, 37502, 63921, 83380, 37530]"
120291,"[29421, 101267, 68422, 52168, 27295, 4720, 89946, 7353, 70791, 77520]"
120292,"[86963, 55378, 99606, 75195, 107940, 103896, 83425, 104252, 89039, 38661]"
120293,"[50280, 23526, 23930, 33318, 1432, 93970, 49987, 52708, 97522, 100032]"
120294,"[9914, 63703, 26254, 80867, 80302, 61254, 18184, 88701, 84759, 41380]"
120295,"[86482, 27293, 79178, 13108, 6673, 36629, 2707, 60759, 86391, 87605]"
120296,"[56882, 105442, 48469, 99045, 79481, 104800, 108118, 829, 2127, 2215]"
120297,"[67901, 92681, 47426, 73109, 78935, 45753, 104876, 79193, 30363, 45676]"
120298,"[92383, 34339, 46809, 109297, 77565, 63812, 17420, 23248, 38311, 86869]"
120299,"[82845, 87584, 51086, 85159, 61869, 12807, 103669, 32433, 40748, 1536]"
120300,"[75754, 60688, 27118, 61175, 12391, 58458, 109694, 50309, 105114, 41398]"
120301,"[25649, 77054, 30775, 53440, 74190, 7062, 94152, 59298, 74961, 23645]"
120302,"[79561, 48197, 101904, 90511, 81213, 19789, 96009, 36552, 83627, 51036]"
120303,"[48336, 107229, 47470, 79068, 95678, 16429, 25437, 77229, 59730, 78258]"
120304,"[8047, 12990, 101256, 75965, 48523, 74541, 99285, 88228, 79544, 89026]"
120305,"[44276, 76262, 21088, 75983, 1353, 75397, 50329, 87251, 23857, 81881]"
120306,"[13527, 82243, 83856, 106002, 35325, 18167, 31202, 84833, 14054, 77120]"
120307,"[35907, 62961, 100655, 20104, 26369, 23780, 40842, 72379, 36633, 96067]"
120308,"[15558, 8224, 51569, 44158, 59894, 72363, 98174, 5154, 14430, 17281]"
120309,"[64373, 41728, 94420, 51302, 103322, 61687, 36060, 67858, 20499, 36661]"
120310,"[51364, 92045, 30008, 106951, 13341, 107084, 60631, 21637, 58979, 29056]"
120311,"[37116, 13763, 53872, 103556, 68686, 109665, 71093, 65599, 25209, 47942]"
120312,"[36206, 10591, 78781, 101824, 21162, 69338, 40120, 95710, 82299, 76576]"
120313,"[89773, 14284, 45565, 105324, 98444, 515, 69560, 73887, 77721, 70707]"
120314,"[81691, 25248, 25502, 20087, 44669, 8863, 82692, 32501, 41046, 87824]"
120315,"[87985, 94485, 51508, 18444, 93453, 109055, 57420, 23827, 79646, 75326]"
120316,"[18490, 42594, 48627, 39505, 49621, 60650, 70020, 12413, 105228, 14534]"
120317,"[12026, 5963, 9237, 51891, 48026, 87324, 69483, 24331, 79040, 62763]"
120318,"[72204, 106782, 14350, 95696, 15726, 50040, 46198, 89282, 46909, 72679]"
120319,"[63400, 98808, 26706, 7373, 72269, 50398, 6147, 54971, 93426, 22789]"
120320,"[102237, 45470, 1132, 49141, 10011, 36818, 56529, 96905, 18197, 100064]"
120321,"[53991, 100268, 50753, 78968, 69056, 8535, 15454, 95094, 108422, 64169]"
120322,"[97802, 12901, 87117, 47492, 7663, 78601, 51931, 46312, 90931, 39633]"
120323,"[42360, 89310, 81512, 11696, 25073, 52794, 85610, 60663, 47910, 89091]"
120324,"[20559, 89826, 96445, 54151, 38291, 16471, 42521, 59943, 24018, 45774]"
120325,"[108864, 96021, 62455, 38445, 106589, 8833, 69828, 24588, 70530, 34865]"
120326,"[69986, 28971, 20789, 84712, 26506, 47966, 82958, 99765, 32462, 53379]"
120327,"[48134, 5947, 2499, 36171, 264, 35915, 78863, 89287, 103396, 86542]"
120328,"[59801, 16817, 35683, 6591, 49984, 77449, 90501, 10861, 8236, 45823]"
120329,"[77075, 72497, 80966, 83950, 23454, 22290, 64422, 96046, 87470, 10707]"
120330,"[109420, 76014, 48129, 75858, 23898, 59810, 107888, 17280, 67864, 15419]"
120331,"[10246, 49659, 93106, 6826, 101960, 38166, 50034, 27582, 46391, 64526]"
120332,"[79042, 85569, 48578, 59625, 47223, 100697, 98677, 96635, 101106, 84623]"
120333,"[99349, 88423, 108862, 49494, 1606, 30736, 22630, 54268, 6441, 84837]"
120334,"[49138, 39162, 39112, 55101, 18011, 104792, 73305, 41412, 7940, 81891]"
120335,"[45848, 80795, 38761, 50707, 91153, 73406, 87563, 101999, 30113, 39978]"
120336,"[4391, 8883, 81168, 82857, 16389, 30897, 35709, 54299, 8758, 90281]"
120337,"[61276, 93609, 66216, 102938, 23833, 2118, 88854, 67595, 35567, 38492]"
120338,"[7579, 43501, 79928, 56241, 66441, 56012, 43384, 73301, 105585, 75681]"
120339,"[88986, 46015, 17654, 16564, 37217, 22919, 36669, 103164, 81279, 57056]"
120340,"[70537, 96296, 17417, 63495, 76591, 80567, 40585, 98126, 16630, 52895]"
120341,"[80122, 45519, 87839, 33057, 61324, 39892, 24402, 37804, 32033, 2727]"
120342,"[1933, 612, 35306, 97143, 99262, 31217, 9450, 37164, 11470, 98406]"
120343,"[73598, 74010, 156, 95396, 76571, 64151, 16204, 38559, 32052, 56935]"
120344,"[94312, 57406, 106300, 19011, 11253, 90176, 51527, 66348, 40223, 70783]"
120345,"[35136, 70240, 38837, 55461, 9090, 47053, 63257, 103577, 6525, 7377]"
120346,"[22735, 41152, 28988, 65820, 91888, 58364, 104415, 71103, 20772, 77537]"
120347,"[93181, 67876, 108491, 22746, 33479, 20336, 73898, 9937, 62837, 102867]"
120348,"[52900, 10865, 54537, 53573, 63784, 3692, 55020, 50999, 75996, 89221]"
120349,"[101850, 4588, 43960, 72369, 109385, 50035, 64614, 85978, 107072, 61992]"
120350,"[72636, 53139, 10494, 67358, 11319, 64809, 25615, 28355, 95653, 33460]"
120351,"[13218, 103059, 15082, 18629, 84107, 59031, 57618, 36603, 29345, 8879]"
120352,"[15652, 95122, 72100, 21220, 98934, 73655, 60043, 9330, 36656, 26771]"
120353,"[8064, 12842, 40160, 4382, 29983, 53340, 33866, 80458, 84532, 88650]"
120354,"[88084, 59923, 84133, 90241, 68602, 98407, 29983, 5309, 91538, 93962]"
120355,"[54374, 15424, 6729, 35899, 11752, 105196, 60504, 87196, 47908, 96870]"
120356,"[84933, 46449, 63580, 66252, 49175, 10140, 52965, 79747, 16540, 52853]"
120357,"[15974, 88963, 83375, 102372, 86653, 67572, 1062, 44707, 47299, 45699]"
120358,"[83595, 22383, 55860, 95108, 27059, 56046, 99458, 12065, 62757, 28763]"
120359,"[23896, 45328, 82017, 91879, 69430, 2676, 16984, 106658, 45535, 21656]"
120360,"[55335, 61520, 64490, 31806, 20876, 975, 77123, 24528, 31420, 3629]"
120361,"[16107, 28803, 37132, 24737, 2175, 98991, 96013, 106525, 73670, 99891]"
120362,"[99108, 105793, 77508, 54330, 89543, 80023, 64032, 59540, 183, 64193]"
120363,"[57462, 16682, 60706, 80530, 16619, 67561, 45446, 79942, 55253, 105754]"
120364,"[10979, 16067, 19880, 6876, 40985, 48168, 87881, 20974, 10412, 1912]"
120365,"[99516, 107503, 80464, 16069, 48942, 26497, 55178, 96290, 35790, 32933]"
120366,"[57632, 40311, 23825, 95197, 59617, 73096, 97105, 20902, 38498, 64]"
120367,"[71257, 38218, 57123, 79793, 12291, 14525, 32312, 101278, 25625, 46728]"
120368,"[56186, 14718, 69413, 89750, 94551, 43198, 99587, 44825, 24671, 26336]"
120369,"[49817, 33586, 9323, 21231, 6773, 48607, 12405, 103497, 63150, 20845]"
120370,"[34728, 17457, 77199, 95421, 90335, 91006, 80332, 36795, 14405, 1700]"
120371,"[108769, 22468, 64440, 103613, 99647, 17740, 101490, 6271, 104678, 55151]"
120372,"[70194, 11264, 77389, 21986, 30984, 59575, 85214, 91077, 106137, 87303]"
120373,"[12918, 24554, 59218, 21592, 86808, 26628, 57145, 26074, 37661, 106932]"
120374,"[69621, 8932, 78108, 16371, 37826, 38058, 23836, 90686, 96293, 91700]"
120375,"[6512, 88314, 104331, 40643, 17409, 30715, 27809, 83111, 84385, 48167]"
120376,"[7779, 1475, 24769, 78388, 59558, 8870, 30899, 15103, 94272, 43537]"
120377,"[34728, 17457, 80332, 90335, 68128, 95421, 96879, 53777, 88535, 77199]"
120378,"[66873, 43270, 82690, 31099, 7588, 14309, 37893, 51268, 29721, 90499]"
120379,"[1691, 105064, 86180, 88129, 54763, 83800, 30250, 68944, 62045, 76297]"
120380,"[8595, 90851, 108065, 101516, 27275, 67396, 95608, 20417, 38287, 54271]"
120381,"[42351, 92369, 33064, 72514, 25452, 29728, 4748, 86361, 75727, 73632]"
120382,"[85601, 39426, 75493, 99211, 97098, 28923, 64274, 46660, 44151, 59059]"
120383,"[11613, 34494, 77438, 100956, 101207, 74587, 74221, 88473, 59925, 38727]"
120384,"[82433, 104457, 63323, 23322, 41811, 57520, 26023, 14502, 79118, 70874]"
120385,"[36282, 124, 2157, 109448, 62499, 55639, 54611, 61643, 53937, 107885]"
120386,"[105336, 81003, 102811, 47718, 64569, 69479, 46811, 53315, 32970, 66960]"
120387,"[26199, 62133, 52790, 3089, 29225, 67767, 9566, 78485, 19677, 53789]"
120388,"[81964, 87607, 70846, 84564, 93396, 65747, 89761, 49859, 10549, 22803]"
120389,"[28422, 7356, 55597, 65883, 23442, 54125, 70992, 21724, 1367, 94299]"
120390,"[51136, 43236, 52034, 69137, 25733, 31577, 6281, 32987, 28961, 4618]"
120391,"[30085, 74228, 56627, 19982, 20531, 74745, 81916, 54811, 55165, 27995]"
120392,"[35864, 96229, 3442, 93793, 24232, 96675, 95852, 103643, 19550, 105706]"
120393,"[108256, 87152, 34815, 98910, 86893, 85646, 28499, 96026, 85168, 19605]"
120394,"[44048, 62048, 18469, 68660, 72502, 17373, 74864, 34904, 56484, 72149]"
120395,"[38325, 99581, 80174, 29530, 107911, 2934, 45529, 26750, 94508, 14613]"
120396,"[97583, 21775, 97473, 103681, 97410, 26890, 26522, 4620, 108286, 107444]"
120397,"[67935, 93088, 4701, 45264, 15312, 42409, 42187, 21383, 73179, 32782]"
120398,"[34843, 6597, 15840, 72084, 60838, 80495, 2840, 97998, 58687, 4351]"
120399,"[18241, 16941, 92687, 23117, 38285, 77529, 65499, 23667, 30967, 26860]"
120400,"[76573, 61325, 75160, 64337, 27401, 91798, 64529, 31503, 80745, 73728]"
120401,"[5873, 40195, 93780, 5320, 60735, 53434, 39266, 75738, 5579, 51662]"
120402,"[92155, 73230, 65594, 91146, 81737, 54336, 105086, 12366, 5240, 12416]"
120403,"[67389, 34738, 106095, 80183, 4824, 70655, 57776, 43869, 56390, 81215]"
120404,"[21689, 35945, 7997, 90247, 82939, 93607, 12010, 65427, 9494, 22010]"
120405,"[9154, 26705, 70392, 65819, 103874, 87886, 49681, 62483, 27076, 108142]"
120406,"[4057, 2000, 45302, 50476, 58534, 88254, 7051, 67741, 27699, 66982]"
120407,"[68442, 81570, 25488, 16586, 27586, 58746, 6768, 24936, 85724, 2122]"
120408,"[16885, 29590, 32475, 63242, 24841, 48726, 69385, 82949, 3702, 8253]"
120409,"[100817, 103044, 57542, 11555, 70011, 15015, 19274, 107801, 33607, 31956]"
120410,"[57640, 38254, 43986, 55829, 99834, 25250, 5146, 97327, 48468, 35798]"
120411,"[32207, 98725, 26345, 28717, 68964, 58120, 29753, 17415, 108740, 42467]"
120412,"[11761, 42662, 34446, 52409, 75573, 8152, 29001, 42261, 16167, 104514]"
120413,"[50480, 108405, 59776, 956, 107919, 61992, 44104, 30155, 26563, 108237]"
120414,"[11447, 37630, 68255, 3498, 68114, 40531, 86300, 80679, 78841, 74567]"
120415,"[23131, 1573, 4067, 66629, 61163, 47981, 35745, 90339, 53147, 18014]"
120416,"[45308, 29840, 103920, 101168, 74534, 34071, 77090, 51792, 85236, 107611]"
120417,"[95459, 77777, 26973, 26635, 798, 24080, 41553, 91911, 54156, 69702]"
120418,"[56139, 40746, 58479, 22957, 37398, 91314, 45696, 92556, 2400, 19791]"
120419,"[69896, 46356, 8907, 36632, 34733, 82969, 12972, 39135, 108365, 11508]"
120420,"[72254, 28640, 59541, 87343, 2851, 104522, 79701, 107953, 70497, 90432]"
120421,"[73052, 100829, 5499, 48865, 9048, 39480, 103519, 24192, 8383, 97715]"
120422,"[64290, 88917, 89989, 13676, 26747, 65233, 86156, 91662, 72726, 1314]"
120423,"[69935, 39497, 97289, 36641, 29172, 82534, 26383, 79219, 57529, 49218]"
120424,"[65384, 37930, 84920, 24806, 33942, 36707, 55267, 104711, 63551, 50721]"
120425,"[45803, 40378, 73118, 15423, 29406, 103558, 8282, 3384, 50027, 12597]"
120426,"[94744, 105889, 72555, 10798, 86064, 75566, 109541, 38859, 13455, 21019]"
120427,"[46828, 87430, 36620, 77301, 33663, 64070, 51857, 14322, 86037, 102502]"
120428,"[41654, 60510, 92121, 93545, 23373, 34215, 45087, 103504, 29129, 52075]"
120429,"[7986, 72926, 25701, 10295, 91623, 106353, 98504, 64918, 85543, 63760]"
120430,"[26647, 21342, 1700, 65417, 31489, 107997, 75709, 33181, 72119, 42189]"
120431,"[61603, 73672, 64617, 101096, 82395, 18035, 99770, 88302, 58786, 26191]"
120432,"[60249, 63726, 4432, 55934, 76904, 55366, 3501, 40196, 41843, 12020]"
120433,"[55870, 41040, 71233, 39266, 71599, 85913, 100809, 60246, 76568, 59467]"
120434,"[76442, 109641, 34429, 47108, 71473, 30867, 23275, 45784, 90974, 3679]"
120435,"[67780, 52616, 68369, 28335, 97379, 55251, 17080, 55660, 106738, 20183]"
120436,"[59149, 60555, 55673, 40168, 14907, 92451, 79014, 16961, 37299, 88605]"
120437,"[34009, 42191, 72761, 96039, 72292, 71096, 26270, 108233, 42475, 92136]"
120438,"[74908, 25374, 92966, 77128, 99015, 65666, 76609, 79387, 74668, 35362]"
120439,"[5742, 15554, 100339, 49704, 33425, 99549, 19923, 63630, 55316, 87628]"
120440,"[28907, 1986, 6386, 99396, 89403, 103466, 93635, 47080, 28416, 37969]"
120441,"[82685, 75719, 499, 8706, 100795, 43313, 97239, 21340, 92390, 1818]"
120442,"[19800, 45697, 104145, 65272, 85729, 40009, 72314, 39991, 17605, 88705]"
120443,"[16546, 61218, 48037, 63472, 38460, 984, 98943, 57551, 57356, 33227]"
120444,"[12673, 104156, 23636, 23996, 29708, 63509, 17222, 77072, 17125, 63034]"
120445,"[60441, 75134, 73394, 58486, 15019, 107773, 3048, 2877, 48246, 84350]"
120446,"[55138, 82563, 79529, 7623, 3969, 106675, 16321, 22903, 77346, 32197]"
120447,"[92395, 73712, 33441, 89643, 19667, 82647, 13892, 69375, 81171, 20416]"
120448,"[4974, 14584, 53436, 76717, 3710, 25093, 10816, 100056, 30006, 29632]"
120449,"[56261, 73903, 94248, 27500, 3389, 60627, 24797, 104907, 81757, 21396]"
120450,"[27012, 45354, 21889, 81833, 94219, 83216, 35714, 68068, 30243, 95838]"
120451,"[14485, 24754, 14765, 81939, 6404, 46810, 32861, 109239, 9295, 104687]"
120452,"[34988, 55456, 43939, 19426, 35064, 8492, 12541, 71827, 41591, 11246]"
120453,"[70178, 23134, 13683, 95076, 21249, 28034, 106660, 83037, 81606, 29701]"
120454,"[37749, 107031, 12102, 105769, 77436, 38762, 90202, 31433, 95554, 3968]"
120455,"[104947, 55864, 72020, 104010, 59602, 98131, 86116, 5979, 49395, 107855]"
120456,"[79999, 103433, 71615, 69670, 57893, 79046, 37745, 54508, 79635, 44375]"
120457,"[75658, 36588, 108222, 33641, 62244, 88392, 96257, 97140, 103756, 25958]"
120458,"[92247, 65367, 9639, 19414, 60946, 9865, 7498, 87505, 33737, 45667]"
120459,"[3512, 106642, 88112, 64851, 70066, 50664, 78614, 65063, 75930, 11674]"
120460,"[21561, 91095, 46082, 27842, 38386, 95577, 63897, 83315, 40976, 71527]"
120461,"[58915, 43861, 90014, 9213, 82108, 71556, 13026, 42204, 69731, 105177]"
120462,"[39141, 14939, 106843, 28107, 89112, 74646, 6838, 53137, 25360, 15192]"
120463,"[31097, 70888, 69096, 102207, 89739, 48496, 25999, 58654, 107721, 25272]"
120464,"[75961, 20409, 35926, 13678, 84696, 23397, 63108, 107649, 107217, 54347]"
120465,"[96266, 17342, 46121, 65657, 67867, 6530, 76145, 69280, 67281, 32826]"
120466,"[61927, 6827, 26720, 74309, 105709, 48892, 20107, 51352, 107756, 61247]"
120467,"[108493, 37538, 92554, 13952, 104463, 80522, 52011, 23927, 101489, 6923]"
120468,"[24637, 88718, 35731, 89319, 77156, 50777, 3407, 83106, 31, 72820]"
120469,"[69936, 19158, 94402, 91947, 75044, 71577, 37506, 94044, 83825, 67675]"
120470,"[35046, 58634, 46886, 69331, 62661, 94139, 74380, 76837, 59041, 1151]"
120471,"[70966, 6993, 83141, 32180, 46897, 70575, 107410, 48101, 29803, 34164]"
120472,"[98437, 47911, 70359, 106433, 40733, 51631, 46197, 44834, 77969, 61318]"
120473,"[34083, 19534, 32585, 35192, 5062, 54082, 20967, 83509, 89825, 99545]"
120474,"[88030, 50339, 96947, 20619, 79750, 31536, 6388, 19025, 61153, 44987]"
120475,"[12469, 88711, 101603, 12497, 988, 74788, 102734, 92398, 101542, 36022]"
120476,"[54757, 21397, 74962, 15486, 54116, 34265, 49671, 87143, 70236, 26182]"
120477,"[86247, 88995, 83854, 100609, 48522, 77047, 57799, 93735, 44953, 72295]"
120478,"[59734, 76104, 105938, 77131, 15243, 67623, 71684, 26162, 62597, 57963]"
120479,"[23139, 34121, 37354, 103923, 32536, 32532, 107737, 22871, 49721, 44608]"
120480,"[94491, 98166, 74748, 10121, 52929, 75640, 11751, 45708, 59873, 13298]"
120481,"[27872, 104588, 5095, 25380, 54187, 61757, 89771, 76924, 100657, 85631]"
120482,"[39196, 87127, 39824, 80053, 23256, 59536, 42462, 86322, 47195, 97066]"
120483,"[77061, 102603, 94093, 108921, 86515, 74487, 90556, 19542, 38920, 18913]"
120484,"[95612, 53762, 34600, 57219, 63902, 83897, 51400, 97348, 109168, 104505]"
120485,"[18584, 42996, 80859, 87048, 107109, 76970, 45046, 50374, 62170, 96279]"
120486,"[68590, 109433, 108300, 50477, 23032, 108856, 54488, 22773, 90521, 92691]"
120487,"[29474, 73936, 106502, 40405, 6143, 1499, 86834, 77362, 6305, 72050]"
120488,"[91135, 49133, 67775, 34033, 24829, 100475, 93725, 96492, 22370, 104971]"
120489,"[81551, 20562, 34338, 20862, 83713, 54060, 25791, 11885, 19478, 77269]"
120490,"[44462, 41249, 97425, 1023, 14382, 43968, 46890, 51209, 105429, 30135]"
120491,"[49894, 72848, 27504, 27296, 103145, 37355, 75759, 71322, 99499, 41058]"
120492,"[67173, 104992, 31749, 25459, 71256, 52195, 64930, 83377, 23058, 5589]"
120493,"[54378, 4302, 74330, 76376, 81816, 107779, 78706, 74066, 100702, 21355]"
120494,"[66641, 106347, 102994, 28958, 48570, 42501, 65718, 1591, 99475, 26291]"
120495,"[105374, 82208, 58184, 77155, 67523, 102601, 56243, 16951, 11839, 69770]"
120496,"[19581, 41573, 80408, 25634, 75688, 80039, 29508, 27685, 85745, 35137]"
120497,"[25608, 99544, 41918, 106199, 83420, 62028, 23074, 184, 51067, 8687]"
120498,"[59550, 81938, 12418, 16865, 14359, 91433, 79726, 39815, 107761, 90616]"
120499,"[35754, 19520, 73309, 79174, 16197, 90871, 72690, 80887, 64679, 97511]"
120500,"[54266, 45248, 3352, 19122, 13825, 21812, 52127, 33858, 93798, 53009]"
120501,"[36958, 40979, 94528, 58739, 79760, 12259, 106964, 31657, 46405, 95062]"
120502,"[107525, 51892, 74136, 98466, 77862, 13117, 88326, 12548, 88824, 31475]"
120503,"[10019, 71188, 71649, 78897, 29462, 79379, 32581, 17777, 99905, 46480]"
120504,"[104331, 88314, 40643, 98388, 11913, 6512, 84385, 9124, 57985, 8114]"
120505,"[20363, 70542, 40446, 85500, 8944, 56048, 83664, 64510, 19819, 30946]"
120506,"[69024, 79397, 18365, 95052, 22455, 60946, 10837, 29009, 50596, 63382]"
120507,"[63339, 57535, 7425, 84277, 58051, 41530, 31651, 83472, 69010, 68782]"
120508,"[13480, 3157, 10685, 19337, 47534, 87230, 27304, 11878, 36476, 55453]"
120509,"[34555, 37248, 76688, 43291, 108372, 59928, 26158, 82120, 50609, 30036]"
120510,"[38112, 86151, 33131, 53876, 33217, 39905, 62515, 15923, 69284, 50375]"
120511,"[75469, 62428, 56409, 90342, 11446, 73290, 32399, 97523, 99056, 74082]"
120512,"[55547, 108989, 61680, 38644, 26780, 97182, 53109, 21733, 24672, 97598]"
120513,"[96725, 74332, 67907, 79809, 74330, 4302, 97355, 1493, 91634, 65379]"
120514,"[25459, 31749, 23058, 96079, 1255, 3864, 38528, 88442, 26355, 35927]"
120515,"[79763, 62264, 72714, 108012, 48363, 27360, 36822, 101289, 35385, 51958]"
120516,"[57518, 21440, 27109, 46884, 56106, 6091, 25639, 65951, 21948, 98275]"
120517,"[59284, 37198, 89008, 73956, 62882, 102241, 76616, 4771, 69840, 104269]"
120518,"[14697, 64165, 968, 87573, 3573, 46647, 14493, 47933, 81803, 98569]"
120519,"[52787, 36724, 15037, 87602, 66887, 92601, 93592, 89554, 8603, 90788]"
120520,"[98887, 15473, 74570, 105532, 101781, 1783, 16719, 34041, 57610, 24909]"
120521,"[75254, 11666, 56906, 62866, 79282, 23566, 82290, 37746, 67360, 79911]"
120522,"[66867, 63896, 102230, 54464, 109507, 35614, 17650, 92977, 81602, 36902]"
120523,"[18983, 32691, 55324, 52203, 44242, 107326, 4270, 75921, 49321, 62809]"
120524,"[65280, 77228, 88677, 90012, 83282, 293, 63005, 15373, 107627, 92525]"
120525,"[43638, 38910, 80425, 74359, 94994, 23436, 53504, 10454, 11158, 60757]"
120526,"[16306, 42407, 21450, 50107, 64364, 35905, 109413, 81589, 19633, 13663]"
120527,"[5249, 28653, 80409, 81041, 35371, 32573, 59243, 95370, 80667, 15109]"
120528,"[67664, 38410, 57318, 106403, 51734, 28839, 2305, 5529, 1199, 32032]"
120529,"[105639, 83538, 79458, 102967, 2505, 53793, 90022, 99465, 67437, 26435]"
120530,"[63325, 71839, 6272, 3729, 42831, 7406, 25662, 78902, 26674, 92374]"
120531,"[72574, 56056, 73341, 75621, 3785, 69461, 24602, 46711, 95373, 27187]"
120532,"[101085, 84994, 41893, 89051, 20446, 27422, 50686, 71808, 5441, 60954]"
120533,"[104623, 80272, 36527, 10715, 80150, 1979, 9654, 83033, 91605, 46417]"
120534,"[14472, 47375, 26048, 54321, 16093, 2583, 48313, 59863, 21971, 75066]"
120535,"[39528, 15670, 104621, 105806, 41962, 33055, 21046, 86310, 41466, 29123]"
120536,"[64222, 45785, 92592, 74125, 105333, 85431, 65576, 96283, 37619, 60321]"
120537,"[74342, 6346, 38861, 28330, 94288, 62490, 18072, 16867, 28593, 108695]"
120538,"[90616, 59354, 3214, 51645, 93910, 41828, 68718, 67065, 103450, 69578]"
120539,"[55061, 94365, 96202, 100946, 98673, 3527, 50432, 92802, 47825, 67004]"
120540,"[80223, 68082, 60583, 50527, 18953, 10412, 109690, 41028, 60417, 54210]"
120541,"[85796, 99997, 44500, 76739, 15605, 79425, 905, 88812, 81810, 97935]"
120542,"[49389, 2464, 105905, 49816, 72166, 25052, 91267, 96413, 76277, 30686]"
120543,"[3901, 66337, 96384, 104556, 95025, 56830, 11118, 103525, 1761, 30718]"
120544,"[83800, 54763, 30250, 84108, 1691, 105064, 23027, 101924, 70851, 2102]"
120545,"[91123, 83397, 51139, 76779, 9849, 62683, 29208, 8667, 33406, 90375]"
120546,"[39387, 93851, 98222, 31569, 10914, 16553, 22835, 82213, 60466, 49256]"
120547,"[76326, 62113, 93505, 76009, 25971, 60379, 100705, 39489, 21721, 90457]"
120548,"[13328, 94785, 61981, 41290, 38091, 5670, 81841, 74364, 20075, 94944]"
120549,"[11505, 96045, 11997, 28284, 74884, 93387, 61224, 5740, 8034, 26480]"
120550,"[68936, 45615, 84256, 73226, 10346, 106490, 75613, 64853, 67475, 22000]"
120551,"[2385, 15364, 39797, 97961, 7275, 101589, 21067, 15585, 20747, 43409]"
120552,"[16815, 18523, 23754, 67681, 23546, 53396, 10516, 61816, 11198, 65320]"
120553,"[84064, 66502, 33175, 86580, 78945, 4234, 35285, 32196, 75712, 16456]"
120554,"[59547, 21050, 68948, 9223, 35267, 74382, 91102, 65109, 85193, 20170]"
120555,"[6813, 77129, 95066, 82865, 55356, 15743, 31372, 74881, 82288, 107120]"
120556,"[109254, 44091, 38903, 52683, 22933, 77004, 72082, 38998, 62254, 95970]"
120557,"[29742, 90400, 105808, 109480, 61928, 65639, 33743, 97096, 91742, 52885]"
120558,"[38706, 58789, 15321, 70900, 62511, 15668, 28558, 63612, 16178, 106977]"
120559,"[51140, 63114, 64228, 99069, 52515, 72008, 84617, 100463, 37943, 74226]"
120560,"[17075, 104864, 37513, 101530, 19125, 44008, 36742, 50214, 3831, 56616]"
120561,"[35364, 27105, 44188, 85513, 98197, 106485, 77262, 11524, 48529, 30299]"
120562,"[76865, 44968, 84548, 11166, 71639, 67968, 75475, 99381, 41, 57450]"
120563,"[44625, 33675, 48589, 47031, 12654, 107702, 87644, 105210, 33865, 65448]"
120564,"[80739, 63805, 109298, 26888, 42538, 35538, 91734, 13737, 40715, 69460]"
120565,"[23342, 46349, 45304, 108095, 38354, 58501, 11749, 106720, 23919, 80890]"
120566,"[52598, 37957, 27065, 57052, 35380, 86457, 52548, 37286, 59053, 30446]"
120567,"[76294, 26855, 87744, 75089, 53592, 35673, 86188, 42346, 108113, 57787]"
120568,"[10490, 94827, 15283, 109305, 34484, 45064, 2421, 35815, 75170, 67257]"
120569,"[47111, 105140, 82935, 96761, 72940, 92828, 54999, 33343, 80320, 103051]"
120570,"[97700, 34914, 23805, 43634, 53795, 94176, 66645, 33876, 9862, 42156]"
120571,"[63167, 59560, 102176, 63617, 30825, 73129, 34269, 24653, 84921, 31266]"
120572,"[47100, 72279, 30947, 3509, 30263, 41430, 45887, 69023, 6135, 33620]"
120573,"[60700, 101423, 18560, 90016, 92398, 89705, 108801, 11151, 100530, 23555]"
120574,"[74434, 25644, 46078, 107279, 94542, 60697, 77919, 27534, 94968, 80590]"
120575,"[26501, 54900, 33054, 12666, 71954, 5458, 84715, 63805, 102975, 30298]"
120576,"[469, 52445, 15459, 99105, 25466, 14973, 56917, 87970, 91949, 69617]"
120577,"[38234, 34008, 56800, 17150, 3234, 64804, 66147, 78201, 45099, 1022]"
120578,"[103955, 68920, 71791, 7953, 85169, 9694, 20081, 102566, 93013, 23473]"
120579,"[67431, 79692, 47848, 31142, 44893, 87547, 84956, 97200, 42273, 36337]"
120580,"[39532, 108830, 14011, 79199, 2707, 60759, 6673, 73538, 26577, 87605]"
120581,"[50794, 45189, 102616, 82374, 56306, 66699, 87538, 63576, 27252, 19825]"
120582,"[14418, 59554, 69695, 105094, 39310, 93285, 18839, 74768, 23646, 76232]"
120583,"[43794, 74324, 53169, 69747, 90341, 85825, 99232, 49378, 41282, 18048]"
120584,"[76268, 12934, 19290, 83254, 39353, 91012, 36991, 88940, 60399, 64582]"
120585,"[61355, 83919, 6758, 11132, 66933, 74318, 7048, 82454, 10314, 76208]"
120586,"[73052, 48865, 100829, 5499, 9048, 94334, 32012, 39480, 103519, 8383]"
120587,"[52490, 20234, 33534, 39517, 15338, 46438, 60075, 20606, 42234, 96194]"
120588,"[58672, 48390, 34356, 9855, 43651, 100965, 11151, 101423, 42996, 90016]"
120589,"[108427, 88033, 9352, 11379, 26219, 95417, 22383, 92810, 28577, 28633]"
120590,"[17753, 31010, 15676, 92613, 28057, 67036, 54233, 22546, 60370, 73442]"
120591,"[8193, 52059, 38427, 47549, 11339, 18624, 63559, 76815, 92169, 100086]"
120592,"[57231, 37026, 39697, 64235, 66465, 63467, 68698, 85257, 4156, 83465]"
120593,"[23492, 102210, 378, 108944, 56327, 3207, 69148, 56685, 94711, 88170]"
120594,"[4725, 102720, 93639, 78148, 105093, 47010, 3138, 28061, 35382, 65712]"
120595,"[17656, 22063, 22859, 86725, 41755, 59552, 108894, 38836, 94357, 58389]"
120596,"[316, 60840, 76761, 22696, 83533, 26937, 14348, 12919, 29286, 8067]"
120597,"[17739, 83433, 15305, 73743, 43056, 99112, 20008, 66740, 12308, 35184]"
120598,"[80360, 97452, 8292, 107099, 57497, 64313, 11369, 7106, 92388, 45791]"
120599,"[22026, 54593, 37437, 75376, 43311, 66851, 28043, 81864, 10381, 28475]"
120600,"[79001, 108736, 86417, 78215, 30860, 89494, 17093, 18410, 28709, 101913]"
120601,"[88198, 81085, 44574, 106316, 54247, 92847, 28177, 82359, 102009, 71349]"
120602,"[108841, 28848, 26671, 1040, 30149, 34123, 32388, 45041, 62259, 68827]"
120603,"[102404, 50650, 90593, 54868, 93383, 5323, 92114, 96366, 54644, 99944]"
120604,"[100901, 87132, 87292, 83052, 82889, 54540, 91603, 31074, 51784, 55851]"
120605,"[86961, 40034, 106564, 26479, 32139, 12698, 97459, 85484, 103961, 37684]"
120606,"[30382, 81563, 86564, 32362, 33087, 4990, 62470, 77870, 90522, 9606]"
120607,"[30363, 62144, 7843, 63607, 76724, 46436, 68662, 24490, 28913, 4553]"
120608,"[10826, 27132, 109580, 16599, 87521, 24157, 100090, 83815, 16989, 78933]"
120609,"[108278, 107690, 94109, 2338, 31785, 17573, 97659, 16788, 100506, 15183]"
120610,"[85261, 80742, 49346, 81459, 46580, 45693, 87630, 54714, 105741, 91720]"
120611,"[7018, 27598, 43973, 58887, 62645, 106022, 61420, 73581, 67343, 40105]"
120612,"[65842, 74417, 109431, 104836, 10102, 36561, 26551, 71268, 61354, 104838]"
120613,"[72473, 27115, 18384, 14018, 15822, 42530, 51998, 43995, 106957, 52993]"
120614,"[76113, 73005, 75621, 37483, 108213, 27775, 53439, 3828, 52744, 95373]"
120615,"[101533, 71971, 15965, 104670, 48922, 6489, 104698, 75327, 82514, 105410]"
120616,"[37994, 88217, 3263, 45634, 56440, 109452, 32859, 52774, 38801, 101704]"
120617,"[21643, 80249, 106804, 16312, 73072, 74025, 19615, 49110, 959, 103709]"
120618,"[40254, 13439, 70084, 31160, 38893, 95523, 7826, 38783, 74535, 80121]"
120619,"[1983, 5711, 17486, 53796, 107002, 67375, 109616, 79524, 90220, 92104]"
120620,"[14029, 25483, 5315, 62439, 9236, 13841, 58719, 43717, 105557, 9998]"
120621,"[33775, 61515, 79460, 73853, 27247, 83087, 17580, 23782, 52470, 46787]"
120622,"[65571, 78417, 9284, 20509, 23420, 43149, 49021, 106810, 37194, 39300]"
120623,"[18915, 14509, 12987, 65427, 70046, 109469, 93094, 22113, 26220, 5989]"
120624,"[6057, 26762, 97952, 53867, 65464, 67744, 25719, 47427, 8182, 3412]"
120625,"[18635, 78272, 25344, 11845, 53039, 70197, 73619, 92826, 105090, 91085]"
120626,"[40385, 85443, 18221, 23704, 88877, 6466, 100388, 103295, 65895, 64339]"
120627,"[35229, 91769, 73603, 83941, 48943, 62270, 23812, 44393, 10674, 22404]"
120628,"[73373, 75974, 55781, 94117, 56196, 55207, 26685, 104174, 27297, 56245]"
120629,"[59554, 105094, 14418, 93285, 39310, 23646, 18839, 16025, 10388, 73777]"
120630,"[73356, 1577, 45124, 36617, 60001, 64837, 86259, 67234, 102232, 10131]"
120631,"[88782, 93270, 27403, 88607, 76034, 63827, 44335, 27000, 106494, 99130]"
120632,"[29266, 5697, 13591, 83075, 3518, 36091, 54737, 15044, 40220, 90907]"
120633,"[95926, 106598, 105575, 75849, 43265, 61704, 4157, 70699, 109766, 87767]"
120634,"[3580, 14152, 20796, 14617, 6646, 14668, 46036, 868, 90210, 104175]"
120635,"[39020, 55792, 23584, 69001, 52488, 8214, 60413, 45500, 75511, 102866]"
120636,"[13166, 26546, 33569, 20903, 24022, 84755, 13651, 31211, 78028, 76340]"
120637,"[31265, 34, 100362, 78006, 94064, 68536, 69794, 105287, 99826, 38425]"
120638,"[9820, 92006, 47556, 77006, 41395, 105414, 68197, 72545, 37084, 104000]"
120639,"[43765, 80284, 99987, 21607, 38690, 59045, 3570, 103804, 77429, 95460]"
120640,"[25611, 58476, 51732, 21514, 76148, 25334, 96849, 12076, 73606, 39247]"
120641,"[27623, 31405, 69959, 15913, 1539, 64684, 37510, 6956, 79932, 10286]"
120642,"[3824, 79973, 103543, 73133, 8242, 76562, 48923, 69142, 38165, 86712]"
120643,"[64567, 19131, 22695, 49357, 43967, 31635, 55502, 28196, 81993, 14833]"
120644,"[11607, 49015, 97947, 107984, 3070, 31213, 30626, 33039, 96451, 101427]"
120645,"[32178, 9226, 9287, 85792, 20471, 28539, 49593, 35961, 7923, 90264]"
120646,"[89652, 47003, 107722, 60962, 90212, 21871, 46669, 101113, 22794, 97874]"
120647,"[95397, 92676, 23543, 85496, 67153, 26907, 84631, 58181, 36766, 100096]"
120648,"[99404, 74879, 33184, 62101, 2496, 103139, 46634, 64478, 44298, 34012]"
120649,"[49049, 95389, 59945, 109302, 79571, 38565, 34374, 35034, 35616, 83508]"
120650,"[86968, 106602, 37933, 35804, 91281, 11201, 102950, 93479, 66940, 48652]"
120651,"[92304, 40431, 49768, 84320, 85352, 94307, 86276, 5577, 48094, 3953]"
120652,"[102169, 21093, 35654, 89424, 7150, 46861, 15191, 70388, 107371, 83080]"
120653,"[6256, 68643, 101495, 62650, 33079, 85869, 56645, 67686, 86245, 57023]"
120654,"[103315, 86192, 25801, 80468, 26012, 105222, 106993, 93097, 3566, 42176]"
120655,"[43334, 15964, 74615, 66910, 109203, 103341, 93869, 60854, 75988, 3748]"
120656,"[96895, 72845, 20884, 40267, 91197, 105515, 16681, 40699, 82080, 77185]"
120657,"[85867, 4748, 86361, 33064, 17389, 29728, 42351, 25452, 7110, 72514]"
120658,"[46370, 30776, 30754, 22964, 43883, 7232, 92941, 106728, 62663, 64069]"
120659,"[87212, 24476, 25707, 41126, 42835, 6237, 44388, 37572, 28824, 58620]"
120660,"[18720, 15792, 3756, 102600, 7049, 33330, 91640, 105710, 80719, 3132]"
120661,"[49269, 57574, 93955, 11058, 6429, 77423, 67736, 2389, 103919, 619]"
120662,"[66796, 102606, 51636, 102764, 31648, 34589, 107559, 94548, 84999, 53784]"
120663,"[35531, 109132, 87126, 107029, 22082, 44021, 76881, 6849, 31391, 47379]"
120664,"[78477, 59498, 12091, 13179, 22786, 7601, 10081, 89033, 91074, 7954]"
120665,"[2301, 87781, 57262, 50376, 19574, 62300, 97818, 3459, 34239, 69550]"
120666,"[53262, 101940, 51947, 7967, 65046, 17402, 98519, 72611, 98445, 51273]"
120667,"[77693, 83184, 92001, 107640, 52183, 106217, 24417, 95734, 33705, 79547]"
120668,"[94235, 69437, 70789, 50921, 48292, 67183, 14821, 12316, 89561, 45173]"
120669,"[108807, 22330, 32968, 67149, 82987, 68633, 108498, 65918, 64774, 55550]"
120670,"[32586, 62138, 92862, 104441, 17481, 95750, 107059, 55916, 46944, 108598]"
120671,"[56698, 64140, 40232, 49380, 56095, 72651, 69324, 71574, 107518, 78934]"
120672,"[27658, 63907, 54906, 38921, 96119, 44944, 62634, 52504, 86718, 95602]"
120673,"[15517, 61247, 105709, 97210, 83592, 49472, 51352, 20742, 26720, 98672]"
120674,"[66405, 41513, 102163, 62234, 50683, 19049, 56564, 12715, 62228, 58926]"
120675,"[53296, 73171, 43237, 94327, 62702, 103599, 17377, 36550, 91845, 17851]"
120676,"[83228, 18796, 69008, 91327, 106196, 94801, 46602, 63785, 30345, 82158]"
120677,"[30253, 50030, 53834, 27188, 57597, 103034, 92180, 59711, 1120, 102079]"
120678,"[62202, 46853, 91118, 78951, 34860, 64269, 1027, 10735, 12940, 56530]"
120679,"[105949, 12190, 28612, 94126, 94677, 108140, 2693, 43445, 40691, 77847]"
120680,"[102571, 52577, 33708, 60461, 89635, 440, 15282, 72416, 46695, 93468]"
120681,"[3531, 78324, 29084, 5757, 73036, 98597, 53606, 72983, 91262, 36780]"
120682,"[109310, 16635, 72625, 29135, 90094, 39798, 82919, 16689, 103972, 91980]"
120683,"[72449, 15830, 55185, 47431, 6261, 94461, 39371, 91955, 66494, 83591]"
120684,"[47022, 63672, 34312, 35360, 67370, 5850, 98482, 19176, 36057, 28147]"
120685,"[46766, 11715, 59335, 37626, 49353, 35734, 55842, 3515, 98714, 31409]"
120686,"[107610, 31216, 47530, 56584, 76291, 66038, 28000, 46783, 77871, 2359]"
120687,"[33650, 59010, 98685, 46125, 35214, 64927, 83528, 104548, 20350, 36554]"
120688,"[71185, 106618, 3904, 72733, 50002, 26135, 46433, 25382, 31323, 29658]"
120689,"[94244, 8175, 92094, 94753, 42147, 10123, 106901, 36217, 26013, 88576]"
120690,"[55216, 2824, 19829, 3569, 19007, 102141, 66428, 83841, 14703, 85851]"
120691,"[59920, 43299, 34620, 12330, 21135, 28502, 16614, 18254, 51236, 97092]"
120692,"[38879, 76301, 58553, 109617, 38877, 12269, 92918, 61236, 71801, 91905]"
120693,"[39261, 39795, 29099, 108100, 95995, 38908, 49538, 97698, 15934, 33578]"
120694,"[108986, 53212, 67627, 80197, 39313, 5858, 51316, 13406, 27262, 935]"
120695,"[933, 69084, 39924, 93679, 80164, 53791, 39058, 96858, 35080, 20148]"
120696,"[96567, 764, 31062, 78938, 35086, 14546, 6562, 61192, 95634, 47826]"
120697,"[103470, 35470, 72559, 41688, 97746, 99833, 107750, 62290, 67619, 68440]"
120698,"[39319, 45157, 59632, 62916, 91917, 96787, 87543, 78329, 109711, 10]"
120699,"[21204, 67398, 25082, 13028, 14491, 24987, 55849, 89337, 25631, 34915]"
120700,"[70689, 62814, 15456, 59955, 19925, 72505, 101604, 17269, 10525, 104015]"
120701,"[24256, 97785, 106626, 15385, 52078, 45283, 10799, 1717, 13899, 75561]"
120702,"[73994, 63692, 27366, 13339, 67741, 27699, 4057, 106723, 54055, 56457]"
120703,"[4705, 90446, 62203, 70507, 11620, 79767, 41339, 15850, 56498, 1939]"
120704,"[7364, 104738, 36935, 15359, 51989, 29169, 108188, 55868, 47998, 51571]"
120705,"[83112, 93228, 90511, 96009, 39498, 4055, 63628, 64841, 101904, 24423]"
120706,"[83303, 1519, 39276, 109112, 13924, 18828, 62135, 27625, 55325, 7449]"
120707,"[50363, 6373, 22428, 52774, 2327, 30261, 101704, 419, 9584, 109452]"
120708,"[5848, 82509, 9837, 105431, 16266, 77292, 13020, 62890, 63182, 53840]"
120709,"[41917, 54731, 27377, 45465, 69223, 85045, 80462, 18820, 17210, 48541]"
120710,"[106950, 27085, 38465, 31079, 109559, 74118, 100725, 100344, 12540, 88519]"
120711,"[41704, 84558, 23479, 5613, 101935, 93755, 7890, 37476, 12105, 64453]"
120712,"[56359, 66997, 16427, 83724, 45070, 52276, 104291, 70832, 62246, 6797]"
120713,"[95621, 77035, 17350, 26733, 28514, 68910, 70334, 41754, 66212, 21118]"
120714,"[77703, 25813, 9536, 61833, 3489, 97905, 13235, 26138, 109269, 83139]"
120715,"[65116, 94930, 59384, 9235, 16522, 43061, 33828, 106635, 8948, 73979]"
120716,"[84881, 84864, 7382, 107404, 45823, 86573, 52244, 22700, 5557, 96579]"
120717,"[2005, 31091, 73062, 82074, 67061, 61351, 25753, 50782, 90897, 28460]"
120718,"[100852, 84809, 14827, 1724, 103827, 99104, 36373, 105903, 14822, 44444]"
120719,"[39448, 57879, 83720, 105601, 32833, 15434, 42598, 71002, 70806, 74239]"
120720,"[71091, 7064, 98009, 95817, 101588, 72482, 27650, 28493, 45369, 89707]"
120721,"[9876, 43447, 59830, 37656, 103307, 77715, 63256, 65480, 106376, 89697]"
120722,"[107257, 102551, 57833, 94409, 102536, 81214, 31349, 67967, 10055, 30875]"
120723,"[95587, 15997, 21680, 86138, 96872, 62304, 107258, 3550, 16544, 36751]"
120724,"[24825, 101851, 9245, 15855, 57864, 92878, 11765, 29500, 82961, 100381]"
120725,"[44658, 83786, 68884, 74072, 41522, 97945, 82005, 1436, 71959, 3090]"
120726,"[104101, 93644, 97460, 80672, 31606, 92093, 61499, 71382, 88344, 93307]"
120727,"[94439, 44049, 49080, 9104, 27055, 72252, 14288, 5620, 30444, 45600]"
120728,"[101579, 13368, 86996, 94430, 33821, 18288, 87759, 9699, 38658, 59066]"
120729,"[65205, 63890, 49974, 24814, 9406, 29773, 10894, 60309, 23999, 100407]"
120730,"[104901, 89730, 55841, 9457, 99547, 30144, 91353, 103123, 21224, 15334]"
120731,"[20018, 21806, 90226, 79550, 107595, 86890, 21537, 25240, 21210, 98726]"
120732,"[5826, 9327, 67453, 62887, 47964, 45523, 12342, 69979, 74110, 97756]"
120733,"[28520, 49610, 41212, 81066, 50465, 82138, 108923, 53995, 56740, 17808]"
120734,"[76241, 90885, 74847, 960, 37773, 80828, 91345, 21613, 45457, 84479]"
120735,"[98860, 101788, 65281, 93411, 45816, 18655, 44691, 75616, 8988, 12035]"
120736,"[107628, 29297, 57236, 93720, 57962, 98494, 99409, 37919, 101347, 107972]"
120737,"[24133, 55791, 42177, 67244, 11580, 25650, 56120, 101442, 86697, 55368]"
120738,"[23560, 34921, 55468, 57013, 55379, 83816, 48629, 11942, 44590, 8861]"
120739,"[84481, 56511, 66941, 46182, 102062, 94803, 7716, 78922, 32914, 9503]"
120740,"[72918, 92347, 45092, 50903, 30104, 45251, 25051, 83577, 96937, 36947]"
120741,"[67510, 34836, 92157, 65166, 92570, 51356, 69889, 24688, 6739, 32510]"
120742,"[25768, 21462, 52124, 73491, 92386, 101760, 79357, 20864, 34243, 28452]"
120743,"[7298, 2386, 108275, 68830, 69393, 81874, 50154, 97817, 72990, 18519]"
120744,"[18333, 12904, 90134, 112, 39805, 23465, 101001, 72564, 92249, 35036]"
120745,"[28131, 63702, 71763, 58224, 44876, 25606, 28066, 81027, 1632, 69767]"
120746,"[62880, 101442, 19849, 7831, 56120, 55791, 24133, 34139, 58032, 94187]"
120747,"[49538, 39795, 38908, 44003, 95995, 67847, 88051, 29099, 108100, 39261]"
120748,"[19047, 106269, 18338, 26476, 14056, 87652, 24319, 68912, 69456, 44198]"
120749,"[47427, 109049, 8182, 27858, 53867, 41414, 21409, 83317, 6057, 105271]"
120750,"[5913, 32348, 101291, 80754, 106157, 10896, 73602, 107261, 81820, 101563]"
120751,"[61385, 47372, 55704, 20635, 25934, 32458, 10741, 22930, 100129, 103060]"
120752,"[64321, 36729, 41837, 1292, 58170, 35715, 29630, 94981, 70263, 90047]"
